{
"type": "FeatureCollection",
"name": "ua_segments_ra",
"crs": { "type": "name", "properties": { "name": "urn:ogc:def:crs:OGC:1.3:CRS84" } },
"features": [
{ "type": "Feature", "properties": { "id": "SEG-0000", "rodovia": "SP 055", "km_ini": 259.5, "km_fim": 268.045, "ra_geo_max": null, "ra_hid_max": null, "ra": null, "dist_geo": null, "dist_hid": null, "regiao": null, "uba": null, "desc": "SEM_DADO", "source": "SEM_DADO" }, "geometry": { "type": "LineString", "coordinates": [ [ -46.366716514177043, -23.857476334488886, 0.0 ], [ -46.366860557878752, -23.857454231518147, 0.0 ], [ -46.367115382991898, -23.857400230131748, 0.0 ], [ -46.367364883468582, -23.857348810285128, 0.0 ], [ -46.367606196679795, -23.857255091018001, 0.0 ], [ -46.367817865183362, -23.857172883342599, 0.0 ], [ -46.36807114084273, -23.857035193352555, 0.0 ], [ -46.368337728963077, -23.856891470949488, 0.0 ], [ -46.368678100797446, -23.856660653122248, 0.0 ], [ -46.369017013311989, -23.856340093703164, 0.0 ], [ -46.369258213477615, -23.856037206088459, 0.0 ], [ -46.36936470042037, -23.855866403542667, 0.0 ], [ -46.369484279132436, -23.855593186648591, 0.0 ], [ -46.369590285941882, -23.855310712560836, 0.0 ], [ -46.369670450899328, -23.854868091692762, 0.0 ], [ -46.369706494283029, -23.854376064030504, 0.0 ], [ -46.369708466366191, -23.853983274022625, 0.0 ], [ -46.369715701768946, -23.853620790330023, 0.0 ], [ -46.369707671425907, -23.853238242148528, 0.0 ], [ -46.369705057056386, -23.85256396913638, 0.0 ], [ -46.369722176442544, -23.852323224506257, 0.0 ], [ -46.36974608739613, -23.852027105605263, 0.0 ], [ -46.369889558671311, -23.851439423815915, 0.0 ], [ -46.370041848082664, -23.850998251202416, 0.0 ], [ -46.37024612925088, -23.850618539240262, 0.0 ], [ -46.370413950273779, -23.850310213806136, 0.0 ], [ -46.37059708390511, -23.850035822820875, 0.0 ], [ -46.371017291890269, -23.849569139178943, 0.0 ], [ -46.371238282689369, -23.849365671967437, 0.0 ], [ -46.371462602410382, -23.849155223986514, 0.0 ], [ -46.371933111753144, -23.848832708376733, 0.0 ], [ -46.37232956162773, -23.848609598873512, 0.0 ], [ -46.372692053371978, -23.848462836582147, 0.0 ], [ -46.373016866087497, -23.848319220044683, 0.0 ], [ -46.373351946069548, -23.848219762088245, 0.0 ], [ -46.373696993325048, -23.848150858888662, 0.0 ], [ -46.373991525695146, -23.848100930815537, 0.0 ], [ -46.374315040470321, -23.848078193756571, 0.0 ], [ -46.37498743031685, -23.848081201033114, 0.0 ], [ -46.3753012612002, -23.84810307628193, 0.0 ], [ -46.375761425219245, -23.848155759006858, 0.0 ], [ -46.376470354788488, -23.848257172912387, 0.0 ], [ -46.378101803007112, -23.848495296395971, 0.0 ], [ -46.379562118221124, -23.848727866944017, 0.0 ], [ -46.380187259344623, -23.848829418692137, 0.0 ], [ -46.381808491899577, -23.849017623816668, 0.0 ], [ -46.382810489691813, -23.849174191780527, 0.0 ], [ -46.383630760542204, -23.849261720262152, 0.0 ], [ -46.385175261495696, -23.849470697396924, 0.0 ], [ -46.385576865187645, -23.849479675815115, 0.0 ], [ -46.386367066159011, -23.84942535185543, 0.0 ], [ -46.38678234652604, -23.849334908175251, 0.0 ], [ -46.387428375913238, -23.84918627884726, 0.0 ], [ -46.387722691446143, -23.849082757494816, 0.0 ], [ -46.388923373197365, -23.848666953781549, 0.0 ], [ -46.390920365840088, -23.847901616602137, 0.0 ], [ -46.39140565284719, -23.847728081573656, 0.0 ], [ -46.393627819364163, -23.846933407858298, 0.0 ], [ -46.393974979834752, -23.846828057842863, 0.0 ], [ -46.394264699576979, -23.846780007139156, 0.0 ], [ -46.394601043548896, -23.846742175786034, 0.0 ], [ -46.394948633667632, -23.846706196619611, 0.0 ], [ -46.39563857389583, -23.846676280454087, 0.0 ], [ -46.396109153720055, -23.846685813028159, 0.0 ], [ -46.396572540447835, -23.846731654834091, 0.0 ], [ -46.397510521049874, -23.846815483911062, 0.0 ], [ -46.398816841517764, -23.847146055479236, 0.0 ], [ -46.399443340756243, -23.847373154226197, 0.0 ], [ -46.400073006038291, -23.84764217838832, 0.0 ], [ -46.401433020953512, -23.848405642453514, 0.0 ], [ -46.402388269922021, -23.849099496776951, 0.0 ], [ -46.403530964189891, -23.85020837204674, 0.0 ], [ -46.404550547513352, -23.851200177668996, 0.0 ], [ -46.405913591736251, -23.852520834465253, 0.0 ], [ -46.407620972663857, -23.85417500478486, 0.0 ], [ -46.408689095404611, -23.8552506611464, 0.0 ], [ -46.409071314225677, -23.855670878853857, 0.0 ], [ -46.409889417951213, -23.856559751706538, 0.0 ], [ -46.410333334697725, -23.857130429018053, 0.0 ], [ -46.410936558688256, -23.857868563088779, 0.0 ], [ -46.411516057045738, -23.858586855740363, 0.0 ], [ -46.412051712556618, -23.859230668209115, 0.0 ], [ -46.412876220231759, -23.860290894337091, 0.0 ], [ -46.414142461824056, -23.861881017926599, 0.0 ], [ -46.414849917957838, -23.862798167755866, 0.0 ], [ -46.415743247009765, -23.863979031831221, 0.0 ], [ -46.416181535998582, -23.864530014347324, 0.0 ], [ -46.416772343908619, -23.865284648832894, 0.0 ], [ -46.417301050492647, -23.865973314808578, 0.0 ], [ -46.418347880676862, -23.867263118911975, 0.0 ], [ -46.419030842813868, -23.868104573705825, 0.0 ], [ -46.419777033774821, -23.868970007722641, 0.0 ], [ -46.420439098318454, -23.869748820634154, 0.0 ], [ -46.42072789820395, -23.870087615865131, 0.0 ], [ -46.421398290686952, -23.8709131032643, 0.0 ], [ -46.421800592961389, -23.871389499727606, 0.0 ], [ -46.422814612638142, -23.872633517819818, 0.0 ], [ -46.423338925569929, -23.873279676654089, 0.0 ], [ -46.423559801652168, -23.873591021353906, 0.0 ], [ -46.423772007776243, -23.873915091445241, 0.0 ], [ -46.424248352142001, -23.874940938057474, 0.0 ], [ -46.424772490269149, -23.876201872042682, 0.0 ], [ -46.425062587792716, -23.876819191878244, 0.0 ] ] } },
{ "type": "Feature", "properties": { "id": "SEG-0001", "rodovia": "SP 055", "km_ini": 268.045, "km_fim": 270.7, "ra_geo_max": null, "ra_hid_max": null, "ra": null, "dist_geo": null, "dist_hid": null, "regiao": null, "uba": null, "desc": "SEM_DADO", "source": "SEM_DADO" }, "geometry": { "type": "LineString", "coordinates": [ [ -46.425062587792716, -23.876819191878244, 0.0 ], [ -46.425498643028476, -23.877768238101691, 0.0 ], [ -46.426523710932663, -23.880029268296141, 0.0 ], [ -46.427894641851786, -23.883130208331966, 0.0 ], [ -46.428271117553173, -23.883992401134837, 0.0 ], [ -46.428593491916644, -23.88457291010673, 0.0 ], [ -46.428856319326492, -23.884970444178965, 0.0 ], [ -46.429261755227323, -23.885374096747956, 0.0 ], [ -46.429567636890866, -23.885612511269429, 0.0 ], [ -46.430054629950106, -23.885924969628878, 0.0 ], [ -46.43044770702074, -23.886089259065717, 0.0 ], [ -46.430904352862299, -23.886244699696299, 0.0 ], [ -46.431282176883755, -23.886340465292616, 0.0 ], [ -46.432657628365021, -23.886592343316028, 0.0 ], [ -46.433250488255133, -23.886711493274635, 0.0 ], [ -46.433860419259261, -23.886832147519467, 0.0 ], [ -46.434618165221636, -23.88697584613772, 0.0 ], [ -46.434915638188443, -23.887037619111968, 0.0 ], [ -46.435844261823547, -23.887207521670234, 0.0 ], [ -46.436181775217349, -23.887228297528811, 0.0 ], [ -46.437321070745199, -23.887481087872953, 0.0 ], [ -46.437537825586794, -23.887530719323234, 0.0 ], [ -46.438099027729642, -23.887589181056736, 0.0 ], [ -46.439039967659085, -23.887788723606342, 0.0 ], [ -46.43947643811687, -23.887887334775655, 0.0 ], [ -46.439660703987414, -23.887954306779523, 0.0 ], [ -46.439992712522766, -23.888202373943322, 0.0 ], [ -46.440167833504965, -23.888364072204791, 0.0 ] ] } },
{ "type": "Feature", "properties": { "id": "SEG-0002", "rodovia": "SP 055", "km_ini": 270.7, "km_fim": 274.3, "ra_geo_max": null, "ra_hid_max": null, "ra": null, "dist_geo": null, "dist_hid": null, "regiao": null, "uba": null, "desc": "SEM_DADO", "source": "SEM_DADO" }, "geometry": { "type": "LineString", "coordinates": [ [ -46.440167833504965, -23.888364072204791, 0.0 ], [ -46.440893964825221, -23.889150378663672, 0.0 ], [ -46.441224927278043, -23.889506760381579, 0.0 ], [ -46.441506671399942, -23.889833748480154, 0.0 ], [ -46.441614682756878, -23.890103623285611, 0.0 ], [ -46.441660003777862, -23.890291432216081, 0.0 ], [ -46.441668694470827, -23.890439520576642, 0.0 ], [ -46.441657356021615, -23.890733640165916, 0.0 ], [ -46.441608858096878, -23.890965303120318, 0.0 ], [ -46.441538643892834, -23.891168925011264, 0.0 ], [ -46.44134105627883, -23.891516191321198, 0.0 ], [ -46.441222745329249, -23.891655027999452, 0.0 ], [ -46.44108300752697, -23.8917739949643, 0.0 ], [ -46.440778896960715, -23.891963675342566, 0.0 ], [ -46.440253287730066, -23.892189744388979, 0.0 ], [ -46.439218415868453, -23.892442438425206, 0.0 ], [ -46.438822809407164, -23.892549168482123, 0.0 ], [ -46.438214316123116, -23.892678029428978, 0.0 ], [ -46.436512366319242, -23.893119127862967, 0.0 ], [ -46.436074557101435, -23.893284546475741, 0.0 ], [ -46.435803208392009, -23.893447028774784, 0.0 ], [ -46.435566718392458, -23.893591700794268, 0.0 ], [ -46.435259934179797, -23.893899628662162, 0.0 ], [ -46.43502659025269, -23.894188838869045, 0.0 ], [ -46.434848074680502, -23.894465683952713, 0.0 ], [ -46.43476917938878, -23.894607839992755, 0.0 ], [ -46.434647037089491, -23.894942389699263, 0.0 ], [ -46.434599484733944, -23.895256583388136, 0.0 ], [ -46.434592483253319, -23.895469015071374, 0.0 ], [ -46.434591855537761, -23.895668464001037, 0.0 ], [ -46.434597990471261, -23.895884284237738, 0.0 ], [ -46.434641575773298, -23.896145422804803, 0.0 ], [ -46.434706297871983, -23.896339799254044, 0.0 ], [ -46.434965130779396, -23.896847485716481, 0.0 ], [ -46.435253784873211, -23.897213275925523, 0.0 ], [ -46.435502487228156, -23.897473648366219, 0.0 ], [ -46.435844159118652, -23.897740449068628, 0.0 ], [ -46.436242428324952, -23.897952109980046, 0.0 ], [ -46.43658960171755, -23.898072151704998, 0.0 ], [ -46.437255992039816, -23.898212186832485, 0.0 ], [ -46.437691514321003, -23.89825696262502, 0.0 ], [ -46.438146225505598, -23.898197781556085, 0.0 ], [ -46.44077391589898, -23.897570179056768, 0.0 ], [ -46.441786746243501, -23.897410419775877, 0.0 ], [ -46.442404493656497, -23.897463558101794, 0.0 ], [ -46.443177525861039, -23.897520181132112, 0.0 ], [ -46.443927494827356, -23.897580198667111, 0.0 ], [ -46.445775600212855, -23.897750237223601, 0.0 ], [ -46.447239795239277, -23.897940129966411, 0.0 ], [ -46.448825383337876, -23.898106687047079, 0.0 ], [ -46.449848953273481, -23.898424138272723, 0.0 ], [ -46.450923169092498, -23.898945091147066, 0.0 ], [ -46.451871929180122, -23.899308888317332, 0.0 ], [ -46.452899965390714, -23.899767564183865, 0.0 ], [ -46.453984579867068, -23.900538985150497, 0.0 ], [ -46.455084757194591, -23.901290801749639, 0.0 ], [ -46.456005633312088, -23.901756877503768, 0.0 ], [ -46.456865228784132, -23.902103612050272, 0.0 ] ] } },
{ "type": "Feature", "properties": { "id": "SEG-0003", "rodovia": "SP 055", "km_ini": 274.3, "km_fim": 275.7, "ra_geo_max": null, "ra_hid_max": null, "ra": null, "dist_geo": null, "dist_hid": null, "regiao": null, "uba": null, "desc": "SEM_DADO", "source": "SEM_DADO" }, "geometry": { "type": "LineString", "coordinates": [ [ -46.456865228784132, -23.902103612050272, 0.0 ], [ -46.457085021518573, -23.90220768579108, 0.0 ], [ -46.457279080904634, -23.902299741881329, 0.0 ], [ -46.458231364130967, -23.90263365487624, 0.0 ], [ -46.459099944138849, -23.90288303978922, 0.0 ], [ -46.460036576555709, -23.903241942850293, 0.0 ], [ -46.460398202389207, -23.90343694006561, 0.0 ], [ -46.460727722076527, -23.903671851188648, 0.0 ], [ -46.460999319013446, -23.903932547839418, 0.0 ], [ -46.46152799264933, -23.90451474762607, 0.0 ], [ -46.461922735369328, -23.905136202487814, 0.0 ], [ -46.462120076772329, -23.905469382580311, 0.0 ], [ -46.462213781765357, -23.905677941789047, 0.0 ], [ -46.462375523071252, -23.906294044340044, 0.0 ], [ -46.462402768723955, -23.906525667269989, 0.0 ], [ -46.462581946948553, -23.908102184293995, 0.0 ], [ -46.462604951419408, -23.908668012101959, 0.0 ], [ -46.462471430514512, -23.90928716586204, 0.0 ], [ -46.462324405086903, -23.909696045992906, 0.0 ], [ -46.46201284834337, -23.910254480969819, 0.0 ], [ -46.46181247704731, -23.910500480724863, 0.0 ], [ -46.461036781672377, -23.911294862294316, 0.0 ], [ -46.461033507802853, -23.911298212514346, 0.0 ], [ -46.460696412784252, -23.911649411089428, 0.0 ], [ -46.460455247715643, -23.911882481146367, 0.0 ], [ -46.460414490739808, -23.911921870468799, 0.0 ] ] } },
{ "type": "Feature", "properties": { "id": "SEG-0004", "rodovia": "SP 055", "km_ini": 248.1, "km_fim": 259.5, "ra_geo_max": null, "ra_hid_max": null, "ra": null, "dist_geo": null, "dist_hid": null, "regiao": null, "uba": null, "desc": "SEM_DADO", "source": "SEM_DADO" }, "geometry": { "type": "LineString", "coordinates": [ [ -46.289257226619924, -23.915468632575784, 0.0 ], [ -46.289690948637762, -23.914740580633211, 0.0 ], [ -46.290183115631415, -23.913998917062127, 0.0 ], [ -46.291476055469559, -23.911918033983003, 0.0 ], [ -46.292009930900193, -23.911145350895424, 0.0 ], [ -46.294119275432067, -23.907859627867186, 0.0 ], [ -46.294943300296659, -23.906577086023294, 0.0 ], [ -46.295713178194461, -23.905383976777813, 0.0 ], [ -46.297000976006281, -23.903464496020135, 0.0 ], [ -46.2979859485174, -23.901939048634613, 0.0 ], [ -46.299086668814617, -23.900181687892374, 0.0 ], [ -46.301919760420134, -23.895740708689623, 0.0 ], [ -46.302877561513178, -23.894230441033251, 0.0 ], [ -46.304034708128931, -23.892482061055574, 0.0 ], [ -46.304419183471779, -23.891948309293813, 0.0 ], [ -46.305040322515673, -23.891209203812814, 0.0 ], [ -46.305719571384955, -23.890513562170685, 0.0 ], [ -46.306559733710536, -23.889757642295415, 0.0 ], [ -46.306983167911369, -23.889420104331872, 0.0 ], [ -46.30751385991563, -23.889040722961479, 0.0 ], [ -46.307839184766138, -23.88883147608685, 0.0 ], [ -46.311367399981094, -23.886705232461193, 0.0 ], [ -46.312554217666651, -23.885986763737975, 0.0 ], [ -46.315328689916413, -23.884371148821693, 0.0 ], [ -46.317707337695111, -23.882932665167637, 0.0 ], [ -46.318943069496925, -23.882166124736703, 0.0 ], [ -46.319292053501719, -23.881918263703543, 0.0 ], [ -46.319492614026359, -23.881744386105513, 0.0 ], [ -46.320106593704757, -23.881229222775307, 0.0 ], [ -46.320935294508551, -23.880413936266848, 0.0 ], [ -46.321458441154739, -23.879850369647169, 0.0 ], [ -46.321677512755954, -23.879585346986246, 0.0 ], [ -46.321810271123539, -23.879293575482674, 0.0 ], [ -46.322067163704624, -23.8784406181782, 0.0 ], [ -46.322556160375228, -23.876647767422753, 0.0 ], [ -46.322678934326227, -23.876358263614097, 0.0 ], [ -46.322961928929111, -23.875966125419481, 0.0 ], [ -46.323199293986399, -23.875772570259606, 0.0 ], [ -46.323585054960027, -23.875651959878898, 0.0 ], [ -46.323924805222589, -23.875668789619986, 0.0 ], [ -46.324274491132513, -23.875839518245847, 0.0 ], [ -46.324831550361132, -23.876311654603047, 0.0 ], [ -46.324969805903841, -23.876395125174483, 0.0 ], [ -46.325343637799577, -23.876580554552394, 0.0 ], [ -46.325820605811678, -23.876704689333668, 0.0 ], [ -46.326238638604998, -23.876789998402383, 0.0 ], [ -46.327611095253104, -23.876851947725825, 0.0 ], [ -46.330226419989224, -23.876785644517135, 0.0 ], [ -46.331046662486841, -23.876683979194013, 0.0 ], [ -46.331357772545807, -23.876592796223346, 0.0 ], [ -46.331620598765369, -23.876387858961341, 0.0 ], [ -46.33170165421032, -23.876270177013108, 0.0 ], [ -46.331813444791258, -23.876050343246607, 0.0 ], [ -46.331852000241298, -23.875871964527349, 0.0 ], [ -46.331853957683215, -23.875719800881768, 0.0 ], [ -46.331811831698751, -23.875327606653045, 0.0 ], [ -46.331714954425536, -23.874212532252564, 0.0 ], [ -46.331677929917568, -23.87378368777031, 0.0 ], [ -46.331656063278828, -23.873633513183979, 0.0 ], [ -46.331770861496686, -23.872352315149708, 0.0 ], [ -46.331817205554117, -23.87189045100552, 0.0 ], [ -46.331859241237808, -23.871694124016106, 0.0 ], [ -46.331922726416032, -23.871428328186592, 0.0 ], [ -46.332037399167433, -23.871187608923815, 0.0 ], [ -46.33216950811947, -23.871013858036783, 0.0 ], [ -46.332363968500616, -23.870843191137268, 0.0 ], [ -46.332521090593509, -23.870747292320402, 0.0 ], [ -46.332769677253076, -23.870663438287725, 0.0 ], [ -46.332995017527217, -23.870638526693988, 0.0 ], [ -46.333241287572243, -23.870649210869626, 0.0 ], [ -46.333535067498239, -23.870719330718664, 0.0 ], [ -46.333799042690494, -23.870848078603345, 0.0 ], [ -46.333926835569486, -23.870941533558042, 0.0 ], [ -46.33519507488591, -23.872179161512417, 0.0 ], [ -46.335455406359671, -23.872369320183111, 0.0 ], [ -46.335765072888968, -23.872560419930238, 0.0 ], [ -46.336220944417704, -23.872728703511616, 0.0 ], [ -46.337910955869084, -23.873167642701244, 0.0 ], [ -46.339581595946328, -23.873733657141493, 0.0 ], [ -46.339798220571396, -23.873807044605822, 0.0 ], [ -46.340165429475199, -23.873888298512185, 0.0 ], [ -46.340452035484375, -23.873912984411835, 0.0 ], [ -46.340687353206143, -23.87391409821689, 0.0 ], [ -46.341111511784206, -23.873867459334534, 0.0 ], [ -46.341246450870194, -23.873812527462491, 0.0 ], [ -46.341694560638182, -23.873694950922228, 0.0 ], [ -46.341971263411509, -23.873580918787848, 0.0 ], [ -46.342216878496103, -23.873463850061629, 0.0 ], [ -46.34261138888241, -23.873194876572892, 0.0 ], [ -46.342858900695767, -23.873017807258535, 0.0 ], [ -46.343207858698982, -23.872712019544359, 0.0 ], [ -46.343587006522533, -23.872313077024994, 0.0 ], [ -46.343821554653914, -23.872021172051785, 0.0 ], [ -46.344133188940113, -23.871539268074237, 0.0 ], [ -46.344249779508509, -23.871304114329398, 0.0 ], [ -46.344662332383422, -23.870301856495253, 0.0 ], [ -46.344935521393701, -23.869523566779883, 0.0 ], [ -46.345162181592485, -23.868891714314959, 0.0 ], [ -46.345629983179322, -23.867410881028881, 0.0 ], [ -46.346368685168216, -23.8648355309208, 0.0 ], [ -46.346753080044898, -23.863866800504969, 0.0 ], [ -46.347038966260897, -23.863401320563277, 0.0 ], [ -46.347262845032986, -23.863122403823201, 0.0 ], [ -46.347610456225453, -23.862772116903894, 0.0 ], [ -46.348928501621948, -23.861591006302035, 0.0 ], [ -46.349938564832534, -23.860736382577688, 0.0 ], [ -46.352089188089543, -23.858767616521458, 0.0 ], [ -46.352422241473036, -23.858479041896899, 0.0 ], [ -46.352812943450523, -23.858193651026177, 0.0 ], [ -46.353430683245442, -23.857818124546164, 0.0 ], [ -46.353780833984523, -23.857640337897276, 0.0 ], [ -46.354630317413928, -23.857298016897051, 0.0 ], [ -46.355398668160149, -23.857088437303975, 0.0 ], [ -46.35602764287195, -23.856984875086169, 0.0 ], [ -46.356571094856079, -23.856924274087021, 0.0 ], [ -46.356905912080791, -23.856912233149124, 0.0 ], [ -46.357367937508506, -23.856919986667865, 0.0 ], [ -46.359755996093035, -23.857088781137882, 0.0 ], [ -46.364621580819957, -23.857444194368583, 0.0 ], [ -46.364623440727094, -23.857444330847208, 0.0 ], [ -46.365280518868886, -23.857493977563074, 0.0 ], [ -46.366098534881239, -23.857534791438464, 0.0 ], [ -46.366426255908081, -23.857520872875785, 0.0 ], [ -46.366716514177043, -23.857476334488886, 0.0 ] ] } },
{ "type": "Feature", "properties": { "id": "SEG-0005", "rodovia": "SP 055", "km_ini": 275.7, "km_fim": 286.72, "ra_geo_max": null, "ra_hid_max": null, "ra": null, "dist_geo": null, "dist_hid": null, "regiao": null, "uba": null, "desc": "SEM_DADO", "source": "SEM_DADO" }, "geometry": { "type": "LineString", "coordinates": [ [ -46.460414490739808, -23.911921870468799, 0.0 ], [ -46.458568641569592, -23.913705709176327, 0.0 ], [ -46.458310020838965, -23.914055007099009, 0.0 ], [ -46.458099274787102, -23.914622642369785, 0.0 ], [ -46.457991618828267, -23.915025068756773, 0.0 ], [ -46.457971151319391, -23.915375956907869, 0.0 ], [ -46.457974141980166, -23.915672938161087, 0.0 ], [ -46.458161533685384, -23.916548423670811, 0.0 ], [ -46.45907861034884, -23.919327779972242, 0.0 ], [ -46.459360483153098, -23.92026269962399, 0.0 ], [ -46.459554622341024, -23.920927071774223, 0.0 ], [ -46.459675206550848, -23.92125695636642, 0.0 ], [ -46.460014899345545, -23.922912339820567, 0.0 ], [ -46.460276874945833, -23.92511962111206, 0.0 ], [ -46.46042962589113, -23.927764828733608, 0.0 ], [ -46.460474501228738, -23.928741157636043, 0.0 ], [ -46.460587886534938, -23.929054240067821, 0.0 ], [ -46.460832412566404, -23.929483854932027, 0.0 ], [ -46.461064577866587, -23.929829899221605, 0.0 ], [ -46.46131632890291, -23.930085152293813, 0.0 ], [ -46.462585434147407, -23.93087102731679, 0.0 ], [ -46.463583492020625, -23.931416045505344, 0.0 ], [ -46.464569185089324, -23.932253704822195, 0.0 ], [ -46.464662209641197, -23.93242557514478, 0.0 ], [ -46.464800695883888, -23.93261115953586, 0.0 ], [ -46.46506510182342, -23.933103246755262, 0.0 ], [ -46.465140940393319, -23.933471642814084, 0.0 ], [ -46.46514061601561, -23.933811992627071, 0.0 ], [ -46.465121775931422, -23.933985421493556, 0.0 ], [ -46.464974399067835, -23.934736229442333, 0.0 ], [ -46.464789510908339, -23.935407177397277, 0.0 ], [ -46.464445143609964, -23.936563458270964, 0.0 ], [ -46.464032688872329, -23.938021686161793, 0.0 ], [ -46.46375501957143, -23.938955082149835, 0.0 ], [ -46.463455204788403, -23.939921077465851, 0.0 ], [ -46.463164136639264, -23.940993202294937, 0.0 ], [ -46.462962963776491, -23.942014164055298, 0.0 ], [ -46.462923725917385, -23.942435403540653, 0.0 ], [ -46.462969043285739, -23.943251810911079, 0.0 ], [ -46.463149341946291, -23.943925066526806, 0.0 ], [ -46.463414514884967, -23.944615260901667, 0.0 ], [ -46.463760093183566, -23.945481406595878, 0.0 ], [ -46.464247244830361, -23.946824852966675, 0.0 ], [ -46.465528225573898, -23.950186524780317, 0.0 ], [ -46.466230388848778, -23.952033716106254, 0.0 ], [ -46.466616084505418, -23.952983855718042, 0.0 ], [ -46.467129730837783, -23.954354341480531, 0.0 ], [ -46.46735089773248, -23.954940043057466, 0.0 ], [ -46.467805156411913, -23.956112020678848, 0.0 ], [ -46.467912347347244, -23.956438215661876, 0.0 ], [ -46.468046956617101, -23.956753162303684, 0.0 ], [ -46.469106011334674, -23.959573484005762, 0.0 ], [ -46.469535378723869, -23.960651972256212, 0.0 ], [ -46.469835688739956, -23.961476725489597, 0.0 ], [ -46.470604349238883, -23.963437126393284, 0.0 ], [ -46.472112153472835, -23.967332527729916, 0.0 ], [ -46.472208100932797, -23.967528842892719, 0.0 ], [ -46.472427933632311, -23.96793811278437, 0.0 ], [ -46.472655950409788, -23.968280215445201, 0.0 ], [ -46.472837621864464, -23.968540007029535, 0.0 ], [ -46.473194981734402, -23.968956051625547, 0.0 ], [ -46.473758718811204, -23.969466378375841, 0.0 ], [ -46.474757654873919, -23.970364314827489, 0.0 ], [ -46.478276895594725, -23.973443112990143, 0.0 ], [ -46.480802858467456, -23.975645901398341, 0.0 ], [ -46.487902210362506, -23.981830100244522, 0.0 ], [ -46.490298711469251, -23.983924137451744, 0.0 ], [ -46.491535050742655, -23.984986425872609, 0.0 ], [ -46.492238946208076, -23.985629000833189, 0.0 ], [ -46.492586205361199, -23.98601461210469, 0.0 ], [ -46.492709293668149, -23.986164478320273, 0.0 ], [ -46.493021015253468, -23.98660468927697, 0.0 ], [ -46.493265859938646, -23.987035472562805, 0.0 ], [ -46.493515815443139, -23.987586882281779, 0.0 ], [ -46.493881401340552, -23.988687029627346, 0.0 ], [ -46.494694749332375, -23.991114135427249, 0.0 ], [ -46.495059896108664, -23.992280745281793, 0.0 ], [ -46.495456689411618, -23.993429576474295, 0.0 ], [ -46.495865871038653, -23.994601973312285, 0.0 ], [ -46.49621121426356, -23.99575109547208, 0.0 ], [ -46.496560255803473, -23.996829820274865, 0.0 ] ] } },
{ "type": "Feature", "properties": { "id": "SEG-0006", "rodovia": "SP 098", "km_ini": 82.4, "km_fim": 98.1, "ra_geo_max": 4.0, "ra_hid_max": 3.0, "ra": 4.0, "dist_geo": { "0": 1, "1": 53, "2": 5, "3": 6, "4": 16 }, "dist_hid": { "0": 60, "1": 59, "2": 5, "3": 2, "4": 0 }, "regiao": 1.0, "uba": "UBA 10.04-MCZ", "desc": "Mogi-Bertioga: predominancia RAGEO1 (53/81)", "source": "regea2021" }, "geometry": { "type": "LineString", "coordinates": [ [ -46.037508237011622, -23.721393939453037, 0.0 ], [ -46.037002763763731, -23.722079291154952, 0.0 ], [ -46.037312518046434, -23.723182291426557, 0.0 ], [ -46.036572384722668, -23.724379641602923, 0.0 ], [ -46.036923694119658, -23.726393435516901, 0.0 ], [ -46.036445847077829, -23.727075850954058, 0.0 ], [ -46.036288042039082, -23.731375203810554, 0.0 ], [ -46.035815083758891, -23.73196098657667, 0.0 ], [ -46.035746042430809, -23.732672369613926, 0.0 ], [ -46.036110613085008, -23.733633762274504, 0.0 ], [ -46.037527731879429, -23.734796076647079, 0.0 ], [ -46.038868772346596, -23.737315258959466, 0.0 ], [ -46.038774912542642, -23.738384181741413, 0.0 ], [ -46.038419798697632, -23.739259449366152, 0.0 ], [ -46.03841294134736, -23.740110360705618, 0.0 ], [ -46.039190919748108, -23.740721529339737, 0.0 ], [ -46.042082114430315, -23.741716087380684, 0.0 ], [ -46.042910505264459, -23.742306497698326, 0.0 ], [ -46.043942809711908, -23.744060888731283, 0.0 ], [ -46.044585100306058, -23.74477095570721, 0.0 ], [ -46.046274319535527, -23.745373940132119, 0.0 ], [ -46.046917097828022, -23.74578711212871, 0.0 ], [ -46.046947632806038, -23.746541273299883, 0.0 ], [ -46.046647129276451, -23.748114550038103, 0.0 ], [ -46.046060908458522, -23.74868829638104, 0.0 ], [ -46.044304499128266, -23.749280284713375, 0.0 ], [ -46.043603068614118, -23.749729724250589, 0.0 ], [ -46.042905957630424, -23.750959786328249, 0.0 ], [ -46.042370931348493, -23.751483206093326, 0.0 ], [ -46.041432644998729, -23.751387697271429, 0.0 ], [ -46.040685822318594, -23.750828349263998, 0.0 ], [ -46.040305935200102, -23.74916918527974, 0.0 ], [ -46.039491699807122, -23.748812701807896, 0.0 ], [ -46.03877910678618, -23.749251669625551, 0.0 ], [ -46.03881113036978, -23.750109065128328, 0.0 ], [ -46.039659669931424, -23.753421170502371, 0.0 ], [ -46.03969622177766, -23.754397196059255, 0.0 ], [ -46.036520899058246, -23.764392504729731, 0.0 ], [ -46.036611321839608, -23.765643079395563, 0.0 ], [ -46.037321645465084, -23.766719066303697, 0.0 ], [ -46.048560240844267, -23.774844993143027, 0.0 ], [ -46.049600833877733, -23.775840960264052, 0.0 ], [ -46.051021178323694, -23.776652705679428, 0.0 ], [ -46.05327807338923, -23.778552231763658, 0.0 ], [ -46.054690900463171, -23.779359085745725, 0.0 ], [ -46.056732734492833, -23.781113039718367, 0.0 ], [ -46.057544462563641, -23.782076656745531, 0.0 ], [ -46.057977771748888, -23.783299029350275, 0.0 ], [ -46.057836974595645, -23.787498071656088, 0.0 ], [ -46.057897978403901, -23.794636987985005, 0.0 ], [ -46.057962540675597, -23.79624711639519, 0.0 ], [ -46.058073981528359, -23.796637597584077, 0.0 ] ] } },
{ "type": "Feature", "properties": { "id": "SEG-0007", "rodovia": "SP 098", "km_ini": 75.0, "km_fim": 82.4, "ra_geo_max": 4.0, "ra_hid_max": 3.0, "ra": 4.0, "dist_geo": { "0": 1, "1": 53, "2": 5, "3": 6, "4": 16 }, "dist_hid": { "0": 60, "1": 59, "2": 5, "3": 2, "4": 0 }, "regiao": 1.0, "uba": "UBA 10.04-MCZ", "desc": "Mogi-Bertioga: predominancia RAGEO1 (53/81)", "source": "regea2021" }, "geometry": { "type": "LineString", "coordinates": [ [ -46.091649640526576, -23.699265748233842, 0.0 ], [ -46.091670562851917, -23.699579067270083, 0.0 ], [ -46.091556623943781, -23.699997940061952, 0.0 ], [ -46.091146378737164, -23.700435494527216, 0.0 ], [ -46.090503977484822, -23.700686015622896, 0.0 ], [ -46.089673968857511, -23.700866346425105, 0.0 ], [ -46.087586837917527, -23.700969393925053, 0.0 ], [ -46.087251758175441, -23.701262453432623, 0.0 ], [ -46.08708715940616, -23.702029262877328, 0.0 ], [ -46.086884920653588, -23.702443656083556, 0.0 ], [ -46.085918434937497, -23.702927100919208, 0.0 ], [ -46.084888175667324, -23.703366859740139, 0.0 ], [ -46.083758603838447, -23.703862236290345, 0.0 ], [ -46.083250199261194, -23.70397123073559, 0.0 ], [ -46.082654739212217, -23.703934244479694, 0.0 ], [ -46.079481211001351, -23.703698898787191, 0.0 ], [ -46.077687084370687, -23.704200891923691, 0.0 ], [ -46.075037553507215, -23.705057071322514, 0.0 ], [ -46.073907928569497, -23.705431036702834, 0.0 ], [ -46.073239713269224, -23.705619493890929, 0.0 ], [ -46.068566002204719, -23.707221371166728, 0.0 ], [ -46.067374440313493, -23.70753871999958, 0.0 ], [ -46.064645328484119, -23.70843706671959, 0.0 ], [ -46.064455694526806, -23.70849948136339, 0.0 ], [ -46.06314137075001, -23.708906884737981, 0.0 ], [ -46.062011745731425, -23.709259911526537, 0.0 ], [ -46.060997492882898, -23.709560837692802, 0.0 ], [ -46.060095755644909, -23.709875982824762, 0.0 ], [ -46.057823156366659, -23.711038612840092, 0.0 ], [ -46.057294259040134, -23.711286019422761, 0.0 ], [ -46.056904856938367, -23.711474843396395, 0.0 ], [ -46.056319265832855, -23.71151904068703, 0.0 ], [ -46.055562428864611, -23.711459314551863, 0.0 ], [ -46.05336875866616, -23.710779838831584, 0.0 ], [ -46.053043797438264, -23.710728018430764, 0.0 ], [ -46.052533898545683, -23.710733748118496, 0.0 ], [ -46.051727230605707, -23.710858331918846, 0.0 ], [ -46.051238060151306, -23.710903901823826, 0.0 ], [ -46.050423512228811, -23.71084120035102, 0.0 ], [ -46.049658172003468, -23.710541265032106, 0.0 ], [ -46.048232593832225, -23.709796901699658, 0.0 ], [ -46.04799008039052, -23.709726349702972, 0.0 ], [ -46.047729677141149, -23.709755367819717, 0.0 ], [ -46.047507512926728, -23.709916799262889, 0.0 ], [ -46.047323584962783, -23.710274090129889, 0.0 ], [ -46.047149508084722, -23.710533157361592, 0.0 ], [ -46.04686214321999, -23.710687735789385, 0.0 ], [ -46.045931475223156, -23.710756590302459, 0.0 ], [ -46.045248900649206, -23.710429123447323, 0.0 ], [ -46.044831791320171, -23.710369058021527, 0.0 ], [ -46.043866280916362, -23.710439647183193, 0.0 ], [ -46.042480909998531, -23.710368928228114, 0.0 ], [ -46.041508375549768, -23.710301650047377, 0.0 ], [ -46.041062862814677, -23.710137875246716, 0.0 ], [ -46.040658888296896, -23.709736476182258, 0.0 ], [ -46.039739190470115, -23.708677641844574, 0.0 ], [ -46.039321748963388, -23.708307289531579, 0.0 ], [ -46.038773650143078, -23.708053656754242, 0.0 ], [ -46.038248161825166, -23.707998607610968, 0.0 ], [ -46.037384433327034, -23.708046156224672, 0.0 ], [ -46.036768334967718, -23.707894818125148, 0.0 ], [ -46.036368570411845, -23.707803882872135, 0.0 ], [ -46.035783409722889, -23.70784097665063, 0.0 ], [ -46.035316678806026, -23.707961682978524, 0.0 ], [ -46.035033986282819, -23.708165829554261, 0.0 ], [ -46.034394496612244, -23.709092128171605, 0.0 ], [ -46.034226515908273, -23.709630014866704, 0.0 ], [ -46.03411679857669, -23.7097830603063, 0.0 ], [ -46.033862780105579, -23.709897003875621, 0.0 ], [ -46.033316974418732, -23.709858534357522, 0.0 ], [ -46.032720617101553, -23.709447287722814, 0.0 ], [ -46.03242240723911, -23.709336847144343, 0.0 ], [ -46.031881505720939, -23.70934446043773, 0.0 ], [ -46.03132441368286, -23.709174956555096, 0.0 ], [ -46.030477319900768, -23.708634537023279, 0.0 ], [ -46.030062597416702, -23.708535770838452, 0.0 ], [ -46.029073124946706, -23.708682616208634, 0.0 ], [ -46.028432003258949, -23.708561694336701, 0.0 ], [ -46.028181227592704, -23.708559445228545, 0.0 ], [ -46.027961836081595, -23.708675150566528, 0.0 ], [ -46.027821084893397, -23.708893590044184, 0.0 ], [ -46.02787146058435, -23.709142955831179, 0.0 ], [ -46.028044316740754, -23.709472622422545, 0.0 ], [ -46.028323426816598, -23.709768946, 0.0 ], [ -46.029124107614258, -23.710373991503076, 0.0 ], [ -46.029589518611743, -23.71109585777921, 0.0 ], [ -46.029892333532025, -23.711509740634853, 0.0 ], [ -46.030743554601578, -23.712551009954545, 0.0 ], [ -46.031211801754033, -23.71316372930222, 0.0 ], [ -46.031466372710703, -23.713356557007359, 0.0 ], [ -46.032803797209567, -23.713706971192845, 0.0 ], [ -46.033252112514568, -23.713761622946929, 0.0 ], [ -46.034275793785554, -23.713750482902714, 0.0 ], [ -46.034593235325303, -23.713925358497594, 0.0 ], [ -46.034723344108052, -23.714259898056291, 0.0 ], [ -46.034488651950667, -23.715510083232576, 0.0 ], [ -46.03449242426445, -23.715764118420502, 0.0 ], [ -46.034775945484384, -23.716430854753245, 0.0 ], [ -46.034845738081167, -23.716868077072235, 0.0 ], [ -46.034808942009029, -23.717659469459015, 0.0 ], [ -46.034699353844864, -23.718062838049043, 0.0 ], [ -46.034807440446777, -23.71837861774949, 0.0 ], [ -46.035244161734596, -23.718686517460259, 0.0 ], [ -46.035281690882179, -23.718706694426679, 0.0 ], [ -46.035460187683611, -23.718802660552015, 0.0 ], [ -46.035474188958723, -23.718810453630308, 0.0 ], [ -46.036251699738045, -23.719243328737967, 0.0 ], [ -46.036625809926598, -23.719659721509032, 0.0 ], [ -46.036939989531, -23.719949444373093, 0.0 ], [ -46.037843625858528, -23.720242816699997, 0.0 ], [ -46.037860881549975, -23.720429593314265, 0.0 ], [ -46.037762083604981, -23.721049759416804, 0.0 ], [ -46.037508237011622, -23.721393939453037, 0.0 ] ] } },
{ "type": "Feature", "properties": { "id": "SEG-0008", "rodovia": "SP 098", "km_ini": 53.0, "km_fim": 56.65, "ra_geo_max": null, "ra_hid_max": null, "ra": null, "dist_geo": null, "dist_hid": null, "regiao": null, "uba": null, "desc": "SEM_DADO", "source": "SEM_DADO" }, "geometry": { "type": "LineString", "coordinates": [ [ -46.1926158894276, -23.523576919676866, 0.0 ], [ -46.192678824646734, -23.525294035687292, 0.0 ], [ -46.193610449015821, -23.525905663499593, 0.0 ], [ -46.195304066539883, -23.527393259977028, 0.0 ], [ -46.195669795293689, -23.527906735787738, 0.0 ], [ -46.196266103398536, -23.528219949200984, 0.0 ], [ -46.195263411065874, -23.530771951535574, 0.0 ], [ -46.1936033552727, -23.530899218409612, 0.0 ], [ -46.193567250862351, -23.533324387651735, 0.0 ], [ -46.193788622586041, -23.535377478653352, 0.0 ], [ -46.19357022081158, -23.536809321584219, 0.0 ], [ -46.192938521627603, -23.537834767317566, 0.0 ], [ -46.19066995714816, -23.539899247264167, 0.0 ], [ -46.189286935015446, -23.540941051181353, 0.0 ], [ -46.18663305854389, -23.542204861190612, 0.0 ], [ -46.184294110173596, -23.544370819227968, 0.0 ], [ -46.184123324691619, -23.545076238613277, 0.0 ], [ -46.183596003873724, -23.549814297608421, 0.0 ], [ -46.183593278152067, -23.550009814420907, 0.0 ], [ -46.183674533005075, -23.550839906644779, 0.0 ], [ -46.184255753551156, -23.552806495414632, 0.0 ], [ -46.184430209352882, -23.553769020063232, 0.0 ], [ -46.184316480689837, -23.555368679785875, 0.0 ], [ -46.184170359025686, -23.557423759514755, 0.0 ], [ -46.184161011852602, -23.557970632006892, 0.0 ], [ -46.184315875743458, -23.558330532728139, 0.0 ], [ -46.184649006779829, -23.558656903000571, 0.0 ], [ -46.184808969447118, -23.55877519876201, 0.0 ], [ -46.185863938798519, -23.559576696498219, 0.0 ], [ -46.18604593119575, -23.559849530327842, 0.0 ], [ -46.186273727002131, -23.56120622586646, 0.0 ], [ -46.18651789515615, -23.561923141343758, 0.0 ], [ -46.186585235426072, -23.562120837337485, 0.0 ], [ -46.188395669093168, -23.564568494502758, 0.0 ] ] } },
{ "type": "Feature", "properties": { "id": "SEG-0009", "rodovia": "SP 098", "km_ini": 56.65, "km_fim": 62.9, "ra_geo_max": null, "ra_hid_max": null, "ra": null, "dist_geo": null, "dist_hid": null, "regiao": null, "uba": null, "desc": "SEM_DADO", "source": "SEM_DADO" }, "geometry": { "type": "LineString", "coordinates": [ [ -46.188395669093168, -23.564568494502758, 0.0 ], [ -46.190843123937334, -23.566806162556038, 0.0 ], [ -46.191697697743159, -23.567518008430579, 0.0 ], [ -46.192275259974281, -23.567992958983645, 0.0 ], [ -46.193902510063403, -23.56907433815784, 0.0 ], [ -46.194481113391483, -23.569664466967776, 0.0 ], [ -46.194752225332259, -23.570397575861115, 0.0 ], [ -46.19476843045085, -23.571183165553581, 0.0 ], [ -46.194573184916571, -23.571820620899047, 0.0 ], [ -46.194190728539212, -23.572298059139275, 0.0 ], [ -46.193802821152339, -23.572602527256109, 0.0 ], [ -46.190423057830834, -23.574009757709465, 0.0 ], [ -46.189492135756538, -23.574799503962247, 0.0 ], [ -46.188803670456949, -23.575296183521584, 0.0 ], [ -46.188280335929662, -23.57546217270701, 0.0 ], [ -46.183353403315856, -23.576198273455109, 0.0 ], [ -46.182929590935579, -23.576366315867443, 0.0 ], [ -46.182520037511431, -23.576642293090906, 0.0 ], [ -46.181858840574343, -23.577321972224585, 0.0 ], [ -46.180555926763915, -23.578701204377499, 0.0 ], [ -46.179861706655778, -23.579587362771168, 0.0 ], [ -46.17965017526997, -23.580011977872985, 0.0 ], [ -46.178443753582073, -23.583010630070326, 0.0 ], [ -46.178115814723434, -23.583536655292818, 0.0 ], [ -46.177553824500478, -23.584170797302168, 0.0 ], [ -46.176213756042415, -23.585592272397413, 0.0 ], [ -46.175983076876612, -23.585990691524557, 0.0 ], [ -46.175638607060343, -23.58714028350532, 0.0 ], [ -46.175159965375421, -23.588226388475988, 0.0 ], [ -46.174634935585161, -23.588818219148621, 0.0 ], [ -46.17249152142076, -23.591101357292395, 0.0 ], [ -46.171002108873786, -23.593057693731001, 0.0 ], [ -46.170268426378236, -23.594370679090449, 0.0 ], [ -46.169593992681619, -23.595730767139258, 0.0 ], [ -46.168729226977511, -23.597757239569294, 0.0 ], [ -46.168081496375926, -23.599368239557052, 0.0 ], [ -46.167405146301391, -23.60009071713678, 0.0 ], [ -46.166058759015307, -23.601087768417173, 0.0 ], [ -46.165808595713301, -23.601514101758703, 0.0 ], [ -46.165049671623414, -23.603446327199293, 0.0 ], [ -46.164129960558071, -23.604930780292833, 0.0 ], [ -46.163710050119924, -23.605265791939537, 0.0 ], [ -46.163398142385169, -23.605509032469914, 0.0 ] ] } },
{ "type": "Feature", "properties": { "id": "SEG-0010", "rodovia": "SP 098", "km_ini": 62.9, "km_fim": 75.0, "ra_geo_max": null, "ra_hid_max": null, "ra": null, "dist_geo": null, "dist_hid": null, "regiao": null, "uba": null, "desc": "SEM_DADO", "source": "SEM_DADO" }, "geometry": { "type": "LineString", "coordinates": [ [ -46.163398142385169, -23.605509032469914, 0.0 ], [ -46.162475960609378, -23.605918085904943, 0.0 ], [ -46.159957841203251, -23.606394651387593, 0.0 ], [ -46.158274842333427, -23.606753916655411, 0.0 ], [ -46.157299605133581, -23.607008813867399, 0.0 ], [ -46.156631179988814, -23.60733697019451, 0.0 ], [ -46.156110654906129, -23.607749690413701, 0.0 ], [ -46.155454487015135, -23.608401552931422, 0.0 ], [ -46.154258686993821, -23.60969664243714, 0.0 ], [ -46.153765016337509, -23.610101063660405, 0.0 ], [ -46.153140433690197, -23.610489258663247, 0.0 ], [ -46.152716409276721, -23.610699453646422, 0.0 ], [ -46.151836444494627, -23.611036245280189, 0.0 ], [ -46.150892348252519, -23.611210682292302, 0.0 ], [ -46.148558657305657, -23.611247813105205, 0.0 ], [ -46.147639625057664, -23.611355968212102, 0.0 ], [ -46.146379905373429, -23.611779749276415, 0.0 ], [ -46.145653646860467, -23.612191742619373, 0.0 ], [ -46.14531641518591, -23.612449669390553, 0.0 ], [ -46.144939192816381, -23.612758635002834, 0.0 ], [ -46.144460171290952, -23.613269842770901, 0.0 ], [ -46.144067154544786, -23.613905203415243, 0.0 ], [ -46.143239317842031, -23.615243498820234, 0.0 ], [ -46.142900185798176, -23.615708681294542, 0.0 ], [ -46.142341754650054, -23.616325285880851, 0.0 ], [ -46.14130922096362, -23.617080211761138, 0.0 ], [ -46.140856553273352, -23.617327504100444, 0.0 ], [ -46.140278521310279, -23.617554020122565, 0.0 ], [ -46.137699307206596, -23.61842733368773, 0.0 ], [ -46.137285755660962, -23.618638004080438, 0.0 ], [ -46.13603983744472, -23.620147376349944, 0.0 ], [ -46.13587404276192, -23.620360852792707, 0.0 ], [ -46.135121739208429, -23.620853451236588, 0.0 ], [ -46.13422420249784, -23.621304976277528, 0.0 ], [ -46.133716078484682, -23.621684469765253, 0.0 ], [ -46.133397574093607, -23.622068678415026, 0.0 ], [ -46.132270005576707, -23.624152980442279, 0.0 ], [ -46.131506861922283, -23.625527465887057, 0.0 ], [ -46.131116492532378, -23.626404747222189, 0.0 ], [ -46.13095979913399, -23.628783422801693, 0.0 ], [ -46.130696585690934, -23.629125073633496, 0.0 ], [ -46.130250551358799, -23.629413153173655, 0.0 ], [ -46.129337204970199, -23.629670291104425, 0.0 ], [ -46.128866074107691, -23.629796881913489, 0.0 ], [ -46.128759379333502, -23.629922489134202, 0.0 ], [ -46.128585904973356, -23.630144842321716, 0.0 ], [ -46.128519916771637, -23.630538130563338, 0.0 ], [ -46.128893735430132, -23.631243769857903, 0.0 ], [ -46.129031625289805, -23.631473205763939, 0.0 ], [ -46.129074827185605, -23.631810729963139, 0.0 ], [ -46.129001851959664, -23.632906596397433, 0.0 ], [ -46.12895939560515, -23.63343649252602, 0.0 ], [ -46.128773977021602, -23.63376249969091, 0.0 ], [ -46.127336401896464, -23.634554226151721, 0.0 ], [ -46.126638404092837, -23.634780232646083, 0.0 ], [ -46.125098179792033, -23.635166920404323, 0.0 ], [ -46.123703808479085, -23.635525293117887, 0.0 ], [ -46.123385667216638, -23.635695612754265, 0.0 ], [ -46.12278962636011, -23.636402520462472, 0.0 ], [ -46.122658065514358, -23.63665819597637, 0.0 ], [ -46.123076332490321, -23.638109490906249, 0.0 ], [ -46.122990715343533, -23.638623550199199, 0.0 ], [ -46.122590907323357, -23.639702580230423, 0.0 ], [ -46.122279094213297, -23.640455052627047, 0.0 ], [ -46.120826977216794, -23.641986877433265, 0.0 ], [ -46.120083317485978, -23.642761274299158, 0.0 ], [ -46.11902718898294, -23.645318568007564, 0.0 ], [ -46.118793963121455, -23.645900108146684, 0.0 ], [ -46.117496383702111, -23.647133665607122, 0.0 ], [ -46.117216097499295, -23.647475502747934, 0.0 ], [ -46.117088435651475, -23.648006162251736, 0.0 ], [ -46.116403232520526, -23.649283111263415, 0.0 ], [ -46.115628912569704, -23.651017702997656, 0.0 ], [ -46.115265890264808, -23.651711340785727, 0.0 ], [ -46.114956722598805, -23.651851862360715, 0.0 ], [ -46.114591487840698, -23.651902118794897, 0.0 ], [ -46.114272878287977, -23.65208587900316, 0.0 ], [ -46.114119703792809, -23.652359190701155, 0.0 ], [ -46.113907791190549, -23.653266556428587, 0.0 ], [ -46.113336533040332, -23.653899708920818, 0.0 ], [ -46.113013832957094, -23.654264376020791, 0.0 ], [ -46.11266189724622, -23.65443395890599, 0.0 ], [ -46.111781667459567, -23.654864132814762, 0.0 ], [ -46.111293758559896, -23.655701343662528, 0.0 ], [ -46.110901979169768, -23.656530911619377, 0.0 ], [ -46.11082787528504, -23.656739503525376, 0.0 ], [ -46.110843151476843, -23.657052549506464, 0.0 ], [ -46.111434343179255, -23.658693721234862, 0.0 ], [ -46.111598262829389, -23.659601329630558, 0.0 ], [ -46.111484736939609, -23.660576115869233, 0.0 ], [ -46.110497135049251, -23.663236674302315, 0.0 ], [ -46.110224148223956, -23.664022280071528, 0.0 ], [ -46.110196466525068, -23.664820285159404, 0.0 ], [ -46.110130433716719, -23.665347801463689, 0.0 ], [ -46.1096974250516, -23.666406352524579, 0.0 ], [ -46.10943792747571, -23.666855387861148, 0.0 ], [ -46.108815631249257, -23.667270423291797, 0.0 ], [ -46.108654539281595, -23.667377860611026, 0.0 ], [ -46.107392114712958, -23.668475646415537, 0.0 ], [ -46.104712017857679, -23.670750758832948, 0.0 ], [ -46.104138656242917, -23.671190142164296, 0.0 ], [ -46.102946749336809, -23.67168566186588, 0.0 ], [ -46.102719284526259, -23.671830282031596, 0.0 ], [ -46.102402177756701, -23.672213924930873, 0.0 ], [ -46.102214572911578, -23.672716546392778, 0.0 ], [ -46.102517918860755, -23.674255732994499, 0.0 ], [ -46.10256391808884, -23.674851364422111, 0.0 ], [ -46.102587175134325, -23.675370892262251, 0.0 ], [ -46.103131493739035, -23.676316494656248, 0.0 ], [ -46.103426080209893, -23.677661646989133, 0.0 ], [ -46.103465678765829, -23.678363118111552, 0.0 ], [ -46.103236488174971, -23.679100953251719, 0.0 ], [ -46.103033291555882, -23.679409173691859, 0.0 ], [ -46.102894433311796, -23.679670690753003, 0.0 ], [ -46.102610926778247, -23.680183428386474, 0.0 ], [ -46.102415053654184, -23.680589460856844, 0.0 ], [ -46.102023018158455, -23.681194135977943, 0.0 ], [ -46.101379943109016, -23.68165495297794, 0.0 ], [ -46.099850656815619, -23.682414377399205, 0.0 ], [ -46.098788127898516, -23.683028798734657, 0.0 ], [ -46.097955173737084, -23.684254383520177, 0.0 ], [ -46.097789426351298, -23.684716287111875, 0.0 ], [ -46.09776839480859, -23.685194195206574, 0.0 ], [ -46.098120422967263, -23.686379879595073, 0.0 ], [ -46.098091394671833, -23.686859294532304, 0.0 ], [ -46.097955557395693, -23.687183412195981, 0.0 ], [ -46.09774698839712, -23.687353950055638, 0.0 ], [ -46.095286676705499, -23.688359664986429, 0.0 ], [ -46.094637662565169, -23.6886074507544, 0.0 ], [ -46.093524317121009, -23.688649174977076, 0.0 ], [ -46.093190709326457, -23.688864393217262, 0.0 ], [ -46.092968248644986, -23.689120105284466, 0.0 ], [ -46.092870846213643, -23.689394168420893, 0.0 ], [ -46.092850078376415, -23.689736886870044, 0.0 ], [ -46.093115967749561, -23.690950199090477, 0.0 ], [ -46.093067829160567, -23.691379165951972, 0.0 ], [ -46.092186241677695, -23.692776957940023, 0.0 ], [ -46.091999799410203, -23.694391994815668, 0.0 ], [ -46.091727155968762, -23.696211616665956, 0.0 ], [ -46.091727042020942, -23.696213010335335, 0.0 ], [ -46.091714439584941, -23.696372378373869, 0.0 ], [ -46.091663969988666, -23.697010547170429, 0.0 ], [ -46.091577481943283, -23.697828515715049, 0.0 ], [ -46.091608688284119, -23.698652453882389, 0.0 ], [ -46.091649640526576, -23.699265748233842, 0.0 ] ] } },
{ "type": "Feature", "properties": { "id": "SEG-0011", "rodovia": "SP 055", "km_ini": 286.72, "km_fim": 291.0, "ra_geo_max": null, "ra_hid_max": null, "ra": null, "dist_geo": null, "dist_hid": null, "regiao": null, "uba": null, "desc": "SEM_DADO", "source": "SEM_DADO" }, "geometry": { "type": "LineString", "coordinates": [ [ -46.496560255803473, -23.996829820274865, 0.0 ], [ -46.496694025700073, -23.997243238223291, 0.0 ], [ -46.498481240718412, -24.00270936411912, 0.0 ], [ -46.499497363658193, -24.005799014556839, 0.0 ], [ -46.501263961350602, -24.011172470934376, 0.0 ], [ -46.501497586078308, -24.01189032747909, 0.0 ], [ -46.501918858177866, -24.013181289929442, 0.0 ], [ -46.502309911224145, -24.014358563199131, 0.0 ], [ -46.50275128479511, -24.015685261989294, 0.0 ], [ -46.503186594771627, -24.017005975300723, 0.0 ], [ -46.503450079133778, -24.017817631063483, 0.0 ], [ -46.503964005400107, -24.019382309169508, 0.0 ], [ -46.50424810343889, -24.020244350098764, 0.0 ], [ -46.505120408448533, -24.022913747488598, 0.0 ], [ -46.505566171531484, -24.024253339625918, 0.0 ], [ -46.50741003757274, -24.029579203814276, 0.0 ], [ -46.507656458340833, -24.030290299439326, 0.0 ], [ -46.507847817255936, -24.030790588318233, 0.0 ], [ -46.508167724385558, -24.031410387664994, 0.0 ] ] } },
{ "type": "Feature", "properties": { "id": "SEG-0012", "rodovia": "SP 055", "km_ini": 291.0, "km_fim": 292.2, "ra_geo_max": null, "ra_hid_max": null, "ra": null, "dist_geo": null, "dist_hid": null, "regiao": null, "uba": null, "desc": "SEM_DADO", "source": "SEM_DADO" }, "geometry": { "type": "LineString", "coordinates": [ [ -46.508167724385558, -24.031410387664994, 0.0 ], [ -46.508332675984164, -24.031691125524908, 0.0 ], [ -46.508526570757425, -24.031960388936039, 0.0 ], [ -46.508735040971928, -24.032221777718952, 0.0 ], [ -46.509153419981004, -24.032639379760578, 0.0 ], [ -46.509542560967496, -24.032952494752728, 0.0 ], [ -46.510362446658043, -24.03347121635165, 0.0 ], [ -46.512381533438706, -24.034748263734794, 0.0 ], [ -46.512649402375196, -24.034920188975484, 0.0 ], [ -46.516807836560005, -24.037141926168076, 0.0 ], [ -46.517669117393481, -24.037602065733193, 0.0 ], [ -46.517818426591987, -24.037681823698271, 0.0 ] ] } },
{ "type": "Feature", "properties": { "id": "SEG-0013", "rodovia": "SP 055", "km_ini": 292.2, "km_fim": 302.77, "ra_geo_max": null, "ra_hid_max": null, "ra": null, "dist_geo": null, "dist_hid": null, "regiao": null, "uba": null, "desc": "SEM_DADO", "source": "SEM_DADO" }, "geometry": { "type": "LineString", "coordinates": [ [ -46.517818426591987, -24.037681823698271, 0.0 ], [ -46.518605570747773, -24.038102294065403, 0.0 ], [ -46.570567398387894, -24.065847188895283, 0.0 ], [ -46.605624859101383, -24.084822839323916, 0.0 ], [ -46.607192426720509, -24.085728588281434, 0.0 ], [ -46.607572136855907, -24.085947710615226, 0.0 ] ] } },
{ "type": "Feature", "properties": { "id": "SEG-0014", "rodovia": "SP 055", "km_ini": 315.07, "km_fim": 323.69, "ra_geo_max": null, "ra_hid_max": null, "ra": null, "dist_geo": null, "dist_hid": null, "regiao": null, "uba": null, "desc": "SEM_DADO", "source": "SEM_DADO" }, "geometry": { "type": "LineString", "coordinates": [ [ -46.713275690507921, -24.140333044106331, 0.0 ], [ -46.713900995769585, -24.140660303483468, 0.0 ], [ -46.742606065127802, -24.155679763841221, 0.0 ], [ -46.745103362763004, -24.156780264690298, 0.0 ], [ -46.748216051834099, -24.158583336114102, 0.0 ], [ -46.757169563685245, -24.163067095758592, 0.0 ], [ -46.758713392334897, -24.164009265398114, 0.0 ], [ -46.771468872334758, -24.170587300124652, 0.0 ], [ -46.774881507099266, -24.172157748258812, 0.0 ], [ -46.776518008862858, -24.172910806072966, 0.0 ], [ -46.780123253336228, -24.174569733448088, 0.0 ], [ -46.781104652951086, -24.175021298748369, 0.0 ], [ -46.782581465122711, -24.175838227572044, 0.0 ], [ -46.784720727395097, -24.177021569731547, 0.0 ], [ -46.785100784473229, -24.177231795682822, 0.001000000003842 ], [ -46.786902173208595, -24.178154762051307, 0.001000000003842 ] ] } },
{ "type": "Feature", "properties": { "id": "SEG-0015", "rodovia": "SP 055", "km_ini": 323.69, "km_fim": 338.57, "ra_geo_max": null, "ra_hid_max": null, "ra": null, "dist_geo": null, "dist_hid": null, "regiao": null, "uba": null, "desc": "SEM_DADO", "source": "SEM_DADO" }, "geometry": { "type": "LineString", "coordinates": [ [ -46.786902173208595, -24.178154762051307, 0.0 ], [ -46.788421574991936, -24.178933228693953, 0.0 ], [ -46.791701482808087, -24.180613623718205, 0.0 ], [ -46.792628508625185, -24.180967932824917, 0.0 ], [ -46.793614537499685, -24.181184907897748, 0.0 ], [ -46.794632927228086, -24.181265091603695, 0.0 ], [ -46.795330859546318, -24.181261186929447, 0.0 ], [ -46.796303783729435, -24.181255736327238, 0.0 ], [ -46.800530648885363, -24.181231979507412, 0.0 ], [ -46.811521487867097, -24.181048117826709, 0.0 ], [ -46.812773407468214, -24.181141913688592, 0.0 ], [ -46.813724415352503, -24.18136880121989, 0.0 ], [ -46.814665317682071, -24.181757768682541, 0.0 ], [ -46.838014970856364, -24.19573377009921, 0.0 ], [ -46.845490418703044, -24.200267734119638, 0.0 ], [ -46.848682709902143, -24.202378234500685, 0.0 ], [ -46.851605118724585, -24.203953534392809, 0.0 ], [ -46.868397153772705, -24.214057421208256, 0.0 ], [ -46.872737695821705, -24.216689486620673, 0.0 ], [ -46.876457945749465, -24.219105839582181, 0.0 ], [ -46.87808967748493, -24.219964061713895, 0.0 ], [ -46.880782436987325, -24.221521899444017, 0.0 ], [ -46.9090190483535, -24.238505427247674, 0.0 ], [ -46.909019955083878, -24.238505963296181, 0.0 ], [ -46.909817079198305, -24.238977184853717, 0.0 ], [ -46.910561724328495, -24.239432057521885, 0.0 ], [ -46.91131458929798, -24.239881021415901, 0.0 ], [ -46.912085495415262, -24.240342495475844, 0.0 ], [ -46.912947915469907, -24.240860302661318, 0.0 ], [ -46.913247594203888, -24.241041750201436, 0.0 ] ] } },
{ "type": "Feature", "properties": { "id": "SEG-0016", "rodovia": "SP 055", "km_ini": 302.77, "km_fim": 304.16, "ra_geo_max": null, "ra_hid_max": null, "ra": null, "dist_geo": null, "dist_hid": null, "regiao": null, "uba": null, "desc": "SEM_DADO", "source": "SEM_DADO" }, "geometry": { "type": "LineString", "coordinates": [ [ -46.607572136855907, -24.085947710615226, 0.0 ], [ -46.608607222724949, -24.086545027117143, 0.0 ], [ -46.611201307188828, -24.088041954688435, 0.0 ], [ -46.613591689556401, -24.089336513656303, 0.0 ], [ -46.616885148746618, -24.09070043031203, 0.0 ], [ -46.618251626315747, -24.091075795412497, 0.0 ] ] } },
{ "type": "Feature", "properties": { "id": "SEG-0017", "rodovia": "SP 055", "km_ini": 304.16, "km_fim": 315.07, "ra_geo_max": null, "ra_hid_max": null, "ra": null, "dist_geo": null, "dist_hid": null, "regiao": null, "uba": null, "desc": "SEM_DADO", "source": "SEM_DADO" }, "geometry": { "type": "LineString", "coordinates": [ [ -46.618251626315747, -24.091075795412497, 0.0 ], [ -46.619305005749887, -24.091365144954324, 0.0 ], [ -46.619590037029944, -24.091443466176841, 0.0 ], [ -46.620440404430859, -24.091863159585817, 0.0 ], [ -46.628264332862933, -24.09625252079811, 0.0 ], [ -46.634370783108444, -24.099677942445943, 0.0 ], [ -46.638150300764281, -24.101606201507877, 0.0 ], [ -46.657965313372657, -24.111713173889171, 0.0 ], [ -46.690745315202321, -24.128787543887359, 0.0 ], [ -46.699523179822158, -24.133281682127553, 0.0 ], [ -46.704445908893028, -24.135802548126815, 0.0 ], [ -46.711397272752983, -24.13936180820015, 0.0 ], [ -46.712486529443737, -24.139920024863226, 0.0 ], [ -46.713275690507921, -24.140333044106331, 0.0 ] ] } },
{ "type": "Feature", "properties": { "id": "SEG-0018", "rodovia": "SP 055", "km_ini": 338.57, "km_fim": 344.0, "ra_geo_max": null, "ra_hid_max": null, "ra": null, "dist_geo": null, "dist_hid": null, "regiao": null, "uba": null, "desc": "SEM_DADO", "source": "SEM_DADO" }, "geometry": { "type": "LineString", "coordinates": [ [ -46.913247594203888, -24.241041750201436, 0.0 ], [ -46.913828228900186, -24.241393306954024, 0.0 ], [ -46.913829615289181, -24.241394135567614, 0.0 ], [ -46.913831039815904, -24.241394987505302, 0.0 ], [ -46.914694595393186, -24.241911289674835, 0.0 ], [ -46.915568588956305, -24.242429648844638, 0.0 ], [ -46.916393320112441, -24.242922881193461, 0.0 ], [ -46.917274099299696, -24.243453287585162, 0.0 ], [ -46.918179632365948, -24.244004749481618, 0.0 ], [ -46.919068151790988, -24.244532721926785, 0.0 ], [ -46.91994187619671, -24.245060904263621, 0.0 ], [ -46.920822990321817, -24.245580442187315, 0.0 ], [ -46.921662422589208, -24.246087268910323, 0.0 ], [ -46.922608514139377, -24.246661903816982, 0.0 ], [ -46.923462911142522, -24.247168813678819, 0.0 ], [ -46.924333967939745, -24.247689695063215, 0.0 ], [ -46.925153236809159, -24.248185451774432, 0.0 ], [ -46.926008705008464, -24.248707294087332, 0.0 ], [ -46.926865627174081, -24.249219390982713, 0.0 ], [ -46.927735925343818, -24.249739306857613, 0.0 ], [ -46.928620285029822, -24.250272435939188, 0.0 ], [ -46.929489799296832, -24.250818933204396, 0.0 ], [ -46.930262024101893, -24.251388507126521, 0.0 ], [ -46.930996721166565, -24.251858828878294, 0.0 ], [ -46.931237701749239, -24.252005638605436, 0.0 ], [ -46.931870799109582, -24.252333072075711, 0.0 ], [ -46.933022139285697, -24.252908357910737, 0.0 ], [ -46.933833265951449, -24.253384382379547, 0.0 ], [ -46.934673856510237, -24.253883718627598, 0.0 ], [ -46.935459391519061, -24.254347425848177, 0.0 ], [ -46.936274665528437, -24.254828231519017, 0.0 ], [ -46.937086305667087, -24.255312980345501, 0.0 ], [ -46.937866104466195, -24.255784920378204, 0.0 ], [ -46.938695847175737, -24.256289946696022, 0.0 ], [ -46.939531900233703, -24.256802186842791, 0.0 ], [ -46.940382951976247, -24.25732463694245, 0.0 ], [ -46.941106902388107, -24.257749530665706, 0.0 ], [ -46.941973991497846, -24.258275104808241, 0.0 ], [ -46.942763988865039, -24.258746858522358, 0.0 ], [ -46.943591157472142, -24.259249492830573, 0.0 ], [ -46.944367046048562, -24.259713771443426, 0.0 ], [ -46.945083601545093, -24.260145667201918, 0.0 ], [ -46.945757300423402, -24.260541610026074, 0.0 ], [ -46.946403438906486, -24.260930162079717, 0.0 ], [ -46.947021028782025, -24.261298020051377, 0.0 ], [ -46.947507524247925, -24.261590527590013, 0.0 ], [ -46.947925935533256, -24.261842480100263, 0.0 ], [ -46.948207867308192, -24.262010346345409, 0.0 ], [ -46.948514741523844, -24.262193069521583, 0.0 ], [ -46.948746943033278, -24.262331325448937, 0.0 ], [ -46.948984749527334, -24.262473782204331, 0.0 ], [ -46.949456234144527, -24.262756529189748, 0.0 ], [ -46.950099554640325, -24.263143269007823, 0.0 ], [ -46.950789478112377, -24.263555834480425, 0.0 ], [ -46.951475260940057, -24.263960984421367, 0.0 ], [ -46.952209712098757, -24.264397767835792, 0.0 ], [ -46.952979990438749, -24.264858773364232, 0.0 ], [ -46.953759317468524, -24.265328117002699, 0.0 ], [ -46.954523674638871, -24.265809855446999, 0.0 ], [ -46.955219647244853, -24.266222801744529, 0.0 ], [ -46.955843841471498, -24.266596507329663, 0.0 ], [ -46.956423250383232, -24.26694209687609, 0.0 ], [ -46.957004629376435, -24.2672877746556, 0.0 ], [ -46.957564182883637, -24.267618073394257, 0.0 ], [ -46.958752423347534, -24.268223459622249, 0.0 ] ] } },
{ "type": "Feature", "properties": { "id": "SEG-0019", "rodovia": "SP 055", "km_ini": 344.0, "km_fim": 345.05, "ra_geo_max": null, "ra_hid_max": null, "ra": null, "dist_geo": null, "dist_hid": null, "regiao": null, "uba": null, "desc": "SEM_DADO", "source": "SEM_DADO" }, "geometry": { "type": "LineString", "coordinates": [ [ -46.958752423347534, -24.268223459622249, 0.0 ], [ -46.959927428600707, -24.268728418099297, -0.056899999995949 ], [ -46.965194504497184, -24.270711576135486, -0.302400000000489 ], [ -46.966486465426513, -24.271198024302798, -0.362599999993108 ] ] } },
{ "type": "Feature", "properties": { "id": "SEG-0020", "rodovia": "SP 055", "km_ini": 345.05, "km_fim": 351.58, "ra_geo_max": null, "ra_hid_max": null, "ra": null, "dist_geo": null, "dist_hid": null, "regiao": null, "uba": null, "desc": "SEM_DADO", "source": "SEM_DADO" }, "geometry": { "type": "LineString", "coordinates": [ [ -46.966486465426513, -24.271198024302798, 0.0 ], [ -46.967085807622894, -24.271444506920471, 0.0 ], [ -47.01855582681781, -24.290473441188986, 0.0 ], [ -47.023754097403533, -24.291459098222699, 0.0 ], [ -47.024728485941687, -24.291643868138351, 0.0 ] ] } },
{ "type": "Feature", "properties": { "id": "SEG-0021", "rodovia": "SP 055", "km_ini": 369.87, "km_fim": 373.57, "ra_geo_max": null, "ra_hid_max": null, "ra": null, "dist_geo": null, "dist_hid": null, "regiao": null, "uba": null, "desc": "SEM_DADO", "source": "SEM_DADO" }, "geometry": { "type": "LineString", "coordinates": [ [ -47.195917364105831, -24.284070919785975, 0.0 ], [ -47.196346061858819, -24.283988945145605, 0.0 ], [ -47.202334483602179, -24.282843697192664, 0.0 ], [ -47.216706084766663, -24.280095324437593, 0.0 ], [ -47.218612497950325, -24.280200598489436, 0.0 ], [ -47.223054178661179, -24.280967696473692, 0.0 ], [ -47.224840798453123, -24.281276221552787, 0.0 ], [ -47.228618006057047, -24.281928418927777, 0.0 ], [ -47.229621980995383, -24.28201078971594, 0.0 ], [ -47.229927740148987, -24.282035874452372, 0.0 ], [ -47.230297820451192, -24.282005773701478, 0.0 ], [ -47.231444028971616, -24.281912530259909, 0.0 ], [ -47.232764558110702, -24.281576507657743, 0.0 ], [ -47.23444599620818, -24.281147714481094, 0.0 ], [ -47.237074712080506, -24.280836316255023, 0.0 ], [ -47.237897599265445, -24.28060492799677, 0.0 ], [ -47.238774415075504, -24.280334032851236, 0.0 ] ] } },
{ "type": "Feature", "properties": { "id": "SEG-0022", "rodovia": "SP 055", "km_ini": 373.57, "km_fim": 380.05, "ra_geo_max": null, "ra_hid_max": null, "ra": null, "dist_geo": null, "dist_hid": null, "regiao": null, "uba": null, "desc": "SEM_DADO", "source": "SEM_DADO" }, "geometry": { "type": "LineString", "coordinates": [ [ -47.238774415075504, -24.280334032851236, 0.0 ], [ -47.242711656124314, -24.278324088601867, 0.0 ], [ -47.245261775482987, -24.277114886431452, 0.0 ], [ -47.247984160743471, -24.276394040709594, 0.0 ], [ -47.253433267548985, -24.274993473514776, 0.0 ], [ -47.254843720759546, -24.274824591299069, 0.0 ], [ -47.255999027299076, -24.274936397112814, 0.0 ], [ -47.259312594544824, -24.275821962456348, 0.0 ], [ -47.260216547029607, -24.275696470675729, 0.0 ], [ -47.260957853480171, -24.27525375553931, 0.0 ], [ -47.26129767111685, -24.274885983020187, 0.0 ], [ -47.261458927012342, -24.274562294416008, 0.0 ], [ -47.261996986857767, -24.272828749574156, 0.0 ], [ -47.262251864076866, -24.271954223506139, 0.0 ], [ -47.264506472592835, -24.269122932711934, 0.0 ], [ -47.265096110928184, -24.268525717199946, 0.0 ], [ -47.265844202411749, -24.268012107448211, 0.0 ], [ -47.266815370478028, -24.267597572278351, 0.0 ], [ -47.267079479912191, -24.267531631365788, 0.0 ], [ -47.268751445194894, -24.267085636220905, 0.0 ], [ -47.270341375434484, -24.26678183237658, 0.0 ], [ -47.270975878053761, -24.266544159989561, 0.0 ], [ -47.27159669159883, -24.26647518653149, 0.0 ], [ -47.271915526890346, -24.266478950811504, 0.0 ], [ -47.274183509919162, -24.26654208399825, 0.0 ], [ -47.275294698660687, -24.266545260032366, 0.0 ], [ -47.27565537507985, -24.266494543469943, 0.0 ], [ -47.27611308792337, -24.266442974393449, 0.0 ], [ -47.276560915024383, -24.26616142789533, 0.0 ], [ -47.277057318483273, -24.265920609129129, 0.0 ], [ -47.277350986783624, -24.265849278979566, 0.0 ], [ -47.277649860387612, -24.265836171174328, 0.0 ], [ -47.278077861355293, -24.266046474612061, 0.0 ], [ -47.278438942232704, -24.266254349783257, 0.0 ], [ -47.279064005000293, -24.266443957643695, 0.0 ], [ -47.279664732787865, -24.26652809020074, 0.0 ], [ -47.28026357211936, -24.266526450215487, 0.0 ], [ -47.280594634301757, -24.266491843872604, 0.0 ], [ -47.281534682849561, -24.266648715069159, 0.0 ], [ -47.281886565439279, -24.26664508606294, 0.0 ], [ -47.282255328541737, -24.266738256096076, 0.0 ], [ -47.282535396858712, -24.267046710193693, 0.0 ], [ -47.282767688696239, -24.267477907073868, 0.0 ], [ -47.282844654861847, -24.268028662856548, 0.0 ], [ -47.283047625055652, -24.268275212206905, 0.0 ], [ -47.283517159262416, -24.268615915277724, 0.0 ], [ -47.284648624753402, -24.26918190780394, 0.0 ], [ -47.285001865462618, -24.269357852429259, 0.0 ], [ -47.285288101502623, -24.269418077679948, 0.0 ], [ -47.285989603958477, -24.269351870689427, 0.0 ], [ -47.286387642723483, -24.269184905044167, 0.0 ] ] } },
{ "type": "Feature", "properties": { "id": "SEG-0023", "rodovia": "SP 055", "km_ini": 351.58, "km_fim": 359.09, "ra_geo_max": null, "ra_hid_max": null, "ra": null, "dist_geo": null, "dist_hid": null, "regiao": null, "uba": null, "desc": "SEM_DADO", "source": "SEM_DADO" }, "geometry": { "type": "LineString", "coordinates": [ [ -47.024728485941687, -24.291643868138351, 0.0 ], [ -47.025078724519354, -24.291710281253064, 0.0 ], [ -47.028048167996829, -24.292273319892079, 0.0 ], [ -47.033370161461619, -24.293959814504269, 0.0 ], [ -47.036874565804773, -24.295070986938772, 0.0 ], [ -47.041260374757186, -24.295584370102866, 0.0 ], [ -47.042032377150683, -24.295764534454872, 0.0 ], [ -47.042920231044093, -24.296148437611453, 0.0 ], [ -47.044342517637318, -24.297327981124276, 0.0 ], [ -47.045324619962763, -24.298006054959806, 0.0 ], [ -47.04629258075019, -24.298346342455716, 0.0 ], [ -47.047082398800399, -24.298367729324553, 0.0 ], [ -47.059925174559282, -24.298072176924823, 0.0 ], [ -47.068586591363747, -24.297570578635984, 0.0 ], [ -47.069106876209567, -24.297418023269273, 0.0 ], [ -47.069956285997208, -24.297491210716672, 0.0 ], [ -47.083526283090045, -24.296704196063857, 0.0 ], [ -47.087976564972237, -24.296496653651097, 0.0 ], [ -47.088934279068056, -24.296324245304742, 0.0 ], [ -47.09027865479478, -24.29592220852744, 0.0 ], [ -47.09153029171442, -24.295683893309601, 0.0 ], [ -47.092226214305136, -24.295706232237556, 0.0 ], [ -47.092640950415678, -24.29568895632908, 0.0 ], [ -47.100113886294487, -24.296926942913149, 0.0 ] ] } },
{ "type": "Feature", "properties": { "id": "SEG-0024", "rodovia": "SP 055", "km_ini": 359.09, "km_fim": 366.14, "ra_geo_max": null, "ra_hid_max": null, "ra": null, "dist_geo": null, "dist_hid": null, "regiao": null, "uba": null, "desc": "SEM_DADO", "source": "SEM_DADO" }, "geometry": { "type": "LineString", "coordinates": [ [ -47.100113886294487, -24.296926942913149, 0.0 ], [ -47.100979923202708, -24.297070284163159, 0.0 ], [ -47.114397017376746, -24.297614587613594, 0.0 ], [ -47.115324438456575, -24.297935827543558, 0.0 ], [ -47.117711107976042, -24.299648121528101, 0.0 ], [ -47.118840500235827, -24.299991922670099, 0.0 ], [ -47.119655801525589, -24.299980132584931, 0.0 ], [ -47.121777777666047, -24.299406314114833, 0.0 ], [ -47.122919356125088, -24.299452328036871, 0.0 ], [ -47.128109875982965, -24.301877419481279, 0.0 ], [ -47.129098375798961, -24.302149234874999, 0.0 ], [ -47.131603484042806, -24.302643364597834, 0.0 ], [ -47.13249080877187, -24.302744234393796, 0.0 ], [ -47.133332062974617, -24.302566461080204, 0.0 ], [ -47.134041228396008, -24.302132292674646, 0.0 ], [ -47.135306502745053, -24.300624523612615, 0.0 ], [ -47.135952447570283, -24.299989188719191, 0.0 ], [ -47.136923003563489, -24.299458641321102, 0.0 ], [ -47.14631799984118, -24.297504995250598, 0.0 ], [ -47.147135727774469, -24.297284297863509, 0.0 ], [ -47.147800818114732, -24.296830602046004, 0.0 ], [ -47.149466512636785, -24.294498401192229, 0.0 ], [ -47.150386912841803, -24.293890024332786, 0.0 ], [ -47.151500948130646, -24.293622785871698, 0.0 ], [ -47.154321065339225, -24.2936729220873, 0.0 ], [ -47.155120333580633, -24.293586429052738, 0.0 ], [ -47.159575208516024, -24.292795771135197, 0.0 ], [ -47.164639082158416, -24.290949451636674, 0.0 ] ] } },
{ "type": "Feature", "properties": { "id": "SEG-0025", "rodovia": "SP 055", "km_ini": 366.14, "km_fim": 369.11, "ra_geo_max": null, "ra_hid_max": null, "ra": null, "dist_geo": null, "dist_hid": null, "regiao": null, "uba": null, "desc": "SEM_DADO", "source": "SEM_DADO" }, "geometry": { "type": "LineString", "coordinates": [ [ -47.164639082158416, -24.290949451636674, 0.0 ], [ -47.164871774276257, -24.29093200720602, 0.0 ], [ -47.166653043001865, -24.290799633178693, 0.0 ], [ -47.167566496352649, -24.290996838344071, 0.0 ], [ -47.168778259501437, -24.291258591910267, 0.0 ], [ -47.16977006193607, -24.291704596015673, 0.0 ], [ -47.170678061022691, -24.292333752230295, 0.0 ], [ -47.17084211819067, -24.292488001878482, 0.0 ], [ -47.173206213315417, -24.294943191731843, 0.0 ], [ -47.173963177583801, -24.295277943131673, 0.0 ], [ -47.177150351686443, -24.295200964328618, 0.0 ], [ -47.178240748202313, -24.295119935108719, 0.0 ], [ -47.178449455923854, -24.295104424306881, 0.0 ], [ -47.178796269239314, -24.295005997077222, 0.0 ], [ -47.179642217440232, -24.294765898182717, 0.0 ], [ -47.182580210895011, -24.29338651176953, 0.0 ], [ -47.183336016705404, -24.292864910315501, 0.0 ], [ -47.183730071317569, -24.292137561224024, 0.0 ], [ -47.184308107155552, -24.289745242755554, 0.0 ], [ -47.184688953646855, -24.288932831700464, 0.0 ], [ -47.185322074676577, -24.288197268375164, 0.0 ], [ -47.187294153280831, -24.287135010805873, 0.0 ], [ -47.188614551908465, -24.286602600574685, 0.0 ] ] } },
{ "type": "Feature", "properties": { "id": "SEG-0026", "rodovia": "SP 055", "km_ini": 369.11, "km_fim": 369.87, "ra_geo_max": null, "ra_hid_max": null, "ra": null, "dist_geo": null, "dist_hid": null, "regiao": null, "uba": null, "desc": "SEM_DADO", "source": "SEM_DADO" }, "geometry": { "type": "LineString", "coordinates": [ [ -47.188614551908465, -24.286602600574685, 0.0 ], [ -47.193651070159973, -24.284572438313763, 0.0 ], [ -47.194718843352426, -24.284300092372149, 0.0 ], [ -47.195917364105831, -24.284070919785975, 0.0 ] ] } },
{ "type": "Feature", "properties": { "id": "SEG-0027", "rodovia": "SP 055", "km_ini": 380.05, "km_fim": 386.6, "ra_geo_max": null, "ra_hid_max": null, "ra": null, "dist_geo": null, "dist_hid": null, "regiao": null, "uba": null, "desc": "SEM_DADO", "source": "SEM_DADO" }, "geometry": { "type": "LineString", "coordinates": [ [ -47.286387642723483, -24.269184905044167, 0.0 ], [ -47.286642168077215, -24.269078137373917, 0.0 ], [ -47.286760263038161, -24.2690285993332, 0.0 ], [ -47.287048495198789, -24.26898852045672, 0.0 ], [ -47.287506936501195, -24.268977816898055, 0.0 ], [ -47.288112805406477, -24.268876997530441, 0.0 ], [ -47.288806632881546, -24.268766045305618, 0.0 ], [ -47.289263712151957, -24.268709441362962, 0.0 ], [ -47.289807884567587, -24.268507696886736, 0.0 ], [ -47.290264482953042, -24.268247900036709, 0.0 ], [ -47.290527000892247, -24.268011973492637, 0.0 ], [ -47.290825442648419, -24.267646414287842, 0.0 ], [ -47.291145694734411, -24.26732683448072, 0.0 ], [ -47.291392928043429, -24.267060655837511, 0.0 ], [ -47.291877542435543, -24.266791295995127, 0.0 ], [ -47.292642217940561, -24.266310173096539, 0.0 ], [ -47.293327972783622, -24.265915705231883, 0.0 ], [ -47.294096838954452, -24.265753863399301, 0.0 ], [ -47.295294906409026, -24.265594821931817, 0.0 ], [ -47.296143485110854, -24.265505482716488, 0.0 ], [ -47.296354954542153, -24.265407000146446, 0.0 ], [ -47.296709105717895, -24.26547237351139, 0.0 ], [ -47.296886328164653, -24.265636340869357, 0.0 ], [ -47.297067931830249, -24.26571114956846, 0.0 ], [ -47.297699084344281, -24.266143337923271, 0.0 ], [ -47.298497762616918, -24.266118884851952, 0.0 ], [ -47.298793320674442, -24.265943558994888, 0.0 ], [ -47.299044954787689, -24.265785000312782, 0.0 ], [ -47.299889361043519, -24.265312104556944, 0.0 ], [ -47.300467848422386, -24.265060751053475, 0.0 ], [ -47.302804383447928, -24.264536408453292, 0.0 ], [ -47.303502419891331, -24.2645633552833, 0.0 ], [ -47.304085285965186, -24.264767482894065, 0.0 ], [ -47.304483632256698, -24.26512701135772, 0.0 ], [ -47.304968634260412, -24.265414001204768, 0.0 ], [ -47.305335849502804, -24.265502763944497, 0.0 ], [ -47.305564087983292, -24.265502958317189, 0.0 ], [ -47.30606812648, -24.265384774986995, 0.0 ], [ -47.306555679045758, -24.264968693722203, 0.0 ], [ -47.306808723592326, -24.264598207519384, 0.0 ], [ -47.307134721707058, -24.264198431043191, 0.0 ], [ -47.307453347365062, -24.264020539466866, 0.0 ], [ -47.308177172121958, -24.263857579661774, 0.0 ], [ -47.309477209879915, -24.263830774607538, 0.0 ], [ -47.311272524649951, -24.263932463523659, 0.0 ], [ -47.311729912128534, -24.263819669467889, 0.0 ], [ -47.312117589751225, -24.263668691121698, 0.0 ], [ -47.313036295962341, -24.263340984846668, 0.0 ], [ -47.316956524348313, -24.262258840549883, 0.0 ], [ -47.318456129866739, -24.262047903727904, 0.0 ], [ -47.320024858779995, -24.261238145720615, 0.0 ], [ -47.32105893921954, -24.260853219842922, 0.0 ], [ -47.322066260388297, -24.260500887088963, 0.0 ], [ -47.323188605174295, -24.260532725127774, 0.0 ], [ -47.32365887173362, -24.260684101881008, 0.0 ], [ -47.325479434447338, -24.261383940710086, 0.0 ], [ -47.326485363736332, -24.262383858334189, 0.0 ], [ -47.326962227469735, -24.262823724622429, 0.0 ], [ -47.327228387312218, -24.262875784819396, 0.0 ], [ -47.328567700089415, -24.263074758188836, 0.0 ], [ -47.331757023888926, -24.263254568597059, 0.0 ], [ -47.332386539957696, -24.263139468427781, 0.0 ], [ -47.340933909763798, -24.258904598388952, 0.0 ], [ -47.341975896253764, -24.258480932117589, 0.0 ], [ -47.342540794896458, -24.258322401115493, 0.0 ], [ -47.342910238110846, -24.258279434674691, 0.0 ], [ -47.343230459259466, -24.258298780637841, 0.0 ], [ -47.343641896941818, -24.25836333848105, 0.0 ], [ -47.34612731448054, -24.259098875887844, 0.0 ], [ -47.34697450035069, -24.259431458161799, 0.0 ], [ -47.347624583920989, -24.259667049489874, 0.0 ] ] } },
{ "type": "Feature", "properties": { "id": "SEG-0028", "rodovia": "SP 055", "km_ini": 386.6, "km_fim": 389.8, "ra_geo_max": null, "ra_hid_max": null, "ra": null, "dist_geo": null, "dist_hid": null, "regiao": null, "uba": null, "desc": "SEM_DADO", "source": "SEM_DADO" }, "geometry": { "type": "LineString", "coordinates": [ [ -47.347624583920989, -24.259667049489874, 0.0 ], [ -47.35055360691122, -24.260728495473195, 0.0 ], [ -47.352961509494293, -24.261559821013751, 0.0 ], [ -47.354004527424358, -24.261889644078575, 0.0 ], [ -47.354667140584304, -24.262125172300134, 0.0 ], [ -47.355507471576871, -24.262384068409705, 0.0 ], [ -47.356363857507581, -24.262524326204094, 0.0 ], [ -47.359169461240121, -24.262875792451748, 0.0 ], [ -47.360490370176926, -24.262973669668099, 0.0 ], [ -47.361655734407904, -24.262830871689136, 0.0 ], [ -47.362927977748377, -24.262555168113398, 0.0 ], [ -47.364359484272839, -24.261849530429505, 0.0 ], [ -47.365580964232123, -24.260861381730432, 0.0 ], [ -47.366696223675973, -24.259628969904643, 0.0 ], [ -47.367845058909488, -24.258546306302907, 0.0 ], [ -47.369565921726448, -24.257288900082482, 0.0 ], [ -47.370738756687402, -24.256583087862623, 0.0 ], [ -47.371698645598343, -24.25625172041061, 0.0 ], [ -47.373445068295268, -24.255402365316016, 0.0 ], [ -47.373985433540383, -24.254870311537658, 0.0 ], [ -47.3744221705375, -24.253639879795625, 0.0 ], [ -47.374555884043097, -24.253552195822561, 0.0 ] ] } },
{ "type": "Feature", "properties": { "id": "SEG-0029", "rodovia": "SP 055", "km_ini": 233.4, "km_fim": 248.1, "ra_geo_max": 4.0, "ra_hid_max": null, "ra": 4.0, "dist_geo": { "0": 0, "1": 6, "2": 1, "3": 2, "4": 2 }, "dist_hid": null, "regiao": 4.0, "uba": "UBA 05.04-SVC", "desc": "Santos-Bertioga (km 235-238): predominancia RAGEO1 (6/11)", "source": "regea2021" }, "geometry": { "type": "LineString", "coordinates": [ [ -46.192096777839787, -23.881365256292092, 0.0 ], [ -46.192520560003651, -23.881438990739358, 0.0 ], [ -46.192969396323434, -23.881554248656848, 0.0 ], [ -46.193165828983354, -23.881600239941537, 0.0 ], [ -46.193632551874238, -23.88177545607768, 0.0 ], [ -46.199438725867196, -23.884251192065637, 0.0 ], [ -46.200028048425459, -23.884563105529317, 0.0 ], [ -46.200731010715344, -23.885092171771191, 0.0 ], [ -46.2013759953009, -23.885782188889287, 0.0 ], [ -46.201811341490171, -23.886553624836438, 0.0 ], [ -46.202842953315532, -23.887727776690969, 0.0 ], [ -46.202982394719271, -23.887731130313195, 0.0 ], [ -46.203637893782684, -23.887787445923138, 0.0 ], [ -46.204322950019204, -23.887506603122858, 0.0 ], [ -46.205449058198013, -23.886278575984118, 0.0 ], [ -46.20598047348458, -23.885779689368849, 0.0 ], [ -46.206171090793696, -23.885648168072311, 0.0 ], [ -46.207083807413376, -23.885243158677227, 0.0 ], [ -46.208082295956999, -23.885128749334822, 0.0 ], [ -46.209081306665738, -23.885328005255502, 0.0 ], [ -46.209840522230046, -23.885731093668571, 0.0 ], [ -46.210020066489442, -23.885901787657378, 0.0 ], [ -46.210242303098283, -23.886117012636813, 0.0 ], [ -46.210483214270177, -23.886350506345419, 0.0 ], [ -46.210866261696644, -23.887016868741181, 0.0 ], [ -46.211046644065519, -23.88781624936335, 0.0 ], [ -46.21107297764356, -23.88815064086554, 0.0 ], [ -46.211258206243286, -23.893015099672571, 0.0 ], [ -46.211381623736436, -23.893831272016673, 0.0 ], [ -46.212413636460219, -23.895141781175337, 0.0 ], [ -46.2131865609784, -23.895502133157841, 0.0 ], [ -46.213838949717726, -23.895608762617179, 0.0 ], [ -46.215589827893716, -23.895654718760913, 0.0 ], [ -46.216352147474048, -23.895861639029295, 0.0 ], [ -46.217675402441699, -23.896780752878204, 0.0 ], [ -46.217983446499808, -23.896897374759146, 0.0 ], [ -46.218427677606044, -23.897028674123145, 0.0 ], [ -46.219225988932159, -23.896888801491794, 0.0 ], [ -46.220392257866976, -23.895909796674328, 0.0 ], [ -46.220717752043612, -23.895314128677182, 0.0 ], [ -46.220691751481766, -23.894648739862721, 0.0 ], [ -46.22033342677441, -23.893596577090317, 0.0 ], [ -46.21999905353865, -23.892075884024006, 0.0 ], [ -46.219942105692049, -23.891325558667944, 0.0 ], [ -46.2201820620337, -23.890468503816791, 0.0 ], [ -46.220595707074985, -23.889917611171239, 0.0 ], [ -46.220797612900412, -23.889710653627485, 0.0 ], [ -46.221722124208505, -23.889252970572844, 0.0 ], [ -46.222778174093996, -23.889193405247532, 0.0 ], [ -46.224820081138496, -23.889614829872496, 0.0 ], [ -46.225959771673175, -23.889766306718833, 0.0 ], [ -46.232322074763189, -23.889722689593281, 0.0 ], [ -46.234920405339913, -23.889933710209057, 0.0 ], [ -46.236010499763296, -23.890155442215669, 0.0 ], [ -46.240851607629665, -23.891488040175275, 0.0 ], [ -46.241958954130709, -23.891854264700164, 0.0 ], [ -46.242851406432074, -23.892230259098895, 0.0 ], [ -46.243604088705396, -23.892771671306757, 0.0 ], [ -46.244210083627195, -23.893466819558981, 0.0 ], [ -46.244414882573579, -23.893900939726301, 0.0 ], [ -46.244604631239518, -23.894268218432831, 0.0 ], [ -46.246167182890531, -23.898159300046917, 0.0 ], [ -46.246403579614359, -23.898625177209329, 0.0 ], [ -46.246847558882294, -23.899162473163553, 0.0 ], [ -46.246963088264977, -23.899319741515786, 0.0 ], [ -46.247717395747493, -23.899882879156685, 0.0 ], [ -46.248586165183745, -23.900247180207092, 0.0 ], [ -46.249340593701916, -23.90037493293632, 0.0 ], [ -46.250000915706337, -23.900388133530093, 0.0 ], [ -46.250603071776943, -23.900336819403126, 0.0 ], [ -46.258292345257658, -23.898310953763527, 0.0 ], [ -46.259401448742111, -23.89785580550965, 0.0 ], [ -46.259683033849676, -23.897683157441069, 0.0 ], [ -46.260380367338236, -23.897036537267159, 0.0 ], [ -46.260907038202596, -23.896239172472534, 0.0 ], [ -46.261347918736597, -23.895390235610297, 0.0 ], [ -46.261917532677195, -23.894595059179611, 0.0 ], [ -46.26282022347965, -23.89404144266631, 0.0 ], [ -46.263035665088701, -23.893971515033762, 0.0 ], [ -46.263713245092788, -23.893731893031784, 0.0 ], [ -46.269525734663169, -23.891995667808608, 0.0 ], [ -46.271660010658429, -23.891599467246476, 0.0 ], [ -46.27255175076013, -23.891671036890088, 0.0 ], [ -46.273355032360691, -23.892099264541265, 0.0 ], [ -46.273691257621024, -23.89241889465438, 0.0 ], [ -46.274763851729901, -23.893473533447299, 0.0 ], [ -46.274897440981754, -23.89367679375481, 0.0 ], [ -46.27528852284739, -23.894204217452877, 0.0 ], [ -46.275485491153752, -23.895028328973304, 0.0 ], [ -46.275367149352697, -23.895960488768978, 0.0 ], [ -46.275212351981523, -23.8966857230111, 0.0 ], [ -46.275015176640309, -23.898007284952655, 0.0 ], [ -46.275037036469811, -23.898179285255178, 0.0 ], [ -46.275025009716806, -23.898487820962291, 0.0 ], [ -46.275045623131859, -23.898726383216424, 0.0 ], [ -46.275037539437442, -23.898878921763647, 0.0 ], [ -46.275065193400536, -23.898952861553244, 0.0 ], [ -46.275086381137491, -23.899198053527282, 0.0 ], [ -46.27765400534129, -23.909421515847541, 0.0 ], [ -46.277895053478588, -23.91021426723966, 0.0 ], [ -46.278240778536919, -23.910898126575578, 0.0 ], [ -46.278497983175981, -23.911213486973537, 0.0 ], [ -46.278857763296116, -23.911667477108434, 0.0 ], [ -46.279410608402266, -23.912147877358858, 0.0 ], [ -46.280021186084632, -23.912531115807447, 0.0 ], [ -46.280575195626518, -23.912789891063795, 0.0 ], [ -46.281055686938849, -23.912885430370274, 0.0 ], [ -46.286027817003941, -23.913954406295357, 0.0 ], [ -46.286851811419879, -23.914355140955262, 0.0 ], [ -46.287048919242515, -23.914471016232149, 0.0 ], [ -46.28733607393432, -23.914677662435832, 0.0 ], [ -46.287640036349224, -23.914946122375152, 0.0 ], [ -46.287840144050328, -23.91522013047453, 0.0 ], [ -46.28815059773131, -23.915576920120895, 0.0 ], [ -46.288376634167342, -23.915732014989313, 0.0 ], [ -46.288527204888695, -23.915771716066608, 0.0 ], [ -46.288679948038997, -23.91577503657961, 0.0 ], [ -46.288848637142749, -23.915708302695169, 0.0 ], [ -46.289257226619924, -23.915468632575784, 0.0 ] ] } },
{ "type": "Feature", "properties": { "id": "SEG-0030", "rodovia": "SP 055", "km_ini": 191.4, "km_fim": 211.4, "ra_geo_max": null, "ra_hid_max": 1.0, "ra": 1.0, "dist_geo": null, "dist_hid": { "0": 2, "1": 30, "2": 0, "3": 0, "4": 0 }, "regiao": 3.0, "uba": "UBA 05.04-SVC", "desc": "Sao Sebastiao (hidro): predominancia RAHID1 (30/32)", "source": "regea2021" }, "geometry": { "type": "LineString", "coordinates": [ [ -45.839085892642828, -23.755009345363685, 0.0 ], [ -45.842819985049609, -23.755019821317166, 0.0 ], [ -45.846495878593821, -23.755702698636608, 0.0 ], [ -45.849629121023597, -23.756288349871433, 0.0 ], [ -45.863855106958304, -23.757723771244844, 0.0 ], [ -45.872118473341395, -23.758556232490399, 0.0 ], [ -45.873010022118791, -23.758595760929502, 0.0 ], [ -45.873801020038265, -23.75863082671173, 0.0 ], [ -45.87447371373549, -23.758582775334663, 0.0 ], [ -45.87507506511448, -23.758393360742588, 0.0 ], [ -45.876400485034985, -23.757608102182935, 0.0 ], [ -45.876749527975562, -23.757449881098839, 0.0 ], [ -45.877799474769816, -23.756042244987405, 0.0 ], [ -45.878602590700822, -23.75569449610536, 0.0 ], [ -45.879099272230107, -23.755701236348731, 0.0 ], [ -45.880458693299559, -23.756125885521026, 0.0 ], [ -45.881202276971919, -23.7560802986971, 0.0 ], [ -45.881844368148641, -23.75570191942823, 0.0 ], [ -45.883061956341741, -23.7545745692248, 0.0 ], [ -45.889323960710072, -23.751012101273645, 0.0 ], [ -45.890538712860682, -23.750659257599551, 0.0 ], [ -45.891733431040983, -23.750674836762581, 0.0 ], [ -45.896381618567005, -23.751715842005037, 0.0 ], [ -45.897428112663349, -23.752171168355872, 0.0 ], [ -45.898180130341991, -23.752968990288007, 0.0 ], [ -45.899231848987, -23.754823590525362, 0.0 ], [ -45.899978869339456, -23.755560167759221, 0.0 ], [ -45.901965415308347, -23.75641413195294, 0.0 ], [ -45.935239363168414, -23.768696508846372, 0.0 ], [ -45.94685457135634, -23.772982406940251, 0.0 ], [ -45.947997070607805, -23.773225387936691, 0.0 ], [ -45.952388025964403, -23.773614013923229, 0.0 ], [ -45.953770986839785, -23.773706385899484, 0.0 ], [ -45.954217426813386, -23.773715457016824, 0.0 ], [ -45.954595532242131, -23.77376495267173, 0.0 ], [ -45.955347011428174, -23.77372129647506, 0.0 ], [ -45.959915855252007, -23.774268689519349, 0.0 ], [ -45.962622793764247, -23.775416671256945, 0.0 ], [ -45.965451059915878, -23.777201921797761, 0.0 ], [ -45.965930888681136, -23.777379559980467, 0.0 ], [ -45.967087583845256, -23.777762891321764, 0.0 ], [ -45.967461430461995, -23.777838716581531, 0.0 ], [ -45.968032978767241, -23.777823501632845, 0.0 ], [ -45.978514332111587, -23.775601685431319, 0.0 ], [ -45.979348933360441, -23.775510163786215, 0.0 ], [ -45.980448729755466, -23.775398847708864, 0.0 ], [ -45.982395087022518, -23.775506819943455, 0.0 ], [ -45.986582011218488, -23.775976489329697, 0.0 ], [ -45.988588252754575, -23.77639095216383, 0.0 ], [ -45.998579447471521, -23.77867936213871, 0.0 ], [ -46.026480678053701, -23.787024535369113, 0.0 ], [ -46.027866503013449, -23.787191479901264, 0.0 ] ] } },
{ "type": "Feature", "properties": { "id": "SEG-0031", "rodovia": "SP 055", "km_ini": 211.4, "km_fim": 214.65, "ra_geo_max": null, "ra_hid_max": 3.0, "ra": 3.0, "dist_geo": null, "dist_hid": { "0": 4, "1": 67, "2": 1, "3": 3, "4": 0 }, "regiao": 4.0, "uba": "UBA 05.04-SVC", "desc": "Santos-Bertioga (hidro): predominancia RAHID1 (67/75)", "source": "regea2021" }, "geometry": { "type": "LineString", "coordinates": [ [ -46.027866503013449, -23.787191479901264, 0.0 ], [ -46.028533933043711, -23.787447974972331, 0.0 ], [ -46.030007086335303, -23.788078913146421, 0.0 ], [ -46.058073981528359, -23.796637597584077, 0.0 ] ] } },
{ "type": "Feature", "properties": { "id": "SEG-0032", "rodovia": "SP 055", "km_ini": 214.65, "km_fim": 220.45, "ra_geo_max": null, "ra_hid_max": 3.0, "ra": 3.0, "dist_geo": null, "dist_hid": { "0": 4, "1": 67, "2": 1, "3": 3, "4": 0 }, "regiao": 4.0, "uba": "UBA 05.04-SVC", "desc": "Santos-Bertioga (hidro): predominancia RAHID1 (67/75)", "source": "regea2021" }, "geometry": { "type": "LineString", "coordinates": [ [ -46.058073981528359, -23.796637597584077, 0.0 ], [ -46.060328704235403, -23.797116085731755, 0.0 ], [ -46.073088840065282, -23.800951697628431, 0.0 ], [ -46.073465752506564, -23.800972327401301, 0.0 ], [ -46.074675229799652, -23.801316778234515, 0.0 ], [ -46.075339746109215, -23.801628194573663, 0.0 ], [ -46.083748571303119, -23.804155125055729, 0.0 ], [ -46.088879368606989, -23.805824846460357, 0.0 ], [ -46.09080013558836, -23.806852013848399, 0.0 ], [ -46.094405597011054, -23.809201091512254, 0.0 ], [ -46.096338213211311, -23.810115777991598, 0.0 ], [ -46.105860382097589, -23.813053511774445, 0.0 ], [ -46.112619695957484, -23.815139066672948, 0.0 ], [ -46.113965364312129, -23.815554141390582, 0.0 ] ] } },
{ "type": "Feature", "properties": { "id": "SEG-0033", "rodovia": "SP 055", "km_ini": 220.45, "km_fim": 233.4, "ra_geo_max": null, "ra_hid_max": 3.0, "ra": 3.0, "dist_geo": null, "dist_hid": { "0": 4, "1": 67, "2": 1, "3": 3, "4": 0 }, "regiao": 4.0, "uba": "UBA 05.04-SVC", "desc": "Santos-Bertioga (hidro): predominancia RAHID1 (67/75)", "source": "regea2021" }, "geometry": { "type": "LineString", "coordinates": [ [ -46.113965364312129, -23.815554141390582, 0.0 ], [ -46.115109683146514, -23.815732806326945, 0.0 ], [ -46.116048246536224, -23.815970882235831, 0.0 ], [ -46.116880569745646, -23.816249331996623, 0.0 ], [ -46.118003403426137, -23.816799611186866, 0.0 ], [ -46.128273276713124, -23.819966708417464, 0.0 ], [ -46.129278493765824, -23.820474302924055, 0.0 ], [ -46.131029629438459, -23.821777784265052, 0.0 ], [ -46.138262012748115, -23.828539960690158, 0.0 ], [ -46.139203489024887, -23.829420179750983, 0.0 ], [ -46.140949564284611, -23.831052618285856, 0.0 ], [ -46.143172483517134, -23.832620341622562, 0.0 ], [ -46.144688135511444, -23.83330442904537, 0.0 ], [ -46.146299348977692, -23.833774428020501, 0.0 ], [ -46.156958857077377, -23.835569415415215, 0.0 ], [ -46.158271281983183, -23.835877076559552, 0.0 ], [ -46.160248405036249, -23.836783524806897, 0.0 ], [ -46.161229512151266, -23.837579542118679, 0.0 ], [ -46.167160743490321, -23.843524188789278, 0.0 ], [ -46.167678870061977, -23.844298468001458, 0.0 ], [ -46.168365231532505, -23.845586655558915, 0.0 ], [ -46.168696343027896, -23.846744615928575, 0.0 ], [ -46.168820517473897, -23.847916428608269, 0.0 ], [ -46.16881912316142, -23.848558824464703, 0.0 ], [ -46.168742491294203, -23.84902226232807, 0.0 ], [ -46.16863406145368, -23.849836268517688, 0.0 ], [ -46.168359484137959, -23.850969648132619, 0.0 ], [ -46.167031768202037, -23.857719533908448, 0.0 ], [ -46.167007207605494, -23.860470709041905, 0.0 ], [ -46.167106064248621, -23.861366838557892, 0.0 ], [ -46.16760798896663, -23.864621010061711, 0.0 ], [ -46.168030696898192, -23.865457374628182, 0.0 ], [ -46.168357739813757, -23.865786899031935, 0.0 ], [ -46.170992710448395, -23.868146850775254, 0.0 ], [ -46.172082539327668, -23.868984513940003, 0.0 ], [ -46.172639325651069, -23.869285727146679, 0.0 ], [ -46.173020140222263, -23.869474719590102, 0.0 ], [ -46.173741092482572, -23.870047744536386, 0.0 ], [ -46.174144968157755, -23.87097880847405, 0.0 ], [ -46.17407380296936, -23.871960360629053, 0.0 ], [ -46.173462331146446, -23.872989019178245, 0.0 ], [ -46.172649405612937, -23.873719606029546, 0.0 ], [ -46.171888444244381, -23.875120366097374, 0.0 ], [ -46.172050554994428, -23.876065245368114, 0.0 ], [ -46.172617048578154, -23.876843925840809, 0.0 ], [ -46.17545786983144, -23.878519815934016, 0.0 ], [ -46.176542541588752, -23.878974732836031, 0.0 ], [ -46.18006034455977, -23.879838955580087, 0.0 ], [ -46.1810249949229, -23.880298941799694, 0.0 ], [ -46.181751189298936, -23.880587757886705, 0.0 ], [ -46.182623801928933, -23.880811371639957, 0.0 ], [ -46.183571851789488, -23.880991682420813, 0.0 ], [ -46.191326771656932, -23.881231279708022, 0.0 ], [ -46.192096777839787, -23.881365256292092, 0.0 ] ] } },
{ "type": "Feature", "properties": { "id": "SEG-0034", "rodovia": "SP 055", "km_ini": 81.97, "km_fim": 87.24, "ra_geo_max": 4.0, "ra_hid_max": null, "ra": 4.0, "dist_geo": { "0": 7, "1": 95, "2": 12, "3": 28, "4": 33 }, "dist_hid": null, "regiao": 2.0, "uba": "UBA 06.04-CGT", "desc": "Caraguatatuba-Ubatuba: predominancia RAGEO1 (95/175)", "source": "regea2021" }, "geometry": { "type": "LineString", "coordinates": [ [ -45.273303542102752, -23.565889334924627, 0.0 ], [ -45.273329605185673, -23.565889651370401, 0.0 ], [ -45.275020044254887, -23.565910612068762, 0.0 ], [ -45.277976992777404, -23.565992575623927, 0.0 ], [ -45.279132229713326, -23.566092108049123, 0.0 ], [ -45.280065698960627, -23.566284647617003, 0.0 ], [ -45.280836375411297, -23.566388647143821, 0.0 ], [ -45.282646608077954, -23.566649860863436, 0.0 ], [ -45.283896778690142, -23.566885920783822, 0.0 ], [ -45.284506452069401, -23.566944999541846, 0.0 ], [ -45.284860364533095, -23.567011757499046, 0.0 ], [ -45.285151355996248, -23.567093750065055, 0.0 ], [ -45.28566210162289, -23.567293929969171, 0.0 ], [ -45.286230654354789, -23.567652145623228, 0.0 ], [ -45.286731825454396, -23.568080032098916, 0.0 ], [ -45.287738122935806, -23.568935626495453, 0.0 ], [ -45.288273400605327, -23.569323119814136, 0.0 ], [ -45.288816119341348, -23.569633413236218, 0.0 ], [ -45.289299587952634, -23.569864847069521, 0.0 ], [ -45.29313874753062, -23.571283095729985, 0.0 ], [ -45.293299913189067, -23.57133212407571, 0.0 ], [ -45.293622529016893, -23.571323709303289, 0.0 ], [ -45.294029559923104, -23.571082679621981, 0.0 ], [ -45.29441029383414, -23.570565590139704, 0.0 ], [ -45.294641755779566, -23.570130458348014, 0.0 ], [ -45.294976367420986, -23.56978494643073, 0.0 ], [ -45.295465073568593, -23.569634510159823, 0.0 ], [ -45.296021784353073, -23.569727301621064, 0.0 ], [ -45.298549974418194, -23.570407674212387, 0.0 ], [ -45.300099608148734, -23.570712868787123, 0.0 ], [ -45.301856222831887, -23.570982625569052, 0.0 ], [ -45.30303789153011, -23.571230209117292, 0.0 ], [ -45.304726128815204, -23.571539900688865, 0.0 ], [ -45.310277802251591, -23.572511663865747, 0.0 ], [ -45.310739737379897, -23.572500152985459, 0.0 ], [ -45.311134107732933, -23.572313828457464, 0.0 ], [ -45.311325215691873, -23.572113951053041, 0.0 ], [ -45.311483814586268, -23.571859605017917, 0.0 ], [ -45.311605604193517, -23.571577801799428, 0.0 ], [ -45.311831664040966, -23.571251448287541, 0.0 ], [ -45.312315719993599, -23.570936625968592, 0.0 ], [ -45.313010542349488, -23.570908688797012, 0.0 ], [ -45.313636514027444, -23.571122820186876, 0.0 ], [ -45.314318994832817, -23.571496947352049, 0.0 ], [ -45.315965509414632, -23.572943768381425, 0.0 ], [ -45.316439590961593, -23.573455151747027, 0.0 ], [ -45.316764651630102, -23.574777512231112, 0.0 ], [ -45.317497229647294, -23.576387369235743, 0.0 ] ] } },
{ "type": "Feature", "properties": { "id": "SEG-0035", "rodovia": "SP 055", "km_ini": 87.24, "km_fim": 89.1, "ra_geo_max": 4.0, "ra_hid_max": null, "ra": 4.0, "dist_geo": { "0": 7, "1": 95, "2": 12, "3": 28, "4": 33 }, "dist_hid": null, "regiao": 2.0, "uba": "UBA 06.04-CGT", "desc": "Caraguatatuba-Ubatuba: predominancia RAGEO1 (95/175)", "source": "regea2021" }, "geometry": { "type": "LineString", "coordinates": [ [ -45.317497229647294, -23.576387369235743, 0.0 ], [ -45.317855654354581, -23.576813467033389, 0.0 ], [ -45.318384823833171, -23.577253875701803, 0.0 ], [ -45.318976041431434, -23.577587429050656, 0.0 ], [ -45.322743387846323, -23.578652892875692, 0.0 ], [ -45.323275448531923, -23.57882822979138, 0.0 ], [ -45.323652967258411, -23.579031685398917, 0.0 ], [ -45.324761277550451, -23.579628979050845, 0.0 ], [ -45.325750092349764, -23.580406691564939, 0.0 ], [ -45.326615954625957, -23.58133706588265, 0.0 ], [ -45.32753770755496, -23.582571285345129, 0.0 ], [ -45.328254223798595, -23.583793608860891, 0.0 ], [ -45.328855648833404, -23.584449709171565, 0.0 ], [ -45.330264763489005, -23.585730065763467, 0.0 ] ] } },
{ "type": "Feature", "properties": { "id": "SEG-0036", "rodovia": "SP 055", "km_ini": 89.1, "km_fim": 99.63, "ra_geo_max": 4.0, "ra_hid_max": 0.0, "ra": 4.0, "dist_geo": { "0": 7, "1": 95, "2": 12, "3": 28, "4": 33 }, "dist_hid": { "0": 7, "1": 0, "2": 0, "3": 0, "4": 0 }, "regiao": 2.0, "uba": "UBA 06.04-CGT", "desc": "Caraguatatuba-Ubatuba: predominancia RAGEO1 (95/175)", "source": "regea2021" }, "geometry": { "type": "LineString", "coordinates": [ [ -45.330264763489005, -23.585730065763467, 0.0 ], [ -45.331681375921953, -23.587017211888934, 0.0 ], [ -45.336598475848703, -23.59148471789365, 0.0 ], [ -45.337247868933098, -23.591969048368423, 0.0 ], [ -45.33762288020219, -23.592415416801106, 0.0 ], [ -45.33944648555282, -23.594072176437908, 0.0 ], [ -45.339797702641064, -23.594446860109809, 0.0 ], [ -45.340086478860407, -23.594797610540741, 0.0 ], [ -45.342043426891898, -23.597424309545662, 0.0 ], [ -45.345335144858261, -23.601836474337595, 0.0 ], [ -45.346001096573183, -23.602803699204628, 0.0 ], [ -45.34638622203255, -23.603237902950294, 0.0 ], [ -45.34689604459291, -23.603558685402675, 0.0 ], [ -45.347458694103615, -23.603708549052985, 0.0 ], [ -45.348021611362697, -23.603699541860568, 0.0 ], [ -45.352974525842782, -23.602820214713809, 0.0 ], [ -45.353120567013676, -23.602810826345365, 0.0 ], [ -45.353575136067754, -23.60271572774878, 0.0 ], [ -45.354106669326193, -23.602351807265244, 0.0 ], [ -45.354447052314555, -23.60193309901921, 0.0 ], [ -45.354643046286959, -23.601741633731681, 0.0 ], [ -45.355068718813953, -23.601442667752401, 0.0 ], [ -45.356850297070757, -23.600377140764479, 0.0 ], [ -45.357495557755357, -23.600237003256762, 0.0 ], [ -45.360804133375375, -23.599995943261575, 0.0 ], [ -45.361493385250292, -23.599902507146322, 0.0 ], [ -45.361870905045421, -23.59991820335717, 0.0 ], [ -45.363719647335216, -23.599783458433912, 0.0 ], [ -45.364394901553204, -23.599635679132234, 0.0 ], [ -45.364568125914431, -23.599563578124013, 0.0 ], [ -45.364986453911641, -23.59932593278867, 0.0 ], [ -45.365421811443007, -23.598879666069958, 0.0 ], [ -45.365951565278912, -23.598642777024864, 0.0 ], [ -45.366540695153432, -23.598815843479343, 0.0 ], [ -45.367057722304239, -23.599219337893079, 0.0 ], [ -45.367462498044461, -23.599697170097969, 0.0 ], [ -45.367984313855303, -23.599985222086811, 0.0 ], [ -45.368250476725308, -23.600427430923602, 0.0 ], [ -45.368444063605651, -23.600951724580536, 0.0 ], [ -45.368877827133865, -23.601338617261746, 0.0 ], [ -45.369710937475574, -23.601871538661744, 0.0 ], [ -45.370011078778596, -23.602250697779684, 0.0 ], [ -45.370193973385788, -23.603435792133357, 0.0 ], [ -45.370556466833584, -23.603974663882713, 0.0 ], [ -45.370699740144595, -23.604557691058677, 0.0 ], [ -45.370424425137756, -23.605156246368583, 0.0 ], [ -45.369813317266235, -23.605567047779697, 0.0 ], [ -45.3693731990899, -23.606088489205252, 0.0 ], [ -45.369220160181762, -23.606715580664641, 0.0 ], [ -45.369098387850805, -23.607308093462414, 0.0 ], [ -45.369287191813818, -23.607800506543445, 0.0 ], [ -45.36968962633977, -23.608086650111574, 0.0 ], [ -45.370130853645833, -23.608315311891293, 0.0 ], [ -45.370428404645985, -23.608415424200693, 0.0 ], [ -45.370991496332707, -23.608450713371109, 0.0 ], [ -45.371674649326643, -23.608474357831192, 0.0 ], [ -45.372235698913357, -23.608597737737465, 0.0 ], [ -45.37255935259234, -23.609036887807669, 0.0 ], [ -45.372643836074225, -23.609682460358062, 0.0 ], [ -45.372947472803709, -23.610265044234612, 0.0 ], [ -45.37310995791654, -23.610354242991718, 0.0 ], [ -45.37357945174724, -23.61062897885861, 0.0 ], [ -45.374297829052672, -23.61093879794571, 0.0 ], [ -45.375498686238203, -23.611044149039969, 0.0 ], [ -45.37576127760353, -23.611028031144009, 0.0 ], [ -45.376104506043681, -23.611091076278608, 0.0 ], [ -45.376345391333984, -23.611102208946896, 0.0 ], [ -45.3768185957016, -23.611328092212499, 0.0 ], [ -45.377372885023249, -23.611676050144506, 0.0 ], [ -45.377797300005604, -23.611978857197805, 0.0 ], [ -45.378044975107777, -23.612198864854079, 0.0 ], [ -45.378550373904325, -23.612513566213938, 0.0 ], [ -45.378990141061408, -23.612714006726282, 0.0 ], [ -45.379298221181358, -23.612806568457497, 0.0 ], [ -45.37977456495549, -23.612870642148852, 0.0 ], [ -45.380446133779209, -23.612948681711121, 0.0 ], [ -45.382238190227028, -23.612983899600195, 0.0 ], [ -45.383340719774417, -23.613330992221556, 0.0 ], [ -45.383983702828296, -23.613719854091734, 0.0 ], [ -45.384615288594837, -23.614460586772942, 0.0 ], [ -45.385154882471497, -23.614816818769164, 0.0 ], [ -45.385662130587413, -23.614947708735702, 0.0 ], [ -45.386665620825212, -23.614922446569611, 0.0 ], [ -45.387220548005715, -23.61499112769706, 0.0 ], [ -45.387710065759897, -23.615094401552152, 0.0 ], [ -45.388105690066027, -23.615248655552225, 0.0 ], [ -45.388672509616754, -23.615444785611793, 0.0 ], [ -45.394139675282553, -23.61695786984777, 0.0 ], [ -45.394651952771284, -23.617013156950279, 0.0 ], [ -45.395127758378855, -23.617142911661855, 0.0 ], [ -45.395494245242887, -23.617326924982361, 0.0 ], [ -45.396806625172609, -23.617652519417128, 0.0 ], [ -45.397191610257238, -23.617649546749931, 0.0 ], [ -45.397790531145958, -23.617728096312824, 0.0 ], [ -45.398227196772474, -23.61790315347757, 0.0 ], [ -45.398599122214335, -23.618133525972102, 0.0 ], [ -45.398810757126768, -23.618230470208111, 0.0 ], [ -45.399831624735356, -23.618508578851266, 0.0 ], [ -45.402047281913724, -23.619124456688279, 0.0 ], [ -45.402917081974785, -23.619105556822934, 0.0 ], [ -45.403278441744717, -23.619189383633749, 0.0 ], [ -45.40357404767613, -23.619268330688421, 0.0 ], [ -45.403929991462405, -23.619446842678464, 0.0 ], [ -45.404209495347004, -23.619652355773241, 0.0 ], [ -45.404709020015396, -23.619870064044648, 0.0 ] ] } },
{ "type": "Feature", "properties": { "id": "SEG-0037", "rodovia": "SP 055", "km_ini": 99.63, "km_fim": 102.3, "ra_geo_max": 4.0, "ra_hid_max": null, "ra": 4.0, "dist_geo": { "0": 7, "1": 95, "2": 12, "3": 28, "4": 33 }, "dist_hid": null, "regiao": 2.0, "uba": "UBA 06.04-CGT", "desc": "Caraguatatuba-Ubatuba: predominancia RAGEO1 (95/175)", "source": "regea2021" }, "geometry": { "type": "LineString", "coordinates": [ [ -45.404709020015396, -23.619870064044648, 0.0 ], [ -45.406303815430952, -23.620328674017248, 0.0 ], [ -45.406802791593933, -23.620477408207616, 0.0 ], [ -45.409207198923276, -23.621105884618292, 0.0 ], [ -45.411823721273912, -23.622555927972051, 0.0 ], [ -45.413098916995374, -23.623712880101397, 0.0 ], [ -45.414093375335554, -23.623876691427185, 0.0 ], [ -45.414634860439499, -23.623978296814499, 0.0 ], [ -45.415020124081266, -23.624019105589841, 0.0 ], [ -45.415452281002551, -23.624161907797902, 0.0 ], [ -45.423541093665762, -23.625472843175903, 0.0 ], [ -45.424327230912475, -23.625637085999635, 0.0 ], [ -45.424494503736184, -23.625770974470139, 0.0 ], [ -45.424474071279526, -23.625976487320262, 0.0 ], [ -45.424241410354774, -23.626485239847554, 0.0 ], [ -45.424292566071536, -23.627202200494231, 0.0 ] ] } },
{ "type": "Feature", "properties": { "id": "SEG-0038", "rodovia": "SP 055", "km_ini": 102.3, "km_fim": 112.55, "ra_geo_max": null, "ra_hid_max": 1.0, "ra": 1.0, "dist_geo": null, "dist_hid": { "0": 3, "1": 5, "2": 0, "3": 0, "4": 0 }, "regiao": 2.0, "uba": "UBA 06.04-CGT", "desc": "Caraguatatuba-Ubatuba (hidro, km 112): RAHID1 (5/8)", "source": "regea2021" }, "geometry": { "type": "LineString", "coordinates": [ [ -45.424292566071536, -23.627202200494231, 0.0 ], [ -45.424810201254815, -23.628001412343828, 0.0 ], [ -45.425236572738136, -23.628467933366327, 0.0 ], [ -45.425404012235802, -23.628664413743202, 0.0 ], [ -45.425581331184731, -23.628955136612745, 0.0 ], [ -45.425674166055273, -23.629181319940358, 0.0 ], [ -45.425732515131585, -23.62946663390678, 0.0 ], [ -45.425924422657232, -23.629862994732459, 0.0 ], [ -45.427033116731039, -23.631715309023079, 0.0 ], [ -45.430728744445354, -23.639213575454825, 0.0 ], [ -45.430967227925308, -23.639676618880614, 0.0 ], [ -45.431044535115568, -23.639947738958703, 0.0 ], [ -45.431281613564387, -23.642038957377704, 0.0 ], [ -45.434151219021267, -23.65638006071547, 0.0 ], [ -45.434730152382464, -23.659399216175743, 0.0 ], [ -45.435135972911638, -23.661225386261329, 0.0 ], [ -45.435263898262264, -23.661795026833673, 0.0 ], [ -45.435251747773769, -23.661899081305393, 0.0 ], [ -45.435310242488534, -23.662366791312401, 0.0 ], [ -45.435409391054606, -23.662789103888368, 0.0 ], [ -45.435685101267509, -23.663427094909622, 0.0 ], [ -45.435769825456887, -23.663852480193064, 0.0 ], [ -45.435744012036565, -23.664214401303976, 0.0 ], [ -45.435744649411369, -23.664610629721182, 0.0 ], [ -45.437479808315189, -23.673397399222502, 0.0 ], [ -45.437707864678849, -23.673964435808891, 0.0 ], [ -45.437787465834894, -23.674769964709405, 0.0 ], [ -45.437872989676336, -23.674976944299598, 0.0 ], [ -45.437904948313793, -23.675626077404768, 0.0 ], [ -45.438093477259272, -23.676600706264011, 0.0 ], [ -45.439709348728421, -23.685237623357029, 0.0 ], [ -45.43991517143629, -23.686290812782783, 0.0 ], [ -45.440041650973399, -23.686721719894745, 0.0 ], [ -45.440256895291576, -23.687240714437646, 0.0 ], [ -45.440687844720152, -23.688110368622475, 0.0 ], [ -45.441057130871904, -23.688493722690268, 0.0 ], [ -45.442155331241786, -23.689015539617991, 0.0 ], [ -45.442554729355521, -23.689274886435399, 0.0 ], [ -45.442923934936225, -23.689617088601135, 0.0 ], [ -45.443022205397369, -23.689774942064556, 0.0 ], [ -45.443220126197296, -23.690018375537353, 0.0 ], [ -45.443456808132204, -23.690551077913572, 0.0 ], [ -45.443539013046653, -23.691113580694708, 0.0 ], [ -45.443535867448247, -23.691377103824724, 0.0 ], [ -45.443489587933492, -23.691577997529151, 0.0 ], [ -45.443429435176853, -23.691916688073857, 0.0 ], [ -45.443301920769066, -23.692235545775826, 0.0 ], [ -45.442272618174862, -23.694169403695284, 0.0 ], [ -45.441807230755337, -23.694800414425092, 0.0 ], [ -45.441297519447353, -23.695590863024794, 0.0 ], [ -45.441095264655651, -23.695961550448121, 0.0 ], [ -45.440869838442815, -23.696368998785051, 0.0 ], [ -45.440590139489764, -23.69674534999417, 0.0 ], [ -45.44027091623618, -23.69706137368826, 0.0 ], [ -45.439691991935042, -23.697797292289795, 0.0 ], [ -45.437552896704233, -23.701149991258458, 0.0 ], [ -45.437273191952436, -23.701818984818161, 0.0 ], [ -45.437030915087789, -23.70224603402821, 0.0 ], [ -45.436751494413535, -23.702637701803248, 0.0 ], [ -45.436291969527595, -23.703136472388209, 0.0 ], [ -45.435621851185246, -23.704036215784406, 0.0 ], [ -45.434942491139928, -23.705077610200153, 0.0 ], [ -45.434800619921873, -23.705412686135382, 0.0 ], [ -45.434694282812664, -23.705586999260905, 0.0 ], [ -45.434540489234003, -23.705762823905197, 0.0 ], [ -45.430246279391518, -23.712401163945419, 0.0 ], [ -45.430169796556939, -23.712649108699928, 0.0 ], [ -45.430157944295296, -23.712666716152476, 0.0 ] ] } },
{ "type": "Feature", "properties": { "id": "SEG-0039", "rodovia": "SP 055", "km_ini": 53.6, "km_fim": 81.97, "ra_geo_max": 4.0, "ra_hid_max": null, "ra": 4.0, "dist_geo": { "0": 7, "1": 95, "2": 12, "3": 28, "4": 33 }, "dist_hid": null, "regiao": 2.0, "uba": "UBA 06.04-CGT", "desc": "Caraguatatuba-Ubatuba: predominancia RAGEO1 (95/175)", "source": "regea2021" }, "geometry": { "type": "LineString", "coordinates": [ [ -45.062686645250686, -23.466653618630659, 0.0 ], [ -45.063210138609861, -23.467255894839351, 0.0 ], [ -45.064718177150169, -23.468969577852818, 0.0 ], [ -45.065359449938569, -23.469645024141979, 0.0 ], [ -45.065754096588002, -23.470146738601624, 0.0 ], [ -45.066444143339588, -23.470930860692256, 0.0 ], [ -45.067056858458905, -23.471785248409734, 0.0 ], [ -45.068890003368693, -23.474698883352151, 0.0 ], [ -45.06961927279599, -23.475765833252975, 0.0 ], [ -45.07073247854526, -23.477259415421521, 0.0 ], [ -45.071098595676659, -23.477799695870278, 0.0 ], [ -45.071229783012015, -23.478186388422365, 0.0 ], [ -45.071242310190421, -23.478685819740406, 0.0 ], [ -45.071085350277095, -23.479211090415532, 0.0 ], [ -45.070993929202437, -23.479716310774403, 0.0 ], [ -45.071227356093253, -23.480123174091322, 0.0 ], [ -45.071722437721988, -23.480297224154278, 0.0 ], [ -45.072917187612852, -23.480217316504419, 0.0 ], [ -45.073435709069138, -23.480418126922135, 0.0 ], [ -45.073744476258618, -23.480836190642663, 0.0 ], [ -45.074412554352485, -23.483095355466567, 0.0 ], [ -45.074644184371643, -23.483775858494315, 0.0 ], [ -45.074782987572448, -23.484347998677148, 0.0 ], [ -45.077087180023526, -23.492139585629442, 0.0 ], [ -45.077330045012033, -23.49285362951451, 0.0 ], [ -45.077499137705892, -23.493117489178513, 0.0 ], [ -45.07789828939385, -23.493496124462162, 0.0 ], [ -45.078421705596803, -23.493709167693638, 0.0 ], [ -45.078954086968196, -23.4937579125925, 0.0 ], [ -45.079525808834873, -23.493659341800196, 0.0 ], [ -45.08069900197026, -23.493364440443422, 0.0 ], [ -45.081259583420014, -23.493332159915482, 0.0 ], [ -45.0828698531583, -23.493694426845778, 0.0 ], [ -45.083304144625068, -23.493653818883157, 0.0 ], [ -45.083625322643549, -23.493421058686117, 0.0 ], [ -45.083786980192521, -23.493073867173159, 0.0 ], [ -45.083787073718902, -23.492977448275713, 0.0 ], [ -45.083702017061348, -23.491904530930078, 0.0 ], [ -45.083735607234374, -23.491578481751436, 0.0 ], [ -45.083887417937994, -23.49127503187999, 0.0 ], [ -45.084129689688609, -23.49102747794095, 0.0 ], [ -45.084273204751128, -23.490936030973355, 0.0 ], [ -45.084584477662254, -23.49084368457012, 0.0 ], [ -45.086043010375583, -23.490545109730395, 0.0 ], [ -45.091889745502193, -23.490051707641083, 0.0 ], [ -45.092670494727713, -23.489955830602309, 0.0 ], [ -45.093973603241416, -23.489787421401303, 0.0 ], [ -45.094643705474617, -23.489705508088608, 0.0 ], [ -45.095099414391782, -23.48965418328148, 0.0 ], [ -45.09569596442357, -23.489550278394962, 0.0 ], [ -45.102576689068719, -23.488055193877539, 0.0 ], [ -45.103020912780948, -23.487956667567275, 0.0 ], [ -45.103170072420902, -23.487913639428591, 0.0 ], [ -45.103327043295565, -23.487862939658775, 0.0 ], [ -45.103724732393744, -23.487792399707178, 0.0 ], [ -45.105359077831174, -23.487460104849582, 0.0 ], [ -45.105939248795629, -23.487415779324838, 0.0 ], [ -45.106594216494109, -23.487535089299353, 0.0 ], [ -45.107008896586358, -23.487819150020854, 0.0 ], [ -45.107191966267379, -23.488400887866725, 0.0 ], [ -45.107235119380142, -23.488919179986677, 0.0 ], [ -45.107166253356269, -23.489199297393615, 0.0 ], [ -45.107096921811277, -23.489421536609424, 0.0 ], [ -45.107069010153346, -23.489594840550595, 0.0 ], [ -45.107544580697102, -23.490706435687198, 0.0 ], [ -45.107642086647601, -23.491047128288884, 0.0 ], [ -45.107636073861919, -23.491206625233961, 0.0 ], [ -45.107464806710126, -23.491519453641963, 0.0 ], [ -45.107445344653456, -23.491981856289222, 0.0 ], [ -45.107651584200916, -23.492317355250965, 0.0 ], [ -45.107910430122345, -23.492447393890849, 0.0 ], [ -45.108328767497703, -23.493005682302847, 0.0 ], [ -45.108518227675745, -23.493194488666653, 0.0 ], [ -45.109387716428181, -23.493621802027576, 0.0 ], [ -45.109792657925951, -23.494051251114165, 0.0 ], [ -45.110565683219043, -23.49505891722638, 0.0 ], [ -45.110983056574554, -23.49529698300951, 0.0 ], [ -45.111108216781268, -23.49535513639599, 0.0 ], [ -45.111712542027426, -23.49553421599229, 0.0 ], [ -45.112840310002944, -23.496459279163616, 0.0 ], [ -45.113350918440453, -23.496527447462217, 0.0 ], [ -45.113554958874012, -23.496552900884051, 0.0 ], [ -45.114304358536501, -23.496721761201087, 0.0 ], [ -45.115400065035871, -23.497109367041965, 0.0 ], [ -45.115676251564011, -23.497311282474925, 0.0 ], [ -45.115864927874462, -23.497497193867609, 0.0 ], [ -45.116039783570152, -23.497731084496081, 0.0 ], [ -45.1162118294938, -23.497851225002652, 0.0 ], [ -45.116489654806252, -23.497983078307271, 0.0 ], [ -45.117001877799026, -23.498052450921971, 0.0 ], [ -45.118613474327823, -23.498740843111996, 0.0 ], [ -45.119604842685455, -23.499804786926422, 0.0 ], [ -45.119751494217837, -23.499986536868413, 0.0 ], [ -45.119959085429123, -23.500098437057947, 0.0 ], [ -45.120211395667468, -23.500121931251012, 0.0 ], [ -45.120988565867599, -23.500081880754291, 0.0 ], [ -45.122150449207858, -23.500412563487586, 0.0 ], [ -45.122598545377485, -23.500414853570458, 0.0 ], [ -45.122766017918266, -23.500451149095586, 0.0 ], [ -45.123008167590285, -23.500546360509166, 0.0 ], [ -45.123090856893391, -23.500606451739642, 0.0 ], [ -45.123569109585233, -23.501018777979475, 0.0 ], [ -45.123741878750785, -23.501097031209788, 0.0 ], [ -45.124012098163135, -23.501125459219701, 0.0 ], [ -45.124203937170293, -23.501099383065192, 0.0 ], [ -45.124346724360727, -23.501088226660816, 0.0 ], [ -45.124765700368911, -23.501115747745175, 0.0 ], [ -45.125258714891274, -23.501265478963074, 0.0 ], [ -45.126193811205198, -23.501699675243824, 0.0 ], [ -45.126836827299599, -23.501803929086048, 0.0 ], [ -45.127273431659184, -23.501858831520682, 0.0 ], [ -45.127800503180985, -23.501951907298473, 0.0 ], [ -45.128598730286065, -23.502030486125175, 0.0 ], [ -45.129070974038029, -23.501896803711059, 0.0 ], [ -45.129427104101545, -23.501583108376412, 0.0 ], [ -45.130348887032525, -23.500392601524819, 0.0 ], [ -45.130516533556523, -23.500137416082261, 0.0 ], [ -45.130795809806408, -23.499828630228752, 0.0 ], [ -45.131614205706342, -23.49919020749612, 0.0 ], [ -45.131890626684772, -23.499029153246447, 0.0 ], [ -45.132326720106128, -23.498820416909943, 0.0 ], [ -45.132641215211336, -23.498709919707473, 0.0 ], [ -45.133242951034561, -23.498499868105924, 0.0 ], [ -45.134054666846446, -23.498197427340255, 0.0 ], [ -45.134208716986613, -23.498140986662392, 0.0 ], [ -45.136656370663495, -23.496852991702017, 0.0 ], [ -45.137370827992513, -23.496640226622755, 0.0 ], [ -45.1382417888059, -23.496507019391455, 0.0 ], [ -45.138848309557055, -23.496414895893118, 0.0 ], [ -45.139279636400751, -23.496280528637261, 0.0 ], [ -45.139542427826171, -23.496200625558998, 0.0 ], [ -45.140270075049706, -23.496064375480785, 0.0 ], [ -45.140540720879542, -23.496044962735745, 0.0 ], [ -45.140696162364968, -23.495961200628226, 0.0 ], [ -45.140857967088294, -23.495850133324019, 0.0 ], [ -45.140965841539909, -23.495669428446671, 0.0 ], [ -45.141093069046327, -23.495469856018566, 0.0 ], [ -45.141196091705652, -23.495180474448038, 0.0 ], [ -45.141468512478717, -23.494791695396341, 0.0 ], [ -45.141665261940467, -23.494629984937323, 0.0 ], [ -45.141952288642287, -23.494495278555366, 0.0 ], [ -45.142284383665981, -23.494456962605703, 0.0 ], [ -45.142848053758875, -23.494568737301787, 0.0 ], [ -45.143107725184478, -23.494648258660504, 0.0 ], [ -45.143291103122188, -23.494665601550171, 0.0 ], [ -45.143470245983245, -23.494599492348623, 0.0 ], [ -45.143850881813094, -23.494438292841462, 0.0 ], [ -45.143984980428826, -23.494306725072299, 0.0 ], [ -45.14426548315425, -23.494029815785133, 0.0 ], [ -45.144603114133524, -23.493975109025346, 0.0 ], [ -45.144936584383174, -23.493935982292044, 0.0 ], [ -45.145240935549403, -23.493806544303681, 0.0 ], [ -45.145551220420771, -23.493638207640664, 0.0 ], [ -45.145753916171003, -23.493600248261121, 0.0 ], [ -45.146139613825731, -23.493596820831218, 0.0 ], [ -45.146491546966949, -23.493621126919489, 0.0 ], [ -45.146910548193141, -23.493552225633191, 0.0 ], [ -45.14761195181606, -23.49335124576692, 0.0 ], [ -45.14799757746615, -23.493271568657711, 0.0 ], [ -45.148311343951939, -23.493043176710454, 0.0 ], [ -45.148610054651058, -23.492763582376487, 0.0 ], [ -45.148744239960031, -23.492681273347184, 0.0 ], [ -45.149007549531788, -23.492403901212416, 0.0 ], [ -45.149582457017267, -23.492098903331733, 0.0 ], [ -45.14971096625726, -23.492059830909724, 0.0 ], [ -45.149893609870979, -23.491965399483441, 0.0 ], [ -45.150401811326226, -23.491808642329641, 0.0 ], [ -45.151463338842724, -23.491512437504223, 0.0 ], [ -45.152157775301767, -23.491493098381316, 0.0 ], [ -45.152338276716129, -23.491518574748302, 0.0 ], [ -45.152850314761665, -23.491607169037966, 0.0 ], [ -45.153114297182682, -23.491628080909205, 0.0 ], [ -45.153333607738951, -23.49160253332235, 0.0 ], [ -45.153470092636681, -23.491566312720625, 0.0 ], [ -45.154031213642988, -23.491392045827538, 0.0 ], [ -45.154541293410752, -23.49117118426933, 0.0 ], [ -45.154872920703838, -23.491111534816241, 0.0 ], [ -45.155492279823321, -23.491264334143107, 0.0 ], [ -45.158095329250322, -23.492253963584549, 0.0 ], [ -45.158381904942203, -23.492324230246918, 0.0 ], [ -45.158721065553301, -23.492426492993832, 0.0 ], [ -45.15923405043867, -23.492507574356942, 0.0 ], [ -45.159960016967744, -23.492527661344663, 0.0 ], [ -45.16011774702865, -23.492549512402622, 0.0 ], [ -45.160285253599397, -23.492545863250996, 0.0 ], [ -45.160441499341651, -23.492542459347195, 0.0 ], [ -45.16105851098667, -23.492504893081822, 0.0 ], [ -45.161631393000981, -23.492289315429868, 0.0 ], [ -45.161788977953869, -23.492171690612448, 0.0 ], [ -45.162145471733822, -23.491908132423386, 0.0 ], [ -45.16250681365409, -23.491706689695118, 0.0 ], [ -45.162689858330346, -23.491598960157365, 0.0 ], [ -45.163343316643697, -23.491421307836621, 0.0 ], [ -45.165267614269446, -23.490997502282799, 0.0 ], [ -45.165555798975205, -23.490947416000122, 0.0 ], [ -45.165909693802021, -23.490884754250597, 0.0 ], [ -45.166144311775334, -23.4908509727134, 0.0 ], [ -45.16647810709815, -23.490809396998699, 0.0 ], [ -45.167078949303857, -23.490704057693566, 0.0 ], [ -45.167372300852001, -23.490678618124051, 0.0 ], [ -45.167643132705145, -23.490641492260671, 0.0 ], [ -45.168161667050455, -23.490630913736037, 0.0 ], [ -45.168193070494929, -23.490626538334283, 0.0 ], [ -45.168452145399122, -23.490635212909915, 0.0 ], [ -45.168796136935526, -23.490662729086075, 0.0 ], [ -45.169040776800159, -23.490680933675112, 0.0 ], [ -45.16926298196725, -23.490697654757, 0.0 ], [ -45.169794696653064, -23.490783071062189, 0.0 ], [ -45.170368554300509, -23.490912356026854, 0.0 ], [ -45.170674057922746, -23.491015459942332, 0.0 ], [ -45.170943239805695, -23.491108676973401, 0.0 ], [ -45.171403099460946, -23.491275793654264, 0.0 ], [ -45.172386800323821, -23.491773811045963, 0.0 ], [ -45.173796893620448, -23.492494194396055, 0.0 ], [ -45.174411457663041, -23.492806259225201, 0.0 ], [ -45.17547181101741, -23.493355279208924, 0.0 ], [ -45.176359869031806, -23.493921090327788, 0.0 ], [ -45.176525420583872, -23.494276166675188, 0.0 ], [ -45.176538201026041, -23.494677027047917, 0.0 ], [ -45.176609704616681, -23.495107021977965, 0.0 ], [ -45.176923946452433, -23.495493794922723, 0.0 ], [ -45.177189164680463, -23.49567019762075, 0.0 ], [ -45.177362279780262, -23.495787266644495, 0.0 ], [ -45.177511341943898, -23.495983320073151, 0.0 ], [ -45.177682204405812, -23.49621039056268, 0.0 ], [ -45.178132863885821, -23.496504502829584, 0.0 ], [ -45.178562079431735, -23.496574230024503, 0.0 ], [ -45.178697181077531, -23.49659478906888, 0.0 ], [ -45.178981220366907, -23.496763131178852, 0.0 ], [ -45.179674031674836, -23.497182399172669, 0.0 ], [ -45.180171065704052, -23.497239553310834, 0.0 ], [ -45.181531989133795, -23.497302642924392, 0.0 ], [ -45.181774905672548, -23.497322029555544, 0.0 ], [ -45.182183343881455, -23.497509201180197, 0.0 ], [ -45.182360614525031, -23.497689757447102, 0.0 ], [ -45.182538659636187, -23.498002917719916, 0.0 ], [ -45.182996471450494, -23.49948404569, 0.0 ], [ -45.183438013185928, -23.500169017874789, 0.0 ], [ -45.184405404567002, -23.501554733803804, 0.0 ], [ -45.184466356127928, -23.502326553657905, 0.0 ], [ -45.184471198626319, -23.502921185508999, 0.0 ], [ -45.184779257228548, -23.503607516290192, 0.0 ], [ -45.185143572141939, -23.504163519074606, 0.0 ], [ -45.185294636552797, -23.504772793930048, 0.0 ], [ -45.185636466730315, -23.505323877827053, 0.0 ], [ -45.185985201392455, -23.50553403131352, 0.0 ], [ -45.18625691940089, -23.505717826788647, 0.0 ], [ -45.186761163067438, -23.506035785540661, 0.0 ], [ -45.187699542361003, -23.50658831240208, 0.0 ], [ -45.188334071328065, -23.507015163115828, 0.0 ], [ -45.188912502735903, -23.507550893193134, 0.0 ], [ -45.189273115998937, -23.508176708907133, 0.0 ], [ -45.189335881420085, -23.508441071401986, 0.0 ], [ -45.189416000312455, -23.508784644981755, 0.0 ], [ -45.189619981149953, -23.509953103555741, 0.0 ], [ -45.190159900523128, -23.513049220661642, 0.0 ], [ -45.190305354520362, -23.513587032522508, 0.0 ], [ -45.190495872661799, -23.513875945091545, 0.0 ], [ -45.190641446935132, -23.514093627191226, 0.0 ], [ -45.190977380000767, -23.514385484094401, 0.0 ], [ -45.191342769822462, -23.514577943323982, 0.0 ], [ -45.191811996977144, -23.514757169955605, 0.0 ], [ -45.192292458819686, -23.514978536961422, 0.0 ], [ -45.20125103607576, -23.518497789177101, 0.0 ], [ -45.20160312823851, -23.518595696340828, 0.0 ], [ -45.20182593599359, -23.518682126910747, 0.0 ], [ -45.202221806886158, -23.518879110868181, 0.0 ], [ -45.205641150340526, -23.520222186819289, 0.0 ], [ -45.222000963046177, -23.528921085823296, 0.0 ], [ -45.22292028119525, -23.529452347580992, 0.0 ], [ -45.223476888923024, -23.529835158562392, 0.0 ], [ -45.22379389713717, -23.530104763681575, 0.0 ], [ -45.224202320863988, -23.530455996460198, 0.0 ], [ -45.22451393926756, -23.530729625928075, 0.0 ], [ -45.225435358118069, -23.531548836285232, 0.0 ], [ -45.225856007733036, -23.53190466642554, 0.0 ], [ -45.225999869899525, -23.53205643773622, 0.0 ], [ -45.226430484012106, -23.532577765828133, 0.0 ], [ -45.226537602169522, -23.532747131199237, 0.0 ], [ -45.226995502644151, -23.533471114123042, 0.0 ], [ -45.227300394703335, -23.534036245599417, 0.0 ], [ -45.228417688150046, -23.53710085295306, 0.0 ], [ -45.229683262871724, -23.54050901121364, 0.0 ], [ -45.229740839418184, -23.540667078587855, 0.0 ], [ -45.229791007429441, -23.540867644767495, 0.0 ], [ -45.229853963811436, -23.541076290336981, 0.0 ], [ -45.231331551637709, -23.545087157434441, 0.0 ], [ -45.231721993595436, -23.545579531649725, 0.0 ], [ -45.232279854597479, -23.54585630206352, 0.0 ], [ -45.238739954388649, -23.547183407738427, 0.0 ], [ -45.244611238765359, -23.548415224528483, 0.0 ], [ -45.245266872360702, -23.548558962126737, 0.0 ], [ -45.246628187977556, -23.548871550179431, 0.0 ], [ -45.247365848764076, -23.549162312397847, 0.0 ], [ -45.24800286981705, -23.549596537269938, 0.0 ], [ -45.248510954825221, -23.550119043515394, 0.0 ], [ -45.248609355338104, -23.550275751057004, 0.0 ], [ -45.248936142234456, -23.550870123441687, 0.0 ], [ -45.249246579420493, -23.55149437142591, 0.0 ], [ -45.250288524921338, -23.553523760100632, 0.0 ], [ -45.252543291840894, -23.55809614716042, 0.0 ], [ -45.252962148397742, -23.558801551369793, 0.0 ], [ -45.253553946923915, -23.559351941577077, 0.0 ], [ -45.256344526137489, -23.561111082268173, 0.0 ], [ -45.25725708320671, -23.561676579756327, 0.0 ], [ -45.258891007506158, -23.562743646305158, 0.0 ], [ -45.259140915919872, -23.562902872122581, 0.0 ], [ -45.259671955402503, -23.563291973292404, 0.0 ], [ -45.259908193108387, -23.563490683175452, 0.0 ], [ -45.260208231708667, -23.56372054161303, 0.0 ], [ -45.260398247385574, -23.563890157954145, 0.0 ], [ -45.262103102415388, -23.565367683580874, 0.0 ], [ -45.262615312250531, -23.565653324263799, 0.0 ], [ -45.263131152574779, -23.565765355740805, 0.0 ], [ -45.273303542102752, -23.565889334924627, 0.0 ] ] } },
{ "type": "Feature", "properties": { "id": "SEG-0040", "rodovia": "SP 055", "km_ini": 112.55, "km_fim": 114.5, "ra_geo_max": 4.0, "ra_hid_max": null, "ra": 4.0, "dist_geo": { "0": 0, "1": 27, "2": 7, "3": 14, "4": 16 }, "dist_hid": null, "regiao": 3.0, "uba": "UBA 06.04-CGT", "desc": "Sao Sebastiao (norte): predominancia RAGEO1 (27/64)", "source": "regea2021" }, "geometry": { "type": "LineString", "coordinates": [ [ -45.430157944295296, -23.712666716152476, 0.0 ], [ -45.43005374828725, -23.712821513427347, 0.0 ], [ -45.429723462303762, -23.713417139757322, 0.0 ], [ -45.429224822480073, -23.714056682502765, 0.0 ], [ -45.428919395157351, -23.714444198888199, 0.0 ], [ -45.426567440365311, -23.71802663709283, 0.0 ], [ -45.426419855428847, -23.718334567053553, 0.0 ], [ -45.426245506435968, -23.718801441694627, 0.0 ], [ -45.426000608294522, -23.719231233829522, 0.0 ], [ -45.425640650879089, -23.719580630754528, 0.0 ] ] } },
{ "type": "Feature", "properties": { "id": "SEG-0041", "rodovia": "SP 055", "km_ini": 114.5, "km_fim": 120.0, "ra_geo_max": 4.0, "ra_hid_max": null, "ra": 4.0, "dist_geo": { "0": 0, "1": 27, "2": 7, "3": 14, "4": 16 }, "dist_hid": null, "regiao": 3.0, "uba": "UBA 06.04-CGT", "desc": "Sao Sebastiao (norte): predominancia RAGEO1 (27/64)", "source": "regea2021" }, "geometry": { "type": "LineString", "coordinates": [ [ -45.425640650879089, -23.719580630754528, 0.0 ], [ -45.425307457252252, -23.719964399775655, 0.0 ], [ -45.425085909219007, -23.720314813955536, 0.0 ], [ -45.424546720563022, -23.721194906876509, 0.0 ], [ -45.421097963149144, -23.726435496105232, 0.0 ], [ -45.420746466195027, -23.726834489258696, 0.0 ], [ -45.420304286718576, -23.727068494791855, 0.0 ], [ -45.419806566059599, -23.727120074622292, 0.0 ], [ -45.41930111468907, -23.727003434842196, 0.0 ], [ -45.418203696700061, -23.726524314120898, 0.0 ], [ -45.417604269093204, -23.726413169250471, 0.0 ], [ -45.417032370565472, -23.7266272734796, 0.0 ], [ -45.416571732565949, -23.727001910150598, 0.0 ], [ -45.41616043086335, -23.72720210072665, 0.0 ], [ -45.415741674051496, -23.727184322727894, 0.0 ], [ -45.415134647671252, -23.727052741775747, 0.0 ], [ -45.414714107385727, -23.726856453518561, 0.0 ], [ -45.414209260268542, -23.726443681611151, 0.0 ], [ -45.414065622356176, -23.725684801323265, 0.0 ], [ -45.413981176004569, -23.725493769706976, 0.0 ], [ -45.413704749044513, -23.725269154802927, 0.0 ], [ -45.413522242930007, -23.725263766703854, 0.0 ], [ -45.413260096607999, -23.725365024407598, 0.0 ], [ -45.413083346187584, -23.725536251379278, 0.0 ], [ -45.412893209909932, -23.725714456001008, 0.0 ], [ -45.412738485832612, -23.725762328505599, 0.0 ], [ -45.412531437498608, -23.725751767810262, 0.0 ], [ -45.412108311698596, -23.725695082264263, 0.0 ], [ -45.411980053834043, -23.725663091945091, 0.0 ], [ -45.410544709033765, -23.725092751994563, 0.0 ], [ -45.40988114136389, -23.724920344968876, 0.0 ], [ -45.409387862851752, -23.725128112344343, 0.0 ], [ -45.409316996189361, -23.725595757715347, 0.0 ], [ -45.409121683224448, -23.725908237202724, 0.0 ], [ -45.408880309111197, -23.72607299660033, 0.0 ], [ -45.408067393762039, -23.72640625787573, 0.0 ], [ -45.407941502347867, -23.726519537172656, 0.0 ], [ -45.407874725555658, -23.726630716801559, 0.0 ], [ -45.407959544084839, -23.727126896603544, 0.0 ], [ -45.407919033126767, -23.727282283606844, 0.0 ], [ -45.407799758183998, -23.727446780451118, 0.0 ], [ -45.407651050706498, -23.727549383762394, 0.0 ], [ -45.407543641801659, -23.727619470800359, 0.0 ], [ -45.407220368102777, -23.727604613893721, 0.0 ], [ -45.406565702183187, -23.727273294711058, 0.0 ], [ -45.405474043726969, -23.726572356653907, 0.0 ], [ -45.404766592223091, -23.726089519130607, 0.0 ], [ -45.404490682745191, -23.725894600232881, 0.0 ], [ -45.404229306175594, -23.725875312999943, 0.0 ], [ -45.402735052226369, -23.726316495460878, 0.0 ], [ -45.402527570841286, -23.726456513501407, 0.0 ], [ -45.402464102115658, -23.726611173159363, 0.0 ], [ -45.402422856595877, -23.726801876195715, 0.0 ], [ -45.402486629897872, -23.726992998236682, 0.0 ], [ -45.402576980857219, -23.727114913255495, 0.0 ], [ -45.402719304504167, -23.727182477032773, 0.0 ], [ -45.403545655726091, -23.727968037076938, 0.0 ], [ -45.403783272070633, -23.7282313201265, 0.0 ], [ -45.403957962718195, -23.728468959075403, 0.0 ], [ -45.404026909997434, -23.728639489612956, 0.0 ], [ -45.404087954304011, -23.728820081633426, 0.0 ], [ -45.404214775598604, -23.729495798633643, 0.0 ], [ -45.404208374669516, -23.729868920127988, 0.0 ], [ -45.404205063221198, -23.730033046408092, 0.0 ], [ -45.403914820971934, -23.730593240623371, 0.0 ], [ -45.403443330847836, -23.730965200891855, 0.0 ], [ -45.402602349176249, -23.73154107915893, 0.0 ], [ -45.402317789801842, -23.731730689788208, 0.0 ], [ -45.401319415802803, -23.732360680458839, 0.0 ], [ -45.40083964240339, -23.732628256989361, 0.0 ], [ -45.400324570291161, -23.732845405590961, 0.0 ], [ -45.399826622162138, -23.733105637153109, 0.0 ], [ -45.399573810342524, -23.733494361730354, 0.0 ], [ -45.39957757071916, -23.733914373723749, 0.0 ], [ -45.399814142944379, -23.734274302594002, 0.0 ], [ -45.39993785342299, -23.734619759667847, 0.0 ], [ -45.399984775534101, -23.735113312402309, 0.0 ], [ -45.400034250677081, -23.735402908974038, 0.0 ], [ -45.400040288443364, -23.73569722042367, 0.0 ], [ -45.400016581898839, -23.736158746258159, 0.0 ], [ -45.400247995574091, -23.736728075247139, 0.0 ], [ -45.400497562867969, -23.73705830216954, 0.0 ], [ -45.400830756764364, -23.737282848748908, 0.0 ], [ -45.401524118501264, -23.737400845129017, 0.0 ], [ -45.402023505971528, -23.737704091647174, 0.0 ], [ -45.402402728379528, -23.738097179243987, 0.0 ], [ -45.402483394999052, -23.739212751169429, 0.0 ], [ -45.402735826624102, -23.739789035292056, 0.0 ], [ -45.403215981732998, -23.740198009391126, 0.0 ], [ -45.403552159029523, -23.740318986601572, 0.0 ], [ -45.403800455447204, -23.740414636050602, 0.0 ], [ -45.404321503741762, -23.740551279032896, 0.0 ], [ -45.404447721243621, -23.740592972438584, 0.0 ], [ -45.404642871276835, -23.740707670075025, 0.0 ], [ -45.404757445061776, -23.740845372949185, 0.0 ], [ -45.404822734768466, -23.741039842050544, 0.0 ], [ -45.404992117416413, -23.741252497947549, 0.0 ], [ -45.405125177424935, -23.741529270936525, 0.0 ], [ -45.405259280555995, -23.741736264672486, 0.0 ], [ -45.40588939248137, -23.742378058993257, 0.0 ], [ -45.406222511614835, -23.742815871368688, 0.0 ], [ -45.4067183842471, -23.743524802552407, 0.0 ] ] } },
{ "type": "Feature", "properties": { "id": "SEG-0042", "rodovia": "SP 055", "km_ini": 120.0, "km_fim": 130.0, "ra_geo_max": 4.0, "ra_hid_max": null, "ra": 4.0, "dist_geo": { "0": 0, "1": 27, "2": 7, "3": 14, "4": 16 }, "dist_hid": null, "regiao": 3.0, "uba": "UBA 06.04-CGT", "desc": "Sao Sebastiao (norte): predominancia RAGEO1 (27/64)", "source": "regea2021" }, "geometry": { "type": "LineString", "coordinates": [ [ -45.4067183842471, -23.743524802552407, 0.0 ], [ -45.40701120725759, -23.743863962971592, 0.0 ], [ -45.407100818922039, -23.743934098130655, 0.0 ], [ -45.40746931542877, -23.744289830663476, 0.0 ], [ -45.407729016101058, -23.744571812922395, 0.0 ], [ -45.40796969657044, -23.744967890561341, 0.0 ], [ -45.408223819742418, -23.74548069839387, 0.0 ], [ -45.408222375894297, -23.745547356568515, 0.0 ], [ -45.408386222192718, -23.746023073324348, 0.0 ], [ -45.408943503409311, -23.747261843719709, 0.0 ], [ -45.409176985161388, -23.747683296143062, 0.0 ], [ -45.409417199071662, -23.748008358653571, 0.0 ], [ -45.409814173089259, -23.748217699158932, 0.0 ], [ -45.410099853728163, -23.748352460223032, 0.0 ], [ -45.410450282181031, -23.74859476693339, 0.0 ], [ -45.410737112614193, -23.748838844628843, 0.0 ], [ -45.410922682002372, -23.748951503439265, 0.0 ], [ -45.41124620212566, -23.749160026784391, 0.0 ], [ -45.411424956229737, -23.749257816783071, 0.0 ], [ -45.411699959954973, -23.749601623186489, 0.0 ], [ -45.411866174094158, -23.750333777249306, 0.0 ], [ -45.411917621857746, -23.750697639106868, 0.0 ], [ -45.412194168056004, -23.752311611376456, 0.0 ], [ -45.41236471628288, -23.752862575464675, 0.0 ], [ -45.412513220491626, -23.753183924223684, 0.0 ], [ -45.412595449453406, -23.753382623843937, 0.0 ], [ -45.412730995356824, -23.753902098211142, 0.0 ], [ -45.412747322115763, -23.754215102199975, 0.0 ], [ -45.412834726741231, -23.755330583594965, 0.0 ], [ -45.412845573192776, -23.755417409997079, 0.0 ], [ -45.412844593338711, -23.755722308824591, 0.0 ], [ -45.412701322715058, -23.756745051032251, 0.0 ], [ -45.412673243053625, -23.75700063346083, 0.0 ], [ -45.412620264597201, -23.757296119442675, 0.0 ], [ -45.412301674648845, -23.759461951706374, 0.0 ], [ -45.41213229735952, -23.760621870310857, 0.0 ], [ -45.411987483222575, -23.761113207584824, 0.0 ], [ -45.41102480320086, -23.762622665985852, 0.0 ], [ -45.410644242941643, -23.763095459874073, 0.0 ], [ -45.41010322652847, -23.763451522871414, 0.0 ], [ -45.409547966021826, -23.763749439513738, 0.0 ], [ -45.409123512908927, -23.764005379532392, 0.0 ], [ -45.40861148694502, -23.764176550742317, 0.0 ], [ -45.4081568270269, -23.764460386459152, 0.0 ], [ -45.407436271728443, -23.765259616323902, 0.0 ], [ -45.406480809945442, -23.766366807389968, 0.0 ], [ -45.406256475282639, -23.766730538004534, 0.0 ], [ -45.405964413271271, -23.767082736069092, 0.0 ], [ -45.405555696040231, -23.767450629089645, 0.0 ], [ -45.405064715053051, -23.76800743911382, 0.0 ], [ -45.404724077264746, -23.76841786778088, 0.0 ], [ -45.40436738633867, -23.768894884217254, 0.0 ], [ -45.404027400906919, -23.769517032862538, 0.0 ], [ -45.403951039641065, -23.76969201820523, 0.0 ], [ -45.403134583840547, -23.771562916952941, 0.0 ], [ -45.402292504400172, -23.773389148696779, 0.0 ], [ -45.402186413774231, -23.773756869545547, 0.0 ], [ -45.402102509740288, -23.774116975823677, 0.0 ], [ -45.402031823403846, -23.774471416769327, 0.0 ], [ -45.401988888904626, -23.775070626563778, 0.0 ], [ -45.40189047818879, -23.775541872382792, 0.0 ], [ -45.401731596195241, -23.775994859474704, 0.0 ], [ -45.401634217727057, -23.776351997815318, 0.0 ], [ -45.401548931249778, -23.776732842851928, 0.0 ], [ -45.401368651454327, -23.777561759697232, 0.0 ], [ -45.401148107484559, -23.777995850811966, 0.0 ], [ -45.401073081209837, -23.778071664553465, 0.0 ], [ -45.400820431624268, -23.778351661488628, 0.0 ], [ -45.400453050402298, -23.778698191124164, 0.0 ], [ -45.399601359987599, -23.779558785716429, 0.0 ], [ -45.399280040282456, -23.779871646733337, 0.0 ], [ -45.398642257362546, -23.780492629708142, 0.0 ], [ -45.398282069726086, -23.780783309200199, 0.0 ], [ -45.397814154861599, -23.78108014123216, 0.0 ], [ -45.397561074718219, -23.781514799154053, 0.0 ], [ -45.397601038556431, -23.781807898188354, 0.0 ], [ -45.397642020300999, -23.782033772704548, 0.0 ], [ -45.397816485955161, -23.782558337243508, 0.0 ], [ -45.398174557511588, -23.783017353113181, 0.0 ], [ -45.398591406057932, -23.783401238192866, 0.0 ], [ -45.39892026211195, -23.783785770515045, 0.0 ], [ -45.399050923668234, -23.784258459935831, 0.0 ], [ -45.399093608378877, -23.784761806491662, 0.0 ], [ -45.398986776592139, -23.785479475963363, 0.0 ], [ -45.398837397505822, -23.786321487004013, 0.0 ], [ -45.398712671857282, -23.786880966567214, 0.0 ], [ -45.398464150523118, -23.78736019364143, 0.0 ], [ -45.398173710256579, -23.78782876198672, 0.0 ], [ -45.397932382984436, -23.788329266316499, 0.0 ], [ -45.397976258938947, -23.788780913558263, 0.0 ], [ -45.397976955391378, -23.788845126406706, 0.0 ], [ -45.398221674456821, -23.789338952525185, 0.0 ], [ -45.39934509098692, -23.791742340086461, 0.0 ], [ -45.399473681344169, -23.791956190598974, 0.0 ], [ -45.399601617068413, -23.79223291966964, 0.0 ], [ -45.399646513139125, -23.792588289381467, 0.0 ], [ -45.399687684753566, -23.792731149401636, 0.0 ], [ -45.399862936059492, -23.793232615460788, 0.0 ], [ -45.400027858434193, -23.793770447547523, 0.0 ], [ -45.400256506081902, -23.794392167794289, 0.0 ], [ -45.400746245741793, -23.795835048001138, 0.0 ], [ -45.402321722711768, -23.800367288608399, 0.0 ], [ -45.402861528409325, -23.801847664555833, 0.0 ], [ -45.403269822822807, -23.803083831782168, 0.0 ], [ -45.403646100267693, -23.804088854215614, 0.0 ] ] } },
{ "type": "Feature", "properties": { "id": "SEG-0043", "rodovia": "SP 055", "km_ini": 130.0, "km_fim": 154.015, "ra_geo_max": 4.0, "ra_hid_max": null, "ra": 4.0, "dist_geo": { "0": 4, "1": 32, "2": 29, "3": 29, "4": 41 }, "dist_hid": null, "regiao": 3.0, "uba": "UBA 05.04-SVC", "desc": "Sao Sebastiao (km 128-153): predominancia RAGEO4 (41/135)", "source": "regea2021" }, "geometry": { "type": "LineString", "coordinates": [ [ -45.559703725611172, -23.791467745710726, 0.0 ], [ -45.557563208268114, -23.792304790091411, 0.0 ], [ -45.556048997556204, -23.792912078230458, 0.0 ], [ -45.555239717629959, -23.79320764866311, 0.0 ], [ -45.554826623953836, -23.793345620786383, 0.0 ], [ -45.5545275568672, -23.793322990406299, 0.0 ], [ -45.55436622620276, -23.793309435139303, 0.0 ], [ -45.553994688036617, -23.7930341002745, 0.0 ], [ -45.552764586961828, -23.792193853188991, 0.0 ], [ -45.552295731969963, -23.792145834837331, 0.0 ], [ -45.552213598276559, -23.79218016604241, 0.0 ], [ -45.552065104158267, -23.792373099161125, 0.0 ], [ -45.551789370485189, -23.792616333924965, 0.0 ], [ -45.551648697440406, -23.792700642434422, 0.0 ], [ -45.550893708718888, -23.793009258295299, 0.0 ], [ -45.549568425462184, -23.793507205099033, 0.0 ], [ -45.549453911742262, -23.793634725474174, 0.0 ], [ -45.549342441867118, -23.793897063286121, 0.0 ], [ -45.549342229216329, -23.794194568312783, 0.0 ], [ -45.549500117710636, -23.794265522392301, 0.0 ], [ -45.550294967376551, -23.794851544110674, 0.0 ], [ -45.550462986899994, -23.795372639399879, 0.0 ], [ -45.550530434822399, -23.795965951735685, 0.0 ], [ -45.550589865377034, -23.796281861316334, 0.0 ], [ -45.550494735783587, -23.796628920241691, 0.0 ], [ -45.550333041750541, -23.796867019919539, 0.0 ], [ -45.550232800829299, -23.797015860251133, 0.0 ], [ -45.550108203191634, -23.797155946309378, 0.0 ], [ -45.550024628617365, -23.797254127048475, 0.0 ], [ -45.549883608398417, -23.797408489321217, 0.0 ], [ -45.549414486787029, -23.797521446665051, 0.0 ], [ -45.549068252281607, -23.797465925666813, 0.0 ], [ -45.548818164903352, -23.797425398072725, 0.0 ], [ -45.548740067205827, -23.797421170168818, 0.0 ], [ -45.548374466864928, -23.797402238290079, 0.0 ], [ -45.548217682082345, -23.797393127972246, 0.0 ], [ -45.547708613189208, -23.797142828708605, 0.0 ], [ -45.547381005172518, -23.797068342087968, 0.0 ], [ -45.54715000708827, -23.797020476411308, 0.0 ], [ -45.546880567197611, -23.797082346824645, 0.0 ], [ -45.546698021257868, -23.797159261276175, 0.0 ], [ -45.546040266084674, -23.797188035825219, 0.0 ], [ -45.545699124469998, -23.797142406133293, 0.0 ], [ -45.544840355429805, -23.797030287471941, 0.0 ], [ -45.544159040647628, -23.796924964290955, 0.0 ], [ -45.543578943484768, -23.796800522199131, 0.0 ], [ -45.542972697091933, -23.796816983886824, 0.0 ], [ -45.542598584136151, -23.797111222262323, 0.0 ], [ -45.542539394135211, -23.797240829114195, 0.0 ], [ -45.542443424481604, -23.797539789892536, 0.0 ], [ -45.542331366679292, -23.798042636031266, 0.0 ], [ -45.542354498146992, -23.79848467073418, 0.0 ], [ -45.54265873552982, -23.798842402310427, 0.0 ], [ -45.543624259604336, -23.799498746951254, 0.0 ], [ -45.543850554873821, -23.799695968219755, 0.0 ], [ -45.544084951156087, -23.799894630866831, 0.0 ], [ -45.544414747397333, -23.800415460045848, 0.0 ], [ -45.54462032038154, -23.800821211784097, 0.0 ], [ -45.545237224755894, -23.802118117380537, 0.0 ], [ -45.54544295761292, -23.802662252620674, 0.0 ], [ -45.54522705959274, -23.803167458848659, 0.0 ], [ -45.543405479710835, -23.805749637069738, 0.0 ], [ -45.539598027896261, -23.807313527270384, 0.0 ], [ -45.539240419313181, -23.807871452548714, 0.0 ], [ -45.539140120655738, -23.808514336123167, 0.0 ], [ -45.539181515414917, -23.809170715685919, 0.0 ], [ -45.539278611273637, -23.809829434349641, 0.0 ], [ -45.539882250164325, -23.810846386750185, 0.0 ], [ -45.54004948146941, -23.811102808454898, 0.0 ], [ -45.540091018992236, -23.811253387876917, 0.0 ], [ -45.540012693836367, -23.811395751569869, 0.0 ], [ -45.538631781404419, -23.812464687821322, 0.0 ], [ -45.538313877166992, -23.812854906569846, 0.0 ], [ -45.537665243383763, -23.813128106998217, 0.0 ], [ -45.537492362326539, -23.813262560608273, 0.0 ], [ -45.537426871948391, -23.81336103082722, 0.0 ], [ -45.537381294984662, -23.813711094460647, 0.0 ], [ -45.537376498491149, -23.8138237461886, 0.0 ], [ -45.537177905822226, -23.814069741999514, 0.0 ], [ -45.537061332398395, -23.81418937847954, 0.0 ], [ -45.536932897053497, -23.814268142241701, 0.0 ], [ -45.536760392826601, -23.814302341430679, 0.0 ], [ -45.536459342015483, -23.814260670355257, 0.0 ], [ -45.535856793328229, -23.81425645358344, 0.0 ], [ -45.535451671975125, -23.814278242311868, 0.0 ], [ -45.534699879760808, -23.814248351208061, 0.0 ], [ -45.533892547362839, -23.814330002350218, 0.0 ], [ -45.533168220739874, -23.8142978190868, 0.0 ], [ -45.532593932308018, -23.814130121155813, 0.0 ], [ -45.53197576539938, -23.813908251425918, 0.0 ], [ -45.531316392049149, -23.813734822746991, 0.0 ], [ -45.530637042126735, -23.813707628307011, 0.0 ], [ -45.530044703727071, -23.813838755306683, 0.0 ], [ -45.528247201625916, -23.814947382533088, 0.0 ], [ -45.527745593782541, -23.81521925577642, 0.0 ], [ -45.527375166417954, -23.815608523323164, 0.0 ], [ -45.52684189472707, -23.816408827571404, 0.0 ], [ -45.526830094745549, -23.816694126163132, 0.0 ], [ -45.526907012632059, -23.81689506765931, 0.0 ], [ -45.527011183782207, -23.817053034505442, 0.0 ], [ -45.527123034613467, -23.817150253807419, 0.0 ], [ -45.528266941746971, -23.817696529116514, 0.0 ], [ -45.528488767911242, -23.817926719666303, 0.0 ], [ -45.528347814581821, -23.818336797430202, 0.0 ], [ -45.527791346654972, -23.818658543462977, 0.0 ], [ -45.527157790072707, -23.819006858670765, 0.0 ], [ -45.526522900716614, -23.819286613107877, 0.0 ], [ -45.52627870489642, -23.819407476817304, 0.0 ], [ -45.526079925597728, -23.819674756337662, 0.0 ], [ -45.526104491731715, -23.819883509860553, 0.0 ], [ -45.526120193945182, -23.819973061816636, 0.0 ], [ -45.526363474658531, -23.820305842388073, 0.0 ], [ -45.526453066095968, -23.820384492623933, 0.0 ], [ -45.526639133782943, -23.8205105640079, 0.0 ], [ -45.526980379713834, -23.820618091925404, 0.0 ], [ -45.527325867726923, -23.820731917143718, 0.0 ], [ -45.527501616126557, -23.820773117155952, 0.0 ], [ -45.527682006919889, -23.820911388046625, 0.0 ], [ -45.52775003625689, -23.821103627942453, 0.0 ], [ -45.527747042632761, -23.821391755328786, 0.0 ], [ -45.527642699351397, -23.821529481873831, 0.0 ], [ -45.52718171137542, -23.822068986893576, 0.0 ], [ -45.527056136506658, -23.822358654075614, 0.0 ], [ -45.527089258721823, -23.822806030452501, 0.0 ], [ -45.527114561959635, -23.823158164030364, 0.0 ], [ -45.527302936368677, -23.823510971266948, 0.0 ], [ -45.527916992666292, -23.824211908521061, 0.0 ], [ -45.528670968231069, -23.824715552104177, 0.0 ], [ -45.529124081319736, -23.825142119337137, 0.0 ], [ -45.529356581999082, -23.825688387573454, 0.0 ], [ -45.529268348839132, -23.826265697733703, 0.0 ], [ -45.528925166139061, -23.826641145068631, 0.0 ], [ -45.528126733953385, -23.827133585443384, 0.0 ], [ -45.527550270030794, -23.827351137850702, 0.0 ], [ -45.526908099549239, -23.827329366284538, 0.0 ], [ -45.526226967461078, -23.827250952645024, 0.0 ], [ -45.525066418733672, -23.826904914238693, 0.0 ], [ -45.524446462404953, -23.826765595867855, 0.0 ], [ -45.524258765050725, -23.826747712693429, 0.0 ], [ -45.523873838776112, -23.826802925012291, 0.0 ], [ -45.523212786519657, -23.826947256329316, 0.0 ], [ -45.521514250509497, -23.827636805554754, 0.0 ], [ -45.521358805209402, -23.827704489975826, 0.0 ], [ -45.521128015855105, -23.827688370927085, 0.0 ], [ -45.521010635072244, -23.827618154575749, 0.0 ], [ -45.520762768099623, -23.827410200215191, 0.0 ], [ -45.520619815773976, -23.827237090500422, 0.0 ], [ -45.520347128493853, -23.827062412162054, 0.0 ], [ -45.520048236367465, -23.826854865490272, 0.0 ], [ -45.519957971116156, -23.826770535473202, 0.0 ], [ -45.519892440985842, -23.826718630297162, 0.0 ], [ -45.519820682271551, -23.826680884545155, 0.0 ], [ -45.519716236314608, -23.826621735662744, 0.0 ], [ -45.5195917246091, -23.826574151138985, 0.0 ], [ -45.519477628788998, -23.826522024570128, 0.0 ], [ -45.519197926985001, -23.826508096234594, 0.0 ], [ -45.519068626409798, -23.826523967843919, 0.0 ], [ -45.518898863917251, -23.826628133051504, 0.0 ], [ -45.518636502405073, -23.826874236880933, 0.0 ], [ -45.518485287960075, -23.827076925730609, 0.0 ], [ -45.518287585843368, -23.827187676124868, 0.0 ], [ -45.518148308719127, -23.827294169861652, 0.0 ], [ -45.515653131825381, -23.828339324265706, 0.0 ], [ -45.515517547061449, -23.828384938447272, 0.0 ], [ -45.5155074064077, -23.828501923510455, 0.0 ], [ -45.515436119064276, -23.82878597475306, 0.0 ], [ -45.515974542023073, -23.829345490265755, 0.0 ], [ -45.51636800072243, -23.829509932721532, 0.0 ], [ -45.517009724114722, -23.829707326836676, 0.0 ], [ -45.517485882465131, -23.829889576191409, 0.0 ], [ -45.517569321504176, -23.830070136554149, 0.0 ], [ -45.517546215065018, -23.830326724155341, 0.0 ], [ -45.51747960623662, -23.830502082037022, 0.0 ], [ -45.517393577249599, -23.83064934668548, 0.0 ], [ -45.517132860478554, -23.831001289956916, 0.0 ], [ -45.517054033205838, -23.831120092316343, 0.0 ], [ -45.51691229872408, -23.831236186347134, 0.0 ], [ -45.516544499407729, -23.831279868582993, 0.0 ], [ -45.515941483385383, -23.831211382040593, 0.0 ], [ -45.515285111329106, -23.831055368739111, 0.0 ], [ -45.514602935229512, -23.830774771728883, 0.0 ], [ -45.513718836455318, -23.830470355333315, 0.0 ], [ -45.513015167391998, -23.830234597613909, 0.0 ], [ -45.51248202599195, -23.830054892937181, 0.0 ], [ -45.511434484978459, -23.829852121284748, 0.0 ], [ -45.510877684136233, -23.829946290356432, 0.0 ], [ -45.510268311431581, -23.830009815744532, 0.0 ], [ -45.509646857038071, -23.829911018259786, 0.0 ], [ -45.508065474183901, -23.829070251564996, 0.0 ], [ -45.507840192550887, -23.829020250673572, 0.0 ], [ -45.507739647379346, -23.829000736782049, 0.0 ], [ -45.507687914354506, -23.829002208029294, 0.0 ], [ -45.507393057944199, -23.829084093566312, 0.0 ], [ -45.507182278364454, -23.829279642826847, 0.0 ], [ -45.5070000953978, -23.829476701638381, 0.0 ], [ -45.506729563502958, -23.829638130408913, 0.0 ], [ -45.505838353649558, -23.829920847504781, 0.0 ], [ -45.505618209859328, -23.829955180912652, 0.0 ], [ -45.505400339987553, -23.829950199491478, 0.0 ], [ -45.504912923979624, -23.830047286576452, 0.0 ], [ -45.504687461765364, -23.830170282329082, 0.0 ], [ -45.504275212408217, -23.830365799017862, 0.0 ], [ -45.50400301147296, -23.830460840540244, 0.0 ], [ -45.503568928633108, -23.830718695434292, 0.0 ], [ -45.503359914819562, -23.830854157236608, 0.0 ], [ -45.50310290879662, -23.830936440175194, 0.0 ], [ -45.502026306722009, -23.831167545739074, 0.0 ], [ -45.501431893804636, -23.831253017195344, 0.0 ], [ -45.500847785377964, -23.831237356291336, 0.0 ], [ -45.500619055242737, -23.831130530175891, 0.0 ], [ -45.49982419153141, -23.830726545720236, 0.0 ], [ -45.49937940768141, -23.830426470678663, 0.0 ], [ -45.498876602475939, -23.83026113227184, 0.0 ], [ -45.498083510577629, -23.830290043207448, 0.0 ], [ -45.497692315999132, -23.830316214695578, 0.0 ], [ -45.49710210020956, -23.83037776567004, 0.0 ], [ -45.496326571302234, -23.830116601821075, 0.0 ], [ -45.496151827275824, -23.830058187859208, 0.0 ], [ -45.495736795519996, -23.829915780854815, 0.0 ], [ -45.49554660748494, -23.829764184058021, 0.0 ], [ -45.495154942412249, -23.829442310299733, 0.0 ], [ -45.494514946795753, -23.829015610462584, 0.0 ], [ -45.494035870229091, -23.828947379017571, 0.0 ], [ -45.493669137431596, -23.828896868843607, 0.0 ], [ -45.492987865158355, -23.828852498980279, 0.0 ], [ -45.492848804051761, -23.828774257769904, 0.0 ], [ -45.492833868650898, -23.828390662250307, 0.0 ], [ -45.492814915432803, -23.828133355383571, 0.0 ], [ -45.492767786831436, -23.827961971200221, 0.0 ], [ -45.492334628339464, -23.82719220868594, 0.0 ], [ -45.492083180430157, -23.827058806883276, 0.0 ], [ -45.491773717843529, -23.826900136845364, 0.0 ], [ -45.491502834052504, -23.82678623888448, 0.0 ], [ -45.491158187147185, -23.826657773821164, 0.0 ], [ -45.491003671660025, -23.826559504515483, 0.0 ], [ -45.490306171394437, -23.826196380420697, 0.0 ], [ -45.489940679596927, -23.82601556465135, 0.0 ], [ -45.489858097978427, -23.825972907463612, 0.0 ], [ -45.489599638876889, -23.825922901783766, 0.0 ], [ -45.489432425675545, -23.825903806232894, 0.0 ], [ -45.489067437112745, -23.825913980629732, 0.0 ], [ -45.488895269658194, -23.825903126119201, 0.0 ], [ -45.48842805338063, -23.825735347234311, 0.0 ], [ -45.488119413162273, -23.825575800817386, 0.0 ], [ -45.487830316008043, -23.825450491199756, 0.0 ], [ -45.487349316295813, -23.825362737933013, 0.0 ], [ -45.486485148216893, -23.825253798954471, 0.0 ], [ -45.485403308522763, -23.825082184256615, 0.0 ], [ -45.484721479297562, -23.825003567164536, 0.0 ], [ -45.483310880577029, -23.824738363744789, 0.0 ], [ -45.482693773014425, -23.824482752431674, 0.0 ], [ -45.482441466295988, -23.823936770313512, 0.0 ], [ -45.482194589584225, -23.823474128297317, 0.0 ], [ -45.481540932174362, -23.823172151670796, 0.0 ], [ -45.48004695454312, -23.822641305519856, 0.0 ], [ -45.47783873625103, -23.822490700867498, 0.0 ], [ -45.477335046706962, -23.822061611076265, 0.0 ], [ -45.477142916255914, -23.821021393717224, 0.0 ], [ -45.476641580839278, -23.81986923430205, 0.0 ], [ -45.475881669613038, -23.819434986211714, 0.0 ], [ -45.475018708948447, -23.819121437833381, 0.0 ], [ -45.474856409265612, -23.819089840746162, 0.0 ], [ -45.474851642926396, -23.819088911732479, 0.0 ], [ -45.474793978689959, -23.819038484082331, 0.0 ], [ -45.474718844972024, -23.818975777193327, 0.0 ], [ -45.474518567649433, -23.818730041470666, 0.0 ], [ -45.474050775849527, -23.818198959788468, 0.0 ], [ -45.473923007275339, -23.818111911156603, 0.0 ], [ -45.473777308933272, -23.818048776357919, 0.0 ], [ -45.473636215488547, -23.818033547450113, 0.0 ], [ -45.473395686577099, -23.817988770777053, 0.0 ], [ -45.473215856277484, -23.817950885949383, 0.0 ], [ -45.473005498214221, -23.817873202987439, 0.0 ], [ -45.472813849956587, -23.817728120482528, 0.0 ], [ -45.472675081090991, -23.817517401570402, 0.0 ], [ -45.47251122275177, -23.817286949566736, 0.0 ], [ -45.472418132407881, -23.817122938259889, 0.0 ], [ -45.472164420163701, -23.816978863934708, 0.0 ], [ -45.471893544438736, -23.816958471447624, 0.0 ], [ -45.471589876500545, -23.816953231486764, 0.0 ], [ -45.471350019198283, -23.816986221940763, 0.0 ], [ -45.471084256742408, -23.816920127562724, 0.0 ], [ -45.470943374054237, -23.816849261178401, 0.0 ], [ -45.470843919135255, -23.816728140842848, 0.0 ], [ -45.470739532362657, -23.816574779499604, 0.0 ], [ -45.470629653511089, -23.816364351537089, 0.0 ], [ -45.47062825802093, -23.81636237064702, 0.0 ], [ -45.470624942877222, -23.816357664081828, 0.0 ], [ -45.470404602871355, -23.815943036797218, 0.0 ], [ -45.470178502467547, -23.815717809054917, 0.0 ], [ -45.469865948435093, -23.815532033913186, 0.0 ], [ -45.469682969597052, -23.815339714350745, 0.0 ], [ -45.469313877583694, -23.814856512301095, 0.0 ], [ -45.468982815834394, -23.814453811942737, 0.0 ], [ -45.468862806657718, -23.814403229880515, 0.0 ], [ -45.468632335295482, -23.814230349470705, 0.0 ], [ -45.468045239568589, -23.814307861732267, 0.0 ], [ -45.467635649065961, -23.814411955382365, 0.0 ], [ -45.467235306790464, -23.814353486996986, 0.0 ], [ -45.465960778042692, -23.813604527930661, 0.0 ], [ -45.465237710792941, -23.813521832974669, 0.0 ], [ -45.464496402077131, -23.81382078326418, 0.0 ], [ -45.464237157152581, -23.814413238707871, 0.0 ], [ -45.464245025857785, -23.816129771784304, 0.0 ], [ -45.464242595446279, -23.816269886370623, 0.0 ], [ -45.464586034386514, -23.816975870253565, 0.0 ], [ -45.464630922676868, -23.817192055179508, 0.0 ], [ -45.464610814025143, -23.817328582622419, 0.0 ], [ -45.46452058965977, -23.817496525095354, 0.0 ], [ -45.464318852832896, -23.817793595608357, 0.0 ], [ -45.464138794645493, -23.817959360432937, 0.0 ], [ -45.463920826948161, -23.818055272404774, 0.0 ], [ -45.463762527653728, -23.818052483950254, 0.0 ], [ -45.463108972731398, -23.817771958312978, 0.0 ], [ -45.4620056271254, -23.817086260191875, 0.0 ], [ -45.461756834925374, -23.816918964544236, 0.0 ], [ -45.461593829940028, -23.816873781805988, 0.0 ], [ -45.461033119351548, -23.816696816721123, 0.0 ], [ -45.460309698645915, -23.816929376491924, 0.0 ], [ -45.456026310833295, -23.818770423889447, 0.0 ], [ -45.455819896778635, -23.818840102426911, 0.0 ], [ -45.453956317595569, -23.819686844742286, 0.0 ], [ -45.453526412212405, -23.820063539211489, 0.0 ], [ -45.45335020155111, -23.82062689674822, 0.0 ], [ -45.453028682184694, -23.82187391940991, 0.0 ], [ -45.452914426778293, -23.822539756338166, 0.0 ], [ -45.452819905199135, -23.822936834226322, 0.0 ], [ -45.452748863226745, -23.823259767573383, 0.0 ], [ -45.452436090606291, -23.823739023222021, 0.0 ], [ -45.451947917254117, -23.824392045953811, 0.0 ], [ -45.451605004799703, -23.824703988224311, 0.0 ], [ -45.451436129797514, -23.824844005078049, 0.0 ], [ -45.450784329900728, -23.824932050280069, 0.0 ], [ -45.450229346523173, -23.824832653709564, 0.0 ], [ -45.449565892639079, -23.824774581822286, 0.0 ], [ -45.448953679621496, -23.824890508314198, 0.0 ], [ -45.448337590726283, -23.824873714438812, 0.0 ], [ -45.448233400215742, -23.824851076110594, 0.0 ], [ -45.448116228181533, -23.824860971507952, 0.0 ], [ -45.447950460372006, -23.824873528732756, 0.0 ], [ -45.447796158308044, -23.824877953411271, 0.0 ], [ -45.447690029806537, -23.824830329948867, 0.0 ], [ -45.447581587287956, -23.824718328007521, 0.0 ], [ -45.447436132380602, -23.824446914367432, 0.0 ], [ -45.447401800076968, -23.824348227155209, 0.0 ], [ -45.447302959517366, -23.824247242583418, 0.0 ], [ -45.44711875408953, -23.824136042807588, 0.0 ], [ -45.446782847910534, -23.824038909695446, 0.0 ], [ -45.445646854389203, -23.823329422834508, 0.0 ], [ -45.445182100193783, -23.823101801024141, 0.0 ], [ -45.444930213008888, -23.822982382578882, 0.0 ], [ -45.44469813714062, -23.822902684888515, 0.0 ], [ -45.44447653185636, -23.822829702475648, 0.0 ], [ -45.444352541853526, -23.822808987839529, 0.0 ], [ -45.444251175299271, -23.822818368738826, 0.0 ], [ -45.444052837498127, -23.82292545516443, 0.0 ], [ -45.443924060393357, -23.823073844576452, 0.0 ], [ -45.443870021475682, -23.82319188637414, 0.0 ], [ -45.443786642156816, -23.823453124769578, 0.0 ], [ -45.443735719398937, -23.823710309537113, 0.0 ], [ -45.44357386278093, -23.823950306742745, 0.0 ], [ -45.443173465271052, -23.824177821830308, 0.0 ], [ -45.443077231209642, -23.824210327113459, 0.0 ], [ -45.442972387046531, -23.824287283318977, 0.0 ], [ -45.442862131139044, -23.824426831788909, 0.0 ], [ -45.4427929964302, -23.824558966682702, 0.0 ], [ -45.44269030334334, -23.82476065836866, 0.0 ], [ -45.442614823144055, -23.82479509701998, 0.0 ], [ -45.442515080535081, -23.824822864475486, 0.0 ], [ -45.442438038518468, -23.824820759509798, 0.0 ], [ -45.442325547758038, -23.824788991512246, 0.0 ], [ -45.441960742432073, -23.824531861232632, 0.0 ], [ -45.441737709750605, -23.824388502196456, 0.0 ], [ -45.441621681686492, -23.824276932834966, 0.0 ], [ -45.441568508621096, -23.824112807080585, 0.0 ], [ -45.441515753220742, -23.823814048997839, 0.0 ], [ -45.441396103327129, -23.823652097014307, 0.0 ], [ -45.441320481619734, -23.823508901619732, 0.0 ], [ -45.44131298558537, -23.823342687437297, 0.0 ], [ -45.441362582397382, -23.823080296808516, 0.0 ], [ -45.441364356410894, -23.822991203474889, 0.0 ], [ -45.441329038866101, -23.822840370807015, 0.0 ], [ -45.441131429155611, -23.822530538215453, 0.0 ], [ -45.441068758303686, -23.822452843084804, 0.0 ], [ -45.441004518378392, -23.822355489573432, 0.0 ], [ -45.440982621968502, -23.822077270688432, 0.0 ], [ -45.440654064688175, -23.821427025568095, 0.0 ], [ -45.440284166990288, -23.821010769420617, 0.0 ], [ -45.440115058258826, -23.820843802063902, 0.0 ], [ -45.439978528618227, -23.820831151796238, 0.0 ], [ -45.439688048806396, -23.82075436903121, 0.0 ], [ -45.439602343652126, -23.82069866213839, 0.0 ], [ -45.439504530330012, -23.820593273997208, 0.0 ], [ -45.439397642501724, -23.820247649130003, 0.0 ], [ -45.439323500252669, -23.820026046847484, 0.0 ], [ -45.439298664347376, -23.819923874190067, 0.0 ], [ -45.439199778530401, -23.819814743100377, 0.0 ], [ -45.439103729518997, -23.819744621678588, 0.0 ], [ -45.439008823520169, -23.819734810337128, 0.0 ], [ -45.438954650285162, -23.819749409834955, 0.0 ], [ -45.438699427264218, -23.819839628668184, 0.0 ], [ -45.438488394476018, -23.819908332911218, 0.0 ], [ -45.436138886504992, -23.820980232339114, 0.0 ], [ -45.435836622968807, -23.82129913686634, 0.0 ], [ -45.435823975735431, -23.821926301630459, 0.0 ], [ -45.435783658955046, -23.822231778507057, 0.0 ], [ -45.435667283975739, -23.822299897256514, 0.0 ], [ -45.434965940986054, -23.822655716530324, 0.0 ], [ -45.434213194357767, -23.822868066126688, 0.0 ], [ -45.433482168157482, -23.82299828365559, 0.0 ], [ -45.43301752357074, -23.823146784394194, 0.0 ], [ -45.432719103003031, -23.823231699907041, 0.0 ], [ -45.432483059174395, -23.823481444398755, 0.0 ], [ -45.432392585063539, -23.823824737651726, 0.0 ], [ -45.432328453400281, -23.823928808421627, 0.0 ], [ -45.432075899617324, -23.824084877815416, 0.0 ], [ -45.431876942368845, -23.82415769347925, 0.0 ], [ -45.43170441429087, -23.82415407408061, 0.0 ], [ -45.430304316211306, -23.824173072367266, 0.0 ], [ -45.42963931836848, -23.824136636995092, 0.0 ], [ -45.429504045948029, -23.824069072695458, 0.0 ], [ -45.42931162780544, -23.823994650525982, 0.0 ], [ -45.428985975875527, -23.823883127516574, 0.0 ], [ -45.428798712982761, -23.823865825584203, 0.0 ], [ -45.428606296474015, -23.823887977413371, 0.0 ], [ -45.428441073207431, -23.823955880143753, 0.0 ], [ -45.428282108827375, -23.824131261895818, 0.0 ], [ -45.428106871086896, -23.824440470819138, 0.0 ], [ -45.427881936276577, -23.824776469587494, 0.0 ], [ -45.42762545029214, -23.825058349514553, 0.0 ], [ -45.427256605431296, -23.825444945096542, 0.0 ], [ -45.426891306788541, -23.825700320556408, 0.0 ], [ -45.426657229386556, -23.825859665049073, 0.0 ], [ -45.426395011301729, -23.82597353062873, 0.0 ], [ -45.426148791874262, -23.826134157882791, 0.0 ], [ -45.425869411315766, -23.826210930172959, 0.0 ], [ -45.425657603502692, -23.826206837613544, 0.0 ], [ -45.425433532885712, -23.826119053818594, 0.0 ], [ -45.42523579630415, -23.825982769124384, 0.0 ], [ -45.425105000571527, -23.825825517550676, 0.0 ], [ -45.425022480842493, -23.825636538095093, 0.0 ], [ -45.424915266196535, -23.825186601692568, 0.0 ], [ -45.424943610484632, -23.825070606674082, 0.0 ], [ -45.424984569108616, -23.824963117780353, 0.0 ], [ -45.425018707991136, -23.824898321317196, 0.0 ], [ -45.425101996957558, -23.824662009762537, 0.0 ], [ -45.425122314800475, -23.824547718037323, 0.0 ], [ -45.425077675786461, -23.824486877387539, 0.0 ], [ -45.425004539816157, -23.824458120043932, 0.0 ], [ -45.424934666446504, -23.824461037421976, 0.0 ], [ -45.424430099530532, -23.824667622500225, 0.0 ], [ -45.424205651084229, -23.824742089137171, 0.0 ], [ -45.42406166430046, -23.824760498697998, 0.0 ], [ -45.423969516954301, -23.824750988399913, 0.0 ], [ -45.423906340818455, -23.824701066086021, 0.0 ], [ -45.423847347763406, -23.824578454682221, 0.0 ], [ -45.423808772469549, -23.824413101857569, 0.0 ], [ -45.423828715572895, -23.824300639402601, 0.0 ], [ -45.42375744698505, -23.824205420677192, 0.0 ], [ -45.423659660320396, -23.824129830109502, 0.0 ], [ -45.423367819938029, -23.824132303145234, 0.0 ], [ -45.422822463607041, -23.82422347661565, 0.0 ], [ -45.422587350710742, -23.824228873765442, 0.0 ], [ -45.42246323342809, -23.824200194961488, 0.0 ], [ -45.422359047124367, -23.824128974784891, 0.0 ], [ -45.422316681907368, -23.824020400240592, 0.0 ], [ -45.422190707284045, -23.823882678424681, 0.0 ], [ -45.422084964691081, -23.823796079740873, 0.0 ], [ -45.421938810741047, -23.823719427099142, 0.0 ], [ -45.421753159792495, -23.823648758193549, 0.0 ], [ -45.421624694760951, -23.823580078035096, 0.0 ], [ -45.421374443496482, -23.823358141114994, 0.0 ], [ -45.421280937348506, -23.823242830366993, 0.0 ], [ -45.421184568357553, -23.823059941375231, 0.0 ], [ -45.421135438958615, -23.822502634072897, 0.0 ], [ -45.42114692164435, -23.822347553045461, 0.0 ], [ -45.421035236562652, -23.822155647646753, 0.0 ], [ -45.420530942145341, -23.821874340762577, 0.0 ], [ -45.419819498189867, -23.821735188308725, 0.0 ], [ -45.419234496203494, -23.821794245505959, 0.0 ], [ -45.419036271498094, -23.821902733869507, 0.0 ], [ -45.418507153056019, -23.822199459185029, 0.0 ], [ -45.41842460763116, -23.822253784839962, 0.0 ], [ -45.418300646387287, -23.822416649216041, 0.0 ], [ -45.418266850021155, -23.822505148459793, 0.0 ], [ -45.418258454732367, -23.822583495848413, 0.0 ], [ -45.418258813241913, -23.822668758492917, 0.0 ], [ -45.418265733402023, -23.822726262679797, 0.0 ], [ -45.418276778601339, -23.822841267304476, 0.0 ], [ -45.418239597859383, -23.822933162209907, 0.0 ], [ -45.418153733882228, -23.823013285241679, 0.0 ], [ -45.418059419525818, -23.82309728499564, 0.0 ], [ -45.417937906177663, -23.823181541270177, 0.0 ], [ -45.417852303353044, -23.823210038519143, 0.0 ], [ -45.417695811151596, -23.823203488968826, 0.0 ], [ -45.417612522281161, -23.823140409448765, 0.0 ], [ -45.417513625948779, -23.823083687946095, 0.0 ], [ -45.417438472083873, -23.823008908490294, 0.0 ], [ -45.417288868555957, -23.822888907805709, 0.0 ], [ -45.417233730500904, -23.822752345905549, 0.0 ], [ -45.417201876436444, -23.822623919072193, 0.0 ], [ -45.417155654846866, -23.822386377062578, 0.0 ], [ -45.417081199186974, -23.822279893583911, 0.0 ], [ -45.41703632439684, -23.822188055103943, 0.0 ], [ -45.416946199816174, -23.822121073812664, 0.0 ], [ -45.416512937338204, -23.821999291414084, 0.0 ], [ -45.416398574943301, -23.821941485332111, 0.0 ], [ -45.416263236308822, -23.821807667567608, 0.0 ], [ -45.416139143576807, -23.821631231567501, 0.0 ], [ -45.416055841288063, -23.821479428931863, 0.0 ], [ -45.415941709369072, -23.821375868486946, 0.0 ], [ -45.415803301310525, -23.821295665158747, 0.0 ], [ -45.415501526194724, -23.821221191570348, 0.0 ], [ -45.415330860317461, -23.821235512964648, 0.0 ], [ -45.415097886789177, -23.821310869534628, 0.0 ], [ -45.414821072481793, -23.821472521169628, 0.0 ], [ -45.414580635080831, -23.821634470397012, 0.0 ], [ -45.414476988558022, -23.821697228894923, 0.0 ], [ -45.414372441692663, -23.821743619246725, 0.0 ], [ -45.413896231838045, -23.822095452562319, 0.0 ], [ -45.413526226513781, -23.822344667962806, 0.0 ], [ -45.413268871964824, -23.822555466564108, 0.0 ], [ -45.413149904957706, -23.82265287005449, 0.0 ], [ -45.413076346389879, -23.822720323239629, 0.0 ], [ -45.412966967283886, -23.822845554821736, 0.0 ], [ -45.412757945532611, -23.823057679527292, 0.0 ], [ -45.412560550875995, -23.823073233250817, 0.0 ], [ -45.41242261243881, -23.823029182332661, 0.0 ], [ -45.412293978994903, -23.82288521770413, 0.0 ], [ -45.411178792650247, -23.821270662511576, 0.0 ], [ -45.410672375184255, -23.82092426088359, 0.0 ], [ -45.409663503819871, -23.820339081916156, 0.0 ], [ -45.409322573856642, -23.819955643289887, 0.0 ], [ -45.409137950071575, -23.819512489365124, 0.0 ], [ -45.409031878766534, -23.819075956320809, 0.0 ], [ -45.408942032759676, -23.818515281728342, 0.0 ], [ -45.408735647170353, -23.81784349304051, 0.0 ], [ -45.40840954030876, -23.816820163825856, 0.0 ], [ -45.408535788679977, -23.81593466701775, 0.0 ], [ -45.409442324623981, -23.815164079993366, 0.0 ], [ -45.409486008755508, -23.814273106531047, 0.0 ], [ -45.409498747617612, -23.813936085601025, 0.0 ], [ -45.40946887603554, -23.813492957697076, 0.0 ], [ -45.409307659060552, -23.813014817896267, 0.0 ], [ -45.40912627785864, -23.811944799683069, 0.0 ], [ -45.408872686957643, -23.811789668795058, 0.0 ], [ -45.408611812627704, -23.81173752622761, 0.0 ], [ -45.40846739265244, -23.811687747692865, 0.0 ], [ -45.408377440744047, -23.811606830186733, 0.0 ], [ -45.408370950898821, -23.811491130911357, 0.0 ], [ -45.408453287860176, -23.811360982979036, 0.0 ], [ -45.408638685626329, -23.81134002227423, 0.0 ], [ -45.408773170375099, -23.81134970144814, 0.0 ], [ -45.40889235431338, -23.811337489523329, 0.0 ], [ -45.408981564711944, -23.811309318855887, 0.0 ], [ -45.409115999893849, -23.811194706040663, 0.0 ], [ -45.409182540823345, -23.811159841213733, 0.0 ], [ -45.409352111646918, -23.810824061475266, 0.0 ], [ -45.409433509174363, -23.810538873668957, 0.0 ], [ -45.409432686149735, -23.810184984563957, 0.0 ], [ -45.409385739607202, -23.809876612558217, 0.0 ], [ -45.40913348830945, -23.809664222578487, 0.0 ], [ -45.408824333775634, -23.80957961247805, 0.0 ], [ -45.408110323850067, -23.809552786131327, 0.0 ], [ -45.40791405158329, -23.809353798128438, 0.0 ], [ -45.407852718742618, -23.809295566656544, 0.0 ], [ -45.407584645158543, -23.808916163791014, 0.0 ], [ -45.407168417356147, -23.808249094869641, 0.0 ], [ -45.405623267529045, -23.805794156103531, 0.0 ], [ -45.404991668626963, -23.804778380247921, 0.0 ], [ -45.404707068653799, -23.804368131877322, 0.0 ], [ -45.40429712044066, -23.804220609609544, 0.0 ], [ -45.403871384113351, -23.804232128694718, 0.0 ], [ -45.403646100267693, -23.804088854215614, 0.0 ] ] } },
{ "type": "Feature", "properties": { "id": "SEG-0044", "rodovia": "SP 055", "km_ini": 154.015, "km_fim": 165.91, "ra_geo_max": 4.0, "ra_hid_max": null, "ra": 4.0, "dist_geo": { "0": 1, "1": 7, "2": 9, "3": 14, "4": 17 }, "dist_hid": null, "regiao": 3.0, "uba": "UBA 05.04-SVC", "desc": "Sao Sebastiao (km 156-162): predominancia RAGEO4 (17/48)", "source": "regea2021" }, "geometry": { "type": "MultiLineString", "coordinates": [ [ [ -45.559703725611172, -23.791467745710726, 0.0 ], [ -45.560114257673781, -23.791322883572764, 0.0 ], [ -45.561140215759565, -23.791060450227473, 0.0 ], [ -45.561857583278375, -23.7908654150133, 0.0 ], [ -45.562788797349931, -23.79067927896455, 0.0 ], [ -45.564220174174011, -23.790526066921906, 0.0 ], [ -45.564485538378719, -23.790464361040584, 0.0 ], [ -45.564750778713815, -23.79046370573592, 0.0 ], [ -45.567640945677411, -23.790142670609573, 0.0 ], [ -45.571475210050579, -23.79013868623575, 0.0 ], [ -45.574161346419011, -23.790124648056423, 0.0 ], [ -45.583103986504305, -23.790181908523362, 0.0 ], [ -45.583689895665557, -23.790153107288344, 0.0 ], [ -45.584091263204066, -23.790046319186413, 0.0 ], [ -45.58438357451324, -23.789937943020977, 0.0 ], [ -45.584776843783708, -23.789703709103954, 0.0 ], [ -45.585094658761214, -23.789410176908714, 0.0 ], [ -45.587892916577601, -23.786228950222164, 0.0 ], [ -45.588231016838442, -23.785931861971719, 0.0 ], [ -45.588843420685272, -23.785697516501827, 0.0 ], [ -45.589307500503814, -23.785874227320907, 0.0 ], [ -45.589462264351006, -23.7863601495343, 0.0 ], [ -45.589590911862018, -23.78673145708267, 0.0 ], [ -45.5896163090393, -23.786838779841172, 0.0 ], [ -45.589571678420334, -23.787014010928548, 0.0 ], [ -45.589437905757343, -23.787179971214385, 0.0 ], [ -45.589108771137063, -23.78739850044019, 0.0 ], [ -45.588849663795102, -23.787675376332981, 0.0 ], [ -45.588884388247678, -23.787950805089903, 0.0 ], [ -45.589074499537553, -23.788157791149498, 0.0 ], [ -45.589172360949227, -23.788185085730834, 0.0 ], [ -45.58984214959731, -23.788302759315787, 0.0 ], [ -45.590181150508855, -23.788410448921287, 0.0 ], [ -45.59034857056416, -23.788650686120413, 0.0 ], [ -45.590380319848691, -23.788956096665057, 0.0 ], [ -45.590336084360644, -23.789565525000729, 0.0 ], [ -45.590271842807439, -23.789988635065502, 0.0 ], [ -45.59020408154386, -23.790245081102725, 0.0 ], [ -45.590224932981286, -23.790583795967503, 0.0 ], [ -45.590520008353067, -23.791202361843887, 0.0 ], [ -45.590769787330331, -23.791343794958717, 0.0 ], [ -45.591080400715896, -23.791239861076875, 0.0 ], [ -45.591379101674356, -23.791052438176074, 0.0 ], [ -45.59165226946638, -23.7908195039624, 0.0 ], [ -45.591804921844599, -23.790510524506157, 0.0 ], [ -45.591919020115547, -23.790167034080426, 0.0 ], [ -45.592342664246274, -23.78946143103882, 0.0 ], [ -45.59241242074765, -23.789053967391954, 0.0 ], [ -45.59241675646885, -23.788659496895704, 0.0 ], [ -45.59265303866465, -23.788022155391257, 0.0 ], [ -45.593164248819711, -23.787322061194612, 0.0 ], [ -45.59344455271988, -23.787006531547789, 0.0 ], [ -45.593797509050333, -23.78674997899645, 0.0 ], [ -45.594947421574176, -23.785518376868019, 0.0 ], [ -45.595353805470175, -23.78528748419663, 0.0 ], [ -45.595806985143206, -23.785197678775258, 0.0 ], [ -45.596817426368986, -23.785183090541686, 0.0 ], [ -45.59789134084248, -23.78499626794115, 0.0 ], [ -45.598280919853991, -23.784835903298063, 0.0 ], [ -45.59842394013274, -23.784640949814221, 0.0 ], [ -45.59814754260799, -23.784285315087146, 0.0 ], [ -45.598127808308782, -23.784127353028978, 0.0 ], [ -45.597420177758124, -23.783482354313868, 0.0 ], [ -45.597206413950275, -23.783206698856898, 0.0 ], [ -45.596498635273115, -23.78249311681655, 0.0 ], [ -45.596319742605509, -23.78214154286556, 0.0 ], [ -45.596575114835431, -23.781953771784721, 0.0 ], [ -45.597739807806171, -23.782278525846113, 0.0 ], [ -45.598400256470207, -23.782206689637931, 0.0 ], [ -45.599046456095252, -23.78205459713341, 0.0 ], [ -45.599489420638115, -23.781982920814734, 0.0 ], [ -45.599653696662479, -23.781978552484038, 0.0 ], [ -45.600157215132633, -23.782043278492846, 0.0 ], [ -45.600428162755946, -23.7822396254744, 0.0 ], [ -45.600552791976625, -23.782331039402465, 0.0 ], [ -45.600948303629956, -23.782479697025511, 0.0 ], [ -45.601441770567575, -23.782483324466298, 0.0 ], [ -45.601799195576056, -23.782444892341658, 0.0 ], [ -45.602594011859317, -23.781470638606745, 0.0 ], [ -45.602700051926256, -23.781410569017023, 0.0 ], [ -45.602947652210169, -23.781423046987996, 0.0 ], [ -45.603086884306123, -23.781489607633802, 0.0 ], [ -45.603229158002563, -23.781677935971761, 0.0 ], [ -45.60330431041573, -23.78186726141729, 0.0 ], [ -45.603449013388904, -23.78186784655059, 0.0 ], [ -45.603534895107742, -23.781772340163155, 0.0 ], [ -45.60418929973337, -23.781374855580136, 0.0 ], [ -45.604945537696125, -23.781048084802446, 0.0 ], [ -45.605329456201332, -23.780732855328331, 0.0 ], [ -45.605532934916468, -23.7804207082993, 0.0 ], [ -45.605872190030169, -23.780371349881509, 0.0 ], [ -45.60601677111066, -23.780626861255964, 0.0 ], [ -45.606009865372975, -23.780704163120028, 0.0 ], [ -45.605982698964894, -23.7809443321926, 0.0 ], [ -45.606228051651499, -23.781231601009015, 0.0 ], [ -45.60648862701985, -23.781596861460031, 0.0 ] ], [ [ -45.60648862701985, -23.781596861460031, 171.835699999995995 ], [ -45.606575765524404, -23.781921928439765, 158.892099999997299 ], [ -45.606915074303835, -23.782004752070701, 155.114400000005844 ], [ -45.607433461003851, -23.781832049067187, 147.996700000003329 ], [ -45.608023672808834, -23.781724540632233, 141.045400000002701 ], [ -45.608375613342915, -23.781398979016767, 136.166299999997136 ], [ -45.608597234866096, -23.780980550086017, 129.831500000000233 ], [ -45.609052948939109, -23.78088694182977, 121.496199999994133 ], [ -45.60937993183969, -23.781320798839662, 113.823499999998603 ], [ -45.609656607851008, -23.781884682903819, 104.605299999995623 ], [ -45.609853629438184, -23.782406132585006, 96.524199999999837 ], [ -45.610117498826817, -23.782812375582175, 94.013300000005984 ], [ -45.610596732627286, -23.782765603585737, 87.428299999999581 ], [ -45.611146069730914, -23.782444705568558, 83.217499999998836 ], [ -45.611687108420931, -23.78216659509393, 79.195200000001932 ], [ -45.612264379719164, -23.782190473755819, 73.649600000004284 ], [ -45.612767038539104, -23.782442650923276, 66.15230000000156 ], [ -45.613020569216516, -23.782888113988047, 60.312900000004447 ], [ -45.613526657055509, -23.783054059435909, 52.936600000000908 ], [ -45.614108076402864, -23.782916261310319, 43.995299999995041 ], [ -45.614586577093583, -23.782842923365763, 37.525899999993271 ], [ -45.614878955380632, -23.782965148236176, 32.43399999999383 ] ], [ [ -45.614878955380632, -23.782965148236176, 0.0 ], [ -45.615637346239318, -23.7833834822043, 0.0 ], [ -45.616073568152046, -23.783654459285451, 0.0 ], [ -45.617146256805299, -23.784273407981139, 0.0 ], [ -45.617861726884989, -23.784355660521339, 0.0 ], [ -45.61856184033045, -23.784393663755733, 0.0 ], [ -45.619604043889105, -23.784146609468774, 0.0 ], [ -45.621203136586139, -23.783599115707911, 0.0 ], [ -45.621487789864702, -23.783516251669884, 0.0 ], [ -45.621687451775834, -23.783569531872523, 0.0 ], [ -45.621872281313514, -23.783676860510244, 0.0 ], [ -45.622087417913086, -23.783832687621366, 0.0 ], [ -45.622401127144713, -23.783950608822824, 0.0 ], [ -45.622565918027782, -23.783997889003221, 0.0 ], [ -45.622802988125031, -23.784077967312772, 0.0 ], [ -45.622930814363954, -23.784147916686905, 0.0 ], [ -45.62301855346432, -23.784218600408281, 0.0 ], [ -45.623410260700403, -23.784528819675817, 0.0 ], [ -45.624740386990617, -23.785774436430266, 0.0 ], [ -45.625008244708816, -23.785941982359173, 0.0 ], [ -45.625272274365685, -23.785952114202743, 0.0 ], [ -45.625523898305339, -23.785809480411565, 0.0 ], [ -45.626310783426213, -23.785255381445804, 0.0 ], [ -45.626580949819449, -23.785039803263871, 0.0 ], [ -45.626840363332718, -23.784884429460515, 0.0 ], [ -45.627390539757805, -23.784506921846965, 0.0 ], [ -45.627678297213777, -23.784343813435612, 0.0 ], [ -45.628094978091625, -23.784144412512106, 0.0 ], [ -45.628550740811654, -23.78395435492715, 0.0 ], [ -45.6292539599362, -23.783701148472261, 0.0 ], [ -45.63062464801817, -23.783296544521093, 0.0 ], [ -45.630998360768629, -23.783208232112333, 0.0 ], [ -45.635390226007445, -23.782691279209843, 0.0 ], [ -45.636382182209431, -23.782656355185445, 0.0 ], [ -45.637182575989705, -23.782657439501516, 0.0 ], [ -45.637775776199994, -23.782642453575157, 0.0 ], [ -45.638418755431289, -23.782652337402236, 0.0 ], [ -45.639329470135323, -23.782729905804679, 0.0 ], [ -45.639667191471524, -23.782521031392381, 0.0 ], [ -45.639738710343828, -23.781850133262605, 0.0 ], [ -45.639748393280883, -23.781541098878293, 0.0 ], [ -45.639874955116042, -23.781300081100657, 0.0 ], [ -45.639971148079944, -23.7811289798424, 0.0 ], [ -45.640304760471658, -23.780776111382309, 0.0 ], [ -45.640452914914199, -23.780332759113712, 0.0 ], [ -45.640435000598927, -23.779809673727922, 0.0 ], [ -45.640680861588272, -23.779384680717968, 0.0 ], [ -45.640888835182949, -23.778980765922032, 0.0 ], [ -45.640985245045634, -23.778137657351486, 0.0 ], [ -45.641374832472117, -23.777960293129599, 0.0 ], [ -45.641498029073382, -23.777700344281765, 0.0 ], [ -45.64148144134586, -23.777378353016591, 0.0 ], [ -45.641417467802768, -23.776888866058812, 0.0 ], [ -45.641292429551449, -23.776518649546549, 0.0 ], [ -45.641138202940034, -23.776267079380737, 0.0 ], [ -45.640992690392871, -23.776064639215544, 0.0 ], [ -45.640260578071931, -23.77512811188825, 0.0 ] ] ] } },
{ "type": "Feature", "properties": { "id": "SEG-0045", "rodovia": "SP 055", "km_ini": 165.91, "km_fim": 174.6, "ra_geo_max": null, "ra_hid_max": null, "ra": null, "dist_geo": null, "dist_hid": null, "regiao": null, "uba": null, "desc": "SEM_DADO", "source": "SEM_DADO" }, "geometry": { "type": "LineString", "coordinates": [ [ -45.640260578071931, -23.77512811188825, 0.0 ], [ -45.640044159288664, -23.774783860641438, 0.0 ], [ -45.639889345910213, -23.77439568732213, 0.0 ], [ -45.639706372045211, -23.773534896285412, 0.0 ], [ -45.639543541280823, -23.77311377967029, 0.0 ], [ -45.639121176730455, -23.772892932520534, 0.0 ], [ -45.63875321334551, -23.772594812076846, 0.0 ], [ -45.638587995963938, -23.772128137985579, 0.0 ], [ -45.638512673878097, -23.771659561960078, 0.0 ], [ -45.638559887362057, -23.771178321575551, 0.0 ], [ -45.638721560916295, -23.770912473665589, 0.0 ], [ -45.638774851938585, -23.770803875431611, 0.0 ], [ -45.639398267226568, -23.76997342067169, 0.0 ], [ -45.640002396712795, -23.769304090002333, 0.0 ], [ -45.640244216458164, -23.769081403205519, 0.0 ], [ -45.6402832022615, -23.769047356130251, 0.0 ], [ -45.640766616832671, -23.768778949677653, 0.0 ], [ -45.640823974927905, -23.768747494482135, 0.0 ], [ -45.641466132882933, -23.768578200568502, 0.0 ], [ -45.641752598872728, -23.768558901511309, 0.0 ], [ -45.642025769652818, -23.768540712280792, 0.0 ], [ -45.646990195197198, -23.768341544941876, 0.0 ], [ -45.647571241560996, -23.768279419921754, 0.0 ], [ -45.648043724591446, -23.76810340552905, 0.0 ], [ -45.648415169618453, -23.767850365787385, 0.0 ], [ -45.649491138177794, -23.767383634778902, 0.0 ], [ -45.652829633066844, -23.764568113997729, 0.0 ], [ -45.65356958501242, -23.764159808733634, 0.0 ], [ -45.654702500613332, -23.763606240489992, 0.0 ], [ -45.658363828878748, -23.762502670951122, 0.0 ], [ -45.659564446135242, -23.76214717212002, 0.0 ], [ -45.661340648985806, -23.761605761364237, 0.0 ], [ -45.665720480768442, -23.760247823882928, 0.0 ], [ -45.668492791043612, -23.759436375714291, 0.0 ], [ -45.669901357648378, -23.759007188314765, 0.0 ], [ -45.672354249141094, -23.758291628863045, 0.0 ], [ -45.673200685261783, -23.758161464867399, 0.0 ], [ -45.674019535142918, -23.7581436754731, 0.0 ], [ -45.675206506746939, -23.758261913892731, 0.0 ], [ -45.676467343497222, -23.758797259511262, 0.0 ], [ -45.677121480485454, -23.75913911292724, 0.0 ], [ -45.677782968971009, -23.759627720527224, 0.0 ], [ -45.678243744928523, -23.760101079834129, 0.0 ], [ -45.678852934136479, -23.760846777073294, 0.0 ], [ -45.679290166575633, -23.761665522539371, 0.0 ], [ -45.680912555976661, -23.765178637190775, 0.0 ], [ -45.681302863775677, -23.766107642876822, 0.0 ], [ -45.681698935083119, -23.766751928093495, 0.0 ], [ -45.682178622745681, -23.767325748268252, 0.0 ], [ -45.682680027332012, -23.767798508186488, 0.0 ], [ -45.683164517631518, -23.76816400697253, 0.0 ], [ -45.683664710199849, -23.768509747164764, 0.0 ], [ -45.684352308190505, -23.768840651545705, 0.0 ], [ -45.685459431786526, -23.769352769274441, 0.0 ], [ -45.686436071881182, -23.769827904529954, 0.0 ], [ -45.687108899026548, -23.770039481103609, 0.0 ], [ -45.687752084340069, -23.770060898793172, 0.0 ], [ -45.688217737404415, -23.769943458540187, 0.0 ], [ -45.688968249126724, -23.769739385374415, 0.0 ], [ -45.690041914980192, -23.769350399105932, 0.0 ], [ -45.691733043307195, -23.768139674064397, 0.0 ], [ -45.692228984843545, -23.767922086825692, 0.0 ], [ -45.692867921286478, -23.767665906722037, 0.0 ], [ -45.693891276742917, -23.767476559002752, 0.0 ], [ -45.694673614924447, -23.767475265611402, 0.0 ], [ -45.695686974243984, -23.767627442781208, 0.0 ], [ -45.696473221434154, -23.767910142609431, 0.0 ], [ -45.697116059376761, -23.76819435626123, 0.0 ], [ -45.69992877435002, -23.769497845856296, 0.0 ], [ -45.70142054626622, -23.770202478817456, 0.0 ], [ -45.702128431046347, -23.770492947496262, 0.0 ] ] } },
{ "type": "Feature", "properties": { "id": "SEG-0046", "rodovia": "SP 055", "km_ini": 174.6, "km_fim": 176.2, "ra_geo_max": null, "ra_hid_max": null, "ra": null, "dist_geo": null, "dist_hid": null, "regiao": null, "uba": null, "desc": "SEM_DADO", "source": "SEM_DADO" }, "geometry": { "type": "LineString", "coordinates": [ [ -45.702128431046347, -23.770492947496262, 0.0 ], [ -45.702861850157056, -23.770714295733381, 0.0 ], [ -45.703605913472465, -23.770858596554966, 0.0 ], [ -45.704383540839025, -23.770906414614551, 0.0 ], [ -45.709070197892167, -23.770178506624664, 0.0 ], [ -45.710661098044845, -23.770116886927958, 0.0 ], [ -45.711566424803543, -23.770306875529378, 0.0 ], [ -45.712083864035122, -23.770491868432302, 0.0 ] ] } },
{ "type": "Feature", "properties": { "id": "SEG-0047", "rodovia": "SP 055", "km_ini": 176.2, "km_fim": 185.9, "ra_geo_max": null, "ra_hid_max": 1.0, "ra": 1.0, "dist_geo": null, "dist_hid": { "0": 2, "1": 30, "2": 0, "3": 0, "4": 0 }, "regiao": 3.0, "uba": "UBA 05.04-SVC", "desc": "Sao Sebastiao (hidro): predominancia RAHID1 (30/32)", "source": "regea2021" }, "geometry": { "type": "LineString", "coordinates": [ [ -45.712083864035122, -23.770491868432302, 0.0 ], [ -45.713133700508287, -23.770752119171359, 0.0 ], [ -45.714066992207592, -23.770786377011593, 0.0 ], [ -45.715007232059627, -23.770836426719399, 0.0 ], [ -45.715867836436814, -23.771012395756568, 0.0 ], [ -45.716608245475925, -23.771296482691973, 0.0 ], [ -45.71902221043252, -23.772415372841667, 0.0 ], [ -45.719568091949718, -23.77231197881023, 0.0 ], [ -45.719930492175834, -23.771894577346902, 0.0 ], [ -45.720732959255891, -23.77032334660078, 0.0 ], [ -45.720754837214585, -23.769818900745534, 0.0 ], [ -45.719838498350448, -23.769118918899114, 0.0 ], [ -45.719677455370956, -23.768593505464573, 0.0 ], [ -45.719912056147479, -23.768113100008534, 0.0 ], [ -45.720462019551796, -23.767335229611291, 0.0 ], [ -45.720679811871733, -23.766736127340529, 0.0 ], [ -45.720772526512675, -23.766064484228526, 0.0 ], [ -45.720639390992552, -23.764333695601152, 0.0 ], [ -45.720287769914009, -23.763154319737165, 0.0 ], [ -45.720273202344409, -23.762633137939787, 0.0 ], [ -45.720320922349586, -23.761955926715952, 0.0 ], [ -45.720459074262187, -23.76129160356534, 0.0 ], [ -45.720809531767785, -23.760314211562594, 0.0 ], [ -45.721084500717758, -23.759845816448692, 0.0 ], [ -45.721380093562537, -23.759507649865384, 0.0 ], [ -45.722740968170939, -23.758577540602538, 0.0 ], [ -45.72323134182291, -23.758239328643416, 0.0 ], [ -45.723608522201239, -23.757923668568893, 0.0 ], [ -45.723969774868763, -23.75750481949456, 0.0 ], [ -45.724261845414695, -23.756997902308164, 0.0 ], [ -45.72445092975849, -23.756465713953187, 0.0 ], [ -45.72497441143657, -23.754339839140478, 0.0 ], [ -45.725466520412262, -23.75214321199747, 0.0 ], [ -45.725540162593177, -23.751714132448505, 0.0 ], [ -45.725862964877209, -23.751046740029231, 0.0 ], [ -45.726339044789718, -23.750258081483672, 0.0 ], [ -45.728139286194413, -23.747865489323715, 0.0 ], [ -45.728381036981403, -23.747336542114407, 0.0 ], [ -45.729486540791058, -23.743569202793893, 0.0 ], [ -45.729662470729934, -23.743171567433958, 0.0 ], [ -45.730288100439715, -23.742472200478712, 0.0 ], [ -45.730876884555819, -23.742266471165578, 0.0 ], [ -45.731550085237096, -23.742252503249404, 0.0 ], [ -45.733590839041945, -23.742749472636302, 0.0 ], [ -45.734173010066712, -23.743000786103387, 0.0 ], [ -45.734612168186132, -23.74312535710796, 0.0 ], [ -45.737886314103342, -23.744989928697642, 0.0 ], [ -45.738652049911302, -23.745989851270291, 0.0 ], [ -45.739558400612907, -23.74675605605491, 0.0 ], [ -45.740665795619279, -23.747358090478205, 0.0 ], [ -45.747990255837607, -23.750505931567822, 0.0 ], [ -45.750476124128397, -23.751574539050655, 0.0 ], [ -45.753035817664738, -23.752378052369522, 0.0 ], [ -45.759729424979419, -23.753658544372581, 0.0 ], [ -45.764841624941347, -23.753854940983135, 0.0 ], [ -45.765787608129152, -23.753674741505627, 0.0 ], [ -45.766693809183018, -23.753671452916933, 0.0 ], [ -45.768387971660204, -23.753991086584715, 0.0 ], [ -45.770192874651713, -23.754060346881765, 0.0 ], [ -45.774360957838226, -23.753826887819933, 0.0 ], [ -45.775463660411987, -23.753656826468699, 0.0 ], [ -45.777284094588595, -23.75337605390947, 0.0 ], [ -45.777502226587487, -23.753332474066838, 0.0 ] ] } },
{ "type": "Feature", "properties": { "id": "SEG-0048", "rodovia": "SP 055", "km_ini": 185.9, "km_fim": 191.4, "ra_geo_max": null, "ra_hid_max": 1.0, "ra": 1.0, "dist_geo": null, "dist_hid": { "0": 2, "1": 30, "2": 0, "3": 0, "4": 0 }, "regiao": 3.0, "uba": "UBA 05.04-SVC", "desc": "Sao Sebastiao (hidro): predominancia RAHID1 (30/32)", "source": "regea2021" }, "geometry": { "type": "LineString", "coordinates": [ [ -45.777502226587487, -23.753332474066838, 0.0 ], [ -45.779499521095865, -23.752933420822565, 0.0 ], [ -45.785519221009359, -23.751730515024214, 0.0 ], [ -45.78907862991138, -23.751019110244798, 0.0 ], [ -45.789473237718973, -23.750873330318527, 0.0 ], [ -45.790181761684273, -23.750712613025971, 0.0 ], [ -45.790662662343777, -23.750702483495964, 0.0 ], [ -45.791534139452729, -23.750624828263323, 0.0 ], [ -45.793354705594226, -23.750276418765907, 0.0 ], [ -45.793658337740176, -23.750231115301847, 0.0 ], [ -45.794023542582423, -23.750203384416345, 0.0 ], [ -45.794790058622404, -23.750279939590268, 0.0 ], [ -45.79561907354298, -23.750502894754558, 0.0 ], [ -45.796416738140245, -23.750908744820919, 0.0 ], [ -45.800543899124101, -23.753656177393424, 0.0 ], [ -45.804939323321939, -23.756498250948201, 0.0 ], [ -45.805908059322221, -23.756723783720101, 0.0 ], [ -45.807005423023632, -23.75653797741802, 0.0 ], [ -45.81090370258476, -23.755546843218351, 0.0 ], [ -45.815364420862359, -23.755140485577112, 0.0 ], [ -45.82007622036312, -23.754698319836411, 0.0 ], [ -45.820580593539823, -23.754688639055313, 0.0 ], [ -45.825254490482912, -23.754402859825735, 0.0 ], [ -45.827177805121828, -23.754417268906352, 0.0 ], [ -45.828309596214822, -23.754529162218386, 0.0 ], [ -45.83627439893602, -23.755001398741388, 0.0 ], [ -45.839085061548772, -23.755009343045323, 0.0 ], [ -45.839085892642828, -23.755009345363685, 0.0 ] ] } }
]
}
