{
"type": "FeatureCollection",
"name": "cgr_poligonos",
"crs": { "type": "name", "properties": { "name": "urn:ogc:def:crs:OGC:1.3:CRS84" } },
"xy_coordinate_resolution": 1e-05,
"features": [
{ "type": "Feature", "properties": { "regional_cgr": "CGR 01" }, "geometry": { "type": "Polygon", "coordinates": [ [ [ -46.95913, -23.32718 ], [ -46.96059, -23.32212 ], [ -46.96764, -23.32053 ], [ -46.96979, -23.31712 ], [ -46.96732, -23.30574 ], [ -46.97197, -23.30128 ], [ -46.96548, -23.29501 ], [ -46.96666, -23.29051 ], [ -46.96299, -23.28399 ], [ -46.96743, -23.27703 ], [ -46.96115, -23.2705 ], [ -46.97129, -23.26823 ], [ -46.97001, -23.26054 ], [ -46.9771, -23.25969 ], [ -46.9807, -23.26154 ], [ -46.98971, -23.2594 ], [ -47.00363, -23.26769 ], [ -47.00749, -23.26779 ], [ -47.01397, -23.26321 ], [ -47.01746, -23.24951 ], [ -47.02655, -23.24715 ], [ -47.0282, -23.23627 ], [ -47.0312, -23.235 ], [ -47.03905, -23.23793 ], [ -47.04354, -23.23696 ], [ -47.04524, -23.24097 ], [ -47.04835, -23.2416 ], [ -47.05419, -23.23709 ], [ -47.06799, -23.23682 ], [ -47.07807, -23.23358 ], [ -47.08808, -23.23677 ], [ -47.09197, -23.23414 ], [ -47.09442, -23.22531 ], [ -47.09822, -23.22201 ], [ -47.1161, -23.22595 ], [ -47.1172, -23.22188 ], [ -47.12764, -23.21377 ], [ -47.1298, -23.20269 ], [ -47.15632, -23.20154 ], [ -47.18931, -23.19293 ], [ -47.19569, -23.18656 ], [ -47.22516, -23.18087 ], [ -47.23217, -23.1807 ], [ -47.23873, -23.18437 ], [ -47.2438, -23.18329 ], [ -47.25216, -23.17486 ], [ -47.25016, -23.1736 ], [ -47.25717, -23.1689 ], [ -47.25778, -23.16137 ], [ -47.25547, -23.15608 ], [ -47.26001, -23.14708 ], [ -47.27023, -23.14547 ], [ -47.27396, -23.15128 ], [ -47.28709, -23.15772 ], [ -47.29256, -23.15461 ], [ -47.29987, -23.13873 ], [ -47.30541, -23.1338 ], [ -47.30044, -23.11311 ], [ -47.3207, -23.12346 ], [ -47.3245, -23.12241 ], [ -47.32762, -23.11458 ], [ -47.33928, -23.11076 ], [ -47.34186, -23.11691 ], [ -47.34947, -23.11779 ], [ -47.3497, -23.12915 ], [ -47.3538, -23.135 ], [ -47.36175, -23.14162 ], [ -47.37217, -23.14449 ], [ -47.37622, -23.14834 ], [ -47.37544, -23.15149 ], [ -47.38131, -23.15111 ], [ -47.38399, -23.15419 ], [ -47.39182, -23.15491 ], [ -47.39777, -23.16151 ], [ -47.40387, -23.16138 ], [ -47.41887, -23.16794 ], [ -47.42317, -23.15639 ], [ -47.42272, -23.14887 ], [ -47.41961, -23.14022 ], [ -47.41328, -23.13266 ], [ -47.4153, -23.12777 ], [ -47.41193, -23.1199 ], [ -47.42024, -23.11247 ], [ -47.42803, -23.10074 ], [ -47.42066, -23.09265 ], [ -47.42114, -23.08877 ], [ -47.42757, -23.08678 ], [ -47.42889, -23.0804 ], [ -47.43337, -23.07488 ], [ -47.43289, -23.06711 ], [ -47.43689, -23.05724 ], [ -47.4372, -23.04872 ], [ -47.45021, -23.04159 ], [ -47.45354, -23.03269 ], [ -47.4605, -23.03288 ], [ -47.45971, -23.02829 ], [ -47.46244, -23.02665 ], [ -47.45971, -23.02319 ], [ -47.45211, -23.02463 ], [ -47.44851, -23.02135 ], [ -47.44579, -23.02219 ], [ -47.43551, -23.0145 ], [ -47.43027, -23.01626 ], [ -47.42521, -23.01364 ], [ -47.43207, -23.00881 ], [ -47.42455, -23.0063 ], [ -47.42794, -23.00365 ], [ -47.4272, -23.00198 ], [ -47.41883, -23.00237 ], [ -47.41474, -23.00654 ], [ -47.4121, -23.00149 ], [ -47.40741, -23.00091 ], [ -47.41163, -23.00678 ], [ -47.40834, -23.00825 ], [ -47.4075, -23.01228 ], [ -47.40396, -23.00905 ], [ -47.40589, -23.00448 ], [ -47.39652, -23.00687 ], [ -47.39537, -23.00352 ], [ -47.3909, -23.00336 ], [ -47.39227, -22.99861 ], [ -47.38823, -22.99849 ], [ -47.39093, -22.99322 ], [ -47.38284, -22.99444 ], [ -47.38846, -22.9901 ], [ -47.38238, -22.98776 ], [ -47.3874, -22.98614 ], [ -47.40086, -22.97316 ], [ -47.40589, -22.96342 ], [ -47.39817, -22.9588 ], [ -47.39603, -22.95406 ], [ -47.38678, -22.95563 ], [ -47.38803, -22.93952 ], [ -47.39121, -22.93504 ], [ -47.3882, -22.93292 ], [ -47.38881, -22.92499 ], [ -47.386, -22.91745 ], [ -47.39361, -22.91512 ], [ -47.39141, -22.91035 ], [ -47.39659, -22.90643 ], [ -47.39265, -22.89255 ], [ -47.38788, -22.89004 ], [ -47.37898, -22.87804 ], [ -47.34033, -22.86249 ], [ -47.35796, -22.84693 ], [ -47.37001, -22.8444 ], [ -47.36418, -22.82986 ], [ -47.35837, -22.82463 ], [ -47.35947, -22.81839 ], [ -47.33934, -22.81884 ], [ -47.3328, -22.81568 ], [ -47.32986, -22.81987 ], [ -47.33241, -22.82817 ], [ -47.32786, -22.83153 ], [ -47.30401, -22.82145 ], [ -47.29483, -22.81413 ], [ -47.28354, -22.80163 ], [ -47.28609, -22.79198 ], [ -47.28391, -22.79022 ], [ -47.27987, -22.79103 ], [ -47.27665, -22.7888 ], [ -47.27449, -22.79288 ], [ -47.26413, -22.7972 ], [ -47.25316, -22.79431 ], [ -47.24517, -22.79694 ], [ -47.23565, -22.79561 ], [ -47.22935, -22.78923 ], [ -47.2233, -22.79658 ], [ -47.21087, -22.79541 ], [ -47.21761, -22.78768 ], [ -47.21439, -22.77754 ], [ -47.21727, -22.77084 ], [ -47.21646, -22.76106 ], [ -47.21122, -22.75614 ], [ -47.20945, -22.73977 ], [ -47.20041, -22.72963 ], [ -47.19389, -22.73001 ], [ -47.19322, -22.72659 ], [ -47.19833, -22.70948 ], [ -47.20264, -22.70873 ], [ -47.20312, -22.69913 ], [ -47.21064, -22.69277 ], [ -47.22016, -22.6907 ], [ -47.23897, -22.68004 ], [ -47.25419, -22.68852 ], [ -47.25605, -22.67164 ], [ -47.26902, -22.6705 ], [ -47.27215, -22.66489 ], [ -47.27883, -22.66239 ], [ -47.26636, -22.65249 ], [ -47.26681, -22.64366 ], [ -47.26075, -22.63817 ], [ -47.25036, -22.62108 ], [ -47.23065, -22.61057 ], [ -47.22823, -22.6071 ], [ -47.22757, -22.59986 ], [ -47.23716, -22.59208 ], [ -47.2432, -22.58339 ], [ -47.24166, -22.58113 ], [ -47.23203, -22.5814 ], [ -47.22772, -22.57024 ], [ -47.2197, -22.56459 ], [ -47.21567, -22.54406 ], [ -47.21184, -22.53752 ], [ -47.23451, -22.52414 ], [ -47.23634, -22.50979 ], [ -47.24674, -22.49699 ], [ -47.24373, -22.48061 ], [ -47.25263, -22.47637 ], [ -47.24662, -22.47034 ], [ -47.23727, -22.46785 ], [ -47.23177, -22.4601 ], [ -47.22692, -22.45741 ], [ -47.22175, -22.43837 ], [ -47.21712, -22.43322 ], [ -47.21137, -22.43082 ], [ -47.20158, -22.43336 ], [ -47.18867, -22.43227 ], [ -47.17856, -22.42254 ], [ -47.1748, -22.40958 ], [ -47.18847, -22.36501 ], [ -47.21558, -22.32073 ], [ -47.20895, -22.32133 ], [ -47.20487, -22.3188 ], [ -47.19623, -22.30172 ], [ -47.18409, -22.29166 ], [ -47.17625, -22.29596 ], [ -47.16856, -22.29083 ], [ -47.1712, -22.28952 ], [ -47.16723, -22.28327 ], [ -47.16622, -22.28612 ], [ -47.15939, -22.28741 ], [ -47.16114, -22.29151 ], [ -47.15685, -22.2923 ], [ -47.15427, -22.2975 ], [ -47.15342, -22.29434 ], [ -47.14909, -22.29411 ], [ -47.14778, -22.29632 ], [ -47.14164, -22.2956 ], [ -47.12998, -22.29987 ], [ -47.12406, -22.2974 ], [ -47.12548, -22.2941 ], [ -47.12383, -22.29137 ], [ -47.11947, -22.29039 ], [ -47.1157, -22.29415 ], [ -47.10911, -22.29226 ], [ -47.10509, -22.29847 ], [ -47.10551, -22.29368 ], [ -47.09797, -22.293 ], [ -47.09163, -22.30178 ], [ -47.08347, -22.29955 ], [ -47.07215, -22.30684 ], [ -47.0555, -22.30171 ], [ -47.04155, -22.30537 ], [ -47.03342, -22.3038 ], [ -47.03495, -22.30746 ], [ -47.03174, -22.30735 ], [ -47.02884, -22.31202 ], [ -47.03255, -22.31246 ], [ -47.03327, -22.31637 ], [ -47.02803, -22.31923 ], [ -47.02766, -22.32342 ], [ -47.02328, -22.32286 ], [ -47.02367, -22.31762 ], [ -47.02123, -22.31586 ], [ -47.01872, -22.32148 ], [ -47.01375, -22.32394 ], [ -47.01571, -22.32897 ], [ -47.01182, -22.32946 ], [ -47.01131, -22.33172 ], [ -47.01604, -22.33707 ], [ -47.01291, -22.33852 ], [ -47.01155, -22.34456 ], [ -47.00663, -22.34564 ], [ -47.00257, -22.35939 ], [ -46.99192, -22.37205 ], [ -46.98247, -22.37782 ], [ -46.96886, -22.37809 ], [ -46.95901, -22.38663 ], [ -46.95789, -22.39146 ], [ -46.95003, -22.39459 ], [ -46.9456, -22.40139 ], [ -46.92118, -22.38604 ], [ -46.91276, -22.37625 ], [ -46.90747, -22.3772 ], [ -46.90415, -22.37379 ], [ -46.9004, -22.37548 ], [ -46.90198, -22.37868 ], [ -46.89807, -22.38235 ], [ -46.89564, -22.37818 ], [ -46.89039, -22.37662 ], [ -46.87899, -22.38148 ], [ -46.87818, -22.38686 ], [ -46.87071, -22.38824 ], [ -46.87462, -22.38158 ], [ -46.87044, -22.38346 ], [ -46.87019, -22.37998 ], [ -46.87558, -22.37762 ], [ -46.86789, -22.3731 ], [ -46.86743, -22.36799 ], [ -46.8601, -22.36703 ], [ -46.86246, -22.36485 ], [ -46.85998, -22.36368 ], [ -46.86176, -22.36174 ], [ -46.85779, -22.35543 ], [ -46.85579, -22.35672 ], [ -46.85011, -22.3537 ], [ -46.84982, -22.3514 ], [ -46.85493, -22.34809 ], [ -46.8459, -22.34688 ], [ -46.84312, -22.3498 ], [ -46.84089, -22.34707 ], [ -46.84427, -22.34263 ], [ -46.84283, -22.34001 ], [ -46.83212, -22.33403 ], [ -46.82447, -22.33579 ], [ -46.82559, -22.33222 ], [ -46.81624, -22.32229 ], [ -46.81771, -22.31878 ], [ -46.82025, -22.31868 ], [ -46.81269, -22.31525 ], [ -46.80636, -22.3164 ], [ -46.80145, -22.31184 ], [ -46.80327, -22.30941 ], [ -46.79821, -22.30836 ], [ -46.79131, -22.30116 ], [ -46.79111, -22.29691 ], [ -46.78541, -22.29687 ], [ -46.76806, -22.28561 ], [ -46.76186, -22.29253 ], [ -46.75648, -22.29091 ], [ -46.7526, -22.29362 ], [ -46.74982, -22.29944 ], [ -46.74782, -22.29606 ], [ -46.7342, -22.29222 ], [ -46.72391, -22.29888 ], [ -46.72695, -22.30486 ], [ -46.72143, -22.30872 ], [ -46.71776, -22.31703 ], [ -46.71038, -22.31299 ], [ -46.71024, -22.31964 ], [ -46.70084, -22.32172 ], [ -46.70077, -22.32573 ], [ -46.69744, -22.32679 ], [ -46.69879, -22.33331 ], [ -46.6948, -22.33633 ], [ -46.69764, -22.33823 ], [ -46.69574, -22.34006 ], [ -46.6974, -22.34316 ], [ -46.69266, -22.34378 ], [ -46.69414, -22.34821 ], [ -46.68984, -22.34669 ], [ -46.68714, -22.34926 ], [ -46.68717, -22.35758 ], [ -46.68146, -22.3579 ], [ -46.67915, -22.36417 ], [ -46.67542, -22.36653 ], [ -46.67599, -22.36898 ], [ -46.66106, -22.36589 ], [ -46.66083, -22.36987 ], [ -46.6665, -22.38161 ], [ -46.66307, -22.38376 ], [ -46.66346, -22.39875 ], [ -46.66852, -22.40717 ], [ -46.66677, -22.41443 ], [ -46.66179, -22.41855 ], [ -46.65496, -22.42317 ], [ -46.65211, -22.42263 ], [ -46.64667, -22.42884 ], [ -46.64053, -22.42526 ], [ -46.63259, -22.43566 ], [ -46.61652, -22.43875 ], [ -46.61134, -22.43556 ], [ -46.6049, -22.44274 ], [ -46.59524, -22.44135 ], [ -46.59056, -22.43803 ], [ -46.58468, -22.4393 ], [ -46.57357, -22.44507 ], [ -46.57557, -22.44954 ], [ -46.57218, -22.45343 ], [ -46.56395, -22.44643 ], [ -46.5549, -22.44596 ], [ -46.54865, -22.45574 ], [ -46.552, -22.45946 ], [ -46.54959, -22.46948 ], [ -46.54296, -22.468 ], [ -46.5372, -22.47104 ], [ -46.53032, -22.46959 ], [ -46.53681, -22.48825 ], [ -46.54185, -22.49411 ], [ -46.50673, -22.50724 ], [ -46.50867, -22.51433 ], [ -46.50283, -22.51748 ], [ -46.49103, -22.51047 ], [ -46.48904, -22.516 ], [ -46.48466, -22.51917 ], [ -46.47992, -22.5188 ], [ -46.4762, -22.52135 ], [ -46.46623, -22.51877 ], [ -46.46385, -22.52336 ], [ -46.45446, -22.52164 ], [ -46.44939, -22.53071 ], [ -46.43922, -22.53585 ], [ -46.43932, -22.54095 ], [ -46.42917, -22.54396 ], [ -46.42636, -22.54779 ], [ -46.41832, -22.54812 ], [ -46.41743, -22.5422 ], [ -46.41209, -22.53699 ], [ -46.40666, -22.54078 ], [ -46.40819, -22.54878 ], [ -46.41309, -22.55668 ], [ -46.43202, -22.57023 ], [ -46.43381, -22.57428 ], [ -46.42864, -22.58399 ], [ -46.41984, -22.58296 ], [ -46.41251, -22.58587 ], [ -46.41246, -22.58816 ], [ -46.41929, -22.59205 ], [ -46.42434, -22.59935 ], [ -46.42081, -22.59872 ], [ -46.40424, -22.62186 ], [ -46.40782, -22.62399 ], [ -46.42211, -22.62469 ], [ -46.42436, -22.63437 ], [ -46.41632, -22.63996 ], [ -46.4071, -22.64049 ], [ -46.39684, -22.64539 ], [ -46.39195, -22.65397 ], [ -46.39444, -22.65875 ], [ -46.39313, -22.66291 ], [ -46.40525, -22.67252 ], [ -46.40841, -22.66921 ], [ -46.40511, -22.66319 ], [ -46.41282, -22.65926 ], [ -46.41761, -22.6649 ], [ -46.42248, -22.66483 ], [ -46.4276, -22.66116 ], [ -46.44085, -22.66837 ], [ -46.44752, -22.66788 ], [ -46.45776, -22.67141 ], [ -46.4609, -22.67621 ], [ -46.47015, -22.67301 ], [ -46.48053, -22.67794 ], [ -46.47849, -22.68571 ], [ -46.4699, -22.69436 ], [ -46.47924, -22.69841 ], [ -46.47165, -22.70596 ], [ -46.46783, -22.70126 ], [ -46.46289, -22.70678 ], [ -46.45704, -22.70721 ], [ -46.45566, -22.7237 ], [ -46.4524, -22.72763 ], [ -46.43964, -22.72664 ], [ -46.43365, -22.73341 ], [ -46.42513, -22.73588 ], [ -46.42, -22.73276 ], [ -46.4143, -22.73449 ], [ -46.41309, -22.73828 ], [ -46.40669, -22.74077 ], [ -46.40461, -22.7391 ], [ -46.39373, -22.74396 ], [ -46.38628, -22.73983 ], [ -46.37959, -22.74576 ], [ -46.37201, -22.74704 ], [ -46.35982, -22.76187 ], [ -46.35427, -22.75763 ], [ -46.34563, -22.76069 ], [ -46.33414, -22.76099 ], [ -46.33307, -22.76691 ], [ -46.34171, -22.76935 ], [ -46.34064, -22.77416 ], [ -46.34424, -22.778 ], [ -46.34826, -22.7781 ], [ -46.35135, -22.7845 ], [ -46.36217, -22.78906 ], [ -46.362, -22.79284 ], [ -46.37784, -22.82789 ], [ -46.37345, -22.83037 ], [ -46.37089, -22.83606 ], [ -46.37463, -22.84422 ], [ -46.37214, -22.85809 ], [ -46.37341, -22.86225 ], [ -46.38065, -22.86398 ], [ -46.38427, -22.87016 ], [ -46.37554, -22.87069 ], [ -46.37819, -22.87888 ], [ -46.37247, -22.87938 ], [ -46.37231, -22.88353 ], [ -46.36788, -22.8861 ], [ -46.36389, -22.89415 ], [ -46.35621, -22.90051 ], [ -46.34911, -22.89946 ], [ -46.34436, -22.90461 ], [ -46.33751, -22.89675 ], [ -46.3145, -22.88674 ], [ -46.31167, -22.89054 ], [ -46.30467, -22.89152 ], [ -46.30273, -22.89519 ], [ -46.29612, -22.89803 ], [ -46.29092, -22.89453 ], [ -46.28794, -22.88806 ], [ -46.28022, -22.88408 ], [ -46.27889, -22.87879 ], [ -46.26678, -22.87575 ], [ -46.26273, -22.8778 ], [ -46.25785, -22.891 ], [ -46.24711, -22.88899 ], [ -46.24108, -22.89063 ], [ -46.23778, -22.89444 ], [ -46.23295, -22.88136 ], [ -46.21319, -22.87668 ], [ -46.20241, -22.87058 ], [ -46.19957, -22.87149 ], [ -46.19135, -22.86459 ], [ -46.18539, -22.86945 ], [ -46.18018, -22.86651 ], [ -46.15544, -22.86419 ], [ -46.14523, -22.85752 ], [ -46.14069, -22.86826 ], [ -46.14302, -22.88139 ], [ -46.13745, -22.88496 ], [ -46.13639, -22.89107 ], [ -46.14318, -22.90326 ], [ -46.14586, -22.90356 ], [ -46.14936, -22.91028 ], [ -46.15329, -22.91058 ], [ -46.15409, -22.91267 ], [ -46.14075, -22.92202 ], [ -46.13773, -22.92202 ], [ -46.12344, -22.90956 ], [ -46.10755, -22.90552 ], [ -46.10607, -22.90235 ], [ -46.1016, -22.90178 ], [ -46.09462, -22.89517 ], [ -46.08999, -22.89575 ], [ -46.07881, -22.89125 ], [ -46.07406, -22.89179 ], [ -46.07283, -22.89445 ], [ -46.06402, -22.89155 ], [ -46.05932, -22.89547 ], [ -46.0507, -22.89695 ], [ -46.0507, -22.9023 ], [ -46.04452, -22.90507 ], [ -46.04391, -22.91135 ], [ -46.04108, -22.91431 ], [ -46.04258, -22.92636 ], [ -46.04866, -22.93277 ], [ -46.05326, -22.94995 ], [ -46.04912, -22.95489 ], [ -46.05158, -22.95895 ], [ -46.05199, -22.96826 ], [ -46.05705, -22.97303 ], [ -46.06366, -22.97454 ], [ -46.06724, -22.98017 ], [ -46.07772, -22.97725 ], [ -46.08148, -22.98508 ], [ -46.08659, -22.98498 ], [ -46.08972, -22.9933 ], [ -46.09443, -22.99721 ], [ -46.12519, -23.00896 ], [ -46.13397, -23.02622 ], [ -46.14201, -23.02848 ], [ -46.1405, -23.03881 ], [ -46.14429, -23.0393 ], [ -46.14385, -23.04225 ], [ -46.15105, -23.04449 ], [ -46.15489, -23.04933 ], [ -46.15897, -23.0499 ], [ -46.15889, -23.0615 ], [ -46.16232, -23.06313 ], [ -46.16147, -23.06609 ], [ -46.17042, -23.0716 ], [ -46.17355, -23.0708 ], [ -46.17503, -23.07584 ], [ -46.18036, -23.07937 ], [ -46.19483, -23.0779 ], [ -46.2049, -23.0844 ], [ -46.20524, -23.09303 ], [ -46.21051, -23.10457 ], [ -46.20889, -23.10665 ], [ -46.21509, -23.1084 ], [ -46.21428, -23.11439 ], [ -46.21823, -23.11723 ], [ -46.21835, -23.12352 ], [ -46.22151, -23.12294 ], [ -46.22576, -23.12619 ], [ -46.22582, -23.13656 ], [ -46.23509, -23.13504 ], [ -46.24748, -23.15487 ], [ -46.25361, -23.15616 ], [ -46.25713, -23.15967 ], [ -46.25751, -23.16727 ], [ -46.25549, -23.16958 ], [ -46.26153, -23.17398 ], [ -46.25965, -23.17999 ], [ -46.26355, -23.18357 ], [ -46.26312, -23.18799 ], [ -46.26876, -23.19044 ], [ -46.27584, -23.18491 ], [ -46.28244, -23.18346 ], [ -46.28604, -23.19095 ], [ -46.29696, -23.19698 ], [ -46.30776, -23.19801 ], [ -46.3077, -23.20311 ], [ -46.31002, -23.20472 ], [ -46.30557, -23.21298 ], [ -46.31153, -23.2274 ], [ -46.32669, -23.24076 ], [ -46.32968, -23.24632 ], [ -46.33719, -23.25061 ], [ -46.34809, -23.25262 ], [ -46.35384, -23.26494 ], [ -46.3598, -23.26776 ], [ -46.3569, -23.27254 ], [ -46.38151, -23.27805 ], [ -46.38745, -23.2869 ], [ -46.39627, -23.28579 ], [ -46.4, -23.28875 ], [ -46.40276, -23.29909 ], [ -46.41202, -23.30164 ], [ -46.41052, -23.30576 ], [ -46.41848, -23.31629 ], [ -46.42594, -23.30182 ], [ -46.42728, -23.29197 ], [ -46.43743, -23.28452 ], [ -46.43433, -23.2796 ], [ -46.43977, -23.27341 ], [ -46.44792, -23.27 ], [ -46.45404, -23.27308 ], [ -46.45941, -23.27031 ], [ -46.46187, -23.27241 ], [ -46.46066, -23.27804 ], [ -46.47084, -23.28263 ], [ -46.47277, -23.27662 ], [ -46.49185, -23.25522 ], [ -46.49992, -23.25276 ], [ -46.50309, -23.24791 ], [ -46.51422, -23.25014 ], [ -46.51541, -23.23747 ], [ -46.52383, -23.23805 ], [ -46.52903, -23.24152 ], [ -46.5396, -23.23974 ], [ -46.54625, -23.24135 ], [ -46.55354, -23.23622 ], [ -46.56363, -23.23652 ], [ -46.57532, -23.23252 ], [ -46.59374, -23.23652 ], [ -46.60412, -23.23514 ], [ -46.60529, -23.22844 ], [ -46.60981, -23.22578 ], [ -46.61553, -23.22753 ], [ -46.61763, -23.24029 ], [ -46.62199, -23.24239 ], [ -46.62279, -23.2567 ], [ -46.62643, -23.25618 ], [ -46.62966, -23.25906 ], [ -46.64378, -23.25529 ], [ -46.6526, -23.26043 ], [ -46.67092, -23.2563 ], [ -46.67567, -23.26168 ], [ -46.68335, -23.25715 ], [ -46.6937, -23.25909 ], [ -46.69818, -23.25653 ], [ -46.69805, -23.25341 ], [ -46.70551, -23.25133 ], [ -46.71741, -23.25377 ], [ -46.72413, -23.25003 ], [ -46.73278, -23.25437 ], [ -46.74674, -23.25067 ], [ -46.75207, -23.2554 ], [ -46.75678, -23.25354 ], [ -46.76653, -23.25928 ], [ -46.77238, -23.2597 ], [ -46.77873, -23.25654 ], [ -46.78402, -23.26085 ], [ -46.78395, -23.26556 ], [ -46.79164, -23.26732 ], [ -46.7934, -23.26115 ], [ -46.80304, -23.2573 ], [ -46.8032, -23.27041 ], [ -46.80651, -23.27267 ], [ -46.80578, -23.27479 ], [ -46.81475, -23.27697 ], [ -46.81469, -23.28228 ], [ -46.83211, -23.27877 ], [ -46.83494, -23.28036 ], [ -46.835, -23.28637 ], [ -46.83853, -23.28797 ], [ -46.8444, -23.28198 ], [ -46.84996, -23.28559 ], [ -46.86749, -23.27791 ], [ -46.86967, -23.28216 ], [ -46.8763, -23.28476 ], [ -46.87586, -23.29087 ], [ -46.88146, -23.28889 ], [ -46.88525, -23.29023 ], [ -46.88988, -23.29964 ], [ -46.90088, -23.30505 ], [ -46.9018, -23.30745 ], [ -46.9154, -23.30809 ], [ -46.91802, -23.31051 ], [ -46.92249, -23.3078 ], [ -46.93087, -23.31154 ], [ -46.93884, -23.32327 ], [ -46.94133, -23.32001 ], [ -46.94522, -23.32496 ], [ -46.94891, -23.32599 ], [ -46.95062, -23.32396 ], [ -46.95913, -23.32718 ] ] ] } },
{ "type": "Feature", "properties": { "regional_cgr": "CGR 02" }, "geometry": { "type": "Polygon", "coordinates": [ [ [ -49.21233, -24.70269 ], [ -49.2225, -24.69883 ], [ -49.25632, -24.69625 ], [ -49.26234, -24.69228 ], [ -49.27346, -24.6947 ], [ -49.28776, -24.68393 ], [ -49.29401, -24.67544 ], [ -49.30504, -24.67334 ], [ -49.30438, -24.66894 ], [ -49.31158, -24.66254 ], [ -49.30815, -24.66116 ], [ -49.30665, -24.65717 ], [ -49.30222, -24.65771 ], [ -49.29899, -24.65425 ], [ -49.30132, -24.64939 ], [ -49.30997, -24.64587 ], [ -49.30609, -24.64341 ], [ -49.30839, -24.64136 ], [ -49.30695, -24.63961 ], [ -49.31337, -24.64175 ], [ -49.31654, -24.63919 ], [ -49.31238, -24.63718 ], [ -49.31427, -24.63232 ], [ -49.30651, -24.62181 ], [ -49.31446, -24.614 ], [ -49.31165, -24.61094 ], [ -49.31361, -24.60853 ], [ -49.31101, -24.60494 ], [ -49.31282, -24.60392 ], [ -49.30801, -24.60386 ], [ -49.30928, -24.6021 ], [ -49.30316, -24.59616 ], [ -49.31625, -24.58814 ], [ -49.31528, -24.58574 ], [ -49.31193, -24.58611 ], [ -49.31292, -24.58198 ], [ -49.31049, -24.58023 ], [ -49.31237, -24.57908 ], [ -49.31147, -24.57457 ], [ -49.31408, -24.57259 ], [ -49.31318, -24.57001 ], [ -49.31803, -24.56644 ], [ -49.31781, -24.56371 ], [ -49.31422, -24.56216 ], [ -49.31585, -24.5549 ], [ -49.30938, -24.55281 ], [ -49.31132, -24.54948 ], [ -49.30694, -24.55008 ], [ -49.30505, -24.54579 ], [ -49.3026, -24.55027 ], [ -49.29685, -24.54964 ], [ -49.2924, -24.5531 ], [ -49.29219, -24.54314 ], [ -49.28347, -24.54085 ], [ -49.27934, -24.53629 ], [ -49.28865, -24.52675 ], [ -49.28565, -24.5182 ], [ -49.28676, -24.51271 ], [ -49.28954, -24.51355 ], [ -49.28947, -24.50945 ], [ -49.29462, -24.50593 ], [ -49.29639, -24.50085 ], [ -49.29055, -24.49916 ], [ -49.28525, -24.49399 ], [ -49.28158, -24.49535 ], [ -49.26994, -24.49267 ], [ -49.27175, -24.48258 ], [ -49.26565, -24.47966 ], [ -49.26376, -24.4735 ], [ -49.25397, -24.47356 ], [ -49.25419, -24.47007 ], [ -49.24913, -24.4715 ], [ -49.24677, -24.46902 ], [ -49.24894, -24.46396 ], [ -49.24467, -24.46489 ], [ -49.2452, -24.45787 ], [ -49.25364, -24.4553 ], [ -49.25134, -24.45152 ], [ -49.25444, -24.45001 ], [ -49.25014, -24.44495 ], [ -49.25349, -24.43463 ], [ -49.24185, -24.42396 ], [ -49.23487, -24.41017 ], [ -49.24142, -24.40161 ], [ -49.25046, -24.40689 ], [ -49.25458, -24.40665 ], [ -49.25409, -24.40316 ], [ -49.2517, -24.40262 ], [ -49.24749, -24.39239 ], [ -49.23164, -24.37531 ], [ -49.22459, -24.3642 ], [ -49.20076, -24.34406 ], [ -49.20593, -24.33791 ], [ -49.22477, -24.34004 ], [ -49.22774, -24.33307 ], [ -49.23304, -24.32958 ], [ -49.24515, -24.33218 ], [ -49.24609, -24.3303 ], [ -49.24983, -24.33106 ], [ -49.25019, -24.31962 ], [ -49.25765, -24.31723 ], [ -49.2625, -24.31061 ], [ -49.27035, -24.30653 ], [ -49.27301, -24.30846 ], [ -49.27472, -24.30499 ], [ -49.2793, -24.30546 ], [ -49.28124, -24.30962 ], [ -49.28405, -24.30786 ], [ -49.28217, -24.30575 ], [ -49.28582, -24.30468 ], [ -49.28714, -24.29805 ], [ -49.29026, -24.29661 ], [ -49.28892, -24.29119 ], [ -49.29338, -24.28847 ], [ -49.29687, -24.28985 ], [ -49.29937, -24.28607 ], [ -49.29641, -24.28734 ], [ -49.29513, -24.28503 ], [ -49.3016, -24.2753 ], [ -49.29876, -24.26691 ], [ -49.30165, -24.26536 ], [ -49.30284, -24.25869 ], [ -49.30918, -24.25893 ], [ -49.30479, -24.25163 ], [ -49.31124, -24.2465 ], [ -49.31251, -24.24234 ], [ -49.3196, -24.24338 ], [ -49.321, -24.2352 ], [ -49.33441, -24.23067 ], [ -49.33719, -24.22665 ], [ -49.35123, -24.2197 ], [ -49.35604, -24.21293 ], [ -49.35543, -24.20882 ], [ -49.34124, -24.20269 ], [ -49.34624, -24.19154 ], [ -49.34268, -24.18657 ], [ -49.33944, -24.17411 ], [ -49.33975, -24.15609 ], [ -49.33208, -24.15015 ], [ -49.33621, -24.14404 ], [ -49.33602, -24.13663 ], [ -49.34114, -24.13852 ], [ -49.34398, -24.13418 ], [ -49.36201, -24.12751 ], [ -49.36505, -24.1223 ], [ -49.36205, -24.11932 ], [ -49.36739, -24.11832 ], [ -49.37003, -24.11413 ], [ -49.37714, -24.11771 ], [ -49.38302, -24.11468 ], [ -49.38721, -24.11558 ], [ -49.38957, -24.11903 ], [ -49.39321, -24.11396 ], [ -49.40873, -24.10816 ], [ -49.40442, -24.1025 ], [ -49.40795, -24.09792 ], [ -49.40469, -24.09703 ], [ -49.40494, -24.09523 ], [ -49.41168, -24.09229 ], [ -49.41416, -24.0962 ], [ -49.41602, -24.09159 ], [ -49.42029, -24.09008 ], [ -49.4225, -24.09191 ], [ -49.42668, -24.08699 ], [ -49.43069, -24.08767 ], [ -49.43149, -24.08018 ], [ -49.42918, -24.07695 ], [ -49.43538, -24.07433 ], [ -49.42957, -24.06829 ], [ -49.43864, -24.06842 ], [ -49.44025, -24.06298 ], [ -49.43786, -24.05786 ], [ -49.44989, -24.05603 ], [ -49.45774, -24.04865 ], [ -49.45767, -24.04404 ], [ -49.4629, -24.03818 ], [ -49.46097, -24.03179 ], [ -49.46334, -24.02566 ], [ -49.46818, -24.02411 ], [ -49.47319, -24.02585 ], [ -49.47377, -24.01916 ], [ -49.47936, -24.01823 ], [ -49.48216, -24.02391 ], [ -49.48789, -24.02394 ], [ -49.4905, -24.01869 ], [ -49.48626, -24.01561 ], [ -49.4925, -24.01426 ], [ -49.48312, -24.01137 ], [ -49.48065, -24.00513 ], [ -49.48638, -24.00635 ], [ -49.48664, -23.99843 ], [ -49.48948, -23.99867 ], [ -49.4918, -23.99293 ], [ -49.49852, -23.9931 ], [ -49.49431, -23.97623 ], [ -49.4996, -23.97049 ], [ -49.50677, -23.96767 ], [ -49.50932, -23.97157 ], [ -49.51728, -23.97054 ], [ -49.51502, -23.96469 ], [ -49.49941, -23.9588 ], [ -49.50604, -23.95479 ], [ -49.50368, -23.94714 ], [ -49.50931, -23.94828 ], [ -49.51447, -23.94427 ], [ -49.52062, -23.9472 ], [ -49.52519, -23.93622 ], [ -49.52388, -23.93434 ], [ -49.51725, -23.93753 ], [ -49.51023, -23.93747 ], [ -49.50917, -23.93229 ], [ -49.51594, -23.92977 ], [ -49.51167, -23.92533 ], [ -49.51769, -23.9231 ], [ -49.52365, -23.91653 ], [ -49.52735, -23.92242 ], [ -49.53149, -23.92296 ], [ -49.53196, -23.93035 ], [ -49.54601, -23.92311 ], [ -49.55711, -23.92266 ], [ -49.5537, -23.91591 ], [ -49.56386, -23.91171 ], [ -49.56814, -23.89997 ], [ -49.57359, -23.8999 ], [ -49.57724, -23.89688 ], [ -49.57369, -23.8776 ], [ -49.58585, -23.89014 ], [ -49.59208, -23.875 ], [ -49.6022, -23.8688 ], [ -49.59911, -23.8585 ], [ -49.61088, -23.85236 ], [ -49.60837, -23.84802 ], [ -49.59878, -23.85009 ], [ -49.59587, -23.84837 ], [ -49.60857, -23.83973 ], [ -49.59868, -23.83676 ], [ -49.5871, -23.84238 ], [ -49.59429, -23.83435 ], [ -49.59076, -23.82848 ], [ -49.57375, -23.82792 ], [ -49.56073, -23.81622 ], [ -49.56307, -23.80196 ], [ -49.55964, -23.79178 ], [ -49.56419, -23.78666 ], [ -49.5648, -23.78153 ], [ -49.57077, -23.77876 ], [ -49.56596, -23.77779 ], [ -49.56704, -23.77203 ], [ -49.56249, -23.7699 ], [ -49.56365, -23.76427 ], [ -49.56007, -23.76226 ], [ -49.57347, -23.75576 ], [ -49.56397, -23.75078 ], [ -49.56811, -23.73926 ], [ -49.56356, -23.73237 ], [ -49.56138, -23.73185 ], [ -49.55244, -23.73841 ], [ -49.54864, -23.73579 ], [ -49.55536, -23.72258 ], [ -49.55398, -23.71244 ], [ -49.54966, -23.70407 ], [ -49.55192, -23.70342 ], [ -49.55517, -23.70687 ], [ -49.55886, -23.70566 ], [ -49.5587, -23.70375 ], [ -49.55447, -23.70363 ], [ -49.55584, -23.70092 ], [ -49.55342, -23.69718 ], [ -49.55714, -23.69371 ], [ -49.55601, -23.69095 ], [ -49.55898, -23.69003 ], [ -49.56126, -23.69285 ], [ -49.56362, -23.68876 ], [ -49.56219, -23.68558 ], [ -49.56645, -23.68562 ], [ -49.56842, -23.68909 ], [ -49.56932, -23.68475 ], [ -49.5762, -23.68034 ], [ -49.57476, -23.67606 ], [ -49.57926, -23.67916 ], [ -49.58334, -23.67023 ], [ -49.58027, -23.66439 ], [ -49.5855, -23.66464 ], [ -49.58526, -23.65917 ], [ -49.60229, -23.6521 ], [ -49.60288, -23.64481 ], [ -49.61685, -23.64023 ], [ -49.60836, -23.63452 ], [ -49.60855, -23.62806 ], [ -49.60588, -23.62464 ], [ -49.61353, -23.62359 ], [ -49.61569, -23.61744 ], [ -49.61347, -23.61475 ], [ -49.62113, -23.61168 ], [ -49.62108, -23.60481 ], [ -49.61616, -23.59147 ], [ -49.60855, -23.58983 ], [ -49.60114, -23.58294 ], [ -49.6012, -23.57454 ], [ -49.60771, -23.56805 ], [ -49.60802, -23.5648 ], [ -49.59981, -23.55848 ], [ -49.59849, -23.55397 ], [ -49.60473, -23.54796 ], [ -49.60581, -23.54376 ], [ -49.60067, -23.53813 ], [ -49.601, -23.53569 ], [ -49.61107, -23.52908 ], [ -49.62265, -23.52519 ], [ -49.62979, -23.5129 ], [ -49.62849, -23.50947 ], [ -49.62142, -23.50593 ], [ -49.6131, -23.5102 ], [ -49.61866, -23.50262 ], [ -49.62189, -23.49275 ], [ -49.61344, -23.4869 ], [ -49.61257, -23.4809 ], [ -49.61527, -23.47213 ], [ -49.60226, -23.4787 ], [ -49.59841, -23.47762 ], [ -49.60243, -23.47106 ], [ -49.60134, -23.46148 ], [ -49.5974, -23.45793 ], [ -49.59225, -23.45961 ], [ -49.59599, -23.46264 ], [ -49.5953, -23.46502 ], [ -49.5918, -23.46295 ], [ -49.59428, -23.47395 ], [ -49.58793, -23.47855 ], [ -49.57751, -23.47954 ], [ -49.58013, -23.48534 ], [ -49.57725, -23.49176 ], [ -49.56736, -23.49045 ], [ -49.56379, -23.49581 ], [ -49.55922, -23.49375 ], [ -49.5486, -23.49528 ], [ -49.54352, -23.49974 ], [ -49.53384, -23.50223 ], [ -49.53601, -23.50581 ], [ -49.52819, -23.51054 ], [ -49.52182, -23.50988 ], [ -49.52039, -23.5074 ], [ -49.51303, -23.50756 ], [ -49.48629, -23.52723 ], [ -49.4822, -23.53177 ], [ -49.47935, -23.54046 ], [ -49.47559, -23.54001 ], [ -49.47298, -23.53463 ], [ -49.46167, -23.53397 ], [ -49.45321, -23.52716 ], [ -49.44657, -23.52997 ], [ -49.43423, -23.52715 ], [ -49.42604, -23.53214 ], [ -49.41862, -23.52868 ], [ -49.40217, -23.53642 ], [ -49.39154, -23.53412 ], [ -49.38352, -23.52533 ], [ -49.37077, -23.52442 ], [ -49.36301, -23.52955 ], [ -49.35478, -23.52424 ], [ -49.34607, -23.5276 ], [ -49.3312, -23.52524 ], [ -49.34911, -23.51296 ], [ -49.3467, -23.5101 ], [ -49.34356, -23.51046 ], [ -49.33382, -23.49477 ], [ -49.33187, -23.488 ], [ -49.33695, -23.47821 ], [ -49.32806, -23.47492 ], [ -49.32367, -23.4773 ], [ -49.32278, -23.4692 ], [ -49.34629, -23.45016 ], [ -49.34974, -23.44302 ], [ -49.36079, -23.43434 ], [ -49.36189, -23.42281 ], [ -49.35883, -23.41858 ], [ -49.35477, -23.41642 ], [ -49.35065, -23.4183 ], [ -49.34266, -23.4162 ], [ -49.33704, -23.41348 ], [ -49.33306, -23.40565 ], [ -49.31732, -23.40019 ], [ -49.30871, -23.40768 ], [ -49.30166, -23.40787 ], [ -49.29943, -23.41491 ], [ -49.29363, -23.41726 ], [ -49.28859, -23.41478 ], [ -49.28645, -23.41028 ], [ -49.27951, -23.41269 ], [ -49.27104, -23.4087 ], [ -49.26725, -23.41307 ], [ -49.25706, -23.40724 ], [ -49.25193, -23.40857 ], [ -49.24727, -23.41483 ], [ -49.24367, -23.41372 ], [ -49.24003, -23.41658 ], [ -49.23675, -23.41441 ], [ -49.2294, -23.41781 ], [ -49.22842, -23.42179 ], [ -49.22367, -23.41716 ], [ -49.2147, -23.41797 ], [ -49.20755, -23.41417 ], [ -49.2064, -23.40421 ], [ -49.21988, -23.39222 ], [ -49.22449, -23.3849 ], [ -49.22307, -23.38339 ], [ -49.2126, -23.38679 ], [ -49.20434, -23.38165 ], [ -49.21341, -23.37262 ], [ -49.20961, -23.36631 ], [ -49.20995, -23.36025 ], [ -49.21433, -23.35894 ], [ -49.21887, -23.35229 ], [ -49.20166, -23.32208 ], [ -49.20421, -23.31222 ], [ -49.21398, -23.3035 ], [ -49.21419, -23.2995 ], [ -49.20175, -23.29593 ], [ -49.19744, -23.28848 ], [ -49.20807, -23.27211 ], [ -49.2091, -23.26176 ], [ -49.20681, -23.25441 ], [ -49.21087, -23.24528 ], [ -49.19723, -23.24863 ], [ -49.18482, -23.26056 ], [ -49.16153, -23.26364 ], [ -49.1506, -23.26234 ], [ -49.15102, -23.2406 ], [ -49.13973, -23.22645 ], [ -49.14435, -23.21152 ], [ -49.14464, -23.20327 ], [ -49.14114, -23.1904 ], [ -49.14314, -23.18283 ], [ -49.13944, -23.17547 ], [ -49.14319, -23.1587 ], [ -49.13551, -23.14922 ], [ -49.13737, -23.14245 ], [ -49.13455, -23.13297 ], [ -49.13615, -23.12522 ], [ -49.12981, -23.12043 ], [ -49.12652, -23.11269 ], [ -49.12166, -23.11123 ], [ -49.12242, -23.09574 ], [ -49.09244, -23.09607 ], [ -49.08943, -23.10366 ], [ -49.08326, -23.09819 ], [ -49.07704, -23.09807 ], [ -49.07249, -23.09369 ], [ -49.06764, -23.09286 ], [ -49.08041, -23.06552 ], [ -49.07836, -23.05724 ], [ -49.07183, -23.05169 ], [ -49.07352, -23.0417 ], [ -49.06055, -23.0358 ], [ -49.05026, -23.02128 ], [ -49.0549, -23.01015 ], [ -49.04828, -23.00018 ], [ -49.04881, -22.99479 ], [ -49.04332, -22.98566 ], [ -49.04049, -22.97479 ], [ -49.03589, -22.96918 ], [ -49.03365, -22.95882 ], [ -49.02355, -22.9601 ], [ -49.02074, -22.95817 ], [ -49.0061, -22.92982 ], [ -48.99803, -22.92213 ], [ -48.99352, -22.92143 ], [ -48.98264, -22.90875 ], [ -48.98142, -22.90143 ], [ -48.98463, -22.89841 ], [ -48.98783, -22.89917 ], [ -48.98634, -22.89379 ], [ -48.99055, -22.89682 ], [ -48.99211, -22.8909 ], [ -48.99945, -22.88819 ], [ -49.00218, -22.89011 ], [ -49.00457, -22.88735 ], [ -48.99696, -22.88149 ], [ -48.99649, -22.87489 ], [ -48.99181, -22.87056 ], [ -48.9907, -22.85268 ], [ -48.98699, -22.85144 ], [ -48.98109, -22.83595 ], [ -48.97216, -22.82949 ], [ -48.96935, -22.82455 ], [ -48.96641, -22.82688 ], [ -48.9494, -22.82431 ], [ -48.94431, -22.82659 ], [ -48.94163, -22.82521 ], [ -48.92224, -22.82785 ], [ -48.90996, -22.83271 ], [ -48.90141, -22.84508 ], [ -48.87961, -22.85137 ], [ -48.86238, -22.85149 ], [ -48.84801, -22.84606 ], [ -48.8426, -22.84976 ], [ -48.83185, -22.84719 ], [ -48.81993, -22.84785 ], [ -48.80415, -22.84398 ], [ -48.80244, -22.84563 ], [ -48.80339, -22.85384 ], [ -48.79907, -22.85689 ], [ -48.79684, -22.86502 ], [ -48.78788, -22.86979 ], [ -48.7874, -22.8714 ], [ -48.79284, -22.87345 ], [ -48.8067, -22.87559 ], [ -48.80992, -22.87963 ], [ -48.8159, -22.88084 ], [ -48.82054, -22.88766 ], [ -48.82898, -22.8917 ], [ -48.83036, -22.89622 ], [ -48.82651, -22.90931 ], [ -48.83809, -22.91431 ], [ -48.84151, -22.9187 ], [ -48.84109, -22.92192 ], [ -48.85219, -22.93109 ], [ -48.84972, -22.9381 ], [ -48.84642, -22.93963 ], [ -48.84698, -22.94818 ], [ -48.82722, -22.94833 ], [ -48.8197, -22.95173 ], [ -48.81478, -22.95054 ], [ -48.81388, -22.95372 ], [ -48.80701, -22.95471 ], [ -48.79355, -22.9632 ], [ -48.79, -22.96281 ], [ -48.78845, -22.95969 ], [ -48.787, -22.96224 ], [ -48.77627, -22.96597 ], [ -48.77451, -22.97427 ], [ -48.76147, -22.99232 ], [ -48.76211, -23.01538 ], [ -48.76975, -23.02012 ], [ -48.76997, -23.03272 ], [ -48.77716, -23.04519 ], [ -48.77866, -23.05349 ], [ -48.77235, -23.05825 ], [ -48.7711, -23.06842 ], [ -48.76424, -23.07765 ], [ -48.75291, -23.08413 ], [ -48.74507, -23.08581 ], [ -48.74139, -23.08958 ], [ -48.75111, -23.11471 ], [ -48.74786, -23.11665 ], [ -48.7477, -23.12158 ], [ -48.7369, -23.13503 ], [ -48.73401, -23.14639 ], [ -48.73842, -23.15546 ], [ -48.74326, -23.15891 ], [ -48.7446, -23.16554 ], [ -48.74229, -23.17139 ], [ -48.74476, -23.19789 ], [ -48.74199, -23.20434 ], [ -48.73527, -23.20881 ], [ -48.74094, -23.21974 ], [ -48.7408, -23.23089 ], [ -48.74365, -23.23649 ], [ -48.74743, -23.23709 ], [ -48.74469, -23.25038 ], [ -48.77219, -23.26502 ], [ -48.76692, -23.26983 ], [ -48.77292, -23.2762 ], [ -48.77673, -23.286 ], [ -48.77604, -23.29065 ], [ -48.77399, -23.29913 ], [ -48.75666, -23.30912 ], [ -48.73463, -23.31757 ], [ -48.71145, -23.31921 ], [ -48.70736, -23.32545 ], [ -48.70834, -23.33647 ], [ -48.69923, -23.34179 ], [ -48.68041, -23.34152 ], [ -48.64921, -23.3282 ], [ -48.62522, -23.3258 ], [ -48.60744, -23.31663 ], [ -48.59025, -23.31481 ], [ -48.58614, -23.3116 ], [ -48.58108, -23.29901 ], [ -48.57613, -23.29641 ], [ -48.56654, -23.29601 ], [ -48.55445, -23.27836 ], [ -48.54858, -23.28099 ], [ -48.53744, -23.27292 ], [ -48.52094, -23.27229 ], [ -48.51854, -23.2699 ], [ -48.51209, -23.27156 ], [ -48.50811, -23.26664 ], [ -48.5047, -23.26943 ], [ -48.50159, -23.26792 ], [ -48.48967, -23.2595 ], [ -48.48929, -23.25408 ], [ -48.49232, -23.25338 ], [ -48.49194, -23.25026 ], [ -48.48582, -23.24716 ], [ -48.48607, -23.24446 ], [ -48.48224, -23.2414 ], [ -48.47659, -23.24132 ], [ -48.47673, -23.23818 ], [ -48.46922, -23.24012 ], [ -48.46863, -23.23182 ], [ -48.46607, -23.22975 ], [ -48.46776, -23.22867 ], [ -48.46461, -23.22838 ], [ -48.46489, -23.22448 ], [ -48.45647, -23.21429 ], [ -48.45091, -23.21272 ], [ -48.45222, -23.21022 ], [ -48.44495, -23.21228 ], [ -48.44316, -23.20968 ], [ -48.43954, -23.2117 ], [ -48.43253, -23.20811 ], [ -48.42848, -23.20261 ], [ -48.42335, -23.203 ], [ -48.41033, -23.19495 ], [ -48.4059, -23.19458 ], [ -48.40207, -23.18913 ], [ -48.38854, -23.18647 ], [ -48.38112, -23.18036 ], [ -48.38105, -23.17651 ], [ -48.36877, -23.16949 ], [ -48.36244, -23.1685 ], [ -48.36039, -23.16329 ], [ -48.36329, -23.15424 ], [ -48.35621, -23.15033 ], [ -48.35109, -23.15231 ], [ -48.35071, -23.14921 ], [ -48.3441, -23.14448 ], [ -48.34127, -23.13902 ], [ -48.33736, -23.13871 ], [ -48.32559, -23.14462 ], [ -48.3127, -23.14557 ], [ -48.3062, -23.15085 ], [ -48.30318, -23.1496 ], [ -48.31123, -23.1423 ], [ -48.31891, -23.14047 ], [ -48.32703, -23.13485 ], [ -48.32651, -23.13131 ], [ -48.31924, -23.12953 ], [ -48.32358, -23.12096 ], [ -48.32358, -23.11481 ], [ -48.33236, -23.1207 ], [ -48.3389, -23.11508 ], [ -48.34408, -23.11381 ], [ -48.35798, -23.10076 ], [ -48.35224, -23.09597 ], [ -48.35776, -23.09277 ], [ -48.35443, -23.09063 ], [ -48.35061, -23.09183 ], [ -48.35174, -23.08578 ], [ -48.34042, -23.08409 ], [ -48.3415, -23.08229 ], [ -48.34579, -23.08478 ], [ -48.35388, -23.0827 ], [ -48.3499, -23.07982 ], [ -48.35157, -23.07785 ], [ -48.34636, -23.07185 ], [ -48.35159, -23.07132 ], [ -48.35288, -23.06601 ], [ -48.35477, -23.06806 ], [ -48.35389, -23.0721 ], [ -48.35845, -23.07064 ], [ -48.36143, -23.06644 ], [ -48.35779, -23.06401 ], [ -48.35791, -23.05928 ], [ -48.35369, -23.0605 ], [ -48.34408, -23.05084 ], [ -48.35392, -23.05364 ], [ -48.35762, -23.04949 ], [ -48.35442, -23.04497 ], [ -48.35977, -23.04181 ], [ -48.35912, -23.03456 ], [ -48.35651, -23.03431 ], [ -48.35803, -23.0309 ], [ -48.34573, -23.02579 ], [ -48.35317, -23.02769 ], [ -48.3581, -23.02543 ], [ -48.35652, -23.01975 ], [ -48.34833, -23.0134 ], [ -48.35094, -23.01063 ], [ -48.34554, -23.00833 ], [ -48.34803, -23.00287 ], [ -48.34221, -23.00569 ], [ -48.33985, -23.00089 ], [ -48.3342, -23.00527 ], [ -48.32914, -22.99954 ], [ -48.32206, -23.0011 ], [ -48.32155, -22.99603 ], [ -48.31859, -22.99297 ], [ -48.30668, -22.99043 ], [ -48.29536, -22.98035 ], [ -48.29442, -22.97344 ], [ -48.2914, -22.97044 ], [ -48.29143, -22.95778 ], [ -48.27687, -22.95963 ], [ -48.26905, -22.9647 ], [ -48.2442, -22.9711 ], [ -48.24282, -22.97421 ], [ -48.24043, -22.97336 ], [ -48.23398, -22.9795 ], [ -48.23005, -22.97995 ], [ -48.22044, -22.99187 ], [ -48.2087, -22.99534 ], [ -48.2002, -22.99012 ], [ -48.19772, -22.98452 ], [ -48.18482, -22.98231 ], [ -48.17782, -22.97773 ], [ -48.17075, -22.98749 ], [ -48.16863, -22.99452 ], [ -48.1621, -22.99812 ], [ -48.14233, -22.99076 ], [ -48.13155, -22.98335 ], [ -48.12917, -22.97905 ], [ -48.12746, -22.97979 ], [ -48.12915, -22.9779 ], [ -48.12578, -22.97508 ], [ -48.1261, -22.97075 ], [ -48.12971, -22.97085 ], [ -48.12893, -22.96901 ], [ -48.13092, -22.96987 ], [ -48.13103, -22.96777 ], [ -48.13449, -22.9677 ], [ -48.13372, -22.96585 ], [ -48.13923, -22.9645 ], [ -48.13532, -22.95662 ], [ -48.12992, -22.95383 ], [ -48.1294, -22.94974 ], [ -48.13402, -22.94784 ], [ -48.13106, -22.9434 ], [ -48.12872, -22.94367 ], [ -48.13039, -22.94268 ], [ -48.12752, -22.94281 ], [ -48.12906, -22.93767 ], [ -48.12247, -22.93 ], [ -48.12645, -22.92691 ], [ -48.1344, -22.92858 ], [ -48.13245, -22.92233 ], [ -48.13983, -22.91857 ], [ -48.13417, -22.9108 ], [ -48.13973, -22.90554 ], [ -48.13567, -22.90404 ], [ -48.13993, -22.90445 ], [ -48.13269, -22.89898 ], [ -48.12896, -22.89975 ], [ -48.12814, -22.8965 ], [ -48.12592, -22.89661 ], [ -48.12741, -22.89515 ], [ -48.12057, -22.89206 ], [ -48.12932, -22.88721 ], [ -48.13009, -22.88913 ], [ -48.13207, -22.88825 ], [ -48.13202, -22.881 ], [ -48.12595, -22.8819 ], [ -48.12541, -22.87963 ], [ -48.12416, -22.8822 ], [ -48.12095, -22.88071 ], [ -48.11743, -22.8828 ], [ -48.11455, -22.88079 ], [ -48.11609, -22.87897 ], [ -48.11369, -22.87649 ], [ -48.11432, -22.86837 ], [ -48.11917, -22.86754 ], [ -48.11994, -22.87042 ], [ -48.12145, -22.86188 ], [ -48.11267, -22.85496 ], [ -48.10594, -22.86301 ], [ -48.10699, -22.85902 ], [ -48.1014, -22.85131 ], [ -48.1138, -22.8489 ], [ -48.11167, -22.84372 ], [ -48.11563, -22.84222 ], [ -48.11011, -22.83973 ], [ -48.11366, -22.83604 ], [ -48.11254, -22.83365 ], [ -48.10036, -22.82771 ], [ -48.10006, -22.82068 ], [ -48.09728, -22.82147 ], [ -48.09736, -22.82688 ], [ -48.088, -22.82198 ], [ -48.07889, -22.82907 ], [ -48.06676, -22.82271 ], [ -48.0589, -22.82595 ], [ -48.05144, -22.82507 ], [ -48.03878, -22.84625 ], [ -48.01221, -22.85416 ], [ -48.00269, -22.86705 ], [ -48.00192, -22.8773 ], [ -48.00635, -22.88237 ], [ -48.01491, -22.88333 ], [ -48.01527, -22.88649 ], [ -48.00943, -22.89555 ], [ -48.00172, -22.89892 ], [ -47.9934, -22.89593 ], [ -47.98828, -22.88897 ], [ -47.99085, -22.87595 ], [ -47.98619, -22.86896 ], [ -47.98192, -22.87019 ], [ -47.98122, -22.87611 ], [ -47.97497, -22.88442 ], [ -47.97342, -22.89651 ], [ -47.96885, -22.89982 ], [ -47.95826, -22.88903 ], [ -47.94795, -22.88832 ], [ -47.93741, -22.88295 ], [ -47.91583, -22.88406 ], [ -47.90596, -22.87688 ], [ -47.90029, -22.87756 ], [ -47.89617, -22.86868 ], [ -47.88148, -22.86288 ], [ -47.87516, -22.86388 ], [ -47.86483, -22.86033 ], [ -47.85765, -22.86651 ], [ -47.86105, -22.87867 ], [ -47.86395, -22.88113 ], [ -47.86296, -22.88455 ], [ -47.8706, -22.89324 ], [ -47.86857, -22.89858 ], [ -47.84486, -22.90129 ], [ -47.83494, -22.89631 ], [ -47.83204, -22.88554 ], [ -47.80617, -22.87636 ], [ -47.76406, -22.90245 ], [ -47.75733, -22.91396 ], [ -47.75975, -22.92214 ], [ -47.75463, -22.9234 ], [ -47.74579, -22.93244 ], [ -47.72267, -22.93231 ], [ -47.72257, -22.91962 ], [ -47.71425, -22.91164 ], [ -47.70138, -22.91923 ], [ -47.69848, -22.92235 ], [ -47.69785, -22.93119 ], [ -47.69262, -22.94136 ], [ -47.67844, -22.95678 ], [ -47.67597, -22.96323 ], [ -47.67688, -22.96804 ], [ -47.66962, -22.97487 ], [ -47.67043, -22.98063 ], [ -47.66551, -22.98391 ], [ -47.66372, -22.99023 ], [ -47.66822, -22.99325 ], [ -47.66169, -22.99663 ], [ -47.65747, -22.99594 ], [ -47.65868, -22.98942 ], [ -47.65145, -22.99142 ], [ -47.65197, -22.98638 ], [ -47.64725, -22.98357 ], [ -47.6462, -22.98862 ], [ -47.64116, -22.99247 ], [ -47.63868, -22.9881 ], [ -47.6359, -22.98767 ], [ -47.63643, -22.99323 ], [ -47.63263, -22.99761 ], [ -47.63008, -22.98937 ], [ -47.62467, -22.98656 ], [ -47.62376, -22.98811 ], [ -47.62807, -22.9913 ], [ -47.61726, -22.99889 ], [ -47.60998, -22.99847 ], [ -47.60818, -23.00385 ], [ -47.60437, -22.99848 ], [ -47.60109, -22.99931 ], [ -47.60337, -23.003 ], [ -47.60187, -23.00667 ], [ -47.60338, -23.01266 ], [ -47.59214, -23.00786 ], [ -47.58079, -23.00899 ], [ -47.58238, -23.01252 ], [ -47.57723, -23.01804 ], [ -47.57481, -23.01194 ], [ -47.57165, -23.01515 ], [ -47.56628, -23.01195 ], [ -47.56068, -23.01424 ], [ -47.54755, -23.00949 ], [ -47.54504, -23.01195 ], [ -47.5483, -23.00398 ], [ -47.55229, -23.00663 ], [ -47.5582, -23.00231 ], [ -47.55665, -22.99761 ], [ -47.54937, -23.00283 ], [ -47.54551, -23.0017 ], [ -47.54883, -22.9956 ], [ -47.54103, -23.00083 ], [ -47.52821, -22.99969 ], [ -47.5301, -23.00375 ], [ -47.52398, -23.00968 ], [ -47.51966, -23.02004 ], [ -47.52816, -23.03739 ], [ -47.53473, -23.04159 ], [ -47.53458, -23.04837 ], [ -47.5304, -23.05103 ], [ -47.52462, -23.06036 ], [ -47.52342, -23.06822 ], [ -47.51805, -23.07547 ], [ -47.50915, -23.08227 ], [ -47.51001, -23.09211 ], [ -47.49699, -23.09685 ], [ -47.4791, -23.12377 ], [ -47.46307, -23.12439 ], [ -47.46769, -23.11778 ], [ -47.46479, -23.1088 ], [ -47.45232, -23.10582 ], [ -47.43405, -23.10645 ], [ -47.42803, -23.10074 ], [ -47.41955, -23.11328 ], [ -47.41194, -23.11957 ], [ -47.4153, -23.12777 ], [ -47.41328, -23.13266 ], [ -47.41961, -23.14022 ], [ -47.42272, -23.14887 ], [ -47.42317, -23.15639 ], [ -47.41887, -23.16794 ], [ -47.40387, -23.16138 ], [ -47.39777, -23.16151 ], [ -47.39182, -23.15491 ], [ -47.38399, -23.15419 ], [ -47.38131, -23.15111 ], [ -47.37544, -23.15149 ], [ -47.37622, -23.14834 ], [ -47.37217, -23.14449 ], [ -47.36175, -23.14162 ], [ -47.3538, -23.135 ], [ -47.3497, -23.12915 ], [ -47.34947, -23.11779 ], [ -47.34186, -23.11691 ], [ -47.33928, -23.11076 ], [ -47.32762, -23.11458 ], [ -47.3245, -23.12241 ], [ -47.3207, -23.12346 ], [ -47.30044, -23.11311 ], [ -47.30541, -23.1338 ], [ -47.29987, -23.13873 ], [ -47.29256, -23.15461 ], [ -47.28709, -23.15772 ], [ -47.27396, -23.15128 ], [ -47.27023, -23.14547 ], [ -47.26001, -23.14708 ], [ -47.25547, -23.15608 ], [ -47.25778, -23.16137 ], [ -47.25717, -23.1689 ], [ -47.25016, -23.1736 ], [ -47.25216, -23.17486 ], [ -47.24455, -23.1829 ], [ -47.23873, -23.18437 ], [ -47.23217, -23.1807 ], [ -47.22516, -23.18087 ], [ -47.1954, -23.18665 ], [ -47.19173, -23.19174 ], [ -47.17609, -23.19697 ], [ -47.16648, -23.19751 ], [ -47.1559, -23.20163 ], [ -47.12833, -23.20426 ], [ -47.12764, -23.21377 ], [ -47.1172, -23.22188 ], [ -47.1161, -23.22595 ], [ -47.1216, -23.22935 ], [ -47.12896, -23.24354 ], [ -47.14585, -23.25507 ], [ -47.16869, -23.25715 ], [ -47.1768, -23.25639 ], [ -47.18215, -23.24773 ], [ -47.18531, -23.24858 ], [ -47.19063, -23.24581 ], [ -47.19115, -23.2696 ], [ -47.18602, -23.28454 ], [ -47.18057, -23.29263 ], [ -47.16837, -23.29339 ], [ -47.16639, -23.30387 ], [ -47.16118, -23.30714 ], [ -47.16163, -23.31106 ], [ -47.16642, -23.31202 ], [ -47.16147, -23.32033 ], [ -47.16428, -23.32322 ], [ -47.17356, -23.32521 ], [ -47.16972, -23.33435 ], [ -47.17087, -23.33722 ], [ -47.16492, -23.34239 ], [ -47.15766, -23.34261 ], [ -47.1419, -23.34845 ], [ -47.13655, -23.35818 ], [ -47.1377, -23.36867 ], [ -47.13151, -23.37448 ], [ -47.13226, -23.38132 ], [ -47.12887, -23.38124 ], [ -47.12095, -23.37529 ], [ -47.11735, -23.3762 ], [ -47.11698, -23.38166 ], [ -47.12032, -23.38268 ], [ -47.11924, -23.39065 ], [ -47.12263, -23.39873 ], [ -47.12167, -23.40283 ], [ -47.10547, -23.40117 ], [ -47.1008, -23.40405 ], [ -47.09576, -23.39782 ], [ -47.09039, -23.40244 ], [ -47.08297, -23.40097 ], [ -47.08047, -23.39396 ], [ -47.08369, -23.3908 ], [ -47.08072, -23.38698 ], [ -47.08158, -23.38071 ], [ -47.09063, -23.38583 ], [ -47.10077, -23.38629 ], [ -47.10516, -23.37085 ], [ -47.10192, -23.36897 ], [ -47.09412, -23.37059 ], [ -47.0961, -23.36708 ], [ -47.09213, -23.36208 ], [ -47.09183, -23.35533 ], [ -47.08797, -23.35274 ], [ -47.08178, -23.35713 ], [ -47.07087, -23.35856 ], [ -47.06563, -23.35737 ], [ -47.06607, -23.35401 ], [ -47.05712, -23.35673 ], [ -47.04873, -23.35445 ], [ -47.04443, -23.35074 ], [ -47.03954, -23.35837 ], [ -47.0385, -23.36854 ], [ -47.02944, -23.37298 ], [ -47.0299, -23.37811 ], [ -47.03674, -23.37849 ], [ -47.04241, -23.38613 ], [ -47.04084, -23.39268 ], [ -47.03813, -23.39341 ], [ -47.03594, -23.39858 ], [ -47.03936, -23.40311 ], [ -47.03705, -23.40653 ], [ -47.03968, -23.40936 ], [ -47.03724, -23.4113 ], [ -47.04121, -23.4161 ], [ -47.041, -23.42182 ], [ -47.03539, -23.4267 ], [ -47.03499, -23.43139 ], [ -47.0376, -23.4355 ], [ -47.03159, -23.44099 ], [ -47.02934, -23.44246 ], [ -47.02422, -23.44075 ], [ -47.01679, -23.4457 ], [ -47.01557, -23.444 ], [ -47.01056, -23.4457 ], [ -47.0123, -23.44816 ], [ -47.01043, -23.45477 ], [ -47.01326, -23.4545 ], [ -47.01401, -23.45762 ], [ -47.01122, -23.46023 ], [ -47.01168, -23.46426 ], [ -47.01724, -23.47256 ], [ -47.01369, -23.47804 ], [ -47.01787, -23.48366 ], [ -47.01332, -23.48544 ], [ -47.00132, -23.50528 ], [ -46.99373, -23.50831 ], [ -46.99702, -23.52194 ], [ -46.99217, -23.52493 ], [ -46.99097, -23.52982 ], [ -47.01319, -23.53633 ], [ -47.01225, -23.55006 ], [ -47.00719, -23.55132 ], [ -47.00615, -23.55433 ], [ -47.01542, -23.56022 ], [ -47.01442, -23.56334 ], [ -47.01889, -23.56431 ], [ -47.02053, -23.56733 ], [ -47.03021, -23.56876 ], [ -47.02462, -23.57664 ], [ -47.0248, -23.58001 ], [ -47.0281, -23.58129 ], [ -47.02228, -23.58204 ], [ -47.02065, -23.58598 ], [ -47.00821, -23.57791 ], [ -47.00127, -23.58043 ], [ -46.99685, -23.57947 ], [ -47.00021, -23.58712 ], [ -46.99922, -23.59352 ], [ -46.99212, -23.59463 ], [ -46.98951, -23.60261 ], [ -46.98148, -23.60213 ], [ -46.99068, -23.60973 ], [ -46.98813, -23.61259 ], [ -46.98722, -23.63296 ], [ -46.99201, -23.64516 ], [ -46.98596, -23.65365 ], [ -46.98622, -23.65793 ], [ -46.989, -23.65995 ], [ -46.98823, -23.66532 ], [ -46.99506, -23.67074 ], [ -46.99662, -23.66144 ], [ -47.00432, -23.66222 ], [ -47.01201, -23.65598 ], [ -47.01745, -23.65667 ], [ -47.024, -23.64388 ], [ -47.0337, -23.64349 ], [ -47.04355, -23.63652 ], [ -47.04517, -23.63143 ], [ -47.05905, -23.62832 ], [ -47.05808, -23.63564 ], [ -47.06012, -23.64154 ], [ -47.06669, -23.6461 ], [ -47.07268, -23.64534 ], [ -47.07338, -23.65136 ], [ -47.07654, -23.65365 ], [ -47.08225, -23.65351 ], [ -47.08197, -23.66422 ], [ -47.08478, -23.66713 ], [ -47.0767, -23.67328 ], [ -47.07805, -23.67615 ], [ -47.07601, -23.68076 ], [ -47.06203, -23.68221 ], [ -47.06275, -23.68965 ], [ -47.05927, -23.70191 ], [ -47.06225, -23.70841 ], [ -47.05767, -23.7123 ], [ -47.0561, -23.71859 ], [ -47.05247, -23.72018 ], [ -47.04761, -23.73429 ], [ -47.04373, -23.73665 ], [ -47.03438, -23.73529 ], [ -47.03318, -23.73717 ], [ -47.03213, -23.74316 ], [ -47.03592, -23.74828 ], [ -47.03611, -23.75356 ], [ -47.03445, -23.75794 ], [ -47.0285, -23.75724 ], [ -47.02865, -23.76161 ], [ -47.03273, -23.76418 ], [ -47.03339, -23.76736 ], [ -47.02318, -23.77505 ], [ -47.02362, -23.77967 ], [ -47.01929, -23.78862 ], [ -47.01412, -23.79218 ], [ -47.00861, -23.79182 ], [ -47.00053, -23.80166 ], [ -46.99321, -23.80342 ], [ -46.98606, -23.8005 ], [ -46.98405, -23.80302 ], [ -46.9865, -23.80839 ], [ -46.99461, -23.81163 ], [ -47.00727, -23.81564 ], [ -47.01515, -23.81446 ], [ -47.01759, -23.8213 ], [ -47.01306, -23.82507 ], [ -47.01436, -23.82797 ], [ -47.01263, -23.83071 ], [ -47.01461, -23.83092 ], [ -47.01481, -23.83557 ], [ -47.02174, -23.83604 ], [ -47.02264, -23.84022 ], [ -47.02872, -23.84619 ], [ -47.03572, -23.84062 ], [ -47.03524, -23.83768 ], [ -47.0382, -23.83528 ], [ -47.04217, -23.836 ], [ -47.04075, -23.83806 ], [ -47.04451, -23.83741 ], [ -47.04304, -23.84066 ], [ -47.04752, -23.84096 ], [ -47.05113, -23.84419 ], [ -47.05667, -23.84162 ], [ -47.05961, -23.84292 ], [ -47.06576, -23.838 ], [ -47.06576, -23.84347 ], [ -47.07244, -23.84184 ], [ -47.1031, -23.84884 ], [ -47.10726, -23.84834 ], [ -47.11047, -23.84223 ], [ -47.11299, -23.8433 ], [ -47.11639, -23.84045 ], [ -47.118, -23.84976 ], [ -47.12341, -23.85316 ], [ -47.12525, -23.86059 ], [ -47.12971, -23.86126 ], [ -47.12994, -23.86931 ], [ -47.13223, -23.86946 ], [ -47.13291, -23.87351 ], [ -47.12651, -23.87446 ], [ -47.12727, -23.87672 ], [ -47.13389, -23.87998 ], [ -47.13243, -23.88447 ], [ -47.13682, -23.88573 ], [ -47.13679, -23.88843 ], [ -47.13957, -23.88984 ], [ -47.1366, -23.88977 ], [ -47.13476, -23.89427 ], [ -47.13872, -23.8996 ], [ -47.14414, -23.9014 ], [ -47.13803, -23.90315 ], [ -47.13854, -23.90521 ], [ -47.14261, -23.90877 ], [ -47.1425, -23.91174 ], [ -47.15549, -23.9209 ], [ -47.15885, -23.927 ], [ -47.15954, -23.93553 ], [ -47.1711, -23.93468 ], [ -47.17541, -23.93132 ], [ -47.17859, -23.93316 ], [ -47.17949, -23.9371 ], [ -47.18334, -23.93002 ], [ -47.18748, -23.93138 ], [ -47.1914, -23.92811 ], [ -47.18899, -23.93945 ], [ -47.19428, -23.94194 ], [ -47.2003, -23.93886 ], [ -47.20141, -23.94757 ], [ -47.19998, -23.94977 ], [ -47.19845, -23.94856 ], [ -47.19735, -23.95294 ], [ -47.19365, -23.95339 ], [ -47.19532, -23.95803 ], [ -47.20289, -23.95919 ], [ -47.20842, -23.96476 ], [ -47.20571, -23.96618 ], [ -47.20449, -23.97128 ], [ -47.20058, -23.96881 ], [ -47.20075, -23.97354 ], [ -47.19902, -23.97213 ], [ -47.19662, -23.97592 ], [ -47.19382, -23.97475 ], [ -47.19445, -23.98199 ], [ -47.18863, -23.99093 ], [ -47.19471, -23.99203 ], [ -47.20031, -23.99831 ], [ -47.1998, -24.00068 ], [ -47.20702, -24.00307 ], [ -47.21081, -24.00115 ], [ -47.21438, -24.00669 ], [ -47.22029, -24.01027 ], [ -47.21844, -24.01253 ], [ -47.22154, -24.01432 ], [ -47.23029, -24.01222 ], [ -47.23329, -24.01734 ], [ -47.23816, -24.01605 ], [ -47.24434, -24.0218 ], [ -47.25037, -24.02002 ], [ -47.25338, -24.02321 ], [ -47.25724, -24.01944 ], [ -47.25286, -24.00776 ], [ -47.25728, -24.00525 ], [ -47.26433, -24.00647 ], [ -47.26061, -24.01367 ], [ -47.26901, -24.0146 ], [ -47.27113, -24.0171 ], [ -47.27691, -24.0144 ], [ -47.27762, -24.01066 ], [ -47.28232, -24.01453 ], [ -47.28585, -24.01373 ], [ -47.28443, -24.00649 ], [ -47.28616, -24.00594 ], [ -47.29409, -24.01025 ], [ -47.30156, -24.01115 ], [ -47.31037, -24.00856 ], [ -47.31627, -24.01657 ], [ -47.32407, -24.0173 ], [ -47.32877, -24.01417 ], [ -47.33235, -24.01775 ], [ -47.33445, -24.01229 ], [ -47.34131, -24.01305 ], [ -47.35619, -24.02201 ], [ -47.35567, -24.02907 ], [ -47.36298, -24.0314 ], [ -47.3685, -24.03872 ], [ -47.36839, -24.04245 ], [ -47.37183, -24.04124 ], [ -47.37693, -24.04812 ], [ -47.38581, -24.04935 ], [ -47.38895, -24.05454 ], [ -47.41549, -24.06086 ], [ -47.41719, -24.06585 ], [ -47.42577, -24.06877 ], [ -47.43803, -24.05689 ], [ -47.44805, -24.05311 ], [ -47.44898, -24.05002 ], [ -47.45757, -24.05823 ], [ -47.46295, -24.05992 ], [ -47.46219, -24.06891 ], [ -47.46491, -24.0759 ], [ -47.47716, -24.08091 ], [ -47.48209, -24.07419 ], [ -47.49198, -24.06988 ], [ -47.49447, -24.06555 ], [ -47.49363, -24.0582 ], [ -47.49566, -24.05845 ], [ -47.50248, -24.04982 ], [ -47.51203, -24.04633 ], [ -47.52987, -24.04637 ], [ -47.53162, -24.04365 ], [ -47.53914, -24.04194 ], [ -47.53922, -24.03885 ], [ -47.54278, -24.0371 ], [ -47.55294, -24.03694 ], [ -47.55459, -24.04132 ], [ -47.56042, -24.03825 ], [ -47.56252, -24.03947 ], [ -47.56228, -24.04966 ], [ -47.56766, -24.0629 ], [ -47.56647, -24.06759 ], [ -47.57006, -24.07778 ], [ -47.57669, -24.07798 ], [ -47.58184, -24.07455 ], [ -47.59156, -24.08764 ], [ -47.59631, -24.07979 ], [ -47.5971, -24.08508 ], [ -47.61098, -24.09588 ], [ -47.61573, -24.1034 ], [ -47.61994, -24.10446 ], [ -47.62321, -24.11193 ], [ -47.62876, -24.11387 ], [ -47.63474, -24.11204 ], [ -47.63329, -24.10812 ], [ -47.63557, -24.09944 ], [ -47.634, -24.09206 ], [ -47.62988, -24.08705 ], [ -47.63021, -24.07534 ], [ -47.62109, -24.06822 ], [ -47.62145, -24.06423 ], [ -47.61502, -24.05926 ], [ -47.61445, -24.04473 ], [ -47.62236, -24.04139 ], [ -47.62545, -24.03447 ], [ -47.63652, -24.03746 ], [ -47.63802, -24.04118 ], [ -47.64099, -24.03941 ], [ -47.64637, -24.04184 ], [ -47.64988, -24.04056 ], [ -47.65248, -24.04493 ], [ -47.66048, -24.04019 ], [ -47.67377, -24.04088 ], [ -47.67507, -24.04439 ], [ -47.68016, -24.04535 ], [ -47.68438, -24.05659 ], [ -47.68949, -24.05936 ], [ -47.7016, -24.07312 ], [ -47.70871, -24.07137 ], [ -47.72479, -24.08052 ], [ -47.72499, -24.08903 ], [ -47.73074, -24.09305 ], [ -47.73346, -24.10184 ], [ -47.73614, -24.10321 ], [ -47.72323, -24.10622 ], [ -47.72563, -24.11 ], [ -47.72386, -24.11737 ], [ -47.73691, -24.12499 ], [ -47.74444, -24.1198 ], [ -47.75129, -24.12252 ], [ -47.75836, -24.13078 ], [ -47.77276, -24.13387 ], [ -47.77524, -24.12705 ], [ -47.77783, -24.12981 ], [ -47.78179, -24.12803 ], [ -47.78752, -24.12961 ], [ -47.79157, -24.13477 ], [ -47.7988, -24.13327 ], [ -47.80254, -24.13495 ], [ -47.80938, -24.13028 ], [ -47.81697, -24.13348 ], [ -47.82234, -24.13169 ], [ -47.8262, -24.13319 ], [ -47.83114, -24.12773 ], [ -47.82914, -24.12374 ], [ -47.83075, -24.12087 ], [ -47.83809, -24.11858 ], [ -47.84576, -24.11931 ], [ -47.85041, -24.11574 ], [ -47.85191, -24.12001 ], [ -47.85812, -24.12263 ], [ -47.86331, -24.11248 ], [ -47.85574, -24.10317 ], [ -47.86164, -24.0885 ], [ -47.8672, -24.08619 ], [ -47.86749, -24.07593 ], [ -47.87413, -24.07496 ], [ -47.8736, -24.07766 ], [ -47.87946, -24.08068 ], [ -47.89382, -24.07714 ], [ -47.89633, -24.08377 ], [ -47.9023, -24.08881 ], [ -47.90154, -24.09326 ], [ -47.90674, -24.09297 ], [ -47.9131, -24.0967 ], [ -47.91489, -24.10036 ], [ -47.93833, -24.09947 ], [ -47.93836, -24.1042 ], [ -47.94491, -24.10798 ], [ -47.94614, -24.11618 ], [ -47.95112, -24.12008 ], [ -47.95782, -24.11433 ], [ -47.98165, -24.11365 ], [ -47.987, -24.1173 ], [ -47.98865, -24.12188 ], [ -47.99626, -24.12442 ], [ -48.00867, -24.13472 ], [ -48.01246, -24.13474 ], [ -48.01182, -24.13024 ], [ -48.01649, -24.12828 ], [ -48.02331, -24.12998 ], [ -48.02413, -24.13461 ], [ -48.03589, -24.13495 ], [ -48.04263, -24.13836 ], [ -48.0497, -24.13744 ], [ -48.05208, -24.14341 ], [ -48.05748, -24.14665 ], [ -48.05262, -24.15008 ], [ -48.05064, -24.15611 ], [ -48.05551, -24.15816 ], [ -48.05778, -24.1567 ], [ -48.06009, -24.15906 ], [ -48.05685, -24.16334 ], [ -48.05776, -24.1757 ], [ -48.06113, -24.18027 ], [ -48.05982, -24.18285 ], [ -48.06736, -24.18308 ], [ -48.08114, -24.19257 ], [ -48.08495, -24.19072 ], [ -48.08735, -24.19313 ], [ -48.09444, -24.19344 ], [ -48.09248, -24.1964 ], [ -48.0956, -24.2011 ], [ -48.11355, -24.19965 ], [ -48.11888, -24.19284 ], [ -48.1254, -24.19735 ], [ -48.13327, -24.19383 ], [ -48.14079, -24.1938 ], [ -48.14389, -24.20003 ], [ -48.13816, -24.20833 ], [ -48.14665, -24.21309 ], [ -48.14387, -24.22024 ], [ -48.14701, -24.22566 ], [ -48.14373, -24.22822 ], [ -48.14505, -24.23103 ], [ -48.14857, -24.23254 ], [ -48.14858, -24.22866 ], [ -48.15387, -24.22863 ], [ -48.15492, -24.23198 ], [ -48.16636, -24.23765 ], [ -48.17082, -24.24435 ], [ -48.19687, -24.25446 ], [ -48.20056, -24.26123 ], [ -48.20825, -24.26465 ], [ -48.21139, -24.26135 ], [ -48.22134, -24.26455 ], [ -48.22689, -24.26206 ], [ -48.24143, -24.26264 ], [ -48.24355, -24.25887 ], [ -48.24907, -24.25953 ], [ -48.25275, -24.25721 ], [ -48.26316, -24.27268 ], [ -48.28357, -24.2834 ], [ -48.28177, -24.28858 ], [ -48.27743, -24.28963 ], [ -48.27486, -24.29313 ], [ -48.27516, -24.29662 ], [ -48.28122, -24.2978 ], [ -48.29155, -24.29354 ], [ -48.29519, -24.29594 ], [ -48.29475, -24.30045 ], [ -48.29877, -24.3028 ], [ -48.29931, -24.30631 ], [ -48.30538, -24.30358 ], [ -48.32108, -24.31336 ], [ -48.32545, -24.31285 ], [ -48.32999, -24.30567 ], [ -48.32391, -24.29191 ], [ -48.32965, -24.28981 ], [ -48.33841, -24.29183 ], [ -48.34316, -24.28566 ], [ -48.35275, -24.28741 ], [ -48.35236, -24.28526 ], [ -48.35928, -24.28044 ], [ -48.36987, -24.29299 ], [ -48.38815, -24.30566 ], [ -48.39445, -24.29665 ], [ -48.39399, -24.29153 ], [ -48.39878, -24.28976 ], [ -48.40033, -24.28457 ], [ -48.40648, -24.28376 ], [ -48.40813, -24.27844 ], [ -48.40558, -24.2735 ], [ -48.4107, -24.26741 ], [ -48.41734, -24.26782 ], [ -48.42273, -24.26499 ], [ -48.42934, -24.26622 ], [ -48.43134, -24.26317 ], [ -48.43787, -24.262 ], [ -48.44277, -24.2624 ], [ -48.44396, -24.26464 ], [ -48.44812, -24.26246 ], [ -48.45221, -24.26386 ], [ -48.45182, -24.25774 ], [ -48.45731, -24.25254 ], [ -48.46491, -24.2735 ], [ -48.45957, -24.28069 ], [ -48.45237, -24.28394 ], [ -48.45456, -24.29533 ], [ -48.45936, -24.29342 ], [ -48.46543, -24.28519 ], [ -48.47094, -24.2882 ], [ -48.47214, -24.28481 ], [ -48.47626, -24.28897 ], [ -48.4836, -24.28401 ], [ -48.49731, -24.2796 ], [ -48.50374, -24.28858 ], [ -48.50069, -24.29263 ], [ -48.50557, -24.29998 ], [ -48.50302, -24.30251 ], [ -48.51466, -24.30543 ], [ -48.51553, -24.30944 ], [ -48.52202, -24.3085 ], [ -48.52316, -24.31939 ], [ -48.53033, -24.31675 ], [ -48.53119, -24.31979 ], [ -48.5345, -24.3204 ], [ -48.53917, -24.31731 ], [ -48.53935, -24.31308 ], [ -48.54895, -24.30606 ], [ -48.5476, -24.3027 ], [ -48.55338, -24.29436 ], [ -48.55217, -24.28936 ], [ -48.5601, -24.28688 ], [ -48.56213, -24.29268 ], [ -48.56818, -24.29835 ], [ -48.57813, -24.30356 ], [ -48.5903, -24.31437 ], [ -48.59192, -24.32088 ], [ -48.60049, -24.32942 ], [ -48.60007, -24.33213 ], [ -48.60571, -24.33155 ], [ -48.60823, -24.3383 ], [ -48.59931, -24.33881 ], [ -48.59398, -24.34247 ], [ -48.58861, -24.34147 ], [ -48.57836, -24.33244 ], [ -48.57781, -24.33719 ], [ -48.56807, -24.33586 ], [ -48.56118, -24.34032 ], [ -48.54411, -24.33377 ], [ -48.53919, -24.33988 ], [ -48.53891, -24.34527 ], [ -48.53552, -24.3471 ], [ -48.51439, -24.33752 ], [ -48.50158, -24.34795 ], [ -48.5053, -24.35539 ], [ -48.49053, -24.36985 ], [ -48.492, -24.37702 ], [ -48.48983, -24.37678 ], [ -48.49499, -24.38539 ], [ -48.49317, -24.38713 ], [ -48.49738, -24.38926 ], [ -48.50276, -24.38664 ], [ -48.505, -24.39048 ], [ -48.50443, -24.39573 ], [ -48.50794, -24.39389 ], [ -48.51117, -24.40227 ], [ -48.51801, -24.40247 ], [ -48.5178, -24.40708 ], [ -48.52084, -24.40646 ], [ -48.52294, -24.41102 ], [ -48.5191, -24.41477 ], [ -48.52034, -24.41743 ], [ -48.51627, -24.41906 ], [ -48.52467, -24.42138 ], [ -48.52513, -24.42473 ], [ -48.53047, -24.42974 ], [ -48.54889, -24.43978 ], [ -48.56039, -24.43869 ], [ -48.57278, -24.43345 ], [ -48.58115, -24.43758 ], [ -48.58682, -24.43445 ], [ -48.59432, -24.44242 ], [ -48.60181, -24.44429 ], [ -48.61335, -24.45265 ], [ -48.61471, -24.45748 ], [ -48.61827, -24.44211 ], [ -48.63072, -24.43698 ], [ -48.63236, -24.44626 ], [ -48.62879, -24.44985 ], [ -48.6317, -24.45742 ], [ -48.6452, -24.4592 ], [ -48.65008, -24.45529 ], [ -48.65511, -24.45595 ], [ -48.65658, -24.46036 ], [ -48.67436, -24.47397 ], [ -48.67466, -24.47637 ], [ -48.6683, -24.47662 ], [ -48.66674, -24.47869 ], [ -48.67279, -24.48398 ], [ -48.67235, -24.48729 ], [ -48.68821, -24.4943 ], [ -48.68903, -24.50139 ], [ -48.69877, -24.50644 ], [ -48.70381, -24.50523 ], [ -48.70359, -24.5103 ], [ -48.71458, -24.51086 ], [ -48.71999, -24.51683 ], [ -48.72417, -24.51734 ], [ -48.72748, -24.52192 ], [ -48.72739, -24.52705 ], [ -48.75332, -24.54027 ], [ -48.76061, -24.54659 ], [ -48.77768, -24.55222 ], [ -48.77957, -24.55636 ], [ -48.78815, -24.55728 ], [ -48.78057, -24.56526 ], [ -48.78394, -24.56653 ], [ -48.78482, -24.57027 ], [ -48.78943, -24.57145 ], [ -48.78727, -24.57582 ], [ -48.78145, -24.57881 ], [ -48.78355, -24.58216 ], [ -48.78001, -24.58725 ], [ -48.78099, -24.58957 ], [ -48.77907, -24.59064 ], [ -48.77065, -24.58669 ], [ -48.75317, -24.58884 ], [ -48.74939, -24.597 ], [ -48.74955, -24.60434 ], [ -48.74473, -24.61119 ], [ -48.73912, -24.61209 ], [ -48.73777, -24.62024 ], [ -48.73479, -24.6214 ], [ -48.7385, -24.62591 ], [ -48.73218, -24.63151 ], [ -48.732, -24.64031 ], [ -48.74251, -24.64143 ], [ -48.75101, -24.64553 ], [ -48.76049, -24.64549 ], [ -48.76738, -24.6567 ], [ -48.76988, -24.6562 ], [ -48.77952, -24.66493 ], [ -48.78692, -24.66772 ], [ -48.80397, -24.66733 ], [ -48.81105, -24.67555 ], [ -48.81566, -24.66498 ], [ -48.81964, -24.6631 ], [ -48.82274, -24.65618 ], [ -48.83024, -24.65566 ], [ -48.84167, -24.6656 ], [ -48.85044, -24.65797 ], [ -48.85583, -24.65629 ], [ -48.85914, -24.66086 ], [ -48.85566, -24.66597 ], [ -48.84766, -24.67068 ], [ -48.84786, -24.67441 ], [ -48.85409, -24.67586 ], [ -48.86458, -24.66776 ], [ -48.8696, -24.66996 ], [ -48.87784, -24.66844 ], [ -48.88398, -24.67068 ], [ -48.89289, -24.66927 ], [ -48.90968, -24.67095 ], [ -48.91251, -24.6734 ], [ -48.90997, -24.67814 ], [ -48.91483, -24.68312 ], [ -48.92325, -24.67509 ], [ -48.93101, -24.67574 ], [ -48.94301, -24.67267 ], [ -48.94953, -24.67501 ], [ -48.95806, -24.6855 ], [ -48.96112, -24.68425 ], [ -48.96306, -24.67375 ], [ -48.97451, -24.67223 ], [ -48.97442, -24.6668 ], [ -48.97749, -24.66549 ], [ -48.98838, -24.6661 ], [ -48.99097, -24.65538 ], [ -49.00147, -24.65534 ], [ -49.00969, -24.65976 ], [ -49.01049, -24.65487 ], [ -49.00689, -24.649 ], [ -49.00484, -24.63829 ], [ -48.99949, -24.63778 ], [ -49.00234, -24.63353 ], [ -49.00866, -24.63391 ], [ -49.01329, -24.64066 ], [ -49.01869, -24.64251 ], [ -49.03335, -24.63365 ], [ -49.04015, -24.6364 ], [ -49.0423, -24.6401 ], [ -49.03956, -24.64375 ], [ -49.03482, -24.64042 ], [ -49.03275, -24.64149 ], [ -49.03478, -24.65021 ], [ -49.03961, -24.65334 ], [ -49.03709, -24.65729 ], [ -49.03886, -24.661 ], [ -49.04523, -24.66527 ], [ -49.04488, -24.66992 ], [ -49.05182, -24.68056 ], [ -49.06175, -24.68529 ], [ -49.06949, -24.68436 ], [ -49.0733, -24.67437 ], [ -49.08312, -24.67195 ], [ -49.08632, -24.68027 ], [ -49.09684, -24.68173 ], [ -49.10121, -24.67545 ], [ -49.10834, -24.67592 ], [ -49.10893, -24.68611 ], [ -49.11146, -24.68801 ], [ -49.1219, -24.68228 ], [ -49.12583, -24.6839 ], [ -49.131, -24.68142 ], [ -49.13613, -24.67499 ], [ -49.14802, -24.67509 ], [ -49.15421, -24.67162 ], [ -49.16231, -24.67094 ], [ -49.17071, -24.67529 ], [ -49.17388, -24.6726 ], [ -49.18144, -24.67164 ], [ -49.18743, -24.67323 ], [ -49.19384, -24.68259 ], [ -49.2054, -24.68554 ], [ -49.20686, -24.68844 ], [ -49.20502, -24.6973 ], [ -49.21233, -24.70269 ] ] ] } },
{ "type": "Feature", "properties": { "regional_cgr": "CGR 03" }, "geometry": { "type": "Polygon", "coordinates": [ [ [ -48.69504, -23.34266 ], [ -48.70834, -23.33647 ], [ -48.70736, -23.32545 ], [ -48.71145, -23.31921 ], [ -48.73463, -23.31757 ], [ -48.75666, -23.30912 ], [ -48.77399, -23.29913 ], [ -48.77604, -23.29065 ], [ -48.77673, -23.286 ], [ -48.77292, -23.2762 ], [ -48.76692, -23.26983 ], [ -48.77219, -23.26502 ], [ -48.74469, -23.25038 ], [ -48.74743, -23.23709 ], [ -48.74365, -23.23649 ], [ -48.7408, -23.23089 ], [ -48.74094, -23.21974 ], [ -48.73527, -23.20881 ], [ -48.74199, -23.20434 ], [ -48.74476, -23.19789 ], [ -48.74229, -23.17139 ], [ -48.7446, -23.16554 ], [ -48.74326, -23.15891 ], [ -48.73842, -23.15546 ], [ -48.73401, -23.14639 ], [ -48.7369, -23.13503 ], [ -48.7477, -23.12158 ], [ -48.74786, -23.11665 ], [ -48.75111, -23.11471 ], [ -48.74139, -23.08958 ], [ -48.74507, -23.08581 ], [ -48.75291, -23.08413 ], [ -48.76424, -23.07765 ], [ -48.7711, -23.06842 ], [ -48.77235, -23.05825 ], [ -48.77866, -23.05349 ], [ -48.77716, -23.04519 ], [ -48.76997, -23.03272 ], [ -48.76975, -23.02012 ], [ -48.76211, -23.01538 ], [ -48.76147, -22.99232 ], [ -48.77451, -22.97427 ], [ -48.77627, -22.96597 ], [ -48.787, -22.96224 ], [ -48.78845, -22.95969 ], [ -48.79, -22.96281 ], [ -48.79355, -22.9632 ], [ -48.80701, -22.95471 ], [ -48.81388, -22.95372 ], [ -48.81478, -22.95054 ], [ -48.8197, -22.95173 ], [ -48.82722, -22.94833 ], [ -48.84698, -22.94818 ], [ -48.84642, -22.93963 ], [ -48.84972, -22.9381 ], [ -48.85219, -22.93109 ], [ -48.84109, -22.92192 ], [ -48.84151, -22.9187 ], [ -48.83809, -22.91431 ], [ -48.82651, -22.90931 ], [ -48.83036, -22.89622 ], [ -48.82866, -22.89141 ], [ -48.82054, -22.88766 ], [ -48.8159, -22.88084 ], [ -48.80992, -22.87963 ], [ -48.8067, -22.87559 ], [ -48.7874, -22.8714 ], [ -48.79684, -22.86502 ], [ -48.79907, -22.85689 ], [ -48.80339, -22.85384 ], [ -48.80263, -22.8448 ], [ -48.84204, -22.84976 ], [ -48.84801, -22.84606 ], [ -48.86238, -22.85149 ], [ -48.87961, -22.85137 ], [ -48.90141, -22.84508 ], [ -48.90996, -22.83271 ], [ -48.92224, -22.82785 ], [ -48.94163, -22.82521 ], [ -48.94431, -22.82659 ], [ -48.9494, -22.82431 ], [ -48.96602, -22.82689 ], [ -48.96891, -22.82433 ], [ -48.98345, -22.84001 ], [ -48.99313, -22.82786 ], [ -48.99623, -22.81861 ], [ -49.01102, -22.83285 ], [ -49.01393, -22.84021 ], [ -49.02848, -22.83519 ], [ -49.03341, -22.82851 ], [ -49.02959, -22.81826 ], [ -49.02904, -22.79742 ], [ -49.02323, -22.7898 ], [ -49.02664, -22.77156 ], [ -49.03055, -22.7629 ], [ -49.0372, -22.76305 ], [ -49.05242, -22.75433 ], [ -49.05773, -22.73594 ], [ -49.0671, -22.73018 ], [ -49.09291, -22.70415 ], [ -49.09451, -22.68593 ], [ -49.097, -22.68041 ], [ -49.09538, -22.66629 ], [ -49.10453, -22.66891 ], [ -49.1087, -22.67516 ], [ -49.12018, -22.67179 ], [ -49.13319, -22.67217 ], [ -49.13548, -22.67664 ], [ -49.15172, -22.68373 ], [ -49.15794, -22.70003 ], [ -49.16255, -22.7058 ], [ -49.16508, -22.71779 ], [ -49.17273, -22.72466 ], [ -49.17388, -22.72921 ], [ -49.18152, -22.72878 ], [ -49.18463, -22.72253 ], [ -49.19057, -22.72542 ], [ -49.19814, -22.72202 ], [ -49.20366, -22.73546 ], [ -49.21064, -22.74287 ], [ -49.2249, -22.75036 ], [ -49.22826, -22.76012 ], [ -49.23967, -22.7522 ], [ -49.24996, -22.74949 ], [ -49.26155, -22.75305 ], [ -49.26634, -22.75953 ], [ -49.27259, -22.76213 ], [ -49.27831, -22.7717 ], [ -49.28817, -22.77058 ], [ -49.29318, -22.76443 ], [ -49.30083, -22.76536 ], [ -49.30865, -22.76208 ], [ -49.32452, -22.76371 ], [ -49.3307, -22.76633 ], [ -49.33472, -22.7747 ], [ -49.33958, -22.77881 ], [ -49.34891, -22.78294 ], [ -49.36018, -22.78455 ], [ -49.36734, -22.78298 ], [ -49.37822, -22.77607 ], [ -49.38429, -22.76686 ], [ -49.38548, -22.75972 ], [ -49.37889, -22.74241 ], [ -49.37978, -22.73343 ], [ -49.39308, -22.74249 ], [ -49.39666, -22.73844 ], [ -49.41737, -22.73837 ], [ -49.47201, -22.72951 ], [ -49.48395, -22.72471 ], [ -49.49503, -22.72695 ], [ -49.49884, -22.72374 ], [ -49.49838, -22.71727 ], [ -49.50247, -22.70305 ], [ -49.50003, -22.69704 ], [ -49.50696, -22.68414 ], [ -49.50229, -22.6764 ], [ -49.49771, -22.65687 ], [ -49.49981, -22.65003 ], [ -49.50802, -22.64332 ], [ -49.50334, -22.63411 ], [ -49.49468, -22.62464 ], [ -49.49963, -22.61142 ], [ -49.47883, -22.60888 ], [ -49.47663, -22.60291 ], [ -49.4704, -22.60077 ], [ -49.47281, -22.5937 ], [ -49.45543, -22.58599 ], [ -49.45338, -22.58388 ], [ -49.45708, -22.57706 ], [ -49.45188, -22.57605 ], [ -49.45484, -22.56674 ], [ -49.46565, -22.55765 ], [ -49.47274, -22.55607 ], [ -49.48952, -22.54171 ], [ -49.50096, -22.5166 ], [ -49.50656, -22.51291 ], [ -49.50992, -22.51783 ], [ -49.51829, -22.51748 ], [ -49.52013, -22.52381 ], [ -49.52542, -22.52259 ], [ -49.5273, -22.52798 ], [ -49.52424, -22.53136 ], [ -49.52516, -22.53518 ], [ -49.5317, -22.53833 ], [ -49.53361, -22.54646 ], [ -49.54372, -22.54862 ], [ -49.54398, -22.55172 ], [ -49.53884, -22.55655 ], [ -49.54018, -22.56036 ], [ -49.54496, -22.56316 ], [ -49.55384, -22.55813 ], [ -49.55813, -22.56493 ], [ -49.55989, -22.57522 ], [ -49.56731, -22.57595 ], [ -49.56914, -22.58699 ], [ -49.57612, -22.59503 ], [ -49.57871, -22.60186 ], [ -49.5848, -22.60374 ], [ -49.58045, -22.61653 ], [ -49.58785, -22.62311 ], [ -49.58713, -22.62713 ], [ -49.59218, -22.63416 ], [ -49.5904, -22.63656 ], [ -49.59255, -22.64233 ], [ -49.58971, -22.64553 ], [ -49.59343, -22.65164 ], [ -49.59964, -22.65375 ], [ -49.6011, -22.65859 ], [ -49.59886, -22.66439 ], [ -49.60688, -22.66269 ], [ -49.62506, -22.64919 ], [ -49.62778, -22.63609 ], [ -49.62596, -22.63062 ], [ -49.62922, -22.62773 ], [ -49.62892, -22.62328 ], [ -49.63551, -22.62523 ], [ -49.64268, -22.62055 ], [ -49.6517, -22.62056 ], [ -49.66091, -22.60737 ], [ -49.67849, -22.60461 ], [ -49.68805, -22.60055 ], [ -49.69269, -22.60694 ], [ -49.7008, -22.61208 ], [ -49.70242, -22.62326 ], [ -49.70526, -22.62474 ], [ -49.70694, -22.61845 ], [ -49.72936, -22.59773 ], [ -49.73653, -22.58798 ], [ -49.73527, -22.57778 ], [ -49.74238, -22.56243 ], [ -49.74758, -22.5568 ], [ -49.74818, -22.53998 ], [ -49.75398, -22.53365 ], [ -49.75447, -22.52847 ], [ -49.75733, -22.52979 ], [ -49.75966, -22.52764 ], [ -49.7594, -22.51739 ], [ -49.76478, -22.51607 ], [ -49.76596, -22.50804 ], [ -49.77251, -22.50104 ], [ -49.7611, -22.50356 ], [ -49.75898, -22.49762 ], [ -49.75113, -22.49478 ], [ -49.74818, -22.48531 ], [ -49.74963, -22.47857 ], [ -49.74378, -22.46993 ], [ -49.73785, -22.46628 ], [ -49.73254, -22.4672 ], [ -49.7275, -22.46338 ], [ -49.72148, -22.46351 ], [ -49.71876, -22.45216 ], [ -49.70452, -22.43917 ], [ -49.70219, -22.44669 ], [ -49.6967, -22.44883 ], [ -49.69445, -22.45583 ], [ -49.68697, -22.4596 ], [ -49.68355, -22.46584 ], [ -49.67469, -22.46842 ], [ -49.6644, -22.46259 ], [ -49.64648, -22.43619 ], [ -49.6407, -22.4398 ], [ -49.63682, -22.44596 ], [ -49.63718, -22.45753 ], [ -49.6291, -22.46842 ], [ -49.61125, -22.46673 ], [ -49.59689, -22.4594 ], [ -49.59611, -22.45466 ], [ -49.60375, -22.45356 ], [ -49.60566, -22.44803 ], [ -49.60447, -22.44209 ], [ -49.6149, -22.43785 ], [ -49.61326, -22.43488 ], [ -49.61771, -22.43138 ], [ -49.61916, -22.42535 ], [ -49.61047, -22.417 ], [ -49.60605, -22.41746 ], [ -49.60236, -22.41426 ], [ -49.60289, -22.39861 ], [ -49.60894, -22.39229 ], [ -49.60741, -22.38745 ], [ -49.59974, -22.37672 ], [ -49.59946, -22.36714 ], [ -49.58478, -22.36475 ], [ -49.58449, -22.35487 ], [ -49.57897, -22.35103 ], [ -49.57796, -22.34617 ], [ -49.57463, -22.34341 ], [ -49.57731, -22.3346 ], [ -49.57011, -22.32587 ], [ -49.56413, -22.32508 ], [ -49.54599, -22.32944 ], [ -49.5358, -22.31972 ], [ -49.50595, -22.31837 ], [ -49.49578, -22.30991 ], [ -49.4916, -22.31872 ], [ -49.47987, -22.32053 ], [ -49.47582, -22.32588 ], [ -49.47038, -22.32673 ], [ -49.45826, -22.33689 ], [ -49.45201, -22.33331 ], [ -49.44958, -22.32843 ], [ -49.44078, -22.32695 ], [ -49.43773, -22.32337 ], [ -49.42835, -22.31022 ], [ -49.42939, -22.30508 ], [ -49.42685, -22.30285 ], [ -49.42555, -22.29522 ], [ -49.42264, -22.29365 ], [ -49.43116, -22.29355 ], [ -49.43468, -22.29981 ], [ -49.44082, -22.30289 ], [ -49.43576, -22.28812 ], [ -49.43523, -22.28297 ], [ -49.43881, -22.27314 ], [ -49.43677, -22.27023 ], [ -49.45271, -22.25779 ], [ -49.4591, -22.24068 ], [ -49.46257, -22.24484 ], [ -49.46543, -22.24466 ], [ -49.46943, -22.24097 ], [ -49.47906, -22.2383 ], [ -49.48487, -22.23386 ], [ -49.48891, -22.23448 ], [ -49.49551, -22.22984 ], [ -49.4938, -22.22385 ], [ -49.49967, -22.21275 ], [ -49.50707, -22.20967 ], [ -49.50719, -22.2013 ], [ -49.51098, -22.19863 ], [ -49.51163, -22.18924 ], [ -49.52939, -22.18129 ], [ -49.53008, -22.17219 ], [ -49.52435, -22.15336 ], [ -49.55122, -22.15038 ], [ -49.56045, -22.14442 ], [ -49.55522, -22.13482 ], [ -49.556, -22.12978 ], [ -49.56277, -22.1385 ], [ -49.57125, -22.13842 ], [ -49.57773, -22.12905 ], [ -49.58687, -22.12451 ], [ -49.58489, -22.11237 ], [ -49.59266, -22.11238 ], [ -49.59595, -22.10928 ], [ -49.60292, -22.10792 ], [ -49.61051, -22.10857 ], [ -49.6184, -22.11327 ], [ -49.6225, -22.1123 ], [ -49.62078, -22.09658 ], [ -49.62657, -22.08587 ], [ -49.63294, -22.08017 ], [ -49.63355, -22.0755 ], [ -49.63703, -22.07453 ], [ -49.63975, -22.06928 ], [ -49.65049, -22.0669 ], [ -49.6556, -22.0768 ], [ -49.66163, -22.07612 ], [ -49.66575, -22.06165 ], [ -49.68476, -22.05741 ], [ -49.68774, -22.04848 ], [ -49.6938, -22.04504 ], [ -49.70493, -22.04672 ], [ -49.70623, -22.04038 ], [ -49.71206, -22.03674 ], [ -49.72564, -22.03471 ], [ -49.72774, -22.03056 ], [ -49.73711, -22.0294 ], [ -49.73955, -22.02294 ], [ -49.73451, -22.01727 ], [ -49.74189, -22.01699 ], [ -49.75098, -22.01005 ], [ -49.75817, -22.00787 ], [ -49.75307, -22.0038 ], [ -49.75379, -21.99307 ], [ -49.74976, -21.98935 ], [ -49.74716, -21.9786 ], [ -49.73734, -21.97036 ], [ -49.74015, -21.94919 ], [ -49.73441, -21.93942 ], [ -49.74926, -21.93695 ], [ -49.75752, -21.93208 ], [ -49.76687, -21.93354 ], [ -49.77108, -21.92867 ], [ -49.76774, -21.92164 ], [ -49.76857, -21.91523 ], [ -49.77823, -21.91596 ], [ -49.78471, -21.90835 ], [ -49.78758, -21.90814 ], [ -49.80871, -21.88967 ], [ -49.81319, -21.90116 ], [ -49.82846, -21.9183 ], [ -49.815, -21.92822 ], [ -49.81587, -21.93519 ], [ -49.82925, -21.94784 ], [ -49.86837, -21.96029 ], [ -49.88463, -21.97094 ], [ -49.89114, -21.96605 ], [ -49.89561, -21.96686 ], [ -49.90704, -21.96302 ], [ -49.91165, -21.95882 ], [ -49.91427, -21.95986 ], [ -49.92192, -21.95614 ], [ -49.94824, -21.95166 ], [ -49.951, -21.94531 ], [ -49.96547, -21.93889 ], [ -49.98122, -21.94049 ], [ -49.99831, -21.92796 ], [ -50.00993, -21.92365 ], [ -50.01266, -21.92465 ], [ -50.01794, -21.91376 ], [ -50.0157, -21.90945 ], [ -50.02858, -21.89766 ], [ -50.02779, -21.89301 ], [ -50.03078, -21.88712 ], [ -50.03926, -21.88725 ], [ -50.04781, -21.88371 ], [ -50.06326, -21.8719 ], [ -50.07088, -21.85664 ], [ -50.07703, -21.85688 ], [ -50.0825, -21.8537 ], [ -50.08282, -21.85121 ], [ -50.09251, -21.84968 ], [ -50.09315, -21.84617 ], [ -50.09777, -21.84567 ], [ -50.09894, -21.84008 ], [ -50.1022, -21.83782 ], [ -50.11356, -21.83573 ], [ -50.11971, -21.82021 ], [ -50.12739, -21.81896 ], [ -50.13209, -21.81391 ], [ -50.13085, -21.80897 ], [ -50.13427, -21.80572 ], [ -50.13897, -21.80709 ], [ -50.14356, -21.80492 ], [ -50.14739, -21.79892 ], [ -50.14516, -21.79425 ], [ -50.15026, -21.791 ], [ -50.15349, -21.78526 ], [ -50.15942, -21.78557 ], [ -50.16289, -21.77833 ], [ -50.16828, -21.77488 ], [ -50.17925, -21.77489 ], [ -50.18188, -21.77009 ], [ -50.18826, -21.76786 ], [ -50.18826, -21.76453 ], [ -50.19108, -21.76304 ], [ -50.20034, -21.76696 ], [ -50.21194, -21.75907 ], [ -50.22114, -21.763 ], [ -50.2255, -21.75228 ], [ -50.22898, -21.7522 ], [ -50.23699, -21.74525 ], [ -50.24037, -21.74705 ], [ -50.24555, -21.73959 ], [ -50.24894, -21.74145 ], [ -50.25913, -21.73777 ], [ -50.26251, -21.73196 ], [ -50.262, -21.72658 ], [ -50.27167, -21.72168 ], [ -50.27339, -21.70886 ], [ -50.26348, -21.7028 ], [ -50.25414, -21.70571 ], [ -50.25339, -21.70786 ], [ -50.24567, -21.69669 ], [ -50.24422, -21.69883 ], [ -50.23996, -21.69707 ], [ -50.23811, -21.69989 ], [ -50.23399, -21.69709 ], [ -50.22177, -21.70158 ], [ -50.22304, -21.69961 ], [ -50.21967, -21.69698 ], [ -50.2116, -21.69621 ], [ -50.21181, -21.69183 ], [ -50.20705, -21.68662 ], [ -50.19546, -21.69161 ], [ -50.18967, -21.68974 ], [ -50.18253, -21.69324 ], [ -50.1747, -21.69024 ], [ -50.17251, -21.69508 ], [ -50.16797, -21.69361 ], [ -50.16791, -21.69635 ], [ -50.1644, -21.69367 ], [ -50.16272, -21.68623 ], [ -50.15596, -21.68103 ], [ -50.14704, -21.68267 ], [ -50.14344, -21.68666 ], [ -50.13275, -21.68853 ], [ -50.13027, -21.69146 ], [ -50.12866, -21.68927 ], [ -50.12492, -21.69061 ], [ -50.12352, -21.68637 ], [ -50.11933, -21.68505 ], [ -50.11491, -21.69229 ], [ -50.11052, -21.68963 ], [ -50.11009, -21.68488 ], [ -50.10789, -21.68362 ], [ -50.09966, -21.68802 ], [ -50.09374, -21.68742 ], [ -50.09079, -21.69069 ], [ -50.08849, -21.68641 ], [ -50.08239, -21.69071 ], [ -50.07928, -21.68802 ], [ -50.07522, -21.68847 ], [ -50.07541, -21.68397 ], [ -50.07057, -21.68349 ], [ -50.06787, -21.68411 ], [ -50.06576, -21.68986 ], [ -50.0612, -21.69179 ], [ -50.0538, -21.69335 ], [ -50.04771, -21.69141 ], [ -50.0461, -21.69485 ], [ -50.0424, -21.69249 ], [ -50.04016, -21.69547 ], [ -50.03499, -21.69462 ], [ -50.03453, -21.69662 ], [ -50.03089, -21.69632 ], [ -50.02424, -21.70036 ], [ -50.02037, -21.6973 ], [ -50.01759, -21.69826 ], [ -50.01471, -21.69473 ], [ -50.00953, -21.70232 ], [ -50.00497, -21.69817 ], [ -49.99587, -21.69534 ], [ -49.99159, -21.70184 ], [ -49.98252, -21.70135 ], [ -49.97998, -21.69895 ], [ -49.97987, -21.69404 ], [ -49.97517, -21.69227 ], [ -49.97106, -21.69377 ], [ -49.96947, -21.69683 ], [ -49.97103, -21.69809 ], [ -49.96851, -21.69949 ], [ -49.96535, -21.69889 ], [ -49.96603, -21.69662 ], [ -49.96279, -21.69421 ], [ -49.95938, -21.6961 ], [ -49.95839, -21.70006 ], [ -49.95372, -21.70137 ], [ -49.93971, -21.69656 ], [ -49.93525, -21.69999 ], [ -49.92316, -21.70101 ], [ -49.92276, -21.70477 ], [ -49.91333, -21.70667 ], [ -49.91153, -21.71233 ], [ -49.90385, -21.71446 ], [ -49.89702, -21.72119 ], [ -49.89712, -21.72445 ], [ -49.88408, -21.72888 ], [ -49.87858, -21.73569 ], [ -49.87302, -21.73588 ], [ -49.87009, -21.73981 ], [ -49.86535, -21.73591 ], [ -49.85545, -21.71674 ], [ -49.84637, -21.71532 ], [ -49.83897, -21.70957 ], [ -49.83227, -21.69919 ], [ -49.82121, -21.70196 ], [ -49.81403, -21.69838 ], [ -49.79787, -21.70037 ], [ -49.78663, -21.69246 ], [ -49.79056, -21.68023 ], [ -49.78867, -21.67212 ], [ -49.79329, -21.66128 ], [ -49.78934, -21.65001 ], [ -49.77331, -21.64189 ], [ -49.77387, -21.63315 ], [ -49.76755, -21.62361 ], [ -49.7466, -21.61465 ], [ -49.73465, -21.60443 ], [ -49.72384, -21.60185 ], [ -49.72334, -21.59875 ], [ -49.72936, -21.59478 ], [ -49.7287, -21.58498 ], [ -49.7176, -21.56967 ], [ -49.70693, -21.54757 ], [ -49.68665, -21.52346 ], [ -49.6685, -21.50999 ], [ -49.66665, -21.49144 ], [ -49.65233, -21.49566 ], [ -49.63303, -21.48909 ], [ -49.63919, -21.47707 ], [ -49.63503, -21.46454 ], [ -49.6366, -21.46043 ], [ -49.64934, -21.44937 ], [ -49.65475, -21.44802 ], [ -49.6588, -21.43882 ], [ -49.67204, -21.43425 ], [ -49.6711, -21.4239 ], [ -49.69072, -21.41792 ], [ -49.69939, -21.40674 ], [ -49.70091, -21.40129 ], [ -49.6966, -21.38919 ], [ -49.69919, -21.36639 ], [ -49.69728, -21.36227 ], [ -49.6865, -21.36363 ], [ -49.67921, -21.35315 ], [ -49.67288, -21.34924 ], [ -49.65803, -21.35213 ], [ -49.63915, -21.35225 ], [ -49.62543, -21.35559 ], [ -49.60255, -21.37402 ], [ -49.59186, -21.37406 ], [ -49.58386, -21.37884 ], [ -49.56851, -21.40501 ], [ -49.55873, -21.41547 ], [ -49.5489, -21.41821 ], [ -49.54541, -21.43011 ], [ -49.52454, -21.44882 ], [ -49.50616, -21.48097 ], [ -49.48383, -21.50367 ], [ -49.45008, -21.52025 ], [ -49.4385, -21.5307 ], [ -49.41646, -21.54342 ], [ -49.40517, -21.54375 ], [ -49.37598, -21.53445 ], [ -49.34446, -21.54375 ], [ -49.3349, -21.54969 ], [ -49.32699, -21.562 ], [ -49.32066, -21.59604 ], [ -49.31144, -21.61701 ], [ -49.29337, -21.63029 ], [ -49.27883, -21.65387 ], [ -49.26744, -21.66264 ], [ -49.25239, -21.6651 ], [ -49.23977, -21.67032 ], [ -49.22915, -21.67001 ], [ -49.21714, -21.67296 ], [ -49.21109, -21.66775 ], [ -49.21044, -21.6584 ], [ -49.20653, -21.65419 ], [ -49.18696, -21.6466 ], [ -49.16628, -21.64631 ], [ -49.15096, -21.65935 ], [ -49.15096, -21.68324 ], [ -49.14406, -21.69335 ], [ -49.1397, -21.70586 ], [ -49.12315, -21.72113 ], [ -49.11527, -21.73872 ], [ -49.1076, -21.74892 ], [ -49.09617, -21.7543 ], [ -49.0774, -21.75687 ], [ -49.04402, -21.77395 ], [ -49.02029, -21.77086 ], [ -48.9872, -21.75976 ], [ -48.9725, -21.75987 ], [ -48.96558, -21.76216 ], [ -48.95866, -21.77176 ], [ -48.95916, -21.78193 ], [ -48.96437, -21.79017 ], [ -48.98696, -21.81234 ], [ -48.98923, -21.82399 ], [ -48.98635, -21.83469 ], [ -48.97974, -21.84163 ], [ -48.96646, -21.8493 ], [ -48.92017, -21.85928 ], [ -48.90816, -21.86525 ], [ -48.90437, -21.87081 ], [ -48.89422, -21.90669 ], [ -48.87945, -21.92077 ], [ -48.87644, -21.92031 ], [ -48.87126, -21.91386 ], [ -48.85925, -21.91436 ], [ -48.84856, -21.9099 ], [ -48.84084, -21.90282 ], [ -48.83994, -21.89901 ], [ -48.83247, -21.8974 ], [ -48.83276, -21.89431 ], [ -48.83559, -21.89408 ], [ -48.83072, -21.88994 ], [ -48.82797, -21.89242 ], [ -48.82226, -21.88908 ], [ -48.82093, -21.89202 ], [ -48.81746, -21.89007 ], [ -48.8083, -21.8931 ], [ -48.80914, -21.89014 ], [ -48.80653, -21.89278 ], [ -48.80578, -21.89134 ], [ -48.80022, -21.89372 ], [ -48.79927, -21.89189 ], [ -48.79908, -21.89475 ], [ -48.79313, -21.89139 ], [ -48.78575, -21.89597 ], [ -48.78568, -21.89362 ], [ -48.78063, -21.8934 ], [ -48.77928, -21.89533 ], [ -48.76784, -21.88896 ], [ -48.74502, -21.89278 ], [ -48.73291, -21.88944 ], [ -48.72518, -21.89324 ], [ -48.72583, -21.8968 ], [ -48.72062, -21.9012 ], [ -48.72116, -21.90876 ], [ -48.71974, -21.90734 ], [ -48.71869, -21.90953 ], [ -48.71606, -21.90993 ], [ -48.71645, -21.90821 ], [ -48.71263, -21.91037 ], [ -48.71096, -21.90848 ], [ -48.70657, -21.91004 ], [ -48.70542, -21.91309 ], [ -48.69932, -21.91052 ], [ -48.69687, -21.91292 ], [ -48.69204, -21.91175 ], [ -48.68651, -21.9137 ], [ -48.68376, -21.9195 ], [ -48.68616, -21.92088 ], [ -48.67725, -21.93017 ], [ -48.67839, -21.93267 ], [ -48.67534, -21.93639 ], [ -48.67004, -21.93918 ], [ -48.66898, -21.94166 ], [ -48.67223, -21.94381 ], [ -48.66974, -21.94956 ], [ -48.6654, -21.94951 ], [ -48.65758, -21.95432 ], [ -48.65664, -21.95976 ], [ -48.65403, -21.95979 ], [ -48.651, -21.96397 ], [ -48.6485, -21.96325 ], [ -48.64493, -21.97027 ], [ -48.63765, -21.96841 ], [ -48.63505, -21.96995 ], [ -48.63388, -21.96776 ], [ -48.62814, -21.96993 ], [ -48.62368, -21.97577 ], [ -48.61971, -21.97666 ], [ -48.62034, -21.97824 ], [ -48.61271, -21.97776 ], [ -48.61142, -21.98143 ], [ -48.61345, -21.9837 ], [ -48.61159, -21.98542 ], [ -48.59607, -21.98794 ], [ -48.59289, -21.99277 ], [ -48.59346, -21.99622 ], [ -48.58993, -21.99631 ], [ -48.58727, -22.00004 ], [ -48.56945, -22.00204 ], [ -48.5647, -22.00452 ], [ -48.55445, -22.01604 ], [ -48.55297, -22.02342 ], [ -48.54789, -22.02402 ], [ -48.54769, -22.03047 ], [ -48.54503, -22.03401 ], [ -48.53716, -22.03458 ], [ -48.53111, -22.0285 ], [ -48.50726, -22.02112 ], [ -48.49619, -22.01075 ], [ -48.48549, -22.01341 ], [ -48.48074, -22.01204 ], [ -48.48719, -22.02668 ], [ -48.48099, -22.03189 ], [ -48.47693, -22.04147 ], [ -48.46697, -22.04513 ], [ -48.46376, -22.04877 ], [ -48.45738, -22.048 ], [ -48.45288, -22.0509 ], [ -48.45039, -22.05801 ], [ -48.44482, -22.06307 ], [ -48.44508, -22.07337 ], [ -48.4385, -22.07447 ], [ -48.43947, -22.07738 ], [ -48.43728, -22.07854 ], [ -48.43391, -22.07735 ], [ -48.43604, -22.08333 ], [ -48.43361, -22.08339 ], [ -48.43322, -22.08756 ], [ -48.42471, -22.08937 ], [ -48.4224, -22.09376 ], [ -48.41986, -22.08987 ], [ -48.41528, -22.08893 ], [ -48.41388, -22.09315 ], [ -48.40863, -22.09376 ], [ -48.40552, -22.09749 ], [ -48.40688, -22.09892 ], [ -48.40204, -22.10239 ], [ -48.40323, -22.10772 ], [ -48.39591, -22.11165 ], [ -48.39874, -22.11277 ], [ -48.39466, -22.11412 ], [ -48.39783, -22.11619 ], [ -48.39517, -22.12068 ], [ -48.39729, -22.12373 ], [ -48.39522, -22.1293 ], [ -48.39767, -22.1316 ], [ -48.39232, -22.13831 ], [ -48.39286, -22.14513 ], [ -48.39547, -22.14714 ], [ -48.39018, -22.14752 ], [ -48.39268, -22.15129 ], [ -48.38615, -22.15254 ], [ -48.38765, -22.15909 ], [ -48.37596, -22.16191 ], [ -48.37334, -22.16406 ], [ -48.3747, -22.16655 ], [ -48.37157, -22.16783 ], [ -48.36825, -22.1666 ], [ -48.36841, -22.16438 ], [ -48.36249, -22.16433 ], [ -48.35879, -22.16711 ], [ -48.35556, -22.16644 ], [ -48.35291, -22.1705 ], [ -48.3458, -22.17094 ], [ -48.34332, -22.17334 ], [ -48.3451, -22.17763 ], [ -48.34332, -22.18025 ], [ -48.33299, -22.18425 ], [ -48.33112, -22.18871 ], [ -48.32348, -22.18868 ], [ -48.32219, -22.19368 ], [ -48.31567, -22.19397 ], [ -48.31298, -22.20044 ], [ -48.3206, -22.21365 ], [ -48.32568, -22.21475 ], [ -48.3266, -22.21742 ], [ -48.32093, -22.23347 ], [ -48.32692, -22.24711 ], [ -48.32484, -22.25009 ], [ -48.32668, -22.26074 ], [ -48.32993, -22.26609 ], [ -48.3301, -22.26813 ], [ -48.32266, -22.26399 ], [ -48.32148, -22.27002 ], [ -48.31712, -22.26619 ], [ -48.3135, -22.2698 ], [ -48.31446, -22.27602 ], [ -48.31082, -22.27059 ], [ -48.3113, -22.26544 ], [ -48.29784, -22.26817 ], [ -48.29307, -22.26639 ], [ -48.29158, -22.26873 ], [ -48.29437, -22.27132 ], [ -48.29395, -22.27518 ], [ -48.29982, -22.27684 ], [ -48.29686, -22.28179 ], [ -48.29989, -22.28606 ], [ -48.29643, -22.28764 ], [ -48.29138, -22.28073 ], [ -48.28589, -22.28209 ], [ -48.28452, -22.28838 ], [ -48.27957, -22.294 ], [ -48.28152, -22.29654 ], [ -48.27659, -22.29973 ], [ -48.27604, -22.30434 ], [ -48.27204, -22.30348 ], [ -48.26857, -22.30812 ], [ -48.26521, -22.32027 ], [ -48.26022, -22.32411 ], [ -48.25645, -22.33544 ], [ -48.25062, -22.3402 ], [ -48.25105, -22.34339 ], [ -48.24493, -22.34832 ], [ -48.24084, -22.35968 ], [ -48.2393, -22.36676 ], [ -48.24282, -22.37518 ], [ -48.23733, -22.39184 ], [ -48.24572, -22.39153 ], [ -48.25194, -22.38763 ], [ -48.26866, -22.40672 ], [ -48.26711, -22.41283 ], [ -48.27782, -22.42301 ], [ -48.27871, -22.42655 ], [ -48.26895, -22.44751 ], [ -48.25691, -22.45732 ], [ -48.25444, -22.46272 ], [ -48.24414, -22.46757 ], [ -48.24487, -22.47631 ], [ -48.24302, -22.47895 ], [ -48.25747, -22.4916 ], [ -48.27041, -22.49233 ], [ -48.27672, -22.49523 ], [ -48.28228, -22.50692 ], [ -48.28354, -22.51947 ], [ -48.28949, -22.52504 ], [ -48.27222, -22.5282 ], [ -48.2454, -22.51405 ], [ -48.23505, -22.52006 ], [ -48.23931, -22.5198 ], [ -48.2479, -22.52537 ], [ -48.25273, -22.53511 ], [ -48.26058, -22.54145 ], [ -48.25517, -22.54544 ], [ -48.25306, -22.55036 ], [ -48.25632, -22.55544 ], [ -48.24859, -22.56975 ], [ -48.24778, -22.57752 ], [ -48.25696, -22.59994 ], [ -48.26149, -22.60493 ], [ -48.25582, -22.61529 ], [ -48.25025, -22.6192 ], [ -48.2465, -22.6188 ], [ -48.24526, -22.63472 ], [ -48.23978, -22.64441 ], [ -48.24993, -22.67593 ], [ -48.2481, -22.7318 ], [ -48.25316, -22.73276 ], [ -48.2584, -22.73795 ], [ -48.26637, -22.73605 ], [ -48.27282, -22.73844 ], [ -48.28529, -22.73687 ], [ -48.28673, -22.73841 ], [ -48.28499, -22.74311 ], [ -48.2891, -22.75203 ], [ -48.28345, -22.75338 ], [ -48.28152, -22.75741 ], [ -48.26331, -22.76706 ], [ -48.26131, -22.78463 ], [ -48.26325, -22.78936 ], [ -48.25926, -22.80114 ], [ -48.25726, -22.82785 ], [ -48.25302, -22.83254 ], [ -48.25902, -22.83804 ], [ -48.25675, -22.84294 ], [ -48.26104, -22.84477 ], [ -48.25381, -22.84937 ], [ -48.25716, -22.85154 ], [ -48.25684, -22.85598 ], [ -48.26046, -22.85798 ], [ -48.25987, -22.86478 ], [ -48.26468, -22.87098 ], [ -48.28203, -22.87142 ], [ -48.29345, -22.87652 ], [ -48.29632, -22.89371 ], [ -48.303, -22.90562 ], [ -48.30184, -22.91418 ], [ -48.30563, -22.91616 ], [ -48.3105, -22.92413 ], [ -48.30925, -22.93003 ], [ -48.29907, -22.93362 ], [ -48.29505, -22.94035 ], [ -48.29668, -22.94229 ], [ -48.29513, -22.95299 ], [ -48.29099, -22.9562 ], [ -48.2914, -22.97044 ], [ -48.29442, -22.97344 ], [ -48.29556, -22.98078 ], [ -48.30717, -22.99074 ], [ -48.31921, -22.99338 ], [ -48.32224, -23.00124 ], [ -48.32914, -22.99954 ], [ -48.3342, -23.00527 ], [ -48.33985, -23.00089 ], [ -48.34221, -23.00569 ], [ -48.34789, -23.00273 ], [ -48.34554, -23.00833 ], [ -48.35094, -23.01063 ], [ -48.34833, -23.0134 ], [ -48.3562, -23.01936 ], [ -48.35808, -23.02515 ], [ -48.35317, -23.02769 ], [ -48.34569, -23.02561 ], [ -48.35806, -23.03095 ], [ -48.35651, -23.03431 ], [ -48.35912, -23.03456 ], [ -48.35964, -23.04245 ], [ -48.35434, -23.04519 ], [ -48.35762, -23.04949 ], [ -48.35315, -23.05384 ], [ -48.34404, -23.05058 ], [ -48.35254, -23.05978 ], [ -48.35791, -23.05928 ], [ -48.35779, -23.06401 ], [ -48.36143, -23.06644 ], [ -48.35845, -23.07064 ], [ -48.35389, -23.0721 ], [ -48.35477, -23.06806 ], [ -48.35288, -23.06601 ], [ -48.35159, -23.07132 ], [ -48.34636, -23.07185 ], [ -48.35157, -23.07785 ], [ -48.3499, -23.07982 ], [ -48.35388, -23.0827 ], [ -48.34579, -23.08478 ], [ -48.3415, -23.08229 ], [ -48.34042, -23.08409 ], [ -48.35174, -23.08578 ], [ -48.35061, -23.09183 ], [ -48.35443, -23.09063 ], [ -48.35776, -23.09277 ], [ -48.35224, -23.09597 ], [ -48.35798, -23.10076 ], [ -48.34408, -23.11381 ], [ -48.3389, -23.11508 ], [ -48.33236, -23.1207 ], [ -48.32358, -23.11481 ], [ -48.32358, -23.12096 ], [ -48.31924, -23.12953 ], [ -48.32651, -23.13131 ], [ -48.32703, -23.13485 ], [ -48.31891, -23.14047 ], [ -48.31123, -23.1423 ], [ -48.30318, -23.1496 ], [ -48.3062, -23.15085 ], [ -48.3127, -23.14557 ], [ -48.32559, -23.14462 ], [ -48.33736, -23.13871 ], [ -48.34127, -23.13902 ], [ -48.3441, -23.14448 ], [ -48.35071, -23.14921 ], [ -48.35109, -23.15231 ], [ -48.35621, -23.15033 ], [ -48.36329, -23.15424 ], [ -48.36039, -23.16329 ], [ -48.36244, -23.1685 ], [ -48.36877, -23.16949 ], [ -48.38105, -23.17651 ], [ -48.38112, -23.18036 ], [ -48.38854, -23.18647 ], [ -48.40207, -23.18913 ], [ -48.4059, -23.19458 ], [ -48.41033, -23.19495 ], [ -48.42335, -23.203 ], [ -48.42848, -23.20261 ], [ -48.43253, -23.20811 ], [ -48.43954, -23.2117 ], [ -48.44316, -23.20968 ], [ -48.44495, -23.21228 ], [ -48.45222, -23.21022 ], [ -48.45091, -23.21272 ], [ -48.45647, -23.21429 ], [ -48.46489, -23.22448 ], [ -48.46461, -23.22838 ], [ -48.46776, -23.22867 ], [ -48.46607, -23.22975 ], [ -48.46863, -23.23182 ], [ -48.46922, -23.24012 ], [ -48.47673, -23.23818 ], [ -48.47659, -23.24132 ], [ -48.48224, -23.2414 ], [ -48.48607, -23.24446 ], [ -48.48582, -23.24716 ], [ -48.49194, -23.25026 ], [ -48.49232, -23.25338 ], [ -48.48929, -23.25408 ], [ -48.48967, -23.2595 ], [ -48.50159, -23.26792 ], [ -48.5047, -23.26943 ], [ -48.50811, -23.26664 ], [ -48.51209, -23.27156 ], [ -48.51854, -23.2699 ], [ -48.52094, -23.27229 ], [ -48.53744, -23.27292 ], [ -48.54858, -23.28099 ], [ -48.55445, -23.27836 ], [ -48.56654, -23.29601 ], [ -48.57613, -23.29641 ], [ -48.58108, -23.29901 ], [ -48.58614, -23.3116 ], [ -48.59025, -23.31481 ], [ -48.60744, -23.31663 ], [ -48.62445, -23.32558 ], [ -48.64921, -23.3282 ], [ -48.68041, -23.34152 ], [ -48.69504, -23.34266 ] ] ] } },
{ "type": "Feature", "properties": { "regional_cgr": "CGR 04" }, "geometry": { "type": "Polygon", "coordinates": [ [ [ -48.31492, -22.19835 ], [ -48.31619, -22.19347 ], [ -48.32285, -22.19315 ], [ -48.32348, -22.18868 ], [ -48.33112, -22.18871 ], [ -48.33299, -22.18425 ], [ -48.34332, -22.18025 ], [ -48.3451, -22.17763 ], [ -48.34332, -22.17334 ], [ -48.3458, -22.17094 ], [ -48.35291, -22.1705 ], [ -48.35556, -22.16644 ], [ -48.35879, -22.16711 ], [ -48.36249, -22.16433 ], [ -48.36841, -22.16438 ], [ -48.36825, -22.1666 ], [ -48.37157, -22.16783 ], [ -48.3747, -22.16655 ], [ -48.37334, -22.16406 ], [ -48.37596, -22.16191 ], [ -48.38765, -22.15909 ], [ -48.38615, -22.15254 ], [ -48.39268, -22.15129 ], [ -48.39018, -22.14752 ], [ -48.39547, -22.14714 ], [ -48.39286, -22.14513 ], [ -48.39232, -22.13831 ], [ -48.39767, -22.1316 ], [ -48.39522, -22.1293 ], [ -48.39729, -22.12373 ], [ -48.39517, -22.12068 ], [ -48.39783, -22.11619 ], [ -48.39466, -22.11412 ], [ -48.39874, -22.11277 ], [ -48.39591, -22.11165 ], [ -48.40323, -22.10772 ], [ -48.40204, -22.10239 ], [ -48.40688, -22.09892 ], [ -48.40552, -22.09749 ], [ -48.40863, -22.09376 ], [ -48.41388, -22.09315 ], [ -48.41528, -22.08893 ], [ -48.41986, -22.08987 ], [ -48.4224, -22.09376 ], [ -48.42471, -22.08937 ], [ -48.43322, -22.08756 ], [ -48.43361, -22.08339 ], [ -48.43604, -22.08333 ], [ -48.43391, -22.07735 ], [ -48.43728, -22.07854 ], [ -48.43947, -22.07738 ], [ -48.4385, -22.07447 ], [ -48.44508, -22.07337 ], [ -48.44482, -22.06307 ], [ -48.45039, -22.05801 ], [ -48.45288, -22.0509 ], [ -48.45738, -22.048 ], [ -48.46376, -22.04877 ], [ -48.46697, -22.04513 ], [ -48.47693, -22.04147 ], [ -48.48099, -22.03189 ], [ -48.48719, -22.02668 ], [ -48.48074, -22.01204 ], [ -48.48549, -22.01341 ], [ -48.49619, -22.01075 ], [ -48.50726, -22.02112 ], [ -48.53111, -22.0285 ], [ -48.53716, -22.03458 ], [ -48.54503, -22.03401 ], [ -48.54769, -22.03047 ], [ -48.54789, -22.02402 ], [ -48.55297, -22.02342 ], [ -48.55445, -22.01604 ], [ -48.5647, -22.00452 ], [ -48.56945, -22.00204 ], [ -48.58727, -22.00004 ], [ -48.58993, -21.99631 ], [ -48.59346, -21.99622 ], [ -48.59289, -21.99277 ], [ -48.59607, -21.98794 ], [ -48.61159, -21.98542 ], [ -48.61345, -21.9837 ], [ -48.61142, -21.98143 ], [ -48.61271, -21.97776 ], [ -48.62034, -21.97824 ], [ -48.61971, -21.97666 ], [ -48.62368, -21.97577 ], [ -48.62814, -21.96993 ], [ -48.63388, -21.96776 ], [ -48.63505, -21.96995 ], [ -48.63765, -21.96841 ], [ -48.64493, -21.97027 ], [ -48.6485, -21.96325 ], [ -48.651, -21.96397 ], [ -48.65403, -21.95979 ], [ -48.65664, -21.95976 ], [ -48.65758, -21.95432 ], [ -48.6654, -21.94951 ], [ -48.66974, -21.94956 ], [ -48.67223, -21.94381 ], [ -48.66898, -21.94166 ], [ -48.67004, -21.93918 ], [ -48.67534, -21.93639 ], [ -48.67839, -21.93267 ], [ -48.67725, -21.93017 ], [ -48.68616, -21.92088 ], [ -48.68376, -21.9195 ], [ -48.68651, -21.9137 ], [ -48.69204, -21.91175 ], [ -48.69687, -21.91292 ], [ -48.69932, -21.91052 ], [ -48.70542, -21.91309 ], [ -48.70657, -21.91004 ], [ -48.71096, -21.90848 ], [ -48.71263, -21.91037 ], [ -48.71645, -21.90821 ], [ -48.71606, -21.90993 ], [ -48.71869, -21.90953 ], [ -48.71974, -21.90734 ], [ -48.72116, -21.90876 ], [ -48.72062, -21.9012 ], [ -48.72583, -21.8968 ], [ -48.72518, -21.89324 ], [ -48.73291, -21.88944 ], [ -48.74502, -21.89278 ], [ -48.76784, -21.88896 ], [ -48.77928, -21.89533 ], [ -48.78063, -21.8934 ], [ -48.78568, -21.89362 ], [ -48.78575, -21.89597 ], [ -48.79313, -21.89139 ], [ -48.79908, -21.89475 ], [ -48.79927, -21.89189 ], [ -48.80022, -21.89372 ], [ -48.80578, -21.89134 ], [ -48.80653, -21.89278 ], [ -48.80914, -21.89014 ], [ -48.8083, -21.8931 ], [ -48.81746, -21.89007 ], [ -48.82093, -21.89202 ], [ -48.82226, -21.88908 ], [ -48.82797, -21.89242 ], [ -48.83072, -21.88994 ], [ -48.83559, -21.89408 ], [ -48.83276, -21.89431 ], [ -48.83247, -21.8974 ], [ -48.83994, -21.89901 ], [ -48.84084, -21.90282 ], [ -48.84856, -21.9099 ], [ -48.85925, -21.91436 ], [ -48.87126, -21.91386 ], [ -48.87644, -21.92031 ], [ -48.87945, -21.92077 ], [ -48.89422, -21.90669 ], [ -48.90437, -21.87081 ], [ -48.90816, -21.86525 ], [ -48.92017, -21.85928 ], [ -48.96646, -21.8493 ], [ -48.97974, -21.84163 ], [ -48.98635, -21.83469 ], [ -48.98923, -21.82399 ], [ -48.98696, -21.81234 ], [ -48.96437, -21.79017 ], [ -48.95916, -21.78193 ], [ -48.95866, -21.77176 ], [ -48.96202, -21.76505 ], [ -48.9725, -21.75987 ], [ -48.98291, -21.75918 ], [ -49.02029, -21.77086 ], [ -49.04402, -21.77395 ], [ -49.0774, -21.75687 ], [ -49.0956, -21.75444 ], [ -49.10365, -21.75105 ], [ -49.11527, -21.73872 ], [ -49.12397, -21.72004 ], [ -49.1397, -21.70586 ], [ -49.14406, -21.69335 ], [ -49.15165, -21.68147 ], [ -49.15014, -21.6621 ], [ -49.15614, -21.65344 ], [ -49.16628, -21.64631 ], [ -49.17733, -21.64505 ], [ -49.18925, -21.64721 ], [ -49.20785, -21.65493 ], [ -49.21069, -21.65925 ], [ -49.21075, -21.66704 ], [ -49.2142, -21.67131 ], [ -49.22699, -21.6595 ], [ -49.24136, -21.62247 ], [ -49.24017, -21.62065 ], [ -49.2352, -21.62225 ], [ -49.23131, -21.62061 ], [ -49.2244, -21.60909 ], [ -49.218, -21.60445 ], [ -49.2105, -21.60364 ], [ -49.20107, -21.59668 ], [ -49.18587, -21.59494 ], [ -49.17917, -21.58981 ], [ -49.17683, -21.57758 ], [ -49.1693, -21.57009 ], [ -49.16836, -21.56271 ], [ -49.15339, -21.55215 ], [ -49.15399, -21.54059 ], [ -49.14957, -21.52878 ], [ -49.13891, -21.52466 ], [ -49.13257, -21.51562 ], [ -49.11826, -21.51472 ], [ -49.11417, -21.49983 ], [ -49.09766, -21.4835 ], [ -49.08634, -21.46531 ], [ -49.08232, -21.46417 ], [ -49.07056, -21.47796 ], [ -49.05112, -21.4891 ], [ -49.04104, -21.49114 ], [ -49.0392, -21.48466 ], [ -49.01939, -21.48193 ], [ -49.01095, -21.47385 ], [ -49.00432, -21.45933 ], [ -48.99765, -21.45986 ], [ -48.99099, -21.45573 ], [ -48.98291, -21.45443 ], [ -48.98641, -21.43749 ], [ -48.98557, -21.42642 ], [ -48.98154, -21.41569 ], [ -48.97685, -21.41917 ], [ -48.97146, -21.43584 ], [ -48.96445, -21.42519 ], [ -48.95549, -21.42344 ], [ -48.94935, -21.42565 ], [ -48.94577, -21.41213 ], [ -48.94733, -21.39923 ], [ -48.90267, -21.37067 ], [ -48.89885, -21.37078 ], [ -48.89015, -21.38542 ], [ -48.87965, -21.38918 ], [ -48.87671, -21.39303 ], [ -48.85273, -21.39249 ], [ -48.84921, -21.39009 ], [ -48.83825, -21.39519 ], [ -48.83601, -21.39243 ], [ -48.83165, -21.39535 ], [ -48.8239, -21.40765 ], [ -48.81945, -21.40696 ], [ -48.81412, -21.4113 ], [ -48.80457, -21.41272 ], [ -48.79429, -21.40839 ], [ -48.79108, -21.41756 ], [ -48.78225, -21.42048 ], [ -48.77488, -21.42703 ], [ -48.76221, -21.42303 ], [ -48.75687, -21.42364 ], [ -48.75394, -21.41974 ], [ -48.75245, -21.40598 ], [ -48.74497, -21.39193 ], [ -48.74866, -21.37508 ], [ -48.74651, -21.35824 ], [ -48.73797, -21.34473 ], [ -48.73335, -21.32894 ], [ -48.73428, -21.32147 ], [ -48.73075, -21.31679 ], [ -48.73469, -21.30499 ], [ -48.73238, -21.28674 ], [ -48.73601, -21.28179 ], [ -48.73288, -21.27644 ], [ -48.73592, -21.26565 ], [ -48.7324, -21.25961 ], [ -48.74224, -21.25393 ], [ -48.74355, -21.24883 ], [ -48.74149, -21.24544 ], [ -48.73548, -21.24648 ], [ -48.73114, -21.24175 ], [ -48.72276, -21.24163 ], [ -48.70889, -21.23047 ], [ -48.69793, -21.22725 ], [ -48.69459, -21.22118 ], [ -48.69982, -21.21353 ], [ -48.70439, -21.21231 ], [ -48.70617, -21.20653 ], [ -48.69528, -21.21154 ], [ -48.68308, -21.20847 ], [ -48.67813, -21.21147 ], [ -48.67295, -21.20647 ], [ -48.66836, -21.20547 ], [ -48.66087, -21.20601 ], [ -48.65231, -21.21038 ], [ -48.63862, -21.20662 ], [ -48.63307, -21.19947 ], [ -48.62591, -21.19595 ], [ -48.60853, -21.20135 ], [ -48.59971, -21.21131 ], [ -48.58473, -21.21332 ], [ -48.58123, -21.20468 ], [ -48.58436, -21.18461 ], [ -48.58103, -21.16521 ], [ -48.57176, -21.16191 ], [ -48.53927, -21.16858 ], [ -48.53602, -21.18488 ], [ -48.52782, -21.189 ], [ -48.51981, -21.1873 ], [ -48.51486, -21.18975 ], [ -48.51356, -21.18534 ], [ -48.50827, -21.18232 ], [ -48.49799, -21.18368 ], [ -48.47745, -21.17897 ], [ -48.45321, -21.18337 ], [ -48.45919, -21.20188 ], [ -48.45258, -21.21167 ], [ -48.44318, -21.20877 ], [ -48.43853, -21.19978 ], [ -48.43525, -21.20045 ], [ -48.42697, -21.19507 ], [ -48.4245, -21.17906 ], [ -48.4206, -21.17197 ], [ -48.41729, -21.17039 ], [ -48.4028, -21.1727 ], [ -48.38601, -21.16822 ], [ -48.36203, -21.13948 ], [ -48.34723, -21.12953 ], [ -48.35342, -21.11987 ], [ -48.36472, -21.11876 ], [ -48.37387, -21.11292 ], [ -48.37438, -21.10902 ], [ -48.35957, -21.1032 ], [ -48.34518, -21.10487 ], [ -48.35379, -21.08153 ], [ -48.34177, -21.07419 ], [ -48.33284, -21.06401 ], [ -48.32533, -21.06261 ], [ -48.32048, -21.05895 ], [ -48.31808, -21.06051 ], [ -48.31696, -21.0572 ], [ -48.32117, -21.05246 ], [ -48.32427, -21.05216 ], [ -48.34636, -21.05865 ], [ -48.35888, -21.05606 ], [ -48.37302, -21.05801 ], [ -48.38304, -21.05304 ], [ -48.38816, -21.04408 ], [ -48.39705, -21.04271 ], [ -48.41517, -21.04927 ], [ -48.42268, -21.04784 ], [ -48.43005, -21.04946 ], [ -48.43308, -21.03709 ], [ -48.4059, -21.01671 ], [ -48.40125, -21.00525 ], [ -48.38575, -21.00847 ], [ -48.37675, -21.00714 ], [ -48.3807, -21.00129 ], [ -48.38267, -20.98355 ], [ -48.37902, -20.97617 ], [ -48.37837, -20.96809 ], [ -48.37324, -20.96301 ], [ -48.37374, -20.95951 ], [ -48.36725, -20.94866 ], [ -48.3385, -20.9551 ], [ -48.31582, -20.95161 ], [ -48.28442, -20.95238 ], [ -48.27511, -20.94355 ], [ -48.27349, -20.93917 ], [ -48.26837, -20.93816 ], [ -48.25798, -20.9307 ], [ -48.22982, -20.90016 ], [ -48.21867, -20.8919 ], [ -48.20782, -20.87526 ], [ -48.19144, -20.88549 ], [ -48.18099, -20.8862 ], [ -48.17651, -20.88962 ], [ -48.17222, -20.90974 ], [ -48.17368, -20.9206 ], [ -48.16606, -20.92957 ], [ -48.16605, -20.93658 ], [ -48.1608, -20.94686 ], [ -48.16151, -20.95174 ], [ -48.15335, -20.96309 ], [ -48.14996, -20.97934 ], [ -48.14334, -20.99052 ], [ -48.14242, -21.00093 ], [ -48.13498, -21.00284 ], [ -48.13602, -21.00942 ], [ -48.13098, -21.01216 ], [ -48.12683, -21.02535 ], [ -48.12941, -21.03855 ], [ -48.13322, -21.04236 ], [ -48.1339, -21.04707 ], [ -48.13121, -21.05524 ], [ -48.132, -21.06034 ], [ -48.12404, -21.07297 ], [ -48.1247, -21.089 ], [ -48.1265, -21.08675 ], [ -48.13534, -21.08751 ], [ -48.15375, -21.09655 ], [ -48.18694, -21.12993 ], [ -48.18125, -21.15212 ], [ -48.16888, -21.15871 ], [ -48.17198, -21.17546 ], [ -48.17842, -21.18636 ], [ -48.17197, -21.20392 ], [ -48.17049, -21.21549 ], [ -48.15906, -21.22538 ], [ -48.15215, -21.23865 ], [ -48.14773, -21.23911 ], [ -48.14364, -21.2353 ], [ -48.14098, -21.23757 ], [ -48.13568, -21.27271 ], [ -48.14067, -21.31288 ], [ -48.14412, -21.32409 ], [ -48.14273, -21.3405 ], [ -48.14433, -21.34789 ], [ -48.14151, -21.35907 ], [ -48.14639, -21.36775 ], [ -48.1408, -21.37928 ], [ -48.13498, -21.38218 ], [ -48.1295, -21.39034 ], [ -48.12424, -21.41109 ], [ -48.11265, -21.42116 ], [ -48.10933, -21.42721 ], [ -48.10883, -21.44487 ], [ -48.10387, -21.44815 ], [ -48.10314, -21.45324 ], [ -48.08238, -21.46105 ], [ -48.08155, -21.4634 ], [ -48.08511, -21.46869 ], [ -48.0775, -21.47 ], [ -48.07437, -21.47882 ], [ -48.072, -21.47841 ], [ -48.07208, -21.47375 ], [ -48.06875, -21.47983 ], [ -48.05733, -21.47525 ], [ -48.05814, -21.47937 ], [ -48.05423, -21.48134 ], [ -48.05538, -21.4892 ], [ -48.04737, -21.49076 ], [ -48.04456, -21.49354 ], [ -48.04561, -21.49608 ], [ -48.05078, -21.49708 ], [ -48.05118, -21.50056 ], [ -48.03875, -21.50443 ], [ -48.04311, -21.50962 ], [ -48.04253, -21.51499 ], [ -48.02821, -21.51353 ], [ -48.03194, -21.51829 ], [ -48.02816, -21.52231 ], [ -48.03309, -21.52641 ], [ -48.02641, -21.52989 ], [ -48.02779, -21.53854 ], [ -48.02431, -21.53726 ], [ -48.01777, -21.5394 ], [ -48.01707, -21.53298 ], [ -48.01221, -21.53277 ], [ -48.01506, -21.5411 ], [ -48.00595, -21.54422 ], [ -48.00948, -21.55901 ], [ -47.99646, -21.56172 ], [ -47.99845, -21.5681 ], [ -47.9941, -21.56487 ], [ -47.99094, -21.56686 ], [ -47.9897, -21.57725 ], [ -47.99569, -21.57721 ], [ -47.99947, -21.58068 ], [ -47.99417, -21.58027 ], [ -47.99305, -21.58465 ], [ -47.98973, -21.58549 ], [ -47.9923, -21.58848 ], [ -47.98764, -21.59122 ], [ -47.99088, -21.5941 ], [ -47.99023, -21.59613 ], [ -47.98426, -21.59448 ], [ -47.98378, -21.58705 ], [ -47.98134, -21.59213 ], [ -47.97726, -21.5917 ], [ -47.97414, -21.59473 ], [ -47.96143, -21.59706 ], [ -47.96104, -21.59398 ], [ -47.95324, -21.59076 ], [ -47.95288, -21.59502 ], [ -47.94881, -21.59832 ], [ -47.94265, -21.59746 ], [ -47.94532, -21.59132 ], [ -47.93785, -21.59272 ], [ -47.94096, -21.58694 ], [ -47.93456, -21.58693 ], [ -47.93702, -21.57892 ], [ -47.93303, -21.58016 ], [ -47.92412, -21.57355 ], [ -47.92312, -21.58485 ], [ -47.91838, -21.58387 ], [ -47.91343, -21.5894 ], [ -47.90491, -21.58016 ], [ -47.90311, -21.58167 ], [ -47.90465, -21.586 ], [ -47.90158, -21.58904 ], [ -47.89968, -21.58786 ], [ -47.90038, -21.58263 ], [ -47.89637, -21.58659 ], [ -47.89118, -21.5824 ], [ -47.88583, -21.58676 ], [ -47.88541, -21.59057 ], [ -47.8807, -21.58952 ], [ -47.88204, -21.59279 ], [ -47.879, -21.59542 ], [ -47.8797, -21.59941 ], [ -47.87513, -21.5999 ], [ -47.87081, -21.60466 ], [ -47.8806, -21.60927 ], [ -47.87921, -21.61291 ], [ -47.8726, -21.61015 ], [ -47.86918, -21.61531 ], [ -47.86891, -21.61039 ], [ -47.86257, -21.61076 ], [ -47.86409, -21.60638 ], [ -47.85669, -21.60807 ], [ -47.85382, -21.60417 ], [ -47.85806, -21.60125 ], [ -47.85353, -21.59696 ], [ -47.84964, -21.59941 ], [ -47.84528, -21.59815 ], [ -47.84002, -21.60632 ], [ -47.84041, -21.59996 ], [ -47.83681, -21.60417 ], [ -47.83025, -21.60073 ], [ -47.83447, -21.61066 ], [ -47.83365, -21.61403 ], [ -47.83084, -21.61561 ], [ -47.82532, -21.61196 ], [ -47.8181, -21.61461 ], [ -47.81703, -21.62506 ], [ -47.81087, -21.63115 ], [ -47.80496, -21.62982 ], [ -47.80162, -21.63222 ], [ -47.8021, -21.63484 ], [ -47.80666, -21.63524 ], [ -47.81198, -21.64818 ], [ -47.81771, -21.64652 ], [ -47.82568, -21.65321 ], [ -47.82558, -21.65669 ], [ -47.81681, -21.66205 ], [ -47.83024, -21.6688 ], [ -47.81204, -21.6789 ], [ -47.81181, -21.68829 ], [ -47.81689, -21.69533 ], [ -47.81352, -21.69808 ], [ -47.80757, -21.69877 ], [ -47.80229, -21.69471 ], [ -47.79587, -21.69428 ], [ -47.78665, -21.69947 ], [ -47.78116, -21.691 ], [ -47.76845, -21.69089 ], [ -47.75947, -21.69516 ], [ -47.75614, -21.69988 ], [ -47.74977, -21.70112 ], [ -47.74569, -21.70843 ], [ -47.73448, -21.71358 ], [ -47.72325, -21.70533 ], [ -47.70512, -21.72007 ], [ -47.68147, -21.71518 ], [ -47.67678, -21.72133 ], [ -47.67855, -21.7326 ], [ -47.67242, -21.73505 ], [ -47.66689, -21.74213 ], [ -47.64759, -21.7368 ], [ -47.6448, -21.72583 ], [ -47.63605, -21.72447 ], [ -47.63083, -21.72701 ], [ -47.63033, -21.73293 ], [ -47.62448, -21.73329 ], [ -47.62354, -21.73942 ], [ -47.61488, -21.75053 ], [ -47.61336, -21.7491 ], [ -47.61531, -21.74267 ], [ -47.60754, -21.74525 ], [ -47.59813, -21.73754 ], [ -47.58737, -21.73402 ], [ -47.5812, -21.74286 ], [ -47.58189, -21.75266 ], [ -47.57882, -21.76675 ], [ -47.57136, -21.77395 ], [ -47.56964, -21.78401 ], [ -47.5568, -21.78822 ], [ -47.54262, -21.8016 ], [ -47.53872, -21.80194 ], [ -47.53226, -21.79716 ], [ -47.5239, -21.80197 ], [ -47.52384, -21.81066 ], [ -47.53254, -21.81847 ], [ -47.54227, -21.82082 ], [ -47.55482, -21.83718 ], [ -47.55197, -21.84305 ], [ -47.54821, -21.84339 ], [ -47.55141, -21.85434 ], [ -47.54268, -21.86251 ], [ -47.50996, -21.88008 ], [ -47.515, -21.89656 ], [ -47.51526, -21.912 ], [ -47.52617, -21.92499 ], [ -47.51169, -21.93556 ], [ -47.52486, -21.94399 ], [ -47.53533, -21.95526 ], [ -47.54363, -21.9799 ], [ -47.5756, -21.98653 ], [ -47.58159, -21.9898 ], [ -47.5822, -21.99597 ], [ -47.57853, -22.00009 ], [ -47.57339, -22.01561 ], [ -47.57942, -22.02095 ], [ -47.58058, -22.03178 ], [ -47.59042, -22.03845 ], [ -47.60045, -22.0513 ], [ -47.60872, -22.0513 ], [ -47.61682, -22.04498 ], [ -47.6178, -22.04115 ], [ -47.62643, -22.04319 ], [ -47.63565, -22.05462 ], [ -47.64319, -22.05143 ], [ -47.65175, -22.05383 ], [ -47.65782, -22.0514 ], [ -47.66894, -22.03856 ], [ -47.66812, -22.03284 ], [ -47.67551, -22.0126 ], [ -47.69154, -22.02681 ], [ -47.69749, -22.02748 ], [ -47.70076, -22.03369 ], [ -47.7211, -22.03649 ], [ -47.73529, -22.04748 ], [ -47.73881, -22.05318 ], [ -47.74491, -22.05523 ], [ -47.74743, -22.06695 ], [ -47.74088, -22.07534 ], [ -47.74708, -22.07946 ], [ -47.75089, -22.07845 ], [ -47.75292, -22.08981 ], [ -47.76265, -22.0874 ], [ -47.77211, -22.09237 ], [ -47.77837, -22.09123 ], [ -47.78753, -22.09848 ], [ -47.78832, -22.11679 ], [ -47.80125, -22.1291 ], [ -47.80833, -22.1324 ], [ -47.81098, -22.14084 ], [ -47.80878, -22.14835 ], [ -47.81536, -22.15464 ], [ -47.81482, -22.16102 ], [ -47.82046, -22.15913 ], [ -47.82193, -22.15176 ], [ -47.83085, -22.1478 ], [ -47.84101, -22.1504 ], [ -47.84484, -22.15516 ], [ -47.85138, -22.15621 ], [ -47.857, -22.15589 ], [ -47.86187, -22.1503 ], [ -47.8736, -22.15804 ], [ -47.879, -22.15776 ], [ -47.88657, -22.15209 ], [ -47.88706, -22.15749 ], [ -47.89215, -22.15334 ], [ -47.89663, -22.15646 ], [ -47.89703, -22.15968 ], [ -47.91427, -22.14932 ], [ -47.91981, -22.15039 ], [ -47.92837, -22.13965 ], [ -47.92755, -22.1308 ], [ -47.93193, -22.12733 ], [ -47.93416, -22.12025 ], [ -47.94774, -22.11098 ], [ -47.96233, -22.11622 ], [ -47.96379, -22.11351 ], [ -47.9678, -22.114 ], [ -47.9707, -22.11807 ], [ -47.97497, -22.11821 ], [ -47.97563, -22.11427 ], [ -47.98162, -22.11269 ], [ -47.98283, -22.11605 ], [ -47.99292, -22.11576 ], [ -47.99869, -22.10956 ], [ -47.99915, -22.10337 ], [ -48.00348, -22.09886 ], [ -48.01092, -22.09622 ], [ -48.02399, -22.07834 ], [ -48.02712, -22.07638 ], [ -48.03711, -22.07736 ], [ -48.045, -22.07263 ], [ -48.04816, -22.07739 ], [ -48.04387, -22.08816 ], [ -48.0462, -22.10275 ], [ -48.04278, -22.1215 ], [ -48.04376, -22.12827 ], [ -48.05752, -22.14998 ], [ -48.06533, -22.14925 ], [ -48.08041, -22.15657 ], [ -48.09007, -22.16828 ], [ -48.10474, -22.17963 ], [ -48.11627, -22.17818 ], [ -48.11973, -22.18213 ], [ -48.13495, -22.1827 ], [ -48.13909, -22.17791 ], [ -48.15547, -22.17474 ], [ -48.17606, -22.16604 ], [ -48.18177, -22.15491 ], [ -48.19887, -22.14776 ], [ -48.20547, -22.15003 ], [ -48.20913, -22.15589 ], [ -48.21603, -22.15845 ], [ -48.24453, -22.15872 ], [ -48.25603, -22.15427 ], [ -48.25549, -22.16165 ], [ -48.24457, -22.17708 ], [ -48.25586, -22.17679 ], [ -48.27095, -22.18148 ], [ -48.27437, -22.19218 ], [ -48.28664, -22.1885 ], [ -48.29815, -22.1916 ], [ -48.30482, -22.19075 ], [ -48.31221, -22.19258 ], [ -48.31492, -22.19835 ] ] ] } },
{ "type": "Feature", "properties": { "regional_cgr": "CGR 05" }, "geometry": { "type": "Polygon", "coordinates": [ [ [ -47.43439, -24.68933 ], [ -47.44225, -24.69837 ], [ -47.48698, -24.71501 ], [ -47.51441, -24.72889 ], [ -47.56799, -24.7595 ], [ -47.60847, -24.78615 ], [ -47.77132, -24.91243 ], [ -47.83893, -24.97163 ], [ -47.86984, -25.00664 ], [ -47.88389, -25.03077 ], [ -47.89128, -25.07674 ], [ -47.89851, -25.09748 ], [ -47.89496, -25.10724 ], [ -47.90818, -25.11796 ], [ -47.91637, -25.13826 ], [ -47.91503, -25.14043 ], [ -47.91935, -25.14657 ], [ -47.91788, -25.15581 ], [ -47.91253, -25.15586 ], [ -47.91413, -25.15974 ], [ -47.92562, -25.16168 ], [ -47.95532, -25.18258 ], [ -47.97264, -25.19954 ], [ -48.05716, -25.26876 ], [ -48.08651, -25.29769 ], [ -48.09434, -25.30835 ], [ -48.09821, -25.30537 ], [ -48.0986, -25.29981 ], [ -48.09326, -25.29363 ], [ -48.0823, -25.28943 ], [ -48.07888, -25.27747 ], [ -48.05961, -25.26632 ], [ -48.04928, -25.25171 ], [ -48.03103, -25.23934 ], [ -48.02418, -25.23175 ], [ -48.02431, -25.22918 ], [ -48.02981, -25.22625 ], [ -48.0275, -25.22088 ], [ -48.03948, -25.2187 ], [ -48.04475, -25.22154 ], [ -48.04733, -25.22684 ], [ -48.05741, -25.2185 ], [ -48.0574, -25.22682 ], [ -48.06004, -25.22872 ], [ -48.05719, -25.23274 ], [ -48.05975, -25.23885 ], [ -48.07555, -25.24086 ], [ -48.08302, -25.24543 ], [ -48.08448, -25.24059 ], [ -48.08984, -25.24195 ], [ -48.09358, -25.23993 ], [ -48.10075, -25.24387 ], [ -48.10759, -25.24441 ], [ -48.10986, -25.24881 ], [ -48.11411, -25.25084 ], [ -48.12647, -25.24204 ], [ -48.1267, -25.23975 ], [ -48.13158, -25.24041 ], [ -48.13802, -25.23362 ], [ -48.15126, -25.22922 ], [ -48.1621, -25.20948 ], [ -48.17256, -25.20961 ], [ -48.18095, -25.2064 ], [ -48.18158, -25.21048 ], [ -48.1866, -25.20712 ], [ -48.18363, -25.2039 ], [ -48.19263, -25.19449 ], [ -48.19357, -25.19013 ], [ -48.17848, -25.18348 ], [ -48.17922, -25.17981 ], [ -48.16742, -25.16701 ], [ -48.16881, -25.1569 ], [ -48.16255, -25.15497 ], [ -48.15647, -25.14433 ], [ -48.16468, -25.1457 ], [ -48.17135, -25.1423 ], [ -48.1772, -25.13545 ], [ -48.18058, -25.13505 ], [ -48.18091, -25.12988 ], [ -48.18787, -25.12419 ], [ -48.19018, -25.1165 ], [ -48.1943, -25.11442 ], [ -48.19464, -25.10607 ], [ -48.20532, -25.099 ], [ -48.20369, -25.09421 ], [ -48.21322, -25.08311 ], [ -48.20976, -25.07982 ], [ -48.21618, -25.07739 ], [ -48.21308, -25.07241 ], [ -48.21631, -25.0669 ], [ -48.21219, -25.06411 ], [ -48.21155, -25.05959 ], [ -48.21615, -25.04254 ], [ -48.21479, -25.03903 ], [ -48.20934, -25.03598 ], [ -48.20906, -25.02837 ], [ -48.21524, -25.0301 ], [ -48.22466, -25.02274 ], [ -48.23154, -25.02106 ], [ -48.23271, -25.01596 ], [ -48.22322, -25.00825 ], [ -48.22681, -25.0067 ], [ -48.23019, -25.00926 ], [ -48.23389, -25.00735 ], [ -48.22797, -25.00014 ], [ -48.23404, -25.00064 ], [ -48.2364, -24.99781 ], [ -48.23522, -24.9951 ], [ -48.24572, -24.98972 ], [ -48.24969, -24.97754 ], [ -48.25877, -24.98635 ], [ -48.25725, -24.98878 ], [ -48.25932, -24.99076 ], [ -48.25516, -24.99671 ], [ -48.26008, -24.99812 ], [ -48.26443, -24.99302 ], [ -48.26987, -24.99762 ], [ -48.2733, -25.00549 ], [ -48.27246, -25.01494 ], [ -48.27852, -25.02018 ], [ -48.27652, -25.02861 ], [ -48.27855, -25.03339 ], [ -48.28719, -25.04102 ], [ -48.29009, -25.03887 ], [ -48.2894, -25.03083 ], [ -48.29323, -25.02419 ], [ -48.29954, -25.02458 ], [ -48.29657, -25.03074 ], [ -48.29892, -25.03556 ], [ -48.30795, -25.03608 ], [ -48.30866, -25.04676 ], [ -48.31477, -25.04724 ], [ -48.32396, -25.05438 ], [ -48.32676, -25.05065 ], [ -48.32327, -25.04282 ], [ -48.32365, -25.03743 ], [ -48.33361, -25.03614 ], [ -48.33579, -25.04024 ], [ -48.3394, -25.03606 ], [ -48.34314, -25.03774 ], [ -48.34725, -25.03522 ], [ -48.3513, -25.03658 ], [ -48.35276, -25.03339 ], [ -48.34938, -25.02735 ], [ -48.35631, -25.0242 ], [ -48.35841, -25.01645 ], [ -48.36739, -25.01458 ], [ -48.3693, -25.00905 ], [ -48.37778, -25.00321 ], [ -48.37887, -24.99676 ], [ -48.39603, -24.99109 ], [ -48.39989, -24.98561 ], [ -48.40453, -24.985 ], [ -48.4092, -24.98052 ], [ -48.4135, -24.9809 ], [ -48.41403, -24.98704 ], [ -48.41875, -24.99025 ], [ -48.43603, -24.9909 ], [ -48.45532, -25.00526 ], [ -48.46399, -25.00526 ], [ -48.46495, -25.01063 ], [ -48.47426, -25.01349 ], [ -48.47681, -25.02621 ], [ -48.48007, -25.03043 ], [ -48.47826, -25.03436 ], [ -48.48714, -25.04298 ], [ -48.48412, -25.05354 ], [ -48.49155, -25.05302 ], [ -48.5087, -25.06857 ], [ -48.50749, -25.07297 ], [ -48.51141, -25.07732 ], [ -48.51299, -25.084 ], [ -48.52181, -25.08414 ], [ -48.5233, -25.08959 ], [ -48.52106, -25.09154 ], [ -48.5278, -25.09507 ], [ -48.52855, -25.10036 ], [ -48.5451, -25.0947 ], [ -48.55657, -25.08529 ], [ -48.56048, -25.07562 ], [ -48.55802, -25.07293 ], [ -48.5593, -25.06507 ], [ -48.55765, -25.063 ], [ -48.5694, -25.05415 ], [ -48.56891, -25.05086 ], [ -48.57601, -25.04984 ], [ -48.57968, -25.05322 ], [ -48.58321, -25.05069 ], [ -48.58042, -25.0472 ], [ -48.58429, -25.03872 ], [ -48.58112, -25.03509 ], [ -48.58481, -25.03037 ], [ -48.58976, -25.02967 ], [ -48.5878, -25.02781 ], [ -48.59233, -25.02754 ], [ -48.58804, -25.02347 ], [ -48.58883, -25.01963 ], [ -48.59912, -25.01959 ], [ -48.59708, -25.01562 ], [ -48.60087, -25.00945 ], [ -48.59572, -24.99642 ], [ -48.58944, -24.99514 ], [ -48.59074, -24.98936 ], [ -48.58889, -24.98649 ], [ -48.57968, -24.98676 ], [ -48.56751, -24.97217 ], [ -48.568, -24.96047 ], [ -48.57275, -24.95394 ], [ -48.56317, -24.95045 ], [ -48.56902, -24.94691 ], [ -48.57005, -24.94372 ], [ -48.56287, -24.93929 ], [ -48.56709, -24.93511 ], [ -48.56698, -24.93128 ], [ -48.57074, -24.93117 ], [ -48.57144, -24.91973 ], [ -48.56518, -24.91773 ], [ -48.56729, -24.91501 ], [ -48.56749, -24.90372 ], [ -48.57311, -24.90252 ], [ -48.57253, -24.8954 ], [ -48.56523, -24.89455 ], [ -48.55981, -24.90118 ], [ -48.55627, -24.89355 ], [ -48.55978, -24.88881 ], [ -48.55811, -24.88376 ], [ -48.55524, -24.88172 ], [ -48.54837, -24.88208 ], [ -48.54504, -24.87837 ], [ -48.5501, -24.87889 ], [ -48.54709, -24.87354 ], [ -48.54942, -24.86767 ], [ -48.56695, -24.86441 ], [ -48.56456, -24.85676 ], [ -48.56817, -24.84777 ], [ -48.56452, -24.83401 ], [ -48.56239, -24.82693 ], [ -48.55631, -24.82422 ], [ -48.55949, -24.82084 ], [ -48.55621, -24.80676 ], [ -48.54883, -24.79674 ], [ -48.53733, -24.79002 ], [ -48.53532, -24.78664 ], [ -48.51641, -24.78008 ], [ -48.51761, -24.76945 ], [ -48.51289, -24.76412 ], [ -48.50687, -24.76424 ], [ -48.50798, -24.75149 ], [ -48.50305, -24.74598 ], [ -48.50447, -24.73992 ], [ -48.49943, -24.73787 ], [ -48.50602, -24.73542 ], [ -48.51249, -24.74078 ], [ -48.5235, -24.73612 ], [ -48.53019, -24.73951 ], [ -48.53259, -24.73711 ], [ -48.53155, -24.73032 ], [ -48.54388, -24.72627 ], [ -48.5467, -24.71853 ], [ -48.55264, -24.71651 ], [ -48.55318, -24.70976 ], [ -48.56039, -24.71102 ], [ -48.56897, -24.70234 ], [ -48.57182, -24.69287 ], [ -48.57982, -24.68531 ], [ -48.5824, -24.67102 ], [ -48.58571, -24.67243 ], [ -48.58968, -24.6806 ], [ -48.59661, -24.67222 ], [ -48.60483, -24.66871 ], [ -48.61254, -24.67101 ], [ -48.61711, -24.6684 ], [ -48.62423, -24.67795 ], [ -48.62888, -24.68054 ], [ -48.63275, -24.6773 ], [ -48.63842, -24.67778 ], [ -48.64568, -24.68198 ], [ -48.64215, -24.68966 ], [ -48.65883, -24.69213 ], [ -48.66222, -24.70299 ], [ -48.66011, -24.70594 ], [ -48.66202, -24.70734 ], [ -48.67525, -24.70238 ], [ -48.67738, -24.69951 ], [ -48.67212, -24.69834 ], [ -48.67741, -24.69266 ], [ -48.6728, -24.68759 ], [ -48.67567, -24.68358 ], [ -48.6724, -24.67933 ], [ -48.67764, -24.67558 ], [ -48.6762, -24.67347 ], [ -48.69027, -24.66808 ], [ -48.69432, -24.67255 ], [ -48.68878, -24.67811 ], [ -48.69139, -24.68515 ], [ -48.68941, -24.69209 ], [ -48.69154, -24.69426 ], [ -48.70253, -24.68008 ], [ -48.708, -24.68358 ], [ -48.71964, -24.68336 ], [ -48.73081, -24.68713 ], [ -48.73539, -24.68479 ], [ -48.74143, -24.68796 ], [ -48.74435, -24.69337 ], [ -48.75149, -24.69559 ], [ -48.75619, -24.69203 ], [ -48.75275, -24.68283 ], [ -48.75826, -24.68001 ], [ -48.76954, -24.69613 ], [ -48.77912, -24.69668 ], [ -48.78184, -24.68886 ], [ -48.7877, -24.68197 ], [ -48.79978, -24.6748 ], [ -48.80409, -24.67711 ], [ -48.8112, -24.67556 ], [ -48.80397, -24.66733 ], [ -48.78692, -24.66772 ], [ -48.77952, -24.66493 ], [ -48.76988, -24.6562 ], [ -48.76738, -24.6567 ], [ -48.76049, -24.64549 ], [ -48.75101, -24.64553 ], [ -48.74251, -24.64143 ], [ -48.73234, -24.64051 ], [ -48.73077, -24.63733 ], [ -48.73298, -24.62996 ], [ -48.73846, -24.62611 ], [ -48.73475, -24.62181 ], [ -48.73777, -24.62024 ], [ -48.7389, -24.61243 ], [ -48.74473, -24.61119 ], [ -48.74955, -24.60434 ], [ -48.74939, -24.597 ], [ -48.7535, -24.58851 ], [ -48.77065, -24.58669 ], [ -48.77907, -24.59064 ], [ -48.78099, -24.58957 ], [ -48.78001, -24.58725 ], [ -48.78355, -24.58216 ], [ -48.78145, -24.57881 ], [ -48.78727, -24.57582 ], [ -48.78943, -24.57145 ], [ -48.78482, -24.57027 ], [ -48.78394, -24.56653 ], [ -48.78057, -24.56526 ], [ -48.78815, -24.55728 ], [ -48.77957, -24.55636 ], [ -48.77768, -24.55222 ], [ -48.76061, -24.54659 ], [ -48.75332, -24.54027 ], [ -48.72739, -24.52705 ], [ -48.72748, -24.52192 ], [ -48.72417, -24.51734 ], [ -48.71999, -24.51683 ], [ -48.71458, -24.51086 ], [ -48.70359, -24.5103 ], [ -48.70381, -24.50523 ], [ -48.69877, -24.50644 ], [ -48.68903, -24.50139 ], [ -48.68821, -24.4943 ], [ -48.67235, -24.48729 ], [ -48.67279, -24.48398 ], [ -48.66674, -24.47869 ], [ -48.6683, -24.47662 ], [ -48.67466, -24.47637 ], [ -48.67436, -24.47397 ], [ -48.65658, -24.46036 ], [ -48.65511, -24.45595 ], [ -48.65008, -24.45529 ], [ -48.6452, -24.4592 ], [ -48.6317, -24.45742 ], [ -48.62879, -24.44985 ], [ -48.63236, -24.44626 ], [ -48.63072, -24.43698 ], [ -48.61827, -24.44211 ], [ -48.61638, -24.44675 ], [ -48.61723, -24.45009 ], [ -48.61517, -24.45231 ], [ -48.61584, -24.45559 ], [ -48.61471, -24.45748 ], [ -48.61335, -24.45265 ], [ -48.60181, -24.44429 ], [ -48.59432, -24.44242 ], [ -48.58682, -24.43445 ], [ -48.58115, -24.43758 ], [ -48.57278, -24.43345 ], [ -48.56039, -24.43869 ], [ -48.54889, -24.43978 ], [ -48.53047, -24.42974 ], [ -48.52513, -24.42473 ], [ -48.52467, -24.42138 ], [ -48.51627, -24.41906 ], [ -48.52034, -24.41743 ], [ -48.5191, -24.41477 ], [ -48.52294, -24.41102 ], [ -48.52084, -24.40646 ], [ -48.5178, -24.40708 ], [ -48.51801, -24.40247 ], [ -48.51117, -24.40227 ], [ -48.50794, -24.39389 ], [ -48.50443, -24.39573 ], [ -48.505, -24.39048 ], [ -48.50276, -24.38664 ], [ -48.49738, -24.38926 ], [ -48.49317, -24.38713 ], [ -48.49499, -24.38539 ], [ -48.48983, -24.37678 ], [ -48.492, -24.37702 ], [ -48.49053, -24.36985 ], [ -48.49687, -24.36202 ], [ -48.5035, -24.35851 ], [ -48.50538, -24.35446 ], [ -48.50158, -24.34795 ], [ -48.51365, -24.33784 ], [ -48.52253, -24.33957 ], [ -48.53552, -24.3471 ], [ -48.53891, -24.34527 ], [ -48.53919, -24.33988 ], [ -48.54411, -24.33377 ], [ -48.56166, -24.34032 ], [ -48.56807, -24.33586 ], [ -48.57781, -24.33719 ], [ -48.57856, -24.33246 ], [ -48.58522, -24.33957 ], [ -48.59398, -24.34247 ], [ -48.59931, -24.33881 ], [ -48.60811, -24.33843 ], [ -48.60571, -24.33155 ], [ -48.60007, -24.33213 ], [ -48.60049, -24.32942 ], [ -48.59192, -24.32088 ], [ -48.5903, -24.31437 ], [ -48.57813, -24.30356 ], [ -48.56818, -24.29835 ], [ -48.56213, -24.29268 ], [ -48.56131, -24.28772 ], [ -48.55816, -24.28639 ], [ -48.55217, -24.28936 ], [ -48.55338, -24.29436 ], [ -48.5476, -24.3027 ], [ -48.54881, -24.30628 ], [ -48.53964, -24.31279 ], [ -48.53917, -24.31731 ], [ -48.5345, -24.3204 ], [ -48.53119, -24.31979 ], [ -48.53033, -24.31675 ], [ -48.52316, -24.31939 ], [ -48.52202, -24.3085 ], [ -48.51553, -24.30944 ], [ -48.51466, -24.30543 ], [ -48.50302, -24.30251 ], [ -48.50557, -24.29998 ], [ -48.50069, -24.29263 ], [ -48.50374, -24.28858 ], [ -48.49731, -24.2796 ], [ -48.4836, -24.28401 ], [ -48.47626, -24.28897 ], [ -48.47214, -24.28481 ], [ -48.47094, -24.2882 ], [ -48.46543, -24.28519 ], [ -48.45936, -24.29342 ], [ -48.4547, -24.29545 ], [ -48.45237, -24.28394 ], [ -48.45957, -24.28069 ], [ -48.46491, -24.2735 ], [ -48.45773, -24.2526 ], [ -48.45182, -24.25774 ], [ -48.45221, -24.26386 ], [ -48.44812, -24.26246 ], [ -48.44396, -24.26464 ], [ -48.44277, -24.2624 ], [ -48.43787, -24.262 ], [ -48.43134, -24.26317 ], [ -48.42934, -24.26622 ], [ -48.42273, -24.26499 ], [ -48.41734, -24.26782 ], [ -48.4107, -24.26741 ], [ -48.40558, -24.2735 ], [ -48.40813, -24.27844 ], [ -48.40648, -24.28376 ], [ -48.40033, -24.28457 ], [ -48.39878, -24.28976 ], [ -48.39399, -24.29153 ], [ -48.39445, -24.29665 ], [ -48.38815, -24.30566 ], [ -48.36987, -24.29299 ], [ -48.35928, -24.28044 ], [ -48.35236, -24.28526 ], [ -48.35275, -24.28741 ], [ -48.34316, -24.28566 ], [ -48.33841, -24.29183 ], [ -48.32965, -24.28981 ], [ -48.32391, -24.29191 ], [ -48.32985, -24.30624 ], [ -48.32506, -24.31314 ], [ -48.31734, -24.31257 ], [ -48.30538, -24.30358 ], [ -48.29931, -24.30631 ], [ -48.29877, -24.3028 ], [ -48.29475, -24.30045 ], [ -48.29519, -24.29594 ], [ -48.29155, -24.29354 ], [ -48.28122, -24.2978 ], [ -48.27516, -24.29662 ], [ -48.27486, -24.29313 ], [ -48.27743, -24.28963 ], [ -48.28177, -24.28858 ], [ -48.28357, -24.2834 ], [ -48.26316, -24.27268 ], [ -48.25275, -24.25721 ], [ -48.24907, -24.25953 ], [ -48.24355, -24.25887 ], [ -48.24143, -24.26264 ], [ -48.22689, -24.26206 ], [ -48.22134, -24.26455 ], [ -48.21139, -24.26135 ], [ -48.20825, -24.26465 ], [ -48.20056, -24.26123 ], [ -48.19687, -24.25446 ], [ -48.17082, -24.24435 ], [ -48.16636, -24.23765 ], [ -48.15492, -24.23198 ], [ -48.15387, -24.22863 ], [ -48.14858, -24.22866 ], [ -48.14857, -24.23254 ], [ -48.14505, -24.23103 ], [ -48.14373, -24.22822 ], [ -48.14701, -24.22566 ], [ -48.14387, -24.22024 ], [ -48.14665, -24.21309 ], [ -48.13816, -24.20833 ], [ -48.14389, -24.20003 ], [ -48.14079, -24.1938 ], [ -48.13327, -24.19383 ], [ -48.1254, -24.19735 ], [ -48.11888, -24.19284 ], [ -48.11355, -24.19965 ], [ -48.0956, -24.2011 ], [ -48.09248, -24.1964 ], [ -48.09444, -24.19344 ], [ -48.08735, -24.19313 ], [ -48.08495, -24.19072 ], [ -48.08114, -24.19257 ], [ -48.06736, -24.18308 ], [ -48.05982, -24.18285 ], [ -48.06113, -24.18027 ], [ -48.05776, -24.1757 ], [ -48.05685, -24.16334 ], [ -48.06009, -24.15906 ], [ -48.05778, -24.1567 ], [ -48.05551, -24.15816 ], [ -48.05064, -24.15611 ], [ -48.05262, -24.15008 ], [ -48.05748, -24.14665 ], [ -48.05208, -24.14341 ], [ -48.04958, -24.13738 ], [ -48.04263, -24.13836 ], [ -48.03589, -24.13495 ], [ -48.02413, -24.13461 ], [ -48.02331, -24.12998 ], [ -48.01649, -24.12828 ], [ -48.01182, -24.13024 ], [ -48.01246, -24.13474 ], [ -48.00867, -24.13472 ], [ -47.99626, -24.12442 ], [ -47.98865, -24.12188 ], [ -47.987, -24.1173 ], [ -47.98165, -24.11365 ], [ -47.95782, -24.11433 ], [ -47.95112, -24.12008 ], [ -47.94668, -24.11718 ], [ -47.94491, -24.10798 ], [ -47.93852, -24.10444 ], [ -47.93936, -24.10057 ], [ -47.93661, -24.09841 ], [ -47.93207, -24.10075 ], [ -47.91503, -24.10043 ], [ -47.90674, -24.09297 ], [ -47.90154, -24.09326 ], [ -47.9023, -24.08881 ], [ -47.89633, -24.08377 ], [ -47.89382, -24.07714 ], [ -47.87652, -24.08049 ], [ -47.87335, -24.07725 ], [ -47.874, -24.07491 ], [ -47.86749, -24.07593 ], [ -47.86709, -24.08644 ], [ -47.86247, -24.08768 ], [ -47.85826, -24.09414 ], [ -47.85574, -24.10335 ], [ -47.86331, -24.11248 ], [ -47.85812, -24.12263 ], [ -47.85191, -24.12001 ], [ -47.85041, -24.11574 ], [ -47.84576, -24.11931 ], [ -47.83154, -24.12056 ], [ -47.82923, -24.12289 ], [ -47.8312, -24.12733 ], [ -47.82914, -24.13186 ], [ -47.82513, -24.13333 ], [ -47.82234, -24.13169 ], [ -47.81697, -24.13348 ], [ -47.80938, -24.13028 ], [ -47.80254, -24.13495 ], [ -47.7988, -24.13327 ], [ -47.79157, -24.13477 ], [ -47.78752, -24.12961 ], [ -47.78179, -24.12803 ], [ -47.77783, -24.12981 ], [ -47.77541, -24.12706 ], [ -47.77276, -24.13387 ], [ -47.75836, -24.13078 ], [ -47.75129, -24.12252 ], [ -47.74475, -24.11991 ], [ -47.73691, -24.12499 ], [ -47.72374, -24.11725 ], [ -47.72563, -24.11 ], [ -47.72323, -24.10622 ], [ -47.73614, -24.10321 ], [ -47.73346, -24.10184 ], [ -47.73074, -24.09305 ], [ -47.72499, -24.08903 ], [ -47.72479, -24.08052 ], [ -47.70871, -24.07137 ], [ -47.7016, -24.07312 ], [ -47.68949, -24.05936 ], [ -47.68438, -24.05659 ], [ -47.68016, -24.04535 ], [ -47.67507, -24.04439 ], [ -47.67377, -24.04088 ], [ -47.66048, -24.04019 ], [ -47.65248, -24.04493 ], [ -47.64988, -24.04056 ], [ -47.64637, -24.04184 ], [ -47.64099, -24.03941 ], [ -47.63802, -24.04118 ], [ -47.63652, -24.03746 ], [ -47.62545, -24.03447 ], [ -47.62236, -24.04139 ], [ -47.61445, -24.04473 ], [ -47.61502, -24.05926 ], [ -47.62145, -24.06423 ], [ -47.62109, -24.06822 ], [ -47.63021, -24.07534 ], [ -47.62988, -24.08705 ], [ -47.634, -24.09206 ], [ -47.63557, -24.09944 ], [ -47.63329, -24.10812 ], [ -47.63474, -24.11204 ], [ -47.62892, -24.11388 ], [ -47.62321, -24.11193 ], [ -47.61994, -24.10446 ], [ -47.61573, -24.1034 ], [ -47.61098, -24.09588 ], [ -47.5971, -24.08508 ], [ -47.59631, -24.07979 ], [ -47.59156, -24.08764 ], [ -47.58184, -24.07455 ], [ -47.57669, -24.07798 ], [ -47.57006, -24.07778 ], [ -47.56647, -24.06759 ], [ -47.56766, -24.0629 ], [ -47.56228, -24.04966 ], [ -47.56252, -24.03947 ], [ -47.56042, -24.03825 ], [ -47.55459, -24.04132 ], [ -47.55294, -24.03694 ], [ -47.54278, -24.0371 ], [ -47.53922, -24.03885 ], [ -47.53914, -24.04194 ], [ -47.53162, -24.04365 ], [ -47.52987, -24.04637 ], [ -47.51203, -24.04633 ], [ -47.50248, -24.04982 ], [ -47.49566, -24.05845 ], [ -47.49363, -24.0582 ], [ -47.49447, -24.06555 ], [ -47.49198, -24.06988 ], [ -47.48209, -24.07419 ], [ -47.47716, -24.08091 ], [ -47.46491, -24.0759 ], [ -47.46219, -24.06891 ], [ -47.46295, -24.05992 ], [ -47.45757, -24.05823 ], [ -47.44898, -24.05002 ], [ -47.44805, -24.05311 ], [ -47.43803, -24.05689 ], [ -47.42577, -24.06877 ], [ -47.41719, -24.06585 ], [ -47.41549, -24.06086 ], [ -47.38895, -24.05454 ], [ -47.38581, -24.04935 ], [ -47.37693, -24.04812 ], [ -47.37183, -24.04124 ], [ -47.36839, -24.04245 ], [ -47.3685, -24.03872 ], [ -47.36298, -24.0314 ], [ -47.35567, -24.02907 ], [ -47.35619, -24.02201 ], [ -47.34131, -24.01305 ], [ -47.33445, -24.01229 ], [ -47.33235, -24.01775 ], [ -47.32877, -24.01417 ], [ -47.32407, -24.0173 ], [ -47.31627, -24.01657 ], [ -47.31037, -24.00856 ], [ -47.30156, -24.01115 ], [ -47.29409, -24.01025 ], [ -47.28616, -24.00594 ], [ -47.28443, -24.00649 ], [ -47.28585, -24.01373 ], [ -47.28232, -24.01453 ], [ -47.27762, -24.01066 ], [ -47.27691, -24.0144 ], [ -47.27113, -24.0171 ], [ -47.26901, -24.0146 ], [ -47.26061, -24.01367 ], [ -47.26433, -24.00647 ], [ -47.25728, -24.00525 ], [ -47.25286, -24.00776 ], [ -47.25724, -24.01944 ], [ -47.25338, -24.02321 ], [ -47.25037, -24.02002 ], [ -47.24434, -24.0218 ], [ -47.23816, -24.01605 ], [ -47.23329, -24.01734 ], [ -47.23029, -24.01222 ], [ -47.22154, -24.01432 ], [ -47.21844, -24.01253 ], [ -47.22029, -24.01027 ], [ -47.21438, -24.00669 ], [ -47.21081, -24.00115 ], [ -47.20702, -24.00307 ], [ -47.19537, -24.00057 ], [ -47.19326, -23.99801 ], [ -47.1874, -24.00222 ], [ -47.18254, -24.00044 ], [ -47.17773, -24.00315 ], [ -47.16169, -24.00284 ], [ -47.15728, -24.0061 ], [ -47.15281, -24.00604 ], [ -47.15029, -24.01029 ], [ -47.14238, -24.011 ], [ -47.1383, -24.01381 ], [ -47.1305, -24.00892 ], [ -47.12294, -24.00767 ], [ -47.12195, -24.00015 ], [ -47.12389, -23.99671 ], [ -47.11827, -23.99802 ], [ -47.11188, -23.99362 ], [ -47.11067, -23.99523 ], [ -47.10664, -23.99355 ], [ -47.09887, -23.99805 ], [ -47.09911, -24.00479 ], [ -47.09232, -24.00973 ], [ -47.09169, -24.01739 ], [ -47.06841, -24.02512 ], [ -47.06416, -24.02238 ], [ -47.06373, -24.01777 ], [ -47.05547, -24.00911 ], [ -47.05246, -24.0128 ], [ -47.04952, -24.01283 ], [ -47.04554, -24.02428 ], [ -47.04006, -24.02385 ], [ -47.03625, -24.03231 ], [ -47.03235, -24.03188 ], [ -47.02968, -24.03914 ], [ -47.03103, -24.04171 ], [ -47.027, -24.04141 ], [ -47.02722, -24.04486 ], [ -47.02529, -24.04512 ], [ -47.02808, -24.04932 ], [ -47.02731, -24.05246 ], [ -47.02087, -24.05506 ], [ -47.01943, -24.0579 ], [ -47.01697, -24.05626 ], [ -47.00708, -24.06391 ], [ -47.00277, -24.05637 ], [ -46.99516, -24.05095 ], [ -46.99266, -24.05688 ], [ -46.98722, -24.05957 ], [ -46.98246, -24.05798 ], [ -46.97983, -24.06303 ], [ -46.97666, -24.06392 ], [ -46.96338, -24.05713 ], [ -46.96787, -24.04583 ], [ -46.9648, -24.04291 ], [ -46.96221, -24.04556 ], [ -46.95244, -24.0451 ], [ -46.94626, -24.04046 ], [ -46.94073, -24.04367 ], [ -46.9314, -24.04155 ], [ -46.92778, -24.04494 ], [ -46.91732, -24.04088 ], [ -46.9147, -24.04443 ], [ -46.90826, -24.0419 ], [ -46.90445, -24.0465 ], [ -46.89959, -24.04617 ], [ -46.89986, -24.04353 ], [ -46.89599, -24.03961 ], [ -46.89304, -24.04013 ], [ -46.88776, -24.03654 ], [ -46.89211, -24.03657 ], [ -46.89345, -24.03441 ], [ -46.88834, -24.03001 ], [ -46.88474, -24.03021 ], [ -46.8829, -24.02573 ], [ -46.88456, -24.02309 ], [ -46.87643, -24.02439 ], [ -46.86753, -24.02003 ], [ -46.86762, -24.01685 ], [ -46.87363, -24.01524 ], [ -46.87045, -24.01551 ], [ -46.8677, -24.01105 ], [ -46.87026, -24.0015 ], [ -46.87657, -23.99892 ], [ -46.88265, -23.98993 ], [ -46.88129, -23.98316 ], [ -46.87388, -23.97797 ], [ -46.86806, -23.97997 ], [ -46.85647, -23.97087 ], [ -46.85473, -23.97335 ], [ -46.84924, -23.9651 ], [ -46.84553, -23.9622 ], [ -46.84027, -23.96231 ], [ -46.83968, -23.95854 ], [ -46.83478, -23.95592 ], [ -46.82367, -23.95619 ], [ -46.8234, -23.9537 ], [ -46.82896, -23.95071 ], [ -46.8302, -23.94729 ], [ -46.82167, -23.94433 ], [ -46.82067, -23.94191 ], [ -46.81728, -23.94323 ], [ -46.81489, -23.93963 ], [ -46.80774, -23.94034 ], [ -46.80264, -23.93808 ], [ -46.79671, -23.93966 ], [ -46.79332, -23.94389 ], [ -46.78844, -23.94081 ], [ -46.78077, -23.949 ], [ -46.77419, -23.94988 ], [ -46.775, -23.95707 ], [ -46.77092, -23.96142 ], [ -46.76525, -23.96165 ], [ -46.76275, -23.96414 ], [ -46.76301, -23.96802 ], [ -46.75494, -23.97272 ], [ -46.76216, -23.98783 ], [ -46.76645, -23.99162 ], [ -46.76809, -23.99894 ], [ -46.77386, -24.00239 ], [ -46.77215, -24.00635 ], [ -46.76193, -24.00452 ], [ -46.75316, -23.99942 ], [ -46.75318, -23.99611 ], [ -46.74358, -23.992 ], [ -46.73208, -23.99545 ], [ -46.72639, -23.99569 ], [ -46.7217, -23.99279 ], [ -46.71795, -23.99575 ], [ -46.71152, -23.99595 ], [ -46.68512, -23.98222 ], [ -46.67932, -23.98881 ], [ -46.66197, -23.98795 ], [ -46.64974, -24.00104 ], [ -46.62947, -23.99053 ], [ -46.63345, -23.98747 ], [ -46.6357, -23.977 ], [ -46.62109, -23.97081 ], [ -46.61794, -23.96733 ], [ -46.61087, -23.96816 ], [ -46.59843, -23.96329 ], [ -46.59529, -23.96533 ], [ -46.58532, -23.96081 ], [ -46.58043, -23.9558 ], [ -46.57753, -23.95703 ], [ -46.57147, -23.9526 ], [ -46.5697, -23.94676 ], [ -46.56623, -23.94958 ], [ -46.56779, -23.95339 ], [ -46.56581, -23.95381 ], [ -46.55647, -23.94149 ], [ -46.5522, -23.94038 ], [ -46.5483, -23.9297 ], [ -46.54571, -23.93012 ], [ -46.54075, -23.9236 ], [ -46.53537, -23.92323 ], [ -46.53229, -23.91755 ], [ -46.52131, -23.91223 ], [ -46.52244, -23.90772 ], [ -46.51997, -23.90531 ], [ -46.50381, -23.90475 ], [ -46.49745, -23.90145 ], [ -46.48782, -23.88449 ], [ -46.48414, -23.88314 ], [ -46.48297, -23.88494 ], [ -46.46973, -23.87269 ], [ -46.46584, -23.86553 ], [ -46.46817, -23.86442 ], [ -46.4659, -23.86046 ], [ -46.45918, -23.86608 ], [ -46.45477, -23.85393 ], [ -46.44367, -23.85014 ], [ -46.43714, -23.84269 ], [ -46.43849, -23.8387 ], [ -46.44251, -23.84022 ], [ -46.43745, -23.8325 ], [ -46.43829, -23.83067 ], [ -46.44424, -23.82871 ], [ -46.43401, -23.82361 ], [ -46.43123, -23.82646 ], [ -46.42559, -23.82456 ], [ -46.41544, -23.81762 ], [ -46.41703, -23.81989 ], [ -46.41535, -23.82142 ], [ -46.41876, -23.82179 ], [ -46.42144, -23.82827 ], [ -46.41698, -23.82295 ], [ -46.41234, -23.82422 ], [ -46.41169, -23.8163 ], [ -46.40443, -23.81074 ], [ -46.39423, -23.81277 ], [ -46.38141, -23.80674 ], [ -46.37366, -23.79567 ], [ -46.37786, -23.79687 ], [ -46.37742, -23.7931 ], [ -46.37295, -23.79057 ], [ -46.35493, -23.78999 ], [ -46.35176, -23.7869 ], [ -46.34484, -23.78724 ], [ -46.34075, -23.7827 ], [ -46.33479, -23.78078 ], [ -46.32321, -23.78482 ], [ -46.31873, -23.78189 ], [ -46.31891, -23.80195 ], [ -46.31634, -23.80173 ], [ -46.30223, -23.78766 ], [ -46.29567, -23.78752 ], [ -46.27374, -23.76608 ], [ -46.26031, -23.76788 ], [ -46.25801, -23.76616 ], [ -46.25568, -23.75993 ], [ -46.24888, -23.75687 ], [ -46.24673, -23.75233 ], [ -46.2479, -23.74626 ], [ -46.23879, -23.73533 ], [ -46.22703, -23.73695 ], [ -46.22524, -23.74043 ], [ -46.21775, -23.74409 ], [ -46.21027, -23.74169 ], [ -46.20813, -23.75125 ], [ -46.19411, -23.7542 ], [ -46.18643, -23.74466 ], [ -46.17844, -23.74564 ], [ -46.17689, -23.73587 ], [ -46.1705, -23.73236 ], [ -46.16587, -23.73434 ], [ -46.15862, -23.73219 ], [ -46.15589, -23.73619 ], [ -46.14782, -23.72824 ], [ -46.13184, -23.72484 ], [ -46.12615, -23.71287 ], [ -46.12243, -23.71485 ], [ -46.12268, -23.7187 ], [ -46.11822, -23.71574 ], [ -46.11394, -23.71777 ], [ -46.10385, -23.71163 ], [ -46.10403, -23.71527 ], [ -46.10023, -23.71984 ], [ -46.10164, -23.72269 ], [ -46.097, -23.72582 ], [ -46.09978, -23.72905 ], [ -46.1072, -23.73103 ], [ -46.10242, -23.7363 ], [ -46.09563, -23.73376 ], [ -46.07745, -23.7326 ], [ -46.06777, -23.72901 ], [ -46.06516, -23.72231 ], [ -46.05697, -23.71604 ], [ -46.0438, -23.72 ], [ -46.03094, -23.72009 ], [ -46.02587, -23.71558 ], [ -46.01668, -23.71482 ], [ -46.00852, -23.70865 ], [ -45.99689, -23.70451 ], [ -45.99226, -23.70555 ], [ -45.98708, -23.69939 ], [ -45.97654, -23.69398 ], [ -45.96954, -23.69692 ], [ -45.95506, -23.69411 ], [ -45.95665, -23.70054 ], [ -45.95189, -23.69956 ], [ -45.95049, -23.70226 ], [ -45.94181, -23.69992 ], [ -45.93612, -23.70118 ], [ -45.92598, -23.69367 ], [ -45.92399, -23.68962 ], [ -45.91979, -23.68841 ], [ -45.92444, -23.68131 ], [ -45.9182, -23.67754 ], [ -45.91509, -23.66553 ], [ -45.90567, -23.66428 ], [ -45.90556, -23.66082 ], [ -45.90068, -23.65895 ], [ -45.89958, -23.65583 ], [ -45.88709, -23.65724 ], [ -45.88306, -23.65328 ], [ -45.87322, -23.65259 ], [ -45.87008, -23.65514 ], [ -45.86277, -23.65204 ], [ -45.8577, -23.65523 ], [ -45.85471, -23.64663 ], [ -45.85068, -23.64769 ], [ -45.84987, -23.64383 ], [ -45.84732, -23.64557 ], [ -45.84511, -23.6436 ], [ -45.84201, -23.64844 ], [ -45.83396, -23.64838 ], [ -45.83117, -23.65153 ], [ -45.83316, -23.65635 ], [ -45.83108, -23.66309 ], [ -45.83803, -23.66911 ], [ -45.83264, -23.66989 ], [ -45.82943, -23.67236 ], [ -45.83026, -23.67472 ], [ -45.81414, -23.6769 ], [ -45.7982, -23.67537 ], [ -45.7941, -23.68006 ], [ -45.79963, -23.69308 ], [ -45.7949, -23.71566 ], [ -45.8422, -23.75795 ], [ -45.89939, -23.76474 ], [ -45.94055, -23.77485 ], [ -45.9762, -23.78671 ], [ -45.98967, -23.79209 ], [ -45.99286, -23.79516 ], [ -45.99293, -23.80045 ], [ -45.99805, -23.80344 ], [ -46.00128, -23.79959 ], [ -46.00704, -23.79927 ], [ -46.03455, -23.81039 ], [ -46.03917, -23.81738 ], [ -46.03832, -23.82008 ], [ -46.03461, -23.82119 ], [ -46.03817, -23.82209 ], [ -46.03888, -23.82586 ], [ -46.04691, -23.83203 ], [ -46.05153, -23.8292 ], [ -46.04439, -23.82518 ], [ -46.04662, -23.82014 ], [ -46.05369, -23.81495 ], [ -46.06259, -23.81373 ], [ -46.09202, -23.82283 ], [ -46.12365, -23.83881 ], [ -46.13329, -23.85033 ], [ -46.13245, -23.85652 ], [ -46.12548, -23.85696 ], [ -46.12453, -23.86027 ], [ -46.13127, -23.86245 ], [ -46.13684, -23.86827 ], [ -46.13996, -23.8752 ], [ -46.13763, -23.87706 ], [ -46.1412, -23.88035 ], [ -46.13776, -23.88497 ], [ -46.13857, -23.89024 ], [ -46.14937, -23.89412 ], [ -46.15295, -23.89922 ], [ -46.15125, -23.90573 ], [ -46.1461, -23.90549 ], [ -46.1559, -23.90926 ], [ -46.15669, -23.90697 ], [ -46.16277, -23.90724 ], [ -46.17987, -23.92457 ], [ -46.18088, -23.93427 ], [ -46.17867, -23.9389 ], [ -46.17341, -23.94141 ], [ -46.16863, -23.93739 ], [ -46.1658, -23.94387 ], [ -46.16032, -23.94519 ], [ -46.16715, -23.94651 ], [ -46.17234, -23.95703 ], [ -46.18429, -23.96362 ], [ -46.18734, -23.97728 ], [ -46.18489, -23.97835 ], [ -46.18682, -23.98254 ], [ -46.18432, -23.98259 ], [ -46.18648, -23.9868 ], [ -46.18214, -23.99052 ], [ -46.19158, -23.98994 ], [ -46.20031, -23.99492 ], [ -46.1999, -23.99766 ], [ -46.2028, -24.00035 ], [ -46.20767, -23.99886 ], [ -46.20258, -23.99391 ], [ -46.20304, -23.99124 ], [ -46.21125, -23.98604 ], [ -46.21829, -23.98565 ], [ -46.24605, -23.99228 ], [ -46.24797, -23.99544 ], [ -46.26025, -24.00032 ], [ -46.26685, -24.00633 ], [ -46.26758, -24.00959 ], [ -46.26283, -24.01405 ], [ -46.26879, -24.01278 ], [ -46.27502, -24.01635 ], [ -46.28001, -24.02625 ], [ -46.27771, -24.03489 ], [ -46.28148, -24.03789 ], [ -46.28272, -24.04321 ], [ -46.28915, -24.04505 ], [ -46.28747, -24.04217 ], [ -46.28959, -24.03983 ], [ -46.28666, -24.03816 ], [ -46.28884, -24.03663 ], [ -46.28458, -24.03234 ], [ -46.28389, -24.02587 ], [ -46.28949, -24.02545 ], [ -46.29224, -24.02257 ], [ -46.29107, -24.01955 ], [ -46.29523, -24.01632 ], [ -46.29874, -24.016 ], [ -46.30462, -24.01976 ], [ -46.31114, -24.02851 ], [ -46.31176, -24.02161 ], [ -46.31389, -24.01992 ], [ -46.31792, -24.02424 ], [ -46.32421, -24.02246 ], [ -46.32316, -24.00858 ], [ -46.32029, -24.00289 ], [ -46.32188, -23.99997 ], [ -46.31949, -23.99732 ], [ -46.31402, -23.99845 ], [ -46.30974, -23.99409 ], [ -46.31082, -23.98555 ], [ -46.31581, -23.97983 ], [ -46.32557, -23.97387 ], [ -46.3389, -23.97051 ], [ -46.36606, -23.97147 ], [ -46.37059, -23.97566 ], [ -46.36773, -23.98113 ], [ -46.37504, -23.98681 ], [ -46.37863, -23.99355 ], [ -46.38793, -23.9946 ], [ -46.39174, -23.99829 ], [ -46.38882, -24.00524 ], [ -46.39207, -24.00776 ], [ -46.39108, -24.01285 ], [ -46.38339, -24.01768 ], [ -46.39009, -24.01715 ], [ -46.39026, -24.02383 ], [ -46.39921, -24.03368 ], [ -46.40169, -24.03204 ], [ -46.39903, -24.02661 ], [ -46.3992, -24.01869 ], [ -46.41473, -24.01507 ], [ -46.4364, -24.01838 ], [ -46.49085, -24.03678 ], [ -46.56861, -24.07183 ], [ -46.66903, -24.12117 ], [ -46.78929, -24.18744 ], [ -46.79486, -24.194 ], [ -46.8012, -24.19533 ], [ -46.80539, -24.20029 ], [ -46.81649, -24.20137 ], [ -46.84569, -24.2177 ], [ -46.93834, -24.27799 ], [ -47.00056, -24.3289 ], [ -47.00359, -24.33621 ], [ -47.00062, -24.34066 ], [ -47.00253, -24.34488 ], [ -46.99943, -24.35055 ], [ -46.9964, -24.35111 ], [ -46.99891, -24.3515 ], [ -47.0059, -24.36508 ], [ -47.01791, -24.37443 ], [ -47.01702, -24.38624 ], [ -47.0085, -24.38795 ], [ -47.01132, -24.38978 ], [ -47.00993, -24.39521 ], [ -47.00122, -24.39771 ], [ -47.00635, -24.40102 ], [ -47.00364, -24.40839 ], [ -47.00943, -24.40937 ], [ -47.00817, -24.4134 ], [ -47.01504, -24.41109 ], [ -47.02215, -24.41609 ], [ -47.02042, -24.41974 ], [ -47.0256, -24.42441 ], [ -47.0376, -24.42576 ], [ -47.04828, -24.42963 ], [ -47.04848, -24.43187 ], [ -47.05489, -24.43196 ], [ -47.0577, -24.43547 ], [ -47.07982, -24.44541 ], [ -47.08616, -24.45196 ], [ -47.13896, -24.48726 ], [ -47.18667, -24.52485 ], [ -47.1877, -24.53401 ], [ -47.20247, -24.53939 ], [ -47.22714, -24.55796 ], [ -47.22467, -24.56603 ], [ -47.22784, -24.57077 ], [ -47.23678, -24.57106 ], [ -47.25234, -24.57661 ], [ -47.36025, -24.64141 ], [ -47.3936, -24.6591 ], [ -47.4015, -24.66761 ], [ -47.42185, -24.67903 ], [ -47.43439, -24.68933 ] ] ] } },
{ "type": "Feature", "properties": { "regional_cgr": "CGR 06" }, "geometry": { "type": "MultiPolygon", "coordinates": [ [ [ [ -45.52539, -23.85602 ], [ -45.52645, -23.84987 ], [ -45.5237, -23.84601 ], [ -45.52128, -23.84646 ], [ -45.5223, -23.85429 ], [ -45.52539, -23.85602 ] ] ], [ [ [ -45.32592, -23.72227 ], [ -45.31798, -23.72288 ], [ -45.30776, -23.73109 ], [ -45.29992, -23.73105 ], [ -45.29687, -23.73392 ], [ -45.29306, -23.73284 ], [ -45.29085, -23.73684 ], [ -45.28353, -23.73446 ], [ -45.27558, -23.73503 ], [ -45.27329, -23.73881 ], [ -45.26726, -23.74021 ], [ -45.26598, -23.74372 ], [ -45.26199, -23.74223 ], [ -45.26135, -23.74541 ], [ -45.25539, -23.75009 ], [ -45.25937, -23.75777 ], [ -45.25711, -23.76241 ], [ -45.24815, -23.76385 ], [ -45.24512, -23.76168 ], [ -45.23533, -23.77159 ], [ -45.23397, -23.77687 ], [ -45.22955, -23.77679 ], [ -45.2346, -23.78284 ], [ -45.2323, -23.78612 ], [ -45.23716, -23.79557 ], [ -45.23526, -23.79734 ], [ -45.23659, -23.80254 ], [ -45.24243, -23.80892 ], [ -45.24127, -23.81254 ], [ -45.23737, -23.81124 ], [ -45.23899, -23.81925 ], [ -45.24872, -23.82529 ], [ -45.2443, -23.82807 ], [ -45.24468, -23.83233 ], [ -45.23843, -23.83182 ], [ -45.24437, -23.83706 ], [ -45.24193, -23.83916 ], [ -45.23365, -23.83625 ], [ -45.22742, -23.8382 ], [ -45.23692, -23.84379 ], [ -45.24528, -23.83872 ], [ -45.25576, -23.83694 ], [ -45.27202, -23.83858 ], [ -45.2805, -23.84439 ], [ -45.28199, -23.85037 ], [ -45.28443, -23.84927 ], [ -45.28625, -23.85126 ], [ -45.28816, -23.85886 ], [ -45.28552, -23.86347 ], [ -45.29057, -23.86638 ], [ -45.2887, -23.87321 ], [ -45.27286, -23.8732 ], [ -45.26999, -23.87498 ], [ -45.26947, -23.87994 ], [ -45.27273, -23.87986 ], [ -45.27788, -23.88408 ], [ -45.27468, -23.88579 ], [ -45.27328, -23.89194 ], [ -45.26215, -23.89208 ], [ -45.24872, -23.90243 ], [ -45.24499, -23.89993 ], [ -45.24615, -23.89487 ], [ -45.24197, -23.89206 ], [ -45.23534, -23.90003 ], [ -45.2299, -23.8978 ], [ -45.22429, -23.90288 ], [ -45.22807, -23.90741 ], [ -45.23588, -23.90585 ], [ -45.23871, -23.91086 ], [ -45.23616, -23.91842 ], [ -45.23836, -23.92408 ], [ -45.23276, -23.92946 ], [ -45.23721, -23.93385 ], [ -45.23509, -23.93605 ], [ -45.23638, -23.94202 ], [ -45.22731, -23.94165 ], [ -45.23541, -23.94876 ], [ -45.23873, -23.9591 ], [ -45.25185, -23.9663 ], [ -45.26824, -23.9638 ], [ -45.26867, -23.96076 ], [ -45.27923, -23.95217 ], [ -45.28116, -23.94596 ], [ -45.28688, -23.93997 ], [ -45.2821, -23.93533 ], [ -45.2802, -23.92749 ], [ -45.28494, -23.91995 ], [ -45.28838, -23.91858 ], [ -45.29153, -23.91009 ], [ -45.30061, -23.91538 ], [ -45.3027, -23.91514 ], [ -45.30379, -23.90777 ], [ -45.30926, -23.91237 ], [ -45.32038, -23.91608 ], [ -45.3257, -23.91204 ], [ -45.33861, -23.92041 ], [ -45.34011, -23.92504 ], [ -45.34471, -23.92337 ], [ -45.34375, -23.91964 ], [ -45.34801, -23.91697 ], [ -45.35676, -23.92749 ], [ -45.36385, -23.93038 ], [ -45.3805, -23.93015 ], [ -45.39982, -23.93317 ], [ -45.40728, -23.93875 ], [ -45.42243, -23.93849 ], [ -45.42788, -23.94147 ], [ -45.428, -23.93933 ], [ -45.43213, -23.9396 ], [ -45.43495, -23.93649 ], [ -45.44451, -23.93404 ], [ -45.44746, -23.92792 ], [ -45.45067, -23.92668 ], [ -45.45143, -23.92241 ], [ -45.45609, -23.92029 ], [ -45.45608, -23.91763 ], [ -45.46052, -23.91419 ], [ -45.45888, -23.9054 ], [ -45.46205, -23.88788 ], [ -45.45745, -23.88413 ], [ -45.45185, -23.88431 ], [ -45.44105, -23.87126 ], [ -45.43445, -23.86942 ], [ -45.43023, -23.85987 ], [ -45.41722, -23.85875 ], [ -45.41338, -23.84759 ], [ -45.40304, -23.84236 ], [ -45.37834, -23.81958 ], [ -45.37301, -23.81895 ], [ -45.36609, -23.80997 ], [ -45.36312, -23.7867 ], [ -45.35847, -23.78493 ], [ -45.35866, -23.7763 ], [ -45.35294, -23.77312 ], [ -45.35228, -23.76782 ], [ -45.34923, -23.765 ], [ -45.35134, -23.758 ], [ -45.34812, -23.7479 ], [ -45.34916, -23.7418 ], [ -45.34316, -23.73584 ], [ -45.3412, -23.72723 ], [ -45.33299, -23.72192 ], [ -45.32592, -23.72227 ] ] ], [ [ [ -45.67122, -23.80737 ], [ -45.67106, -23.80527 ], [ -45.66745, -23.80367 ], [ -45.6675, -23.80505 ], [ -45.67122, -23.80737 ] ] ], [ [ [ -45.71634, -23.80199 ], [ -45.71456, -23.80379 ], [ -45.71601, -23.80642 ], [ -45.72612, -23.80231 ], [ -45.71939, -23.79853 ], [ -45.71634, -23.80199 ] ] ], [ [ [ -45.71089, -23.78809 ], [ -45.70911, -23.78945 ], [ -45.71413, -23.79395 ], [ -45.71757, -23.79377 ], [ -45.71089, -23.78809 ] ] ], [ [ [ -45.70539, -23.78961 ], [ -45.70794, -23.78917 ], [ -45.70481, -23.78693 ], [ -45.70403, -23.78888 ], [ -45.70539, -23.78961 ] ] ], [ [ [ -45.21709, -23.55086 ], [ -45.21924, -23.55065 ], [ -45.21583, -23.54861 ], [ -45.21529, -23.54951 ], [ -45.21709, -23.55086 ] ] ], [ [ [ -45.50415, -23.84171 ], [ -45.51474, -23.84162 ], [ -45.51089, -23.83611 ], [ -45.51286, -23.83171 ], [ -45.5202, -23.83114 ], [ -45.52255, -23.83331 ], [ -45.52333, -23.82921 ], [ -45.53678, -23.83087 ], [ -45.53991, -23.82884 ], [ -45.53331, -23.82334 ], [ -45.53411, -23.81884 ], [ -45.54416, -23.80912 ], [ -45.55466, -23.80983 ], [ -45.55253, -23.80279 ], [ -45.55645, -23.8008 ], [ -45.55426, -23.79675 ], [ -45.55551, -23.79447 ], [ -45.55943, -23.79275 ], [ -45.58406, -23.79227 ], [ -45.59645, -23.79833 ], [ -45.61381, -23.799 ], [ -45.61662, -23.80018 ], [ -45.61748, -23.80383 ], [ -45.6228, -23.80473 ], [ -45.62631, -23.79993 ], [ -45.62413, -23.79588 ], [ -45.62453, -23.79148 ], [ -45.62721, -23.79044 ], [ -45.62535, -23.78699 ], [ -45.63288, -23.78356 ], [ -45.64187, -23.78465 ], [ -45.64122, -23.77912 ], [ -45.64337, -23.77777 ], [ -45.64726, -23.77999 ], [ -45.65717, -23.77943 ], [ -45.66597, -23.78595 ], [ -45.66422, -23.77933 ], [ -45.67314, -23.77502 ], [ -45.68366, -23.77611 ], [ -45.69374, -23.78294 ], [ -45.69644, -23.78091 ], [ -45.69506, -23.775 ], [ -45.69892, -23.77324 ], [ -45.70319, -23.7746 ], [ -45.70921, -23.77097 ], [ -45.71749, -23.77481 ], [ -45.73243, -23.76873 ], [ -45.74992, -23.76793 ], [ -45.75697, -23.77067 ], [ -45.76231, -23.76765 ], [ -45.76191, -23.76406 ], [ -45.76776, -23.7628 ], [ -45.80359, -23.76998 ], [ -45.80182, -23.76293 ], [ -45.80601, -23.75967 ], [ -45.82026, -23.75716 ], [ -45.8422, -23.75795 ], [ -45.7949, -23.71566 ], [ -45.79962, -23.69317 ], [ -45.79608, -23.68294 ], [ -45.79141, -23.6831 ], [ -45.78644, -23.67837 ], [ -45.78447, -23.68158 ], [ -45.77768, -23.68303 ], [ -45.76929, -23.67854 ], [ -45.76353, -23.67071 ], [ -45.75318, -23.67128 ], [ -45.74155, -23.66826 ], [ -45.73362, -23.65608 ], [ -45.72863, -23.65597 ], [ -45.71413, -23.64283 ], [ -45.7108, -23.64185 ], [ -45.71041, -23.64484 ], [ -45.70793, -23.64494 ], [ -45.70129, -23.63439 ], [ -45.69478, -23.63024 ], [ -45.69773, -23.62442 ], [ -45.69601, -23.62133 ], [ -45.70158, -23.61456 ], [ -45.70211, -23.6053 ], [ -45.70525, -23.60164 ], [ -45.71568, -23.60834 ], [ -45.72215, -23.60543 ], [ -45.72093, -23.59944 ], [ -45.72443, -23.5973 ], [ -45.73269, -23.60261 ], [ -45.74328, -23.6021 ], [ -45.73929, -23.59591 ], [ -45.73384, -23.59282 ], [ -45.73394, -23.58614 ], [ -45.74025, -23.58494 ], [ -45.73644, -23.57789 ], [ -45.73174, -23.57719 ], [ -45.73122, -23.57314 ], [ -45.73537, -23.5711 ], [ -45.74043, -23.57222 ], [ -45.74596, -23.56541 ], [ -45.74026, -23.56075 ], [ -45.74694, -23.55442 ], [ -45.74629, -23.53856 ], [ -45.75401, -23.53186 ], [ -45.75431, -23.52595 ], [ -45.76055, -23.52388 ], [ -45.75966, -23.52056 ], [ -45.76197, -23.5182 ], [ -45.75932, -23.51176 ], [ -45.77026, -23.50634 ], [ -45.77826, -23.50925 ], [ -45.78843, -23.50904 ], [ -45.79113, -23.50621 ], [ -45.78864, -23.50183 ], [ -45.78963, -23.49649 ], [ -45.78735, -23.49541 ], [ -45.78859, -23.49254 ], [ -45.79694, -23.49081 ], [ -45.79981, -23.49435 ], [ -45.80441, -23.49397 ], [ -45.81277, -23.49849 ], [ -45.81841, -23.48908 ], [ -45.83348, -23.48388 ], [ -45.83741, -23.47851 ], [ -45.83614, -23.47488 ], [ -45.83976, -23.4717 ], [ -45.84612, -23.47331 ], [ -45.84956, -23.47931 ], [ -45.86509, -23.48272 ], [ -45.87172, -23.4897 ], [ -45.8764, -23.48936 ], [ -45.88264, -23.49495 ], [ -45.88728, -23.49207 ], [ -45.89044, -23.49623 ], [ -45.89913, -23.49843 ], [ -45.90209, -23.50372 ], [ -45.91095, -23.50571 ], [ -45.91683, -23.50494 ], [ -45.92177, -23.5 ], [ -45.93871, -23.49413 ], [ -45.94555, -23.49559 ], [ -45.94907, -23.49962 ], [ -45.96073, -23.49826 ], [ -45.95595, -23.49312 ], [ -45.9569, -23.4877 ], [ -45.96311, -23.47854 ], [ -45.96845, -23.47572 ], [ -45.9632, -23.47319 ], [ -45.96038, -23.46865 ], [ -45.9563, -23.4682 ], [ -45.95752, -23.46462 ], [ -45.95349, -23.46035 ], [ -45.95166, -23.45106 ], [ -45.95954, -23.44202 ], [ -45.96641, -23.42742 ], [ -45.97635, -23.42819 ], [ -45.97958, -23.41803 ], [ -45.98362, -23.42011 ], [ -45.9906, -23.41728 ], [ -45.99729, -23.40111 ], [ -45.99828, -23.39093 ], [ -46.00216, -23.38496 ], [ -46.01037, -23.38406 ], [ -46.0109, -23.38717 ], [ -46.018, -23.39232 ], [ -46.01852, -23.3883 ], [ -46.03075, -23.39043 ], [ -46.03438, -23.38729 ], [ -46.03791, -23.38757 ], [ -46.06051, -23.35781 ], [ -46.06342, -23.35883 ], [ -46.06776, -23.35497 ], [ -46.0679, -23.3488 ], [ -46.07369, -23.34214 ], [ -46.08169, -23.34192 ], [ -46.08497, -23.33677 ], [ -46.09902, -23.32598 ], [ -46.09867, -23.30921 ], [ -46.1015, -23.30857 ], [ -46.10272, -23.30297 ], [ -46.11384, -23.29931 ], [ -46.11383, -23.28566 ], [ -46.11938, -23.28545 ], [ -46.12342, -23.29019 ], [ -46.12734, -23.28716 ], [ -46.13693, -23.2874 ], [ -46.1391, -23.28046 ], [ -46.14524, -23.27364 ], [ -46.15098, -23.27432 ], [ -46.15361, -23.26604 ], [ -46.14481, -23.25602 ], [ -46.13648, -23.25567 ], [ -46.12906, -23.25043 ], [ -46.1285, -23.24343 ], [ -46.11825, -23.23623 ], [ -46.11706, -23.2302 ], [ -46.11272, -23.22702 ], [ -46.10428, -23.22558 ], [ -46.10465, -23.22054 ], [ -46.09583, -23.2178 ], [ -46.09079, -23.20739 ], [ -46.0792, -23.2048 ], [ -46.081, -23.19744 ], [ -46.07629, -23.19334 ], [ -46.0798, -23.18602 ], [ -46.07483, -23.18085 ], [ -46.07367, -23.17476 ], [ -46.07819, -23.16925 ], [ -46.08687, -23.17283 ], [ -46.09284, -23.17157 ], [ -46.10262, -23.15729 ], [ -46.09143, -23.14283 ], [ -46.09759, -23.1371 ], [ -46.09589, -23.13246 ], [ -46.10109, -23.12554 ], [ -46.09833, -23.12155 ], [ -46.0932, -23.12074 ], [ -46.10393, -23.11724 ], [ -46.09981, -23.10943 ], [ -46.10307, -23.10792 ], [ -46.1013, -23.10384 ], [ -46.10766, -23.09777 ], [ -46.10785, -23.09486 ], [ -46.10447, -23.09046 ], [ -46.10488, -23.08443 ], [ -46.09419, -23.0843 ], [ -46.09075, -23.07886 ], [ -46.0897, -23.06796 ], [ -46.09171, -23.06621 ], [ -46.08883, -23.06353 ], [ -46.08595, -23.05261 ], [ -46.08168, -23.05111 ], [ -46.08244, -23.04608 ], [ -46.07834, -23.04304 ], [ -46.07891, -23.03989 ], [ -46.07626, -23.03722 ], [ -46.08257, -23.03381 ], [ -46.08078, -23.02561 ], [ -46.0779, -23.01905 ], [ -46.07096, -23.01442 ], [ -46.07131, -23.00663 ], [ -46.06552, -22.99811 ], [ -46.06674, -22.99408 ], [ -46.07035, -22.99352 ], [ -46.07057, -22.98899 ], [ -46.08261, -22.98546 ], [ -46.07765, -22.9772 ], [ -46.06724, -22.98017 ], [ -46.06404, -22.97486 ], [ -46.05705, -22.97303 ], [ -46.05074, -22.9662 ], [ -46.05161, -22.95914 ], [ -46.04912, -22.95489 ], [ -46.05326, -22.94995 ], [ -46.04866, -22.93277 ], [ -46.04258, -22.92636 ], [ -46.04103, -22.91542 ], [ -46.04433, -22.90531 ], [ -46.0507, -22.9023 ], [ -46.0507, -22.89695 ], [ -46.04202, -22.89062 ], [ -46.02715, -22.88484 ], [ -46.01876, -22.88843 ], [ -46.01282, -22.88596 ], [ -46.00776, -22.88936 ], [ -46.00148, -22.88001 ], [ -45.99384, -22.87908 ], [ -45.99041, -22.87599 ], [ -45.99312, -22.86978 ], [ -45.98043, -22.86693 ], [ -45.97477, -22.86807 ], [ -45.97349, -22.86309 ], [ -45.96422, -22.85539 ], [ -45.96036, -22.85821 ], [ -45.95655, -22.84981 ], [ -45.95169, -22.84892 ], [ -45.95117, -22.84585 ], [ -45.93884, -22.84644 ], [ -45.92394, -22.83195 ], [ -45.92322, -22.82497 ], [ -45.91233, -22.81635 ], [ -45.90465, -22.81963 ], [ -45.90478, -22.82356 ], [ -45.90908, -22.82927 ], [ -45.9039, -22.83692 ], [ -45.8937, -22.83893 ], [ -45.89431, -22.84195 ], [ -45.89118, -22.84575 ], [ -45.89424, -22.8489 ], [ -45.89237, -22.85261 ], [ -45.89435, -22.85692 ], [ -45.88941, -22.86061 ], [ -45.88855, -22.87598 ], [ -45.87979, -22.87543 ], [ -45.87116, -22.87165 ], [ -45.8703, -22.86921 ], [ -45.86416, -22.86938 ], [ -45.85761, -22.86064 ], [ -45.85701, -22.8502 ], [ -45.84975, -22.84794 ], [ -45.85091, -22.84298 ], [ -45.84817, -22.83803 ], [ -45.83898, -22.83216 ], [ -45.83044, -22.83547 ], [ -45.82571, -22.83357 ], [ -45.82371, -22.82973 ], [ -45.81587, -22.83427 ], [ -45.80813, -22.82975 ], [ -45.80235, -22.83389 ], [ -45.80104, -22.84711 ], [ -45.79216, -22.8556 ], [ -45.79203, -22.85869 ], [ -45.77993, -22.85548 ], [ -45.7791, -22.85042 ], [ -45.771, -22.84805 ], [ -45.76697, -22.84302 ], [ -45.76903, -22.8315 ], [ -45.79225, -22.8191 ], [ -45.78075, -22.81354 ], [ -45.76846, -22.80318 ], [ -45.75838, -22.80104 ], [ -45.75507, -22.79332 ], [ -45.74876, -22.79235 ], [ -45.74299, -22.79521 ], [ -45.74173, -22.80836 ], [ -45.72923, -22.80999 ], [ -45.72421, -22.81655 ], [ -45.71747, -22.81692 ], [ -45.71307, -22.81444 ], [ -45.71422, -22.80878 ], [ -45.72103, -22.80823 ], [ -45.72138, -22.80338 ], [ -45.72575, -22.80026 ], [ -45.7296, -22.80062 ], [ -45.7366, -22.78831 ], [ -45.72397, -22.78467 ], [ -45.72433, -22.78066 ], [ -45.71737, -22.78058 ], [ -45.71524, -22.77502 ], [ -45.7109, -22.77279 ], [ -45.71385, -22.76267 ], [ -45.71216, -22.75821 ], [ -45.71687, -22.75566 ], [ -45.71542, -22.7518 ], [ -45.7277, -22.72873 ], [ -45.72782, -22.72372 ], [ -45.73555, -22.72153 ], [ -45.74692, -22.72322 ], [ -45.75825, -22.72129 ], [ -45.7754, -22.73237 ], [ -45.78239, -22.73205 ], [ -45.79713, -22.73933 ], [ -45.80567, -22.73746 ], [ -45.81588, -22.72973 ], [ -45.82002, -22.72292 ], [ -45.81734, -22.70974 ], [ -45.81095, -22.69811 ], [ -45.79157, -22.69245 ], [ -45.78662, -22.69317 ], [ -45.78023, -22.68398 ], [ -45.7609, -22.67763 ], [ -45.75519, -22.67024 ], [ -45.75029, -22.67185 ], [ -45.73991, -22.66939 ], [ -45.72698, -22.66028 ], [ -45.71582, -22.66256 ], [ -45.70336, -22.65508 ], [ -45.69283, -22.65183 ], [ -45.69807, -22.65061 ], [ -45.69778, -22.64471 ], [ -45.70069, -22.64207 ], [ -45.70918, -22.63981 ], [ -45.7113, -22.63362 ], [ -45.71742, -22.6274 ], [ -45.71579, -22.62423 ], [ -45.71752, -22.62068 ], [ -45.72842, -22.62074 ], [ -45.73064, -22.61258 ], [ -45.73861, -22.60828 ], [ -45.73504, -22.60494 ], [ -45.73432, -22.59729 ], [ -45.72733, -22.59473 ], [ -45.72931, -22.59163 ], [ -45.72685, -22.58781 ], [ -45.72056, -22.58584 ], [ -45.71637, -22.5813 ], [ -45.71915, -22.57867 ], [ -45.70696, -22.58047 ], [ -45.70089, -22.58581 ], [ -45.69463, -22.58619 ], [ -45.67941, -22.57339 ], [ -45.67328, -22.57781 ], [ -45.66107, -22.57761 ], [ -45.65994, -22.58111 ], [ -45.66312, -22.58772 ], [ -45.65944, -22.59863 ], [ -45.66521, -22.60045 ], [ -45.66823, -22.60934 ], [ -45.666, -22.61361 ], [ -45.6752, -22.62585 ], [ -45.67339, -22.63042 ], [ -45.67892, -22.6327 ], [ -45.68511, -22.63971 ], [ -45.67333, -22.64183 ], [ -45.67161, -22.64843 ], [ -45.6668, -22.65152 ], [ -45.65911, -22.64833 ], [ -45.64728, -22.64852 ], [ -45.64394, -22.64618 ], [ -45.63141, -22.64504 ], [ -45.62633, -22.63958 ], [ -45.61806, -22.638 ], [ -45.60566, -22.6207 ], [ -45.59079, -22.61937 ], [ -45.58482, -22.61597 ], [ -45.58757, -22.61033 ], [ -45.57119, -22.59832 ], [ -45.56388, -22.59987 ], [ -45.56497, -22.61149 ], [ -45.5552, -22.62606 ], [ -45.56075, -22.62797 ], [ -45.57188, -22.63995 ], [ -45.57697, -22.63975 ], [ -45.58212, -22.64466 ], [ -45.58445, -22.65173 ], [ -45.57371, -22.65736 ], [ -45.55879, -22.65337 ], [ -45.55384, -22.65462 ], [ -45.5442, -22.65082 ], [ -45.53998, -22.65257 ], [ -45.53322, -22.64717 ], [ -45.52489, -22.64677 ], [ -45.51612, -22.64114 ], [ -45.49966, -22.62533 ], [ -45.49615, -22.62471 ], [ -45.48828, -22.62958 ], [ -45.47463, -22.59936 ], [ -45.4785, -22.59088 ], [ -45.4813, -22.59148 ], [ -45.47302, -22.58889 ], [ -45.4517, -22.60712 ], [ -45.44678, -22.60504 ], [ -45.44553, -22.61007 ], [ -45.43697, -22.61216 ], [ -45.43542, -22.61997 ], [ -45.41266, -22.62279 ], [ -45.41363, -22.62897 ], [ -45.409, -22.63418 ], [ -45.41183, -22.64153 ], [ -45.40822, -22.64476 ], [ -45.41115, -22.64816 ], [ -45.41056, -22.65241 ], [ -45.39926, -22.65388 ], [ -45.38397, -22.64745 ], [ -45.3822, -22.64338 ], [ -45.37021, -22.63715 ], [ -45.36201, -22.63897 ], [ -45.34863, -22.62623 ], [ -45.33595, -22.62269 ], [ -45.33342, -22.61805 ], [ -45.32778, -22.61617 ], [ -45.3246, -22.61714 ], [ -45.31593, -22.6138 ], [ -45.30391, -22.61616 ], [ -45.29224, -22.61341 ], [ -45.27534, -22.61792 ], [ -45.27135, -22.61099 ], [ -45.26721, -22.61151 ], [ -45.26109, -22.6072 ], [ -45.26368, -22.60481 ], [ -45.25631, -22.5906 ], [ -45.2612, -22.58269 ], [ -45.25362, -22.58169 ], [ -45.23145, -22.57008 ], [ -45.22855, -22.57045 ], [ -45.22425, -22.56425 ], [ -45.21395, -22.5642 ], [ -45.20363, -22.55742 ], [ -45.19163, -22.55644 ], [ -45.18943, -22.55192 ], [ -45.17683, -22.54987 ], [ -45.17453, -22.54448 ], [ -45.16436, -22.53863 ], [ -45.16753, -22.53113 ], [ -45.16229, -22.52473 ], [ -45.16103, -22.51834 ], [ -45.15098, -22.5125 ], [ -45.15115, -22.50785 ], [ -45.14468, -22.50794 ], [ -45.13975, -22.50171 ], [ -45.13576, -22.50217 ], [ -45.12965, -22.49717 ], [ -45.12179, -22.49696 ], [ -45.1163, -22.4934 ], [ -45.10473, -22.49111 ], [ -45.09674, -22.48451 ], [ -45.09007, -22.48262 ], [ -45.08284, -22.48623 ], [ -45.05828, -22.47099 ], [ -45.04107, -22.46951 ], [ -45.03048, -22.46318 ], [ -45.02494, -22.46427 ], [ -45.02657, -22.46944 ], [ -45.01104, -22.46593 ], [ -44.99722, -22.46868 ], [ -44.99126, -22.46589 ], [ -44.989, -22.46899 ], [ -44.97995, -22.46837 ], [ -44.96565, -22.47476 ], [ -44.95981, -22.46609 ], [ -44.95112, -22.4626 ], [ -44.93985, -22.45225 ], [ -44.93598, -22.45351 ], [ -44.93117, -22.45126 ], [ -44.91693, -22.45515 ], [ -44.90992, -22.45209 ], [ -44.90362, -22.45416 ], [ -44.89769, -22.45293 ], [ -44.88902, -22.43499 ], [ -44.8897, -22.43216 ], [ -44.88271, -22.42887 ], [ -44.87491, -22.42854 ], [ -44.87064, -22.42352 ], [ -44.85931, -22.42267 ], [ -44.85453, -22.42778 ], [ -44.84841, -22.42624 ], [ -44.83234, -22.43098 ], [ -44.82871, -22.42301 ], [ -44.82377, -22.41911 ], [ -44.8072, -22.41469 ], [ -44.80718, -22.40887 ], [ -44.80943, -22.40656 ], [ -44.80814, -22.40425 ], [ -44.80341, -22.40378 ], [ -44.79445, -22.40855 ], [ -44.77892, -22.40851 ], [ -44.76992, -22.41526 ], [ -44.75482, -22.41511 ], [ -44.73316, -22.4334 ], [ -44.72817, -22.44873 ], [ -44.72362, -22.45142 ], [ -44.72258, -22.46236 ], [ -44.71915, -22.46354 ], [ -44.7175, -22.46771 ], [ -44.71789, -22.47086 ], [ -44.72071, -22.47051 ], [ -44.72238, -22.47337 ], [ -44.72412, -22.48345 ], [ -44.72125, -22.48545 ], [ -44.71999, -22.49236 ], [ -44.71228, -22.49326 ], [ -44.71091, -22.49648 ], [ -44.7102, -22.50095 ], [ -44.71423, -22.505 ], [ -44.71261, -22.50918 ], [ -44.71701, -22.5103 ], [ -44.71567, -22.51421 ], [ -44.69909, -22.51155 ], [ -44.69775, -22.51807 ], [ -44.68944, -22.51934 ], [ -44.68674, -22.52356 ], [ -44.68077, -22.52508 ], [ -44.67826, -22.53178 ], [ -44.67032, -22.53681 ], [ -44.6702, -22.53978 ], [ -44.67737, -22.54628 ], [ -44.67807, -22.56086 ], [ -44.67531, -22.56108 ], [ -44.66233, -22.55095 ], [ -44.65943, -22.55427 ], [ -44.65556, -22.55353 ], [ -44.65091, -22.55683 ], [ -44.64814, -22.55204 ], [ -44.64206, -22.55883 ], [ -44.64236, -22.5775 ], [ -44.64781, -22.58432 ], [ -44.64685, -22.59043 ], [ -44.64429, -22.59256 ], [ -44.64406, -22.59988 ], [ -44.64683, -22.60391 ], [ -44.64226, -22.60796 ], [ -44.63219, -22.60923 ], [ -44.62275, -22.60552 ], [ -44.61066, -22.61729 ], [ -44.60452, -22.61396 ], [ -44.6033, -22.60732 ], [ -44.59729, -22.60991 ], [ -44.59217, -22.62279 ], [ -44.58617, -22.62133 ], [ -44.5842, -22.62607 ], [ -44.57986, -22.61636 ], [ -44.58059, -22.61266 ], [ -44.57441, -22.60198 ], [ -44.57165, -22.60104 ], [ -44.57158, -22.60506 ], [ -44.564, -22.61174 ], [ -44.55459, -22.60966 ], [ -44.55276, -22.60517 ], [ -44.54998, -22.60531 ], [ -44.53781, -22.61786 ], [ -44.53466, -22.61538 ], [ -44.52678, -22.61934 ], [ -44.53802, -22.63255 ], [ -44.53056, -22.62995 ], [ -44.51881, -22.63111 ], [ -44.51646, -22.6295 ], [ -44.51661, -22.63387 ], [ -44.5107, -22.64104 ], [ -44.49478, -22.62456 ], [ -44.49539, -22.62247 ], [ -44.49124, -22.62048 ], [ -44.49244, -22.61765 ], [ -44.48508, -22.61085 ], [ -44.48853, -22.60908 ], [ -44.48842, -22.60674 ], [ -44.48438, -22.60382 ], [ -44.47802, -22.61283 ], [ -44.47137, -22.61261 ], [ -44.46388, -22.61622 ], [ -44.45546, -22.60974 ], [ -44.45367, -22.61459 ], [ -44.44415, -22.62194 ], [ -44.44126, -22.61384 ], [ -44.4464, -22.60775 ], [ -44.44227, -22.60376 ], [ -44.43894, -22.60486 ], [ -44.43224, -22.59879 ], [ -44.41726, -22.60107 ], [ -44.40685, -22.60842 ], [ -44.40155, -22.60631 ], [ -44.39817, -22.6029 ], [ -44.40153, -22.60317 ], [ -44.40546, -22.59878 ], [ -44.40509, -22.59168 ], [ -44.40887, -22.58771 ], [ -44.40311, -22.58761 ], [ -44.39969, -22.58171 ], [ -44.39529, -22.58128 ], [ -44.39196, -22.57274 ], [ -44.38229, -22.57343 ], [ -44.37099, -22.58025 ], [ -44.36355, -22.57793 ], [ -44.3601, -22.581 ], [ -44.37026, -22.58941 ], [ -44.3657, -22.59369 ], [ -44.36161, -22.59161 ], [ -44.35999, -22.59298 ], [ -44.3628, -22.60476 ], [ -44.35949, -22.60953 ], [ -44.36161, -22.61204 ], [ -44.35653, -22.61434 ], [ -44.34892, -22.60763 ], [ -44.35019, -22.59542 ], [ -44.34502, -22.59677 ], [ -44.34769, -22.59075 ], [ -44.34422, -22.58794 ], [ -44.34021, -22.59051 ], [ -44.33298, -22.59068 ], [ -44.32562, -22.58812 ], [ -44.31789, -22.59705 ], [ -44.31369, -22.59452 ], [ -44.30443, -22.59886 ], [ -44.29479, -22.59806 ], [ -44.29525, -22.60158 ], [ -44.28559, -22.60998 ], [ -44.28336, -22.60439 ], [ -44.27136, -22.60155 ], [ -44.26893, -22.59902 ], [ -44.26131, -22.60851 ], [ -44.25303, -22.61237 ], [ -44.24856, -22.60653 ], [ -44.24131, -22.60846 ], [ -44.23657, -22.60404 ], [ -44.23577, -22.60785 ], [ -44.23306, -22.60909 ], [ -44.22632, -22.60447 ], [ -44.21957, -22.61717 ], [ -44.21599, -22.61707 ], [ -44.21477, -22.61384 ], [ -44.21038, -22.61522 ], [ -44.20724, -22.61186 ], [ -44.20332, -22.61507 ], [ -44.20406, -22.62037 ], [ -44.20212, -22.62251 ], [ -44.20405, -22.62634 ], [ -44.19824, -22.63038 ], [ -44.19199, -22.62951 ], [ -44.18392, -22.63714 ], [ -44.19061, -22.64745 ], [ -44.17084, -22.6589 ], [ -44.16343, -22.67607 ], [ -44.16832, -22.68346 ], [ -44.16764, -22.68672 ], [ -44.17662, -22.69263 ], [ -44.17391, -22.70065 ], [ -44.17513, -22.70469 ], [ -44.18364, -22.71236 ], [ -44.20364, -22.71654 ], [ -44.20328, -22.72087 ], [ -44.19766, -22.72479 ], [ -44.20262, -22.73401 ], [ -44.21102, -22.73076 ], [ -44.22852, -22.73421 ], [ -44.2346, -22.74504 ], [ -44.24228, -22.74835 ], [ -44.23831, -22.75532 ], [ -44.24476, -22.75477 ], [ -44.25052, -22.75722 ], [ -44.25217, -22.76387 ], [ -44.25927, -22.76929 ], [ -44.25954, -22.77183 ], [ -44.25658, -22.77349 ], [ -44.25726, -22.77876 ], [ -44.25327, -22.78129 ], [ -44.25623, -22.78768 ], [ -44.25167, -22.78765 ], [ -44.2477, -22.79083 ], [ -44.24249, -22.78759 ], [ -44.23969, -22.79109 ], [ -44.24349, -22.80217 ], [ -44.25546, -22.80616 ], [ -44.25976, -22.80437 ], [ -44.26139, -22.80629 ], [ -44.26189, -22.8127 ], [ -44.26961, -22.82721 ], [ -44.26838, -22.82959 ], [ -44.28328, -22.83598 ], [ -44.28619, -22.83194 ], [ -44.28564, -22.82831 ], [ -44.29604, -22.82706 ], [ -44.31785, -22.83975 ], [ -44.31737, -22.84392 ], [ -44.32193, -22.84962 ], [ -44.32408, -22.84907 ], [ -44.32106, -22.84703 ], [ -44.32071, -22.83957 ], [ -44.32622, -22.83761 ], [ -44.33042, -22.84232 ], [ -44.33882, -22.84071 ], [ -44.34174, -22.84532 ], [ -44.37381, -22.85774 ], [ -44.38709, -22.85778 ], [ -44.39173, -22.85227 ], [ -44.40144, -22.85516 ], [ -44.40356, -22.85242 ], [ -44.40259, -22.84815 ], [ -44.40944, -22.84618 ], [ -44.4194, -22.8482 ], [ -44.43339, -22.86083 ], [ -44.43323, -22.86768 ], [ -44.43592, -22.87159 ], [ -44.44334, -22.87593 ], [ -44.45225, -22.87687 ], [ -44.45688, -22.88311 ], [ -44.46587, -22.88688 ], [ -44.47099, -22.87569 ], [ -44.47699, -22.8733 ], [ -44.47544, -22.86821 ], [ -44.48078, -22.86702 ], [ -44.47596, -22.85652 ], [ -44.4821, -22.84711 ], [ -44.48471, -22.84572 ], [ -44.49265, -22.84836 ], [ -44.49505, -22.84644 ], [ -44.50535, -22.85154 ], [ -44.51834, -22.86523 ], [ -44.53453, -22.87048 ], [ -44.54418, -22.87877 ], [ -44.54408, -22.88506 ], [ -44.54764, -22.88695 ], [ -44.55585, -22.88891 ], [ -44.56088, -22.8844 ], [ -44.57013, -22.88396 ], [ -44.57596, -22.87795 ], [ -44.58283, -22.8835 ], [ -44.59236, -22.88396 ], [ -44.60023, -22.88907 ], [ -44.60704, -22.88529 ], [ -44.6214, -22.90003 ], [ -44.62976, -22.9057 ], [ -44.63578, -22.90676 ], [ -44.64019, -22.91226 ], [ -44.63968, -22.91559 ], [ -44.65507, -22.92335 ], [ -44.659, -22.92793 ], [ -44.67162, -22.92206 ], [ -44.67356, -22.91797 ], [ -44.67861, -22.92621 ], [ -44.68723, -22.93252 ], [ -44.68774, -22.93677 ], [ -44.69572, -22.93205 ], [ -44.70355, -22.9361 ], [ -44.70664, -22.9316 ], [ -44.71325, -22.92982 ], [ -44.71673, -22.93493 ], [ -44.72811, -22.94196 ], [ -44.74369, -22.94706 ], [ -44.74509, -22.95189 ], [ -44.74913, -22.95372 ], [ -44.74834, -22.95657 ], [ -44.75208, -22.96285 ], [ -44.74931, -22.96982 ], [ -44.75197, -22.97412 ], [ -44.7566, -22.97576 ], [ -44.75521, -22.9803 ], [ -44.75974, -22.97878 ], [ -44.76514, -22.98323 ], [ -44.78112, -22.97854 ], [ -44.78685, -22.98251 ], [ -44.79192, -22.98193 ], [ -44.7931, -22.99096 ], [ -44.80263, -22.99965 ], [ -44.79988, -23.00606 ], [ -44.79436, -23.00619 ], [ -44.79254, -23.01002 ], [ -44.79884, -23.02071 ], [ -44.79593, -23.02533 ], [ -44.80154, -23.0308 ], [ -44.80321, -23.05057 ], [ -44.80564, -23.04954 ], [ -44.81195, -23.0546 ], [ -44.80752, -23.06292 ], [ -44.81386, -23.06715 ], [ -44.81154, -23.07057 ], [ -44.81213, -23.07957 ], [ -44.81517, -23.08067 ], [ -44.81916, -23.09114 ], [ -44.81255, -23.09133 ], [ -44.81288, -23.09836 ], [ -44.80891, -23.10043 ], [ -44.81601, -23.10827 ], [ -44.81512, -23.11252 ], [ -44.8105, -23.11499 ], [ -44.81446, -23.12035 ], [ -44.81109, -23.12513 ], [ -44.81934, -23.13157 ], [ -44.816, -23.14032 ], [ -44.82191, -23.14092 ], [ -44.82528, -23.14428 ], [ -44.82164, -23.14912 ], [ -44.82277, -23.16025 ], [ -44.83489, -23.16719 ], [ -44.84318, -23.16698 ], [ -44.84784, -23.174 ], [ -44.85575, -23.17228 ], [ -44.85548, -23.17616 ], [ -44.85981, -23.18055 ], [ -44.87241, -23.18226 ], [ -44.87499, -23.18529 ], [ -44.87595, -23.19779 ], [ -44.88338, -23.2038 ], [ -44.88361, -23.21222 ], [ -44.88108, -23.21645 ], [ -44.88933, -23.22413 ], [ -44.88571, -23.23281 ], [ -44.87684, -23.23275 ], [ -44.87855, -23.2416 ], [ -44.87535, -23.24911 ], [ -44.8518, -23.24892 ], [ -44.84239, -23.25607 ], [ -44.83642, -23.25572 ], [ -44.84087, -23.26301 ], [ -44.83042, -23.26879 ], [ -44.82708, -23.28007 ], [ -44.82416, -23.28077 ], [ -44.8276, -23.2876 ], [ -44.82675, -23.29131 ], [ -44.81811, -23.28951 ], [ -44.80709, -23.28253 ], [ -44.80742, -23.28641 ], [ -44.80448, -23.29048 ], [ -44.78676, -23.29884 ], [ -44.78828, -23.30598 ], [ -44.77923, -23.31878 ], [ -44.78185, -23.32627 ], [ -44.77631, -23.33268 ], [ -44.77815, -23.33848 ], [ -44.77099, -23.3389 ], [ -44.76507, -23.34235 ], [ -44.76006, -23.34166 ], [ -44.75687, -23.35113 ], [ -44.75108, -23.35294 ], [ -44.75025, -23.35966 ], [ -44.74326, -23.3584 ], [ -44.73581, -23.3659 ], [ -44.7239, -23.36904 ], [ -44.73491, -23.37025 ], [ -44.7421, -23.36668 ], [ -44.75058, -23.36675 ], [ -44.78465, -23.37882 ], [ -44.78324, -23.3749 ], [ -44.78578, -23.37055 ], [ -44.7888, -23.37242 ], [ -44.79124, -23.36967 ], [ -44.79705, -23.37051 ], [ -44.80058, -23.37239 ], [ -44.80024, -23.37625 ], [ -44.80658, -23.38016 ], [ -44.82666, -23.38462 ], [ -44.82812, -23.38856 ], [ -44.83331, -23.38575 ], [ -44.84147, -23.38913 ], [ -44.84524, -23.38752 ], [ -44.84495, -23.38395 ], [ -44.83954, -23.37932 ], [ -44.84084, -23.37554 ], [ -44.83825, -23.37154 ], [ -44.84557, -23.36453 ], [ -44.85205, -23.36202 ], [ -44.86499, -23.35849 ], [ -44.87106, -23.3592 ], [ -44.87526, -23.36486 ], [ -44.88347, -23.36467 ], [ -44.88571, -23.37046 ], [ -44.89167, -23.3727 ], [ -44.89263, -23.3699 ], [ -44.88821, -23.3652 ], [ -44.8914, -23.35937 ], [ -44.88331, -23.35159 ], [ -44.88384, -23.34584 ], [ -44.88739, -23.34053 ], [ -44.8936, -23.33688 ], [ -44.90834, -23.33377 ], [ -44.91241, -23.33733 ], [ -44.91125, -23.33948 ], [ -44.9149, -23.34496 ], [ -44.92144, -23.35103 ], [ -44.94179, -23.35718 ], [ -44.94839, -23.36436 ], [ -44.94943, -23.37836 ], [ -44.96065, -23.38044 ], [ -44.96303, -23.38654 ], [ -44.97195, -23.39011 ], [ -44.9706, -23.39383 ], [ -44.9769, -23.40031 ], [ -44.98115, -23.40109 ], [ -44.98279, -23.39719 ], [ -44.98983, -23.39931 ], [ -44.99339, -23.39763 ], [ -45.00853, -23.40646 ], [ -45.00941, -23.41293 ], [ -45.0127, -23.41327 ], [ -45.01196, -23.41607 ], [ -45.01495, -23.41896 ], [ -45.0229, -23.41877 ], [ -45.02385, -23.41393 ], [ -45.03225, -23.41398 ], [ -45.04454, -23.42616 ], [ -45.04811, -23.42577 ], [ -45.04547, -23.42105 ], [ -45.05085, -23.41715 ], [ -45.05734, -23.4174 ], [ -45.06246, -23.42124 ], [ -45.06464, -23.42732 ], [ -45.0596, -23.43022 ], [ -45.06868, -23.43288 ], [ -45.06941, -23.4385 ], [ -45.0669, -23.44805 ], [ -45.0599, -23.45688 ], [ -45.05551, -23.45926 ], [ -45.04476, -23.44969 ], [ -45.03791, -23.44816 ], [ -45.03598, -23.44918 ], [ -45.03504, -23.45973 ], [ -45.01844, -23.46113 ], [ -45.03107, -23.46309 ], [ -45.03242, -23.46555 ], [ -45.04485, -23.46153 ], [ -45.05246, -23.46874 ], [ -45.05596, -23.46529 ], [ -45.05858, -23.46868 ], [ -45.06311, -23.46831 ], [ -45.07003, -23.47745 ], [ -45.07431, -23.48814 ], [ -45.07262, -23.49346 ], [ -45.06734, -23.49338 ], [ -45.08036, -23.50908 ], [ -45.08176, -23.52149 ], [ -45.08428, -23.52028 ], [ -45.08619, -23.51326 ], [ -45.08377, -23.49773 ], [ -45.08568, -23.49471 ], [ -45.09834, -23.49267 ], [ -45.10495, -23.49827 ], [ -45.1036, -23.49026 ], [ -45.10696, -23.48898 ], [ -45.11178, -23.49635 ], [ -45.12364, -23.50154 ], [ -45.12289, -23.50519 ], [ -45.1077, -23.50796 ], [ -45.11057, -23.51265 ], [ -45.10681, -23.51462 ], [ -45.10865, -23.51675 ], [ -45.10576, -23.52409 ], [ -45.11293, -23.52653 ], [ -45.11326, -23.51995 ], [ -45.12129, -23.52133 ], [ -45.12193, -23.51638 ], [ -45.12729, -23.51516 ], [ -45.13325, -23.5094 ], [ -45.13832, -23.51187 ], [ -45.13885, -23.50904 ], [ -45.135, -23.50591 ], [ -45.13872, -23.50114 ], [ -45.14598, -23.50178 ], [ -45.14429, -23.49966 ], [ -45.14692, -23.49693 ], [ -45.1544, -23.49967 ], [ -45.15609, -23.49743 ], [ -45.15956, -23.50016 ], [ -45.16307, -23.49891 ], [ -45.16553, -23.49463 ], [ -45.16428, -23.49134 ], [ -45.16178, -23.49117 ], [ -45.16522, -23.48879 ], [ -45.16527, -23.49177 ], [ -45.17227, -23.49382 ], [ -45.17543, -23.49938 ], [ -45.17124, -23.50277 ], [ -45.17334, -23.50452 ], [ -45.17236, -23.51214 ], [ -45.16657, -23.51248 ], [ -45.16642, -23.51556 ], [ -45.16274, -23.51703 ], [ -45.16642, -23.52125 ], [ -45.16604, -23.52936 ], [ -45.16235, -23.53176 ], [ -45.15781, -23.52949 ], [ -45.15975, -23.53339 ], [ -45.15786, -23.5353 ], [ -45.162, -23.54195 ], [ -45.16974, -23.53931 ], [ -45.17454, -23.54294 ], [ -45.17833, -23.53786 ], [ -45.18589, -23.5411 ], [ -45.18654, -23.53653 ], [ -45.19, -23.53333 ], [ -45.18718, -23.52812 ], [ -45.19519, -23.51994 ], [ -45.21144, -23.52414 ], [ -45.2216, -23.53019 ], [ -45.22801, -23.53773 ], [ -45.23054, -23.55013 ], [ -45.22308, -23.55152 ], [ -45.2192, -23.55722 ], [ -45.21468, -23.55605 ], [ -45.21829, -23.55848 ], [ -45.21834, -23.56215 ], [ -45.21494, -23.56527 ], [ -45.20976, -23.56477 ], [ -45.21532, -23.56859 ], [ -45.21028, -23.57087 ], [ -45.20974, -23.57746 ], [ -45.20759, -23.57849 ], [ -45.21085, -23.58288 ], [ -45.21612, -23.58068 ], [ -45.22864, -23.58432 ], [ -45.22908, -23.58171 ], [ -45.23486, -23.58277 ], [ -45.24452, -23.5938 ], [ -45.25012, -23.59252 ], [ -45.2536, -23.59488 ], [ -45.25274, -23.59214 ], [ -45.25729, -23.58987 ], [ -45.26369, -23.5974 ], [ -45.26178, -23.59252 ], [ -45.26411, -23.58935 ], [ -45.26853, -23.58782 ], [ -45.27125, -23.58937 ], [ -45.27273, -23.58676 ], [ -45.27892, -23.58853 ], [ -45.28062, -23.58444 ], [ -45.27784, -23.58284 ], [ -45.27733, -23.57733 ], [ -45.27904, -23.57481 ], [ -45.28538, -23.57271 ], [ -45.2935, -23.57517 ], [ -45.29468, -23.5723 ], [ -45.29805, -23.57185 ], [ -45.30621, -23.57645 ], [ -45.31241, -23.57528 ], [ -45.32759, -23.58402 ], [ -45.344, -23.60106 ], [ -45.35764, -23.62408 ], [ -45.36509, -23.62599 ], [ -45.3693, -23.63004 ], [ -45.37745, -23.62365 ], [ -45.38836, -23.63449 ], [ -45.39058, -23.63091 ], [ -45.39711, -23.62925 ], [ -45.40041, -23.62259 ], [ -45.40751, -23.62371 ], [ -45.41787, -23.63462 ], [ -45.43058, -23.65591 ], [ -45.43218, -23.68247 ], [ -45.42068, -23.72593 ], [ -45.41602, -23.72636 ], [ -45.41295, -23.72309 ], [ -45.4066, -23.72584 ], [ -45.39733, -23.72328 ], [ -45.39699, -23.72727 ], [ -45.39971, -23.72852 ], [ -45.39768, -23.73186 ], [ -45.39861, -23.73669 ], [ -45.40743, -23.74437 ], [ -45.4121, -23.75304 ], [ -45.39685, -23.78012 ], [ -45.39935, -23.79519 ], [ -45.39696, -23.79884 ], [ -45.39977, -23.80855 ], [ -45.3964, -23.81037 ], [ -45.40423, -23.80758 ], [ -45.40854, -23.8131 ], [ -45.40532, -23.82049 ], [ -45.4105, -23.8211 ], [ -45.41173, -23.82456 ], [ -45.41569, -23.82258 ], [ -45.41892, -23.82385 ], [ -45.42154, -23.82529 ], [ -45.42104, -23.82796 ], [ -45.43202, -23.83276 ], [ -45.43171, -23.82928 ], [ -45.44045, -23.8263 ], [ -45.44615, -23.83263 ], [ -45.44708, -23.82702 ], [ -45.46778, -23.81898 ], [ -45.46888, -23.82231 ], [ -45.47315, -23.82516 ], [ -45.47475, -23.8239 ], [ -45.47821, -23.82798 ], [ -45.49003, -23.82989 ], [ -45.49138, -23.83722 ], [ -45.49974, -23.83842 ], [ -45.50415, -23.84171 ] ] ], [ [ [ -45.13788, -23.79336 ], [ -45.14003, -23.79843 ], [ -45.11471, -23.8054 ], [ -45.11679, -23.81394 ], [ -45.12096, -23.81593 ], [ -45.13186, -23.81113 ], [ -45.14716, -23.81929 ], [ -45.14829, -23.81534 ], [ -45.15647, -23.81208 ], [ -45.15692, -23.80635 ], [ -45.16074, -23.80468 ], [ -45.1601, -23.80256 ], [ -45.14818, -23.79298 ], [ -45.13816, -23.791 ], [ -45.13788, -23.79336 ] ] ], [ [ [ -45.0155, -23.74393 ], [ -45.01762, -23.75209 ], [ -45.00934, -23.75096 ], [ -45.00783, -23.7555 ], [ -45.00986, -23.7604 ], [ -45.01569, -23.76443 ], [ -45.0201, -23.76197 ], [ -45.019, -23.75385 ], [ -45.02501, -23.74942 ], [ -45.02314, -23.74656 ], [ -45.02432, -23.74347 ], [ -45.01864, -23.74199 ], [ -45.0155, -23.74393 ] ] ], [ [ [ -45.03083, -23.74089 ], [ -45.03435, -23.74268 ], [ -45.03483, -23.74215 ], [ -45.03135, -23.73947 ], [ -45.03083, -23.74089 ] ] ], [ [ [ -45.0208, -23.73878 ], [ -45.02369, -23.74307 ], [ -45.02536, -23.74295 ], [ -45.02627, -23.74013 ], [ -45.02203, -23.73735 ], [ -45.0208, -23.73878 ] ] ], [ [ [ -45.15601, -23.56002 ], [ -45.15188, -23.56541 ], [ -45.14675, -23.56715 ], [ -45.14559, -23.57119 ], [ -45.15198, -23.56829 ], [ -45.15751, -23.57325 ], [ -45.15877, -23.57044 ], [ -45.16312, -23.56951 ], [ -45.16384, -23.56715 ], [ -45.15837, -23.55976 ], [ -45.15601, -23.56002 ] ] ], [ [ [ -45.07842, -23.52739 ], [ -45.07651, -23.52949 ], [ -45.07793, -23.53603 ], [ -45.07126, -23.53931 ], [ -45.06423, -23.53829 ], [ -45.0594, -23.5267 ], [ -45.05093, -23.52775 ], [ -45.04498, -23.53135 ], [ -45.04553, -23.53453 ], [ -45.03922, -23.53436 ], [ -45.04166, -23.54161 ], [ -45.04914, -23.54655 ], [ -45.05678, -23.54582 ], [ -45.06517, -23.55532 ], [ -45.0729, -23.55693 ], [ -45.07747, -23.56139 ], [ -45.08196, -23.55361 ], [ -45.078, -23.54631 ], [ -45.08005, -23.54099 ], [ -45.08367, -23.5387 ], [ -45.07997, -23.5336 ], [ -45.08085, -23.52615 ], [ -45.07842, -23.52739 ] ] ], [ [ [ -45.21131, -23.53236 ], [ -45.21054, -23.53344 ], [ -45.21449, -23.53196 ], [ -45.21253, -23.53151 ], [ -45.21131, -23.53236 ] ] ] ] } },
{ "type": "Feature", "properties": { "regional_cgr": "CGR 07" }, "geometry": { "type": "Polygon", "coordinates": [ [ [ -49.48007, -23.53979 ], [ -49.4822, -23.53177 ], [ -49.48629, -23.52723 ], [ -49.49961, -23.51927 ], [ -49.50949, -23.50946 ], [ -49.5184, -23.5071 ], [ -49.52819, -23.51054 ], [ -49.53601, -23.50581 ], [ -49.53384, -23.50223 ], [ -49.54352, -23.49974 ], [ -49.5486, -23.49528 ], [ -49.55922, -23.49375 ], [ -49.56379, -23.49581 ], [ -49.56736, -23.49045 ], [ -49.57725, -23.49176 ], [ -49.58013, -23.48534 ], [ -49.57769, -23.47928 ], [ -49.58793, -23.47855 ], [ -49.59451, -23.47369 ], [ -49.5918, -23.46295 ], [ -49.5953, -23.46502 ], [ -49.59599, -23.46264 ], [ -49.59225, -23.45961 ], [ -49.59606, -23.45942 ], [ -49.60295, -23.45366 ], [ -49.60188, -23.44961 ], [ -49.59794, -23.44616 ], [ -49.59492, -23.4385 ], [ -49.59038, -23.43557 ], [ -49.57748, -23.43688 ], [ -49.57585, -23.44338 ], [ -49.5716, -23.44299 ], [ -49.56877, -23.43962 ], [ -49.57228, -23.43533 ], [ -49.56631, -23.42695 ], [ -49.56879, -23.4255 ], [ -49.5747, -23.4313 ], [ -49.57992, -23.43199 ], [ -49.58162, -23.42933 ], [ -49.5787, -23.42224 ], [ -49.58006, -23.41466 ], [ -49.58939, -23.41594 ], [ -49.59365, -23.40666 ], [ -49.6015, -23.40875 ], [ -49.60455, -23.4063 ], [ -49.60422, -23.40213 ], [ -49.59944, -23.4007 ], [ -49.59893, -23.39812 ], [ -49.60867, -23.39343 ], [ -49.61702, -23.39813 ], [ -49.62169, -23.39554 ], [ -49.62042, -23.38867 ], [ -49.60122, -23.38343 ], [ -49.59242, -23.38933 ], [ -49.59087, -23.38236 ], [ -49.5964, -23.37501 ], [ -49.59518, -23.36723 ], [ -49.60461, -23.35868 ], [ -49.61669, -23.35179 ], [ -49.62178, -23.3567 ], [ -49.63223, -23.35674 ], [ -49.63759, -23.35085 ], [ -49.63621, -23.34006 ], [ -49.63, -23.34405 ], [ -49.62162, -23.33229 ], [ -49.62362, -23.3179 ], [ -49.62857, -23.31262 ], [ -49.63173, -23.30355 ], [ -49.6258, -23.28477 ], [ -49.6287, -23.27771 ], [ -49.63549, -23.27183 ], [ -49.63457, -23.26937 ], [ -49.6409, -23.25547 ], [ -49.64779, -23.25085 ], [ -49.64433, -23.24014 ], [ -49.6527, -23.2358 ], [ -49.65501, -23.22743 ], [ -49.65281, -23.21357 ], [ -49.66114, -23.20176 ], [ -49.66284, -23.1936 ], [ -49.67662, -23.17631 ], [ -49.68313, -23.17417 ], [ -49.67819, -23.16585 ], [ -49.68331, -23.16386 ], [ -49.69771, -23.16559 ], [ -49.704, -23.15833 ], [ -49.70137, -23.15279 ], [ -49.7117, -23.1568 ], [ -49.71841, -23.14814 ], [ -49.72997, -23.14268 ], [ -49.7347, -23.13283 ], [ -49.73028, -23.12632 ], [ -49.72528, -23.1098 ], [ -49.74078, -23.09846 ], [ -49.75048, -23.09714 ], [ -49.75577, -23.10308 ], [ -49.76346, -23.10537 ], [ -49.77415, -23.10168 ], [ -49.79176, -23.10269 ], [ -49.79711, -23.09407 ], [ -49.80841, -23.09413 ], [ -49.81342, -23.0794 ], [ -49.82784, -23.07667 ], [ -49.8333, -23.06753 ], [ -49.85276, -23.07436 ], [ -49.85942, -23.07126 ], [ -49.86916, -23.07188 ], [ -49.8796, -23.05989 ], [ -49.88311, -23.06463 ], [ -49.88746, -23.06542 ], [ -49.899, -23.05464 ], [ -49.91182, -23.05256 ], [ -49.91619, -23.03443 ], [ -49.91071, -23.0161 ], [ -49.90161, -23.00771 ], [ -49.9004, -23.00041 ], [ -49.91301, -22.99037 ], [ -49.91967, -22.99006 ], [ -49.93002, -22.98281 ], [ -49.95432, -22.97826 ], [ -49.97087, -22.96338 ], [ -49.97375, -22.95468 ], [ -49.96683, -22.94771 ], [ -49.96123, -22.92742 ], [ -49.9653, -22.91491 ], [ -49.98154, -22.89978 ], [ -49.9911, -22.89756 ], [ -49.9984, -22.90054 ], [ -49.98995, -22.92342 ], [ -49.99464, -22.92974 ], [ -50.00779, -22.92718 ], [ -50.0159, -22.91028 ], [ -50.03617, -22.90927 ], [ -50.04726, -22.90141 ], [ -50.05274, -22.90598 ], [ -50.06181, -22.92354 ], [ -50.06908, -22.92807 ], [ -50.07353, -22.92743 ], [ -50.08075, -22.92194 ], [ -50.09182, -22.92232 ], [ -50.11894, -22.94115 ], [ -50.13048, -22.94129 ], [ -50.15167, -22.93533 ], [ -50.16714, -22.94804 ], [ -50.17475, -22.94877 ], [ -50.18321, -22.95415 ], [ -50.19382, -22.95075 ], [ -50.20364, -22.95224 ], [ -50.21854, -22.94732 ], [ -50.22864, -22.95303 ], [ -50.23885, -22.95425 ], [ -50.24447, -22.95118 ], [ -50.24768, -22.93816 ], [ -50.26223, -22.93604 ], [ -50.27303, -22.93115 ], [ -50.2837, -22.93822 ], [ -50.29948, -22.93828 ], [ -50.30515, -22.94639 ], [ -50.30961, -22.94839 ], [ -50.32314, -22.95144 ], [ -50.33803, -22.94968 ], [ -50.34102, -22.94713 ], [ -50.34599, -22.93354 ], [ -50.359, -22.9233 ], [ -50.35896, -22.91586 ], [ -50.37934, -22.90538 ], [ -50.39838, -22.90734 ], [ -50.41858, -22.91387 ], [ -50.42037, -22.91759 ], [ -50.41835, -22.93318 ], [ -50.4278, -22.94604 ], [ -50.43247, -22.9466 ], [ -50.44704, -22.9416 ], [ -50.45978, -22.94545 ], [ -50.48569, -22.93678 ], [ -50.50806, -22.94586 ], [ -50.52523, -22.9381 ], [ -50.53021, -22.92048 ], [ -50.54089, -22.91125 ], [ -50.55711, -22.9109 ], [ -50.57027, -22.90393 ], [ -50.57629, -22.90355 ], [ -50.58536, -22.90721 ], [ -50.60466, -22.92295 ], [ -50.61, -22.92461 ], [ -50.61864, -22.91327 ], [ -50.63779, -22.90631 ], [ -50.651, -22.89663 ], [ -50.66145, -22.8957 ], [ -50.67323, -22.89897 ], [ -50.6804, -22.90475 ], [ -50.69611, -22.92722 ], [ -50.71155, -22.95513 ], [ -50.73722, -22.96377 ], [ -50.74459, -22.96117 ], [ -50.75263, -22.95022 ], [ -50.76108, -22.94781 ], [ -50.77746, -22.94628 ], [ -50.79558, -22.95166 ], [ -50.80357, -22.94775 ], [ -50.80622, -22.93979 ], [ -50.79935, -22.926 ], [ -50.79275, -22.9041 ], [ -50.79334, -22.8944 ], [ -50.79702, -22.88865 ], [ -50.81226, -22.88266 ], [ -50.82133, -22.87483 ], [ -50.82274, -22.86798 ], [ -50.83056, -22.86295 ], [ -50.8344, -22.85726 ], [ -50.84105, -22.8352 ], [ -50.8581, -22.81643 ], [ -50.89301, -22.79455 ], [ -50.92349, -22.79599 ], [ -50.93782, -22.80502 ], [ -50.94455, -22.80452 ], [ -50.94926, -22.80196 ], [ -50.95837, -22.78844 ], [ -50.97017, -22.78298 ], [ -50.98236, -22.78124 ], [ -50.97855, -22.77948 ], [ -50.98029, -22.77781 ], [ -50.97756, -22.77369 ], [ -50.98032, -22.76723 ], [ -50.9776, -22.76617 ], [ -50.97793, -22.76823 ], [ -50.97251, -22.7686 ], [ -50.96737, -22.76424 ], [ -50.96492, -22.77081 ], [ -50.96331, -22.76485 ], [ -50.95963, -22.76445 ], [ -50.95985, -22.76238 ], [ -50.96327, -22.76251 ], [ -50.96308, -22.75721 ], [ -50.96765, -22.75656 ], [ -50.96117, -22.7494 ], [ -50.96188, -22.74682 ], [ -50.95748, -22.75023 ], [ -50.95181, -22.75006 ], [ -50.95364, -22.75215 ], [ -50.95154, -22.75527 ], [ -50.9488, -22.75144 ], [ -50.9504, -22.74614 ], [ -50.94681, -22.74965 ], [ -50.9393, -22.74992 ], [ -50.9412, -22.74457 ], [ -50.93826, -22.74008 ], [ -50.94377, -22.74026 ], [ -50.94467, -22.73634 ], [ -50.94244, -22.73198 ], [ -50.94508, -22.72844 ], [ -50.93837, -22.73081 ], [ -50.93902, -22.72778 ], [ -50.93401, -22.72503 ], [ -50.9408, -22.72069 ], [ -50.93751, -22.71326 ], [ -50.93803, -22.7106 ], [ -50.94259, -22.71087 ], [ -50.94522, -22.70835 ], [ -50.94235, -22.70604 ], [ -50.94241, -22.70257 ], [ -50.94851, -22.70078 ], [ -50.95285, -22.69449 ], [ -50.94937, -22.6884 ], [ -50.94599, -22.68741 ], [ -50.95001, -22.68445 ], [ -50.94919, -22.6775 ], [ -50.94334, -22.67295 ], [ -50.94266, -22.66877 ], [ -50.93282, -22.67221 ], [ -50.93007, -22.66914 ], [ -50.93164, -22.66607 ], [ -50.92529, -22.66414 ], [ -50.92817, -22.66125 ], [ -50.92349, -22.65576 ], [ -50.92669, -22.65158 ], [ -50.92309, -22.64998 ], [ -50.92592, -22.64614 ], [ -50.92321, -22.64272 ], [ -50.91495, -22.64821 ], [ -50.91122, -22.6443 ], [ -50.91061, -22.63859 ], [ -50.90525, -22.63743 ], [ -50.89767, -22.64455 ], [ -50.89881, -22.64859 ], [ -50.89464, -22.6497 ], [ -50.88914, -22.65578 ], [ -50.8829, -22.6528 ], [ -50.88627, -22.65082 ], [ -50.88277, -22.64904 ], [ -50.86869, -22.65603 ], [ -50.86619, -22.66111 ], [ -50.86459, -22.65468 ], [ -50.8604, -22.66013 ], [ -50.85553, -22.65467 ], [ -50.85313, -22.65518 ], [ -50.85071, -22.6607 ], [ -50.84652, -22.66064 ], [ -50.84413, -22.65713 ], [ -50.84015, -22.6591 ], [ -50.83918, -22.65482 ], [ -50.83344, -22.65876 ], [ -50.83335, -22.65405 ], [ -50.82717, -22.64845 ], [ -50.83436, -22.63013 ], [ -50.84327, -22.62611 ], [ -50.84633, -22.61749 ], [ -50.83971, -22.58479 ], [ -50.845, -22.57981 ], [ -50.85051, -22.58 ], [ -50.85357, -22.57556 ], [ -50.84874, -22.5604 ], [ -50.84181, -22.54953 ], [ -50.8463, -22.54634 ], [ -50.85157, -22.53507 ], [ -50.85832, -22.52853 ], [ -50.84931, -22.52031 ], [ -50.84876, -22.50864 ], [ -50.83613, -22.50188 ], [ -50.83802, -22.49519 ], [ -50.83147, -22.48461 ], [ -50.8461, -22.47312 ], [ -50.84049, -22.45588 ], [ -50.84338, -22.44508 ], [ -50.83921, -22.43599 ], [ -50.82967, -22.42788 ], [ -50.7991, -22.44367 ], [ -50.78357, -22.43482 ], [ -50.78674, -22.4114 ], [ -50.77917, -22.40404 ], [ -50.7752, -22.40392 ], [ -50.76273, -22.38348 ], [ -50.76189, -22.36548 ], [ -50.77004, -22.34927 ], [ -50.75888, -22.30272 ], [ -50.74776, -22.29514 ], [ -50.74524, -22.28636 ], [ -50.73509, -22.27987 ], [ -50.72888, -22.26626 ], [ -50.71652, -22.25185 ], [ -50.72231, -22.23971 ], [ -50.72837, -22.23607 ], [ -50.72626, -22.2288 ], [ -50.73127, -22.2205 ], [ -50.72328, -22.21646 ], [ -50.7281, -22.21195 ], [ -50.72996, -22.19877 ], [ -50.72704, -22.19645 ], [ -50.72177, -22.19662 ], [ -50.71759, -22.187 ], [ -50.72333, -22.18065 ], [ -50.72599, -22.16893 ], [ -50.72204, -22.16408 ], [ -50.72027, -22.15416 ], [ -50.713, -22.15233 ], [ -50.7097, -22.13699 ], [ -50.71481, -22.12045 ], [ -50.71921, -22.11457 ], [ -50.71743, -22.1107 ], [ -50.72435, -22.10496 ], [ -50.72266, -22.09928 ], [ -50.72506, -22.09144 ], [ -50.72456, -22.0845 ], [ -50.71592, -22.07312 ], [ -50.713, -22.05848 ], [ -50.70481, -22.04497 ], [ -50.70334, -22.03388 ], [ -50.70574, -22.02147 ], [ -50.70894, -22.01996 ], [ -50.71042, -22.01468 ], [ -50.717, -22.01387 ], [ -50.72077, -22.0105 ], [ -50.72716, -22.01157 ], [ -50.74299, -22.00847 ], [ -50.74675, -22.00356 ], [ -50.78073, -22.00266 ], [ -50.80452, -21.99684 ], [ -50.83223, -21.98657 ], [ -50.83298, -21.98078 ], [ -50.83896, -21.97958 ], [ -50.84579, -21.97343 ], [ -50.86452, -21.96852 ], [ -50.84274, -21.96502 ], [ -50.84056, -21.95984 ], [ -50.83375, -21.956 ], [ -50.82808, -21.94873 ], [ -50.81335, -21.95062 ], [ -50.80077, -21.94064 ], [ -50.79973, -21.93697 ], [ -50.79121, -21.9362 ], [ -50.7902, -21.9201 ], [ -50.77718, -21.91771 ], [ -50.7748, -21.90608 ], [ -50.76282, -21.89321 ], [ -50.75286, -21.89297 ], [ -50.74651, -21.88206 ], [ -50.72907, -21.87119 ], [ -50.72358, -21.85945 ], [ -50.71141, -21.85508 ], [ -50.7062, -21.85647 ], [ -50.71092, -21.84496 ], [ -50.71167, -21.82633 ], [ -50.72248, -21.81432 ], [ -50.72228, -21.80442 ], [ -50.71605, -21.79518 ], [ -50.71587, -21.79033 ], [ -50.70831, -21.77949 ], [ -50.70747, -21.77363 ], [ -50.69667, -21.78214 ], [ -50.6919, -21.79301 ], [ -50.68365, -21.789 ], [ -50.68004, -21.77592 ], [ -50.6616, -21.77661 ], [ -50.65556, -21.77259 ], [ -50.63524, -21.76636 ], [ -50.63274, -21.7537 ], [ -50.63838, -21.74702 ], [ -50.63322, -21.73117 ], [ -50.62759, -21.72603 ], [ -50.6283, -21.7219 ], [ -50.62564, -21.72023 ], [ -50.61902, -21.70447 ], [ -50.61485, -21.70214 ], [ -50.60963, -21.68974 ], [ -50.61203, -21.67899 ], [ -50.6098, -21.67461 ], [ -50.6134, -21.67292 ], [ -50.61156, -21.66937 ], [ -50.61507, -21.66433 ], [ -50.61427, -21.65671 ], [ -50.60089, -21.6585 ], [ -50.59816, -21.66301 ], [ -50.60312, -21.66668 ], [ -50.59897, -21.66876 ], [ -50.59784, -21.67275 ], [ -50.58932, -21.67442 ], [ -50.58855, -21.68068 ], [ -50.58575, -21.67991 ], [ -50.57823, -21.68371 ], [ -50.57868, -21.68649 ], [ -50.57277, -21.68739 ], [ -50.56858, -21.69328 ], [ -50.56512, -21.68988 ], [ -50.55645, -21.69488 ], [ -50.55451, -21.69401 ], [ -50.55426, -21.69861 ], [ -50.55182, -21.69781 ], [ -50.54951, -21.70221 ], [ -50.54859, -21.69957 ], [ -50.54529, -21.70126 ], [ -50.54411, -21.69882 ], [ -50.53872, -21.69974 ], [ -50.54058, -21.69651 ], [ -50.53123, -21.7004 ], [ -50.52781, -21.69937 ], [ -50.52975, -21.70068 ], [ -50.528, -21.70437 ], [ -50.52218, -21.70829 ], [ -50.52034, -21.70591 ], [ -50.51629, -21.70998 ], [ -50.51114, -21.70365 ], [ -50.50568, -21.7133 ], [ -50.50302, -21.71553 ], [ -50.49782, -21.71422 ], [ -50.49636, -21.71655 ], [ -50.49231, -21.71062 ], [ -50.48947, -21.71169 ], [ -50.49066, -21.7056 ], [ -50.48811, -21.70648 ], [ -50.48881, -21.70478 ], [ -50.4842, -21.70226 ], [ -50.48123, -21.70392 ], [ -50.47916, -21.70158 ], [ -50.47471, -21.70177 ], [ -50.47527, -21.70409 ], [ -50.47359, -21.7025 ], [ -50.46885, -21.70561 ], [ -50.467, -21.70351 ], [ -50.46338, -21.70656 ], [ -50.46336, -21.69786 ], [ -50.46131, -21.69693 ], [ -50.46355, -21.6967 ], [ -50.46242, -21.6937 ], [ -50.46433, -21.69249 ], [ -50.46125, -21.6901 ], [ -50.4639, -21.68786 ], [ -50.46148, -21.68828 ], [ -50.46307, -21.68727 ], [ -50.4616, -21.68597 ], [ -50.45807, -21.68793 ], [ -50.45975, -21.68635 ], [ -50.45814, -21.68485 ], [ -50.45466, -21.68923 ], [ -50.45067, -21.69008 ], [ -50.45023, -21.69296 ], [ -50.44279, -21.69373 ], [ -50.43972, -21.69652 ], [ -50.43751, -21.69515 ], [ -50.43367, -21.69736 ], [ -50.43263, -21.69438 ], [ -50.42638, -21.69461 ], [ -50.42087, -21.7052 ], [ -50.41127, -21.70655 ], [ -50.40964, -21.70356 ], [ -50.40949, -21.70712 ], [ -50.39957, -21.71646 ], [ -50.39535, -21.7156 ], [ -50.39069, -21.71921 ], [ -50.37969, -21.71821 ], [ -50.3716, -21.72327 ], [ -50.3675, -21.71944 ], [ -50.36231, -21.72189 ], [ -50.36295, -21.72475 ], [ -50.36109, -21.7255 ], [ -50.34878, -21.70906 ], [ -50.34348, -21.71051 ], [ -50.34211, -21.71515 ], [ -50.33586, -21.71536 ], [ -50.33747, -21.71835 ], [ -50.33576, -21.71906 ], [ -50.33054, -21.70912 ], [ -50.32942, -21.71084 ], [ -50.32636, -21.70766 ], [ -50.32328, -21.70888 ], [ -50.32052, -21.70585 ], [ -50.30946, -21.71392 ], [ -50.30399, -21.71149 ], [ -50.30125, -21.71507 ], [ -50.29817, -21.71303 ], [ -50.29492, -21.7171 ], [ -50.29466, -21.71482 ], [ -50.29212, -21.71518 ], [ -50.2851, -21.70929 ], [ -50.27484, -21.70758 ], [ -50.27167, -21.72168 ], [ -50.262, -21.72658 ], [ -50.26251, -21.73196 ], [ -50.25913, -21.73777 ], [ -50.24894, -21.74145 ], [ -50.24555, -21.73959 ], [ -50.24037, -21.74705 ], [ -50.23699, -21.74525 ], [ -50.22898, -21.7522 ], [ -50.2255, -21.75228 ], [ -50.22114, -21.763 ], [ -50.21194, -21.75907 ], [ -50.20034, -21.76696 ], [ -50.19108, -21.76304 ], [ -50.18826, -21.76453 ], [ -50.18826, -21.76786 ], [ -50.18188, -21.77009 ], [ -50.17925, -21.77489 ], [ -50.16828, -21.77488 ], [ -50.16289, -21.77833 ], [ -50.15942, -21.78557 ], [ -50.15342, -21.78532 ], [ -50.15026, -21.791 ], [ -50.14516, -21.79425 ], [ -50.14739, -21.79892 ], [ -50.14356, -21.80492 ], [ -50.13897, -21.80709 ], [ -50.13427, -21.80572 ], [ -50.13085, -21.80897 ], [ -50.13209, -21.81391 ], [ -50.12739, -21.81896 ], [ -50.11971, -21.82021 ], [ -50.11356, -21.83573 ], [ -50.1022, -21.83782 ], [ -50.09894, -21.84008 ], [ -50.09777, -21.84567 ], [ -50.09315, -21.84617 ], [ -50.09251, -21.84968 ], [ -50.08282, -21.85121 ], [ -50.0825, -21.8537 ], [ -50.07703, -21.85688 ], [ -50.07088, -21.85664 ], [ -50.06326, -21.8719 ], [ -50.04781, -21.88371 ], [ -50.02973, -21.88812 ], [ -50.02858, -21.89766 ], [ -50.0157, -21.90945 ], [ -50.01794, -21.91376 ], [ -50.01266, -21.92465 ], [ -50.00993, -21.92365 ], [ -49.99831, -21.92796 ], [ -49.98122, -21.94049 ], [ -49.96822, -21.93862 ], [ -49.95954, -21.94115 ], [ -49.95039, -21.94581 ], [ -49.94824, -21.95166 ], [ -49.92192, -21.95614 ], [ -49.91427, -21.95986 ], [ -49.91165, -21.95882 ], [ -49.90704, -21.96302 ], [ -49.89561, -21.96686 ], [ -49.89114, -21.96605 ], [ -49.88463, -21.97094 ], [ -49.86837, -21.96029 ], [ -49.82925, -21.94784 ], [ -49.81564, -21.9349 ], [ -49.81492, -21.92867 ], [ -49.82846, -21.9183 ], [ -49.81319, -21.90116 ], [ -49.80871, -21.88967 ], [ -49.78758, -21.90814 ], [ -49.78471, -21.90835 ], [ -49.77823, -21.91596 ], [ -49.76857, -21.91523 ], [ -49.76774, -21.92164 ], [ -49.77108, -21.92867 ], [ -49.76687, -21.93354 ], [ -49.75752, -21.93208 ], [ -49.74926, -21.93695 ], [ -49.73441, -21.93942 ], [ -49.74015, -21.94919 ], [ -49.73734, -21.97036 ], [ -49.74716, -21.9786 ], [ -49.74976, -21.98935 ], [ -49.75379, -21.99307 ], [ -49.75307, -22.0038 ], [ -49.75817, -22.00787 ], [ -49.75098, -22.01005 ], [ -49.74189, -22.01699 ], [ -49.73451, -22.01727 ], [ -49.73955, -22.02294 ], [ -49.73711, -22.0294 ], [ -49.72774, -22.03056 ], [ -49.72564, -22.03471 ], [ -49.71206, -22.03674 ], [ -49.70623, -22.04038 ], [ -49.70493, -22.04672 ], [ -49.6938, -22.04504 ], [ -49.68774, -22.04848 ], [ -49.68476, -22.05741 ], [ -49.66575, -22.06165 ], [ -49.66163, -22.07612 ], [ -49.6556, -22.0768 ], [ -49.65049, -22.0669 ], [ -49.63975, -22.06928 ], [ -49.63703, -22.07453 ], [ -49.63355, -22.0755 ], [ -49.63294, -22.08017 ], [ -49.62657, -22.08587 ], [ -49.62078, -22.09658 ], [ -49.6225, -22.1123 ], [ -49.6184, -22.11327 ], [ -49.61051, -22.10857 ], [ -49.60292, -22.10792 ], [ -49.59595, -22.10928 ], [ -49.59266, -22.11238 ], [ -49.58489, -22.11237 ], [ -49.58687, -22.12451 ], [ -49.57773, -22.12905 ], [ -49.57125, -22.13842 ], [ -49.56277, -22.1385 ], [ -49.556, -22.12978 ], [ -49.55522, -22.13482 ], [ -49.56045, -22.14442 ], [ -49.55122, -22.15038 ], [ -49.52435, -22.15336 ], [ -49.53008, -22.17219 ], [ -49.52939, -22.18129 ], [ -49.51163, -22.18924 ], [ -49.51098, -22.19863 ], [ -49.50719, -22.2013 ], [ -49.50707, -22.20967 ], [ -49.49967, -22.21275 ], [ -49.4938, -22.22385 ], [ -49.49551, -22.22984 ], [ -49.48891, -22.23448 ], [ -49.48487, -22.23386 ], [ -49.47906, -22.2383 ], [ -49.46943, -22.24097 ], [ -49.46543, -22.24466 ], [ -49.46257, -22.24484 ], [ -49.4591, -22.24068 ], [ -49.45271, -22.25779 ], [ -49.43677, -22.27023 ], [ -49.43881, -22.27314 ], [ -49.43523, -22.28297 ], [ -49.43576, -22.28812 ], [ -49.44082, -22.30289 ], [ -49.43468, -22.29981 ], [ -49.43116, -22.29355 ], [ -49.42264, -22.29365 ], [ -49.42555, -22.29522 ], [ -49.42685, -22.30285 ], [ -49.42939, -22.30508 ], [ -49.42835, -22.31022 ], [ -49.43773, -22.32337 ], [ -49.44078, -22.32695 ], [ -49.44958, -22.32843 ], [ -49.45201, -22.33331 ], [ -49.45884, -22.33705 ], [ -49.47038, -22.32673 ], [ -49.47582, -22.32588 ], [ -49.47987, -22.32053 ], [ -49.4916, -22.31872 ], [ -49.49578, -22.30991 ], [ -49.50595, -22.31837 ], [ -49.5358, -22.31972 ], [ -49.54599, -22.32944 ], [ -49.56413, -22.32508 ], [ -49.57011, -22.32587 ], [ -49.57731, -22.3346 ], [ -49.57463, -22.34341 ], [ -49.57796, -22.34617 ], [ -49.57897, -22.35103 ], [ -49.58449, -22.35487 ], [ -49.58478, -22.36475 ], [ -49.59946, -22.36714 ], [ -49.59974, -22.37672 ], [ -49.60741, -22.38745 ], [ -49.60894, -22.39229 ], [ -49.60289, -22.39861 ], [ -49.60236, -22.41426 ], [ -49.60605, -22.41746 ], [ -49.61047, -22.417 ], [ -49.61916, -22.42535 ], [ -49.61771, -22.43138 ], [ -49.61326, -22.43488 ], [ -49.6149, -22.43785 ], [ -49.60447, -22.44209 ], [ -49.60566, -22.44803 ], [ -49.60375, -22.45356 ], [ -49.59611, -22.45466 ], [ -49.59689, -22.4594 ], [ -49.61125, -22.46673 ], [ -49.6291, -22.46842 ], [ -49.63718, -22.45753 ], [ -49.63682, -22.44596 ], [ -49.6407, -22.4398 ], [ -49.64648, -22.43619 ], [ -49.6644, -22.46259 ], [ -49.67469, -22.46842 ], [ -49.68355, -22.46584 ], [ -49.68697, -22.4596 ], [ -49.69445, -22.45583 ], [ -49.6967, -22.44883 ], [ -49.70204, -22.44688 ], [ -49.70419, -22.44331 ], [ -49.70396, -22.43909 ], [ -49.71876, -22.45216 ], [ -49.72148, -22.46351 ], [ -49.7275, -22.46338 ], [ -49.73254, -22.4672 ], [ -49.73785, -22.46628 ], [ -49.74378, -22.46993 ], [ -49.74963, -22.47857 ], [ -49.74818, -22.48531 ], [ -49.75113, -22.49478 ], [ -49.75898, -22.49762 ], [ -49.7611, -22.50356 ], [ -49.77251, -22.50104 ], [ -49.76596, -22.50804 ], [ -49.76478, -22.51607 ], [ -49.7594, -22.51739 ], [ -49.75966, -22.52764 ], [ -49.75733, -22.52979 ], [ -49.75447, -22.52847 ], [ -49.75398, -22.53365 ], [ -49.74818, -22.53998 ], [ -49.74758, -22.5568 ], [ -49.74238, -22.56243 ], [ -49.73555, -22.57696 ], [ -49.73671, -22.58749 ], [ -49.72936, -22.59773 ], [ -49.70694, -22.61845 ], [ -49.70526, -22.62474 ], [ -49.70242, -22.62326 ], [ -49.7008, -22.61208 ], [ -49.69269, -22.60694 ], [ -49.68805, -22.60055 ], [ -49.67849, -22.60461 ], [ -49.66091, -22.60737 ], [ -49.65108, -22.62084 ], [ -49.64268, -22.62055 ], [ -49.63551, -22.62523 ], [ -49.62892, -22.62328 ], [ -49.62922, -22.62773 ], [ -49.62596, -22.63062 ], [ -49.62778, -22.63609 ], [ -49.62506, -22.64919 ], [ -49.60688, -22.66269 ], [ -49.59886, -22.66439 ], [ -49.6011, -22.65859 ], [ -49.59964, -22.65375 ], [ -49.59343, -22.65164 ], [ -49.58971, -22.64553 ], [ -49.59255, -22.64233 ], [ -49.5904, -22.63656 ], [ -49.59218, -22.63416 ], [ -49.58713, -22.62713 ], [ -49.58785, -22.62311 ], [ -49.58045, -22.61653 ], [ -49.5848, -22.60374 ], [ -49.57871, -22.60186 ], [ -49.57612, -22.59503 ], [ -49.56914, -22.58699 ], [ -49.56731, -22.57595 ], [ -49.55989, -22.57522 ], [ -49.55813, -22.56493 ], [ -49.55384, -22.55813 ], [ -49.54496, -22.56316 ], [ -49.54018, -22.56036 ], [ -49.53884, -22.55655 ], [ -49.54398, -22.55172 ], [ -49.54372, -22.54862 ], [ -49.53361, -22.54646 ], [ -49.5317, -22.53833 ], [ -49.52516, -22.53518 ], [ -49.52424, -22.53136 ], [ -49.5273, -22.52798 ], [ -49.52542, -22.52259 ], [ -49.52013, -22.52381 ], [ -49.51829, -22.51748 ], [ -49.50992, -22.51783 ], [ -49.50656, -22.51291 ], [ -49.50096, -22.5166 ], [ -49.48952, -22.54171 ], [ -49.47274, -22.55607 ], [ -49.46565, -22.55765 ], [ -49.45484, -22.56674 ], [ -49.45188, -22.57605 ], [ -49.45708, -22.57706 ], [ -49.45338, -22.58388 ], [ -49.45543, -22.58599 ], [ -49.47281, -22.5937 ], [ -49.4704, -22.60077 ], [ -49.47663, -22.60291 ], [ -49.47883, -22.60888 ], [ -49.49963, -22.61142 ], [ -49.49468, -22.62464 ], [ -49.50334, -22.63411 ], [ -49.50802, -22.64332 ], [ -49.49981, -22.65003 ], [ -49.49771, -22.65687 ], [ -49.50229, -22.6764 ], [ -49.50696, -22.68414 ], [ -49.50003, -22.69704 ], [ -49.50247, -22.70305 ], [ -49.49838, -22.71727 ], [ -49.49884, -22.72374 ], [ -49.49503, -22.72695 ], [ -49.48395, -22.72471 ], [ -49.47201, -22.72951 ], [ -49.41737, -22.73837 ], [ -49.39666, -22.73844 ], [ -49.39308, -22.74249 ], [ -49.37978, -22.73343 ], [ -49.37889, -22.74241 ], [ -49.38548, -22.75972 ], [ -49.38429, -22.76686 ], [ -49.37822, -22.77607 ], [ -49.36734, -22.78298 ], [ -49.36018, -22.78455 ], [ -49.34891, -22.78294 ], [ -49.33958, -22.77881 ], [ -49.33472, -22.7747 ], [ -49.3307, -22.76633 ], [ -49.32452, -22.76371 ], [ -49.30865, -22.76208 ], [ -49.30083, -22.76536 ], [ -49.29318, -22.76443 ], [ -49.28817, -22.77058 ], [ -49.27831, -22.7717 ], [ -49.27259, -22.76213 ], [ -49.26634, -22.75953 ], [ -49.26155, -22.75305 ], [ -49.24996, -22.74949 ], [ -49.23967, -22.7522 ], [ -49.22826, -22.76012 ], [ -49.2249, -22.75036 ], [ -49.21064, -22.74287 ], [ -49.20366, -22.73546 ], [ -49.19814, -22.72202 ], [ -49.19057, -22.72542 ], [ -49.18463, -22.72253 ], [ -49.18152, -22.72878 ], [ -49.17388, -22.72921 ], [ -49.17273, -22.72466 ], [ -49.16508, -22.71779 ], [ -49.16255, -22.7058 ], [ -49.15794, -22.70003 ], [ -49.15172, -22.68373 ], [ -49.13548, -22.67664 ], [ -49.13319, -22.67217 ], [ -49.12018, -22.67179 ], [ -49.1087, -22.67516 ], [ -49.10453, -22.66891 ], [ -49.09538, -22.66629 ], [ -49.097, -22.68041 ], [ -49.09451, -22.68593 ], [ -49.09291, -22.70415 ], [ -49.0671, -22.73018 ], [ -49.05773, -22.73594 ], [ -49.05242, -22.75433 ], [ -49.0372, -22.76305 ], [ -49.03055, -22.7629 ], [ -49.02664, -22.77156 ], [ -49.02323, -22.7898 ], [ -49.02904, -22.79742 ], [ -49.02959, -22.81826 ], [ -49.03291, -22.82303 ], [ -49.03304, -22.83053 ], [ -49.02848, -22.83519 ], [ -49.01393, -22.84021 ], [ -49.01102, -22.83285 ], [ -48.99595, -22.81877 ], [ -48.99547, -22.82366 ], [ -48.98326, -22.84151 ], [ -48.98699, -22.85144 ], [ -48.9907, -22.85268 ], [ -48.99181, -22.87056 ], [ -48.99649, -22.87489 ], [ -48.99696, -22.88149 ], [ -49.00457, -22.88735 ], [ -49.00218, -22.89011 ], [ -48.99945, -22.88819 ], [ -48.99211, -22.8909 ], [ -48.99055, -22.89682 ], [ -48.98634, -22.89379 ], [ -48.98783, -22.89917 ], [ -48.98463, -22.89841 ], [ -48.98142, -22.90143 ], [ -48.98264, -22.90875 ], [ -48.99352, -22.92143 ], [ -48.99803, -22.92213 ], [ -49.0061, -22.92982 ], [ -49.02074, -22.95817 ], [ -49.02355, -22.9601 ], [ -49.03365, -22.95882 ], [ -49.03589, -22.96918 ], [ -49.04049, -22.97479 ], [ -49.04332, -22.98566 ], [ -49.04881, -22.99479 ], [ -49.04828, -23.00018 ], [ -49.0549, -23.01015 ], [ -49.05026, -23.02128 ], [ -49.06055, -23.0358 ], [ -49.07352, -23.0417 ], [ -49.07183, -23.05169 ], [ -49.07836, -23.05724 ], [ -49.08041, -23.06552 ], [ -49.06764, -23.09286 ], [ -49.07249, -23.09369 ], [ -49.07704, -23.09807 ], [ -49.08326, -23.09819 ], [ -49.08943, -23.10366 ], [ -49.09244, -23.09607 ], [ -49.12242, -23.09574 ], [ -49.12166, -23.11123 ], [ -49.12652, -23.11269 ], [ -49.12981, -23.12043 ], [ -49.13609, -23.12508 ], [ -49.13455, -23.13297 ], [ -49.13737, -23.14245 ], [ -49.13551, -23.14922 ], [ -49.14316, -23.15848 ], [ -49.13944, -23.17547 ], [ -49.14314, -23.18283 ], [ -49.14114, -23.1904 ], [ -49.14464, -23.20327 ], [ -49.14435, -23.21152 ], [ -49.13973, -23.22645 ], [ -49.15102, -23.2406 ], [ -49.1506, -23.26234 ], [ -49.16153, -23.26364 ], [ -49.18482, -23.26056 ], [ -49.19723, -23.24863 ], [ -49.21087, -23.24528 ], [ -49.20681, -23.25441 ], [ -49.2091, -23.26176 ], [ -49.20807, -23.27211 ], [ -49.19744, -23.28848 ], [ -49.20175, -23.29593 ], [ -49.21419, -23.2995 ], [ -49.21398, -23.3035 ], [ -49.20421, -23.31222 ], [ -49.20166, -23.32208 ], [ -49.21887, -23.35229 ], [ -49.21433, -23.35894 ], [ -49.20995, -23.36025 ], [ -49.20961, -23.36631 ], [ -49.21341, -23.37262 ], [ -49.20434, -23.38165 ], [ -49.2126, -23.38679 ], [ -49.22307, -23.38339 ], [ -49.22449, -23.3849 ], [ -49.21988, -23.39222 ], [ -49.2064, -23.40421 ], [ -49.20755, -23.41417 ], [ -49.2147, -23.41797 ], [ -49.22367, -23.41716 ], [ -49.22842, -23.42179 ], [ -49.2294, -23.41781 ], [ -49.23675, -23.41441 ], [ -49.24003, -23.41658 ], [ -49.24367, -23.41372 ], [ -49.24727, -23.41483 ], [ -49.25193, -23.40857 ], [ -49.25706, -23.40724 ], [ -49.26725, -23.41307 ], [ -49.27104, -23.4087 ], [ -49.27951, -23.41269 ], [ -49.28645, -23.41028 ], [ -49.28859, -23.41478 ], [ -49.29363, -23.41726 ], [ -49.29943, -23.41491 ], [ -49.30166, -23.40787 ], [ -49.30871, -23.40768 ], [ -49.31732, -23.40019 ], [ -49.33161, -23.4048 ], [ -49.33732, -23.41371 ], [ -49.35065, -23.4183 ], [ -49.35477, -23.41642 ], [ -49.35861, -23.4184 ], [ -49.36189, -23.42281 ], [ -49.36221, -23.42925 ], [ -49.36079, -23.43434 ], [ -49.34974, -23.44302 ], [ -49.34629, -23.45016 ], [ -49.3229, -23.46877 ], [ -49.32367, -23.4773 ], [ -49.32806, -23.47492 ], [ -49.33695, -23.47821 ], [ -49.33187, -23.488 ], [ -49.33382, -23.49477 ], [ -49.34356, -23.51046 ], [ -49.3467, -23.5101 ], [ -49.34911, -23.51296 ], [ -49.3312, -23.52524 ], [ -49.34607, -23.5276 ], [ -49.35478, -23.52424 ], [ -49.36301, -23.52955 ], [ -49.37077, -23.52442 ], [ -49.38352, -23.52533 ], [ -49.39154, -23.53412 ], [ -49.40217, -23.53642 ], [ -49.41862, -23.52868 ], [ -49.42604, -23.53214 ], [ -49.43423, -23.52715 ], [ -49.44657, -23.52997 ], [ -49.45321, -23.52716 ], [ -49.46167, -23.53397 ], [ -49.47298, -23.53463 ], [ -49.47637, -23.5407 ], [ -49.48007, -23.53979 ] ] ] } },
{ "type": "Feature", "properties": { "regional_cgr": "CGR 08" }, "geometry": { "type": "Polygon", "coordinates": [ [ [ -47.34731, -21.80592 ], [ -47.35129, -21.80428 ], [ -47.35669, -21.79525 ], [ -47.35896, -21.78568 ], [ -47.36736, -21.77793 ], [ -47.37646, -21.77678 ], [ -47.3939, -21.767 ], [ -47.39578, -21.76819 ], [ -47.39486, -21.77159 ], [ -47.39839, -21.77293 ], [ -47.40773, -21.77097 ], [ -47.41072, -21.76234 ], [ -47.42615, -21.75484 ], [ -47.44353, -21.76481 ], [ -47.43827, -21.78083 ], [ -47.44067, -21.78486 ], [ -47.45139, -21.78097 ], [ -47.46552, -21.7857 ], [ -47.47306, -21.79223 ], [ -47.48271, -21.78924 ], [ -47.48517, -21.79435 ], [ -47.50147, -21.80115 ], [ -47.51012, -21.80775 ], [ -47.53226, -21.79716 ], [ -47.53872, -21.80194 ], [ -47.54262, -21.8016 ], [ -47.5568, -21.78822 ], [ -47.56964, -21.78401 ], [ -47.57136, -21.77395 ], [ -47.57882, -21.76675 ], [ -47.58189, -21.75266 ], [ -47.5812, -21.74286 ], [ -47.58737, -21.73402 ], [ -47.59813, -21.73754 ], [ -47.60754, -21.74525 ], [ -47.61531, -21.74267 ], [ -47.61336, -21.7491 ], [ -47.61488, -21.75053 ], [ -47.62354, -21.73942 ], [ -47.62448, -21.73329 ], [ -47.63033, -21.73293 ], [ -47.63177, -21.72588 ], [ -47.63911, -21.72415 ], [ -47.6448, -21.72583 ], [ -47.64759, -21.7368 ], [ -47.66689, -21.74213 ], [ -47.67242, -21.73505 ], [ -47.67855, -21.7326 ], [ -47.67678, -21.72133 ], [ -47.68147, -21.71518 ], [ -47.70512, -21.72007 ], [ -47.72325, -21.70533 ], [ -47.73448, -21.71358 ], [ -47.74569, -21.70843 ], [ -47.74977, -21.70112 ], [ -47.75614, -21.69988 ], [ -47.75947, -21.69516 ], [ -47.76845, -21.69089 ], [ -47.78116, -21.691 ], [ -47.78665, -21.69947 ], [ -47.79587, -21.69428 ], [ -47.80229, -21.69471 ], [ -47.80935, -21.69903 ], [ -47.81618, -21.69633 ], [ -47.81181, -21.68829 ], [ -47.81165, -21.67965 ], [ -47.83024, -21.6688 ], [ -47.81681, -21.66205 ], [ -47.82558, -21.65669 ], [ -47.82568, -21.65321 ], [ -47.81771, -21.64652 ], [ -47.81198, -21.64818 ], [ -47.80666, -21.63524 ], [ -47.8021, -21.63484 ], [ -47.80162, -21.63222 ], [ -47.80496, -21.62982 ], [ -47.81087, -21.63115 ], [ -47.81703, -21.62506 ], [ -47.8181, -21.61461 ], [ -47.82532, -21.61196 ], [ -47.83084, -21.61561 ], [ -47.83365, -21.61403 ], [ -47.83466, -21.6115 ], [ -47.83064, -21.6005 ], [ -47.83681, -21.60417 ], [ -47.84041, -21.59996 ], [ -47.84002, -21.60632 ], [ -47.84528, -21.59815 ], [ -47.84964, -21.59941 ], [ -47.85353, -21.59696 ], [ -47.85806, -21.60125 ], [ -47.85382, -21.60417 ], [ -47.85669, -21.60807 ], [ -47.86409, -21.60638 ], [ -47.86257, -21.61076 ], [ -47.86891, -21.61039 ], [ -47.86918, -21.61531 ], [ -47.8726, -21.61015 ], [ -47.87921, -21.61291 ], [ -47.8806, -21.60927 ], [ -47.87081, -21.60466 ], [ -47.87513, -21.5999 ], [ -47.8797, -21.59941 ], [ -47.879, -21.59542 ], [ -47.88204, -21.59279 ], [ -47.8807, -21.58952 ], [ -47.88541, -21.59057 ], [ -47.88583, -21.58676 ], [ -47.89118, -21.5824 ], [ -47.89637, -21.58659 ], [ -47.90038, -21.58263 ], [ -47.89968, -21.58786 ], [ -47.90158, -21.58904 ], [ -47.90465, -21.586 ], [ -47.90311, -21.58167 ], [ -47.90491, -21.58016 ], [ -47.91343, -21.5894 ], [ -47.91838, -21.58387 ], [ -47.92312, -21.58485 ], [ -47.92412, -21.57355 ], [ -47.93303, -21.58016 ], [ -47.93702, -21.57892 ], [ -47.93456, -21.58693 ], [ -47.94096, -21.58694 ], [ -47.93785, -21.59272 ], [ -47.94532, -21.59132 ], [ -47.94265, -21.59746 ], [ -47.94881, -21.59832 ], [ -47.95288, -21.59502 ], [ -47.95324, -21.59076 ], [ -47.96104, -21.59398 ], [ -47.96143, -21.59706 ], [ -47.97414, -21.59473 ], [ -47.97726, -21.5917 ], [ -47.98134, -21.59213 ], [ -47.98378, -21.58705 ], [ -47.98426, -21.59448 ], [ -47.99073, -21.59574 ], [ -47.98765, -21.59167 ], [ -47.99222, -21.58893 ], [ -47.98973, -21.58549 ], [ -47.99305, -21.58465 ], [ -47.99417, -21.58027 ], [ -47.99947, -21.58068 ], [ -47.99569, -21.57721 ], [ -47.9897, -21.57725 ], [ -47.99094, -21.56686 ], [ -47.9941, -21.56487 ], [ -47.99845, -21.5681 ], [ -47.99646, -21.56172 ], [ -48.00948, -21.55901 ], [ -48.00595, -21.54422 ], [ -48.01506, -21.5411 ], [ -48.01221, -21.53277 ], [ -48.01707, -21.53298 ], [ -48.01777, -21.5394 ], [ -48.02431, -21.53726 ], [ -48.02779, -21.53854 ], [ -48.02641, -21.52989 ], [ -48.03309, -21.52641 ], [ -48.02816, -21.52231 ], [ -48.03194, -21.51829 ], [ -48.02821, -21.51353 ], [ -48.04253, -21.51499 ], [ -48.04311, -21.50962 ], [ -48.03875, -21.50443 ], [ -48.05118, -21.50056 ], [ -48.05078, -21.49708 ], [ -48.04561, -21.49608 ], [ -48.04456, -21.49354 ], [ -48.04737, -21.49076 ], [ -48.05538, -21.4892 ], [ -48.05423, -21.48134 ], [ -48.05814, -21.47937 ], [ -48.05733, -21.47525 ], [ -48.06875, -21.47983 ], [ -48.07208, -21.47375 ], [ -48.07373, -21.47914 ], [ -48.0775, -21.47 ], [ -48.08511, -21.46869 ], [ -48.08155, -21.4634 ], [ -48.08238, -21.46105 ], [ -48.10314, -21.45324 ], [ -48.10387, -21.44815 ], [ -48.10933, -21.44397 ], [ -48.10933, -21.42721 ], [ -48.11265, -21.42116 ], [ -48.12424, -21.41109 ], [ -48.1295, -21.39034 ], [ -48.13498, -21.38218 ], [ -48.1408, -21.37928 ], [ -48.14639, -21.36775 ], [ -48.14151, -21.35907 ], [ -48.14433, -21.34789 ], [ -48.14273, -21.3405 ], [ -48.14412, -21.32409 ], [ -48.14067, -21.31288 ], [ -48.13568, -21.27271 ], [ -48.13884, -21.24954 ], [ -48.14174, -21.23615 ], [ -48.1441, -21.23546 ], [ -48.14833, -21.23933 ], [ -48.15215, -21.23865 ], [ -48.15906, -21.22538 ], [ -48.17049, -21.21549 ], [ -48.17197, -21.20392 ], [ -48.17842, -21.18636 ], [ -48.17198, -21.17546 ], [ -48.16888, -21.15871 ], [ -48.18125, -21.15212 ], [ -48.18694, -21.12993 ], [ -48.15375, -21.09655 ], [ -48.13534, -21.08751 ], [ -48.1265, -21.08675 ], [ -48.1247, -21.089 ], [ -48.12404, -21.07297 ], [ -48.132, -21.06034 ], [ -48.13121, -21.05524 ], [ -48.1339, -21.04707 ], [ -48.13322, -21.04236 ], [ -48.12941, -21.03855 ], [ -48.12675, -21.02603 ], [ -48.13098, -21.01216 ], [ -48.13602, -21.00942 ], [ -48.13498, -21.00284 ], [ -48.14242, -21.00093 ], [ -48.14334, -20.99052 ], [ -48.14996, -20.97934 ], [ -48.15335, -20.96309 ], [ -48.16151, -20.95174 ], [ -48.1608, -20.94686 ], [ -48.16605, -20.93658 ], [ -48.16606, -20.92957 ], [ -48.17368, -20.9206 ], [ -48.17214, -20.91061 ], [ -48.17596, -20.89072 ], [ -48.18019, -20.88648 ], [ -48.18998, -20.88595 ], [ -48.1986, -20.88212 ], [ -48.22801, -20.85723 ], [ -48.24263, -20.84895 ], [ -48.24395, -20.84214 ], [ -48.23441, -20.83036 ], [ -48.2325, -20.81873 ], [ -48.23618, -20.81377 ], [ -48.25158, -20.80928 ], [ -48.25663, -20.80331 ], [ -48.25694, -20.79512 ], [ -48.2504, -20.78889 ], [ -48.24337, -20.77649 ], [ -48.24876, -20.75802 ], [ -48.257, -20.74058 ], [ -48.26314, -20.73787 ], [ -48.27005, -20.74314 ], [ -48.27455, -20.74299 ], [ -48.28136, -20.73981 ], [ -48.29278, -20.72098 ], [ -48.29889, -20.71985 ], [ -48.31825, -20.72548 ], [ -48.32751, -20.71606 ], [ -48.34098, -20.68691 ], [ -48.33375, -20.66481 ], [ -48.35096, -20.6445 ], [ -48.34714, -20.6256 ], [ -48.34163, -20.61981 ], [ -48.32237, -20.60829 ], [ -48.32103, -20.58748 ], [ -48.32636, -20.58186 ], [ -48.33927, -20.58217 ], [ -48.35117, -20.56095 ], [ -48.35971, -20.55907 ], [ -48.38267, -20.54404 ], [ -48.38374, -20.536 ], [ -48.37658, -20.54293 ], [ -48.37014, -20.54462 ], [ -48.37173, -20.53948 ], [ -48.3686, -20.5348 ], [ -48.3723, -20.5297 ], [ -48.36916, -20.52708 ], [ -48.35611, -20.5273 ], [ -48.35265, -20.52322 ], [ -48.34719, -20.52535 ], [ -48.34422, -20.5215 ], [ -48.34143, -20.52357 ], [ -48.34213, -20.52744 ], [ -48.3342, -20.52851 ], [ -48.33282, -20.53209 ], [ -48.33118, -20.53008 ], [ -48.32666, -20.53204 ], [ -48.32269, -20.52554 ], [ -48.3173, -20.52366 ], [ -48.31881, -20.51823 ], [ -48.3077, -20.51673 ], [ -48.30116, -20.51266 ], [ -48.29832, -20.51469 ], [ -48.2934, -20.514 ], [ -48.29484, -20.51088 ], [ -48.28363, -20.49804 ], [ -48.28418, -20.4924 ], [ -48.28164, -20.49177 ], [ -48.28503, -20.48505 ], [ -48.2886, -20.48333 ], [ -48.28149, -20.48069 ], [ -48.28337, -20.47408 ], [ -48.27897, -20.47414 ], [ -48.28085, -20.47019 ], [ -48.27834, -20.46818 ], [ -48.26392, -20.46718 ], [ -48.25662, -20.46249 ], [ -48.24756, -20.46047 ], [ -48.23877, -20.46074 ], [ -48.23641, -20.45662 ], [ -48.22977, -20.45592 ], [ -48.22781, -20.44961 ], [ -48.22195, -20.4498 ], [ -48.21921, -20.45477 ], [ -48.21196, -20.45701 ], [ -48.20972, -20.45098 ], [ -48.20172, -20.44216 ], [ -48.17815, -20.38965 ], [ -48.18639, -20.34953 ], [ -48.19011, -20.34158 ], [ -48.17984, -20.33135 ], [ -48.17637, -20.3212 ], [ -48.16453, -20.30873 ], [ -48.16043, -20.29698 ], [ -48.15293, -20.29069 ], [ -48.14987, -20.29098 ], [ -48.14982, -20.28929 ], [ -48.14598, -20.29769 ], [ -48.14087, -20.29684 ], [ -48.13667, -20.29996 ], [ -48.13937, -20.30631 ], [ -48.12954, -20.31651 ], [ -48.11696, -20.30809 ], [ -48.11356, -20.30102 ], [ -48.10793, -20.3022 ], [ -48.10109, -20.3104 ], [ -48.09307, -20.30936 ], [ -48.08912, -20.30154 ], [ -48.08454, -20.31628 ], [ -48.07645, -20.32639 ], [ -48.07079, -20.32607 ], [ -48.06858, -20.32958 ], [ -48.07474, -20.34173 ], [ -48.0747, -20.34683 ], [ -48.06983, -20.34807 ], [ -48.05964, -20.34189 ], [ -48.0551, -20.34929 ], [ -48.03959, -20.35317 ], [ -48.01342, -20.32184 ], [ -47.99974, -20.30933 ], [ -47.97025, -20.29272 ], [ -47.97471, -20.28602 ], [ -47.9794, -20.28547 ], [ -47.98308, -20.28037 ], [ -47.98102, -20.26818 ], [ -47.97629, -20.26159 ], [ -47.962, -20.27285 ], [ -47.95135, -20.26612 ], [ -47.94459, -20.26521 ], [ -47.93732, -20.2591 ], [ -47.93511, -20.25258 ], [ -47.92455, -20.24626 ], [ -47.92385, -20.24214 ], [ -47.9313, -20.23634 ], [ -47.93322, -20.2318 ], [ -47.92677, -20.22804 ], [ -47.9294, -20.21498 ], [ -47.91362, -20.20973 ], [ -47.90877, -20.19139 ], [ -47.91156, -20.18598 ], [ -47.91087, -20.1779 ], [ -47.90682, -20.17067 ], [ -47.89508, -20.16352 ], [ -47.88912, -20.15552 ], [ -47.8909, -20.14165 ], [ -47.8877, -20.13892 ], [ -47.88775, -20.13394 ], [ -47.89554, -20.13113 ], [ -47.89917, -20.12621 ], [ -47.89352, -20.12402 ], [ -47.8902, -20.11498 ], [ -47.87498, -20.09691 ], [ -47.86845, -20.07751 ], [ -47.87023, -20.0611 ], [ -47.85975, -20.05263 ], [ -47.85959, -20.04686 ], [ -47.87403, -20.0352 ], [ -47.87569, -20.0208 ], [ -47.86192, -19.99595 ], [ -47.85376, -19.98988 ], [ -47.84258, -19.99142 ], [ -47.83031, -19.98731 ], [ -47.81447, -19.98803 ], [ -47.8003, -19.98461 ], [ -47.77913, -19.98693 ], [ -47.76277, -19.98555 ], [ -47.75197, -19.99081 ], [ -47.73377, -19.98737 ], [ -47.71728, -19.97905 ], [ -47.70436, -19.98001 ], [ -47.68911, -19.98868 ], [ -47.67754, -20.00131 ], [ -47.67403, -20.00835 ], [ -47.67576, -20.01665 ], [ -47.67034, -20.02322 ], [ -47.64053, -20.04782 ], [ -47.63372, -20.04958 ], [ -47.6265, -20.04347 ], [ -47.61391, -20.04205 ], [ -47.60109, -20.03419 ], [ -47.59311, -20.0222 ], [ -47.59458, -20.01451 ], [ -47.59298, -20.00804 ], [ -47.58302, -19.99544 ], [ -47.57578, -19.99398 ], [ -47.55413, -19.99702 ], [ -47.54038, -19.98411 ], [ -47.5084, -19.98279 ], [ -47.49726, -19.97127 ], [ -47.47985, -19.96852 ], [ -47.47283, -19.96127 ], [ -47.46434, -19.96345 ], [ -47.45117, -19.98728 ], [ -47.43945, -19.99469 ], [ -47.43425, -20.00393 ], [ -47.42518, -20.01213 ], [ -47.42466, -20.01793 ], [ -47.42813, -20.01878 ], [ -47.42766, -20.02259 ], [ -47.43073, -20.0232 ], [ -47.4314, -20.01896 ], [ -47.43406, -20.0242 ], [ -47.44472, -20.02974 ], [ -47.43685, -20.05244 ], [ -47.42202, -20.06055 ], [ -47.40579, -20.08188 ], [ -47.40118, -20.08382 ], [ -47.37435, -20.0848 ], [ -47.37004, -20.09246 ], [ -47.3582, -20.1042 ], [ -47.34854, -20.10531 ], [ -47.33706, -20.11328 ], [ -47.32277, -20.11669 ], [ -47.31666, -20.12183 ], [ -47.31023, -20.12362 ], [ -47.3058, -20.13352 ], [ -47.29197, -20.1492 ], [ -47.28474, -20.15324 ], [ -47.27606, -20.15315 ], [ -47.26532, -20.15716 ], [ -47.2573, -20.16552 ], [ -47.25542, -20.17169 ], [ -47.25738, -20.18482 ], [ -47.25523, -20.19251 ], [ -47.23141, -20.22073 ], [ -47.23283, -20.22856 ], [ -47.23799, -20.23352 ], [ -47.2398, -20.24423 ], [ -47.24776, -20.25884 ], [ -47.247, -20.26172 ], [ -47.25324, -20.2638 ], [ -47.26491, -20.28306 ], [ -47.26958, -20.28284 ], [ -47.27655, -20.29091 ], [ -47.28152, -20.30355 ], [ -47.28168, -20.31241 ], [ -47.28588, -20.3163 ], [ -47.28362, -20.32254 ], [ -47.2858, -20.32526 ], [ -47.28395, -20.32686 ], [ -47.28473, -20.33277 ], [ -47.28984, -20.33389 ], [ -47.29139, -20.33681 ], [ -47.28944, -20.33754 ], [ -47.29334, -20.33968 ], [ -47.29337, -20.34296 ], [ -47.29815, -20.34807 ], [ -47.29534, -20.35054 ], [ -47.29721, -20.3514 ], [ -47.29645, -20.35769 ], [ -47.29315, -20.36312 ], [ -47.29527, -20.3689 ], [ -47.29257, -20.3705 ], [ -47.29502, -20.37465 ], [ -47.29266, -20.37895 ], [ -47.29436, -20.38082 ], [ -47.29071, -20.38297 ], [ -47.29347, -20.38564 ], [ -47.29206, -20.38799 ], [ -47.28703, -20.3882 ], [ -47.29163, -20.39829 ], [ -47.28533, -20.40516 ], [ -47.28672, -20.4092 ], [ -47.28905, -20.40901 ], [ -47.28774, -20.41621 ], [ -47.29371, -20.41835 ], [ -47.28855, -20.42098 ], [ -47.29613, -20.42677 ], [ -47.29291, -20.42799 ], [ -47.29443, -20.43177 ], [ -47.28735, -20.43464 ], [ -47.28832, -20.43891 ], [ -47.28607, -20.44197 ], [ -47.29272, -20.4475 ], [ -47.28375, -20.45711 ], [ -47.2784, -20.45812 ], [ -47.27895, -20.46048 ], [ -47.27174, -20.46282 ], [ -47.26929, -20.46672 ], [ -47.25887, -20.46889 ], [ -47.25381, -20.478 ], [ -47.25015, -20.47689 ], [ -47.24672, -20.48098 ], [ -47.22754, -20.48824 ], [ -47.21943, -20.49656 ], [ -47.2128, -20.49817 ], [ -47.21142, -20.50197 ], [ -47.20426, -20.50341 ], [ -47.20204, -20.50183 ], [ -47.1916, -20.50697 ], [ -47.19075, -20.51053 ], [ -47.18619, -20.51025 ], [ -47.18523, -20.51362 ], [ -47.17963, -20.51305 ], [ -47.15186, -20.52145 ], [ -47.14321, -20.53482 ], [ -47.14566, -20.54013 ], [ -47.142, -20.54105 ], [ -47.14299, -20.54388 ], [ -47.13749, -20.56071 ], [ -47.14238, -20.56622 ], [ -47.13556, -20.57841 ], [ -47.13391, -20.58801 ], [ -47.12518, -20.59088 ], [ -47.12277, -20.59459 ], [ -47.12622, -20.60819 ], [ -47.12367, -20.6129 ], [ -47.1088, -20.62063 ], [ -47.11191, -20.62803 ], [ -47.11017, -20.63187 ], [ -47.11435, -20.63821 ], [ -47.10741, -20.63802 ], [ -47.09629, -20.64436 ], [ -47.0979, -20.64672 ], [ -47.09663, -20.66093 ], [ -47.10295, -20.67079 ], [ -47.10004, -20.67967 ], [ -47.10738, -20.68411 ], [ -47.10646, -20.6883 ], [ -47.1119, -20.69539 ], [ -47.11105, -20.69961 ], [ -47.11523, -20.707 ], [ -47.12862, -20.7096 ], [ -47.14516, -20.70567 ], [ -47.14843, -20.70752 ], [ -47.15451, -20.70351 ], [ -47.16285, -20.70357 ], [ -47.16418, -20.70075 ], [ -47.17004, -20.70201 ], [ -47.17397, -20.71119 ], [ -47.16947, -20.71663 ], [ -47.18632, -20.73105 ], [ -47.18267, -20.73461 ], [ -47.17647, -20.73495 ], [ -47.17367, -20.73828 ], [ -47.18254, -20.74156 ], [ -47.18814, -20.76898 ], [ -47.19587, -20.77525 ], [ -47.20838, -20.77657 ], [ -47.21376, -20.79187 ], [ -47.22499, -20.80103 ], [ -47.21423, -20.8261 ], [ -47.23978, -20.8855 ], [ -47.22427, -20.91166 ], [ -47.21011, -20.92375 ], [ -47.18996, -20.92818 ], [ -47.19255, -20.94081 ], [ -47.18751, -20.94836 ], [ -47.18081, -20.95389 ], [ -47.16904, -20.95615 ], [ -47.16711, -20.96366 ], [ -47.14977, -20.97183 ], [ -47.14398, -20.98253 ], [ -47.14707, -20.99246 ], [ -47.15096, -20.99703 ], [ -47.15072, -21.00366 ], [ -47.15717, -21.0186 ], [ -47.14735, -21.03709 ], [ -47.14871, -21.04518 ], [ -47.14564, -21.04837 ], [ -47.1462, -21.05944 ], [ -47.13876, -21.06941 ], [ -47.14477, -21.08945 ], [ -47.13682, -21.08807 ], [ -47.13692, -21.09033 ], [ -47.13298, -21.09031 ], [ -47.12908, -21.09451 ], [ -47.1284, -21.09858 ], [ -47.1131, -21.10513 ], [ -47.11238, -21.10867 ], [ -47.11886, -21.10902 ], [ -47.12241, -21.11294 ], [ -47.12699, -21.12174 ], [ -47.12577, -21.12499 ], [ -47.13352, -21.13331 ], [ -47.12691, -21.14404 ], [ -47.11817, -21.15002 ], [ -47.11767, -21.15501 ], [ -47.12443, -21.16701 ], [ -47.11846, -21.17609 ], [ -47.11899, -21.18558 ], [ -47.11442, -21.18758 ], [ -47.09819, -21.2073 ], [ -47.08982, -21.2105 ], [ -47.08618, -21.20715 ], [ -47.08241, -21.20882 ], [ -47.06279, -21.2079 ], [ -47.06941, -21.21717 ], [ -47.07105, -21.22366 ], [ -47.07977, -21.23276 ], [ -47.07631, -21.23504 ], [ -47.07588, -21.24134 ], [ -47.06312, -21.23912 ], [ -47.05303, -21.24592 ], [ -47.04988, -21.25347 ], [ -47.05101, -21.25794 ], [ -47.04482, -21.26224 ], [ -47.04409, -21.26546 ], [ -47.04763, -21.26806 ], [ -47.05108, -21.26504 ], [ -47.05736, -21.26422 ], [ -47.06531, -21.2691 ], [ -47.07679, -21.28455 ], [ -47.08371, -21.28769 ], [ -47.09147, -21.28664 ], [ -47.08862, -21.29671 ], [ -47.10727, -21.31588 ], [ -47.11828, -21.31924 ], [ -47.12749, -21.32851 ], [ -47.1458, -21.30579 ], [ -47.14333, -21.29596 ], [ -47.14531, -21.29409 ], [ -47.14818, -21.29846 ], [ -47.15967, -21.303 ], [ -47.17131, -21.31366 ], [ -47.1806, -21.33803 ], [ -47.19089, -21.34857 ], [ -47.18885, -21.35477 ], [ -47.19235, -21.36048 ], [ -47.19224, -21.36714 ], [ -47.20513, -21.38478 ], [ -47.2034, -21.38961 ], [ -47.20595, -21.39807 ], [ -47.20939, -21.40156 ], [ -47.20875, -21.40686 ], [ -47.20582, -21.40873 ], [ -47.20781, -21.41418 ], [ -47.21434, -21.41492 ], [ -47.21684, -21.41922 ], [ -47.21585, -21.42277 ], [ -47.21347, -21.42315 ], [ -47.21465, -21.42658 ], [ -47.21888, -21.42875 ], [ -47.2237, -21.42769 ], [ -47.22238, -21.42565 ], [ -47.22572, -21.42481 ], [ -47.22541, -21.42061 ], [ -47.23088, -21.4217 ], [ -47.23344, -21.42683 ], [ -47.23259, -21.43654 ], [ -47.23613, -21.43887 ], [ -47.23677, -21.44269 ], [ -47.24255, -21.44173 ], [ -47.25682, -21.44962 ], [ -47.26435, -21.45098 ], [ -47.26358, -21.4546 ], [ -47.27147, -21.4571 ], [ -47.27858, -21.46801 ], [ -47.27602, -21.47851 ], [ -47.27747, -21.48156 ], [ -47.27448, -21.48736 ], [ -47.28249, -21.51588 ], [ -47.27648, -21.52567 ], [ -47.2805, -21.5404 ], [ -47.28536, -21.54821 ], [ -47.29108, -21.5537 ], [ -47.3079, -21.55152 ], [ -47.31633, -21.55879 ], [ -47.32828, -21.55995 ], [ -47.33217, -21.56469 ], [ -47.34598, -21.56274 ], [ -47.35133, -21.56523 ], [ -47.35776, -21.57054 ], [ -47.35905, -21.57999 ], [ -47.36588, -21.58964 ], [ -47.36503, -21.59428 ], [ -47.37988, -21.60104 ], [ -47.3829, -21.59894 ], [ -47.39994, -21.61448 ], [ -47.39845, -21.62286 ], [ -47.38215, -21.63926 ], [ -47.3802, -21.64915 ], [ -47.37139, -21.64903 ], [ -47.35807, -21.64225 ], [ -47.35022, -21.64703 ], [ -47.34081, -21.64187 ], [ -47.33297, -21.64523 ], [ -47.32887, -21.64364 ], [ -47.32172, -21.64937 ], [ -47.32558, -21.6675 ], [ -47.33602, -21.66701 ], [ -47.33698, -21.66971 ], [ -47.33675, -21.68679 ], [ -47.32514, -21.70408 ], [ -47.32287, -21.71593 ], [ -47.3233, -21.7198 ], [ -47.33032, -21.72696 ], [ -47.31146, -21.73681 ], [ -47.30381, -21.73685 ], [ -47.30085, -21.74366 ], [ -47.29325, -21.75063 ], [ -47.29506, -21.76164 ], [ -47.31184, -21.77288 ], [ -47.32114, -21.77625 ], [ -47.33446, -21.77652 ], [ -47.33213, -21.78409 ], [ -47.34183, -21.79534 ], [ -47.34731, -21.80592 ] ] ] } },
{ "type": "Feature", "properties": { "regional_cgr": "CGR 09" }, "geometry": { "type": "Polygon", "coordinates": [ [ [ -49.21935, -21.67277 ], [ -49.26516, -21.66389 ], [ -49.27784, -21.65498 ], [ -49.29337, -21.63029 ], [ -49.31144, -21.61701 ], [ -49.32066, -21.59604 ], [ -49.32699, -21.562 ], [ -49.33952, -21.54625 ], [ -49.37598, -21.53445 ], [ -49.40517, -21.54375 ], [ -49.41646, -21.54342 ], [ -49.4385, -21.5307 ], [ -49.45008, -21.52025 ], [ -49.48843, -21.50034 ], [ -49.50616, -21.48097 ], [ -49.52454, -21.44882 ], [ -49.5447, -21.431 ], [ -49.54934, -21.4177 ], [ -49.55873, -21.41547 ], [ -49.56851, -21.40501 ], [ -49.58098, -21.3825 ], [ -49.58673, -21.37646 ], [ -49.59249, -21.37393 ], [ -49.60255, -21.37402 ], [ -49.62543, -21.35559 ], [ -49.64081, -21.352 ], [ -49.65803, -21.35213 ], [ -49.67288, -21.34924 ], [ -49.67921, -21.35315 ], [ -49.68591, -21.36327 ], [ -49.69447, -21.36374 ], [ -49.69995, -21.35834 ], [ -49.69636, -21.34291 ], [ -49.69992, -21.33676 ], [ -49.71268, -21.33496 ], [ -49.71911, -21.33835 ], [ -49.72445, -21.34547 ], [ -49.72792, -21.34447 ], [ -49.74608, -21.31465 ], [ -49.74317, -21.30164 ], [ -49.74533, -21.29674 ], [ -49.75291, -21.2963 ], [ -49.76719, -21.30583 ], [ -49.77102, -21.30586 ], [ -49.79057, -21.29475 ], [ -49.80217, -21.29305 ], [ -49.81731, -21.27919 ], [ -49.8465, -21.2721 ], [ -49.85596, -21.25984 ], [ -49.84762, -21.25843 ], [ -49.84098, -21.25035 ], [ -49.8248, -21.23778 ], [ -49.8152, -21.21107 ], [ -49.81491, -21.20333 ], [ -49.80284, -21.20333 ], [ -49.78932, -21.2089 ], [ -49.78397, -21.2085 ], [ -49.78564, -21.20016 ], [ -49.78391, -21.19259 ], [ -49.77333, -21.17777 ], [ -49.76396, -21.15352 ], [ -49.74965, -21.15094 ], [ -49.74731, -21.14514 ], [ -49.73614, -21.13457 ], [ -49.72701, -21.13317 ], [ -49.71967, -21.13715 ], [ -49.68936, -21.13087 ], [ -49.6754, -21.13492 ], [ -49.67129, -21.12994 ], [ -49.6616, -21.12652 ], [ -49.66238, -21.13119 ], [ -49.6598, -21.13479 ], [ -49.66185, -21.15559 ], [ -49.65965, -21.15858 ], [ -49.66074, -21.161 ], [ -49.65526, -21.16393 ], [ -49.65136, -21.15671 ], [ -49.64662, -21.15693 ], [ -49.64149, -21.14989 ], [ -49.63764, -21.15044 ], [ -49.63765, -21.147 ], [ -49.6282, -21.14212 ], [ -49.62033, -21.13327 ], [ -49.61801, -21.12609 ], [ -49.61133, -21.11976 ], [ -49.60471, -21.12057 ], [ -49.60013, -21.1166 ], [ -49.59342, -21.11872 ], [ -49.58909, -21.11555 ], [ -49.58438, -21.11766 ], [ -49.57746, -21.11648 ], [ -49.57449, -21.11017 ], [ -49.57552, -21.10228 ], [ -49.57127, -21.09311 ], [ -49.5718, -21.08538 ], [ -49.56909, -21.08175 ], [ -49.57406, -21.07341 ], [ -49.5682, -21.06684 ], [ -49.56291, -21.06505 ], [ -49.56353, -21.05807 ], [ -49.56179, -21.05714 ], [ -49.56735, -21.04905 ], [ -49.56354, -21.03883 ], [ -49.55992, -21.03819 ], [ -49.55745, -21.0247 ], [ -49.55895, -21.02297 ], [ -49.57323, -21.01654 ], [ -49.58426, -21.02431 ], [ -49.60303, -21.02511 ], [ -49.60377, -21.00278 ], [ -49.61241, -21.00252 ], [ -49.61116, -20.99552 ], [ -49.61304, -20.99195 ], [ -49.62062, -20.99105 ], [ -49.62786, -20.98605 ], [ -49.62789, -20.97874 ], [ -49.63519, -20.97125 ], [ -49.64015, -20.97224 ], [ -49.65349, -20.99434 ], [ -49.65548, -20.99061 ], [ -49.65361, -20.98082 ], [ -49.65859, -20.97558 ], [ -49.65811, -20.96991 ], [ -49.66756, -20.96489 ], [ -49.68302, -20.96639 ], [ -49.68656, -20.97002 ], [ -49.69586, -20.96584 ], [ -49.70621, -20.97235 ], [ -49.71459, -20.97238 ], [ -49.72072, -20.97577 ], [ -49.71818, -20.95952 ], [ -49.71277, -20.95296 ], [ -49.70555, -20.95047 ], [ -49.72622, -20.93234 ], [ -49.728, -20.93709 ], [ -49.75178, -20.93586 ], [ -49.7628, -20.93805 ], [ -49.76618, -20.94116 ], [ -49.77606, -20.93638 ], [ -49.78947, -20.93373 ], [ -49.80246, -20.93668 ], [ -49.80716, -20.9349 ], [ -49.81744, -20.93909 ], [ -49.82154, -20.93735 ], [ -49.82228, -20.94007 ], [ -49.82721, -20.94162 ], [ -49.82731, -20.95276 ], [ -49.82996, -20.94899 ], [ -49.84513, -20.94311 ], [ -49.85098, -20.93162 ], [ -49.85634, -20.93286 ], [ -49.86953, -20.92445 ], [ -49.87243, -20.91672 ], [ -49.92002, -20.9179 ], [ -49.92434, -20.92049 ], [ -49.92352, -20.92705 ], [ -49.92614, -20.93001 ], [ -49.94112, -20.93465 ], [ -49.94888, -20.92646 ], [ -49.95248, -20.91284 ], [ -49.95748, -20.90619 ], [ -49.96195, -20.9089 ], [ -49.97136, -20.90742 ], [ -49.97591, -20.90972 ], [ -49.97537, -20.91448 ], [ -49.98346, -20.93282 ], [ -49.99352, -20.94913 ], [ -50.00239, -20.95337 ], [ -50.00354, -20.95754 ], [ -50.00711, -20.95935 ], [ -50.00402, -20.96301 ], [ -50.00533, -20.96568 ], [ -50.01603, -20.96434 ], [ -50.01974, -20.96892 ], [ -50.01659, -20.97496 ], [ -50.01794, -20.97654 ], [ -50.02743, -20.97593 ], [ -50.03305, -20.978 ], [ -50.02245, -20.94317 ], [ -50.0293, -20.93567 ], [ -50.03229, -20.93468 ], [ -50.03526, -20.93979 ], [ -50.04598, -20.94038 ], [ -50.05146, -20.93103 ], [ -50.05637, -20.93976 ], [ -50.0615, -20.93955 ], [ -50.06286, -20.93571 ], [ -50.06109, -20.93314 ], [ -50.0648, -20.9216 ], [ -50.07247, -20.91381 ], [ -50.07125, -20.91016 ], [ -50.09264, -20.88652 ], [ -50.10384, -20.88685 ], [ -50.11257, -20.87624 ], [ -50.11542, -20.87718 ], [ -50.11644, -20.88077 ], [ -50.12345, -20.87961 ], [ -50.133, -20.88186 ], [ -50.14861, -20.87369 ], [ -50.15813, -20.87602 ], [ -50.16407, -20.87384 ], [ -50.16284, -20.87003 ], [ -50.15895, -20.8699 ], [ -50.1589, -20.86584 ], [ -50.15487, -20.86371 ], [ -50.15217, -20.85426 ], [ -50.15358, -20.85243 ], [ -50.15132, -20.85078 ], [ -50.14865, -20.85399 ], [ -50.14728, -20.84952 ], [ -50.14536, -20.85047 ], [ -50.14511, -20.84721 ], [ -50.14247, -20.84713 ], [ -50.1438, -20.84508 ], [ -50.13715, -20.84392 ], [ -50.1333, -20.83966 ], [ -50.13028, -20.84042 ], [ -50.12529, -20.83438 ], [ -50.12192, -20.83443 ], [ -50.12044, -20.82472 ], [ -50.12524, -20.82238 ], [ -50.12719, -20.81832 ], [ -50.12467, -20.81791 ], [ -50.12311, -20.81345 ], [ -50.12701, -20.80657 ], [ -50.11729, -20.79563 ], [ -50.1163, -20.7848 ], [ -50.11031, -20.77813 ], [ -50.11515, -20.76679 ], [ -50.11422, -20.76303 ], [ -50.1249, -20.74691 ], [ -50.12422, -20.73901 ], [ -50.12056, -20.73304 ], [ -50.12152, -20.72467 ], [ -50.11805, -20.72146 ], [ -50.12266, -20.71399 ], [ -50.12609, -20.69824 ], [ -50.12188, -20.69281 ], [ -50.12325, -20.68289 ], [ -50.12062, -20.67891 ], [ -50.10855, -20.67051 ], [ -50.1012, -20.67157 ], [ -50.10184, -20.66083 ], [ -50.09453, -20.64689 ], [ -50.09358, -20.6375 ], [ -50.08827, -20.6307 ], [ -50.08844, -20.62334 ], [ -50.09185, -20.61658 ], [ -50.10438, -20.61074 ], [ -50.11415, -20.59987 ], [ -50.11821, -20.59059 ], [ -50.11922, -20.57918 ], [ -50.12459, -20.57074 ], [ -50.12452, -20.56427 ], [ -50.12888, -20.5568 ], [ -50.12827, -20.55243 ], [ -50.1245, -20.55133 ], [ -50.12693, -20.54638 ], [ -50.12134, -20.5354 ], [ -50.12351, -20.52558 ], [ -50.11972, -20.52029 ], [ -50.12301, -20.51643 ], [ -50.12164, -20.51296 ], [ -50.13529, -20.51545 ], [ -50.13837, -20.5207 ], [ -50.14353, -20.51112 ], [ -50.14102, -20.50497 ], [ -50.14815, -20.50051 ], [ -50.15352, -20.50485 ], [ -50.1564, -20.50291 ], [ -50.15904, -20.50449 ], [ -50.16081, -20.51311 ], [ -50.16787, -20.51281 ], [ -50.16653, -20.50298 ], [ -50.17108, -20.49866 ], [ -50.17625, -20.50032 ], [ -50.17704, -20.49199 ], [ -50.18379, -20.49124 ], [ -50.18624, -20.48829 ], [ -50.18981, -20.49032 ], [ -50.19183, -20.4837 ], [ -50.20138, -20.48663 ], [ -50.20311, -20.48158 ], [ -50.20935, -20.47692 ], [ -50.21385, -20.47736 ], [ -50.21479, -20.48142 ], [ -50.21695, -20.48052 ], [ -50.21989, -20.48411 ], [ -50.21691, -20.48434 ], [ -50.21686, -20.48635 ], [ -50.22523, -20.49162 ], [ -50.22637, -20.49559 ], [ -50.2306, -20.4967 ], [ -50.22951, -20.49387 ], [ -50.23789, -20.49205 ], [ -50.24097, -20.48771 ], [ -50.24647, -20.49061 ], [ -50.24745, -20.4758 ], [ -50.25096, -20.47505 ], [ -50.25665, -20.47939 ], [ -50.26035, -20.47924 ], [ -50.26089, -20.47455 ], [ -50.26504, -20.47126 ], [ -50.26879, -20.47269 ], [ -50.28083, -20.46693 ], [ -50.29079, -20.47128 ], [ -50.2975, -20.46049 ], [ -50.30035, -20.46985 ], [ -50.30328, -20.46788 ], [ -50.30528, -20.47192 ], [ -50.31235, -20.46921 ], [ -50.31765, -20.47458 ], [ -50.32607, -20.4765 ], [ -50.3314, -20.46901 ], [ -50.33567, -20.47358 ], [ -50.34542, -20.47696 ], [ -50.35684, -20.47136 ], [ -50.3615, -20.47757 ], [ -50.37122, -20.47021 ], [ -50.37286, -20.47459 ], [ -50.38428, -20.47314 ], [ -50.3851, -20.47649 ], [ -50.39357, -20.47214 ], [ -50.39431, -20.4774 ], [ -50.39739, -20.47948 ], [ -50.40139, -20.47681 ], [ -50.40987, -20.48009 ], [ -50.42791, -20.47433 ], [ -50.4312, -20.47922 ], [ -50.43891, -20.47885 ], [ -50.43739, -20.48022 ], [ -50.44061, -20.48329 ], [ -50.44847, -20.48237 ], [ -50.44811, -20.48594 ], [ -50.46694, -20.48917 ], [ -50.47231, -20.49426 ], [ -50.47995, -20.49594 ], [ -50.48402, -20.49279 ], [ -50.492, -20.49964 ], [ -50.49397, -20.49869 ], [ -50.49278, -20.49648 ], [ -50.49722, -20.49605 ], [ -50.50094, -20.49979 ], [ -50.50544, -20.49643 ], [ -50.51031, -20.50228 ], [ -50.51858, -20.50114 ], [ -50.52084, -20.50734 ], [ -50.52751, -20.50916 ], [ -50.5448, -20.50377 ], [ -50.54901, -20.50933 ], [ -50.54744, -20.51952 ], [ -50.55453, -20.5236 ], [ -50.55313, -20.52672 ], [ -50.55534, -20.5287 ], [ -50.56512, -20.52154 ], [ -50.57014, -20.5212 ], [ -50.5735, -20.518 ], [ -50.58305, -20.51887 ], [ -50.5826, -20.51606 ], [ -50.58623, -20.51766 ], [ -50.58637, -20.51519 ], [ -50.59189, -20.52289 ], [ -50.60045, -20.52418 ], [ -50.60513, -20.52122 ], [ -50.60333, -20.51882 ], [ -50.61321, -20.51926 ], [ -50.62539, -20.50802 ], [ -50.63386, -20.51525 ], [ -50.63665, -20.51379 ], [ -50.63703, -20.50854 ], [ -50.64449, -20.50666 ], [ -50.64818, -20.50765 ], [ -50.64743, -20.5111 ], [ -50.65015, -20.51498 ], [ -50.66099, -20.51912 ], [ -50.6616, -20.5278 ], [ -50.66598, -20.53196 ], [ -50.67809, -20.52798 ], [ -50.68236, -20.52951 ], [ -50.68336, -20.52451 ], [ -50.68896, -20.52364 ], [ -50.68847, -20.53303 ], [ -50.6908, -20.53373 ], [ -50.68802, -20.53592 ], [ -50.69183, -20.53869 ], [ -50.69559, -20.529 ], [ -50.70547, -20.5347 ], [ -50.71279, -20.5278 ], [ -50.72477, -20.52695 ], [ -50.73058, -20.53128 ], [ -50.72964, -20.53317 ], [ -50.73722, -20.53605 ], [ -50.7387, -20.54482 ], [ -50.7547, -20.53935 ], [ -50.75613, -20.5485 ], [ -50.76507, -20.55321 ], [ -50.77034, -20.55262 ], [ -50.76939, -20.54438 ], [ -50.77905, -20.54559 ], [ -50.7877, -20.54222 ], [ -50.79153, -20.54573 ], [ -50.79953, -20.54109 ], [ -50.80793, -20.54639 ], [ -50.81044, -20.54206 ], [ -50.80646, -20.54088 ], [ -50.80797, -20.53529 ], [ -50.81259, -20.53098 ], [ -50.82303, -20.53454 ], [ -50.82317, -20.53236 ], [ -50.83111, -20.53301 ], [ -50.83205, -20.53093 ], [ -50.84314, -20.53377 ], [ -50.84758, -20.54093 ], [ -50.84642, -20.54386 ], [ -50.84887, -20.54854 ], [ -50.85441, -20.54231 ], [ -50.86449, -20.54539 ], [ -50.87024, -20.54472 ], [ -50.87784, -20.53807 ], [ -50.88228, -20.54277 ], [ -50.87846, -20.55092 ], [ -50.88436, -20.54887 ], [ -50.88433, -20.55575 ], [ -50.88739, -20.55895 ], [ -50.8966, -20.55707 ], [ -50.89746, -20.55502 ], [ -50.89488, -20.55301 ], [ -50.89664, -20.54912 ], [ -50.89362, -20.5437 ], [ -50.90344, -20.53851 ], [ -50.91455, -20.54175 ], [ -50.91752, -20.5519 ], [ -50.92254, -20.55049 ], [ -50.92404, -20.54244 ], [ -50.92706, -20.54155 ], [ -50.92803, -20.54507 ], [ -50.92498, -20.55127 ], [ -50.93442, -20.55667 ], [ -50.93255, -20.55761 ], [ -50.93497, -20.55756 ], [ -50.94222, -20.54883 ], [ -50.94841, -20.54758 ], [ -50.9509, -20.55103 ], [ -50.94804, -20.55564 ], [ -50.96147, -20.55852 ], [ -50.96156, -20.55346 ], [ -50.96608, -20.54878 ], [ -50.96833, -20.52817 ], [ -50.9646, -20.52274 ], [ -50.96817, -20.52067 ], [ -50.96819, -20.51189 ], [ -50.98256, -20.49597 ], [ -50.98032, -20.49122 ], [ -50.98317, -20.48211 ], [ -50.97883, -20.4718 ], [ -50.98041, -20.45761 ], [ -50.9861, -20.45179 ], [ -50.98616, -20.43972 ], [ -50.99423, -20.42939 ], [ -50.99845, -20.4146 ], [ -51.01404, -20.40707 ], [ -51.02048, -20.38631 ], [ -51.04997, -20.36337 ], [ -51.06394, -20.34174 ], [ -51.07894, -20.32818 ], [ -51.08338, -20.31082 ], [ -51.08239, -20.30681 ], [ -51.09436, -20.28546 ], [ -51.10467, -20.28636 ], [ -51.10954, -20.27966 ], [ -51.07675, -20.26477 ], [ -51.04532, -20.23912 ], [ -51.04224, -20.23055 ], [ -51.04071, -20.21266 ], [ -51.03409, -20.19369 ], [ -51.0346, -20.17619 ], [ -51.03189, -20.16717 ], [ -51.01808, -20.14456 ], [ -51.00381, -20.11119 ], [ -50.99854, -20.08152 ], [ -50.9685, -20.03592 ], [ -50.96421, -20.03286 ], [ -50.95205, -20.0327 ], [ -50.94636, -20.03018 ], [ -50.93349, -20.01528 ], [ -50.91338, -20.00418 ], [ -50.90457, -19.99148 ], [ -50.87401, -19.98998 ], [ -50.86889, -19.98765 ], [ -50.85528, -19.97089 ], [ -50.81676, -19.95796 ], [ -50.78806, -19.93908 ], [ -50.76278, -19.93477 ], [ -50.75366, -19.92961 ], [ -50.73289, -19.93016 ], [ -50.71272, -19.92071 ], [ -50.68904, -19.91461 ], [ -50.67962, -19.91452 ], [ -50.65783, -19.90546 ], [ -50.64992, -19.89893 ], [ -50.63392, -19.87217 ], [ -50.60631, -19.85736 ], [ -50.57771, -19.81492 ], [ -50.57045, -19.81229 ], [ -50.56111, -19.81451 ], [ -50.54921, -19.81185 ], [ -50.51693, -19.79547 ], [ -50.50079, -19.79665 ], [ -50.48131, -19.78274 ], [ -50.4752, -19.7808 ], [ -50.46144, -19.78164 ], [ -50.44189, -19.7945 ], [ -50.42662, -19.79594 ], [ -50.41248, -19.80436 ], [ -50.3953, -19.81933 ], [ -50.38985, -19.82949 ], [ -50.37959, -19.837 ], [ -50.37428, -19.84489 ], [ -50.36766, -19.84645 ], [ -50.35897, -19.8529 ], [ -50.35155, -19.86262 ], [ -50.34284, -19.86923 ], [ -50.32689, -19.87026 ], [ -50.31351, -19.87554 ], [ -50.28972, -19.86744 ], [ -50.24461, -19.8769 ], [ -50.21664, -19.86738 ], [ -50.20045, -19.86626 ], [ -50.15567, -19.87949 ], [ -50.13819, -19.87472 ], [ -50.10224, -19.87441 ], [ -50.0724, -19.88922 ], [ -50.05665, -19.91078 ], [ -50.01167, -19.92593 ], [ -49.95669, -19.92087 ], [ -49.92108, -19.9304 ], [ -49.88838, -19.94464 ], [ -49.86264, -19.94443 ], [ -49.85606, -19.9466 ], [ -49.83653, -19.93215 ], [ -49.8146, -19.93325 ], [ -49.78512, -19.9239 ], [ -49.73586, -19.9251 ], [ -49.68032, -19.93385 ], [ -49.66358, -19.93098 ], [ -49.62816, -19.93043 ], [ -49.6139, -19.92019 ], [ -49.59481, -19.94624 ], [ -49.59637, -19.95228 ], [ -49.59121, -19.96109 ], [ -49.59213, -19.96418 ], [ -49.58686, -19.96984 ], [ -49.58315, -19.96814 ], [ -49.57522, -19.97709 ], [ -49.56681, -20.00091 ], [ -49.55641, -20.01091 ], [ -49.55048, -20.02403 ], [ -49.55174, -20.03618 ], [ -49.54937, -20.04578 ], [ -49.55321, -20.05802 ], [ -49.55123, -20.06859 ], [ -49.55955, -20.07543 ], [ -49.55917, -20.0805 ], [ -49.56595, -20.08568 ], [ -49.57453, -20.08241 ], [ -49.57768, -20.0878 ], [ -49.58263, -20.08761 ], [ -49.5954, -20.07671 ], [ -49.59891, -20.07673 ], [ -49.59599, -20.08756 ], [ -49.59917, -20.11658 ], [ -49.60721, -20.13688 ], [ -49.61698, -20.14793 ], [ -49.61759, -20.15983 ], [ -49.62433, -20.17657 ], [ -49.6215, -20.17759 ], [ -49.61962, -20.18821 ], [ -49.60809, -20.18635 ], [ -49.59898, -20.19582 ], [ -49.58734, -20.19711 ], [ -49.58587, -20.20305 ], [ -49.58101, -20.20334 ], [ -49.57491, -20.20802 ], [ -49.56279, -20.20766 ], [ -49.55588, -20.21473 ], [ -49.54884, -20.21069 ], [ -49.53368, -20.22333 ], [ -49.52416, -20.22007 ], [ -49.51599, -20.21344 ], [ -49.5096, -20.21353 ], [ -49.50631, -20.2228 ], [ -49.49474, -20.23068 ], [ -49.49383, -20.23409 ], [ -49.4975, -20.23781 ], [ -49.49505, -20.24188 ], [ -49.48445, -20.23497 ], [ -49.48704, -20.23113 ], [ -49.48332, -20.23037 ], [ -49.48189, -20.2231 ], [ -49.47825, -20.22628 ], [ -49.47656, -20.2237 ], [ -49.47893, -20.22166 ], [ -49.46956, -20.22093 ], [ -49.47041, -20.21906 ], [ -49.46834, -20.21807 ], [ -49.46503, -20.22129 ], [ -49.45964, -20.21766 ], [ -49.45807, -20.22009 ], [ -49.46231, -20.22088 ], [ -49.46508, -20.22591 ], [ -49.46211, -20.22718 ], [ -49.45613, -20.22153 ], [ -49.45311, -20.2245 ], [ -49.45721, -20.22596 ], [ -49.45572, -20.2301 ], [ -49.44212, -20.24006 ], [ -49.44176, -20.23748 ], [ -49.43872, -20.23771 ], [ -49.43926, -20.23268 ], [ -49.43671, -20.23393 ], [ -49.4328, -20.23087 ], [ -49.43563, -20.22713 ], [ -49.43359, -20.22324 ], [ -49.4297, -20.21815 ], [ -49.42532, -20.21719 ], [ -49.42533, -20.22003 ], [ -49.42113, -20.21864 ], [ -49.4096, -20.22416 ], [ -49.4065, -20.23323 ], [ -49.4019, -20.23715 ], [ -49.40363, -20.23824 ], [ -49.3915, -20.24173 ], [ -49.3872, -20.23932 ], [ -49.3885, -20.24621 ], [ -49.38578, -20.24801 ], [ -49.38705, -20.24525 ], [ -49.38412, -20.24657 ], [ -49.38541, -20.24454 ], [ -49.38282, -20.24479 ], [ -49.38134, -20.2481 ], [ -49.37855, -20.24747 ], [ -49.37964, -20.25036 ], [ -49.37746, -20.25213 ], [ -49.37738, -20.24925 ], [ -49.37065, -20.24863 ], [ -49.37558, -20.24794 ], [ -49.37493, -20.24448 ], [ -49.36768, -20.24708 ], [ -49.35807, -20.24648 ], [ -49.34929, -20.2501 ], [ -49.35441, -20.26753 ], [ -49.3499, -20.26796 ], [ -49.35169, -20.27292 ], [ -49.34808, -20.27146 ], [ -49.33537, -20.27326 ], [ -49.32735, -20.27689 ], [ -49.33104, -20.28045 ], [ -49.32587, -20.27959 ], [ -49.32809, -20.28518 ], [ -49.32591, -20.28346 ], [ -49.32515, -20.28692 ], [ -49.32077, -20.285 ], [ -49.32277, -20.2895 ], [ -49.3203, -20.29314 ], [ -49.3162, -20.29055 ], [ -49.31791, -20.2926 ], [ -49.31561, -20.29241 ], [ -49.31777, -20.29658 ], [ -49.316, -20.29883 ], [ -49.30639, -20.30198 ], [ -49.31101, -20.30963 ], [ -49.30802, -20.31102 ], [ -49.30941, -20.31637 ], [ -49.30444, -20.31996 ], [ -49.30679, -20.31991 ], [ -49.30365, -20.32827 ], [ -49.30059, -20.32651 ], [ -49.29887, -20.32798 ], [ -49.29799, -20.33043 ], [ -49.30002, -20.33103 ], [ -49.29629, -20.33642 ], [ -49.29396, -20.33437 ], [ -49.28889, -20.33849 ], [ -49.2843, -20.3361 ], [ -49.2831, -20.34058 ], [ -49.27953, -20.33885 ], [ -49.28072, -20.34108 ], [ -49.27772, -20.34452 ], [ -49.27663, -20.34125 ], [ -49.27263, -20.34154 ], [ -49.27067, -20.34581 ], [ -49.27352, -20.3539 ], [ -49.27925, -20.35522 ], [ -49.29313, -20.37006 ], [ -49.29615, -20.38132 ], [ -49.29084, -20.38285 ], [ -49.27437, -20.37743 ], [ -49.27137, -20.37943 ], [ -49.26504, -20.39162 ], [ -49.26961, -20.40588 ], [ -49.26654, -20.4123 ], [ -49.26846, -20.41352 ], [ -49.26633, -20.42108 ], [ -49.26092, -20.42544 ], [ -49.25581, -20.42339 ], [ -49.24982, -20.42638 ], [ -49.22855, -20.41239 ], [ -49.22193, -20.41392 ], [ -49.22463, -20.41554 ], [ -49.2232, -20.42163 ], [ -49.22707, -20.42104 ], [ -49.23773, -20.4297 ], [ -49.23485, -20.43323 ], [ -49.22693, -20.43538 ], [ -49.22619, -20.43871 ], [ -49.23009, -20.43796 ], [ -49.24094, -20.44745 ], [ -49.23064, -20.45521 ], [ -49.22492, -20.45554 ], [ -49.2252, -20.46059 ], [ -49.21876, -20.46569 ], [ -49.21929, -20.47295 ], [ -49.21185, -20.47789 ], [ -49.21467, -20.48305 ], [ -49.21221, -20.48824 ], [ -49.21503, -20.49049 ], [ -49.2111, -20.49308 ], [ -49.21084, -20.50267 ], [ -49.18917, -20.51152 ], [ -49.20242, -20.52956 ], [ -49.20011, -20.53564 ], [ -49.17544, -20.54611 ], [ -49.1682, -20.55179 ], [ -49.16622, -20.55501 ], [ -49.16818, -20.56082 ], [ -49.15989, -20.57168 ], [ -49.16122, -20.57454 ], [ -49.14989, -20.5768 ], [ -49.146, -20.58256 ], [ -49.13601, -20.58337 ], [ -49.13336, -20.58723 ], [ -49.13655, -20.59406 ], [ -49.12558, -20.59509 ], [ -49.1192, -20.59956 ], [ -49.11861, -20.60367 ], [ -49.12399, -20.61106 ], [ -49.12408, -20.62321 ], [ -49.11576, -20.62377 ], [ -49.12353, -20.63111 ], [ -49.12465, -20.63754 ], [ -49.10956, -20.64683 ], [ -49.10632, -20.6513 ], [ -49.12933, -20.65779 ], [ -49.12743, -20.66295 ], [ -49.12119, -20.66661 ], [ -49.12633, -20.66957 ], [ -49.12935, -20.67473 ], [ -49.12084, -20.68318 ], [ -49.12401, -20.69189 ], [ -49.12179, -20.70269 ], [ -49.12698, -20.7108 ], [ -49.12403, -20.71379 ], [ -49.12608, -20.71585 ], [ -49.12642, -20.7265 ], [ -49.12175, -20.73039 ], [ -49.11799, -20.73944 ], [ -49.11171, -20.73675 ], [ -49.108, -20.73904 ], [ -49.10995, -20.74247 ], [ -49.10714, -20.74081 ], [ -49.10406, -20.74234 ], [ -49.10537, -20.74451 ], [ -49.09916, -20.74719 ], [ -49.09526, -20.75645 ], [ -49.09541, -20.76674 ], [ -49.10513, -20.77916 ], [ -49.09496, -20.78437 ], [ -49.09122, -20.78909 ], [ -49.09005, -20.79437 ], [ -49.09371, -20.80568 ], [ -49.09306, -20.81083 ], [ -49.08379, -20.81342 ], [ -49.07725, -20.81097 ], [ -49.06837, -20.81311 ], [ -49.06392, -20.81183 ], [ -49.05473, -20.81837 ], [ -49.0546, -20.82184 ], [ -49.04651, -20.82523 ], [ -49.04599, -20.82938 ], [ -49.04081, -20.83287 ], [ -49.04172, -20.83498 ], [ -49.03425, -20.83708 ], [ -49.02321, -20.84993 ], [ -49.01652, -20.85385 ], [ -49.00814, -20.85473 ], [ -49.00125, -20.8482 ], [ -48.98454, -20.8482 ], [ -48.95629, -20.86818 ], [ -48.951, -20.86687 ], [ -48.94762, -20.8709 ], [ -48.94818, -20.87786 ], [ -48.94275, -20.88318 ], [ -48.9302, -20.88154 ], [ -48.92604, -20.87578 ], [ -48.91373, -20.88269 ], [ -48.91309, -20.88081 ], [ -48.90977, -20.88114 ], [ -48.90425, -20.88638 ], [ -48.90663, -20.88678 ], [ -48.9054, -20.88913 ], [ -48.90774, -20.89253 ], [ -48.91132, -20.89332 ], [ -48.90744, -20.89915 ], [ -48.90872, -20.91781 ], [ -48.90234, -20.92812 ], [ -48.89883, -20.93002 ], [ -48.90073, -20.93551 ], [ -48.89509, -20.93831 ], [ -48.89194, -20.94768 ], [ -48.88204, -20.94758 ], [ -48.88601, -20.95891 ], [ -48.87802, -20.9611 ], [ -48.87816, -20.97012 ], [ -48.86618, -20.9744 ], [ -48.86476, -20.97923 ], [ -48.86131, -20.97769 ], [ -48.86177, -20.98449 ], [ -48.85624, -20.99637 ], [ -48.8597, -21.00129 ], [ -48.85846, -21.00813 ], [ -48.85523, -21.00862 ], [ -48.85004, -21.01439 ], [ -48.83485, -21.01667 ], [ -48.83016, -21.02149 ], [ -48.831, -21.03003 ], [ -48.82602, -21.02873 ], [ -48.81761, -21.0321 ], [ -48.81677, -21.03633 ], [ -48.81936, -21.04113 ], [ -48.81611, -21.04251 ], [ -48.82014, -21.0548 ], [ -48.80451, -21.05863 ], [ -48.80903, -21.07142 ], [ -48.80549, -21.07262 ], [ -48.8015, -21.07837 ], [ -48.796, -21.07676 ], [ -48.79007, -21.07976 ], [ -48.79255, -21.08583 ], [ -48.78528, -21.09032 ], [ -48.78642, -21.09683 ], [ -48.78389, -21.09959 ], [ -48.77716, -21.09875 ], [ -48.77482, -21.10412 ], [ -48.7779, -21.10575 ], [ -48.77659, -21.1091 ], [ -48.77031, -21.10826 ], [ -48.76471, -21.11923 ], [ -48.75811, -21.12013 ], [ -48.75917, -21.13512 ], [ -48.75452, -21.13474 ], [ -48.74883, -21.13991 ], [ -48.74865, -21.14549 ], [ -48.74598, -21.14777 ], [ -48.73596, -21.14893 ], [ -48.72786, -21.16658 ], [ -48.72659, -21.17264 ], [ -48.72856, -21.17798 ], [ -48.7249, -21.18057 ], [ -48.72393, -21.18938 ], [ -48.70784, -21.20274 ], [ -48.70439, -21.21231 ], [ -48.69982, -21.21353 ], [ -48.69459, -21.22118 ], [ -48.69828, -21.22759 ], [ -48.70889, -21.23047 ], [ -48.72164, -21.24105 ], [ -48.73114, -21.24175 ], [ -48.73548, -21.24648 ], [ -48.74149, -21.24544 ], [ -48.74355, -21.24883 ], [ -48.74224, -21.25393 ], [ -48.7324, -21.25961 ], [ -48.73592, -21.26565 ], [ -48.73288, -21.27644 ], [ -48.73601, -21.28179 ], [ -48.73238, -21.28674 ], [ -48.73469, -21.30499 ], [ -48.73075, -21.31679 ], [ -48.73428, -21.32147 ], [ -48.73335, -21.32894 ], [ -48.73797, -21.34473 ], [ -48.74651, -21.35824 ], [ -48.74866, -21.37508 ], [ -48.74497, -21.39193 ], [ -48.75245, -21.40598 ], [ -48.75394, -21.41974 ], [ -48.75687, -21.42364 ], [ -48.76221, -21.42303 ], [ -48.77488, -21.42703 ], [ -48.78225, -21.42048 ], [ -48.79108, -21.41756 ], [ -48.79429, -21.40839 ], [ -48.80457, -21.41272 ], [ -48.81412, -21.4113 ], [ -48.81945, -21.40696 ], [ -48.8239, -21.40765 ], [ -48.83165, -21.39535 ], [ -48.83601, -21.39243 ], [ -48.83825, -21.39519 ], [ -48.84921, -21.39009 ], [ -48.85273, -21.39249 ], [ -48.87671, -21.39303 ], [ -48.87965, -21.38918 ], [ -48.89201, -21.38369 ], [ -48.90022, -21.37021 ], [ -48.92265, -21.38202 ], [ -48.94733, -21.39923 ], [ -48.94577, -21.41213 ], [ -48.94935, -21.42565 ], [ -48.95549, -21.42344 ], [ -48.96445, -21.42519 ], [ -48.97146, -21.43584 ], [ -48.97685, -21.41917 ], [ -48.98154, -21.41569 ], [ -48.98557, -21.42642 ], [ -48.98641, -21.43749 ], [ -48.98291, -21.45443 ], [ -48.99099, -21.45573 ], [ -48.99765, -21.45986 ], [ -49.00432, -21.45933 ], [ -49.01095, -21.47385 ], [ -49.01939, -21.48193 ], [ -49.0392, -21.48466 ], [ -49.04104, -21.49114 ], [ -49.05112, -21.4891 ], [ -49.07056, -21.47796 ], [ -49.08232, -21.46417 ], [ -49.08634, -21.46531 ], [ -49.09766, -21.4835 ], [ -49.11417, -21.49983 ], [ -49.11826, -21.51472 ], [ -49.13257, -21.51562 ], [ -49.13891, -21.52466 ], [ -49.14957, -21.52878 ], [ -49.15399, -21.54059 ], [ -49.15339, -21.55215 ], [ -49.16836, -21.56271 ], [ -49.1693, -21.57009 ], [ -49.17683, -21.57758 ], [ -49.17917, -21.58981 ], [ -49.18587, -21.59494 ], [ -49.20107, -21.59668 ], [ -49.2105, -21.60364 ], [ -49.218, -21.60445 ], [ -49.2244, -21.60909 ], [ -49.23131, -21.62061 ], [ -49.24092, -21.62127 ], [ -49.22699, -21.6595 ], [ -49.2142, -21.67131 ], [ -49.21935, -21.67277 ] ] ] } },
{ "type": "Feature", "properties": { "regional_cgr": "CGR 10" }, "geometry": { "type": "Polygon", "coordinates": [ [ [ -46.61251, -23.96808 ], [ -46.61794, -23.96733 ], [ -46.62109, -23.97081 ], [ -46.6357, -23.977 ], [ -46.63345, -23.98747 ], [ -46.62947, -23.99053 ], [ -46.64974, -24.00104 ], [ -46.66197, -23.98795 ], [ -46.67932, -23.98881 ], [ -46.68512, -23.98222 ], [ -46.71152, -23.99595 ], [ -46.71795, -23.99575 ], [ -46.7217, -23.99279 ], [ -46.72639, -23.99569 ], [ -46.73208, -23.99545 ], [ -46.74358, -23.992 ], [ -46.75318, -23.99611 ], [ -46.75316, -23.99942 ], [ -46.76193, -24.00452 ], [ -46.77202, -24.00637 ], [ -46.77386, -24.00239 ], [ -46.76809, -23.99894 ], [ -46.76645, -23.99162 ], [ -46.76216, -23.98783 ], [ -46.75494, -23.97272 ], [ -46.76301, -23.96802 ], [ -46.76275, -23.96414 ], [ -46.76525, -23.96165 ], [ -46.77092, -23.96142 ], [ -46.775, -23.95707 ], [ -46.77419, -23.94988 ], [ -46.78077, -23.949 ], [ -46.78844, -23.94081 ], [ -46.79332, -23.94389 ], [ -46.79671, -23.93966 ], [ -46.80233, -23.93808 ], [ -46.80774, -23.94034 ], [ -46.81489, -23.93963 ], [ -46.81728, -23.94323 ], [ -46.82067, -23.94191 ], [ -46.82167, -23.94433 ], [ -46.83041, -23.94751 ], [ -46.8234, -23.9537 ], [ -46.82367, -23.95619 ], [ -46.83478, -23.95592 ], [ -46.83968, -23.95854 ], [ -46.84027, -23.96231 ], [ -46.84553, -23.9622 ], [ -46.84924, -23.9651 ], [ -46.85473, -23.97335 ], [ -46.85647, -23.97087 ], [ -46.86778, -23.97983 ], [ -46.87388, -23.97797 ], [ -46.88245, -23.98455 ], [ -46.88028, -23.99467 ], [ -46.87517, -24.0001 ], [ -46.87026, -24.0015 ], [ -46.86776, -24.01224 ], [ -46.87045, -24.01551 ], [ -46.87363, -24.01524 ], [ -46.86762, -24.01685 ], [ -46.86753, -24.02003 ], [ -46.87643, -24.02439 ], [ -46.88456, -24.02309 ], [ -46.8829, -24.02573 ], [ -46.88474, -24.03021 ], [ -46.88834, -24.03001 ], [ -46.89345, -24.03441 ], [ -46.89211, -24.03657 ], [ -46.88776, -24.03654 ], [ -46.89304, -24.04013 ], [ -46.89599, -24.03961 ], [ -46.89986, -24.04353 ], [ -46.89959, -24.04617 ], [ -46.90445, -24.0465 ], [ -46.90826, -24.0419 ], [ -46.9147, -24.04443 ], [ -46.91732, -24.04088 ], [ -46.92778, -24.04494 ], [ -46.9314, -24.04155 ], [ -46.94073, -24.04367 ], [ -46.94626, -24.04046 ], [ -46.95244, -24.0451 ], [ -46.96221, -24.04556 ], [ -46.9648, -24.04291 ], [ -46.96787, -24.04583 ], [ -46.96338, -24.05713 ], [ -46.97666, -24.06392 ], [ -46.97983, -24.06303 ], [ -46.98246, -24.05798 ], [ -46.98722, -24.05957 ], [ -46.99266, -24.05688 ], [ -46.99516, -24.05095 ], [ -47.00277, -24.05637 ], [ -47.00648, -24.06384 ], [ -47.01697, -24.05626 ], [ -47.01943, -24.0579 ], [ -47.02751, -24.05212 ], [ -47.02529, -24.04512 ], [ -47.02722, -24.04486 ], [ -47.027, -24.04141 ], [ -47.03103, -24.04171 ], [ -47.02968, -24.03914 ], [ -47.03235, -24.03188 ], [ -47.03625, -24.03231 ], [ -47.04006, -24.02385 ], [ -47.04578, -24.02402 ], [ -47.04976, -24.0125 ], [ -47.05641, -24.00915 ], [ -47.06373, -24.01777 ], [ -47.06416, -24.02238 ], [ -47.06841, -24.02512 ], [ -47.07406, -24.02369 ], [ -47.09169, -24.01739 ], [ -47.09232, -24.00973 ], [ -47.09911, -24.00479 ], [ -47.09887, -23.99805 ], [ -47.10664, -23.99355 ], [ -47.11067, -23.99523 ], [ -47.11188, -23.99362 ], [ -47.11827, -23.99802 ], [ -47.12389, -23.99671 ], [ -47.12195, -24.00015 ], [ -47.12294, -24.00767 ], [ -47.1305, -24.00892 ], [ -47.1383, -24.01381 ], [ -47.14238, -24.011 ], [ -47.15029, -24.01029 ], [ -47.15281, -24.00604 ], [ -47.15728, -24.0061 ], [ -47.16169, -24.00284 ], [ -47.17773, -24.00315 ], [ -47.18254, -24.00044 ], [ -47.1874, -24.00222 ], [ -47.19326, -23.99801 ], [ -47.19537, -24.00057 ], [ -47.1998, -24.00068 ], [ -47.20031, -23.99831 ], [ -47.19471, -23.99203 ], [ -47.18863, -23.99093 ], [ -47.19445, -23.98199 ], [ -47.19382, -23.97475 ], [ -47.19662, -23.97592 ], [ -47.19902, -23.97213 ], [ -47.20075, -23.97354 ], [ -47.20058, -23.96881 ], [ -47.20449, -23.97128 ], [ -47.20571, -23.96618 ], [ -47.20842, -23.96476 ], [ -47.20289, -23.95919 ], [ -47.19532, -23.95803 ], [ -47.19365, -23.95339 ], [ -47.19735, -23.95294 ], [ -47.19845, -23.94856 ], [ -47.19998, -23.94977 ], [ -47.20141, -23.94757 ], [ -47.2003, -23.93886 ], [ -47.19428, -23.94194 ], [ -47.18899, -23.93945 ], [ -47.1914, -23.92811 ], [ -47.18748, -23.93138 ], [ -47.18334, -23.93002 ], [ -47.17949, -23.9371 ], [ -47.17859, -23.93316 ], [ -47.17541, -23.93132 ], [ -47.1711, -23.93468 ], [ -47.15954, -23.93553 ], [ -47.15885, -23.927 ], [ -47.15549, -23.9209 ], [ -47.1425, -23.91174 ], [ -47.14261, -23.90877 ], [ -47.13854, -23.90521 ], [ -47.13803, -23.90315 ], [ -47.14414, -23.9014 ], [ -47.13872, -23.8996 ], [ -47.13476, -23.89427 ], [ -47.1366, -23.88977 ], [ -47.13957, -23.88984 ], [ -47.13679, -23.88843 ], [ -47.13682, -23.88573 ], [ -47.13243, -23.88447 ], [ -47.13389, -23.87998 ], [ -47.12727, -23.87672 ], [ -47.12651, -23.87446 ], [ -47.13291, -23.87351 ], [ -47.13223, -23.86946 ], [ -47.12994, -23.86931 ], [ -47.12971, -23.86126 ], [ -47.12525, -23.86059 ], [ -47.12341, -23.85316 ], [ -47.118, -23.84976 ], [ -47.11639, -23.84045 ], [ -47.11299, -23.8433 ], [ -47.11047, -23.84223 ], [ -47.10726, -23.84834 ], [ -47.1031, -23.84884 ], [ -47.07244, -23.84184 ], [ -47.06576, -23.84347 ], [ -47.06576, -23.838 ], [ -47.05961, -23.84292 ], [ -47.05667, -23.84162 ], [ -47.05113, -23.84419 ], [ -47.04752, -23.84096 ], [ -47.04304, -23.84066 ], [ -47.04451, -23.83741 ], [ -47.04075, -23.83806 ], [ -47.04217, -23.836 ], [ -47.0382, -23.83528 ], [ -47.03524, -23.83768 ], [ -47.03572, -23.84062 ], [ -47.02872, -23.84619 ], [ -47.02264, -23.84022 ], [ -47.02174, -23.83604 ], [ -47.01481, -23.83557 ], [ -47.01461, -23.83092 ], [ -47.01263, -23.83071 ], [ -47.01436, -23.82797 ], [ -47.01306, -23.82507 ], [ -47.01759, -23.8213 ], [ -47.01515, -23.81446 ], [ -47.00709, -23.81561 ], [ -46.98639, -23.80824 ], [ -46.98405, -23.80302 ], [ -46.98559, -23.80061 ], [ -46.99321, -23.80342 ], [ -47.00053, -23.80166 ], [ -47.00861, -23.79182 ], [ -47.01412, -23.79218 ], [ -47.01929, -23.78862 ], [ -47.02362, -23.77967 ], [ -47.02318, -23.77505 ], [ -47.03339, -23.76736 ], [ -47.03273, -23.76418 ], [ -47.02865, -23.76161 ], [ -47.0285, -23.75724 ], [ -47.03445, -23.75794 ], [ -47.03611, -23.75356 ], [ -47.03592, -23.74828 ], [ -47.03213, -23.74316 ], [ -47.03318, -23.73717 ], [ -47.03438, -23.73529 ], [ -47.04373, -23.73665 ], [ -47.04761, -23.73429 ], [ -47.05247, -23.72018 ], [ -47.0561, -23.71859 ], [ -47.05767, -23.7123 ], [ -47.06225, -23.70841 ], [ -47.05927, -23.70191 ], [ -47.06275, -23.68965 ], [ -47.06203, -23.68221 ], [ -47.07601, -23.68076 ], [ -47.07805, -23.67615 ], [ -47.0767, -23.67328 ], [ -47.08478, -23.66713 ], [ -47.08197, -23.66422 ], [ -47.08225, -23.65351 ], [ -47.07384, -23.65199 ], [ -47.07268, -23.64534 ], [ -47.06692, -23.64616 ], [ -47.06206, -23.64384 ], [ -47.05808, -23.63564 ], [ -47.05982, -23.629 ], [ -47.05669, -23.62833 ], [ -47.04517, -23.63143 ], [ -47.04355, -23.63652 ], [ -47.0337, -23.64349 ], [ -47.024, -23.64388 ], [ -47.01745, -23.65667 ], [ -47.01201, -23.65598 ], [ -47.00432, -23.66222 ], [ -46.99662, -23.66144 ], [ -46.9945, -23.67074 ], [ -46.99234, -23.66678 ], [ -46.9881, -23.66512 ], [ -46.989, -23.65995 ], [ -46.98575, -23.65429 ], [ -46.99201, -23.64516 ], [ -46.98722, -23.63296 ], [ -46.98813, -23.61259 ], [ -46.99068, -23.60973 ], [ -46.98148, -23.60213 ], [ -46.98951, -23.60261 ], [ -46.99212, -23.59463 ], [ -46.99922, -23.59352 ], [ -47.00021, -23.58712 ], [ -46.99699, -23.5794 ], [ -47.00127, -23.58043 ], [ -47.00821, -23.57791 ], [ -47.02022, -23.58595 ], [ -47.02228, -23.58204 ], [ -47.0281, -23.58129 ], [ -47.0248, -23.58001 ], [ -47.02462, -23.57664 ], [ -47.02992, -23.56806 ], [ -47.02053, -23.56733 ], [ -47.01889, -23.56431 ], [ -47.01442, -23.56334 ], [ -47.01542, -23.56022 ], [ -47.00615, -23.55433 ], [ -47.00719, -23.55132 ], [ -47.01225, -23.55006 ], [ -47.01319, -23.53633 ], [ -46.99097, -23.52982 ], [ -46.99217, -23.52493 ], [ -46.99702, -23.52194 ], [ -46.99373, -23.50831 ], [ -47.00132, -23.50528 ], [ -47.01332, -23.48544 ], [ -47.01787, -23.48366 ], [ -47.01369, -23.47804 ], [ -47.01724, -23.47256 ], [ -47.01168, -23.46426 ], [ -47.01122, -23.46023 ], [ -47.01401, -23.45762 ], [ -47.01326, -23.4545 ], [ -47.01043, -23.45477 ], [ -47.0123, -23.44816 ], [ -47.01056, -23.4457 ], [ -47.01557, -23.444 ], [ -47.01679, -23.4457 ], [ -47.02422, -23.44075 ], [ -47.02934, -23.44246 ], [ -47.03159, -23.44099 ], [ -47.0376, -23.4355 ], [ -47.03499, -23.43139 ], [ -47.03539, -23.4267 ], [ -47.041, -23.42182 ], [ -47.04121, -23.4161 ], [ -47.03724, -23.4113 ], [ -47.03968, -23.40936 ], [ -47.03705, -23.40653 ], [ -47.03936, -23.40311 ], [ -47.03594, -23.39858 ], [ -47.03813, -23.39341 ], [ -47.04084, -23.39268 ], [ -47.04241, -23.38613 ], [ -47.03674, -23.37849 ], [ -47.0299, -23.37811 ], [ -47.02992, -23.37202 ], [ -47.0385, -23.36854 ], [ -47.03954, -23.35837 ], [ -47.04443, -23.35074 ], [ -47.04873, -23.35445 ], [ -47.05712, -23.35673 ], [ -47.06607, -23.35401 ], [ -47.06563, -23.35737 ], [ -47.07087, -23.35856 ], [ -47.08178, -23.35713 ], [ -47.08797, -23.35274 ], [ -47.09183, -23.35533 ], [ -47.09213, -23.36208 ], [ -47.0961, -23.36708 ], [ -47.09412, -23.37059 ], [ -47.10192, -23.36897 ], [ -47.10516, -23.37085 ], [ -47.10077, -23.38629 ], [ -47.09063, -23.38583 ], [ -47.08158, -23.38071 ], [ -47.08072, -23.38698 ], [ -47.08369, -23.3908 ], [ -47.08047, -23.39396 ], [ -47.08297, -23.40097 ], [ -47.09039, -23.40244 ], [ -47.09576, -23.39782 ], [ -47.1008, -23.40405 ], [ -47.10547, -23.40117 ], [ -47.12203, -23.40259 ], [ -47.11924, -23.39065 ], [ -47.12032, -23.38268 ], [ -47.1169, -23.38136 ], [ -47.11771, -23.37572 ], [ -47.12095, -23.37529 ], [ -47.12887, -23.38124 ], [ -47.13226, -23.38132 ], [ -47.13151, -23.37448 ], [ -47.1377, -23.36867 ], [ -47.13655, -23.35818 ], [ -47.1419, -23.34845 ], [ -47.15766, -23.34261 ], [ -47.16492, -23.34239 ], [ -47.17087, -23.33722 ], [ -47.16972, -23.33435 ], [ -47.17356, -23.32521 ], [ -47.16428, -23.32322 ], [ -47.16147, -23.32033 ], [ -47.16642, -23.31202 ], [ -47.16163, -23.31106 ], [ -47.16113, -23.30733 ], [ -47.16751, -23.30171 ], [ -47.16813, -23.29359 ], [ -47.17985, -23.29326 ], [ -47.18602, -23.28454 ], [ -47.19115, -23.2696 ], [ -47.19063, -23.24581 ], [ -47.18531, -23.24858 ], [ -47.18215, -23.24773 ], [ -47.17602, -23.25663 ], [ -47.14684, -23.25537 ], [ -47.12896, -23.24354 ], [ -47.12089, -23.22863 ], [ -47.10936, -23.22517 ], [ -47.10736, -23.22251 ], [ -47.09923, -23.22181 ], [ -47.09472, -23.22482 ], [ -47.09197, -23.23414 ], [ -47.08808, -23.23677 ], [ -47.07807, -23.23358 ], [ -47.06799, -23.23682 ], [ -47.05419, -23.23709 ], [ -47.04835, -23.2416 ], [ -47.04524, -23.24097 ], [ -47.04354, -23.23696 ], [ -47.03905, -23.23793 ], [ -47.0312, -23.235 ], [ -47.0282, -23.23627 ], [ -47.02655, -23.24715 ], [ -47.01736, -23.24963 ], [ -47.01413, -23.26285 ], [ -47.01112, -23.26653 ], [ -47.00363, -23.26769 ], [ -46.98971, -23.2594 ], [ -46.9807, -23.26154 ], [ -46.97666, -23.25966 ], [ -46.96977, -23.26082 ], [ -46.97083, -23.26864 ], [ -46.9612, -23.27031 ], [ -46.96743, -23.27703 ], [ -46.96299, -23.28399 ], [ -46.96666, -23.29051 ], [ -46.96548, -23.29501 ], [ -46.97196, -23.3015 ], [ -46.96732, -23.30574 ], [ -46.96972, -23.31733 ], [ -46.96764, -23.32053 ], [ -46.96059, -23.32212 ], [ -46.95862, -23.32734 ], [ -46.95062, -23.32396 ], [ -46.94891, -23.32599 ], [ -46.94522, -23.32496 ], [ -46.94133, -23.32001 ], [ -46.93884, -23.32327 ], [ -46.93087, -23.31154 ], [ -46.92249, -23.3078 ], [ -46.91802, -23.31051 ], [ -46.9154, -23.30809 ], [ -46.9018, -23.30745 ], [ -46.90088, -23.30505 ], [ -46.88988, -23.29964 ], [ -46.88525, -23.29023 ], [ -46.88146, -23.28889 ], [ -46.87586, -23.29087 ], [ -46.8763, -23.28476 ], [ -46.86967, -23.28216 ], [ -46.86749, -23.27791 ], [ -46.84996, -23.28559 ], [ -46.8444, -23.28198 ], [ -46.83853, -23.28797 ], [ -46.835, -23.28637 ], [ -46.83494, -23.28036 ], [ -46.83211, -23.27877 ], [ -46.81469, -23.28228 ], [ -46.81475, -23.27697 ], [ -46.80578, -23.27479 ], [ -46.80651, -23.27267 ], [ -46.8032, -23.27041 ], [ -46.80304, -23.2573 ], [ -46.7934, -23.26115 ], [ -46.79164, -23.26732 ], [ -46.78395, -23.26556 ], [ -46.78402, -23.26085 ], [ -46.77873, -23.25654 ], [ -46.77238, -23.2597 ], [ -46.76653, -23.25928 ], [ -46.75678, -23.25354 ], [ -46.75207, -23.2554 ], [ -46.74674, -23.25067 ], [ -46.73278, -23.25437 ], [ -46.72413, -23.25003 ], [ -46.71741, -23.25377 ], [ -46.70551, -23.25133 ], [ -46.69805, -23.25341 ], [ -46.69818, -23.25653 ], [ -46.6937, -23.25909 ], [ -46.68335, -23.25715 ], [ -46.67567, -23.26168 ], [ -46.67092, -23.2563 ], [ -46.6526, -23.26043 ], [ -46.64378, -23.25529 ], [ -46.62966, -23.25906 ], [ -46.62643, -23.25618 ], [ -46.62279, -23.2567 ], [ -46.62199, -23.24239 ], [ -46.61763, -23.24029 ], [ -46.61553, -23.22753 ], [ -46.60976, -23.22579 ], [ -46.60529, -23.22844 ], [ -46.60412, -23.23514 ], [ -46.59374, -23.23652 ], [ -46.57532, -23.23252 ], [ -46.56363, -23.23652 ], [ -46.55354, -23.23622 ], [ -46.54625, -23.24135 ], [ -46.5396, -23.23974 ], [ -46.52903, -23.24152 ], [ -46.52383, -23.23805 ], [ -46.51541, -23.23747 ], [ -46.51422, -23.25014 ], [ -46.50309, -23.24791 ], [ -46.49992, -23.25276 ], [ -46.49185, -23.25522 ], [ -46.47277, -23.27662 ], [ -46.47084, -23.28263 ], [ -46.46066, -23.27804 ], [ -46.46187, -23.27241 ], [ -46.45941, -23.27031 ], [ -46.45404, -23.27308 ], [ -46.44792, -23.27 ], [ -46.43977, -23.27341 ], [ -46.43433, -23.2796 ], [ -46.43743, -23.28452 ], [ -46.42728, -23.29197 ], [ -46.42594, -23.30182 ], [ -46.41848, -23.31629 ], [ -46.41052, -23.30576 ], [ -46.41202, -23.30164 ], [ -46.40276, -23.29909 ], [ -46.4, -23.28875 ], [ -46.39627, -23.28579 ], [ -46.38745, -23.2869 ], [ -46.38151, -23.27805 ], [ -46.3569, -23.27254 ], [ -46.3598, -23.26776 ], [ -46.35384, -23.26494 ], [ -46.34809, -23.25262 ], [ -46.33719, -23.25061 ], [ -46.32968, -23.24632 ], [ -46.32669, -23.24076 ], [ -46.31153, -23.2274 ], [ -46.30557, -23.21298 ], [ -46.31002, -23.20472 ], [ -46.3077, -23.20311 ], [ -46.30776, -23.19801 ], [ -46.29696, -23.19698 ], [ -46.28604, -23.19095 ], [ -46.28244, -23.18346 ], [ -46.27584, -23.18491 ], [ -46.26876, -23.19044 ], [ -46.26312, -23.18799 ], [ -46.26355, -23.18357 ], [ -46.25965, -23.17999 ], [ -46.26153, -23.17398 ], [ -46.25549, -23.16958 ], [ -46.25751, -23.16727 ], [ -46.25713, -23.15967 ], [ -46.25361, -23.15616 ], [ -46.24748, -23.15487 ], [ -46.23509, -23.13504 ], [ -46.22582, -23.13656 ], [ -46.22576, -23.12619 ], [ -46.22151, -23.12294 ], [ -46.21835, -23.12352 ], [ -46.21823, -23.11723 ], [ -46.21428, -23.11439 ], [ -46.21509, -23.1084 ], [ -46.20889, -23.10665 ], [ -46.21051, -23.10457 ], [ -46.20524, -23.09303 ], [ -46.2049, -23.0844 ], [ -46.19483, -23.0779 ], [ -46.18036, -23.07937 ], [ -46.17503, -23.07584 ], [ -46.17355, -23.0708 ], [ -46.17042, -23.0716 ], [ -46.16147, -23.06609 ], [ -46.16232, -23.06313 ], [ -46.15889, -23.0615 ], [ -46.15897, -23.0499 ], [ -46.15489, -23.04933 ], [ -46.15105, -23.04449 ], [ -46.14385, -23.04225 ], [ -46.14429, -23.0393 ], [ -46.1405, -23.03881 ], [ -46.14201, -23.02848 ], [ -46.13397, -23.02622 ], [ -46.12519, -23.00896 ], [ -46.09388, -22.99689 ], [ -46.08972, -22.9933 ], [ -46.08659, -22.98498 ], [ -46.08083, -22.98737 ], [ -46.07567, -22.98605 ], [ -46.0702, -22.98936 ], [ -46.07035, -22.99352 ], [ -46.06674, -22.99408 ], [ -46.06549, -22.99788 ], [ -46.07131, -23.00663 ], [ -46.07096, -23.01442 ], [ -46.0779, -23.01905 ], [ -46.08078, -23.02561 ], [ -46.08257, -23.03381 ], [ -46.0763, -23.03737 ], [ -46.07891, -23.03989 ], [ -46.07834, -23.04304 ], [ -46.08244, -23.04608 ], [ -46.08168, -23.05111 ], [ -46.08595, -23.05261 ], [ -46.08883, -23.06353 ], [ -46.09171, -23.06621 ], [ -46.0897, -23.06796 ], [ -46.09075, -23.07886 ], [ -46.09419, -23.0843 ], [ -46.10488, -23.08443 ], [ -46.10447, -23.09046 ], [ -46.10801, -23.09728 ], [ -46.10142, -23.10351 ], [ -46.10313, -23.1078 ], [ -46.09981, -23.10943 ], [ -46.10393, -23.11724 ], [ -46.0932, -23.12074 ], [ -46.09833, -23.12155 ], [ -46.10109, -23.12554 ], [ -46.09589, -23.13246 ], [ -46.09759, -23.1371 ], [ -46.09143, -23.14283 ], [ -46.10262, -23.15729 ], [ -46.09284, -23.17157 ], [ -46.08687, -23.17283 ], [ -46.07819, -23.16925 ], [ -46.07367, -23.17476 ], [ -46.07483, -23.18085 ], [ -46.0798, -23.18602 ], [ -46.07629, -23.19334 ], [ -46.081, -23.19744 ], [ -46.0792, -23.2048 ], [ -46.09079, -23.20739 ], [ -46.09583, -23.2178 ], [ -46.10465, -23.22054 ], [ -46.10428, -23.22558 ], [ -46.11272, -23.22702 ], [ -46.11706, -23.2302 ], [ -46.11825, -23.23623 ], [ -46.1285, -23.24343 ], [ -46.12906, -23.25043 ], [ -46.13648, -23.25567 ], [ -46.14409, -23.25566 ], [ -46.1488, -23.2597 ], [ -46.15357, -23.2658 ], [ -46.15109, -23.27415 ], [ -46.14524, -23.27364 ], [ -46.13954, -23.27974 ], [ -46.13924, -23.28499 ], [ -46.1367, -23.28748 ], [ -46.12734, -23.28716 ], [ -46.12342, -23.29019 ], [ -46.11938, -23.28545 ], [ -46.11383, -23.28566 ], [ -46.11384, -23.29931 ], [ -46.10272, -23.30297 ], [ -46.1015, -23.30857 ], [ -46.09867, -23.30921 ], [ -46.09902, -23.32598 ], [ -46.08497, -23.33677 ], [ -46.08169, -23.34192 ], [ -46.07369, -23.34214 ], [ -46.0679, -23.3488 ], [ -46.06776, -23.35497 ], [ -46.06342, -23.35883 ], [ -46.06051, -23.35781 ], [ -46.03791, -23.38757 ], [ -46.03438, -23.38729 ], [ -46.03075, -23.39043 ], [ -46.01852, -23.3883 ], [ -46.018, -23.39232 ], [ -46.0109, -23.38717 ], [ -46.01037, -23.38406 ], [ -46.00202, -23.38508 ], [ -45.99828, -23.39093 ], [ -45.99729, -23.40111 ], [ -45.99103, -23.41674 ], [ -45.984, -23.42008 ], [ -45.97958, -23.41803 ], [ -45.97635, -23.42819 ], [ -45.96641, -23.42742 ], [ -45.95935, -23.4423 ], [ -45.95198, -23.44962 ], [ -45.95349, -23.46035 ], [ -45.95752, -23.46462 ], [ -45.9563, -23.4682 ], [ -45.96038, -23.46865 ], [ -45.9632, -23.47319 ], [ -45.96845, -23.47572 ], [ -45.96311, -23.47854 ], [ -45.9569, -23.4877 ], [ -45.95595, -23.49312 ], [ -45.96095, -23.49811 ], [ -45.94907, -23.49962 ], [ -45.94555, -23.49559 ], [ -45.93871, -23.49413 ], [ -45.92177, -23.5 ], [ -45.91683, -23.50494 ], [ -45.91095, -23.50571 ], [ -45.90209, -23.50372 ], [ -45.89913, -23.49843 ], [ -45.89044, -23.49623 ], [ -45.88728, -23.49207 ], [ -45.88264, -23.49495 ], [ -45.8764, -23.48936 ], [ -45.87172, -23.4897 ], [ -45.86509, -23.48272 ], [ -45.84956, -23.47931 ], [ -45.84612, -23.47331 ], [ -45.8399, -23.47169 ], [ -45.83614, -23.47488 ], [ -45.83741, -23.47851 ], [ -45.83348, -23.48388 ], [ -45.81841, -23.48908 ], [ -45.81277, -23.49849 ], [ -45.80441, -23.49397 ], [ -45.79981, -23.49435 ], [ -45.79694, -23.49081 ], [ -45.78859, -23.49254 ], [ -45.78735, -23.49541 ], [ -45.78963, -23.49649 ], [ -45.78864, -23.50183 ], [ -45.79113, -23.50621 ], [ -45.78843, -23.50904 ], [ -45.77826, -23.50925 ], [ -45.77026, -23.50634 ], [ -45.75932, -23.51176 ], [ -45.76197, -23.5182 ], [ -45.75966, -23.52056 ], [ -45.76055, -23.52388 ], [ -45.75431, -23.52595 ], [ -45.75401, -23.53186 ], [ -45.74629, -23.53856 ], [ -45.74694, -23.55442 ], [ -45.74026, -23.56075 ], [ -45.74596, -23.56541 ], [ -45.74043, -23.57222 ], [ -45.73145, -23.57258 ], [ -45.73174, -23.57719 ], [ -45.73644, -23.57789 ], [ -45.74025, -23.58494 ], [ -45.73394, -23.58614 ], [ -45.73384, -23.59282 ], [ -45.73929, -23.59591 ], [ -45.74296, -23.60258 ], [ -45.73269, -23.60261 ], [ -45.72443, -23.5973 ], [ -45.72093, -23.59944 ], [ -45.72215, -23.60543 ], [ -45.71568, -23.60834 ], [ -45.70525, -23.60164 ], [ -45.70211, -23.6053 ], [ -45.70158, -23.61456 ], [ -45.69601, -23.62133 ], [ -45.69773, -23.62442 ], [ -45.695, -23.63085 ], [ -45.70129, -23.63439 ], [ -45.70793, -23.64494 ], [ -45.71041, -23.64484 ], [ -45.7108, -23.64185 ], [ -45.71413, -23.64283 ], [ -45.72863, -23.65597 ], [ -45.73362, -23.65608 ], [ -45.74155, -23.66826 ], [ -45.75318, -23.67128 ], [ -45.76353, -23.67071 ], [ -45.76929, -23.67854 ], [ -45.77768, -23.68303 ], [ -45.78447, -23.68158 ], [ -45.78644, -23.67837 ], [ -45.79141, -23.6831 ], [ -45.79608, -23.68294 ], [ -45.79405, -23.68018 ], [ -45.7982, -23.67537 ], [ -45.81414, -23.6769 ], [ -45.83026, -23.67472 ], [ -45.82943, -23.67236 ], [ -45.83264, -23.66989 ], [ -45.83803, -23.66911 ], [ -45.83108, -23.66309 ], [ -45.83316, -23.65635 ], [ -45.83117, -23.65153 ], [ -45.83369, -23.64847 ], [ -45.84177, -23.64854 ], [ -45.84497, -23.64367 ], [ -45.84732, -23.64557 ], [ -45.84918, -23.64376 ], [ -45.85068, -23.64769 ], [ -45.85471, -23.64663 ], [ -45.8577, -23.65523 ], [ -45.86277, -23.65204 ], [ -45.87008, -23.65514 ], [ -45.87322, -23.65259 ], [ -45.88306, -23.65328 ], [ -45.88709, -23.65724 ], [ -45.89958, -23.65583 ], [ -45.90068, -23.65895 ], [ -45.90556, -23.66082 ], [ -45.90567, -23.66428 ], [ -45.91509, -23.66553 ], [ -45.9182, -23.67754 ], [ -45.92444, -23.68131 ], [ -45.91979, -23.68841 ], [ -45.92399, -23.68962 ], [ -45.92598, -23.69367 ], [ -45.93612, -23.70118 ], [ -45.94181, -23.69992 ], [ -45.95049, -23.70226 ], [ -45.95189, -23.69956 ], [ -45.95665, -23.70054 ], [ -45.95506, -23.69411 ], [ -45.96954, -23.69692 ], [ -45.97654, -23.69398 ], [ -45.98708, -23.69939 ], [ -45.99226, -23.70555 ], [ -45.99689, -23.70451 ], [ -46.00852, -23.70865 ], [ -46.01668, -23.71482 ], [ -46.02587, -23.71558 ], [ -46.03094, -23.72009 ], [ -46.0438, -23.72 ], [ -46.05697, -23.71604 ], [ -46.06516, -23.72231 ], [ -46.06777, -23.72901 ], [ -46.07745, -23.7326 ], [ -46.09563, -23.73376 ], [ -46.10242, -23.7363 ], [ -46.1072, -23.73103 ], [ -46.09978, -23.72905 ], [ -46.097, -23.72582 ], [ -46.10164, -23.72269 ], [ -46.10023, -23.71984 ], [ -46.10403, -23.71527 ], [ -46.10385, -23.71163 ], [ -46.11394, -23.71777 ], [ -46.11822, -23.71574 ], [ -46.12268, -23.7187 ], [ -46.12243, -23.71485 ], [ -46.12615, -23.71287 ], [ -46.13184, -23.72484 ], [ -46.14782, -23.72824 ], [ -46.15589, -23.73619 ], [ -46.15862, -23.73219 ], [ -46.16587, -23.73434 ], [ -46.1705, -23.73236 ], [ -46.17689, -23.73587 ], [ -46.17844, -23.74564 ], [ -46.18643, -23.74466 ], [ -46.19411, -23.7542 ], [ -46.20813, -23.75125 ], [ -46.21027, -23.74169 ], [ -46.21775, -23.74409 ], [ -46.22524, -23.74043 ], [ -46.22703, -23.73695 ], [ -46.23879, -23.73533 ], [ -46.2479, -23.74626 ], [ -46.24673, -23.75233 ], [ -46.24888, -23.75687 ], [ -46.25568, -23.75993 ], [ -46.25801, -23.76616 ], [ -46.26031, -23.76788 ], [ -46.27374, -23.76608 ], [ -46.29567, -23.78752 ], [ -46.30223, -23.78766 ], [ -46.31634, -23.80173 ], [ -46.31891, -23.80195 ], [ -46.31873, -23.78189 ], [ -46.32321, -23.78482 ], [ -46.33479, -23.78078 ], [ -46.34075, -23.7827 ], [ -46.34484, -23.78724 ], [ -46.35176, -23.7869 ], [ -46.35493, -23.78999 ], [ -46.37295, -23.79057 ], [ -46.37742, -23.7931 ], [ -46.37786, -23.79687 ], [ -46.37366, -23.79567 ], [ -46.38141, -23.80674 ], [ -46.39423, -23.81277 ], [ -46.40443, -23.81074 ], [ -46.41169, -23.8163 ], [ -46.41234, -23.82422 ], [ -46.41698, -23.82295 ], [ -46.42144, -23.82827 ], [ -46.41876, -23.82179 ], [ -46.41535, -23.82142 ], [ -46.41703, -23.81989 ], [ -46.41544, -23.81762 ], [ -46.42559, -23.82456 ], [ -46.43123, -23.82646 ], [ -46.43401, -23.82361 ], [ -46.44424, -23.82871 ], [ -46.43829, -23.83067 ], [ -46.43745, -23.8325 ], [ -46.44251, -23.84022 ], [ -46.43849, -23.8387 ], [ -46.43714, -23.84269 ], [ -46.44367, -23.85014 ], [ -46.45477, -23.85393 ], [ -46.45918, -23.86608 ], [ -46.4659, -23.86046 ], [ -46.46817, -23.86442 ], [ -46.46584, -23.86553 ], [ -46.46973, -23.87269 ], [ -46.48297, -23.88494 ], [ -46.48414, -23.88314 ], [ -46.48782, -23.88449 ], [ -46.49745, -23.90145 ], [ -46.50381, -23.90475 ], [ -46.51997, -23.90531 ], [ -46.52244, -23.90772 ], [ -46.52131, -23.91223 ], [ -46.53229, -23.91755 ], [ -46.53537, -23.92323 ], [ -46.54075, -23.9236 ], [ -46.54571, -23.93012 ], [ -46.5483, -23.9297 ], [ -46.5522, -23.94038 ], [ -46.5564, -23.94143 ], [ -46.55875, -23.94626 ], [ -46.56351, -23.94856 ], [ -46.56516, -23.95344 ], [ -46.56769, -23.95373 ], [ -46.56617, -23.94972 ], [ -46.5697, -23.94676 ], [ -46.57137, -23.95246 ], [ -46.57741, -23.95699 ], [ -46.58031, -23.95574 ], [ -46.58532, -23.96081 ], [ -46.59529, -23.96533 ], [ -46.60031, -23.96353 ], [ -46.61251, -23.96808 ] ] ] } },
{ "type": "Feature", "properties": { "regional_cgr": "CGR 11" }, "geometry": { "type": "Polygon", "coordinates": [ [ [ -49.69882, -21.36867 ], [ -49.69654, -21.38809 ], [ -49.70099, -21.39936 ], [ -49.69939, -21.40674 ], [ -49.68915, -21.41905 ], [ -49.6711, -21.4239 ], [ -49.67204, -21.43425 ], [ -49.6588, -21.43882 ], [ -49.65475, -21.44802 ], [ -49.64934, -21.44937 ], [ -49.6366, -21.46043 ], [ -49.63503, -21.46454 ], [ -49.63919, -21.47707 ], [ -49.63303, -21.48909 ], [ -49.65233, -21.49566 ], [ -49.66665, -21.49144 ], [ -49.6685, -21.50999 ], [ -49.68665, -21.52346 ], [ -49.70693, -21.54757 ], [ -49.7176, -21.56967 ], [ -49.7287, -21.58498 ], [ -49.72936, -21.59478 ], [ -49.72334, -21.59875 ], [ -49.72384, -21.60185 ], [ -49.73465, -21.60443 ], [ -49.7466, -21.61465 ], [ -49.76755, -21.62361 ], [ -49.77387, -21.63315 ], [ -49.77331, -21.64189 ], [ -49.78934, -21.65001 ], [ -49.79329, -21.66128 ], [ -49.78867, -21.67212 ], [ -49.79056, -21.68023 ], [ -49.78676, -21.68869 ], [ -49.78713, -21.69337 ], [ -49.80031, -21.70095 ], [ -49.81403, -21.69838 ], [ -49.82221, -21.7019 ], [ -49.83227, -21.69919 ], [ -49.83897, -21.70957 ], [ -49.84637, -21.71532 ], [ -49.85545, -21.71674 ], [ -49.86926, -21.73964 ], [ -49.87302, -21.73588 ], [ -49.87858, -21.73569 ], [ -49.88408, -21.72888 ], [ -49.89712, -21.72445 ], [ -49.89702, -21.72119 ], [ -49.90385, -21.71446 ], [ -49.91153, -21.71233 ], [ -49.91333, -21.70667 ], [ -49.92276, -21.70477 ], [ -49.92316, -21.70101 ], [ -49.93525, -21.69999 ], [ -49.93971, -21.69656 ], [ -49.95372, -21.70137 ], [ -49.95839, -21.70006 ], [ -49.95938, -21.6961 ], [ -49.96279, -21.69421 ], [ -49.96603, -21.69662 ], [ -49.96535, -21.69889 ], [ -49.96851, -21.69949 ], [ -49.97103, -21.69809 ], [ -49.96947, -21.69683 ], [ -49.97106, -21.69377 ], [ -49.97517, -21.69227 ], [ -49.97987, -21.69404 ], [ -49.97998, -21.69895 ], [ -49.98252, -21.70135 ], [ -49.99159, -21.70184 ], [ -49.99587, -21.69534 ], [ -50.00497, -21.69817 ], [ -50.00953, -21.70232 ], [ -50.01471, -21.69473 ], [ -50.01759, -21.69826 ], [ -50.02037, -21.6973 ], [ -50.02424, -21.70036 ], [ -50.03089, -21.69632 ], [ -50.03453, -21.69662 ], [ -50.03499, -21.69462 ], [ -50.04016, -21.69547 ], [ -50.0424, -21.69249 ], [ -50.0461, -21.69485 ], [ -50.04771, -21.69141 ], [ -50.0538, -21.69335 ], [ -50.0612, -21.69179 ], [ -50.06591, -21.68973 ], [ -50.06792, -21.68406 ], [ -50.07417, -21.68329 ], [ -50.07669, -21.68633 ], [ -50.07522, -21.68847 ], [ -50.07928, -21.68802 ], [ -50.08239, -21.69071 ], [ -50.08849, -21.68641 ], [ -50.09079, -21.69069 ], [ -50.09374, -21.68742 ], [ -50.09966, -21.68802 ], [ -50.10789, -21.68362 ], [ -50.11009, -21.68488 ], [ -50.11052, -21.68963 ], [ -50.11491, -21.69229 ], [ -50.11933, -21.68505 ], [ -50.12352, -21.68637 ], [ -50.12492, -21.69061 ], [ -50.12866, -21.68927 ], [ -50.13027, -21.69146 ], [ -50.13275, -21.68853 ], [ -50.14344, -21.68666 ], [ -50.14704, -21.68267 ], [ -50.15596, -21.68103 ], [ -50.16272, -21.68623 ], [ -50.1644, -21.69367 ], [ -50.16791, -21.69635 ], [ -50.16797, -21.69361 ], [ -50.17251, -21.69508 ], [ -50.1747, -21.69024 ], [ -50.18253, -21.69324 ], [ -50.18967, -21.68974 ], [ -50.19546, -21.69161 ], [ -50.20705, -21.68662 ], [ -50.21181, -21.69183 ], [ -50.2116, -21.69621 ], [ -50.21967, -21.69698 ], [ -50.22304, -21.69961 ], [ -50.22177, -21.70158 ], [ -50.23399, -21.69709 ], [ -50.23811, -21.69989 ], [ -50.23996, -21.69707 ], [ -50.24422, -21.69883 ], [ -50.24574, -21.6967 ], [ -50.25339, -21.70786 ], [ -50.2609, -21.70294 ], [ -50.26665, -21.70341 ], [ -50.2713, -21.70925 ], [ -50.28077, -21.70754 ], [ -50.29212, -21.71518 ], [ -50.29444, -21.71465 ], [ -50.29475, -21.71707 ], [ -50.29817, -21.71303 ], [ -50.30125, -21.71507 ], [ -50.30399, -21.71149 ], [ -50.30946, -21.71392 ], [ -50.32052, -21.70585 ], [ -50.32328, -21.70888 ], [ -50.32636, -21.70766 ], [ -50.32942, -21.71084 ], [ -50.33054, -21.70912 ], [ -50.33605, -21.71904 ], [ -50.33586, -21.71536 ], [ -50.34211, -21.71515 ], [ -50.34348, -21.71051 ], [ -50.34878, -21.70906 ], [ -50.35621, -21.71672 ], [ -50.35431, -21.71868 ], [ -50.35807, -21.71923 ], [ -50.3606, -21.7255 ], [ -50.36295, -21.72475 ], [ -50.36231, -21.72189 ], [ -50.3675, -21.71944 ], [ -50.3716, -21.72327 ], [ -50.37969, -21.71821 ], [ -50.39069, -21.71921 ], [ -50.39535, -21.7156 ], [ -50.39957, -21.71646 ], [ -50.40949, -21.70712 ], [ -50.40964, -21.70356 ], [ -50.41127, -21.70655 ], [ -50.42087, -21.7052 ], [ -50.42638, -21.69461 ], [ -50.43263, -21.69438 ], [ -50.43367, -21.69736 ], [ -50.43751, -21.69515 ], [ -50.43972, -21.69652 ], [ -50.44279, -21.69373 ], [ -50.45023, -21.69296 ], [ -50.45067, -21.69008 ], [ -50.45466, -21.68923 ], [ -50.45814, -21.68485 ], [ -50.45975, -21.68635 ], [ -50.45807, -21.68793 ], [ -50.4616, -21.68597 ], [ -50.46307, -21.68727 ], [ -50.46148, -21.68828 ], [ -50.4639, -21.68786 ], [ -50.46125, -21.6901 ], [ -50.46433, -21.69249 ], [ -50.46242, -21.6937 ], [ -50.46355, -21.6967 ], [ -50.46131, -21.69693 ], [ -50.46336, -21.69786 ], [ -50.46338, -21.70656 ], [ -50.467, -21.70351 ], [ -50.46885, -21.70561 ], [ -50.47359, -21.7025 ], [ -50.47527, -21.70409 ], [ -50.47471, -21.70177 ], [ -50.47916, -21.70158 ], [ -50.48123, -21.70392 ], [ -50.4842, -21.70226 ], [ -50.48881, -21.70478 ], [ -50.48811, -21.70648 ], [ -50.49066, -21.7056 ], [ -50.48947, -21.71169 ], [ -50.49246, -21.71073 ], [ -50.49579, -21.71642 ], [ -50.49833, -21.71408 ], [ -50.50302, -21.71553 ], [ -50.51114, -21.70365 ], [ -50.51629, -21.70998 ], [ -50.52034, -21.70591 ], [ -50.52218, -21.70829 ], [ -50.528, -21.70437 ], [ -50.52975, -21.70068 ], [ -50.52781, -21.69937 ], [ -50.53123, -21.7004 ], [ -50.54058, -21.69651 ], [ -50.53872, -21.69974 ], [ -50.54411, -21.69882 ], [ -50.54529, -21.70126 ], [ -50.54859, -21.69957 ], [ -50.54951, -21.70221 ], [ -50.55182, -21.69781 ], [ -50.55426, -21.69861 ], [ -50.55451, -21.69401 ], [ -50.55645, -21.69488 ], [ -50.56512, -21.68988 ], [ -50.56876, -21.69318 ], [ -50.57277, -21.68739 ], [ -50.57868, -21.68649 ], [ -50.57823, -21.68371 ], [ -50.58575, -21.67991 ], [ -50.58855, -21.68068 ], [ -50.58932, -21.67442 ], [ -50.59784, -21.67275 ], [ -50.59897, -21.66876 ], [ -50.60312, -21.66668 ], [ -50.59816, -21.66301 ], [ -50.60117, -21.65828 ], [ -50.60767, -21.65894 ], [ -50.61403, -21.65657 ], [ -50.62038, -21.66097 ], [ -50.61908, -21.65143 ], [ -50.62329, -21.64291 ], [ -50.62782, -21.64289 ], [ -50.63008, -21.65414 ], [ -50.63261, -21.65622 ], [ -50.64027, -21.64944 ], [ -50.64669, -21.65046 ], [ -50.65041, -21.63786 ], [ -50.6548, -21.63392 ], [ -50.65238, -21.62919 ], [ -50.65303, -21.62297 ], [ -50.66077, -21.61824 ], [ -50.66127, -21.61433 ], [ -50.66761, -21.61045 ], [ -50.67087, -21.60418 ], [ -50.67755, -21.60062 ], [ -50.68084, -21.60195 ], [ -50.68301, -21.59752 ], [ -50.68699, -21.59729 ], [ -50.70802, -21.58502 ], [ -50.7063, -21.57833 ], [ -50.70892, -21.5763 ], [ -50.72579, -21.57672 ], [ -50.72975, -21.57249 ], [ -50.73421, -21.57149 ], [ -50.74565, -21.57799 ], [ -50.74924, -21.57409 ], [ -50.7445, -21.56462 ], [ -50.74892, -21.56528 ], [ -50.7558, -21.57114 ], [ -50.75883, -21.56902 ], [ -50.76011, -21.56401 ], [ -50.76438, -21.56195 ], [ -50.77041, -21.56913 ], [ -50.77018, -21.56613 ], [ -50.77417, -21.56388 ], [ -50.77377, -21.56751 ], [ -50.7821, -21.56739 ], [ -50.78183, -21.5632 ], [ -50.77475, -21.56135 ], [ -50.77387, -21.55659 ], [ -50.77119, -21.55815 ], [ -50.76906, -21.55395 ], [ -50.77234, -21.5453 ], [ -50.77596, -21.54604 ], [ -50.77751, -21.54285 ], [ -50.78184, -21.54303 ], [ -50.78924, -21.54966 ], [ -50.78513, -21.54906 ], [ -50.78793, -21.55211 ], [ -50.78608, -21.55719 ], [ -50.79437, -21.55877 ], [ -50.79883, -21.55557 ], [ -50.79325, -21.54338 ], [ -50.79718, -21.54158 ], [ -50.80637, -21.55462 ], [ -50.80609, -21.55965 ], [ -50.81092, -21.55956 ], [ -50.80997, -21.56459 ], [ -50.81282, -21.55985 ], [ -50.81012, -21.55562 ], [ -50.81455, -21.55943 ], [ -50.81494, -21.56374 ], [ -50.81722, -21.56336 ], [ -50.82196, -21.55734 ], [ -50.81588, -21.55413 ], [ -50.8193, -21.5503 ], [ -50.81579, -21.55117 ], [ -50.81356, -21.54807 ], [ -50.81552, -21.53982 ], [ -50.81675, -21.54136 ], [ -50.82639, -21.53745 ], [ -50.83028, -21.54084 ], [ -50.82866, -21.53632 ], [ -50.84732, -21.53553 ], [ -50.85465, -21.5298 ], [ -50.86929, -21.52533 ], [ -50.87246, -21.5202 ], [ -50.87262, -21.5144 ], [ -50.86439, -21.50916 ], [ -50.86739, -21.50397 ], [ -50.86628, -21.49877 ], [ -50.87423, -21.48855 ], [ -50.87839, -21.48941 ], [ -50.88867, -21.48531 ], [ -50.89416, -21.48619 ], [ -50.89497, -21.48934 ], [ -50.89938, -21.49039 ], [ -50.89981, -21.48705 ], [ -50.90452, -21.48492 ], [ -50.90318, -21.48017 ], [ -50.90726, -21.47673 ], [ -50.90568, -21.47026 ], [ -50.92059, -21.46015 ], [ -50.92146, -21.45653 ], [ -50.91658, -21.45416 ], [ -50.92432, -21.44164 ], [ -50.94298, -21.44441 ], [ -50.94698, -21.44742 ], [ -50.96045, -21.43851 ], [ -50.98149, -21.4318 ], [ -50.99792, -21.43898 ], [ -51.00426, -21.43848 ], [ -51.02555, -21.42618 ], [ -51.02522, -21.4209 ], [ -51.02909, -21.41818 ], [ -51.03374, -21.40883 ], [ -51.0459, -21.40645 ], [ -51.04533, -21.40379 ], [ -51.05465, -21.40446 ], [ -51.06312, -21.39458 ], [ -51.07405, -21.39149 ], [ -51.07499, -21.38839 ], [ -51.07754, -21.38926 ], [ -51.07969, -21.38638 ], [ -51.08127, -21.38769 ], [ -51.08102, -21.38494 ], [ -51.08645, -21.38463 ], [ -51.0852, -21.38301 ], [ -51.09014, -21.37876 ], [ -51.08971, -21.37256 ], [ -51.09283, -21.37123 ], [ -51.10018, -21.37032 ], [ -51.12156, -21.3815 ], [ -51.13906, -21.37384 ], [ -51.15674, -21.37787 ], [ -51.16413, -21.38365 ], [ -51.17149, -21.38328 ], [ -51.18316, -21.37593 ], [ -51.18948, -21.37683 ], [ -51.19524, -21.37237 ], [ -51.19982, -21.35962 ], [ -51.20387, -21.36084 ], [ -51.20686, -21.35708 ], [ -51.20886, -21.35808 ], [ -51.21414, -21.35472 ], [ -51.21239, -21.35135 ], [ -51.21676, -21.35112 ], [ -51.22403, -21.34543 ], [ -51.22544, -21.34132 ], [ -51.23123, -21.33939 ], [ -51.22938, -21.33601 ], [ -51.23739, -21.33147 ], [ -51.23783, -21.32665 ], [ -51.26123, -21.3276 ], [ -51.2657, -21.33114 ], [ -51.27068, -21.32194 ], [ -51.28126, -21.32268 ], [ -51.28128, -21.31924 ], [ -51.28723, -21.31845 ], [ -51.28944, -21.31334 ], [ -51.29017, -21.31691 ], [ -51.29688, -21.30982 ], [ -51.30448, -21.30838 ], [ -51.30888, -21.30293 ], [ -51.30642, -21.30069 ], [ -51.31051, -21.29933 ], [ -51.3119, -21.30135 ], [ -51.31387, -21.29616 ], [ -51.31597, -21.30004 ], [ -51.31662, -21.29706 ], [ -51.31997, -21.29884 ], [ -51.31926, -21.2965 ], [ -51.3225, -21.29718 ], [ -51.32342, -21.29395 ], [ -51.3258, -21.29629 ], [ -51.32582, -21.29255 ], [ -51.32901, -21.29221 ], [ -51.32838, -21.29446 ], [ -51.33433, -21.29276 ], [ -51.33818, -21.28862 ], [ -51.33758, -21.29342 ], [ -51.34593, -21.28731 ], [ -51.34722, -21.2922 ], [ -51.35112, -21.2916 ], [ -51.34946, -21.28857 ], [ -51.35699, -21.28898 ], [ -51.35995, -21.28529 ], [ -51.36445, -21.28967 ], [ -51.36688, -21.28563 ], [ -51.36767, -21.28998 ], [ -51.37361, -21.28749 ], [ -51.37194, -21.284 ], [ -51.37464, -21.28592 ], [ -51.38054, -21.28323 ], [ -51.38641, -21.28434 ], [ -51.38726, -21.28111 ], [ -51.39579, -21.27832 ], [ -51.39317, -21.27644 ], [ -51.39696, -21.27622 ], [ -51.39604, -21.27235 ], [ -51.40095, -21.27311 ], [ -51.3977, -21.26858 ], [ -51.39966, -21.26668 ], [ -51.40619, -21.26833 ], [ -51.40661, -21.26449 ], [ -51.4092, -21.26398 ], [ -51.41051, -21.26625 ], [ -51.40941, -21.2618 ], [ -51.41744, -21.26165 ], [ -51.41609, -21.25823 ], [ -51.41969, -21.26099 ], [ -51.4211, -21.25735 ], [ -51.41928, -21.25606 ], [ -51.42462, -21.25758 ], [ -51.4268, -21.25483 ], [ -51.42593, -21.25175 ], [ -51.42732, -21.25629 ], [ -51.42982, -21.2554 ], [ -51.42852, -21.25273 ], [ -51.43493, -21.24531 ], [ -51.44338, -21.24347 ], [ -51.44551, -21.24572 ], [ -51.44596, -21.24301 ], [ -51.45307, -21.23932 ], [ -51.45536, -21.2432 ], [ -51.45612, -21.23712 ], [ -51.46096, -21.2374 ], [ -51.46113, -21.2414 ], [ -51.46099, -21.23478 ], [ -51.46442, -21.23434 ], [ -51.46327, -21.23644 ], [ -51.46555, -21.23794 ], [ -51.46718, -21.23579 ], [ -51.46709, -21.23957 ], [ -51.46909, -21.23528 ], [ -51.47048, -21.23716 ], [ -51.47449, -21.23506 ], [ -51.4769, -21.23672 ], [ -51.48084, -21.23078 ], [ -51.48501, -21.23278 ], [ -51.48446, -21.22972 ], [ -51.48766, -21.22962 ], [ -51.48644, -21.2276 ], [ -51.48977, -21.2286 ], [ -51.48908, -21.23195 ], [ -51.49326, -21.22953 ], [ -51.49268, -21.22783 ], [ -51.49546, -21.22858 ], [ -51.49371, -21.22587 ], [ -51.49653, -21.22587 ], [ -51.494, -21.2206 ], [ -51.50029, -21.22103 ], [ -51.50333, -21.21727 ], [ -51.50837, -21.21864 ], [ -51.51017, -21.21569 ], [ -51.50819, -21.21517 ], [ -51.5122, -21.21531 ], [ -51.51059, -21.21292 ], [ -51.51371, -21.21024 ], [ -51.51708, -21.21002 ], [ -51.51785, -21.21336 ], [ -51.52215, -21.20856 ], [ -51.51804, -21.20652 ], [ -51.5192, -21.20395 ], [ -51.52098, -21.20535 ], [ -51.52188, -21.19976 ], [ -51.52696, -21.19758 ], [ -51.52822, -21.19893 ], [ -51.53259, -21.19507 ], [ -51.53569, -21.20023 ], [ -51.53918, -21.19398 ], [ -51.54217, -21.19605 ], [ -51.54505, -21.19123 ], [ -51.55872, -21.19112 ], [ -51.56043, -21.18745 ], [ -51.5621, -21.19007 ], [ -51.56012, -21.19081 ], [ -51.5603, -21.19286 ], [ -51.56397, -21.19037 ], [ -51.56418, -21.18525 ], [ -51.56809, -21.18698 ], [ -51.568, -21.1852 ], [ -51.57117, -21.18657 ], [ -51.57255, -21.18449 ], [ -51.57186, -21.18772 ], [ -51.57481, -21.18946 ], [ -51.57757, -21.18458 ], [ -51.57563, -21.18033 ], [ -51.58298, -21.1797 ], [ -51.58135, -21.17686 ], [ -51.58485, -21.17437 ], [ -51.5868, -21.17738 ], [ -51.58969, -21.17358 ], [ -51.59204, -21.17389 ], [ -51.59454, -21.16662 ], [ -51.59702, -21.16783 ], [ -51.59362, -21.16238 ], [ -51.59797, -21.15881 ], [ -51.59343, -21.15434 ], [ -51.59025, -21.15672 ], [ -51.5901, -21.15233 ], [ -51.59158, -21.14843 ], [ -51.59451, -21.14912 ], [ -51.59478, -21.14694 ], [ -51.5978, -21.14736 ], [ -51.60098, -21.144 ], [ -51.60347, -21.14455 ], [ -51.60198, -21.14888 ], [ -51.61392, -21.1419 ], [ -51.61893, -21.14539 ], [ -51.61802, -21.14836 ], [ -51.62667, -21.14527 ], [ -51.63269, -21.15161 ], [ -51.63671, -21.15092 ], [ -51.63798, -21.15377 ], [ -51.63546, -21.15483 ], [ -51.62969, -21.15184 ], [ -51.63136, -21.15705 ], [ -51.63652, -21.15624 ], [ -51.64093, -21.16532 ], [ -51.64558, -21.16368 ], [ -51.64402, -21.16674 ], [ -51.64851, -21.16341 ], [ -51.64774, -21.16645 ], [ -51.6523, -21.16625 ], [ -51.65705, -21.16943 ], [ -51.66441, -21.16611 ], [ -51.66493, -21.16149 ], [ -51.66558, -21.16363 ], [ -51.66659, -21.16087 ], [ -51.6706, -21.16169 ], [ -51.66907, -21.15916 ], [ -51.67169, -21.15758 ], [ -51.66875, -21.15762 ], [ -51.66774, -21.155 ], [ -51.67236, -21.1546 ], [ -51.67399, -21.15253 ], [ -51.67169, -21.15012 ], [ -51.68534, -21.14882 ], [ -51.68715, -21.15101 ], [ -51.68644, -21.14641 ], [ -51.68957, -21.14639 ], [ -51.69113, -21.13934 ], [ -51.68939, -21.13509 ], [ -51.69391, -21.13257 ], [ -51.69297, -21.13047 ], [ -51.69892, -21.13274 ], [ -51.69546, -21.13038 ], [ -51.6965, -21.1261 ], [ -51.69463, -21.12809 ], [ -51.69054, -21.12135 ], [ -51.69098, -21.11625 ], [ -51.69339, -21.11604 ], [ -51.69088, -21.11328 ], [ -51.69507, -21.11406 ], [ -51.69568, -21.11101 ], [ -51.7003, -21.10903 ], [ -51.69694, -21.10722 ], [ -51.70168, -21.10737 ], [ -51.69878, -21.1057 ], [ -51.69836, -21.09912 ], [ -51.69515, -21.09871 ], [ -51.69595, -21.09625 ], [ -51.69813, -21.09724 ], [ -51.69848, -21.0885 ], [ -51.70078, -21.0889 ], [ -51.70143, -21.0861 ], [ -51.70254, -21.08898 ], [ -51.70812, -21.08813 ], [ -51.70557, -21.08333 ], [ -51.71267, -21.08415 ], [ -51.71397, -21.0814 ], [ -51.71152, -21.07973 ], [ -51.71828, -21.07644 ], [ -51.71696, -21.0731 ], [ -51.71929, -21.06968 ], [ -51.72181, -21.072 ], [ -51.72458, -21.07066 ], [ -51.72463, -21.06682 ], [ -51.72823, -21.074 ], [ -51.73041, -21.07016 ], [ -51.73304, -21.07051 ], [ -51.73027, -21.0734 ], [ -51.73284, -21.07511 ], [ -51.73416, -21.07115 ], [ -51.73759, -21.07413 ], [ -51.74136, -21.06868 ], [ -51.74435, -21.07252 ], [ -51.74384, -21.06808 ], [ -51.74701, -21.07029 ], [ -51.74587, -21.06623 ], [ -51.75289, -21.06439 ], [ -51.7526, -21.06168 ], [ -51.75576, -21.0656 ], [ -51.76121, -21.06526 ], [ -51.7612, -21.05496 ], [ -51.76418, -21.05521 ], [ -51.76511, -21.05983 ], [ -51.76779, -21.05631 ], [ -51.76534, -21.05168 ], [ -51.77168, -21.04968 ], [ -51.76576, -21.0311 ], [ -51.7189, -20.97334 ], [ -51.71243, -20.96966 ], [ -51.70387, -20.9685 ], [ -51.68337, -20.97058 ], [ -51.66698, -20.96884 ], [ -51.65706, -20.96423 ], [ -51.64485, -20.95326 ], [ -51.62835, -20.94889 ], [ -51.62309, -20.94055 ], [ -51.61438, -20.89292 ], [ -51.61631, -20.88537 ], [ -51.62764, -20.87 ], [ -51.62967, -20.86128 ], [ -51.63361, -20.81861 ], [ -51.62264, -20.77389 ], [ -51.63381, -20.7587 ], [ -51.6364, -20.74826 ], [ -51.62583, -20.71117 ], [ -51.61014, -20.67776 ], [ -51.60318, -20.65384 ], [ -51.60025, -20.62817 ], [ -51.59027, -20.61258 ], [ -51.57737, -20.60151 ], [ -51.5477, -20.58914 ], [ -51.54114, -20.58698 ], [ -51.53517, -20.5896 ], [ -51.52825, -20.5884 ], [ -51.51229, -20.57226 ], [ -51.50054, -20.56636 ], [ -51.4923, -20.54175 ], [ -51.48355, -20.53168 ], [ -51.45353, -20.48208 ], [ -51.44107, -20.4725 ], [ -51.41935, -20.46486 ], [ -51.40496, -20.45424 ], [ -51.38781, -20.42343 ], [ -51.38055, -20.41466 ], [ -51.37317, -20.39282 ], [ -51.36332, -20.38139 ], [ -51.33491, -20.36379 ], [ -51.32045, -20.34739 ], [ -51.29759, -20.33553 ], [ -51.2793, -20.32253 ], [ -51.25053, -20.30924 ], [ -51.23485, -20.30793 ], [ -51.22269, -20.31186 ], [ -51.19444, -20.31436 ], [ -51.16509, -20.31146 ], [ -51.14422, -20.30305 ], [ -51.10954, -20.27966 ], [ -51.10467, -20.28636 ], [ -51.09436, -20.28546 ], [ -51.08239, -20.30681 ], [ -51.08338, -20.31082 ], [ -51.07894, -20.32818 ], [ -51.06394, -20.34174 ], [ -51.04997, -20.36337 ], [ -51.02048, -20.38631 ], [ -51.01404, -20.40707 ], [ -50.99845, -20.4146 ], [ -50.99423, -20.42939 ], [ -50.98616, -20.43972 ], [ -50.9861, -20.45179 ], [ -50.98041, -20.45761 ], [ -50.97883, -20.4718 ], [ -50.98317, -20.48211 ], [ -50.98032, -20.49122 ], [ -50.98256, -20.49597 ], [ -50.96819, -20.51189 ], [ -50.96817, -20.52067 ], [ -50.9646, -20.52274 ], [ -50.96833, -20.52817 ], [ -50.96608, -20.54878 ], [ -50.96156, -20.55346 ], [ -50.96107, -20.55868 ], [ -50.94804, -20.55564 ], [ -50.9509, -20.55103 ], [ -50.94841, -20.54758 ], [ -50.94222, -20.54883 ], [ -50.93497, -20.55756 ], [ -50.93255, -20.55761 ], [ -50.93442, -20.55667 ], [ -50.92498, -20.55127 ], [ -50.92803, -20.54507 ], [ -50.92706, -20.54155 ], [ -50.92404, -20.54244 ], [ -50.92254, -20.55049 ], [ -50.91752, -20.5519 ], [ -50.91455, -20.54175 ], [ -50.90344, -20.53851 ], [ -50.89362, -20.5437 ], [ -50.89664, -20.54912 ], [ -50.89488, -20.55301 ], [ -50.89746, -20.55502 ], [ -50.8966, -20.55707 ], [ -50.88739, -20.55895 ], [ -50.88433, -20.55575 ], [ -50.88436, -20.54887 ], [ -50.87846, -20.55092 ], [ -50.88228, -20.54277 ], [ -50.87784, -20.53807 ], [ -50.87024, -20.54472 ], [ -50.86449, -20.54539 ], [ -50.85441, -20.54231 ], [ -50.84887, -20.54854 ], [ -50.84642, -20.54386 ], [ -50.84758, -20.54093 ], [ -50.84314, -20.53377 ], [ -50.83205, -20.53093 ], [ -50.83111, -20.53301 ], [ -50.82317, -20.53236 ], [ -50.82303, -20.53454 ], [ -50.81259, -20.53098 ], [ -50.80797, -20.53529 ], [ -50.80646, -20.54088 ], [ -50.81044, -20.54206 ], [ -50.80793, -20.54639 ], [ -50.79953, -20.54109 ], [ -50.79153, -20.54573 ], [ -50.7877, -20.54222 ], [ -50.77905, -20.54559 ], [ -50.76939, -20.54438 ], [ -50.77034, -20.55262 ], [ -50.76507, -20.55321 ], [ -50.75613, -20.5485 ], [ -50.7547, -20.53935 ], [ -50.7387, -20.54482 ], [ -50.73722, -20.53605 ], [ -50.72964, -20.53317 ], [ -50.73058, -20.53128 ], [ -50.72477, -20.52695 ], [ -50.71279, -20.5278 ], [ -50.70547, -20.5347 ], [ -50.69559, -20.529 ], [ -50.69183, -20.53869 ], [ -50.68802, -20.53592 ], [ -50.6908, -20.53373 ], [ -50.68847, -20.53303 ], [ -50.68896, -20.52364 ], [ -50.68336, -20.52451 ], [ -50.68236, -20.52951 ], [ -50.67809, -20.52798 ], [ -50.66598, -20.53196 ], [ -50.6616, -20.5278 ], [ -50.66099, -20.51912 ], [ -50.65015, -20.51498 ], [ -50.64743, -20.5111 ], [ -50.64818, -20.50765 ], [ -50.64449, -20.50666 ], [ -50.63703, -20.50854 ], [ -50.63665, -20.51379 ], [ -50.63386, -20.51525 ], [ -50.62539, -20.50802 ], [ -50.61321, -20.51926 ], [ -50.60333, -20.51882 ], [ -50.60513, -20.52122 ], [ -50.60045, -20.52418 ], [ -50.59189, -20.52289 ], [ -50.58637, -20.51519 ], [ -50.58623, -20.51766 ], [ -50.58406, -20.5157 ], [ -50.5826, -20.51606 ], [ -50.58305, -20.51887 ], [ -50.5735, -20.518 ], [ -50.57014, -20.5212 ], [ -50.56512, -20.52154 ], [ -50.55534, -20.5287 ], [ -50.55313, -20.52672 ], [ -50.55453, -20.5236 ], [ -50.54744, -20.51952 ], [ -50.54901, -20.50933 ], [ -50.5448, -20.50377 ], [ -50.52751, -20.50916 ], [ -50.52084, -20.50734 ], [ -50.51858, -20.50114 ], [ -50.51031, -20.50228 ], [ -50.50544, -20.49643 ], [ -50.50094, -20.49979 ], [ -50.49722, -20.49605 ], [ -50.49278, -20.49648 ], [ -50.49397, -20.49869 ], [ -50.492, -20.49964 ], [ -50.48402, -20.49279 ], [ -50.47995, -20.49594 ], [ -50.47231, -20.49426 ], [ -50.46694, -20.48917 ], [ -50.44811, -20.48594 ], [ -50.44847, -20.48237 ], [ -50.44061, -20.48329 ], [ -50.43739, -20.48022 ], [ -50.43891, -20.47885 ], [ -50.4312, -20.47922 ], [ -50.42791, -20.47433 ], [ -50.40987, -20.48009 ], [ -50.40139, -20.47681 ], [ -50.39739, -20.47948 ], [ -50.39431, -20.4774 ], [ -50.39357, -20.47214 ], [ -50.3851, -20.47649 ], [ -50.38428, -20.47314 ], [ -50.37286, -20.47459 ], [ -50.37122, -20.47021 ], [ -50.3615, -20.47757 ], [ -50.35684, -20.47136 ], [ -50.34542, -20.47696 ], [ -50.33567, -20.47358 ], [ -50.3314, -20.46901 ], [ -50.32607, -20.4765 ], [ -50.31765, -20.47458 ], [ -50.31235, -20.46921 ], [ -50.30528, -20.47192 ], [ -50.30328, -20.46788 ], [ -50.30035, -20.46985 ], [ -50.2975, -20.46049 ], [ -50.29079, -20.47128 ], [ -50.28083, -20.46693 ], [ -50.26879, -20.47269 ], [ -50.26504, -20.47126 ], [ -50.26089, -20.47455 ], [ -50.26035, -20.47924 ], [ -50.25665, -20.47939 ], [ -50.25096, -20.47505 ], [ -50.24745, -20.4758 ], [ -50.24647, -20.49061 ], [ -50.24097, -20.48771 ], [ -50.23789, -20.49205 ], [ -50.22951, -20.49387 ], [ -50.2306, -20.4967 ], [ -50.22637, -20.49559 ], [ -50.22523, -20.49162 ], [ -50.21686, -20.48635 ], [ -50.21691, -20.48434 ], [ -50.21989, -20.48411 ], [ -50.21695, -20.48052 ], [ -50.21479, -20.48142 ], [ -50.21385, -20.47736 ], [ -50.20935, -20.47692 ], [ -50.20311, -20.48158 ], [ -50.20138, -20.48663 ], [ -50.19183, -20.4837 ], [ -50.18981, -20.49032 ], [ -50.18624, -20.48829 ], [ -50.18379, -20.49124 ], [ -50.17704, -20.49199 ], [ -50.17625, -20.50032 ], [ -50.17108, -20.49866 ], [ -50.16653, -20.50298 ], [ -50.16787, -20.51281 ], [ -50.16081, -20.51311 ], [ -50.15904, -20.50449 ], [ -50.1564, -20.50291 ], [ -50.15352, -20.50485 ], [ -50.14815, -20.50051 ], [ -50.14102, -20.50497 ], [ -50.14353, -20.51112 ], [ -50.13837, -20.5207 ], [ -50.13529, -20.51545 ], [ -50.12164, -20.51296 ], [ -50.12301, -20.51643 ], [ -50.11972, -20.52029 ], [ -50.12351, -20.52558 ], [ -50.12134, -20.5354 ], [ -50.12693, -20.54638 ], [ -50.1245, -20.55133 ], [ -50.12827, -20.55243 ], [ -50.12888, -20.5568 ], [ -50.12452, -20.56427 ], [ -50.12459, -20.57074 ], [ -50.11922, -20.57918 ], [ -50.11821, -20.59059 ], [ -50.11415, -20.59987 ], [ -50.10438, -20.61074 ], [ -50.09185, -20.61658 ], [ -50.08844, -20.62334 ], [ -50.08827, -20.6307 ], [ -50.09358, -20.6375 ], [ -50.09453, -20.64689 ], [ -50.10184, -20.66083 ], [ -50.1012, -20.67157 ], [ -50.10855, -20.67051 ], [ -50.12062, -20.67891 ], [ -50.12325, -20.68289 ], [ -50.12188, -20.69281 ], [ -50.12609, -20.69824 ], [ -50.12266, -20.71399 ], [ -50.11805, -20.72146 ], [ -50.12152, -20.72467 ], [ -50.12056, -20.73304 ], [ -50.12422, -20.73901 ], [ -50.1249, -20.74691 ], [ -50.11422, -20.76303 ], [ -50.11515, -20.76679 ], [ -50.11031, -20.77813 ], [ -50.1163, -20.7848 ], [ -50.11729, -20.79563 ], [ -50.12701, -20.80657 ], [ -50.12311, -20.81345 ], [ -50.12467, -20.81791 ], [ -50.12719, -20.81832 ], [ -50.12524, -20.82238 ], [ -50.12044, -20.82472 ], [ -50.12192, -20.83443 ], [ -50.12529, -20.83438 ], [ -50.13028, -20.84042 ], [ -50.1333, -20.83966 ], [ -50.13715, -20.84392 ], [ -50.1438, -20.84508 ], [ -50.14247, -20.84713 ], [ -50.14511, -20.84721 ], [ -50.14536, -20.85047 ], [ -50.14728, -20.84952 ], [ -50.14865, -20.85399 ], [ -50.15132, -20.85078 ], [ -50.15358, -20.85243 ], [ -50.15217, -20.85426 ], [ -50.15487, -20.86371 ], [ -50.1589, -20.86584 ], [ -50.15895, -20.8699 ], [ -50.16284, -20.87003 ], [ -50.16352, -20.87447 ], [ -50.15813, -20.87602 ], [ -50.15018, -20.8733 ], [ -50.133, -20.88186 ], [ -50.12345, -20.87961 ], [ -50.11644, -20.88077 ], [ -50.11542, -20.87718 ], [ -50.11257, -20.87624 ], [ -50.10384, -20.88685 ], [ -50.09264, -20.88652 ], [ -50.07125, -20.91016 ], [ -50.07247, -20.91381 ], [ -50.0648, -20.9216 ], [ -50.06109, -20.93314 ], [ -50.06286, -20.93571 ], [ -50.0615, -20.93955 ], [ -50.05637, -20.93976 ], [ -50.05146, -20.93103 ], [ -50.04598, -20.94038 ], [ -50.03526, -20.93979 ], [ -50.03229, -20.93468 ], [ -50.0293, -20.93567 ], [ -50.02245, -20.94317 ], [ -50.03305, -20.978 ], [ -50.02743, -20.97593 ], [ -50.01794, -20.97654 ], [ -50.01659, -20.97496 ], [ -50.01974, -20.96892 ], [ -50.01603, -20.96434 ], [ -50.00533, -20.96568 ], [ -50.00402, -20.96301 ], [ -50.00711, -20.95935 ], [ -50.00354, -20.95754 ], [ -50.00239, -20.95337 ], [ -49.99352, -20.94913 ], [ -49.98346, -20.93282 ], [ -49.97537, -20.91448 ], [ -49.97591, -20.90972 ], [ -49.97136, -20.90742 ], [ -49.96195, -20.9089 ], [ -49.95748, -20.90619 ], [ -49.95248, -20.91284 ], [ -49.94888, -20.92646 ], [ -49.94112, -20.93465 ], [ -49.92614, -20.93001 ], [ -49.92352, -20.92705 ], [ -49.92434, -20.92049 ], [ -49.92002, -20.9179 ], [ -49.87243, -20.91672 ], [ -49.86953, -20.92445 ], [ -49.85634, -20.93286 ], [ -49.85098, -20.93162 ], [ -49.84513, -20.94311 ], [ -49.82996, -20.94899 ], [ -49.82731, -20.95276 ], [ -49.82721, -20.94162 ], [ -49.82228, -20.94007 ], [ -49.82154, -20.93735 ], [ -49.81744, -20.93909 ], [ -49.80716, -20.9349 ], [ -49.80246, -20.93668 ], [ -49.78947, -20.93373 ], [ -49.77606, -20.93638 ], [ -49.76618, -20.94116 ], [ -49.7628, -20.93805 ], [ -49.75178, -20.93586 ], [ -49.728, -20.93709 ], [ -49.72622, -20.93234 ], [ -49.70555, -20.95047 ], [ -49.71277, -20.95296 ], [ -49.71818, -20.95952 ], [ -49.72072, -20.97577 ], [ -49.71459, -20.97238 ], [ -49.70621, -20.97235 ], [ -49.69586, -20.96584 ], [ -49.68656, -20.97002 ], [ -49.68302, -20.96639 ], [ -49.66756, -20.96489 ], [ -49.65811, -20.96991 ], [ -49.65859, -20.97558 ], [ -49.65361, -20.98082 ], [ -49.65548, -20.99061 ], [ -49.65349, -20.99434 ], [ -49.64015, -20.97224 ], [ -49.63519, -20.97125 ], [ -49.62789, -20.97874 ], [ -49.62786, -20.98605 ], [ -49.62062, -20.99105 ], [ -49.61304, -20.99195 ], [ -49.61116, -20.99552 ], [ -49.61241, -21.00252 ], [ -49.60377, -21.00278 ], [ -49.60303, -21.02511 ], [ -49.58426, -21.02431 ], [ -49.57323, -21.01654 ], [ -49.55747, -21.02429 ], [ -49.55992, -21.03819 ], [ -49.56354, -21.03883 ], [ -49.56735, -21.04905 ], [ -49.56179, -21.05714 ], [ -49.56353, -21.05807 ], [ -49.56291, -21.06505 ], [ -49.5682, -21.06684 ], [ -49.57406, -21.07341 ], [ -49.56909, -21.08175 ], [ -49.5718, -21.08538 ], [ -49.57127, -21.09311 ], [ -49.57552, -21.10228 ], [ -49.57449, -21.11017 ], [ -49.57746, -21.11648 ], [ -49.58438, -21.11766 ], [ -49.58909, -21.11555 ], [ -49.59342, -21.11872 ], [ -49.60013, -21.1166 ], [ -49.60471, -21.12057 ], [ -49.61133, -21.11976 ], [ -49.61801, -21.12609 ], [ -49.62033, -21.13327 ], [ -49.6282, -21.14212 ], [ -49.63765, -21.147 ], [ -49.63764, -21.15044 ], [ -49.64149, -21.14989 ], [ -49.64662, -21.15693 ], [ -49.65136, -21.15671 ], [ -49.65526, -21.16393 ], [ -49.66074, -21.161 ], [ -49.65965, -21.15858 ], [ -49.66185, -21.15559 ], [ -49.6598, -21.13479 ], [ -49.66238, -21.13119 ], [ -49.6616, -21.12652 ], [ -49.67129, -21.12994 ], [ -49.6754, -21.13492 ], [ -49.68936, -21.13087 ], [ -49.71967, -21.13715 ], [ -49.72701, -21.13317 ], [ -49.73614, -21.13457 ], [ -49.74731, -21.14514 ], [ -49.74965, -21.15094 ], [ -49.76396, -21.15352 ], [ -49.77333, -21.17777 ], [ -49.78391, -21.19259 ], [ -49.78564, -21.20016 ], [ -49.78397, -21.2085 ], [ -49.78932, -21.2089 ], [ -49.80284, -21.20333 ], [ -49.81491, -21.20333 ], [ -49.8152, -21.21107 ], [ -49.8248, -21.23778 ], [ -49.84098, -21.25035 ], [ -49.84762, -21.25843 ], [ -49.85596, -21.25984 ], [ -49.8465, -21.2721 ], [ -49.81731, -21.27919 ], [ -49.80217, -21.29305 ], [ -49.79057, -21.29475 ], [ -49.77102, -21.30586 ], [ -49.76719, -21.30583 ], [ -49.75291, -21.2963 ], [ -49.74533, -21.29674 ], [ -49.74317, -21.30164 ], [ -49.74608, -21.31465 ], [ -49.72683, -21.34553 ], [ -49.71162, -21.33472 ], [ -49.70439, -21.33477 ], [ -49.69731, -21.33943 ], [ -49.69641, -21.34338 ], [ -49.7002, -21.35532 ], [ -49.69728, -21.36227 ], [ -49.69882, -21.36867 ] ] ] } },
{ "type": "Feature", "properties": { "regional_cgr": "CGR 12" }, "geometry": { "type": "Polygon", "coordinates": [ [ [ -51.00586, -22.79385 ], [ -51.0615, -22.765 ], [ -51.0775, -22.76537 ], [ -51.12542, -22.76036 ], [ -51.15817, -22.7519 ], [ -51.16794, -22.74686 ], [ -51.18869, -22.72885 ], [ -51.20514, -22.7272 ], [ -51.23119, -22.71377 ], [ -51.23846, -22.70445 ], [ -51.24279, -22.68933 ], [ -51.25792, -22.67346 ], [ -51.27163, -22.66624 ], [ -51.2805, -22.66626 ], [ -51.30595, -22.67439 ], [ -51.36993, -22.65865 ], [ -51.38578, -22.66107 ], [ -51.39527, -22.66641 ], [ -51.40529, -22.66707 ], [ -51.42412, -22.65387 ], [ -51.44419, -22.65165 ], [ -51.45118, -22.65361 ], [ -51.4564, -22.6581 ], [ -51.46934, -22.67588 ], [ -51.49225, -22.68818 ], [ -51.51029, -22.69209 ], [ -51.52134, -22.68763 ], [ -51.53319, -22.68762 ], [ -51.56214, -22.697 ], [ -51.57858, -22.68902 ], [ -51.59413, -22.68467 ], [ -51.61367, -22.66521 ], [ -51.63747, -22.65664 ], [ -51.67602, -22.65977 ], [ -51.70099, -22.67011 ], [ -51.71568, -22.66935 ], [ -51.72677, -22.65979 ], [ -51.73364, -22.62566 ], [ -51.73769, -22.62384 ], [ -51.74477, -22.62492 ], [ -51.75418, -22.61666 ], [ -51.76832, -22.61426 ], [ -51.77966, -22.61538 ], [ -51.84695, -22.632 ], [ -51.87137, -22.63018 ], [ -51.93459, -22.57031 ], [ -51.94186, -22.56639 ], [ -51.96243, -22.56223 ], [ -52.00994, -22.54182 ], [ -52.06098, -22.53793 ], [ -52.08495, -22.52336 ], [ -52.10897, -22.5165 ], [ -52.12345, -22.5186 ], [ -52.13378, -22.52514 ], [ -52.14259, -22.5374 ], [ -52.14942, -22.55332 ], [ -52.16256, -22.6009 ], [ -52.16157, -22.61495 ], [ -52.1572, -22.62944 ], [ -52.15697, -22.64379 ], [ -52.16847, -22.65068 ], [ -52.20152, -22.66091 ], [ -52.22025, -22.67475 ], [ -52.22538, -22.67341 ], [ -52.2281, -22.66841 ], [ -52.22859, -22.64014 ], [ -52.23149, -22.63303 ], [ -52.24022, -22.62034 ], [ -52.24773, -22.61608 ], [ -52.27819, -22.62081 ], [ -52.29926, -22.634 ], [ -52.30942, -22.63692 ], [ -52.3428, -22.63069 ], [ -52.38, -22.62712 ], [ -52.42153, -22.61021 ], [ -52.43802, -22.6068 ], [ -52.46823, -22.61615 ], [ -52.493, -22.63207 ], [ -52.5056, -22.6338 ], [ -52.526, -22.61839 ], [ -52.54131, -22.61413 ], [ -52.54688, -22.61001 ], [ -52.56936, -22.58634 ], [ -52.57681, -22.57034 ], [ -52.58579, -22.5655 ], [ -52.61676, -22.57808 ], [ -52.63005, -22.59084 ], [ -52.64833, -22.59935 ], [ -52.66497, -22.61319 ], [ -52.6996, -22.62733 ], [ -52.72327, -22.6272 ], [ -52.75108, -22.61218 ], [ -52.80336, -22.59701 ], [ -52.82146, -22.598 ], [ -52.84395, -22.60881 ], [ -52.85507, -22.61021 ], [ -52.86941, -22.60213 ], [ -52.90445, -22.57235 ], [ -52.91924, -22.56657 ], [ -52.9309, -22.56513 ], [ -52.97198, -22.56974 ], [ -52.99019, -22.57917 ], [ -52.99617, -22.58311 ], [ -53.0043, -22.59355 ], [ -53.02712, -22.60844 ], [ -53.05688, -22.63303 ], [ -53.07572, -22.63997 ], [ -53.0873, -22.6573 ], [ -53.09417, -22.64008 ], [ -53.10433, -22.6243 ], [ -53.10472, -22.61989 ], [ -53.09474, -22.59051 ], [ -53.09028, -22.58422 ], [ -53.09067, -22.57446 ], [ -53.08549, -22.56715 ], [ -53.06151, -22.55067 ], [ -53.03442, -22.5279 ], [ -53.01163, -22.51321 ], [ -52.99578, -22.49454 ], [ -52.96875, -22.48015 ], [ -52.91589, -22.4654 ], [ -52.85998, -22.44158 ], [ -52.85087, -22.43522 ], [ -52.84014, -22.41717 ], [ -52.79571, -22.38054 ], [ -52.77174, -22.36526 ], [ -52.73381, -22.34894 ], [ -52.72325, -22.33716 ], [ -52.69379, -22.31371 ], [ -52.65757, -22.30109 ], [ -52.64952, -22.2944 ], [ -52.64103, -22.28217 ], [ -52.59229, -22.26849 ], [ -52.5766, -22.25606 ], [ -52.57419, -22.25034 ], [ -52.56881, -22.24568 ], [ -52.54998, -22.24318 ], [ -52.53012, -22.23151 ], [ -52.50059, -22.2234 ], [ -52.49369, -22.21922 ], [ -52.4832, -22.20803 ], [ -52.47944, -22.20055 ], [ -52.46366, -22.19113 ], [ -52.41735, -22.15003 ], [ -52.39452, -22.11659 ], [ -52.37439, -22.10075 ], [ -52.34635, -22.06198 ], [ -52.33764, -22.0407 ], [ -52.32482, -21.98223 ], [ -52.30647, -21.94441 ], [ -52.27531, -21.91514 ], [ -52.26356, -21.91202 ], [ -52.25861, -21.90583 ], [ -52.24172, -21.89646 ], [ -52.22254, -21.87371 ], [ -52.19437, -21.85024 ], [ -52.19019, -21.84497 ], [ -52.18559, -21.83114 ], [ -52.18314, -21.81237 ], [ -52.16597, -21.77841 ], [ -52.15445, -21.76492 ], [ -52.14035, -21.75459 ], [ -52.1217, -21.74914 ], [ -52.11256, -21.74929 ], [ -52.10234, -21.74501 ], [ -52.09346, -21.73172 ], [ -52.07631, -21.71406 ], [ -52.06455, -21.68865 ], [ -52.05279, -21.66974 ], [ -52.04832, -21.65879 ], [ -52.04834, -21.64742 ], [ -52.05345, -21.63454 ], [ -52.06389, -21.61817 ], [ -52.06896, -21.598 ], [ -52.07894, -21.58658 ], [ -52.09698, -21.57742 ], [ -52.10208, -21.57022 ], [ -52.10331, -21.5578 ], [ -52.09697, -21.53551 ], [ -52.06249, -21.50606 ], [ -52.0492, -21.5049 ], [ -52.00127, -21.51698 ], [ -51.95823, -21.50033 ], [ -51.94146, -21.48162 ], [ -51.93485, -21.46355 ], [ -51.92495, -21.44979 ], [ -51.91606, -21.4057 ], [ -51.91006, -21.39101 ], [ -51.90167, -21.38014 ], [ -51.86452, -21.34793 ], [ -51.86154, -21.33934 ], [ -51.86071, -21.31482 ], [ -51.85642, -21.28941 ], [ -51.85507, -21.28435 ], [ -51.84962, -21.27938 ], [ -51.84888, -21.26811 ], [ -51.86054, -21.23393 ], [ -51.87916, -21.19962 ], [ -51.87938, -21.18996 ], [ -51.87575, -21.17878 ], [ -51.87888, -21.15794 ], [ -51.87772, -21.13925 ], [ -51.87346, -21.13504 ], [ -51.86154, -21.13116 ], [ -51.84592, -21.13162 ], [ -51.82146, -21.12697 ], [ -51.80796, -21.1124 ], [ -51.79001, -21.10254 ], [ -51.77831, -21.08151 ], [ -51.77168, -21.04968 ], [ -51.76534, -21.05168 ], [ -51.76779, -21.05631 ], [ -51.76511, -21.05983 ], [ -51.76418, -21.05521 ], [ -51.7612, -21.05496 ], [ -51.76121, -21.06526 ], [ -51.75576, -21.0656 ], [ -51.7526, -21.06168 ], [ -51.75289, -21.06439 ], [ -51.74587, -21.06623 ], [ -51.74701, -21.07029 ], [ -51.74384, -21.06808 ], [ -51.74435, -21.07252 ], [ -51.74136, -21.06868 ], [ -51.73759, -21.07413 ], [ -51.73416, -21.07115 ], [ -51.73284, -21.07511 ], [ -51.73027, -21.0734 ], [ -51.73304, -21.07051 ], [ -51.73041, -21.07016 ], [ -51.72823, -21.074 ], [ -51.72463, -21.06682 ], [ -51.72458, -21.07066 ], [ -51.72181, -21.072 ], [ -51.71929, -21.06968 ], [ -51.71696, -21.0731 ], [ -51.71828, -21.07644 ], [ -51.71152, -21.07973 ], [ -51.71397, -21.0814 ], [ -51.71267, -21.08415 ], [ -51.70557, -21.08333 ], [ -51.70812, -21.08813 ], [ -51.70254, -21.08898 ], [ -51.70143, -21.0861 ], [ -51.70078, -21.0889 ], [ -51.69848, -21.0885 ], [ -51.69813, -21.09724 ], [ -51.69595, -21.09625 ], [ -51.69515, -21.09871 ], [ -51.69836, -21.09912 ], [ -51.69878, -21.1057 ], [ -51.70168, -21.10737 ], [ -51.69694, -21.10722 ], [ -51.7003, -21.10903 ], [ -51.69568, -21.11101 ], [ -51.69507, -21.11406 ], [ -51.69088, -21.11328 ], [ -51.69339, -21.11604 ], [ -51.69098, -21.11625 ], [ -51.69054, -21.12135 ], [ -51.69463, -21.12809 ], [ -51.6965, -21.1261 ], [ -51.69546, -21.13038 ], [ -51.69892, -21.13274 ], [ -51.69297, -21.13047 ], [ -51.69391, -21.13257 ], [ -51.68939, -21.13509 ], [ -51.69113, -21.13934 ], [ -51.68957, -21.14639 ], [ -51.68644, -21.14641 ], [ -51.68715, -21.15101 ], [ -51.68534, -21.14882 ], [ -51.67169, -21.15012 ], [ -51.67399, -21.15253 ], [ -51.67236, -21.1546 ], [ -51.66774, -21.155 ], [ -51.66875, -21.15762 ], [ -51.67169, -21.15758 ], [ -51.66907, -21.15916 ], [ -51.6706, -21.16169 ], [ -51.66659, -21.16087 ], [ -51.66558, -21.16363 ], [ -51.66493, -21.16149 ], [ -51.66441, -21.16611 ], [ -51.65705, -21.16943 ], [ -51.6523, -21.16625 ], [ -51.64774, -21.16645 ], [ -51.64851, -21.16341 ], [ -51.64402, -21.16674 ], [ -51.64558, -21.16368 ], [ -51.64093, -21.16532 ], [ -51.63652, -21.15624 ], [ -51.63136, -21.15705 ], [ -51.62969, -21.15184 ], [ -51.63546, -21.15483 ], [ -51.63798, -21.15377 ], [ -51.63671, -21.15092 ], [ -51.63269, -21.15161 ], [ -51.62667, -21.14527 ], [ -51.61802, -21.14836 ], [ -51.61893, -21.14539 ], [ -51.61392, -21.1419 ], [ -51.60198, -21.14888 ], [ -51.60347, -21.14455 ], [ -51.60098, -21.144 ], [ -51.5978, -21.14736 ], [ -51.59478, -21.14694 ], [ -51.59451, -21.14912 ], [ -51.59158, -21.14843 ], [ -51.5901, -21.15233 ], [ -51.59025, -21.15672 ], [ -51.59343, -21.15434 ], [ -51.59797, -21.15881 ], [ -51.59362, -21.16238 ], [ -51.59702, -21.16783 ], [ -51.59454, -21.16662 ], [ -51.59204, -21.17389 ], [ -51.58969, -21.17358 ], [ -51.5868, -21.17738 ], [ -51.58485, -21.17437 ], [ -51.58135, -21.17686 ], [ -51.58298, -21.1797 ], [ -51.57563, -21.18033 ], [ -51.57757, -21.18458 ], [ -51.57481, -21.18946 ], [ -51.57186, -21.18772 ], [ -51.57255, -21.18449 ], [ -51.57117, -21.18657 ], [ -51.568, -21.1852 ], [ -51.56809, -21.18698 ], [ -51.56418, -21.18525 ], [ -51.56397, -21.19037 ], [ -51.5603, -21.19286 ], [ -51.5621, -21.19007 ], [ -51.56043, -21.18745 ], [ -51.55872, -21.19112 ], [ -51.54505, -21.19123 ], [ -51.54217, -21.19605 ], [ -51.53918, -21.19398 ], [ -51.53569, -21.20023 ], [ -51.53259, -21.19507 ], [ -51.52822, -21.19893 ], [ -51.52696, -21.19758 ], [ -51.52188, -21.19976 ], [ -51.52098, -21.20535 ], [ -51.5192, -21.20395 ], [ -51.51804, -21.20652 ], [ -51.52215, -21.20856 ], [ -51.51785, -21.21336 ], [ -51.51708, -21.21002 ], [ -51.51371, -21.21024 ], [ -51.51059, -21.21292 ], [ -51.5122, -21.21531 ], [ -51.50819, -21.21517 ], [ -51.51017, -21.21569 ], [ -51.50837, -21.21864 ], [ -51.50333, -21.21727 ], [ -51.50029, -21.22103 ], [ -51.494, -21.2206 ], [ -51.49653, -21.22587 ], [ -51.49371, -21.22587 ], [ -51.49546, -21.22858 ], [ -51.49268, -21.22783 ], [ -51.49326, -21.22953 ], [ -51.48908, -21.23195 ], [ -51.48977, -21.2286 ], [ -51.48644, -21.2276 ], [ -51.48766, -21.22962 ], [ -51.48446, -21.22972 ], [ -51.48501, -21.23278 ], [ -51.48084, -21.23078 ], [ -51.4769, -21.23672 ], [ -51.47449, -21.23506 ], [ -51.47048, -21.23716 ], [ -51.46909, -21.23528 ], [ -51.46709, -21.23957 ], [ -51.46718, -21.23579 ], [ -51.46555, -21.23794 ], [ -51.46327, -21.23644 ], [ -51.46442, -21.23434 ], [ -51.46099, -21.23478 ], [ -51.46113, -21.2414 ], [ -51.46096, -21.2374 ], [ -51.45612, -21.23712 ], [ -51.45536, -21.2432 ], [ -51.45307, -21.23932 ], [ -51.44596, -21.24301 ], [ -51.44551, -21.24572 ], [ -51.44338, -21.24347 ], [ -51.43493, -21.24531 ], [ -51.42852, -21.25273 ], [ -51.42982, -21.2554 ], [ -51.42732, -21.25629 ], [ -51.4278, -21.25403 ], [ -51.42593, -21.25175 ], [ -51.4268, -21.25483 ], [ -51.42462, -21.25758 ], [ -51.41928, -21.25606 ], [ -51.4211, -21.25735 ], [ -51.41969, -21.26099 ], [ -51.41609, -21.25823 ], [ -51.41744, -21.26165 ], [ -51.40941, -21.2618 ], [ -51.41051, -21.26625 ], [ -51.4092, -21.26398 ], [ -51.40661, -21.26449 ], [ -51.40619, -21.26833 ], [ -51.39966, -21.26668 ], [ -51.3977, -21.26858 ], [ -51.40095, -21.27311 ], [ -51.39604, -21.27235 ], [ -51.39696, -21.27622 ], [ -51.39317, -21.27644 ], [ -51.39579, -21.27832 ], [ -51.38726, -21.28111 ], [ -51.38641, -21.28434 ], [ -51.38054, -21.28323 ], [ -51.37464, -21.28592 ], [ -51.37194, -21.284 ], [ -51.37361, -21.28749 ], [ -51.36767, -21.28998 ], [ -51.36688, -21.28563 ], [ -51.36445, -21.28967 ], [ -51.35995, -21.28529 ], [ -51.35699, -21.28898 ], [ -51.34946, -21.28857 ], [ -51.35112, -21.2916 ], [ -51.34722, -21.2922 ], [ -51.34593, -21.28731 ], [ -51.33758, -21.29342 ], [ -51.33818, -21.28862 ], [ -51.33433, -21.29276 ], [ -51.32838, -21.29446 ], [ -51.32901, -21.29221 ], [ -51.32582, -21.29255 ], [ -51.3258, -21.29629 ], [ -51.32342, -21.29395 ], [ -51.3225, -21.29718 ], [ -51.31926, -21.2965 ], [ -51.31997, -21.29884 ], [ -51.31662, -21.29706 ], [ -51.31597, -21.30004 ], [ -51.31387, -21.29616 ], [ -51.3119, -21.30135 ], [ -51.31051, -21.29933 ], [ -51.30642, -21.30069 ], [ -51.30888, -21.30293 ], [ -51.30448, -21.30838 ], [ -51.29688, -21.30982 ], [ -51.29017, -21.31691 ], [ -51.28944, -21.31334 ], [ -51.28723, -21.31845 ], [ -51.28128, -21.31924 ], [ -51.28126, -21.32268 ], [ -51.27068, -21.32194 ], [ -51.2657, -21.33114 ], [ -51.26123, -21.3276 ], [ -51.23783, -21.32665 ], [ -51.23739, -21.33147 ], [ -51.22938, -21.33601 ], [ -51.23123, -21.33939 ], [ -51.22544, -21.34132 ], [ -51.22403, -21.34543 ], [ -51.21676, -21.35112 ], [ -51.21239, -21.35135 ], [ -51.21414, -21.35472 ], [ -51.20886, -21.35808 ], [ -51.20686, -21.35708 ], [ -51.20387, -21.36084 ], [ -51.19982, -21.35962 ], [ -51.19524, -21.37237 ], [ -51.18948, -21.37683 ], [ -51.18316, -21.37593 ], [ -51.17149, -21.38328 ], [ -51.16413, -21.38365 ], [ -51.15674, -21.37787 ], [ -51.13906, -21.37384 ], [ -51.12156, -21.3815 ], [ -51.10018, -21.37032 ], [ -51.09283, -21.37123 ], [ -51.08971, -21.37256 ], [ -51.09014, -21.37876 ], [ -51.0852, -21.38301 ], [ -51.08645, -21.38463 ], [ -51.08102, -21.38494 ], [ -51.08127, -21.38769 ], [ -51.07969, -21.38638 ], [ -51.07754, -21.38926 ], [ -51.07499, -21.38839 ], [ -51.07405, -21.39149 ], [ -51.06312, -21.39458 ], [ -51.05465, -21.40446 ], [ -51.04533, -21.40379 ], [ -51.0459, -21.40645 ], [ -51.03374, -21.40883 ], [ -51.02909, -21.41818 ], [ -51.02522, -21.4209 ], [ -51.02555, -21.42618 ], [ -51.00426, -21.43848 ], [ -50.99792, -21.43898 ], [ -50.98149, -21.4318 ], [ -50.96045, -21.43851 ], [ -50.94698, -21.44742 ], [ -50.94298, -21.44441 ], [ -50.92432, -21.44164 ], [ -50.91658, -21.45416 ], [ -50.92146, -21.45653 ], [ -50.92059, -21.46015 ], [ -50.90568, -21.47026 ], [ -50.90726, -21.47673 ], [ -50.90318, -21.48017 ], [ -50.90452, -21.48492 ], [ -50.89981, -21.48705 ], [ -50.89938, -21.49039 ], [ -50.89497, -21.48934 ], [ -50.89416, -21.48619 ], [ -50.88867, -21.48531 ], [ -50.87839, -21.48941 ], [ -50.87423, -21.48855 ], [ -50.86628, -21.49877 ], [ -50.86739, -21.50397 ], [ -50.86439, -21.50916 ], [ -50.87262, -21.5144 ], [ -50.87246, -21.5202 ], [ -50.86929, -21.52533 ], [ -50.85465, -21.5298 ], [ -50.84732, -21.53553 ], [ -50.82866, -21.53632 ], [ -50.83028, -21.54084 ], [ -50.82639, -21.53745 ], [ -50.81675, -21.54136 ], [ -50.81552, -21.53982 ], [ -50.81356, -21.54807 ], [ -50.81579, -21.55117 ], [ -50.8193, -21.5503 ], [ -50.81588, -21.55413 ], [ -50.82196, -21.55734 ], [ -50.81722, -21.56336 ], [ -50.81494, -21.56374 ], [ -50.81455, -21.55943 ], [ -50.81012, -21.55562 ], [ -50.81282, -21.55985 ], [ -50.80997, -21.56459 ], [ -50.81092, -21.55956 ], [ -50.80609, -21.55965 ], [ -50.80637, -21.55462 ], [ -50.79718, -21.54158 ], [ -50.79325, -21.54338 ], [ -50.79883, -21.55557 ], [ -50.79109, -21.55905 ], [ -50.78593, -21.55687 ], [ -50.78797, -21.55245 ], [ -50.78513, -21.54906 ], [ -50.78821, -21.55096 ], [ -50.78876, -21.54882 ], [ -50.78184, -21.54303 ], [ -50.77795, -21.54265 ], [ -50.77596, -21.54604 ], [ -50.7704, -21.54669 ], [ -50.76902, -21.55373 ], [ -50.77119, -21.55815 ], [ -50.77387, -21.55659 ], [ -50.77475, -21.56135 ], [ -50.78183, -21.5632 ], [ -50.7821, -21.56739 ], [ -50.77377, -21.56751 ], [ -50.77417, -21.56388 ], [ -50.77018, -21.56613 ], [ -50.77041, -21.56913 ], [ -50.76438, -21.56195 ], [ -50.76011, -21.56401 ], [ -50.75883, -21.56902 ], [ -50.7558, -21.57114 ], [ -50.74892, -21.56528 ], [ -50.7445, -21.56462 ], [ -50.74924, -21.57409 ], [ -50.74565, -21.57799 ], [ -50.73421, -21.57149 ], [ -50.72975, -21.57249 ], [ -50.72579, -21.57672 ], [ -50.70892, -21.5763 ], [ -50.7063, -21.57833 ], [ -50.70802, -21.58502 ], [ -50.68699, -21.59729 ], [ -50.68301, -21.59752 ], [ -50.68084, -21.60195 ], [ -50.67755, -21.60062 ], [ -50.67087, -21.60418 ], [ -50.66761, -21.61045 ], [ -50.66127, -21.61433 ], [ -50.66077, -21.61824 ], [ -50.65303, -21.62297 ], [ -50.65238, -21.62919 ], [ -50.6548, -21.63392 ], [ -50.65041, -21.63786 ], [ -50.64669, -21.65046 ], [ -50.64027, -21.64944 ], [ -50.63261, -21.65622 ], [ -50.63008, -21.65414 ], [ -50.62755, -21.64253 ], [ -50.62071, -21.64479 ], [ -50.62157, -21.64969 ], [ -50.61902, -21.6518 ], [ -50.62125, -21.65972 ], [ -50.61948, -21.66147 ], [ -50.61469, -21.65888 ], [ -50.61507, -21.66433 ], [ -50.61156, -21.66937 ], [ -50.6134, -21.67292 ], [ -50.6098, -21.67461 ], [ -50.61203, -21.67899 ], [ -50.60963, -21.68974 ], [ -50.61485, -21.70214 ], [ -50.61902, -21.70447 ], [ -50.62564, -21.72023 ], [ -50.6283, -21.7219 ], [ -50.62759, -21.72603 ], [ -50.63322, -21.73117 ], [ -50.63838, -21.74702 ], [ -50.63274, -21.7537 ], [ -50.63524, -21.76636 ], [ -50.65556, -21.77259 ], [ -50.6616, -21.77661 ], [ -50.68004, -21.77592 ], [ -50.68365, -21.789 ], [ -50.6919, -21.79301 ], [ -50.69667, -21.78214 ], [ -50.70747, -21.77363 ], [ -50.70831, -21.77949 ], [ -50.72228, -21.80442 ], [ -50.72283, -21.81082 ], [ -50.72137, -21.81775 ], [ -50.71167, -21.82633 ], [ -50.71092, -21.84496 ], [ -50.7062, -21.85647 ], [ -50.71141, -21.85508 ], [ -50.72358, -21.85945 ], [ -50.72907, -21.87119 ], [ -50.74651, -21.88206 ], [ -50.75286, -21.89297 ], [ -50.76282, -21.89321 ], [ -50.7748, -21.90608 ], [ -50.77718, -21.91771 ], [ -50.7902, -21.9201 ], [ -50.79121, -21.9362 ], [ -50.79973, -21.93697 ], [ -50.80077, -21.94064 ], [ -50.81335, -21.95062 ], [ -50.82808, -21.94873 ], [ -50.83375, -21.956 ], [ -50.84056, -21.95984 ], [ -50.84274, -21.96502 ], [ -50.86452, -21.96852 ], [ -50.84579, -21.97343 ], [ -50.83896, -21.97958 ], [ -50.83298, -21.98078 ], [ -50.83223, -21.98657 ], [ -50.80452, -21.99684 ], [ -50.78073, -22.00266 ], [ -50.74675, -22.00356 ], [ -50.74299, -22.00847 ], [ -50.72716, -22.01157 ], [ -50.72077, -22.0105 ], [ -50.717, -22.01387 ], [ -50.71042, -22.01468 ], [ -50.70894, -22.01996 ], [ -50.70574, -22.02147 ], [ -50.70334, -22.03388 ], [ -50.70481, -22.04497 ], [ -50.713, -22.05848 ], [ -50.71592, -22.07312 ], [ -50.72456, -22.0845 ], [ -50.72506, -22.09144 ], [ -50.72266, -22.09928 ], [ -50.72435, -22.10496 ], [ -50.71743, -22.1107 ], [ -50.71921, -22.11457 ], [ -50.71481, -22.12045 ], [ -50.7097, -22.13699 ], [ -50.713, -22.15233 ], [ -50.72027, -22.15416 ], [ -50.72204, -22.16408 ], [ -50.72599, -22.16893 ], [ -50.72333, -22.18065 ], [ -50.71759, -22.187 ], [ -50.72177, -22.19662 ], [ -50.72704, -22.19645 ], [ -50.72996, -22.19877 ], [ -50.7281, -22.21195 ], [ -50.72328, -22.21646 ], [ -50.73127, -22.2205 ], [ -50.72626, -22.2288 ], [ -50.72837, -22.23607 ], [ -50.72231, -22.23971 ], [ -50.71652, -22.25185 ], [ -50.72888, -22.26626 ], [ -50.73509, -22.27987 ], [ -50.74524, -22.28636 ], [ -50.74776, -22.29514 ], [ -50.75888, -22.30272 ], [ -50.77004, -22.34927 ], [ -50.76189, -22.36548 ], [ -50.76273, -22.38348 ], [ -50.7752, -22.40392 ], [ -50.77917, -22.40404 ], [ -50.78674, -22.4114 ], [ -50.78357, -22.43482 ], [ -50.7991, -22.44367 ], [ -50.82967, -22.42788 ], [ -50.83921, -22.43599 ], [ -50.84338, -22.44508 ], [ -50.84049, -22.45588 ], [ -50.8461, -22.47312 ], [ -50.83147, -22.48461 ], [ -50.83802, -22.49519 ], [ -50.83613, -22.50188 ], [ -50.84876, -22.50864 ], [ -50.84931, -22.52031 ], [ -50.85832, -22.52853 ], [ -50.85157, -22.53507 ], [ -50.8463, -22.54634 ], [ -50.84181, -22.54953 ], [ -50.84874, -22.5604 ], [ -50.85357, -22.57556 ], [ -50.85051, -22.58 ], [ -50.845, -22.57981 ], [ -50.83971, -22.58479 ], [ -50.84633, -22.61749 ], [ -50.84327, -22.62611 ], [ -50.83436, -22.63013 ], [ -50.82717, -22.64845 ], [ -50.83335, -22.65405 ], [ -50.83344, -22.65876 ], [ -50.83918, -22.65482 ], [ -50.84015, -22.6591 ], [ -50.84413, -22.65713 ], [ -50.84652, -22.66064 ], [ -50.85071, -22.6607 ], [ -50.85313, -22.65518 ], [ -50.85553, -22.65467 ], [ -50.8604, -22.66013 ], [ -50.86459, -22.65468 ], [ -50.86619, -22.66111 ], [ -50.86869, -22.65603 ], [ -50.88277, -22.64904 ], [ -50.88627, -22.65082 ], [ -50.8829, -22.6528 ], [ -50.88914, -22.65578 ], [ -50.89464, -22.6497 ], [ -50.89881, -22.64859 ], [ -50.89767, -22.64455 ], [ -50.90525, -22.63743 ], [ -50.91061, -22.63859 ], [ -50.91122, -22.6443 ], [ -50.91495, -22.64821 ], [ -50.92321, -22.64272 ], [ -50.92592, -22.64614 ], [ -50.92309, -22.64998 ], [ -50.92669, -22.65158 ], [ -50.92349, -22.65576 ], [ -50.92817, -22.66125 ], [ -50.92529, -22.66414 ], [ -50.93164, -22.66607 ], [ -50.93007, -22.66914 ], [ -50.93282, -22.67221 ], [ -50.94266, -22.66877 ], [ -50.94334, -22.67295 ], [ -50.94919, -22.6775 ], [ -50.95001, -22.68445 ], [ -50.94599, -22.68741 ], [ -50.94937, -22.6884 ], [ -50.95285, -22.69449 ], [ -50.94851, -22.70078 ], [ -50.94241, -22.70257 ], [ -50.94235, -22.70604 ], [ -50.94522, -22.70835 ], [ -50.94259, -22.71087 ], [ -50.93803, -22.7106 ], [ -50.93751, -22.71326 ], [ -50.9408, -22.72069 ], [ -50.93401, -22.72503 ], [ -50.93902, -22.72778 ], [ -50.93837, -22.73081 ], [ -50.94508, -22.72844 ], [ -50.94244, -22.73198 ], [ -50.94467, -22.73634 ], [ -50.94377, -22.74026 ], [ -50.93826, -22.74008 ], [ -50.9412, -22.74457 ], [ -50.93936, -22.75005 ], [ -50.94681, -22.74965 ], [ -50.9504, -22.74614 ], [ -50.9488, -22.75144 ], [ -50.95154, -22.75527 ], [ -50.95364, -22.75215 ], [ -50.95181, -22.75006 ], [ -50.95748, -22.75023 ], [ -50.96188, -22.74682 ], [ -50.96117, -22.7494 ], [ -50.96768, -22.75633 ], [ -50.96308, -22.75721 ], [ -50.96317, -22.76266 ], [ -50.9592, -22.76307 ], [ -50.96378, -22.76549 ], [ -50.96444, -22.77063 ], [ -50.96703, -22.76905 ], [ -50.96737, -22.76424 ], [ -50.97251, -22.7686 ], [ -50.97793, -22.76823 ], [ -50.9776, -22.76617 ], [ -50.98032, -22.76723 ], [ -50.97756, -22.77369 ], [ -50.98029, -22.77781 ], [ -50.97855, -22.77948 ], [ -50.9824, -22.78114 ], [ -50.97905, -22.78095 ], [ -50.97894, -22.78281 ], [ -50.98497, -22.78419 ], [ -50.99537, -22.79227 ], [ -51.00586, -22.79385 ] ] ] } },
{ "type": "Feature", "properties": { "regional_cgr": "CGR 13" }, "geometry": { "type": "Polygon", "coordinates": [ [ [ -47.46395, -23.12454 ], [ -47.4798, -23.12355 ], [ -47.49699, -23.09685 ], [ -47.51001, -23.09211 ], [ -47.50915, -23.08227 ], [ -47.51805, -23.07547 ], [ -47.52342, -23.06822 ], [ -47.52462, -23.06036 ], [ -47.5304, -23.05103 ], [ -47.53458, -23.04837 ], [ -47.53473, -23.04159 ], [ -47.52816, -23.03739 ], [ -47.51966, -23.02004 ], [ -47.52398, -23.00968 ], [ -47.5301, -23.00375 ], [ -47.52821, -22.99969 ], [ -47.54103, -23.00083 ], [ -47.54883, -22.9956 ], [ -47.54551, -23.0017 ], [ -47.54937, -23.00283 ], [ -47.55665, -22.99761 ], [ -47.5582, -23.00231 ], [ -47.55229, -23.00663 ], [ -47.5483, -23.00398 ], [ -47.54504, -23.01195 ], [ -47.54755, -23.00949 ], [ -47.56068, -23.01424 ], [ -47.56628, -23.01195 ], [ -47.57165, -23.01515 ], [ -47.57481, -23.01194 ], [ -47.57723, -23.01804 ], [ -47.58238, -23.01252 ], [ -47.58079, -23.00899 ], [ -47.59214, -23.00786 ], [ -47.60338, -23.01266 ], [ -47.60187, -23.00667 ], [ -47.60337, -23.003 ], [ -47.60109, -22.99931 ], [ -47.60437, -22.99848 ], [ -47.60818, -23.00385 ], [ -47.60998, -22.99847 ], [ -47.61726, -22.99889 ], [ -47.62807, -22.9913 ], [ -47.62376, -22.98811 ], [ -47.62467, -22.98656 ], [ -47.63008, -22.98937 ], [ -47.63263, -22.99761 ], [ -47.63643, -22.99323 ], [ -47.6359, -22.98767 ], [ -47.63868, -22.9881 ], [ -47.64116, -22.99247 ], [ -47.6462, -22.98862 ], [ -47.64725, -22.98357 ], [ -47.65197, -22.98638 ], [ -47.65145, -22.99142 ], [ -47.65868, -22.98942 ], [ -47.65747, -22.99594 ], [ -47.66169, -22.99663 ], [ -47.66822, -22.99325 ], [ -47.66372, -22.99023 ], [ -47.66551, -22.98391 ], [ -47.67043, -22.98063 ], [ -47.66962, -22.97487 ], [ -47.67688, -22.96804 ], [ -47.67597, -22.96323 ], [ -47.67844, -22.95678 ], [ -47.69262, -22.94136 ], [ -47.69785, -22.93119 ], [ -47.69848, -22.92235 ], [ -47.70138, -22.91923 ], [ -47.71425, -22.91164 ], [ -47.72257, -22.91962 ], [ -47.72267, -22.93231 ], [ -47.74579, -22.93244 ], [ -47.75463, -22.9234 ], [ -47.75975, -22.92214 ], [ -47.75733, -22.91396 ], [ -47.76406, -22.90245 ], [ -47.80617, -22.87636 ], [ -47.83204, -22.88554 ], [ -47.83494, -22.89631 ], [ -47.84486, -22.90129 ], [ -47.86857, -22.89858 ], [ -47.8706, -22.89324 ], [ -47.86296, -22.88455 ], [ -47.86395, -22.88113 ], [ -47.86105, -22.87867 ], [ -47.85765, -22.86651 ], [ -47.86483, -22.86033 ], [ -47.87516, -22.86388 ], [ -47.88148, -22.86288 ], [ -47.89617, -22.86868 ], [ -47.90029, -22.87756 ], [ -47.90596, -22.87688 ], [ -47.91583, -22.88406 ], [ -47.93741, -22.88295 ], [ -47.94795, -22.88832 ], [ -47.95826, -22.88903 ], [ -47.96885, -22.89982 ], [ -47.97342, -22.89651 ], [ -47.97497, -22.88442 ], [ -47.98122, -22.87611 ], [ -47.98192, -22.87019 ], [ -47.98619, -22.86896 ], [ -47.99085, -22.87595 ], [ -47.98828, -22.88897 ], [ -47.9934, -22.89593 ], [ -48.00081, -22.89908 ], [ -48.00943, -22.89555 ], [ -48.01527, -22.88649 ], [ -48.01491, -22.88333 ], [ -48.00635, -22.88237 ], [ -48.00192, -22.8773 ], [ -48.00269, -22.86705 ], [ -48.01221, -22.85416 ], [ -48.03878, -22.84625 ], [ -48.05144, -22.82507 ], [ -48.0589, -22.82595 ], [ -48.06676, -22.82271 ], [ -48.07889, -22.82907 ], [ -48.088, -22.82198 ], [ -48.09736, -22.82688 ], [ -48.09728, -22.82147 ], [ -48.10006, -22.82068 ], [ -48.10036, -22.82771 ], [ -48.11254, -22.83365 ], [ -48.11366, -22.83604 ], [ -48.11011, -22.83973 ], [ -48.11563, -22.84222 ], [ -48.11167, -22.84372 ], [ -48.1138, -22.8489 ], [ -48.1014, -22.85131 ], [ -48.10699, -22.85902 ], [ -48.10594, -22.86301 ], [ -48.11267, -22.85496 ], [ -48.12145, -22.86188 ], [ -48.11994, -22.87042 ], [ -48.11917, -22.86754 ], [ -48.11432, -22.86837 ], [ -48.11369, -22.87649 ], [ -48.11609, -22.87897 ], [ -48.11455, -22.88079 ], [ -48.11743, -22.8828 ], [ -48.12095, -22.88071 ], [ -48.12416, -22.8822 ], [ -48.12541, -22.87963 ], [ -48.12595, -22.8819 ], [ -48.13202, -22.881 ], [ -48.13207, -22.88825 ], [ -48.13009, -22.88913 ], [ -48.12932, -22.88721 ], [ -48.12057, -22.89206 ], [ -48.12741, -22.89515 ], [ -48.12592, -22.89661 ], [ -48.12814, -22.8965 ], [ -48.12896, -22.89975 ], [ -48.13269, -22.89898 ], [ -48.13993, -22.90445 ], [ -48.13567, -22.90404 ], [ -48.13973, -22.90554 ], [ -48.13417, -22.9108 ], [ -48.13983, -22.91857 ], [ -48.13245, -22.92233 ], [ -48.1344, -22.92858 ], [ -48.12645, -22.92691 ], [ -48.12247, -22.93 ], [ -48.12906, -22.93767 ], [ -48.12752, -22.94281 ], [ -48.12867, -22.94208 ], [ -48.13039, -22.94268 ], [ -48.12872, -22.94367 ], [ -48.13106, -22.9434 ], [ -48.13402, -22.94784 ], [ -48.1294, -22.94974 ], [ -48.12992, -22.95383 ], [ -48.13532, -22.95662 ], [ -48.13923, -22.9645 ], [ -48.13372, -22.96585 ], [ -48.13449, -22.9677 ], [ -48.13103, -22.96777 ], [ -48.13092, -22.96987 ], [ -48.12893, -22.96901 ], [ -48.12971, -22.97085 ], [ -48.1261, -22.97075 ], [ -48.12578, -22.97508 ], [ -48.12915, -22.9779 ], [ -48.12746, -22.97979 ], [ -48.12917, -22.97905 ], [ -48.13155, -22.98335 ], [ -48.14233, -22.99076 ], [ -48.1621, -22.99812 ], [ -48.16863, -22.99452 ], [ -48.17075, -22.98749 ], [ -48.17782, -22.97773 ], [ -48.18482, -22.98231 ], [ -48.19772, -22.98452 ], [ -48.2002, -22.99012 ], [ -48.2087, -22.99534 ], [ -48.22044, -22.99187 ], [ -48.23005, -22.97995 ], [ -48.23398, -22.9795 ], [ -48.24043, -22.97336 ], [ -48.24282, -22.97421 ], [ -48.2442, -22.9711 ], [ -48.26905, -22.9647 ], [ -48.27687, -22.95963 ], [ -48.29143, -22.95778 ], [ -48.29513, -22.95299 ], [ -48.29571, -22.93815 ], [ -48.29907, -22.93362 ], [ -48.30925, -22.93003 ], [ -48.3105, -22.92413 ], [ -48.30563, -22.91616 ], [ -48.30184, -22.91418 ], [ -48.303, -22.90562 ], [ -48.29632, -22.89371 ], [ -48.29345, -22.87652 ], [ -48.28203, -22.87142 ], [ -48.26505, -22.87112 ], [ -48.26033, -22.86607 ], [ -48.26046, -22.85798 ], [ -48.25684, -22.85598 ], [ -48.25716, -22.85154 ], [ -48.2538, -22.84902 ], [ -48.26099, -22.84453 ], [ -48.25675, -22.84294 ], [ -48.25902, -22.83804 ], [ -48.25302, -22.83254 ], [ -48.25726, -22.82785 ], [ -48.25926, -22.80114 ], [ -48.26325, -22.78936 ], [ -48.26131, -22.78463 ], [ -48.26331, -22.76706 ], [ -48.28152, -22.75741 ], [ -48.28345, -22.75338 ], [ -48.2891, -22.75203 ], [ -48.28499, -22.74311 ], [ -48.28673, -22.73841 ], [ -48.28529, -22.73687 ], [ -48.27282, -22.73844 ], [ -48.26637, -22.73605 ], [ -48.2584, -22.73795 ], [ -48.25316, -22.73276 ], [ -48.2481, -22.7318 ], [ -48.24993, -22.67593 ], [ -48.23978, -22.64441 ], [ -48.24526, -22.63472 ], [ -48.2465, -22.6188 ], [ -48.25025, -22.6192 ], [ -48.25582, -22.61529 ], [ -48.26149, -22.60493 ], [ -48.25696, -22.59994 ], [ -48.24778, -22.57752 ], [ -48.24859, -22.56975 ], [ -48.25632, -22.55544 ], [ -48.25306, -22.55036 ], [ -48.25517, -22.54544 ], [ -48.26058, -22.54145 ], [ -48.25273, -22.53511 ], [ -48.2479, -22.52537 ], [ -48.23931, -22.5198 ], [ -48.23505, -22.52006 ], [ -48.2454, -22.51405 ], [ -48.27222, -22.5282 ], [ -48.28949, -22.52504 ], [ -48.28354, -22.51947 ], [ -48.28228, -22.50692 ], [ -48.27672, -22.49523 ], [ -48.27041, -22.49233 ], [ -48.25747, -22.4916 ], [ -48.24302, -22.47895 ], [ -48.24487, -22.47631 ], [ -48.24414, -22.46757 ], [ -48.25444, -22.46272 ], [ -48.25691, -22.45732 ], [ -48.26895, -22.44751 ], [ -48.27871, -22.42655 ], [ -48.27782, -22.42301 ], [ -48.26711, -22.41283 ], [ -48.26866, -22.40672 ], [ -48.25194, -22.38763 ], [ -48.24421, -22.39189 ], [ -48.23899, -22.39264 ], [ -48.23705, -22.39052 ], [ -48.24256, -22.37698 ], [ -48.24291, -22.3727 ], [ -48.2393, -22.36642 ], [ -48.24406, -22.35001 ], [ -48.25645, -22.33544 ], [ -48.25901, -22.32611 ], [ -48.26528, -22.32014 ], [ -48.26857, -22.30812 ], [ -48.27204, -22.30348 ], [ -48.27604, -22.30434 ], [ -48.27659, -22.29973 ], [ -48.28143, -22.29669 ], [ -48.28033, -22.29155 ], [ -48.28452, -22.28838 ], [ -48.28372, -22.28565 ], [ -48.28736, -22.28074 ], [ -48.29165, -22.28085 ], [ -48.29643, -22.28764 ], [ -48.29989, -22.28606 ], [ -48.29686, -22.28179 ], [ -48.29982, -22.27684 ], [ -48.29413, -22.27541 ], [ -48.29178, -22.26803 ], [ -48.29357, -22.26613 ], [ -48.29784, -22.26817 ], [ -48.31097, -22.26531 ], [ -48.31082, -22.27059 ], [ -48.31446, -22.27602 ], [ -48.3135, -22.2698 ], [ -48.31712, -22.26619 ], [ -48.32148, -22.27002 ], [ -48.32266, -22.26399 ], [ -48.3301, -22.26813 ], [ -48.32484, -22.25009 ], [ -48.32692, -22.24711 ], [ -48.32093, -22.23347 ], [ -48.32661, -22.21942 ], [ -48.32575, -22.21489 ], [ -48.32092, -22.21392 ], [ -48.31821, -22.2102 ], [ -48.31289, -22.20022 ], [ -48.31463, -22.19835 ], [ -48.31221, -22.19258 ], [ -48.28664, -22.1885 ], [ -48.27437, -22.19218 ], [ -48.27095, -22.18148 ], [ -48.25586, -22.17679 ], [ -48.24457, -22.17708 ], [ -48.25549, -22.16165 ], [ -48.25603, -22.15427 ], [ -48.24453, -22.15872 ], [ -48.21603, -22.15845 ], [ -48.20913, -22.15589 ], [ -48.20547, -22.15003 ], [ -48.198, -22.14776 ], [ -48.18177, -22.15491 ], [ -48.17606, -22.16604 ], [ -48.15547, -22.17474 ], [ -48.13909, -22.17791 ], [ -48.13495, -22.1827 ], [ -48.11973, -22.18213 ], [ -48.11627, -22.17818 ], [ -48.10474, -22.17963 ], [ -48.09007, -22.16828 ], [ -48.08041, -22.15657 ], [ -48.06533, -22.14925 ], [ -48.05752, -22.14998 ], [ -48.04376, -22.12827 ], [ -48.04278, -22.1215 ], [ -48.0462, -22.10275 ], [ -48.04387, -22.08816 ], [ -48.04816, -22.07739 ], [ -48.045, -22.07263 ], [ -48.03711, -22.07736 ], [ -48.02712, -22.07638 ], [ -48.02399, -22.07834 ], [ -48.01092, -22.09622 ], [ -48.00348, -22.09886 ], [ -47.99915, -22.10337 ], [ -47.99869, -22.10956 ], [ -47.99292, -22.11576 ], [ -47.98283, -22.11605 ], [ -47.98162, -22.11269 ], [ -47.97563, -22.11427 ], [ -47.97497, -22.11821 ], [ -47.9707, -22.11807 ], [ -47.9678, -22.114 ], [ -47.96379, -22.11351 ], [ -47.96233, -22.11622 ], [ -47.94774, -22.11098 ], [ -47.93416, -22.12025 ], [ -47.93193, -22.12733 ], [ -47.92755, -22.1308 ], [ -47.92837, -22.13965 ], [ -47.91981, -22.15039 ], [ -47.91427, -22.14932 ], [ -47.89703, -22.15968 ], [ -47.89663, -22.15646 ], [ -47.89215, -22.15334 ], [ -47.88706, -22.15749 ], [ -47.88657, -22.15209 ], [ -47.879, -22.15776 ], [ -47.8736, -22.15804 ], [ -47.86187, -22.1503 ], [ -47.857, -22.15589 ], [ -47.85138, -22.15621 ], [ -47.84484, -22.15516 ], [ -47.84101, -22.1504 ], [ -47.83085, -22.1478 ], [ -47.82193, -22.15176 ], [ -47.82046, -22.15913 ], [ -47.81482, -22.16102 ], [ -47.81536, -22.15464 ], [ -47.80878, -22.14835 ], [ -47.81098, -22.14084 ], [ -47.80833, -22.1324 ], [ -47.80125, -22.1291 ], [ -47.78832, -22.11679 ], [ -47.78753, -22.09848 ], [ -47.77837, -22.09123 ], [ -47.77211, -22.09237 ], [ -47.76312, -22.08745 ], [ -47.75339, -22.09021 ], [ -47.75089, -22.07845 ], [ -47.74708, -22.07946 ], [ -47.74088, -22.07534 ], [ -47.74801, -22.06405 ], [ -47.74477, -22.05505 ], [ -47.73881, -22.05318 ], [ -47.73529, -22.04748 ], [ -47.72088, -22.03634 ], [ -47.70076, -22.03369 ], [ -47.69749, -22.02748 ], [ -47.69154, -22.02681 ], [ -47.67759, -22.01329 ], [ -47.67551, -22.0126 ], [ -47.67292, -22.01651 ], [ -47.67306, -22.02265 ], [ -47.66812, -22.03284 ], [ -47.66894, -22.03856 ], [ -47.65782, -22.0514 ], [ -47.65175, -22.05383 ], [ -47.64319, -22.05143 ], [ -47.63565, -22.05462 ], [ -47.62643, -22.04319 ], [ -47.6178, -22.04115 ], [ -47.61682, -22.04498 ], [ -47.60872, -22.0513 ], [ -47.59957, -22.05079 ], [ -47.59042, -22.03845 ], [ -47.58058, -22.03178 ], [ -47.57942, -22.02095 ], [ -47.57339, -22.01561 ], [ -47.57853, -22.00009 ], [ -47.5822, -21.99597 ], [ -47.58159, -21.9898 ], [ -47.5756, -21.98653 ], [ -47.54363, -21.9799 ], [ -47.53533, -21.95526 ], [ -47.52486, -21.94399 ], [ -47.51169, -21.93556 ], [ -47.52617, -21.92499 ], [ -47.51526, -21.912 ], [ -47.515, -21.89656 ], [ -47.50996, -21.88008 ], [ -47.54268, -21.86251 ], [ -47.55141, -21.85434 ], [ -47.54821, -21.84339 ], [ -47.55197, -21.84305 ], [ -47.55482, -21.83718 ], [ -47.54227, -21.82082 ], [ -47.53254, -21.81847 ], [ -47.52384, -21.81066 ], [ -47.5239, -21.80197 ], [ -47.51012, -21.80775 ], [ -47.50147, -21.80115 ], [ -47.48517, -21.79435 ], [ -47.48271, -21.78924 ], [ -47.47306, -21.79223 ], [ -47.46552, -21.7857 ], [ -47.45139, -21.78097 ], [ -47.43977, -21.78444 ], [ -47.43827, -21.78083 ], [ -47.44353, -21.76481 ], [ -47.42615, -21.75484 ], [ -47.41072, -21.76234 ], [ -47.40773, -21.77097 ], [ -47.39839, -21.77293 ], [ -47.39486, -21.77159 ], [ -47.39578, -21.76819 ], [ -47.3939, -21.767 ], [ -47.37646, -21.77678 ], [ -47.36736, -21.77793 ], [ -47.35896, -21.78568 ], [ -47.35684, -21.79491 ], [ -47.35129, -21.80428 ], [ -47.34672, -21.80636 ], [ -47.34183, -21.79534 ], [ -47.33213, -21.78409 ], [ -47.33431, -21.77639 ], [ -47.32114, -21.77625 ], [ -47.31244, -21.77323 ], [ -47.29417, -21.76033 ], [ -47.29325, -21.75063 ], [ -47.30098, -21.74348 ], [ -47.30284, -21.73758 ], [ -47.31146, -21.73681 ], [ -47.33032, -21.72696 ], [ -47.3233, -21.7198 ], [ -47.32287, -21.71593 ], [ -47.32514, -21.70408 ], [ -47.33675, -21.68679 ], [ -47.33698, -21.66971 ], [ -47.33602, -21.66701 ], [ -47.32558, -21.6675 ], [ -47.32172, -21.64937 ], [ -47.32887, -21.64364 ], [ -47.33297, -21.64523 ], [ -47.34081, -21.64187 ], [ -47.35022, -21.64703 ], [ -47.35807, -21.64225 ], [ -47.37139, -21.64903 ], [ -47.3802, -21.64915 ], [ -47.38215, -21.63926 ], [ -47.39845, -21.62286 ], [ -47.39994, -21.61448 ], [ -47.3829, -21.59894 ], [ -47.37988, -21.60104 ], [ -47.36503, -21.59428 ], [ -47.36588, -21.58964 ], [ -47.35905, -21.57999 ], [ -47.35776, -21.57054 ], [ -47.35133, -21.56523 ], [ -47.34598, -21.56274 ], [ -47.33217, -21.56469 ], [ -47.32828, -21.55995 ], [ -47.31633, -21.55879 ], [ -47.3079, -21.55152 ], [ -47.29108, -21.5537 ], [ -47.28536, -21.54821 ], [ -47.2805, -21.5404 ], [ -47.27648, -21.52567 ], [ -47.28249, -21.51588 ], [ -47.27448, -21.48736 ], [ -47.27747, -21.48156 ], [ -47.27602, -21.47851 ], [ -47.27862, -21.46811 ], [ -47.27659, -21.46436 ], [ -47.27147, -21.4571 ], [ -47.26358, -21.4546 ], [ -47.26435, -21.45098 ], [ -47.25682, -21.44962 ], [ -47.24255, -21.44173 ], [ -47.23677, -21.44269 ], [ -47.23613, -21.43887 ], [ -47.23259, -21.43654 ], [ -47.23344, -21.42683 ], [ -47.23088, -21.4217 ], [ -47.22541, -21.42061 ], [ -47.22572, -21.42481 ], [ -47.22238, -21.42565 ], [ -47.2237, -21.42769 ], [ -47.21888, -21.42875 ], [ -47.21465, -21.42658 ], [ -47.21347, -21.42315 ], [ -47.21694, -21.41945 ], [ -47.21434, -21.41492 ], [ -47.2077, -21.41399 ], [ -47.20581, -21.40861 ], [ -47.20875, -21.40686 ], [ -47.20939, -21.40156 ], [ -47.20595, -21.39807 ], [ -47.2034, -21.38961 ], [ -47.20513, -21.38478 ], [ -47.19202, -21.36664 ], [ -47.19235, -21.36048 ], [ -47.18885, -21.35477 ], [ -47.19089, -21.34857 ], [ -47.1806, -21.33803 ], [ -47.17146, -21.31381 ], [ -47.15967, -21.303 ], [ -47.14818, -21.29846 ], [ -47.14549, -21.29413 ], [ -47.14333, -21.29596 ], [ -47.1458, -21.30579 ], [ -47.12845, -21.32876 ], [ -47.11828, -21.31924 ], [ -47.10727, -21.31588 ], [ -47.08862, -21.29671 ], [ -47.09133, -21.28654 ], [ -47.08371, -21.28769 ], [ -47.07679, -21.28455 ], [ -47.06531, -21.2691 ], [ -47.05725, -21.26417 ], [ -47.04242, -21.26859 ], [ -47.04262, -21.27734 ], [ -47.03926, -21.28054 ], [ -47.04214, -21.28995 ], [ -47.02896, -21.29986 ], [ -47.03496, -21.31086 ], [ -47.03051, -21.31131 ], [ -47.02074, -21.32203 ], [ -47.02409, -21.32853 ], [ -47.01704, -21.34168 ], [ -47.0054, -21.34888 ], [ -46.99901, -21.34898 ], [ -46.99684, -21.35126 ], [ -46.99648, -21.35732 ], [ -47.00125, -21.35995 ], [ -46.99959, -21.36208 ], [ -47.0056, -21.36501 ], [ -47.00942, -21.37068 ], [ -47.00479, -21.3828 ], [ -47.00758, -21.39254 ], [ -47.0147, -21.39381 ], [ -47.01691, -21.3968 ], [ -47.00925, -21.40675 ], [ -47.01034, -21.41021 ], [ -47.00757, -21.41069 ], [ -47.01253, -21.41637 ], [ -47.01296, -21.42019 ], [ -47.01101, -21.4227 ], [ -47.007, -21.42056 ], [ -46.99923, -21.42108 ], [ -46.99206, -21.42567 ], [ -46.98691, -21.42176 ], [ -46.98463, -21.42672 ], [ -46.97615, -21.42353 ], [ -46.97408, -21.4177 ], [ -46.97006, -21.42231 ], [ -46.96593, -21.42086 ], [ -46.96502, -21.41777 ], [ -46.95744, -21.42471 ], [ -46.94876, -21.4198 ], [ -46.93417, -21.42584 ], [ -46.93198, -21.42262 ], [ -46.92567, -21.42278 ], [ -46.92123, -21.4271 ], [ -46.91519, -21.4203 ], [ -46.90846, -21.42151 ], [ -46.90739, -21.41838 ], [ -46.9032, -21.41882 ], [ -46.90037, -21.41327 ], [ -46.89451, -21.41622 ], [ -46.88369, -21.40562 ], [ -46.86745, -21.40359 ], [ -46.86468, -21.40107 ], [ -46.86519, -21.39571 ], [ -46.85802, -21.39407 ], [ -46.85572, -21.39005 ], [ -46.84159, -21.38953 ], [ -46.84095, -21.3857 ], [ -46.83541, -21.38374 ], [ -46.83595, -21.37147 ], [ -46.83068, -21.36616 ], [ -46.82217, -21.36683 ], [ -46.81381, -21.36338 ], [ -46.80523, -21.37108 ], [ -46.79447, -21.3708 ], [ -46.79259, -21.37449 ], [ -46.78769, -21.37243 ], [ -46.78753, -21.36911 ], [ -46.78118, -21.37058 ], [ -46.77539, -21.36239 ], [ -46.76432, -21.36026 ], [ -46.76314, -21.36275 ], [ -46.75818, -21.36378 ], [ -46.75904, -21.37112 ], [ -46.76276, -21.37436 ], [ -46.75399, -21.38356 ], [ -46.74215, -21.38671 ], [ -46.73876, -21.38949 ], [ -46.73881, -21.39255 ], [ -46.7349, -21.39417 ], [ -46.73124, -21.39215 ], [ -46.72601, -21.39316 ], [ -46.72128, -21.38941 ], [ -46.71797, -21.39033 ], [ -46.70628, -21.4052 ], [ -46.69919, -21.39986 ], [ -46.69337, -21.39116 ], [ -46.69285, -21.38338 ], [ -46.68278, -21.3754 ], [ -46.67246, -21.37407 ], [ -46.67157, -21.36779 ], [ -46.66634, -21.36144 ], [ -46.65542, -21.36528 ], [ -46.64947, -21.3631 ], [ -46.64457, -21.37287 ], [ -46.64889, -21.37701 ], [ -46.6462, -21.38319 ], [ -46.64884, -21.39247 ], [ -46.63822, -21.40237 ], [ -46.63864, -21.40928 ], [ -46.63093, -21.41309 ], [ -46.6269, -21.41031 ], [ -46.61797, -21.42052 ], [ -46.62154, -21.4254 ], [ -46.61449, -21.42891 ], [ -46.62014, -21.43453 ], [ -46.61511, -21.44109 ], [ -46.60603, -21.44427 ], [ -46.60029, -21.44301 ], [ -46.59328, -21.43915 ], [ -46.59356, -21.43575 ], [ -46.59049, -21.43677 ], [ -46.58493, -21.43422 ], [ -46.57661, -21.42676 ], [ -46.57138, -21.43287 ], [ -46.57128, -21.43645 ], [ -46.5634, -21.43887 ], [ -46.56139, -21.44178 ], [ -46.55705, -21.44257 ], [ -46.55337, -21.4396 ], [ -46.54618, -21.44061 ], [ -46.53519, -21.44945 ], [ -46.52865, -21.4452 ], [ -46.52019, -21.44746 ], [ -46.51821, -21.45348 ], [ -46.52011, -21.46033 ], [ -46.5172, -21.46419 ], [ -46.51196, -21.46502 ], [ -46.50934, -21.47044 ], [ -46.51247, -21.47769 ], [ -46.50905, -21.48845 ], [ -46.51135, -21.48881 ], [ -46.51439, -21.49818 ], [ -46.51881, -21.50074 ], [ -46.5199, -21.50636 ], [ -46.51551, -21.51179 ], [ -46.522, -21.51608 ], [ -46.52154, -21.52091 ], [ -46.52415, -21.52192 ], [ -46.52319, -21.53031 ], [ -46.5209, -21.535 ], [ -46.51907, -21.53373 ], [ -46.51057, -21.53641 ], [ -46.49953, -21.55344 ], [ -46.50273, -21.56264 ], [ -46.51219, -21.56604 ], [ -46.511, -21.57018 ], [ -46.51471, -21.57749 ], [ -46.52056, -21.58052 ], [ -46.52197, -21.58669 ], [ -46.51806, -21.59013 ], [ -46.51822, -21.59325 ], [ -46.52529, -21.60179 ], [ -46.5214, -21.60213 ], [ -46.5167, -21.60656 ], [ -46.51819, -21.6126 ], [ -46.53303, -21.62148 ], [ -46.53438, -21.62873 ], [ -46.54064, -21.62836 ], [ -46.5425, -21.63223 ], [ -46.54655, -21.63042 ], [ -46.55218, -21.63773 ], [ -46.54802, -21.6495 ], [ -46.55222, -21.65355 ], [ -46.55922, -21.65318 ], [ -46.56607, -21.65883 ], [ -46.56489, -21.67908 ], [ -46.57709, -21.68469 ], [ -46.57885, -21.6823 ], [ -46.60434, -21.68114 ], [ -46.6089, -21.67635 ], [ -46.62188, -21.67625 ], [ -46.62451, -21.68645 ], [ -46.62355, -21.69274 ], [ -46.62971, -21.69631 ], [ -46.62801, -21.69855 ], [ -46.62956, -21.70608 ], [ -46.62261, -21.71402 ], [ -46.62277, -21.7194 ], [ -46.62924, -21.73015 ], [ -46.62585, -21.73505 ], [ -46.63138, -21.73927 ], [ -46.62745, -21.7485 ], [ -46.62561, -21.76743 ], [ -46.6384, -21.76852 ], [ -46.64338, -21.77566 ], [ -46.6534, -21.77972 ], [ -46.65147, -21.79042 ], [ -46.66837, -21.80853 ], [ -46.67, -21.81607 ], [ -46.68417, -21.82715 ], [ -46.69088, -21.83677 ], [ -46.68931, -21.84178 ], [ -46.68174, -21.84509 ], [ -46.67632, -21.85092 ], [ -46.66548, -21.84955 ], [ -46.66349, -21.85858 ], [ -46.65605, -21.87073 ], [ -46.65756, -21.87774 ], [ -46.64729, -21.88049 ], [ -46.64787, -21.88727 ], [ -46.65278, -21.89708 ], [ -46.66381, -21.89805 ], [ -46.67361, -21.91048 ], [ -46.66981, -21.91707 ], [ -46.6646, -21.92032 ], [ -46.66702, -21.93324 ], [ -46.66093, -21.9387 ], [ -46.65332, -21.9415 ], [ -46.65395, -21.95263 ], [ -46.64902, -21.95902 ], [ -46.64327, -21.9761 ], [ -46.63658, -21.98071 ], [ -46.62959, -21.98121 ], [ -46.6298, -21.9867 ], [ -46.62438, -21.99423 ], [ -46.61567, -21.99552 ], [ -46.61248, -22.00535 ], [ -46.61252, -22.01432 ], [ -46.61509, -22.01764 ], [ -46.61865, -22.01745 ], [ -46.63488, -22.01273 ], [ -46.64042, -22.00882 ], [ -46.6492, -22.0094 ], [ -46.65354, -22.01118 ], [ -46.65414, -22.0174 ], [ -46.66208, -22.02369 ], [ -46.67652, -22.0223 ], [ -46.68385, -22.02958 ], [ -46.68493, -22.0396 ], [ -46.6755, -22.05665 ], [ -46.65841, -22.06137 ], [ -46.66452, -22.06951 ], [ -46.67775, -22.07109 ], [ -46.68354, -22.07429 ], [ -46.6962, -22.07325 ], [ -46.70686, -22.07878 ], [ -46.70914, -22.0754 ], [ -46.71675, -22.07316 ], [ -46.72267, -22.07494 ], [ -46.72367, -22.07761 ], [ -46.72128, -22.07883 ], [ -46.71871, -22.08911 ], [ -46.70285, -22.09588 ], [ -46.69382, -22.09016 ], [ -46.68918, -22.09385 ], [ -46.68039, -22.0906 ], [ -46.67101, -22.0974 ], [ -46.64653, -22.09173 ], [ -46.63882, -22.10248 ], [ -46.63504, -22.10347 ], [ -46.63458, -22.10737 ], [ -46.62317, -22.10927 ], [ -46.62019, -22.12085 ], [ -46.61654, -22.12494 ], [ -46.61862, -22.13436 ], [ -46.61588, -22.14087 ], [ -46.61393, -22.14308 ], [ -46.60686, -22.14201 ], [ -46.61079, -22.14922 ], [ -46.62602, -22.15636 ], [ -46.63489, -22.1543 ], [ -46.64019, -22.15723 ], [ -46.64253, -22.17464 ], [ -46.64679, -22.17873 ], [ -46.65395, -22.1772 ], [ -46.66312, -22.18003 ], [ -46.66956, -22.17438 ], [ -46.67483, -22.17654 ], [ -46.67055, -22.1799 ], [ -46.67042, -22.18509 ], [ -46.67832, -22.20415 ], [ -46.67665, -22.21463 ], [ -46.67852, -22.22369 ], [ -46.68931, -22.23088 ], [ -46.69446, -22.23808 ], [ -46.68995, -22.24641 ], [ -46.69463, -22.2455 ], [ -46.71044, -22.26324 ], [ -46.71059, -22.27066 ], [ -46.70561, -22.27165 ], [ -46.70227, -22.27976 ], [ -46.71033, -22.28453 ], [ -46.70834, -22.29195 ], [ -46.70473, -22.29416 ], [ -46.71224, -22.30429 ], [ -46.71762, -22.30745 ], [ -46.72644, -22.30538 ], [ -46.72391, -22.29888 ], [ -46.73458, -22.29203 ], [ -46.74782, -22.29606 ], [ -46.75014, -22.29937 ], [ -46.7526, -22.29362 ], [ -46.75648, -22.29091 ], [ -46.76186, -22.29253 ], [ -46.76806, -22.28561 ], [ -46.78541, -22.29687 ], [ -46.79085, -22.29677 ], [ -46.79131, -22.30116 ], [ -46.79821, -22.30836 ], [ -46.80327, -22.30941 ], [ -46.80145, -22.31184 ], [ -46.80636, -22.3164 ], [ -46.81269, -22.31525 ], [ -46.82025, -22.31868 ], [ -46.81771, -22.31878 ], [ -46.81624, -22.32229 ], [ -46.82559, -22.33222 ], [ -46.82447, -22.33579 ], [ -46.83212, -22.33403 ], [ -46.84283, -22.34001 ], [ -46.84427, -22.34263 ], [ -46.84089, -22.34707 ], [ -46.84312, -22.3498 ], [ -46.8459, -22.34688 ], [ -46.85493, -22.34809 ], [ -46.84982, -22.3514 ], [ -46.85011, -22.3537 ], [ -46.85579, -22.35672 ], [ -46.85779, -22.35543 ], [ -46.86176, -22.36174 ], [ -46.85998, -22.36368 ], [ -46.86246, -22.36485 ], [ -46.8601, -22.36703 ], [ -46.86743, -22.36799 ], [ -46.86789, -22.3731 ], [ -46.87558, -22.37762 ], [ -46.87019, -22.37998 ], [ -46.87044, -22.38346 ], [ -46.87462, -22.38158 ], [ -46.87071, -22.38824 ], [ -46.87818, -22.38686 ], [ -46.87899, -22.38148 ], [ -46.89039, -22.37662 ], [ -46.89564, -22.37818 ], [ -46.89807, -22.38235 ], [ -46.90198, -22.37868 ], [ -46.9004, -22.37548 ], [ -46.90415, -22.37379 ], [ -46.90747, -22.3772 ], [ -46.91276, -22.37625 ], [ -46.92118, -22.38604 ], [ -46.9463, -22.4012 ], [ -46.94973, -22.39488 ], [ -46.95789, -22.39146 ], [ -46.95901, -22.38663 ], [ -46.96886, -22.37809 ], [ -46.98247, -22.37782 ], [ -46.99192, -22.37205 ], [ -47.00257, -22.35939 ], [ -47.00663, -22.34564 ], [ -47.01155, -22.34456 ], [ -47.01291, -22.33852 ], [ -47.01604, -22.33707 ], [ -47.01131, -22.33172 ], [ -47.01182, -22.32946 ], [ -47.01571, -22.32897 ], [ -47.01375, -22.32394 ], [ -47.01872, -22.32148 ], [ -47.02123, -22.31586 ], [ -47.02367, -22.31762 ], [ -47.02328, -22.32286 ], [ -47.02766, -22.32342 ], [ -47.02803, -22.31923 ], [ -47.03327, -22.31637 ], [ -47.03255, -22.31246 ], [ -47.02884, -22.31202 ], [ -47.03174, -22.30735 ], [ -47.03495, -22.30746 ], [ -47.03342, -22.3038 ], [ -47.04155, -22.30537 ], [ -47.0555, -22.30171 ], [ -47.07215, -22.30684 ], [ -47.08347, -22.29955 ], [ -47.09163, -22.30178 ], [ -47.09797, -22.293 ], [ -47.10551, -22.29368 ], [ -47.10509, -22.29847 ], [ -47.10911, -22.29226 ], [ -47.1157, -22.29415 ], [ -47.11947, -22.29039 ], [ -47.12383, -22.29137 ], [ -47.12548, -22.2941 ], [ -47.12406, -22.2974 ], [ -47.12998, -22.29987 ], [ -47.14164, -22.2956 ], [ -47.14778, -22.29632 ], [ -47.14909, -22.29411 ], [ -47.15342, -22.29434 ], [ -47.15427, -22.2975 ], [ -47.15685, -22.2923 ], [ -47.16114, -22.29151 ], [ -47.15939, -22.28741 ], [ -47.16622, -22.28612 ], [ -47.16723, -22.28327 ], [ -47.1712, -22.28952 ], [ -47.16856, -22.29083 ], [ -47.17625, -22.29596 ], [ -47.18409, -22.29166 ], [ -47.19623, -22.30172 ], [ -47.20487, -22.3188 ], [ -47.20895, -22.32133 ], [ -47.21552, -22.32067 ], [ -47.18847, -22.36501 ], [ -47.1748, -22.40958 ], [ -47.17856, -22.42254 ], [ -47.18867, -22.43227 ], [ -47.20158, -22.43336 ], [ -47.21137, -22.43082 ], [ -47.21712, -22.43322 ], [ -47.22175, -22.43837 ], [ -47.22692, -22.45741 ], [ -47.23177, -22.4601 ], [ -47.23727, -22.46785 ], [ -47.24662, -22.47034 ], [ -47.25263, -22.47637 ], [ -47.24373, -22.48061 ], [ -47.24674, -22.49699 ], [ -47.23634, -22.50979 ], [ -47.23451, -22.52414 ], [ -47.21184, -22.53752 ], [ -47.21567, -22.54406 ], [ -47.2197, -22.56459 ], [ -47.22772, -22.57024 ], [ -47.23203, -22.5814 ], [ -47.24166, -22.58113 ], [ -47.2432, -22.58339 ], [ -47.23716, -22.59208 ], [ -47.22757, -22.59986 ], [ -47.22823, -22.6071 ], [ -47.23065, -22.61057 ], [ -47.25036, -22.62108 ], [ -47.26075, -22.63817 ], [ -47.26681, -22.64366 ], [ -47.26636, -22.65249 ], [ -47.27883, -22.66239 ], [ -47.27215, -22.66489 ], [ -47.26902, -22.6705 ], [ -47.25605, -22.67164 ], [ -47.25419, -22.68852 ], [ -47.23897, -22.68004 ], [ -47.22016, -22.6907 ], [ -47.21064, -22.69277 ], [ -47.20312, -22.69913 ], [ -47.20264, -22.70873 ], [ -47.19833, -22.70948 ], [ -47.19322, -22.72659 ], [ -47.19389, -22.73001 ], [ -47.20041, -22.72963 ], [ -47.20945, -22.73977 ], [ -47.21122, -22.75614 ], [ -47.21646, -22.76106 ], [ -47.21727, -22.77084 ], [ -47.21439, -22.77754 ], [ -47.21761, -22.78768 ], [ -47.21087, -22.79541 ], [ -47.2233, -22.79658 ], [ -47.22935, -22.78923 ], [ -47.23565, -22.79561 ], [ -47.24517, -22.79694 ], [ -47.25316, -22.79431 ], [ -47.26413, -22.7972 ], [ -47.27449, -22.79288 ], [ -47.27665, -22.7888 ], [ -47.27987, -22.79103 ], [ -47.28391, -22.79022 ], [ -47.28609, -22.79198 ], [ -47.28354, -22.80163 ], [ -47.29483, -22.81413 ], [ -47.30401, -22.82145 ], [ -47.32786, -22.83153 ], [ -47.33241, -22.82817 ], [ -47.32986, -22.81987 ], [ -47.3328, -22.81568 ], [ -47.33934, -22.81884 ], [ -47.35947, -22.81839 ], [ -47.35837, -22.82463 ], [ -47.36418, -22.82986 ], [ -47.37001, -22.8444 ], [ -47.35796, -22.84693 ], [ -47.34033, -22.86249 ], [ -47.37898, -22.87804 ], [ -47.38788, -22.89004 ], [ -47.39265, -22.89255 ], [ -47.39659, -22.90643 ], [ -47.39141, -22.91035 ], [ -47.39361, -22.91512 ], [ -47.386, -22.91745 ], [ -47.38881, -22.92499 ], [ -47.3882, -22.93292 ], [ -47.39121, -22.93504 ], [ -47.38803, -22.93952 ], [ -47.38678, -22.95563 ], [ -47.39603, -22.95406 ], [ -47.39817, -22.9588 ], [ -47.40589, -22.96342 ], [ -47.40086, -22.97316 ], [ -47.3874, -22.98614 ], [ -47.38238, -22.98776 ], [ -47.38846, -22.9901 ], [ -47.38284, -22.99444 ], [ -47.39093, -22.99322 ], [ -47.38823, -22.99849 ], [ -47.39227, -22.99861 ], [ -47.3909, -23.00336 ], [ -47.39537, -23.00352 ], [ -47.39652, -23.00687 ], [ -47.40589, -23.00448 ], [ -47.40396, -23.00905 ], [ -47.4075, -23.01228 ], [ -47.40834, -23.00825 ], [ -47.41163, -23.00678 ], [ -47.40741, -23.00091 ], [ -47.4121, -23.00149 ], [ -47.41474, -23.00654 ], [ -47.41883, -23.00237 ], [ -47.4272, -23.00198 ], [ -47.42794, -23.00365 ], [ -47.42455, -23.0063 ], [ -47.43207, -23.00881 ], [ -47.42521, -23.01364 ], [ -47.43027, -23.01626 ], [ -47.43551, -23.0145 ], [ -47.44579, -23.02219 ], [ -47.44851, -23.02135 ], [ -47.45211, -23.02463 ], [ -47.45971, -23.02319 ], [ -47.4625, -23.02604 ], [ -47.45971, -23.02829 ], [ -47.4605, -23.03288 ], [ -47.45354, -23.03269 ], [ -47.45021, -23.04159 ], [ -47.4372, -23.04872 ], [ -47.43689, -23.05724 ], [ -47.43289, -23.06711 ], [ -47.43337, -23.07488 ], [ -47.42889, -23.0804 ], [ -47.42757, -23.08678 ], [ -47.42114, -23.08877 ], [ -47.42047, -23.09192 ], [ -47.43335, -23.10622 ], [ -47.45232, -23.10582 ], [ -47.4649, -23.10884 ], [ -47.46769, -23.11778 ], [ -47.46395, -23.12454 ] ] ] } },
{ "type": "Feature", "properties": { "regional_cgr": "CGR 14" }, "geometry": { "type": "Polygon", "coordinates": [ [ [ -48.45302, -21.21165 ], [ -48.45919, -21.20188 ], [ -48.45321, -21.18337 ], [ -48.47745, -21.17897 ], [ -48.49799, -21.18368 ], [ -48.50827, -21.18232 ], [ -48.51356, -21.18534 ], [ -48.51486, -21.18975 ], [ -48.51981, -21.1873 ], [ -48.52782, -21.189 ], [ -48.53602, -21.18488 ], [ -48.53927, -21.16858 ], [ -48.57176, -21.16191 ], [ -48.58103, -21.16521 ], [ -48.58436, -21.18461 ], [ -48.58123, -21.20468 ], [ -48.58473, -21.21332 ], [ -48.59971, -21.21131 ], [ -48.60853, -21.20135 ], [ -48.62591, -21.19595 ], [ -48.63307, -21.19947 ], [ -48.63862, -21.20662 ], [ -48.65231, -21.21038 ], [ -48.66087, -21.20601 ], [ -48.66762, -21.20548 ], [ -48.67295, -21.20647 ], [ -48.67858, -21.21154 ], [ -48.68251, -21.20848 ], [ -48.69528, -21.21154 ], [ -48.70171, -21.20957 ], [ -48.72393, -21.18938 ], [ -48.7249, -21.18057 ], [ -48.72856, -21.17798 ], [ -48.72659, -21.17264 ], [ -48.72786, -21.16658 ], [ -48.73596, -21.14893 ], [ -48.74598, -21.14777 ], [ -48.74865, -21.14549 ], [ -48.74883, -21.13991 ], [ -48.75452, -21.13474 ], [ -48.75994, -21.13403 ], [ -48.75819, -21.12002 ], [ -48.76471, -21.11923 ], [ -48.77031, -21.10826 ], [ -48.77659, -21.1091 ], [ -48.7779, -21.10575 ], [ -48.77482, -21.10412 ], [ -48.77716, -21.09875 ], [ -48.78389, -21.09959 ], [ -48.78642, -21.09683 ], [ -48.78528, -21.09032 ], [ -48.79255, -21.08583 ], [ -48.79007, -21.07976 ], [ -48.796, -21.07676 ], [ -48.8015, -21.07837 ], [ -48.80549, -21.07262 ], [ -48.80903, -21.07142 ], [ -48.80451, -21.05863 ], [ -48.82014, -21.0548 ], [ -48.81611, -21.04251 ], [ -48.81936, -21.04113 ], [ -48.81677, -21.03633 ], [ -48.81761, -21.0321 ], [ -48.82602, -21.02873 ], [ -48.831, -21.03003 ], [ -48.83016, -21.02149 ], [ -48.83485, -21.01667 ], [ -48.85004, -21.01439 ], [ -48.85523, -21.00862 ], [ -48.85846, -21.00813 ], [ -48.8597, -21.00129 ], [ -48.85624, -20.99637 ], [ -48.86177, -20.98449 ], [ -48.86131, -20.97769 ], [ -48.86476, -20.97923 ], [ -48.86618, -20.9744 ], [ -48.87816, -20.97012 ], [ -48.87802, -20.9611 ], [ -48.88601, -20.95891 ], [ -48.88204, -20.94758 ], [ -48.89194, -20.94768 ], [ -48.89509, -20.93831 ], [ -48.90073, -20.93551 ], [ -48.89883, -20.93002 ], [ -48.90234, -20.92812 ], [ -48.90872, -20.91781 ], [ -48.90744, -20.89915 ], [ -48.91132, -20.89332 ], [ -48.90774, -20.89253 ], [ -48.9054, -20.88913 ], [ -48.90663, -20.88678 ], [ -48.90425, -20.88638 ], [ -48.90977, -20.88114 ], [ -48.91309, -20.88081 ], [ -48.91373, -20.88269 ], [ -48.92604, -20.87578 ], [ -48.9302, -20.88154 ], [ -48.94275, -20.88318 ], [ -48.94818, -20.87786 ], [ -48.94762, -20.8709 ], [ -48.951, -20.86687 ], [ -48.95629, -20.86818 ], [ -48.98454, -20.8482 ], [ -49.00125, -20.8482 ], [ -49.00814, -20.85473 ], [ -49.01652, -20.85385 ], [ -49.02321, -20.84993 ], [ -49.03425, -20.83708 ], [ -49.04172, -20.83498 ], [ -49.04081, -20.83287 ], [ -49.04599, -20.82938 ], [ -49.04651, -20.82523 ], [ -49.0546, -20.82184 ], [ -49.05473, -20.81837 ], [ -49.06392, -20.81183 ], [ -49.06837, -20.81311 ], [ -49.07725, -20.81097 ], [ -49.08379, -20.81342 ], [ -49.09306, -20.81083 ], [ -49.09371, -20.80568 ], [ -49.09005, -20.79437 ], [ -49.09122, -20.78909 ], [ -49.09496, -20.78437 ], [ -49.10513, -20.77916 ], [ -49.09541, -20.76674 ], [ -49.09526, -20.75645 ], [ -49.09916, -20.74719 ], [ -49.10537, -20.74451 ], [ -49.10406, -20.74234 ], [ -49.10714, -20.74081 ], [ -49.10995, -20.74247 ], [ -49.108, -20.73904 ], [ -49.11171, -20.73675 ], [ -49.11799, -20.73944 ], [ -49.12175, -20.73039 ], [ -49.12642, -20.7265 ], [ -49.12608, -20.71585 ], [ -49.12403, -20.71379 ], [ -49.12698, -20.7108 ], [ -49.12179, -20.70269 ], [ -49.12401, -20.69189 ], [ -49.12084, -20.68318 ], [ -49.12935, -20.67473 ], [ -49.12633, -20.66957 ], [ -49.12119, -20.66661 ], [ -49.12743, -20.66295 ], [ -49.12933, -20.65779 ], [ -49.10632, -20.6513 ], [ -49.10956, -20.64683 ], [ -49.12465, -20.63754 ], [ -49.12353, -20.63111 ], [ -49.11576, -20.62377 ], [ -49.12408, -20.62321 ], [ -49.12399, -20.61106 ], [ -49.11861, -20.60367 ], [ -49.1192, -20.59956 ], [ -49.12558, -20.59509 ], [ -49.13655, -20.59406 ], [ -49.13336, -20.58723 ], [ -49.13601, -20.58337 ], [ -49.146, -20.58256 ], [ -49.14989, -20.5768 ], [ -49.16122, -20.57454 ], [ -49.15989, -20.57168 ], [ -49.16818, -20.56082 ], [ -49.16622, -20.55501 ], [ -49.1682, -20.55179 ], [ -49.17544, -20.54611 ], [ -49.20011, -20.53564 ], [ -49.20242, -20.52956 ], [ -49.18917, -20.51152 ], [ -49.21084, -20.50267 ], [ -49.2111, -20.49308 ], [ -49.21503, -20.49049 ], [ -49.21221, -20.48824 ], [ -49.21467, -20.48305 ], [ -49.21185, -20.47789 ], [ -49.21929, -20.47295 ], [ -49.21876, -20.46569 ], [ -49.2252, -20.46059 ], [ -49.22492, -20.45554 ], [ -49.23064, -20.45521 ], [ -49.24094, -20.44745 ], [ -49.23009, -20.43796 ], [ -49.22619, -20.43871 ], [ -49.22693, -20.43538 ], [ -49.23485, -20.43323 ], [ -49.23773, -20.4297 ], [ -49.22707, -20.42104 ], [ -49.2232, -20.42163 ], [ -49.22463, -20.41554 ], [ -49.22193, -20.41392 ], [ -49.22855, -20.41239 ], [ -49.24982, -20.42638 ], [ -49.25581, -20.42339 ], [ -49.26092, -20.42544 ], [ -49.26633, -20.42108 ], [ -49.26846, -20.41352 ], [ -49.26654, -20.4123 ], [ -49.26961, -20.40588 ], [ -49.26504, -20.39162 ], [ -49.27137, -20.37943 ], [ -49.27437, -20.37743 ], [ -49.29084, -20.38285 ], [ -49.29615, -20.38132 ], [ -49.29313, -20.37006 ], [ -49.27925, -20.35522 ], [ -49.27352, -20.3539 ], [ -49.27067, -20.34581 ], [ -49.27263, -20.34154 ], [ -49.27663, -20.34125 ], [ -49.27772, -20.34452 ], [ -49.28072, -20.34108 ], [ -49.27953, -20.33885 ], [ -49.2831, -20.34058 ], [ -49.2843, -20.3361 ], [ -49.28889, -20.33849 ], [ -49.29396, -20.33437 ], [ -49.29629, -20.33642 ], [ -49.30002, -20.33103 ], [ -49.29799, -20.33043 ], [ -49.29887, -20.32798 ], [ -49.30059, -20.32651 ], [ -49.30365, -20.32827 ], [ -49.30679, -20.31991 ], [ -49.30444, -20.31996 ], [ -49.30941, -20.31637 ], [ -49.30802, -20.31102 ], [ -49.31101, -20.30963 ], [ -49.30639, -20.30198 ], [ -49.316, -20.29883 ], [ -49.31777, -20.29658 ], [ -49.31561, -20.29241 ], [ -49.31791, -20.2926 ], [ -49.3162, -20.29055 ], [ -49.3203, -20.29314 ], [ -49.32277, -20.2895 ], [ -49.32077, -20.285 ], [ -49.32515, -20.28692 ], [ -49.32591, -20.28346 ], [ -49.32809, -20.28518 ], [ -49.32587, -20.27959 ], [ -49.33104, -20.28045 ], [ -49.32735, -20.27689 ], [ -49.33537, -20.27326 ], [ -49.34808, -20.27146 ], [ -49.35169, -20.27292 ], [ -49.3499, -20.26796 ], [ -49.35441, -20.26753 ], [ -49.34911, -20.25032 ], [ -49.35807, -20.24648 ], [ -49.36768, -20.24708 ], [ -49.37493, -20.24448 ], [ -49.37558, -20.24794 ], [ -49.37065, -20.24863 ], [ -49.37738, -20.24925 ], [ -49.37746, -20.25213 ], [ -49.37964, -20.25036 ], [ -49.37855, -20.24747 ], [ -49.38134, -20.2481 ], [ -49.38282, -20.24479 ], [ -49.38541, -20.24454 ], [ -49.38412, -20.24657 ], [ -49.38705, -20.24525 ], [ -49.38578, -20.24801 ], [ -49.3885, -20.24621 ], [ -49.3872, -20.23932 ], [ -49.3915, -20.24173 ], [ -49.40363, -20.23824 ], [ -49.4019, -20.23715 ], [ -49.4065, -20.23323 ], [ -49.4096, -20.22416 ], [ -49.42113, -20.21864 ], [ -49.42533, -20.22003 ], [ -49.42532, -20.21719 ], [ -49.4297, -20.21815 ], [ -49.43359, -20.22324 ], [ -49.43563, -20.22713 ], [ -49.4328, -20.23087 ], [ -49.43671, -20.23393 ], [ -49.43926, -20.23268 ], [ -49.43872, -20.23771 ], [ -49.44176, -20.23748 ], [ -49.44212, -20.24006 ], [ -49.45572, -20.2301 ], [ -49.45721, -20.22596 ], [ -49.45311, -20.2245 ], [ -49.45613, -20.22153 ], [ -49.46211, -20.22718 ], [ -49.46508, -20.22591 ], [ -49.46231, -20.22088 ], [ -49.45807, -20.22009 ], [ -49.45964, -20.21766 ], [ -49.46503, -20.22129 ], [ -49.46834, -20.21807 ], [ -49.47041, -20.21906 ], [ -49.46956, -20.22093 ], [ -49.47893, -20.22166 ], [ -49.47656, -20.2237 ], [ -49.47825, -20.22628 ], [ -49.48189, -20.2231 ], [ -49.48332, -20.23037 ], [ -49.48704, -20.23113 ], [ -49.48445, -20.23497 ], [ -49.49505, -20.24188 ], [ -49.4975, -20.23781 ], [ -49.49383, -20.23409 ], [ -49.49474, -20.23068 ], [ -49.50631, -20.2228 ], [ -49.5096, -20.21353 ], [ -49.51599, -20.21344 ], [ -49.52416, -20.22007 ], [ -49.53368, -20.22333 ], [ -49.54884, -20.21069 ], [ -49.55588, -20.21473 ], [ -49.56279, -20.20766 ], [ -49.57491, -20.20802 ], [ -49.58101, -20.20334 ], [ -49.58587, -20.20305 ], [ -49.58734, -20.19711 ], [ -49.59898, -20.19582 ], [ -49.60809, -20.18635 ], [ -49.61972, -20.18806 ], [ -49.6215, -20.17759 ], [ -49.62433, -20.17657 ], [ -49.61759, -20.15983 ], [ -49.61698, -20.14793 ], [ -49.60721, -20.13688 ], [ -49.59917, -20.11658 ], [ -49.59599, -20.08756 ], [ -49.59891, -20.07673 ], [ -49.5954, -20.07671 ], [ -49.58263, -20.08761 ], [ -49.57768, -20.0878 ], [ -49.57453, -20.08241 ], [ -49.56595, -20.08568 ], [ -49.55917, -20.0805 ], [ -49.55955, -20.07543 ], [ -49.55123, -20.06859 ], [ -49.55321, -20.05802 ], [ -49.54937, -20.04578 ], [ -49.55174, -20.03618 ], [ -49.55048, -20.02403 ], [ -49.55641, -20.01091 ], [ -49.56681, -20.00091 ], [ -49.57522, -19.97709 ], [ -49.58315, -19.96814 ], [ -49.58686, -19.96984 ], [ -49.59213, -19.96418 ], [ -49.59121, -19.96109 ], [ -49.59637, -19.95228 ], [ -49.59481, -19.94624 ], [ -49.6139, -19.92019 ], [ -49.58146, -19.91078 ], [ -49.54846, -19.90765 ], [ -49.51565, -19.91416 ], [ -49.50671, -19.91815 ], [ -49.50045, -19.9261 ], [ -49.49248, -19.95067 ], [ -49.45692, -19.97827 ], [ -49.44739, -19.98181 ], [ -49.40054, -19.98329 ], [ -49.37462, -19.98689 ], [ -49.34265, -19.98446 ], [ -49.33414, -19.98081 ], [ -49.31838, -19.9667 ], [ -49.29559, -19.95925 ], [ -49.26314, -19.96287 ], [ -49.24669, -19.97178 ], [ -49.24457, -19.97498 ], [ -49.24441, -19.98591 ], [ -49.24812, -19.99885 ], [ -49.2611, -20.00629 ], [ -49.27519, -20.00407 ], [ -49.28811, -20.00596 ], [ -49.29799, -20.01754 ], [ -49.29874, -20.0351 ], [ -49.30627, -20.05499 ], [ -49.30916, -20.09619 ], [ -49.29962, -20.15155 ], [ -49.29987, -20.16525 ], [ -49.28441, -20.1984 ], [ -49.26385, -20.23322 ], [ -49.25785, -20.2601 ], [ -49.24634, -20.28087 ], [ -49.22609, -20.30536 ], [ -49.20243, -20.30497 ], [ -49.19828, -20.30847 ], [ -49.19204, -20.30761 ], [ -49.18437, -20.31523 ], [ -49.17138, -20.31278 ], [ -49.16819, -20.30452 ], [ -49.14171, -20.28915 ], [ -49.12216, -20.27358 ], [ -49.11162, -20.25032 ], [ -49.0896, -20.21337 ], [ -49.07172, -20.16223 ], [ -49.06624, -20.15389 ], [ -49.06074, -20.15175 ], [ -49.03276, -20.15016 ], [ -49.01408, -20.15378 ], [ -48.98594, -20.17156 ], [ -48.97188, -20.21186 ], [ -48.96274, -20.25608 ], [ -48.96176, -20.26553 ], [ -48.96516, -20.27672 ], [ -48.96365, -20.28765 ], [ -48.96676, -20.34145 ], [ -48.96548, -20.36215 ], [ -48.96992, -20.38186 ], [ -48.96942, -20.39023 ], [ -48.95415, -20.40865 ], [ -48.92636, -20.42286 ], [ -48.90737, -20.43657 ], [ -48.89539, -20.44064 ], [ -48.88645, -20.43663 ], [ -48.87827, -20.42914 ], [ -48.86993, -20.41135 ], [ -48.86729, -20.39842 ], [ -48.86876, -20.38249 ], [ -48.87916, -20.34882 ], [ -48.87588, -20.31629 ], [ -48.88746, -20.29571 ], [ -48.88511, -20.26856 ], [ -48.87267, -20.24174 ], [ -48.85962, -20.23114 ], [ -48.85416, -20.21871 ], [ -48.85354, -20.2113 ], [ -48.85798, -20.19836 ], [ -48.85596, -20.18027 ], [ -48.8303, -20.16407 ], [ -48.8194, -20.1614 ], [ -48.77956, -20.16282 ], [ -48.76882, -20.16058 ], [ -48.75363, -20.15328 ], [ -48.74, -20.15383 ], [ -48.73265, -20.15119 ], [ -48.70692, -20.16033 ], [ -48.68721, -20.16343 ], [ -48.6741, -20.1619 ], [ -48.66332, -20.16614 ], [ -48.64396, -20.16664 ], [ -48.62651, -20.15882 ], [ -48.59411, -20.13673 ], [ -48.58045, -20.13121 ], [ -48.56631, -20.12977 ], [ -48.52481, -20.13448 ], [ -48.51285, -20.13783 ], [ -48.49314, -20.13867 ], [ -48.45432, -20.12809 ], [ -48.44119, -20.12049 ], [ -48.407, -20.11288 ], [ -48.3993, -20.11368 ], [ -48.39105, -20.11879 ], [ -48.36903, -20.1228 ], [ -48.34926, -20.12042 ], [ -48.34125, -20.11409 ], [ -48.31665, -20.11338 ], [ -48.29481, -20.12424 ], [ -48.28554, -20.13646 ], [ -48.27681, -20.14099 ], [ -48.26455, -20.14324 ], [ -48.24751, -20.14183 ], [ -48.23524, -20.13446 ], [ -48.22553, -20.13412 ], [ -48.21765, -20.12535 ], [ -48.22064, -20.11346 ], [ -48.22821, -20.10793 ], [ -48.24049, -20.09237 ], [ -48.2504, -20.08618 ], [ -48.25337, -20.07896 ], [ -48.25259, -20.07085 ], [ -48.24546, -20.05297 ], [ -48.24722, -20.0347 ], [ -48.24301, -20.02954 ], [ -48.23202, -20.02688 ], [ -48.2175, -20.03161 ], [ -48.20672, -20.04043 ], [ -48.1829, -20.07516 ], [ -48.18114, -20.08071 ], [ -48.18254, -20.08928 ], [ -48.17859, -20.0973 ], [ -48.17017, -20.10325 ], [ -48.15741, -20.10487 ], [ -48.14737, -20.12445 ], [ -48.12809, -20.13178 ], [ -48.11635, -20.14379 ], [ -48.1059, -20.14716 ], [ -48.07646, -20.14932 ], [ -48.06292, -20.14221 ], [ -48.051, -20.13914 ], [ -48.04899, -20.13008 ], [ -48.03852, -20.11999 ], [ -48.03384, -20.11969 ], [ -48.02245, -20.12518 ], [ -48.01043, -20.11204 ], [ -48.00466, -20.1089 ], [ -47.99509, -20.08294 ], [ -47.98884, -20.07406 ], [ -47.99098, -20.04272 ], [ -47.98619, -20.03706 ], [ -47.9742, -20.03797 ], [ -47.96301, -20.04275 ], [ -47.95234, -20.05258 ], [ -47.94572, -20.06711 ], [ -47.94446, -20.0888 ], [ -47.93879, -20.10183 ], [ -47.92974, -20.11194 ], [ -47.90701, -20.12358 ], [ -47.8989, -20.12525 ], [ -47.89554, -20.13113 ], [ -47.88767, -20.13433 ], [ -47.8877, -20.13892 ], [ -47.8909, -20.14165 ], [ -47.88912, -20.15552 ], [ -47.89508, -20.16352 ], [ -47.90682, -20.17067 ], [ -47.91087, -20.1779 ], [ -47.91156, -20.18598 ], [ -47.90877, -20.19139 ], [ -47.91325, -20.20911 ], [ -47.9294, -20.21498 ], [ -47.92677, -20.22804 ], [ -47.93319, -20.23198 ], [ -47.9313, -20.23634 ], [ -47.92413, -20.24168 ], [ -47.9241, -20.24576 ], [ -47.93511, -20.25258 ], [ -47.93732, -20.2591 ], [ -47.94459, -20.26521 ], [ -47.95135, -20.26612 ], [ -47.9615, -20.2727 ], [ -47.97629, -20.26159 ], [ -47.98102, -20.26818 ], [ -47.98308, -20.28037 ], [ -47.9794, -20.28547 ], [ -47.97471, -20.28602 ], [ -47.97025, -20.29272 ], [ -47.99974, -20.30933 ], [ -48.01342, -20.32184 ], [ -48.03959, -20.35317 ], [ -48.0551, -20.34929 ], [ -48.05964, -20.34189 ], [ -48.06983, -20.34807 ], [ -48.0747, -20.34683 ], [ -48.07474, -20.34173 ], [ -48.06858, -20.32958 ], [ -48.07079, -20.32607 ], [ -48.07645, -20.32639 ], [ -48.08454, -20.31628 ], [ -48.08912, -20.30154 ], [ -48.09307, -20.30936 ], [ -48.10109, -20.3104 ], [ -48.10793, -20.3022 ], [ -48.11356, -20.30102 ], [ -48.11696, -20.30809 ], [ -48.12954, -20.31651 ], [ -48.13937, -20.30631 ], [ -48.13667, -20.29996 ], [ -48.14087, -20.29684 ], [ -48.14598, -20.29769 ], [ -48.14982, -20.28929 ], [ -48.14987, -20.29098 ], [ -48.15293, -20.29069 ], [ -48.16043, -20.29698 ], [ -48.16453, -20.30873 ], [ -48.17637, -20.3212 ], [ -48.17984, -20.33135 ], [ -48.19011, -20.34158 ], [ -48.18639, -20.34953 ], [ -48.17815, -20.38965 ], [ -48.20172, -20.44216 ], [ -48.20972, -20.45098 ], [ -48.21196, -20.45701 ], [ -48.21921, -20.45477 ], [ -48.22195, -20.4498 ], [ -48.22781, -20.44961 ], [ -48.22977, -20.45592 ], [ -48.23641, -20.45662 ], [ -48.23877, -20.46074 ], [ -48.24756, -20.46047 ], [ -48.25662, -20.46249 ], [ -48.26392, -20.46718 ], [ -48.27888, -20.46846 ], [ -48.28085, -20.47019 ], [ -48.27897, -20.47414 ], [ -48.28337, -20.47408 ], [ -48.28149, -20.48069 ], [ -48.2886, -20.48333 ], [ -48.28503, -20.48505 ], [ -48.28164, -20.49177 ], [ -48.28418, -20.4924 ], [ -48.28363, -20.49804 ], [ -48.29484, -20.51088 ], [ -48.29336, -20.51394 ], [ -48.29832, -20.51469 ], [ -48.30116, -20.51266 ], [ -48.3077, -20.51673 ], [ -48.31881, -20.51823 ], [ -48.3173, -20.52366 ], [ -48.32269, -20.52554 ], [ -48.32637, -20.53198 ], [ -48.33118, -20.53008 ], [ -48.33282, -20.53209 ], [ -48.3342, -20.52851 ], [ -48.34213, -20.52744 ], [ -48.34143, -20.52357 ], [ -48.34442, -20.5215 ], [ -48.34719, -20.52535 ], [ -48.35265, -20.52322 ], [ -48.35574, -20.5272 ], [ -48.36684, -20.52637 ], [ -48.37224, -20.5296 ], [ -48.3686, -20.5348 ], [ -48.37141, -20.53758 ], [ -48.37127, -20.54566 ], [ -48.38374, -20.536 ], [ -48.38267, -20.54404 ], [ -48.37765, -20.54906 ], [ -48.36986, -20.55098 ], [ -48.35825, -20.55981 ], [ -48.35117, -20.56095 ], [ -48.33927, -20.58217 ], [ -48.32636, -20.58186 ], [ -48.32103, -20.58748 ], [ -48.32237, -20.60829 ], [ -48.34163, -20.61981 ], [ -48.34815, -20.62791 ], [ -48.35059, -20.64567 ], [ -48.33375, -20.66481 ], [ -48.33577, -20.6753 ], [ -48.34058, -20.68366 ], [ -48.33996, -20.69232 ], [ -48.32088, -20.72465 ], [ -48.31667, -20.72552 ], [ -48.29532, -20.72007 ], [ -48.29026, -20.7229 ], [ -48.28323, -20.73746 ], [ -48.27899, -20.74116 ], [ -48.27105, -20.74346 ], [ -48.26231, -20.73781 ], [ -48.257, -20.74058 ], [ -48.24876, -20.75802 ], [ -48.24337, -20.77649 ], [ -48.2504, -20.78889 ], [ -48.25694, -20.79512 ], [ -48.25663, -20.80331 ], [ -48.25158, -20.80928 ], [ -48.23618, -20.81377 ], [ -48.2325, -20.81873 ], [ -48.23441, -20.83036 ], [ -48.24395, -20.84214 ], [ -48.24263, -20.84895 ], [ -48.22801, -20.85723 ], [ -48.20782, -20.87526 ], [ -48.21867, -20.8919 ], [ -48.22982, -20.90016 ], [ -48.25798, -20.9307 ], [ -48.26837, -20.93816 ], [ -48.27349, -20.93917 ], [ -48.27511, -20.94355 ], [ -48.28442, -20.95238 ], [ -48.31582, -20.95161 ], [ -48.3385, -20.9551 ], [ -48.36725, -20.94866 ], [ -48.37374, -20.95951 ], [ -48.37324, -20.96301 ], [ -48.37837, -20.96809 ], [ -48.37902, -20.97617 ], [ -48.38267, -20.98355 ], [ -48.3807, -21.00129 ], [ -48.37675, -21.00714 ], [ -48.38575, -21.00847 ], [ -48.40125, -21.00525 ], [ -48.4059, -21.01671 ], [ -48.43308, -21.03709 ], [ -48.43005, -21.04946 ], [ -48.42268, -21.04784 ], [ -48.41517, -21.04927 ], [ -48.39705, -21.04271 ], [ -48.38816, -21.04408 ], [ -48.38304, -21.05304 ], [ -48.37302, -21.05801 ], [ -48.35888, -21.05606 ], [ -48.34636, -21.05865 ], [ -48.32184, -21.05216 ], [ -48.31688, -21.05832 ], [ -48.31808, -21.06051 ], [ -48.32048, -21.05895 ], [ -48.32533, -21.06261 ], [ -48.33284, -21.06401 ], [ -48.34177, -21.07419 ], [ -48.35379, -21.08153 ], [ -48.34518, -21.10487 ], [ -48.35957, -21.1032 ], [ -48.37451, -21.10925 ], [ -48.37387, -21.11292 ], [ -48.36472, -21.11876 ], [ -48.35342, -21.11987 ], [ -48.34748, -21.13005 ], [ -48.36203, -21.13948 ], [ -48.38601, -21.16822 ], [ -48.4028, -21.1727 ], [ -48.41729, -21.17039 ], [ -48.4206, -21.17197 ], [ -48.4245, -21.17906 ], [ -48.42697, -21.19507 ], [ -48.43525, -21.20045 ], [ -48.43853, -21.19978 ], [ -48.44318, -21.20877 ], [ -48.45302, -21.21165 ] ] ] } }
]
}
