{
"type": "FeatureCollection",
"name": "rc_poligonos",
"crs": { "type": "name", "properties": { "name": "urn:ogc:def:crs:OGC:1.3:CRS84" } },
"xy_coordinate_resolution": 1e-05,
"features": [
{ "type": "Feature", "properties": { "rc": "RC 06.01", "uba": "São José dos Campos", "regional": "DR 06", "regional_cgr": "CGR 06" }, "geometry": { "type": "Polygon", "coordinates": [ [ [ -45.64249, -23.28786 ], [ -45.64042, -23.29119 ], [ -45.63271, -23.29079 ], [ -45.63023, -23.2964 ], [ -45.57408, -23.32571 ], [ -45.56889, -23.32274 ], [ -45.56602, -23.32849 ], [ -45.56756, -23.33644 ], [ -45.56419, -23.34335 ], [ -45.57511, -23.34241 ], [ -45.57745, -23.35687 ], [ -45.57717, -23.36436 ], [ -45.57041, -23.37087 ], [ -45.56459, -23.36955 ], [ -45.56372, -23.37173 ], [ -45.55625, -23.374 ], [ -45.55281, -23.37 ], [ -45.54947, -23.3722 ], [ -45.53679, -23.36628 ], [ -45.53896, -23.37529 ], [ -45.54761, -23.38466 ], [ -45.5493, -23.39573 ], [ -45.5528, -23.39799 ], [ -45.55308, -23.40107 ], [ -45.55772, -23.40524 ], [ -45.56666, -23.40816 ], [ -45.56199, -23.41314 ], [ -45.56298, -23.41927 ], [ -45.56675, -23.41745 ], [ -45.56964, -23.42106 ], [ -45.56348, -23.42681 ], [ -45.56004, -23.43969 ], [ -45.56168, -23.44243 ], [ -45.55404, -23.4524 ], [ -45.54637, -23.45461 ], [ -45.53722, -23.45254 ], [ -45.52169, -23.45836 ], [ -45.52464, -23.46232 ], [ -45.52452, -23.46806 ], [ -45.52138, -23.46955 ], [ -45.52279, -23.47807 ], [ -45.51574, -23.48503 ], [ -45.51301, -23.48224 ], [ -45.50933, -23.48383 ], [ -45.5055, -23.50575 ], [ -45.49917, -23.50926 ], [ -45.49671, -23.52063 ], [ -45.50351, -23.53036 ], [ -45.50367, -23.53394 ], [ -45.49873, -23.5397 ], [ -45.48797, -23.54003 ], [ -45.48274, -23.55137 ], [ -45.48486, -23.55604 ], [ -45.48319, -23.5595 ], [ -45.46496, -23.56133 ], [ -45.45897, -23.56446 ], [ -45.45285, -23.56032 ], [ -45.44986, -23.56424 ], [ -45.45704, -23.57664 ], [ -45.46988, -23.5818 ], [ -45.47463, -23.57982 ], [ -45.47691, -23.57233 ], [ -45.48324, -23.57538 ], [ -45.48752, -23.57206 ], [ -45.49212, -23.57503 ], [ -45.49338, -23.57885 ], [ -45.5014, -23.58171 ], [ -45.50313, -23.58779 ], [ -45.51167, -23.593 ], [ -45.51995, -23.60256 ], [ -45.52239, -23.6006 ], [ -45.52391, -23.60459 ], [ -45.5262, -23.60106 ], [ -45.53076, -23.60147 ], [ -45.53459, -23.59821 ], [ -45.53773, -23.5996 ], [ -45.53961, -23.5962 ], [ -45.54373, -23.59765 ], [ -45.55201, -23.60689 ], [ -45.55325, -23.61382 ], [ -45.55882, -23.61818 ], [ -45.5605, -23.62403 ], [ -45.56936, -23.63108 ], [ -45.57098, -23.63822 ], [ -45.5782, -23.63977 ], [ -45.58069, -23.64492 ], [ -45.58807, -23.64455 ], [ -45.59383, -23.65051 ], [ -45.60263, -23.65475 ], [ -45.61791, -23.65149 ], [ -45.63107, -23.65682 ], [ -45.63012, -23.64966 ], [ -45.63326, -23.64644 ], [ -45.62673, -23.64168 ], [ -45.62465, -23.63317 ], [ -45.62154, -23.62981 ], [ -45.63618, -23.62466 ], [ -45.63669, -23.62117 ], [ -45.64389, -23.62116 ], [ -45.64952, -23.62394 ], [ -45.65397, -23.62274 ], [ -45.65555, -23.62635 ], [ -45.66788, -23.61967 ], [ -45.67104, -23.6247 ], [ -45.66955, -23.62911 ], [ -45.6748, -23.63087 ], [ -45.67972, -23.6272 ], [ -45.69195, -23.63697 ], [ -45.69824, -23.63847 ], [ -45.70249, -23.63677 ], [ -45.695, -23.63085 ], [ -45.69773, -23.62442 ], [ -45.69601, -23.62133 ], [ -45.69855, -23.62029 ], [ -45.70307, -23.61098 ], [ -45.70161, -23.60844 ], [ -45.70326, -23.60285 ], [ -45.70633, -23.60162 ], [ -45.71568, -23.60834 ], [ -45.72215, -23.60543 ], [ -45.72093, -23.59944 ], [ -45.72443, -23.5973 ], [ -45.73269, -23.60261 ], [ -45.74296, -23.60258 ], [ -45.73929, -23.59591 ], [ -45.73384, -23.59282 ], [ -45.73394, -23.58614 ], [ -45.74025, -23.58494 ], [ -45.73644, -23.57789 ], [ -45.73174, -23.57719 ], [ -45.73145, -23.57258 ], [ -45.74043, -23.57222 ], [ -45.74596, -23.56541 ], [ -45.74026, -23.56075 ], [ -45.74694, -23.55442 ], [ -45.74629, -23.53856 ], [ -45.75401, -23.53186 ], [ -45.75431, -23.52595 ], [ -45.76055, -23.52388 ], [ -45.75966, -23.52056 ], [ -45.76197, -23.5182 ], [ -45.75932, -23.51176 ], [ -45.77026, -23.50634 ], [ -45.77826, -23.50925 ], [ -45.78843, -23.50904 ], [ -45.79113, -23.50621 ], [ -45.78864, -23.50183 ], [ -45.78963, -23.49649 ], [ -45.78735, -23.49541 ], [ -45.78859, -23.49254 ], [ -45.79694, -23.49081 ], [ -45.79981, -23.49435 ], [ -45.80441, -23.49397 ], [ -45.81277, -23.49849 ], [ -45.81841, -23.48908 ], [ -45.83348, -23.48388 ], [ -45.83741, -23.47851 ], [ -45.83614, -23.47488 ], [ -45.8399, -23.47169 ], [ -45.84612, -23.47331 ], [ -45.84956, -23.47931 ], [ -45.86509, -23.48272 ], [ -45.87172, -23.4897 ], [ -45.8764, -23.48936 ], [ -45.88264, -23.49495 ], [ -45.88728, -23.49207 ], [ -45.89044, -23.49623 ], [ -45.89913, -23.49843 ], [ -45.90209, -23.50372 ], [ -45.91095, -23.50571 ], [ -45.91683, -23.50494 ], [ -45.92177, -23.5 ], [ -45.93871, -23.49413 ], [ -45.94555, -23.49559 ], [ -45.94907, -23.49962 ], [ -45.96095, -23.49811 ], [ -45.95595, -23.49312 ], [ -45.9569, -23.4877 ], [ -45.96311, -23.47854 ], [ -45.96845, -23.47572 ], [ -45.9632, -23.47319 ], [ -45.96038, -23.46865 ], [ -45.9563, -23.4682 ], [ -45.95752, -23.46462 ], [ -45.95349, -23.46035 ], [ -45.95166, -23.45106 ], [ -45.95954, -23.44202 ], [ -45.96641, -23.42742 ], [ -45.97635, -23.42819 ], [ -45.97958, -23.41803 ], [ -45.98362, -23.42011 ], [ -45.9906, -23.41728 ], [ -45.99729, -23.40111 ], [ -45.99828, -23.39093 ], [ -46.00216, -23.38496 ], [ -46.01037, -23.38406 ], [ -46.0109, -23.38717 ], [ -46.018, -23.39232 ], [ -46.01852, -23.3883 ], [ -46.03075, -23.39043 ], [ -46.03438, -23.38729 ], [ -46.03791, -23.38757 ], [ -46.06051, -23.35781 ], [ -46.06342, -23.35883 ], [ -46.06776, -23.35497 ], [ -46.0679, -23.3488 ], [ -46.07369, -23.34214 ], [ -46.08169, -23.34192 ], [ -46.08497, -23.33677 ], [ -46.09902, -23.32598 ], [ -46.09867, -23.30921 ], [ -46.1015, -23.30857 ], [ -46.10272, -23.30297 ], [ -46.11384, -23.29931 ], [ -46.11383, -23.28566 ], [ -46.11938, -23.28545 ], [ -46.12342, -23.29019 ], [ -46.12734, -23.28716 ], [ -46.13693, -23.2874 ], [ -46.1391, -23.28046 ], [ -46.14524, -23.27364 ], [ -46.15098, -23.27432 ], [ -46.15361, -23.26604 ], [ -46.14481, -23.25602 ], [ -46.13648, -23.25567 ], [ -46.12906, -23.25043 ], [ -46.1285, -23.24343 ], [ -46.11825, -23.23623 ], [ -46.11706, -23.2302 ], [ -46.11272, -23.22702 ], [ -46.10428, -23.22558 ], [ -46.10465, -23.22054 ], [ -46.09583, -23.2178 ], [ -46.09079, -23.20739 ], [ -46.0792, -23.2048 ], [ -46.081, -23.19744 ], [ -46.07629, -23.19334 ], [ -46.0798, -23.18602 ], [ -46.07483, -23.18085 ], [ -46.07367, -23.17476 ], [ -46.07819, -23.16925 ], [ -46.08687, -23.17283 ], [ -46.09284, -23.17157 ], [ -46.10262, -23.15729 ], [ -46.09143, -23.14283 ], [ -46.09759, -23.1371 ], [ -46.09589, -23.13246 ], [ -46.10109, -23.12554 ], [ -46.09833, -23.12155 ], [ -46.0932, -23.12074 ], [ -46.10393, -23.11724 ], [ -46.09981, -23.10943 ], [ -46.10307, -23.10792 ], [ -46.1013, -23.10384 ], [ -46.10766, -23.09777 ], [ -46.10785, -23.09486 ], [ -46.10447, -23.09046 ], [ -46.10488, -23.08443 ], [ -46.09419, -23.0843 ], [ -46.09075, -23.07886 ], [ -46.0897, -23.06796 ], [ -46.09171, -23.06621 ], [ -46.08883, -23.06353 ], [ -46.08595, -23.05261 ], [ -46.08168, -23.05111 ], [ -46.08244, -23.04608 ], [ -46.07834, -23.04304 ], [ -46.07891, -23.03989 ], [ -46.07626, -23.03722 ], [ -46.08257, -23.03381 ], [ -46.08078, -23.02561 ], [ -46.0779, -23.01905 ], [ -46.07096, -23.01442 ], [ -46.07131, -23.00663 ], [ -46.06552, -22.99811 ], [ -46.06674, -22.99408 ], [ -46.07035, -22.99352 ], [ -46.07057, -22.98899 ], [ -46.08261, -22.98546 ], [ -46.07765, -22.9772 ], [ -46.06724, -22.98017 ], [ -46.06404, -22.97486 ], [ -46.05705, -22.97303 ], [ -46.05074, -22.9662 ], [ -46.05161, -22.95914 ], [ -46.04912, -22.95489 ], [ -46.05326, -22.94995 ], [ -46.04866, -22.93277 ], [ -46.04258, -22.92636 ], [ -46.04103, -22.91542 ], [ -46.04433, -22.90531 ], [ -46.0507, -22.9023 ], [ -46.0507, -22.89695 ], [ -46.04202, -22.89062 ], [ -46.02715, -22.88484 ], [ -46.01876, -22.88843 ], [ -46.01282, -22.88596 ], [ -46.00776, -22.88936 ], [ -46.00148, -22.88001 ], [ -45.99384, -22.87908 ], [ -45.99041, -22.87599 ], [ -45.99312, -22.86978 ], [ -45.98043, -22.86693 ], [ -45.97477, -22.86807 ], [ -45.97349, -22.86309 ], [ -45.96422, -22.85539 ], [ -45.96036, -22.85821 ], [ -45.95655, -22.84981 ], [ -45.95169, -22.84892 ], [ -45.95117, -22.84585 ], [ -45.93884, -22.84644 ], [ -45.92394, -22.83195 ], [ -45.92322, -22.82497 ], [ -45.91233, -22.81635 ], [ -45.90465, -22.81963 ], [ -45.90478, -22.82356 ], [ -45.90908, -22.82927 ], [ -45.9039, -22.83692 ], [ -45.8937, -22.83893 ], [ -45.89431, -22.84195 ], [ -45.89118, -22.84575 ], [ -45.89424, -22.8489 ], [ -45.89237, -22.85261 ], [ -45.89435, -22.85692 ], [ -45.88941, -22.86061 ], [ -45.88855, -22.87598 ], [ -45.87979, -22.87543 ], [ -45.87116, -22.87165 ], [ -45.8703, -22.86921 ], [ -45.86416, -22.86938 ], [ -45.85761, -22.86064 ], [ -45.85701, -22.8502 ], [ -45.84975, -22.84794 ], [ -45.85091, -22.84298 ], [ -45.84817, -22.83803 ], [ -45.83898, -22.83216 ], [ -45.83044, -22.83547 ], [ -45.82571, -22.83357 ], [ -45.82371, -22.82973 ], [ -45.81587, -22.83427 ], [ -45.80813, -22.82975 ], [ -45.80235, -22.83389 ], [ -45.80104, -22.84711 ], [ -45.79216, -22.8556 ], [ -45.79203, -22.85869 ], [ -45.77993, -22.85548 ], [ -45.7791, -22.85042 ], [ -45.771, -22.84805 ], [ -45.76697, -22.84302 ], [ -45.76903, -22.8315 ], [ -45.79225, -22.8191 ], [ -45.78075, -22.81354 ], [ -45.76846, -22.80318 ], [ -45.75838, -22.80104 ], [ -45.75507, -22.79332 ], [ -45.74876, -22.79235 ], [ -45.74299, -22.79521 ], [ -45.74173, -22.80836 ], [ -45.72923, -22.80999 ], [ -45.72421, -22.81655 ], [ -45.71448, -22.81601 ], [ -45.71264, -22.81368 ], [ -45.71373, -22.80921 ], [ -45.72103, -22.80823 ], [ -45.72138, -22.80338 ], [ -45.72575, -22.80026 ], [ -45.7296, -22.80062 ], [ -45.7366, -22.78831 ], [ -45.72397, -22.78467 ], [ -45.72433, -22.78066 ], [ -45.71737, -22.78058 ], [ -45.71524, -22.77502 ], [ -45.7109, -22.77279 ], [ -45.71385, -22.76267 ], [ -45.71216, -22.75821 ], [ -45.71687, -22.75566 ], [ -45.71542, -22.7518 ], [ -45.7277, -22.72873 ], [ -45.72782, -22.72372 ], [ -45.73555, -22.72153 ], [ -45.74692, -22.72322 ], [ -45.75825, -22.72129 ], [ -45.7754, -22.73237 ], [ -45.78239, -22.73205 ], [ -45.79713, -22.73933 ], [ -45.80567, -22.73746 ], [ -45.81612, -22.72948 ], [ -45.81997, -22.72255 ], [ -45.81734, -22.70974 ], [ -45.81095, -22.69811 ], [ -45.79157, -22.69245 ], [ -45.78662, -22.69317 ], [ -45.78023, -22.68398 ], [ -45.7609, -22.67763 ], [ -45.75519, -22.67024 ], [ -45.75029, -22.67185 ], [ -45.73991, -22.66939 ], [ -45.72698, -22.66028 ], [ -45.71582, -22.66256 ], [ -45.70336, -22.65508 ], [ -45.69306, -22.65211 ], [ -45.69807, -22.65061 ], [ -45.69778, -22.64471 ], [ -45.70029, -22.64238 ], [ -45.70981, -22.63901 ], [ -45.7113, -22.63362 ], [ -45.71742, -22.6274 ], [ -45.71579, -22.62423 ], [ -45.71752, -22.62068 ], [ -45.72842, -22.62074 ], [ -45.73064, -22.61258 ], [ -45.73881, -22.60749 ], [ -45.73534, -22.60563 ], [ -45.73432, -22.59729 ], [ -45.72733, -22.59473 ], [ -45.72931, -22.59163 ], [ -45.72685, -22.58781 ], [ -45.72056, -22.58584 ], [ -45.71637, -22.5813 ], [ -45.71816, -22.57804 ], [ -45.70696, -22.58047 ], [ -45.70089, -22.58581 ], [ -45.69463, -22.58619 ], [ -45.67887, -22.5733 ], [ -45.67328, -22.57781 ], [ -45.66284, -22.57689 ], [ -45.65976, -22.57984 ], [ -45.66312, -22.58772 ], [ -45.65944, -22.59863 ], [ -45.66521, -22.60045 ], [ -45.66823, -22.60934 ], [ -45.666, -22.61361 ], [ -45.6752, -22.62585 ], [ -45.67339, -22.63042 ], [ -45.67892, -22.6327 ], [ -45.68511, -22.63971 ], [ -45.67333, -22.64183 ], [ -45.67161, -22.64843 ], [ -45.6668, -22.65152 ], [ -45.65911, -22.64833 ], [ -45.64728, -22.64852 ], [ -45.64394, -22.64618 ], [ -45.63141, -22.64504 ], [ -45.62633, -22.63958 ], [ -45.61806, -22.638 ], [ -45.60566, -22.6207 ], [ -45.59079, -22.61937 ], [ -45.58482, -22.61597 ], [ -45.58757, -22.61033 ], [ -45.57157, -22.5984 ], [ -45.56388, -22.59987 ], [ -45.56497, -22.61149 ], [ -45.55515, -22.62554 ], [ -45.56075, -22.62797 ], [ -45.56997, -22.6387 ], [ -45.57697, -22.63975 ], [ -45.58212, -22.64466 ], [ -45.58445, -22.65173 ], [ -45.57758, -22.65445 ], [ -45.59074, -22.66433 ], [ -45.59015, -22.67366 ], [ -45.59574, -22.67554 ], [ -45.60259, -22.68232 ], [ -45.61893, -22.68728 ], [ -45.6111, -22.69395 ], [ -45.6177, -22.70434 ], [ -45.61959, -22.71572 ], [ -45.62552, -22.71729 ], [ -45.629, -22.72142 ], [ -45.62446, -22.72598 ], [ -45.61683, -22.72594 ], [ -45.63028, -22.73076 ], [ -45.64283, -22.73042 ], [ -45.65758, -22.73828 ], [ -45.6584, -22.75867 ], [ -45.6761, -22.78715 ], [ -45.66807, -22.79094 ], [ -45.65695, -22.7903 ], [ -45.64336, -22.78559 ], [ -45.64005, -22.79311 ], [ -45.62836, -22.79243 ], [ -45.61578, -22.79512 ], [ -45.61403, -22.80336 ], [ -45.62473, -22.81541 ], [ -45.62968, -22.81651 ], [ -45.63161, -22.82149 ], [ -45.62868, -22.83276 ], [ -45.6327, -22.84214 ], [ -45.64285, -22.84605 ], [ -45.64738, -22.85325 ], [ -45.64626, -22.85902 ], [ -45.65235, -22.86597 ], [ -45.66754, -22.8748 ], [ -45.66632, -22.88145 ], [ -45.67702, -22.89661 ], [ -45.67422, -22.89965 ], [ -45.68377, -22.90673 ], [ -45.68359, -22.91131 ], [ -45.67478, -22.91529 ], [ -45.67231, -22.92299 ], [ -45.67441, -22.92679 ], [ -45.69592, -22.93908 ], [ -45.70593, -22.94876 ], [ -45.70969, -22.95625 ], [ -45.71424, -22.95737 ], [ -45.71991, -22.96737 ], [ -45.72385, -22.96877 ], [ -45.71781, -22.98805 ], [ -45.7117, -22.98982 ], [ -45.71317, -23.0094 ], [ -45.70668, -23.00592 ], [ -45.70249, -23.00682 ], [ -45.70131, -23.01752 ], [ -45.69691, -23.02287 ], [ -45.69725, -23.02607 ], [ -45.68285, -23.03577 ], [ -45.67813, -23.03611 ], [ -45.67373, -23.04571 ], [ -45.67092, -23.04158 ], [ -45.67295, -23.03578 ], [ -45.66973, -23.03491 ], [ -45.66532, -23.03893 ], [ -45.66697, -23.03259 ], [ -45.66515, -23.03058 ], [ -45.6446, -23.06032 ], [ -45.63964, -23.06263 ], [ -45.6372, -23.07421 ], [ -45.63071, -23.08088 ], [ -45.63147, -23.08622 ], [ -45.63594, -23.08981 ], [ -45.62945, -23.10061 ], [ -45.62906, -23.11562 ], [ -45.62049, -23.12254 ], [ -45.61106, -23.1226 ], [ -45.60459, -23.12583 ], [ -45.59341, -23.13446 ], [ -45.59482, -23.14476 ], [ -45.60528, -23.15568 ], [ -45.60447, -23.15883 ], [ -45.62022, -23.17385 ], [ -45.61671, -23.18156 ], [ -45.62466, -23.18465 ], [ -45.62441, -23.19089 ], [ -45.62686, -23.19264 ], [ -45.64033, -23.19583 ], [ -45.6351, -23.20437 ], [ -45.62149, -23.20453 ], [ -45.6211, -23.21033 ], [ -45.62594, -23.21827 ], [ -45.62296, -23.22011 ], [ -45.6212, -23.2263 ], [ -45.61542, -23.23005 ], [ -45.61189, -23.24631 ], [ -45.62405, -23.25951 ], [ -45.62744, -23.26809 ], [ -45.63524, -23.27092 ], [ -45.64361, -23.27936 ], [ -45.64249, -23.28786 ] ] ] } },
{ "type": "Feature", "properties": { "rc": "RC 12.01", "uba": "Presidente Prudente", "regional": "DR 12", "regional_cgr": "CGR 12" }, "geometry": { "type": "Polygon", "coordinates": [ [ [ -51.55846, -22.69702 ], [ -51.59016, -22.68673 ], [ -51.59905, -22.68084 ], [ -51.61367, -22.66521 ], [ -51.63747, -22.65664 ], [ -51.67602, -22.65977 ], [ -51.70099, -22.67011 ], [ -51.71568, -22.66935 ], [ -51.72677, -22.65979 ], [ -51.73364, -22.62566 ], [ -51.73769, -22.62384 ], [ -51.74477, -22.62492 ], [ -51.75418, -22.61666 ], [ -51.76832, -22.61426 ], [ -51.77966, -22.61538 ], [ -51.84695, -22.632 ], [ -51.87137, -22.63018 ], [ -51.93632, -22.56914 ], [ -51.96243, -22.56223 ], [ -52.00793, -22.54231 ], [ -52.03251, -22.53956 ], [ -52.02661, -22.53313 ], [ -52.02796, -22.52216 ], [ -52.02567, -22.52149 ], [ -52.0254, -22.51646 ], [ -52.01882, -22.50761 ], [ -52.02052, -22.50426 ], [ -52.01734, -22.50225 ], [ -52.0047, -22.50788 ], [ -52.00363, -22.50441 ], [ -51.99714, -22.5019 ], [ -51.98601, -22.50683 ], [ -51.98233, -22.50369 ], [ -51.97652, -22.51413 ], [ -51.973, -22.51256 ], [ -51.95806, -22.51382 ], [ -51.95251, -22.51666 ], [ -51.94445, -22.51221 ], [ -51.94495, -22.5103 ], [ -51.93774, -22.50375 ], [ -51.92984, -22.50081 ], [ -51.93038, -22.49556 ], [ -51.92597, -22.49059 ], [ -51.9235, -22.49159 ], [ -51.92099, -22.48768 ], [ -51.91488, -22.48643 ], [ -51.91387, -22.48003 ], [ -51.90694, -22.47089 ], [ -51.90638, -22.46578 ], [ -51.89441, -22.45155 ], [ -51.89436, -22.44277 ], [ -51.88776, -22.43672 ], [ -51.8854, -22.42803 ], [ -51.88033, -22.42402 ], [ -51.87327, -22.42452 ], [ -51.86641, -22.42071 ], [ -51.86313, -22.42219 ], [ -51.85952, -22.41368 ], [ -51.85575, -22.41368 ], [ -51.85609, -22.41082 ], [ -51.85097, -22.40681 ], [ -51.85076, -22.40295 ], [ -51.84869, -22.40243 ], [ -51.8492, -22.39546 ], [ -51.84549, -22.39367 ], [ -51.84544, -22.37927 ], [ -51.84266, -22.37703 ], [ -51.84477, -22.37064 ], [ -51.83916, -22.36266 ], [ -51.83912, -22.35793 ], [ -51.82551, -22.34292 ], [ -51.81407, -22.30842 ], [ -51.79584, -22.29407 ], [ -51.79148, -22.26897 ], [ -51.78586, -22.26811 ], [ -51.77056, -22.27604 ], [ -51.76323, -22.27473 ], [ -51.7554, -22.26583 ], [ -51.7572, -22.25503 ], [ -51.75318, -22.25034 ], [ -51.75766, -22.2459 ], [ -51.75381, -22.24066 ], [ -51.7542, -22.23401 ], [ -51.77213, -22.21853 ], [ -51.76489, -22.202 ], [ -51.74505, -22.19815 ], [ -51.74198, -22.19518 ], [ -51.73866, -22.18025 ], [ -51.72807, -22.17643 ], [ -51.71944, -22.17824 ], [ -51.69643, -22.19265 ], [ -51.67715, -22.19636 ], [ -51.66589, -22.19439 ], [ -51.65495, -22.20072 ], [ -51.63895, -22.19488 ], [ -51.64013, -22.18653 ], [ -51.65016, -22.17577 ], [ -51.65574, -22.16533 ], [ -51.66993, -22.16086 ], [ -51.67116, -22.15397 ], [ -51.68276, -22.142 ], [ -51.69845, -22.13884 ], [ -51.71833, -22.12555 ], [ -51.72017, -22.12108 ], [ -51.73029, -22.11178 ], [ -51.73189, -22.09983 ], [ -51.7134, -22.08571 ], [ -51.70607, -22.08434 ], [ -51.70515, -22.07918 ], [ -51.69072, -22.06977 ], [ -51.68905, -22.05962 ], [ -51.68101, -22.0571 ], [ -51.67683, -22.06131 ], [ -51.6666, -22.04991 ], [ -51.6585, -22.05202 ], [ -51.65119, -22.03207 ], [ -51.64403, -22.02263 ], [ -51.63511, -22.01818 ], [ -51.63224, -22.01296 ], [ -51.61951, -22.00388 ], [ -51.60025, -21.99861 ], [ -51.5996, -21.98422 ], [ -51.60785, -21.97631 ], [ -51.6084, -21.9731 ], [ -51.58596, -21.97191 ], [ -51.57981, -21.96315 ], [ -51.57936, -21.95476 ], [ -51.57291, -21.94986 ], [ -51.57334, -21.94519 ], [ -51.57075, -21.94168 ], [ -51.57096, -21.93606 ], [ -51.57359, -21.93423 ], [ -51.56027, -21.92202 ], [ -51.55757, -21.91304 ], [ -51.55295, -21.91235 ], [ -51.5511, -21.90926 ], [ -51.55306, -21.90488 ], [ -51.57281, -21.90798 ], [ -51.5863, -21.90485 ], [ -51.58794, -21.89854 ], [ -51.58132, -21.87953 ], [ -51.58532, -21.86923 ], [ -51.58088, -21.8591 ], [ -51.57231, -21.84829 ], [ -51.56524, -21.84814 ], [ -51.5637, -21.84308 ], [ -51.55386, -21.83572 ], [ -51.55206, -21.82193 ], [ -51.54537, -21.8121 ], [ -51.539, -21.80735 ], [ -51.53525, -21.78839 ], [ -51.52551, -21.77477 ], [ -51.53367, -21.7632 ], [ -51.53034, -21.75781 ], [ -51.53318, -21.75146 ], [ -51.53249, -21.74265 ], [ -51.52861, -21.74168 ], [ -51.52927, -21.73782 ], [ -51.5264, -21.73251 ], [ -51.5284, -21.7309 ], [ -51.52582, -21.72603 ], [ -51.51737, -21.72292 ], [ -51.51267, -21.71833 ], [ -51.51406, -21.71204 ], [ -51.51075, -21.70633 ], [ -51.51164, -21.7021 ], [ -51.49785, -21.70623 ], [ -51.48829, -21.71296 ], [ -51.48928, -21.71698 ], [ -51.48536, -21.71779 ], [ -51.48533, -21.72724 ], [ -51.48069, -21.73305 ], [ -51.47228, -21.7375 ], [ -51.46594, -21.73788 ], [ -51.45997, -21.74248 ], [ -51.43581, -21.74324 ], [ -51.41526, -21.74867 ], [ -51.4078, -21.74476 ], [ -51.3939, -21.74569 ], [ -51.38156, -21.73855 ], [ -51.3732, -21.74129 ], [ -51.3668, -21.75056 ], [ -51.36342, -21.76297 ], [ -51.34245, -21.77429 ], [ -51.32997, -21.77062 ], [ -51.32412, -21.7561 ], [ -51.31264, -21.74996 ], [ -51.30007, -21.73444 ], [ -51.29384, -21.7332 ], [ -51.28999, -21.72218 ], [ -51.28395, -21.72114 ], [ -51.28242, -21.7241 ], [ -51.27499, -21.72713 ], [ -51.27599, -21.73259 ], [ -51.27023, -21.74283 ], [ -51.2597, -21.74318 ], [ -51.24555, -21.73636 ], [ -51.23349, -21.73747 ], [ -51.22375, -21.74164 ], [ -51.22396, -21.74545 ], [ -51.2321, -21.75286 ], [ -51.23546, -21.75968 ], [ -51.23142, -21.76293 ], [ -51.23144, -21.76709 ], [ -51.24912, -21.78298 ], [ -51.24792, -21.79572 ], [ -51.24485, -21.80064 ], [ -51.24027, -21.80219 ], [ -51.23397, -21.80064 ], [ -51.22951, -21.80364 ], [ -51.22822, -21.81573 ], [ -51.22404, -21.82167 ], [ -51.22288, -21.82893 ], [ -51.22838, -21.83901 ], [ -51.23986, -21.83786 ], [ -51.24016, -21.84011 ], [ -51.2361, -21.84189 ], [ -51.24475, -21.8454 ], [ -51.24627, -21.8474 ], [ -51.24286, -21.84907 ], [ -51.24392, -21.85283 ], [ -51.24655, -21.85182 ], [ -51.2542, -21.85888 ], [ -51.25725, -21.86848 ], [ -51.25315, -21.87315 ], [ -51.25588, -21.87604 ], [ -51.253, -21.87752 ], [ -51.26304, -21.88046 ], [ -51.2609, -21.87592 ], [ -51.26664, -21.87781 ], [ -51.26418, -21.88853 ], [ -51.25988, -21.89303 ], [ -51.26196, -21.89509 ], [ -51.25689, -21.90056 ], [ -51.2652, -21.90284 ], [ -51.27135, -21.90903 ], [ -51.27269, -21.91288 ], [ -51.26927, -21.91599 ], [ -51.27419, -21.92692 ], [ -51.27088, -21.92771 ], [ -51.26592, -21.93585 ], [ -51.27338, -21.93901 ], [ -51.27249, -21.94203 ], [ -51.27504, -21.94614 ], [ -51.27171, -21.95054 ], [ -51.2761, -21.95318 ], [ -51.27303, -21.95842 ], [ -51.27469, -21.96173 ], [ -51.27661, -21.96048 ], [ -51.27515, -21.96442 ], [ -51.2773, -21.96535 ], [ -51.27737, -21.96888 ], [ -51.28142, -21.97038 ], [ -51.2801, -21.97428 ], [ -51.28323, -21.97361 ], [ -51.28404, -21.98082 ], [ -51.28957, -21.98163 ], [ -51.28905, -21.99014 ], [ -51.27854, -22.00098 ], [ -51.2819, -22.00473 ], [ -51.28656, -22.02231 ], [ -51.29116, -22.02437 ], [ -51.28852, -22.0281 ], [ -51.28844, -22.03414 ], [ -51.28622, -22.03448 ], [ -51.286, -22.03968 ], [ -51.28874, -22.0442 ], [ -51.27471, -22.05212 ], [ -51.26594, -22.06722 ], [ -51.26096, -22.06631 ], [ -51.2561, -22.06845 ], [ -51.25005, -22.06662 ], [ -51.24845, -22.06947 ], [ -51.22686, -22.07125 ], [ -51.21787, -22.06983 ], [ -51.21207, -22.06533 ], [ -51.2084, -22.06646 ], [ -51.20896, -22.07326 ], [ -51.21911, -22.07486 ], [ -51.22387, -22.07902 ], [ -51.2435, -22.12768 ], [ -51.23904, -22.1358 ], [ -51.22752, -22.14347 ], [ -51.22389, -22.15714 ], [ -51.21256, -22.1645 ], [ -51.20354, -22.17772 ], [ -51.20914, -22.19887 ], [ -51.21405, -22.20238 ], [ -51.22243, -22.21496 ], [ -51.23023, -22.22062 ], [ -51.22184, -22.23516 ], [ -51.21411, -22.26111 ], [ -51.20528, -22.26821 ], [ -51.2051, -22.27156 ], [ -51.20806, -22.27436 ], [ -51.20631, -22.27771 ], [ -51.20985, -22.2834 ], [ -51.20521, -22.2979 ], [ -51.21243, -22.30305 ], [ -51.2088, -22.32173 ], [ -51.21216, -22.32473 ], [ -51.21084, -22.33105 ], [ -51.2129, -22.33232 ], [ -51.21203, -22.33676 ], [ -51.21439, -22.34239 ], [ -51.21812, -22.34564 ], [ -51.21732, -22.35087 ], [ -51.22066, -22.35254 ], [ -51.2187, -22.35785 ], [ -51.22239, -22.36481 ], [ -51.2195, -22.37742 ], [ -51.227, -22.3817 ], [ -51.22884, -22.3931 ], [ -51.23356, -22.40109 ], [ -51.23386, -22.40969 ], [ -51.24655, -22.42887 ], [ -51.24782, -22.44579 ], [ -51.25184, -22.45476 ], [ -51.2496, -22.46531 ], [ -51.2592, -22.47012 ], [ -51.26103, -22.48069 ], [ -51.26461, -22.48262 ], [ -51.26408, -22.48626 ], [ -51.26856, -22.49638 ], [ -51.27202, -22.499 ], [ -51.26937, -22.50275 ], [ -51.27233, -22.50546 ], [ -51.2697, -22.51911 ], [ -51.27222, -22.52364 ], [ -51.26945, -22.52857 ], [ -51.27338, -22.53288 ], [ -51.27202, -22.53984 ], [ -51.26933, -22.53873 ], [ -51.26699, -22.54201 ], [ -51.27369, -22.54476 ], [ -51.2698, -22.55021 ], [ -51.27314, -22.56019 ], [ -51.27614, -22.56175 ], [ -51.27402, -22.5639 ], [ -51.27772, -22.57305 ], [ -51.27574, -22.57753 ], [ -51.27968, -22.57875 ], [ -51.27581, -22.58242 ], [ -51.28029, -22.5847 ], [ -51.27872, -22.58856 ], [ -51.2837, -22.58836 ], [ -51.28207, -22.59415 ], [ -51.2859, -22.59896 ], [ -51.28434, -22.60036 ], [ -51.28762, -22.6086 ], [ -51.28472, -22.61179 ], [ -51.28778, -22.62158 ], [ -51.28644, -22.63228 ], [ -51.2841, -22.63369 ], [ -51.28462, -22.63924 ], [ -51.28034, -22.64172 ], [ -51.28467, -22.64434 ], [ -51.28623, -22.65198 ], [ -51.29049, -22.65217 ], [ -51.28792, -22.65854 ], [ -51.2919, -22.6634 ], [ -51.29256, -22.66118 ], [ -51.29332, -22.66298 ], [ -51.29527, -22.66186 ], [ -51.29507, -22.66841 ], [ -51.29818, -22.6692 ], [ -51.29795, -22.67283 ], [ -51.302, -22.67398 ], [ -51.31173, -22.67351 ], [ -51.36774, -22.65866 ], [ -51.38578, -22.66107 ], [ -51.39527, -22.66641 ], [ -51.40529, -22.66707 ], [ -51.42412, -22.65387 ], [ -51.44419, -22.65165 ], [ -51.45118, -22.65361 ], [ -51.4564, -22.6581 ], [ -51.46934, -22.67588 ], [ -51.49225, -22.68818 ], [ -51.51029, -22.69209 ], [ -51.52134, -22.68763 ], [ -51.53319, -22.68762 ], [ -51.55846, -22.69702 ] ] ] } },
{ "type": "Feature", "properties": { "rc": "RC 01.03", "uba": "Bragança Paulista", "regional": "DR 01", "regional_cgr": "CGR 01" }, "geometry": { "type": "Polygon", "coordinates": [ [ [ -46.41848, -23.31629 ], [ -46.42594, -23.30182 ], [ -46.42728, -23.29197 ], [ -46.43743, -23.28452 ], [ -46.43433, -23.2796 ], [ -46.43977, -23.27341 ], [ -46.44792, -23.27 ], [ -46.45404, -23.27308 ], [ -46.45941, -23.27031 ], [ -46.46187, -23.27241 ], [ -46.46066, -23.27804 ], [ -46.47084, -23.28263 ], [ -46.47277, -23.27662 ], [ -46.49185, -23.25522 ], [ -46.49992, -23.25276 ], [ -46.50309, -23.24791 ], [ -46.51422, -23.25014 ], [ -46.51541, -23.23747 ], [ -46.52383, -23.23805 ], [ -46.52903, -23.24152 ], [ -46.5396, -23.23974 ], [ -46.54625, -23.24135 ], [ -46.55354, -23.23622 ], [ -46.56363, -23.23652 ], [ -46.57532, -23.23252 ], [ -46.59374, -23.23652 ], [ -46.60412, -23.23514 ], [ -46.60529, -23.22844 ], [ -46.60995, -23.2258 ], [ -46.61553, -23.22753 ], [ -46.61763, -23.24029 ], [ -46.62199, -23.24239 ], [ -46.6232, -23.25707 ], [ -46.62643, -23.25618 ], [ -46.62986, -23.25908 ], [ -46.64426, -23.25534 ], [ -46.65239, -23.26044 ], [ -46.67092, -23.2563 ], [ -46.67567, -23.26168 ], [ -46.68335, -23.25715 ], [ -46.6937, -23.25909 ], [ -46.69818, -23.25653 ], [ -46.69805, -23.25341 ], [ -46.70407, -23.25193 ], [ -46.70394, -23.237 ], [ -46.71376, -23.23046 ], [ -46.71344, -23.22111 ], [ -46.71741, -23.2146 ], [ -46.70943, -23.20982 ], [ -46.71126, -23.20747 ], [ -46.70786, -23.2045 ], [ -46.70383, -23.20563 ], [ -46.70421, -23.20977 ], [ -46.70013, -23.20704 ], [ -46.69258, -23.20958 ], [ -46.68682, -23.20636 ], [ -46.67821, -23.21172 ], [ -46.67395, -23.21157 ], [ -46.67214, -23.21474 ], [ -46.66836, -23.21402 ], [ -46.6708, -23.21079 ], [ -46.66972, -23.20656 ], [ -46.65906, -23.19725 ], [ -46.66216, -23.19052 ], [ -46.65836, -23.1839 ], [ -46.65931, -23.17827 ], [ -46.65475, -23.1741 ], [ -46.65387, -23.16196 ], [ -46.65947, -23.15758 ], [ -46.66265, -23.15773 ], [ -46.66321, -23.15231 ], [ -46.66743, -23.14953 ], [ -46.67034, -23.14242 ], [ -46.67476, -23.12281 ], [ -46.67424, -23.11287 ], [ -46.67866, -23.10503 ], [ -46.67499, -23.09698 ], [ -46.67777, -23.09116 ], [ -46.6763, -23.08365 ], [ -46.68329, -23.07448 ], [ -46.68537, -23.06711 ], [ -46.68411, -23.05945 ], [ -46.68669, -23.05635 ], [ -46.67812, -23.04462 ], [ -46.67733, -23.03493 ], [ -46.68227, -23.02968 ], [ -46.68122, -23.02741 ], [ -46.68885, -23.02342 ], [ -46.69338, -23.01512 ], [ -46.69765, -23.01484 ], [ -46.69568, -23.01 ], [ -46.70213, -23.01025 ], [ -46.70128, -23.00593 ], [ -46.70405, -23.00295 ], [ -46.70123, -22.99997 ], [ -46.70555, -22.99141 ], [ -46.70546, -22.98413 ], [ -46.71175, -22.98356 ], [ -46.71616, -22.97668 ], [ -46.71573, -22.97249 ], [ -46.72073, -22.96792 ], [ -46.71252, -22.95811 ], [ -46.70316, -22.95949 ], [ -46.69801, -22.95768 ], [ -46.6865, -22.9413 ], [ -46.67042, -22.92911 ], [ -46.6748, -22.92681 ], [ -46.68081, -22.92982 ], [ -46.67968, -22.92187 ], [ -46.68424, -22.91551 ], [ -46.67963, -22.8981 ], [ -46.68224, -22.8884 ], [ -46.68076, -22.88561 ], [ -46.69219, -22.88536 ], [ -46.69033, -22.87941 ], [ -46.70355, -22.87825 ], [ -46.7052, -22.88238 ], [ -46.70269, -22.88842 ], [ -46.71244, -22.88381 ], [ -46.7161, -22.89212 ], [ -46.72114, -22.89418 ], [ -46.71847, -22.88654 ], [ -46.72369, -22.88436 ], [ -46.71822, -22.87782 ], [ -46.72553, -22.87639 ], [ -46.72259, -22.87066 ], [ -46.72396, -22.86632 ], [ -46.72704, -22.86513 ], [ -46.72604, -22.85728 ], [ -46.72881, -22.85278 ], [ -46.73112, -22.85159 ], [ -46.73139, -22.85441 ], [ -46.73475, -22.85402 ], [ -46.73138, -22.8581 ], [ -46.73403, -22.86054 ], [ -46.73308, -22.86264 ], [ -46.73766, -22.86407 ], [ -46.73877, -22.8623 ], [ -46.74419, -22.86301 ], [ -46.74355, -22.8572 ], [ -46.74886, -22.85804 ], [ -46.75373, -22.85589 ], [ -46.75476, -22.85884 ], [ -46.76016, -22.85792 ], [ -46.76034, -22.83635 ], [ -46.75173, -22.82077 ], [ -46.74016, -22.82374 ], [ -46.73766, -22.81894 ], [ -46.729, -22.81705 ], [ -46.72878, -22.80177 ], [ -46.72496, -22.79665 ], [ -46.72482, -22.78861 ], [ -46.72105, -22.78225 ], [ -46.71018, -22.78124 ], [ -46.70788, -22.77385 ], [ -46.70343, -22.76977 ], [ -46.69904, -22.76887 ], [ -46.69521, -22.77157 ], [ -46.68751, -22.76824 ], [ -46.67866, -22.76969 ], [ -46.67445, -22.7675 ], [ -46.66244, -22.76895 ], [ -46.65297, -22.76708 ], [ -46.6451, -22.75638 ], [ -46.63901, -22.75308 ], [ -46.62941, -22.75424 ], [ -46.62576, -22.75839 ], [ -46.61535, -22.75815 ], [ -46.61218, -22.75037 ], [ -46.61744, -22.73743 ], [ -46.61623, -22.73171 ], [ -46.6198, -22.73067 ], [ -46.62124, -22.7229 ], [ -46.62786, -22.71607 ], [ -46.62666, -22.71096 ], [ -46.62084, -22.70557 ], [ -46.61763, -22.69849 ], [ -46.62384, -22.68928 ], [ -46.62044, -22.68235 ], [ -46.63175, -22.67469 ], [ -46.63005, -22.66772 ], [ -46.62595, -22.66348 ], [ -46.62576, -22.65872 ], [ -46.62947, -22.65388 ], [ -46.61947, -22.6486 ], [ -46.61667, -22.63284 ], [ -46.6121, -22.63225 ], [ -46.60585, -22.63751 ], [ -46.60046, -22.63459 ], [ -46.6012, -22.63046 ], [ -46.60603, -22.62633 ], [ -46.60387, -22.62249 ], [ -46.60631, -22.61338 ], [ -46.60334, -22.61043 ], [ -46.60477, -22.60428 ], [ -46.61017, -22.60301 ], [ -46.60883, -22.58884 ], [ -46.61102, -22.58655 ], [ -46.60904, -22.58027 ], [ -46.60339, -22.57491 ], [ -46.60561, -22.57012 ], [ -46.60332, -22.56353 ], [ -46.61038, -22.54969 ], [ -46.61396, -22.5487 ], [ -46.61484, -22.54344 ], [ -46.61014, -22.53924 ], [ -46.61108, -22.53268 ], [ -46.60746, -22.52867 ], [ -46.60697, -22.52407 ], [ -46.5989, -22.51517 ], [ -46.58771, -22.5133 ], [ -46.58371, -22.51586 ], [ -46.5799, -22.51146 ], [ -46.57961, -22.50733 ], [ -46.58612, -22.49745 ], [ -46.58484, -22.49302 ], [ -46.58867, -22.48898 ], [ -46.57049, -22.48529 ], [ -46.56496, -22.48701 ], [ -46.56233, -22.48409 ], [ -46.5659, -22.48233 ], [ -46.56611, -22.47816 ], [ -46.55993, -22.47687 ], [ -46.55791, -22.47222 ], [ -46.55228, -22.46891 ], [ -46.54088, -22.46805 ], [ -46.5372, -22.47104 ], [ -46.53032, -22.46959 ], [ -46.53681, -22.48825 ], [ -46.54185, -22.49411 ], [ -46.50673, -22.50724 ], [ -46.50867, -22.51433 ], [ -46.50342, -22.5172 ], [ -46.49095, -22.51047 ], [ -46.48904, -22.516 ], [ -46.48466, -22.51917 ], [ -46.47992, -22.5188 ], [ -46.4762, -22.52135 ], [ -46.46623, -22.51877 ], [ -46.46385, -22.52336 ], [ -46.45446, -22.52164 ], [ -46.44939, -22.53071 ], [ -46.43922, -22.53585 ], [ -46.43932, -22.54095 ], [ -46.42917, -22.54396 ], [ -46.42591, -22.54791 ], [ -46.41832, -22.54812 ], [ -46.41743, -22.5422 ], [ -46.41209, -22.53699 ], [ -46.40624, -22.5415 ], [ -46.41334, -22.557 ], [ -46.4271, -22.56608 ], [ -46.43381, -22.57428 ], [ -46.42864, -22.58399 ], [ -46.41984, -22.58296 ], [ -46.41251, -22.58587 ], [ -46.41246, -22.58816 ], [ -46.41929, -22.59205 ], [ -46.42434, -22.59935 ], [ -46.42081, -22.59872 ], [ -46.40424, -22.62186 ], [ -46.40782, -22.62399 ], [ -46.42211, -22.62469 ], [ -46.42436, -22.63437 ], [ -46.41632, -22.63996 ], [ -46.4071, -22.64049 ], [ -46.39684, -22.64539 ], [ -46.39195, -22.65397 ], [ -46.39444, -22.65875 ], [ -46.39313, -22.66291 ], [ -46.40525, -22.67252 ], [ -46.40841, -22.66921 ], [ -46.40511, -22.66319 ], [ -46.41282, -22.65926 ], [ -46.41761, -22.6649 ], [ -46.42248, -22.66483 ], [ -46.4276, -22.66116 ], [ -46.44085, -22.66837 ], [ -46.44752, -22.66788 ], [ -46.45776, -22.67141 ], [ -46.4609, -22.67621 ], [ -46.47015, -22.67301 ], [ -46.48053, -22.67794 ], [ -46.47849, -22.68571 ], [ -46.4699, -22.69436 ], [ -46.47924, -22.69841 ], [ -46.47165, -22.70596 ], [ -46.46783, -22.70126 ], [ -46.46289, -22.70678 ], [ -46.45704, -22.70721 ], [ -46.45566, -22.7237 ], [ -46.4524, -22.72763 ], [ -46.43964, -22.72664 ], [ -46.43365, -22.73341 ], [ -46.42513, -22.73588 ], [ -46.42, -22.73276 ], [ -46.4143, -22.73449 ], [ -46.41309, -22.73828 ], [ -46.40669, -22.74077 ], [ -46.40461, -22.7391 ], [ -46.39373, -22.74396 ], [ -46.38628, -22.73983 ], [ -46.37959, -22.74576 ], [ -46.37201, -22.74704 ], [ -46.35982, -22.76187 ], [ -46.35427, -22.75763 ], [ -46.34563, -22.76069 ], [ -46.33414, -22.76099 ], [ -46.33307, -22.76691 ], [ -46.34171, -22.76935 ], [ -46.34064, -22.77416 ], [ -46.34424, -22.778 ], [ -46.34826, -22.7781 ], [ -46.35135, -22.7845 ], [ -46.36217, -22.78906 ], [ -46.362, -22.79284 ], [ -46.37784, -22.82789 ], [ -46.37345, -22.83037 ], [ -46.37089, -22.83606 ], [ -46.37463, -22.84422 ], [ -46.37214, -22.85809 ], [ -46.37341, -22.86225 ], [ -46.38065, -22.86398 ], [ -46.38427, -22.87016 ], [ -46.37554, -22.87069 ], [ -46.37819, -22.87888 ], [ -46.37247, -22.87938 ], [ -46.37231, -22.88353 ], [ -46.36788, -22.8861 ], [ -46.36389, -22.89415 ], [ -46.35621, -22.90051 ], [ -46.34911, -22.89946 ], [ -46.34436, -22.90461 ], [ -46.33751, -22.89675 ], [ -46.3145, -22.88674 ], [ -46.31167, -22.89054 ], [ -46.30467, -22.89152 ], [ -46.30273, -22.89519 ], [ -46.29612, -22.89803 ], [ -46.29092, -22.89453 ], [ -46.28794, -22.88806 ], [ -46.28022, -22.88408 ], [ -46.27889, -22.87879 ], [ -46.26678, -22.87575 ], [ -46.26273, -22.8778 ], [ -46.25785, -22.891 ], [ -46.24711, -22.88899 ], [ -46.24108, -22.89063 ], [ -46.23778, -22.89444 ], [ -46.23295, -22.88136 ], [ -46.21319, -22.87668 ], [ -46.20241, -22.87058 ], [ -46.19957, -22.87149 ], [ -46.19135, -22.86459 ], [ -46.18539, -22.86945 ], [ -46.18018, -22.86651 ], [ -46.15544, -22.86419 ], [ -46.14523, -22.85752 ], [ -46.14069, -22.86826 ], [ -46.14302, -22.88139 ], [ -46.13745, -22.88496 ], [ -46.13639, -22.89107 ], [ -46.14318, -22.90326 ], [ -46.14586, -22.90356 ], [ -46.14936, -22.91028 ], [ -46.15329, -22.91058 ], [ -46.15409, -22.91267 ], [ -46.14075, -22.92202 ], [ -46.13773, -22.92202 ], [ -46.12344, -22.90956 ], [ -46.10755, -22.90552 ], [ -46.10607, -22.90235 ], [ -46.1016, -22.90178 ], [ -46.09462, -22.89517 ], [ -46.08999, -22.89575 ], [ -46.07881, -22.89125 ], [ -46.07406, -22.89179 ], [ -46.07283, -22.89445 ], [ -46.06402, -22.89155 ], [ -46.05932, -22.89547 ], [ -46.0507, -22.89695 ], [ -46.0507, -22.9023 ], [ -46.04452, -22.90507 ], [ -46.04391, -22.91135 ], [ -46.04108, -22.91431 ], [ -46.04258, -22.92636 ], [ -46.04866, -22.93277 ], [ -46.05326, -22.94995 ], [ -46.04912, -22.95489 ], [ -46.05158, -22.95895 ], [ -46.05199, -22.96826 ], [ -46.05705, -22.97303 ], [ -46.06366, -22.97454 ], [ -46.06724, -22.98017 ], [ -46.07772, -22.97725 ], [ -46.08148, -22.98508 ], [ -46.08659, -22.98498 ], [ -46.08972, -22.9933 ], [ -46.09443, -22.99721 ], [ -46.12519, -23.00896 ], [ -46.13397, -23.02622 ], [ -46.14201, -23.02848 ], [ -46.1405, -23.03881 ], [ -46.14429, -23.0393 ], [ -46.14385, -23.04225 ], [ -46.15105, -23.04449 ], [ -46.15489, -23.04933 ], [ -46.15897, -23.0499 ], [ -46.15889, -23.0615 ], [ -46.16232, -23.06313 ], [ -46.16147, -23.06609 ], [ -46.17042, -23.0716 ], [ -46.17355, -23.0708 ], [ -46.17503, -23.07584 ], [ -46.18036, -23.07937 ], [ -46.19483, -23.0779 ], [ -46.2049, -23.0844 ], [ -46.20524, -23.09303 ], [ -46.21051, -23.10457 ], [ -46.20889, -23.10665 ], [ -46.21509, -23.1084 ], [ -46.21428, -23.11439 ], [ -46.21823, -23.11723 ], [ -46.21835, -23.12352 ], [ -46.22151, -23.12294 ], [ -46.22576, -23.12619 ], [ -46.22582, -23.13656 ], [ -46.23509, -23.13504 ], [ -46.24748, -23.15487 ], [ -46.25361, -23.15616 ], [ -46.25713, -23.15967 ], [ -46.25751, -23.16727 ], [ -46.25549, -23.16958 ], [ -46.26153, -23.17398 ], [ -46.25965, -23.17999 ], [ -46.26355, -23.18357 ], [ -46.26312, -23.18799 ], [ -46.26876, -23.19044 ], [ -46.27584, -23.18491 ], [ -46.28244, -23.18346 ], [ -46.28604, -23.19095 ], [ -46.29696, -23.19698 ], [ -46.30776, -23.19801 ], [ -46.3077, -23.20311 ], [ -46.31002, -23.20472 ], [ -46.30557, -23.21298 ], [ -46.31153, -23.2274 ], [ -46.32669, -23.24076 ], [ -46.32968, -23.24632 ], [ -46.33719, -23.25061 ], [ -46.34809, -23.25262 ], [ -46.35384, -23.26494 ], [ -46.3598, -23.26776 ], [ -46.3569, -23.27254 ], [ -46.38151, -23.27805 ], [ -46.38745, -23.2869 ], [ -46.39627, -23.28579 ], [ -46.4, -23.28875 ], [ -46.40276, -23.29909 ], [ -46.41202, -23.30164 ], [ -46.41052, -23.30576 ], [ -46.41848, -23.31629 ] ] ] } },
{ "type": "Feature", "properties": { "rc": "RC 06.04", "uba": "Caraguatatuba", "regional": "DR 06", "regional_cgr": "CGR 06" }, "geometry": { "type": "MultiPolygon", "coordinates": [ [ [ [ -45.5028, -23.8422 ], [ -45.50971, -23.84028 ], [ -45.51474, -23.84162 ], [ -45.51089, -23.83611 ], [ -45.51286, -23.83171 ], [ -45.5202, -23.83114 ], [ -45.52255, -23.83331 ], [ -45.52333, -23.82921 ], [ -45.53678, -23.83087 ], [ -45.53991, -23.82884 ], [ -45.53331, -23.82334 ], [ -45.53411, -23.81884 ], [ -45.54416, -23.80912 ], [ -45.55466, -23.80983 ], [ -45.55253, -23.80279 ], [ -45.55645, -23.8008 ], [ -45.55426, -23.79675 ], [ -45.55551, -23.79447 ], [ -45.55943, -23.79275 ], [ -45.58406, -23.79227 ], [ -45.59645, -23.79833 ], [ -45.61381, -23.799 ], [ -45.61662, -23.80018 ], [ -45.61748, -23.80383 ], [ -45.6228, -23.80473 ], [ -45.62631, -23.79993 ], [ -45.62413, -23.79588 ], [ -45.62453, -23.79148 ], [ -45.62721, -23.79044 ], [ -45.62535, -23.78699 ], [ -45.63288, -23.78356 ], [ -45.64187, -23.78465 ], [ -45.64122, -23.77912 ], [ -45.64337, -23.77777 ], [ -45.64726, -23.77999 ], [ -45.65717, -23.77943 ], [ -45.66597, -23.78595 ], [ -45.66422, -23.77933 ], [ -45.67314, -23.77502 ], [ -45.68366, -23.77611 ], [ -45.69374, -23.78294 ], [ -45.69644, -23.78091 ], [ -45.69506, -23.775 ], [ -45.69892, -23.77324 ], [ -45.70319, -23.7746 ], [ -45.70921, -23.77097 ], [ -45.71749, -23.77481 ], [ -45.73243, -23.76873 ], [ -45.74992, -23.76793 ], [ -45.75697, -23.77067 ], [ -45.76231, -23.76765 ], [ -45.76191, -23.76406 ], [ -45.76776, -23.7628 ], [ -45.80359, -23.76998 ], [ -45.80182, -23.76293 ], [ -45.80601, -23.75967 ], [ -45.82026, -23.75716 ], [ -45.8422, -23.75795 ], [ -45.7949, -23.71566 ], [ -45.79962, -23.69317 ], [ -45.79608, -23.68294 ], [ -45.79141, -23.6831 ], [ -45.78644, -23.67837 ], [ -45.78447, -23.68158 ], [ -45.77768, -23.68303 ], [ -45.76929, -23.67854 ], [ -45.76353, -23.67071 ], [ -45.75318, -23.67128 ], [ -45.74155, -23.66826 ], [ -45.73362, -23.65608 ], [ -45.72863, -23.65597 ], [ -45.71413, -23.64283 ], [ -45.7108, -23.64185 ], [ -45.71041, -23.64484 ], [ -45.70793, -23.64494 ], [ -45.70249, -23.63677 ], [ -45.69824, -23.63847 ], [ -45.69195, -23.63697 ], [ -45.67972, -23.6272 ], [ -45.6748, -23.63087 ], [ -45.66955, -23.62911 ], [ -45.67104, -23.6247 ], [ -45.66788, -23.61967 ], [ -45.65555, -23.62635 ], [ -45.65397, -23.62274 ], [ -45.64952, -23.62394 ], [ -45.64389, -23.62116 ], [ -45.63669, -23.62117 ], [ -45.63618, -23.62466 ], [ -45.62185, -23.62915 ], [ -45.62673, -23.64168 ], [ -45.63326, -23.64644 ], [ -45.63012, -23.64966 ], [ -45.63145, -23.65677 ], [ -45.61791, -23.65149 ], [ -45.60263, -23.65475 ], [ -45.59383, -23.65051 ], [ -45.58807, -23.64455 ], [ -45.58087, -23.64499 ], [ -45.5782, -23.63977 ], [ -45.57098, -23.63822 ], [ -45.56936, -23.63108 ], [ -45.5605, -23.62403 ], [ -45.55882, -23.61818 ], [ -45.55325, -23.61382 ], [ -45.55201, -23.60689 ], [ -45.54477, -23.59824 ], [ -45.53961, -23.5962 ], [ -45.53773, -23.5996 ], [ -45.53459, -23.59821 ], [ -45.53076, -23.60147 ], [ -45.5262, -23.60106 ], [ -45.52391, -23.60459 ], [ -45.52239, -23.6006 ], [ -45.51995, -23.60256 ], [ -45.51167, -23.593 ], [ -45.50313, -23.58779 ], [ -45.5014, -23.58171 ], [ -45.49338, -23.57885 ], [ -45.49212, -23.57503 ], [ -45.48752, -23.57206 ], [ -45.48324, -23.57538 ], [ -45.47679, -23.5724 ], [ -45.47463, -23.57982 ], [ -45.47061, -23.58176 ], [ -45.46081, -23.57745 ], [ -45.45464, -23.57739 ], [ -45.45055, -23.57182 ], [ -45.4514, -23.56941 ], [ -45.44539, -23.56801 ], [ -45.44609, -23.55964 ], [ -45.44289, -23.55511 ], [ -45.43005, -23.55237 ], [ -45.42466, -23.54782 ], [ -45.42125, -23.55705 ], [ -45.41805, -23.5568 ], [ -45.41488, -23.55987 ], [ -45.40945, -23.55703 ], [ -45.38343, -23.55465 ], [ -45.37832, -23.55082 ], [ -45.37816, -23.54792 ], [ -45.37229, -23.54767 ], [ -45.36998, -23.54135 ], [ -45.36671, -23.54129 ], [ -45.36406, -23.54428 ], [ -45.36188, -23.54117 ], [ -45.35608, -23.53984 ], [ -45.35032, -23.54755 ], [ -45.34329, -23.54739 ], [ -45.34179, -23.53777 ], [ -45.33351, -23.53085 ], [ -45.32796, -23.53106 ], [ -45.32392, -23.52781 ], [ -45.32226, -23.52198 ], [ -45.31852, -23.52061 ], [ -45.3173, -23.50615 ], [ -45.3091, -23.50463 ], [ -45.31101, -23.50156 ], [ -45.30879, -23.49672 ], [ -45.29223, -23.48869 ], [ -45.28909, -23.48502 ], [ -45.26807, -23.48255 ], [ -45.26117, -23.47701 ], [ -45.25359, -23.4747 ], [ -45.24177, -23.46446 ], [ -45.23455, -23.46283 ], [ -45.22175, -23.45529 ], [ -45.20219, -23.45235 ], [ -45.17619, -23.43995 ], [ -45.17435, -23.43161 ], [ -45.17709, -23.42936 ], [ -45.17619, -23.4262 ], [ -45.17949, -23.42491 ], [ -45.17281, -23.41394 ], [ -45.16591, -23.41046 ], [ -45.16923, -23.40464 ], [ -45.16756, -23.39798 ], [ -45.17497, -23.39526 ], [ -45.17069, -23.39092 ], [ -45.1644, -23.39207 ], [ -45.16384, -23.38852 ], [ -45.15924, -23.38718 ], [ -45.15657, -23.38301 ], [ -45.15055, -23.38246 ], [ -45.14335, -23.37188 ], [ -45.14472, -23.36617 ], [ -45.14042, -23.36398 ], [ -45.14041, -23.36067 ], [ -45.13619, -23.36085 ], [ -45.13634, -23.36368 ], [ -45.13382, -23.36412 ], [ -45.11787, -23.35475 ], [ -45.09848, -23.36003 ], [ -45.09313, -23.3521 ], [ -45.08202, -23.35021 ], [ -45.07847, -23.34426 ], [ -45.07235, -23.34942 ], [ -45.06809, -23.34812 ], [ -45.06783, -23.34254 ], [ -45.0736, -23.33363 ], [ -45.07727, -23.33207 ], [ -45.07764, -23.32626 ], [ -45.0712, -23.32454 ], [ -45.06938, -23.32012 ], [ -45.0743, -23.31047 ], [ -45.07425, -23.30403 ], [ -45.06777, -23.30025 ], [ -45.06799, -23.30505 ], [ -45.06486, -23.30487 ], [ -45.05676, -23.31262 ], [ -45.04776, -23.30981 ], [ -45.0449, -23.31598 ], [ -45.04223, -23.31266 ], [ -45.03399, -23.31479 ], [ -45.0206, -23.30733 ], [ -45.01655, -23.30881 ], [ -45.01003, -23.30575 ], [ -45.00867, -23.30165 ], [ -45.01364, -23.29087 ], [ -45.00795, -23.28602 ], [ -45.01135, -23.28726 ], [ -45.01006, -23.28372 ], [ -45.01462, -23.27917 ], [ -45.01751, -23.26909 ], [ -45.00337, -23.25379 ], [ -44.99461, -23.25093 ], [ -44.99491, -23.23915 ], [ -44.98721, -23.23658 ], [ -44.98325, -23.22883 ], [ -44.9703, -23.2331 ], [ -44.96655, -23.24448 ], [ -44.95913, -23.24392 ], [ -44.95647, -23.24064 ], [ -44.95685, -23.23548 ], [ -44.9437, -23.22945 ], [ -44.93834, -23.21685 ], [ -44.93375, -23.21463 ], [ -44.93194, -23.20946 ], [ -44.91791, -23.20358 ], [ -44.91588, -23.19812 ], [ -44.9111, -23.20328 ], [ -44.90302, -23.20167 ], [ -44.89274, -23.21102 ], [ -44.88322, -23.20329 ], [ -44.88361, -23.21222 ], [ -44.88108, -23.21645 ], [ -44.88933, -23.22413 ], [ -44.88571, -23.23281 ], [ -44.87684, -23.23275 ], [ -44.87855, -23.2416 ], [ -44.8755, -23.24898 ], [ -44.8518, -23.24892 ], [ -44.84239, -23.25607 ], [ -44.83657, -23.25558 ], [ -44.84087, -23.26301 ], [ -44.83042, -23.26879 ], [ -44.82708, -23.28007 ], [ -44.82416, -23.28077 ], [ -44.82703, -23.2911 ], [ -44.81811, -23.28951 ], [ -44.80699, -23.28258 ], [ -44.80754, -23.28605 ], [ -44.80448, -23.29048 ], [ -44.78638, -23.29938 ], [ -44.7883, -23.3059 ], [ -44.78026, -23.31494 ], [ -44.7791, -23.32111 ], [ -44.78185, -23.32627 ], [ -44.77631, -23.33268 ], [ -44.77815, -23.33848 ], [ -44.77099, -23.3389 ], [ -44.76507, -23.34235 ], [ -44.76006, -23.34166 ], [ -44.75687, -23.35113 ], [ -44.75108, -23.35294 ], [ -44.75025, -23.35966 ], [ -44.74326, -23.3584 ], [ -44.73581, -23.3659 ], [ -44.72769, -23.36923 ], [ -44.72373, -23.36793 ], [ -44.72805, -23.37081 ], [ -44.7421, -23.36668 ], [ -44.75074, -23.36678 ], [ -44.78465, -23.37882 ], [ -44.78324, -23.3749 ], [ -44.78578, -23.37055 ], [ -44.7888, -23.37242 ], [ -44.79124, -23.36967 ], [ -44.79705, -23.37051 ], [ -44.80058, -23.37239 ], [ -44.80024, -23.37625 ], [ -44.80658, -23.38016 ], [ -44.82666, -23.38462 ], [ -44.82812, -23.38856 ], [ -44.83331, -23.38575 ], [ -44.84147, -23.38913 ], [ -44.84524, -23.38752 ], [ -44.84495, -23.38395 ], [ -44.83954, -23.37932 ], [ -44.84084, -23.37554 ], [ -44.83825, -23.37154 ], [ -44.84557, -23.36453 ], [ -44.85205, -23.36202 ], [ -44.86499, -23.35849 ], [ -44.87106, -23.3592 ], [ -44.87526, -23.36486 ], [ -44.88347, -23.36467 ], [ -44.88571, -23.37046 ], [ -44.89167, -23.3727 ], [ -44.89263, -23.3699 ], [ -44.88821, -23.3652 ], [ -44.8914, -23.35937 ], [ -44.88331, -23.35159 ], [ -44.88384, -23.34584 ], [ -44.88739, -23.34053 ], [ -44.8936, -23.33688 ], [ -44.90834, -23.33377 ], [ -44.91241, -23.33733 ], [ -44.91125, -23.33948 ], [ -44.9149, -23.34496 ], [ -44.92144, -23.35103 ], [ -44.94179, -23.35718 ], [ -44.94839, -23.36436 ], [ -44.94943, -23.37836 ], [ -44.96065, -23.38044 ], [ -44.96303, -23.38654 ], [ -44.97195, -23.39011 ], [ -44.9706, -23.39383 ], [ -44.9769, -23.40031 ], [ -44.98115, -23.40109 ], [ -44.98279, -23.39719 ], [ -44.98983, -23.39931 ], [ -44.99339, -23.39763 ], [ -45.00853, -23.40646 ], [ -45.00941, -23.41293 ], [ -45.0127, -23.41327 ], [ -45.01196, -23.41607 ], [ -45.01495, -23.41896 ], [ -45.0229, -23.41877 ], [ -45.02385, -23.41393 ], [ -45.03225, -23.41398 ], [ -45.04454, -23.42616 ], [ -45.04811, -23.42577 ], [ -45.04547, -23.42105 ], [ -45.05085, -23.41715 ], [ -45.05734, -23.4174 ], [ -45.06246, -23.42124 ], [ -45.06464, -23.42732 ], [ -45.0596, -23.43022 ], [ -45.06868, -23.43288 ], [ -45.06941, -23.4385 ], [ -45.0669, -23.44805 ], [ -45.0599, -23.45688 ], [ -45.05551, -23.45926 ], [ -45.04476, -23.44969 ], [ -45.03791, -23.44816 ], [ -45.03598, -23.44918 ], [ -45.03504, -23.45973 ], [ -45.01844, -23.46113 ], [ -45.03107, -23.46309 ], [ -45.03242, -23.46555 ], [ -45.04485, -23.46153 ], [ -45.05246, -23.46874 ], [ -45.05596, -23.46529 ], [ -45.05858, -23.46868 ], [ -45.06311, -23.46831 ], [ -45.07003, -23.47745 ], [ -45.07431, -23.48814 ], [ -45.07262, -23.49346 ], [ -45.06734, -23.49338 ], [ -45.08036, -23.50908 ], [ -45.08176, -23.52149 ], [ -45.08428, -23.52028 ], [ -45.08619, -23.51326 ], [ -45.08377, -23.49773 ], [ -45.08568, -23.49471 ], [ -45.09834, -23.49267 ], [ -45.10495, -23.49827 ], [ -45.1036, -23.49026 ], [ -45.10696, -23.48898 ], [ -45.11178, -23.49635 ], [ -45.12364, -23.50154 ], [ -45.12289, -23.50519 ], [ -45.1077, -23.50796 ], [ -45.11057, -23.51265 ], [ -45.10681, -23.51462 ], [ -45.10865, -23.51675 ], [ -45.10576, -23.52409 ], [ -45.11293, -23.52653 ], [ -45.11326, -23.51995 ], [ -45.12129, -23.52133 ], [ -45.12193, -23.51638 ], [ -45.12729, -23.51516 ], [ -45.13325, -23.5094 ], [ -45.13832, -23.51187 ], [ -45.13885, -23.50904 ], [ -45.135, -23.50591 ], [ -45.13872, -23.50114 ], [ -45.14598, -23.50178 ], [ -45.14429, -23.49966 ], [ -45.14692, -23.49693 ], [ -45.1544, -23.49967 ], [ -45.15609, -23.49743 ], [ -45.15956, -23.50016 ], [ -45.16307, -23.49891 ], [ -45.16553, -23.49463 ], [ -45.16428, -23.49134 ], [ -45.16178, -23.49117 ], [ -45.16522, -23.48879 ], [ -45.16527, -23.49177 ], [ -45.17227, -23.49382 ], [ -45.17543, -23.49938 ], [ -45.17124, -23.50277 ], [ -45.17334, -23.50452 ], [ -45.17236, -23.51214 ], [ -45.16657, -23.51248 ], [ -45.16642, -23.51556 ], [ -45.16274, -23.51703 ], [ -45.16642, -23.52125 ], [ -45.16604, -23.52936 ], [ -45.16235, -23.53176 ], [ -45.15781, -23.52949 ], [ -45.15975, -23.53339 ], [ -45.15786, -23.5353 ], [ -45.162, -23.54195 ], [ -45.16974, -23.53931 ], [ -45.17454, -23.54294 ], [ -45.17833, -23.53786 ], [ -45.18589, -23.5411 ], [ -45.18654, -23.53653 ], [ -45.19, -23.53333 ], [ -45.18718, -23.52812 ], [ -45.19519, -23.51994 ], [ -45.21144, -23.52414 ], [ -45.2216, -23.53019 ], [ -45.22801, -23.53773 ], [ -45.23054, -23.55013 ], [ -45.22308, -23.55152 ], [ -45.2192, -23.55722 ], [ -45.21468, -23.55605 ], [ -45.21829, -23.55848 ], [ -45.21834, -23.56215 ], [ -45.21494, -23.56527 ], [ -45.20976, -23.56477 ], [ -45.21532, -23.56859 ], [ -45.21028, -23.57087 ], [ -45.20974, -23.57746 ], [ -45.20759, -23.57849 ], [ -45.21085, -23.58288 ], [ -45.21612, -23.58068 ], [ -45.22864, -23.58432 ], [ -45.22908, -23.58171 ], [ -45.23486, -23.58277 ], [ -45.24452, -23.5938 ], [ -45.25012, -23.59252 ], [ -45.2536, -23.59488 ], [ -45.25274, -23.59214 ], [ -45.25729, -23.58987 ], [ -45.26369, -23.5974 ], [ -45.26178, -23.59252 ], [ -45.26411, -23.58935 ], [ -45.26853, -23.58782 ], [ -45.27125, -23.58937 ], [ -45.27273, -23.58676 ], [ -45.27892, -23.58853 ], [ -45.28062, -23.58444 ], [ -45.27784, -23.58284 ], [ -45.27733, -23.57733 ], [ -45.27904, -23.57481 ], [ -45.28538, -23.57271 ], [ -45.2935, -23.57517 ], [ -45.29468, -23.5723 ], [ -45.29805, -23.57185 ], [ -45.30621, -23.57645 ], [ -45.31241, -23.57528 ], [ -45.32759, -23.58402 ], [ -45.344, -23.60106 ], [ -45.35764, -23.62408 ], [ -45.36509, -23.62599 ], [ -45.3693, -23.63004 ], [ -45.37745, -23.62365 ], [ -45.3882, -23.63451 ], [ -45.39058, -23.63091 ], [ -45.39711, -23.62925 ], [ -45.40041, -23.62259 ], [ -45.40854, -23.62434 ], [ -45.41787, -23.63462 ], [ -45.43058, -23.65591 ], [ -45.43218, -23.68247 ], [ -45.42068, -23.72593 ], [ -45.41602, -23.72636 ], [ -45.41295, -23.72309 ], [ -45.4066, -23.72584 ], [ -45.39733, -23.72328 ], [ -45.39699, -23.72727 ], [ -45.39971, -23.72852 ], [ -45.39768, -23.73186 ], [ -45.39861, -23.73669 ], [ -45.40743, -23.74437 ], [ -45.4121, -23.75304 ], [ -45.39685, -23.78012 ], [ -45.39935, -23.79519 ], [ -45.39696, -23.79884 ], [ -45.39977, -23.80855 ], [ -45.3964, -23.81037 ], [ -45.40423, -23.80758 ], [ -45.40854, -23.8131 ], [ -45.40532, -23.82049 ], [ -45.4105, -23.8211 ], [ -45.41173, -23.82456 ], [ -45.41569, -23.82258 ], [ -45.41892, -23.82385 ], [ -45.42154, -23.82529 ], [ -45.42104, -23.82796 ], [ -45.43202, -23.83276 ], [ -45.43171, -23.82928 ], [ -45.44045, -23.8263 ], [ -45.44615, -23.83263 ], [ -45.44708, -23.82702 ], [ -45.46778, -23.81898 ], [ -45.46888, -23.82231 ], [ -45.47315, -23.82516 ], [ -45.47475, -23.8239 ], [ -45.47821, -23.82798 ], [ -45.49003, -23.82989 ], [ -45.49138, -23.83722 ], [ -45.49984, -23.83846 ], [ -45.5028, -23.8422 ] ] ], [ [ [ -45.32711, -23.72178 ], [ -45.31798, -23.72288 ], [ -45.30776, -23.73109 ], [ -45.29992, -23.73105 ], [ -45.29687, -23.73392 ], [ -45.29306, -23.73284 ], [ -45.29085, -23.73684 ], [ -45.28353, -23.73446 ], [ -45.27558, -23.73503 ], [ -45.27329, -23.73881 ], [ -45.26726, -23.74021 ], [ -45.26598, -23.74372 ], [ -45.26199, -23.74223 ], [ -45.26135, -23.74541 ], [ -45.25539, -23.75009 ], [ -45.25937, -23.75777 ], [ -45.25711, -23.76241 ], [ -45.24815, -23.76385 ], [ -45.24512, -23.76168 ], [ -45.23533, -23.77159 ], [ -45.23397, -23.77687 ], [ -45.22955, -23.77679 ], [ -45.2346, -23.78284 ], [ -45.2323, -23.78612 ], [ -45.23716, -23.79557 ], [ -45.23526, -23.79734 ], [ -45.23659, -23.80254 ], [ -45.24243, -23.80892 ], [ -45.24127, -23.81254 ], [ -45.23737, -23.81124 ], [ -45.23899, -23.81925 ], [ -45.24872, -23.82529 ], [ -45.2443, -23.82807 ], [ -45.24468, -23.83233 ], [ -45.23843, -23.83182 ], [ -45.24437, -23.83706 ], [ -45.24193, -23.83916 ], [ -45.23365, -23.83625 ], [ -45.22742, -23.8382 ], [ -45.23692, -23.84379 ], [ -45.24528, -23.83872 ], [ -45.25576, -23.83694 ], [ -45.27202, -23.83858 ], [ -45.2805, -23.84439 ], [ -45.28199, -23.85037 ], [ -45.28443, -23.84927 ], [ -45.28625, -23.85126 ], [ -45.28816, -23.85886 ], [ -45.28552, -23.86347 ], [ -45.29057, -23.86638 ], [ -45.2887, -23.87321 ], [ -45.27286, -23.8732 ], [ -45.26999, -23.87498 ], [ -45.26947, -23.87994 ], [ -45.27273, -23.87986 ], [ -45.27788, -23.88408 ], [ -45.27468, -23.88579 ], [ -45.27328, -23.89194 ], [ -45.26215, -23.89208 ], [ -45.24872, -23.90243 ], [ -45.24499, -23.89993 ], [ -45.24615, -23.89487 ], [ -45.24197, -23.89206 ], [ -45.23534, -23.90003 ], [ -45.2299, -23.8978 ], [ -45.22429, -23.90288 ], [ -45.22807, -23.90741 ], [ -45.23588, -23.90585 ], [ -45.23871, -23.91086 ], [ -45.23616, -23.91842 ], [ -45.23836, -23.92408 ], [ -45.23276, -23.92946 ], [ -45.23721, -23.93385 ], [ -45.23509, -23.93605 ], [ -45.23638, -23.94202 ], [ -45.22731, -23.94165 ], [ -45.23541, -23.94876 ], [ -45.23873, -23.9591 ], [ -45.25185, -23.9663 ], [ -45.26824, -23.9638 ], [ -45.26867, -23.96076 ], [ -45.27923, -23.95217 ], [ -45.28116, -23.94596 ], [ -45.28688, -23.93997 ], [ -45.2821, -23.93533 ], [ -45.2802, -23.92749 ], [ -45.28494, -23.91995 ], [ -45.28838, -23.91858 ], [ -45.29153, -23.91009 ], [ -45.30061, -23.91538 ], [ -45.3027, -23.91514 ], [ -45.30379, -23.90777 ], [ -45.30926, -23.91237 ], [ -45.32038, -23.91608 ], [ -45.3257, -23.91204 ], [ -45.33861, -23.92041 ], [ -45.34011, -23.92504 ], [ -45.34471, -23.92337 ], [ -45.34375, -23.91964 ], [ -45.34801, -23.91697 ], [ -45.35676, -23.92749 ], [ -45.36385, -23.93038 ], [ -45.3805, -23.93015 ], [ -45.39982, -23.93317 ], [ -45.40728, -23.93875 ], [ -45.42243, -23.93849 ], [ -45.42788, -23.94147 ], [ -45.428, -23.93933 ], [ -45.43213, -23.9396 ], [ -45.43495, -23.93649 ], [ -45.44451, -23.93404 ], [ -45.44746, -23.92792 ], [ -45.45067, -23.92668 ], [ -45.45143, -23.92241 ], [ -45.45609, -23.92029 ], [ -45.45608, -23.91763 ], [ -45.46052, -23.91419 ], [ -45.45888, -23.9054 ], [ -45.46205, -23.88788 ], [ -45.45745, -23.88413 ], [ -45.45185, -23.88431 ], [ -45.44105, -23.87126 ], [ -45.43445, -23.86942 ], [ -45.43023, -23.85987 ], [ -45.41722, -23.85875 ], [ -45.41338, -23.84759 ], [ -45.40304, -23.84236 ], [ -45.37834, -23.81958 ], [ -45.37301, -23.81895 ], [ -45.36609, -23.80997 ], [ -45.36312, -23.7867 ], [ -45.35847, -23.78493 ], [ -45.35866, -23.7763 ], [ -45.35294, -23.77312 ], [ -45.35228, -23.76782 ], [ -45.34923, -23.765 ], [ -45.35134, -23.758 ], [ -45.34812, -23.7479 ], [ -45.34916, -23.7418 ], [ -45.34316, -23.73584 ], [ -45.3412, -23.72723 ], [ -45.33299, -23.72192 ], [ -45.32711, -23.72178 ] ] ], [ [ [ -45.15696, -23.55956 ], [ -45.15035, -23.56659 ], [ -45.14675, -23.56715 ], [ -45.14559, -23.57119 ], [ -45.15198, -23.56829 ], [ -45.15751, -23.57325 ], [ -45.15877, -23.57044 ], [ -45.16256, -23.5701 ], [ -45.16384, -23.56715 ], [ -45.15696, -23.55956 ] ] ], [ [ [ -45.21672, -23.5507 ], [ -45.2181, -23.55092 ], [ -45.21924, -23.55065 ], [ -45.21583, -23.54861 ], [ -45.21672, -23.5507 ] ] ], [ [ [ -45.21208, -23.53163 ], [ -45.21054, -23.53344 ], [ -45.21448, -23.53223 ], [ -45.21418, -23.53166 ], [ -45.21208, -23.53163 ] ] ], [ [ [ -45.07893, -23.5274 ], [ -45.07651, -23.52949 ], [ -45.07793, -23.53603 ], [ -45.07126, -23.53931 ], [ -45.06423, -23.53829 ], [ -45.0594, -23.5267 ], [ -45.05093, -23.52775 ], [ -45.04498, -23.53135 ], [ -45.04553, -23.53453 ], [ -45.03922, -23.53436 ], [ -45.04166, -23.54161 ], [ -45.04914, -23.54655 ], [ -45.05678, -23.54582 ], [ -45.06517, -23.55532 ], [ -45.0729, -23.55693 ], [ -45.07747, -23.56139 ], [ -45.08196, -23.55361 ], [ -45.078, -23.54631 ], [ -45.08005, -23.54099 ], [ -45.08367, -23.5387 ], [ -45.07997, -23.5336 ], [ -45.08072, -23.52597 ], [ -45.07893, -23.5274 ] ] ], [ [ [ -45.52488, -23.8561 ], [ -45.52648, -23.85 ], [ -45.523, -23.84589 ], [ -45.52024, -23.84807 ], [ -45.52488, -23.8561 ] ] ], [ [ [ -45.67067, -23.80753 ], [ -45.67115, -23.80537 ], [ -45.66749, -23.80363 ], [ -45.66744, -23.80498 ], [ -45.67067, -23.80753 ] ] ], [ [ [ -45.71657, -23.80018 ], [ -45.71457, -23.80365 ], [ -45.71583, -23.8064 ], [ -45.72607, -23.80254 ], [ -45.71981, -23.79857 ], [ -45.71657, -23.80018 ] ] ], [ [ [ -45.71171, -23.78819 ], [ -45.70911, -23.78945 ], [ -45.71413, -23.79395 ], [ -45.71757, -23.79377 ], [ -45.71171, -23.78819 ] ] ], [ [ [ -45.70481, -23.78954 ], [ -45.70728, -23.78985 ], [ -45.70794, -23.78917 ], [ -45.70481, -23.78693 ], [ -45.70481, -23.78954 ] ] ], [ [ [ -45.1374, -23.79197 ], [ -45.14003, -23.79843 ], [ -45.11471, -23.8054 ], [ -45.11679, -23.81394 ], [ -45.12096, -23.81593 ], [ -45.13186, -23.81113 ], [ -45.14716, -23.81929 ], [ -45.14829, -23.81534 ], [ -45.15647, -23.81208 ], [ -45.15692, -23.80635 ], [ -45.16074, -23.80468 ], [ -45.1601, -23.80256 ], [ -45.14818, -23.79298 ], [ -45.1374, -23.79197 ] ] ], [ [ [ -45.0159, -23.74362 ], [ -45.01433, -23.74504 ], [ -45.01762, -23.75209 ], [ -45.00934, -23.75096 ], [ -45.00782, -23.75533 ], [ -45.00986, -23.7604 ], [ -45.01569, -23.76443 ], [ -45.0201, -23.76197 ], [ -45.019, -23.75385 ], [ -45.02501, -23.74942 ], [ -45.02314, -23.74656 ], [ -45.02432, -23.74347 ], [ -45.01864, -23.74199 ], [ -45.0159, -23.74362 ] ] ], [ [ [ -45.03047, -23.74055 ], [ -45.03435, -23.74268 ], [ -45.03483, -23.74215 ], [ -45.03151, -23.73953 ], [ -45.03047, -23.74055 ] ] ], [ [ [ -45.02104, -23.7382 ], [ -45.02196, -23.7414 ], [ -45.02536, -23.74295 ], [ -45.02636, -23.74021 ], [ -45.02104, -23.7382 ] ] ] ] } },
{ "type": "Feature", "properties": { "rc": "RC 02.02", "uba": "Capão Bonito", "regional": "DR 02", "regional_cgr": "CGR 02" }, "geometry": { "type": "Polygon", "coordinates": [ [ [ -49.21128, -24.70304 ], [ -49.2225, -24.69883 ], [ -49.25632, -24.69625 ], [ -49.26234, -24.69228 ], [ -49.273, -24.69472 ], [ -49.27778, -24.69301 ], [ -49.29401, -24.67544 ], [ -49.30504, -24.67334 ], [ -49.30438, -24.66894 ], [ -49.31158, -24.66254 ], [ -49.30815, -24.66116 ], [ -49.30665, -24.65717 ], [ -49.30222, -24.65771 ], [ -49.29899, -24.65425 ], [ -49.30132, -24.64939 ], [ -49.30997, -24.64587 ], [ -49.30609, -24.64341 ], [ -49.30839, -24.64136 ], [ -49.30695, -24.63961 ], [ -49.31337, -24.64175 ], [ -49.31652, -24.63942 ], [ -49.31238, -24.63718 ], [ -49.31427, -24.63232 ], [ -49.30651, -24.62181 ], [ -49.31446, -24.614 ], [ -49.31165, -24.61094 ], [ -49.31361, -24.60853 ], [ -49.31101, -24.60494 ], [ -49.31282, -24.60392 ], [ -49.30801, -24.60386 ], [ -49.30928, -24.6021 ], [ -49.30316, -24.59616 ], [ -49.31625, -24.58814 ], [ -49.31528, -24.58574 ], [ -49.31193, -24.58611 ], [ -49.31292, -24.58198 ], [ -49.31049, -24.58023 ], [ -49.31237, -24.57908 ], [ -49.31147, -24.57457 ], [ -49.31408, -24.57259 ], [ -49.31318, -24.57001 ], [ -49.31801, -24.56658 ], [ -49.31781, -24.56371 ], [ -49.31422, -24.56216 ], [ -49.31585, -24.5549 ], [ -49.30947, -24.55294 ], [ -49.31132, -24.54948 ], [ -49.30673, -24.54995 ], [ -49.30535, -24.54574 ], [ -49.3026, -24.55027 ], [ -49.29685, -24.54964 ], [ -49.2924, -24.5531 ], [ -49.29219, -24.54314 ], [ -49.28347, -24.54085 ], [ -49.2793, -24.53603 ], [ -49.28865, -24.52675 ], [ -49.28565, -24.5182 ], [ -49.28676, -24.51271 ], [ -49.28954, -24.51355 ], [ -49.28947, -24.50945 ], [ -49.29462, -24.50593 ], [ -49.29639, -24.50085 ], [ -49.29055, -24.49916 ], [ -49.28525, -24.49399 ], [ -49.28158, -24.49535 ], [ -49.26994, -24.49267 ], [ -49.27168, -24.48955 ], [ -49.27062, -24.48082 ], [ -49.26565, -24.47966 ], [ -49.26376, -24.4735 ], [ -49.25397, -24.47356 ], [ -49.25328, -24.46975 ], [ -49.24891, -24.47146 ], [ -49.24665, -24.46848 ], [ -49.24884, -24.46367 ], [ -49.24459, -24.46473 ], [ -49.2452, -24.45787 ], [ -49.25364, -24.4553 ], [ -49.25134, -24.45152 ], [ -49.25444, -24.45001 ], [ -49.25014, -24.44495 ], [ -49.25352, -24.43478 ], [ -49.24185, -24.42396 ], [ -49.23487, -24.41017 ], [ -49.24142, -24.40161 ], [ -49.24825, -24.40652 ], [ -49.25441, -24.40671 ], [ -49.25391, -24.40476 ], [ -49.24997, -24.40376 ], [ -49.2426, -24.39612 ], [ -49.23876, -24.3982 ], [ -49.23572, -24.39423 ], [ -49.22978, -24.39723 ], [ -49.20583, -24.38127 ], [ -49.18694, -24.3756 ], [ -49.16593, -24.35547 ], [ -49.16146, -24.35524 ], [ -49.15723, -24.35026 ], [ -49.15186, -24.35081 ], [ -49.15243, -24.34673 ], [ -49.14955, -24.3433 ], [ -49.15243, -24.33958 ], [ -49.14254, -24.33909 ], [ -49.13691, -24.33355 ], [ -49.13128, -24.33998 ], [ -49.10975, -24.31915 ], [ -49.10084, -24.32196 ], [ -49.09348, -24.31804 ], [ -49.08927, -24.31158 ], [ -49.08584, -24.31202 ], [ -49.08447, -24.30666 ], [ -49.07875, -24.30029 ], [ -49.08013, -24.29572 ], [ -49.0773, -24.29472 ], [ -49.075, -24.28424 ], [ -49.08128, -24.28069 ], [ -49.08866, -24.28024 ], [ -49.0846, -24.2704 ], [ -49.08771, -24.26733 ], [ -49.0912, -24.26927 ], [ -49.09398, -24.26453 ], [ -49.09604, -24.26559 ], [ -49.10137, -24.25369 ], [ -49.10791, -24.2499 ], [ -49.08623, -24.25487 ], [ -49.08089, -24.25821 ], [ -49.07837, -24.25218 ], [ -49.06229, -24.24263 ], [ -49.05096, -24.24954 ], [ -49.04654, -24.25688 ], [ -49.03807, -24.25756 ], [ -49.03616, -24.26165 ], [ -49.02717, -24.26676 ], [ -49.02505, -24.27506 ], [ -49.02224, -24.27481 ], [ -49.0223, -24.2792 ], [ -49.01964, -24.2805 ], [ -49.01922, -24.28746 ], [ -49.00588, -24.29439 ], [ -49.00026, -24.30106 ], [ -48.9975, -24.31071 ], [ -48.99351, -24.31295 ], [ -48.98675, -24.3117 ], [ -48.98584, -24.32001 ], [ -48.98792, -24.32437 ], [ -48.98239, -24.32847 ], [ -48.9828, -24.33992 ], [ -48.97821, -24.34781 ], [ -48.9734, -24.34579 ], [ -48.96702, -24.35011 ], [ -48.96154, -24.33822 ], [ -48.95312, -24.32951 ], [ -48.88353, -24.33022 ], [ -48.8852, -24.33478 ], [ -48.87092, -24.33926 ], [ -48.86331, -24.34792 ], [ -48.85305, -24.3443 ], [ -48.85004, -24.34691 ], [ -48.84447, -24.34518 ], [ -48.83857, -24.33986 ], [ -48.83373, -24.34588 ], [ -48.82659, -24.34938 ], [ -48.82788, -24.34496 ], [ -48.81839, -24.34436 ], [ -48.81477, -24.35072 ], [ -48.79702, -24.36064 ], [ -48.78348, -24.35977 ], [ -48.78185, -24.35715 ], [ -48.77539, -24.36147 ], [ -48.76734, -24.36183 ], [ -48.76179, -24.36642 ], [ -48.76127, -24.37348 ], [ -48.75694, -24.37438 ], [ -48.75185, -24.36947 ], [ -48.74867, -24.36984 ], [ -48.74771, -24.37473 ], [ -48.74321, -24.37624 ], [ -48.73809, -24.37175 ], [ -48.73335, -24.37851 ], [ -48.73443, -24.38159 ], [ -48.73297, -24.38106 ], [ -48.73069, -24.38851 ], [ -48.72827, -24.38788 ], [ -48.72354, -24.39166 ], [ -48.71473, -24.38261 ], [ -48.71075, -24.38158 ], [ -48.69688, -24.38261 ], [ -48.68968, -24.39132 ], [ -48.6835, -24.38878 ], [ -48.67309, -24.39213 ], [ -48.66649, -24.38838 ], [ -48.66289, -24.38349 ], [ -48.66541, -24.37824 ], [ -48.67379, -24.37495 ], [ -48.67617, -24.36957 ], [ -48.67303, -24.36688 ], [ -48.67112, -24.35498 ], [ -48.66571, -24.35158 ], [ -48.66243, -24.35231 ], [ -48.6602, -24.34768 ], [ -48.65408, -24.34446 ], [ -48.64624, -24.33574 ], [ -48.64478, -24.33227 ], [ -48.64726, -24.32272 ], [ -48.64197, -24.32028 ], [ -48.63688, -24.31364 ], [ -48.63928, -24.31107 ], [ -48.63835, -24.30665 ], [ -48.63419, -24.30687 ], [ -48.63149, -24.30116 ], [ -48.63554, -24.29396 ], [ -48.63239, -24.28971 ], [ -48.64233, -24.28955 ], [ -48.6426, -24.28541 ], [ -48.64756, -24.28078 ], [ -48.6433, -24.27838 ], [ -48.64305, -24.27152 ], [ -48.64073, -24.27067 ], [ -48.6396, -24.2643 ], [ -48.64307, -24.26029 ], [ -48.63834, -24.25745 ], [ -48.63966, -24.25426 ], [ -48.63631, -24.24604 ], [ -48.63922, -24.24605 ], [ -48.65045, -24.23689 ], [ -48.64281, -24.22946 ], [ -48.64338, -24.22444 ], [ -48.63853, -24.2227 ], [ -48.63789, -24.21871 ], [ -48.63019, -24.21103 ], [ -48.62574, -24.19874 ], [ -48.6358, -24.18412 ], [ -48.63118, -24.18044 ], [ -48.63397, -24.17844 ], [ -48.6333, -24.17286 ], [ -48.64284, -24.16672 ], [ -48.64527, -24.16891 ], [ -48.65706, -24.16197 ], [ -48.65669, -24.15615 ], [ -48.66982, -24.15452 ], [ -48.66263, -24.15041 ], [ -48.65867, -24.13248 ], [ -48.65038, -24.12709 ], [ -48.64607, -24.11689 ], [ -48.62218, -24.10741 ], [ -48.61651, -24.10129 ], [ -48.6066, -24.1016 ], [ -48.59637, -24.08974 ], [ -48.58998, -24.08869 ], [ -48.57627, -24.09555 ], [ -48.57369, -24.09202 ], [ -48.56964, -24.09193 ], [ -48.57048, -24.08607 ], [ -48.5687, -24.08395 ], [ -48.57169, -24.07697 ], [ -48.5752, -24.07573 ], [ -48.5736, -24.07084 ], [ -48.57626, -24.0617 ], [ -48.5732, -24.06034 ], [ -48.5732, -24.05747 ], [ -48.58042, -24.05656 ], [ -48.58255, -24.04831 ], [ -48.57812, -24.04216 ], [ -48.57248, -24.04595 ], [ -48.573, -24.04794 ], [ -48.57006, -24.0475 ], [ -48.56833, -24.03051 ], [ -48.5742, -24.02463 ], [ -48.56889, -24.02706 ], [ -48.56377, -24.02326 ], [ -48.55615, -24.02442 ], [ -48.55263, -24.01797 ], [ -48.55862, -24.01906 ], [ -48.55376, -24.01158 ], [ -48.55993, -24.00705 ], [ -48.55445, -24.00751 ], [ -48.54882, -23.99933 ], [ -48.55184, -23.99455 ], [ -48.55453, -23.99652 ], [ -48.56215, -23.99447 ], [ -48.56536, -23.98456 ], [ -48.56958, -23.98659 ], [ -48.56936, -23.98309 ], [ -48.577, -23.98306 ], [ -48.57983, -23.98569 ], [ -48.58671, -23.974 ], [ -48.57935, -23.9736 ], [ -48.57634, -23.96934 ], [ -48.58066, -23.96754 ], [ -48.58086, -23.9647 ], [ -48.5757, -23.96401 ], [ -48.57389, -23.95994 ], [ -48.57129, -23.95871 ], [ -48.56731, -23.96168 ], [ -48.56512, -23.95896 ], [ -48.56106, -23.9594 ], [ -48.56273, -23.95414 ], [ -48.55995, -23.95258 ], [ -48.56054, -23.95035 ], [ -48.56683, -23.94706 ], [ -48.56585, -23.9449 ], [ -48.55872, -23.9451 ], [ -48.55467, -23.94058 ], [ -48.54997, -23.94042 ], [ -48.54731, -23.93756 ], [ -48.55142, -23.93494 ], [ -48.47519, -23.88986 ], [ -48.46561, -23.88799 ], [ -48.45246, -23.89284 ], [ -48.43114, -23.89207 ], [ -48.43113, -23.88937 ], [ -48.42341, -23.88417 ], [ -48.41889, -23.87639 ], [ -48.40069, -23.86618 ], [ -48.40271, -23.86057 ], [ -48.39602, -23.86299 ], [ -48.38223, -23.85849 ], [ -48.37273, -23.84969 ], [ -48.35827, -23.84341 ], [ -48.34972, -23.83603 ], [ -48.34908, -23.8307 ], [ -48.34624, -23.83013 ], [ -48.33122, -23.84078 ], [ -48.34363, -23.85114 ], [ -48.33979, -23.85446 ], [ -48.33224, -23.85003 ], [ -48.32229, -23.85432 ], [ -48.32329, -23.84921 ], [ -48.31849, -23.85054 ], [ -48.31557, -23.84353 ], [ -48.31823, -23.83578 ], [ -48.32246, -23.83203 ], [ -48.31705, -23.829 ], [ -48.31503, -23.83409 ], [ -48.30954, -23.83436 ], [ -48.29657, -23.82472 ], [ -48.29366, -23.8339 ], [ -48.28947, -23.83105 ], [ -48.28725, -23.83248 ], [ -48.28841, -23.83437 ], [ -48.2831, -23.83444 ], [ -48.27713, -23.8398 ], [ -48.27775, -23.84614 ], [ -48.27103, -23.85153 ], [ -48.26965, -23.85624 ], [ -48.26536, -23.85599 ], [ -48.26403, -23.8508 ], [ -48.25413, -23.85536 ], [ -48.25197, -23.86022 ], [ -48.24019, -23.86102 ], [ -48.23767, -23.85213 ], [ -48.23172, -23.8531 ], [ -48.23311, -23.84975 ], [ -48.23096, -23.84829 ], [ -48.22439, -23.85069 ], [ -48.21981, -23.84867 ], [ -48.2179, -23.85245 ], [ -48.21146, -23.85037 ], [ -48.21138, -23.85337 ], [ -48.20821, -23.84898 ], [ -48.20151, -23.85215 ], [ -48.19536, -23.85104 ], [ -48.18927, -23.85475 ], [ -48.19058, -23.85944 ], [ -48.18482, -23.86306 ], [ -48.18229, -23.86952 ], [ -48.18453, -23.87066 ], [ -48.1821, -23.87281 ], [ -48.18493, -23.87259 ], [ -48.18889, -23.8767 ], [ -48.18909, -23.88266 ], [ -48.19173, -23.88611 ], [ -48.18435, -23.88674 ], [ -48.18352, -23.89376 ], [ -48.18108, -23.89537 ], [ -48.1766, -23.88832 ], [ -48.17284, -23.88973 ], [ -48.16808, -23.89999 ], [ -48.16693, -23.92198 ], [ -48.16163, -23.92616 ], [ -48.15536, -23.93796 ], [ -48.15033, -23.93869 ], [ -48.14744, -23.94405 ], [ -48.13999, -23.94694 ], [ -48.13843, -23.95174 ], [ -48.12965, -23.95479 ], [ -48.1252, -23.96333 ], [ -48.12152, -23.96362 ], [ -48.12724, -23.97853 ], [ -48.11738, -23.98923 ], [ -48.12618, -23.99989 ], [ -48.12375, -24.005 ], [ -48.12616, -24.00906 ], [ -48.12536, -24.0138 ], [ -48.12069, -24.01552 ], [ -48.12019, -24.01262 ], [ -48.11329, -24.0116 ], [ -48.11141, -24.00871 ], [ -48.10358, -24.01042 ], [ -48.10049, -24.01612 ], [ -48.09848, -24.01589 ], [ -48.09424, -24.01457 ], [ -48.09371, -24.0103 ], [ -48.08543, -24.00747 ], [ -48.08371, -24.00309 ], [ -48.08156, -24.00703 ], [ -48.07954, -24.00603 ], [ -48.0808, -24.00931 ], [ -48.0771, -24.01225 ], [ -48.07761, -24.01441 ], [ -48.06745, -24.0184 ], [ -48.06643, -24.01404 ], [ -48.06233, -24.01351 ], [ -48.05507, -24.0199 ], [ -48.05522, -24.0238 ], [ -48.05285, -24.0247 ], [ -48.0492, -24.02173 ], [ -48.04553, -24.02805 ], [ -48.03989, -24.02899 ], [ -48.0391, -24.03735 ], [ -48.03577, -24.033 ], [ -48.03442, -24.04318 ], [ -48.03145, -24.04641 ], [ -48.02766, -24.04918 ], [ -48.02557, -24.04686 ], [ -48.01899, -24.04871 ], [ -48.01323, -24.0599 ], [ -48.0068, -24.06269 ], [ -48.00656, -24.06651 ], [ -48.00104, -24.06506 ], [ -48.00247, -24.0638 ], [ -47.99992, -24.06252 ], [ -48.00161, -24.06935 ], [ -47.99835, -24.07049 ], [ -47.99794, -24.07356 ], [ -47.99239, -24.07061 ], [ -47.98951, -24.07483 ], [ -47.98729, -24.07149 ], [ -47.97992, -24.07523 ], [ -47.97006, -24.09119 ], [ -47.97167, -24.09925 ], [ -47.96448, -24.10274 ], [ -47.96164, -24.10872 ], [ -47.95626, -24.10848 ], [ -47.95361, -24.11079 ], [ -47.95349, -24.11932 ], [ -47.95782, -24.11433 ], [ -47.98224, -24.11378 ], [ -47.987, -24.1173 ], [ -47.98865, -24.12188 ], [ -47.99626, -24.12442 ], [ -48.00875, -24.13475 ], [ -48.01246, -24.13474 ], [ -48.01182, -24.13024 ], [ -48.01649, -24.12828 ], [ -48.02331, -24.12998 ], [ -48.02413, -24.13461 ], [ -48.03589, -24.13495 ], [ -48.04263, -24.13836 ], [ -48.0497, -24.13744 ], [ -48.05208, -24.14341 ], [ -48.05748, -24.14665 ], [ -48.05262, -24.15008 ], [ -48.05064, -24.15611 ], [ -48.05551, -24.15816 ], [ -48.05778, -24.1567 ], [ -48.06009, -24.15906 ], [ -48.05685, -24.16334 ], [ -48.05776, -24.1757 ], [ -48.06113, -24.18027 ], [ -48.05982, -24.18285 ], [ -48.06736, -24.18308 ], [ -48.08114, -24.19257 ], [ -48.08495, -24.19072 ], [ -48.08735, -24.19313 ], [ -48.09444, -24.19344 ], [ -48.09248, -24.1964 ], [ -48.0956, -24.2011 ], [ -48.11355, -24.19965 ], [ -48.11888, -24.19284 ], [ -48.1254, -24.19735 ], [ -48.13327, -24.19383 ], [ -48.14079, -24.1938 ], [ -48.14389, -24.20003 ], [ -48.13816, -24.20833 ], [ -48.14665, -24.21309 ], [ -48.14387, -24.22024 ], [ -48.14701, -24.22566 ], [ -48.14373, -24.22822 ], [ -48.14505, -24.23103 ], [ -48.14857, -24.23254 ], [ -48.14858, -24.22866 ], [ -48.15387, -24.22863 ], [ -48.15492, -24.23198 ], [ -48.16636, -24.23765 ], [ -48.17082, -24.24435 ], [ -48.19687, -24.25446 ], [ -48.20056, -24.26123 ], [ -48.20825, -24.26465 ], [ -48.21139, -24.26135 ], [ -48.22134, -24.26455 ], [ -48.22689, -24.26206 ], [ -48.24143, -24.26264 ], [ -48.24355, -24.25887 ], [ -48.24907, -24.25953 ], [ -48.25275, -24.25721 ], [ -48.26316, -24.27268 ], [ -48.28357, -24.2834 ], [ -48.28177, -24.28858 ], [ -48.27743, -24.28963 ], [ -48.27486, -24.29313 ], [ -48.27516, -24.29662 ], [ -48.28122, -24.2978 ], [ -48.29155, -24.29354 ], [ -48.29519, -24.29594 ], [ -48.29475, -24.30045 ], [ -48.29877, -24.3028 ], [ -48.29931, -24.30631 ], [ -48.30538, -24.30358 ], [ -48.31734, -24.31257 ], [ -48.32506, -24.31314 ], [ -48.32985, -24.30624 ], [ -48.32391, -24.29191 ], [ -48.32965, -24.28981 ], [ -48.33841, -24.29183 ], [ -48.34316, -24.28566 ], [ -48.35275, -24.28741 ], [ -48.35236, -24.28526 ], [ -48.35928, -24.28044 ], [ -48.36987, -24.29299 ], [ -48.38815, -24.30566 ], [ -48.39445, -24.29665 ], [ -48.39399, -24.29153 ], [ -48.39878, -24.28976 ], [ -48.40033, -24.28457 ], [ -48.40648, -24.28376 ], [ -48.40813, -24.27844 ], [ -48.40558, -24.2735 ], [ -48.4107, -24.26741 ], [ -48.41734, -24.26782 ], [ -48.42273, -24.26499 ], [ -48.42934, -24.26622 ], [ -48.43134, -24.26317 ], [ -48.43787, -24.262 ], [ -48.44277, -24.2624 ], [ -48.44396, -24.26464 ], [ -48.44812, -24.26246 ], [ -48.45221, -24.26386 ], [ -48.45182, -24.25774 ], [ -48.45731, -24.25254 ], [ -48.46491, -24.2735 ], [ -48.45957, -24.28069 ], [ -48.45237, -24.28394 ], [ -48.45456, -24.29533 ], [ -48.45936, -24.29342 ], [ -48.46543, -24.28519 ], [ -48.47094, -24.2882 ], [ -48.47214, -24.28481 ], [ -48.47626, -24.28897 ], [ -48.4836, -24.28401 ], [ -48.49731, -24.2796 ], [ -48.50374, -24.28858 ], [ -48.50069, -24.29263 ], [ -48.50557, -24.29998 ], [ -48.50302, -24.30251 ], [ -48.51466, -24.30543 ], [ -48.51553, -24.30944 ], [ -48.52202, -24.3085 ], [ -48.52316, -24.31939 ], [ -48.53033, -24.31675 ], [ -48.53119, -24.31979 ], [ -48.5345, -24.3204 ], [ -48.53917, -24.31731 ], [ -48.53935, -24.31308 ], [ -48.54895, -24.30606 ], [ -48.5476, -24.3027 ], [ -48.55338, -24.29436 ], [ -48.55217, -24.28936 ], [ -48.56062, -24.28714 ], [ -48.56213, -24.29268 ], [ -48.56818, -24.29835 ], [ -48.57813, -24.30356 ], [ -48.5903, -24.31437 ], [ -48.59192, -24.32088 ], [ -48.60049, -24.32942 ], [ -48.60007, -24.33213 ], [ -48.60571, -24.33155 ], [ -48.60823, -24.3383 ], [ -48.59931, -24.33881 ], [ -48.59398, -24.34247 ], [ -48.58861, -24.34147 ], [ -48.57836, -24.33244 ], [ -48.57781, -24.33719 ], [ -48.56807, -24.33586 ], [ -48.56118, -24.34032 ], [ -48.54411, -24.33377 ], [ -48.53919, -24.33988 ], [ -48.53891, -24.34527 ], [ -48.53552, -24.3471 ], [ -48.51439, -24.33752 ], [ -48.50158, -24.34795 ], [ -48.5053, -24.35539 ], [ -48.49053, -24.36985 ], [ -48.492, -24.37702 ], [ -48.48983, -24.37678 ], [ -48.49499, -24.38539 ], [ -48.49317, -24.38713 ], [ -48.49738, -24.38926 ], [ -48.50276, -24.38664 ], [ -48.505, -24.39048 ], [ -48.50443, -24.39573 ], [ -48.50794, -24.39389 ], [ -48.51117, -24.40227 ], [ -48.51801, -24.40247 ], [ -48.5178, -24.40708 ], [ -48.52084, -24.40646 ], [ -48.52294, -24.41102 ], [ -48.5191, -24.41477 ], [ -48.52034, -24.41743 ], [ -48.51627, -24.41906 ], [ -48.52467, -24.42138 ], [ -48.52513, -24.42473 ], [ -48.53047, -24.42974 ], [ -48.54889, -24.43978 ], [ -48.56039, -24.43869 ], [ -48.57278, -24.43345 ], [ -48.58115, -24.43758 ], [ -48.58682, -24.43445 ], [ -48.59432, -24.44242 ], [ -48.60181, -24.44429 ], [ -48.61335, -24.45265 ], [ -48.61471, -24.45748 ], [ -48.61827, -24.44211 ], [ -48.63072, -24.43698 ], [ -48.63236, -24.44626 ], [ -48.62879, -24.44985 ], [ -48.6317, -24.45742 ], [ -48.6452, -24.4592 ], [ -48.65008, -24.45529 ], [ -48.65511, -24.45595 ], [ -48.65658, -24.46036 ], [ -48.67436, -24.47397 ], [ -48.67466, -24.47637 ], [ -48.6683, -24.47662 ], [ -48.66674, -24.47869 ], [ -48.67279, -24.48398 ], [ -48.67235, -24.48729 ], [ -48.68821, -24.4943 ], [ -48.68903, -24.50139 ], [ -48.69877, -24.50644 ], [ -48.70381, -24.50523 ], [ -48.70359, -24.5103 ], [ -48.71458, -24.51086 ], [ -48.71999, -24.51683 ], [ -48.72417, -24.51734 ], [ -48.72748, -24.52192 ], [ -48.72739, -24.52705 ], [ -48.75332, -24.54027 ], [ -48.76061, -24.54659 ], [ -48.77768, -24.55222 ], [ -48.77957, -24.55636 ], [ -48.78815, -24.55728 ], [ -48.78057, -24.56526 ], [ -48.78394, -24.56653 ], [ -48.78482, -24.57027 ], [ -48.78943, -24.57145 ], [ -48.78727, -24.57582 ], [ -48.78145, -24.57881 ], [ -48.78355, -24.58216 ], [ -48.78001, -24.58725 ], [ -48.78099, -24.58957 ], [ -48.77907, -24.59064 ], [ -48.77065, -24.58669 ], [ -48.7535, -24.58851 ], [ -48.74939, -24.597 ], [ -48.74978, -24.60388 ], [ -48.74473, -24.61119 ], [ -48.7389, -24.61243 ], [ -48.73777, -24.62024 ], [ -48.73475, -24.62181 ], [ -48.73846, -24.62611 ], [ -48.73298, -24.62996 ], [ -48.73075, -24.63715 ], [ -48.73234, -24.64051 ], [ -48.74251, -24.64143 ], [ -48.75101, -24.64553 ], [ -48.76049, -24.64549 ], [ -48.76738, -24.6567 ], [ -48.76988, -24.6562 ], [ -48.78133, -24.66587 ], [ -48.79332, -24.66834 ], [ -48.80397, -24.66733 ], [ -48.8112, -24.67556 ], [ -48.81566, -24.66498 ], [ -48.81964, -24.6631 ], [ -48.82274, -24.65618 ], [ -48.83024, -24.65566 ], [ -48.84167, -24.6656 ], [ -48.85044, -24.65797 ], [ -48.85583, -24.65629 ], [ -48.85914, -24.66086 ], [ -48.85566, -24.66597 ], [ -48.84766, -24.67068 ], [ -48.84786, -24.67441 ], [ -48.85409, -24.67586 ], [ -48.86458, -24.66776 ], [ -48.8696, -24.66996 ], [ -48.87784, -24.66844 ], [ -48.88398, -24.67068 ], [ -48.89289, -24.66927 ], [ -48.90968, -24.67095 ], [ -48.91251, -24.6734 ], [ -48.90997, -24.67814 ], [ -48.91483, -24.68312 ], [ -48.92325, -24.67509 ], [ -48.93101, -24.67574 ], [ -48.94301, -24.67267 ], [ -48.94953, -24.67501 ], [ -48.9537, -24.68249 ], [ -48.95845, -24.68548 ], [ -48.96112, -24.68425 ], [ -48.96306, -24.67375 ], [ -48.97451, -24.67223 ], [ -48.97442, -24.6668 ], [ -48.97749, -24.66549 ], [ -48.98838, -24.6661 ], [ -48.99097, -24.65538 ], [ -49.00147, -24.65534 ], [ -49.00969, -24.65976 ], [ -49.01049, -24.65487 ], [ -49.00689, -24.649 ], [ -49.00484, -24.63829 ], [ -48.99949, -24.63778 ], [ -49.00234, -24.63353 ], [ -49.00866, -24.63391 ], [ -49.01329, -24.64066 ], [ -49.01869, -24.64251 ], [ -49.03292, -24.63362 ], [ -49.04015, -24.6364 ], [ -49.0423, -24.6401 ], [ -49.03956, -24.64375 ], [ -49.03482, -24.64042 ], [ -49.03275, -24.64149 ], [ -49.03478, -24.65021 ], [ -49.03961, -24.65334 ], [ -49.03709, -24.65729 ], [ -49.03886, -24.661 ], [ -49.04523, -24.66527 ], [ -49.04488, -24.66992 ], [ -49.05182, -24.68056 ], [ -49.06175, -24.68529 ], [ -49.06949, -24.68436 ], [ -49.0733, -24.67437 ], [ -49.08312, -24.67195 ], [ -49.08632, -24.68027 ], [ -49.09684, -24.68173 ], [ -49.10121, -24.67545 ], [ -49.10834, -24.67592 ], [ -49.10893, -24.68611 ], [ -49.11146, -24.68801 ], [ -49.1219, -24.68228 ], [ -49.12583, -24.6839 ], [ -49.131, -24.68142 ], [ -49.13613, -24.67499 ], [ -49.14802, -24.67509 ], [ -49.15421, -24.67162 ], [ -49.16231, -24.67094 ], [ -49.17071, -24.67529 ], [ -49.17388, -24.6726 ], [ -49.18144, -24.67164 ], [ -49.18743, -24.67323 ], [ -49.19384, -24.68259 ], [ -49.2054, -24.68554 ], [ -49.20686, -24.68844 ], [ -49.20482, -24.69675 ], [ -49.21128, -24.70304 ] ] ] } },
{ "type": "Feature", "properties": { "rc": "RC 11.01", "uba": "Araçatuba", "regional": "DR 11", "regional_cgr": "CGR 11" }, "geometry": { "type": "Polygon", "coordinates": [ [ [ -50.81012, -21.56468 ], [ -50.81282, -21.55955 ], [ -50.80982, -21.55572 ], [ -50.81455, -21.55943 ], [ -50.81507, -21.56387 ], [ -50.82189, -21.5584 ], [ -50.82134, -21.55576 ], [ -50.81576, -21.55378 ], [ -50.8193, -21.5503 ], [ -50.81579, -21.55117 ], [ -50.81356, -21.54807 ], [ -50.81563, -21.53972 ], [ -50.8165, -21.54142 ], [ -50.82639, -21.53745 ], [ -50.83028, -21.54084 ], [ -50.82866, -21.53632 ], [ -50.84764, -21.53545 ], [ -50.85465, -21.5298 ], [ -50.86978, -21.52488 ], [ -50.87262, -21.5144 ], [ -50.86439, -21.50916 ], [ -50.86739, -21.50397 ], [ -50.86628, -21.49877 ], [ -50.87423, -21.48855 ], [ -50.87839, -21.48941 ], [ -50.88867, -21.48531 ], [ -50.89416, -21.48619 ], [ -50.89497, -21.48934 ], [ -50.89938, -21.49039 ], [ -50.89981, -21.48705 ], [ -50.90452, -21.48492 ], [ -50.90318, -21.48017 ], [ -50.90726, -21.47673 ], [ -50.90568, -21.47026 ], [ -50.92059, -21.46015 ], [ -50.92146, -21.45653 ], [ -50.91658, -21.45416 ], [ -50.92432, -21.44164 ], [ -50.94298, -21.44441 ], [ -50.94698, -21.44742 ], [ -50.96045, -21.43851 ], [ -50.98149, -21.4318 ], [ -50.99792, -21.43898 ], [ -51.00426, -21.43848 ], [ -51.02555, -21.42618 ], [ -51.02522, -21.4209 ], [ -51.02909, -21.41818 ], [ -51.03374, -21.40883 ], [ -51.0459, -21.40645 ], [ -51.04533, -21.40379 ], [ -51.05465, -21.40446 ], [ -51.06312, -21.39458 ], [ -51.07405, -21.39149 ], [ -51.07499, -21.38839 ], [ -51.07754, -21.38926 ], [ -51.07969, -21.38638 ], [ -51.08127, -21.38769 ], [ -51.08102, -21.38494 ], [ -51.08645, -21.38463 ], [ -51.0852, -21.38301 ], [ -51.09014, -21.37876 ], [ -51.08971, -21.37256 ], [ -51.09283, -21.37123 ], [ -51.10018, -21.37032 ], [ -51.12156, -21.3815 ], [ -51.13906, -21.37384 ], [ -51.15674, -21.37787 ], [ -51.16413, -21.38365 ], [ -51.17149, -21.38328 ], [ -51.18316, -21.37593 ], [ -51.18948, -21.37683 ], [ -51.19524, -21.37237 ], [ -51.19982, -21.35962 ], [ -51.20387, -21.36084 ], [ -51.20686, -21.35708 ], [ -51.20886, -21.35808 ], [ -51.21414, -21.35472 ], [ -51.21239, -21.35135 ], [ -51.21676, -21.35112 ], [ -51.22403, -21.34543 ], [ -51.22544, -21.34132 ], [ -51.23123, -21.33939 ], [ -51.22938, -21.33601 ], [ -51.23739, -21.33147 ], [ -51.23755, -21.32679 ], [ -51.26123, -21.3276 ], [ -51.2657, -21.33114 ], [ -51.27068, -21.32194 ], [ -51.28126, -21.32268 ], [ -51.28128, -21.31924 ], [ -51.28723, -21.31845 ], [ -51.28944, -21.31334 ], [ -51.29017, -21.31691 ], [ -51.29688, -21.30982 ], [ -51.30448, -21.30838 ], [ -51.30888, -21.30293 ], [ -51.30674, -21.30046 ], [ -51.31051, -21.29933 ], [ -51.3119, -21.30135 ], [ -51.31387, -21.29616 ], [ -51.31597, -21.30004 ], [ -51.31692, -21.29697 ], [ -51.31997, -21.29884 ], [ -51.31943, -21.29635 ], [ -51.3225, -21.29718 ], [ -51.32369, -21.29387 ], [ -51.32561, -21.29645 ], [ -51.32568, -21.29269 ], [ -51.32892, -21.29217 ], [ -51.32967, -21.27876 ], [ -51.31124, -21.24443 ], [ -51.31435, -21.23901 ], [ -51.31457, -21.23008 ], [ -51.30664, -21.21452 ], [ -51.31007, -21.20194 ], [ -51.30608, -21.18928 ], [ -51.30995, -21.1806 ], [ -51.30674, -21.17152 ], [ -51.29764, -21.16808 ], [ -51.29134, -21.16114 ], [ -51.28133, -21.15978 ], [ -51.27133, -21.15352 ], [ -51.26676, -21.14675 ], [ -51.26652, -21.13267 ], [ -51.25662, -21.11118 ], [ -51.23857, -21.0998 ], [ -51.23315, -21.09257 ], [ -51.22465, -21.09161 ], [ -51.21612, -21.09577 ], [ -51.20711, -21.09273 ], [ -51.19561, -21.08351 ], [ -51.18824, -21.07131 ], [ -51.17069, -21.05478 ], [ -51.17212, -21.04961 ], [ -51.16817, -21.04043 ], [ -51.15168, -21.03917 ], [ -51.14298, -21.04248 ], [ -51.13495, -21.03463 ], [ -51.12241, -21.00893 ], [ -51.12357, -21.00241 ], [ -51.1177, -20.99168 ], [ -51.11591, -20.98213 ], [ -51.11894, -20.97876 ], [ -51.11771, -20.9687 ], [ -51.12091, -20.95199 ], [ -51.13007, -20.94384 ], [ -51.12973, -20.93759 ], [ -51.13321, -20.93384 ], [ -51.13053, -20.93107 ], [ -51.13679, -20.92379 ], [ -51.13421, -20.92039 ], [ -51.1366, -20.91425 ], [ -51.1356, -20.90813 ], [ -51.13933, -20.90424 ], [ -51.13691, -20.89273 ], [ -51.13924, -20.8924 ], [ -51.14089, -20.88514 ], [ -51.14402, -20.88366 ], [ -51.14265, -20.86975 ], [ -51.14479, -20.86069 ], [ -51.14301, -20.85414 ], [ -51.11723, -20.86457 ], [ -51.11558, -20.86045 ], [ -51.10598, -20.85949 ], [ -51.10003, -20.85636 ], [ -51.09566, -20.8503 ], [ -51.09469, -20.84446 ], [ -51.08662, -20.83637 ], [ -51.0713, -20.83057 ], [ -50.93155, -20.8995 ], [ -50.91625, -20.89556 ], [ -50.90996, -20.8981 ], [ -50.89996, -20.90922 ], [ -50.89789, -20.90821 ], [ -50.88839, -20.89248 ], [ -50.88423, -20.89085 ], [ -50.88151, -20.87876 ], [ -50.87922, -20.87809 ], [ -50.8709, -20.86255 ], [ -50.86728, -20.86079 ], [ -50.87021, -20.85498 ], [ -50.86652, -20.85299 ], [ -50.86766, -20.84864 ], [ -50.86401, -20.84515 ], [ -50.86522, -20.84075 ], [ -50.86101, -20.83729 ], [ -50.87259, -20.82667 ], [ -50.85091, -20.80268 ], [ -50.84171, -20.78755 ], [ -50.84098, -20.78243 ], [ -50.83299, -20.77703 ], [ -50.82909, -20.76972 ], [ -50.82527, -20.7684 ], [ -50.8264, -20.76287 ], [ -50.82313, -20.75789 ], [ -50.82063, -20.74306 ], [ -50.81227, -20.72653 ], [ -50.815, -20.72244 ], [ -50.80973, -20.71103 ], [ -50.80577, -20.6816 ], [ -50.79983, -20.671 ], [ -50.77885, -20.67181 ], [ -50.7776, -20.67768 ], [ -50.77281, -20.6809 ], [ -50.76561, -20.67852 ], [ -50.75106, -20.68106 ], [ -50.75322, -20.68826 ], [ -50.75315, -20.7057 ], [ -50.75066, -20.71575 ], [ -50.74371, -20.72188 ], [ -50.73542, -20.71319 ], [ -50.72133, -20.70655 ], [ -50.70291, -20.70376 ], [ -50.69327, -20.70818 ], [ -50.67847, -20.70897 ], [ -50.66413, -20.70537 ], [ -50.65031, -20.69441 ], [ -50.6488, -20.68859 ], [ -50.63465, -20.6773 ], [ -50.6295, -20.66804 ], [ -50.61895, -20.66449 ], [ -50.61713, -20.65854 ], [ -50.62707, -20.63897 ], [ -50.62592, -20.63684 ], [ -50.63509, -20.62853 ], [ -50.64213, -20.61496 ], [ -50.65466, -20.60929 ], [ -50.65636, -20.60308 ], [ -50.66109, -20.59861 ], [ -50.66162, -20.58799 ], [ -50.677, -20.56959 ], [ -50.67957, -20.55762 ], [ -50.67976, -20.53647 ], [ -50.67753, -20.53222 ], [ -50.67956, -20.52808 ], [ -50.67041, -20.53173 ], [ -50.66389, -20.5309 ], [ -50.66148, -20.52738 ], [ -50.66202, -20.52048 ], [ -50.64998, -20.51485 ], [ -50.64763, -20.50706 ], [ -50.63726, -20.50839 ], [ -50.63665, -20.51379 ], [ -50.63386, -20.51525 ], [ -50.62539, -20.50802 ], [ -50.61321, -20.51926 ], [ -50.60333, -20.51882 ], [ -50.60513, -20.52122 ], [ -50.60045, -20.52418 ], [ -50.59189, -20.52289 ], [ -50.58665, -20.51522 ], [ -50.58623, -20.51766 ], [ -50.58406, -20.5157 ], [ -50.5826, -20.51606 ], [ -50.58305, -20.51887 ], [ -50.5735, -20.518 ], [ -50.55534, -20.5287 ], [ -50.55313, -20.52672 ], [ -50.55453, -20.5236 ], [ -50.54744, -20.51952 ], [ -50.54901, -20.50933 ], [ -50.5448, -20.50377 ], [ -50.52751, -20.50916 ], [ -50.52084, -20.50734 ], [ -50.51858, -20.50114 ], [ -50.51031, -20.50228 ], [ -50.50544, -20.49643 ], [ -50.50094, -20.49979 ], [ -50.49722, -20.49605 ], [ -50.49278, -20.49648 ], [ -50.49397, -20.49869 ], [ -50.492, -20.49964 ], [ -50.48402, -20.49279 ], [ -50.47995, -20.49594 ], [ -50.47231, -20.49426 ], [ -50.46694, -20.48917 ], [ -50.44811, -20.48594 ], [ -50.44847, -20.48237 ], [ -50.44061, -20.48329 ], [ -50.43739, -20.48022 ], [ -50.43891, -20.47885 ], [ -50.4312, -20.47922 ], [ -50.42791, -20.47433 ], [ -50.40987, -20.48009 ], [ -50.40139, -20.47681 ], [ -50.39739, -20.47948 ], [ -50.39431, -20.4774 ], [ -50.39357, -20.47214 ], [ -50.3851, -20.47649 ], [ -50.38428, -20.47314 ], [ -50.37286, -20.47459 ], [ -50.37122, -20.47021 ], [ -50.3615, -20.47757 ], [ -50.35684, -20.47136 ], [ -50.34542, -20.47696 ], [ -50.33567, -20.47358 ], [ -50.3314, -20.46901 ], [ -50.32607, -20.4765 ], [ -50.31765, -20.47458 ], [ -50.31235, -20.46921 ], [ -50.30528, -20.47192 ], [ -50.30328, -20.46788 ], [ -50.30035, -20.46985 ], [ -50.2975, -20.46049 ], [ -50.29079, -20.47128 ], [ -50.28083, -20.46693 ], [ -50.26879, -20.47269 ], [ -50.26504, -20.47126 ], [ -50.26089, -20.47455 ], [ -50.26035, -20.47924 ], [ -50.25665, -20.47939 ], [ -50.25096, -20.47505 ], [ -50.24745, -20.4758 ], [ -50.24647, -20.49061 ], [ -50.24097, -20.48771 ], [ -50.23789, -20.49205 ], [ -50.22951, -20.49387 ], [ -50.2306, -20.4967 ], [ -50.22637, -20.49559 ], [ -50.22523, -20.49162 ], [ -50.21686, -20.48635 ], [ -50.21691, -20.48434 ], [ -50.21989, -20.48411 ], [ -50.21695, -20.48052 ], [ -50.21479, -20.48142 ], [ -50.21385, -20.47736 ], [ -50.20935, -20.47692 ], [ -50.20311, -20.48158 ], [ -50.20138, -20.48663 ], [ -50.19183, -20.4837 ], [ -50.18981, -20.49032 ], [ -50.18624, -20.48829 ], [ -50.18379, -20.49124 ], [ -50.17704, -20.49199 ], [ -50.17625, -20.50032 ], [ -50.17108, -20.49866 ], [ -50.16653, -20.50298 ], [ -50.16787, -20.51281 ], [ -50.16081, -20.51311 ], [ -50.15904, -20.50449 ], [ -50.1564, -20.50291 ], [ -50.15352, -20.50485 ], [ -50.14815, -20.50051 ], [ -50.14102, -20.50497 ], [ -50.14353, -20.51112 ], [ -50.13837, -20.5207 ], [ -50.13529, -20.51545 ], [ -50.12164, -20.51296 ], [ -50.12301, -20.51643 ], [ -50.11972, -20.52029 ], [ -50.12351, -20.52558 ], [ -50.12134, -20.5354 ], [ -50.12693, -20.54638 ], [ -50.1245, -20.55133 ], [ -50.12827, -20.55243 ], [ -50.12885, -20.55691 ], [ -50.12452, -20.56427 ], [ -50.12459, -20.57074 ], [ -50.11922, -20.57918 ], [ -50.11821, -20.59059 ], [ -50.11415, -20.59987 ], [ -50.10438, -20.61074 ], [ -50.09185, -20.61658 ], [ -50.08821, -20.62539 ], [ -50.08827, -20.6307 ], [ -50.09358, -20.6375 ], [ -50.09453, -20.64689 ], [ -50.10184, -20.66083 ], [ -50.1012, -20.67157 ], [ -50.10855, -20.67051 ], [ -50.12062, -20.67891 ], [ -50.12325, -20.68289 ], [ -50.12188, -20.69281 ], [ -50.12609, -20.69824 ], [ -50.12266, -20.71399 ], [ -50.11805, -20.72146 ], [ -50.12152, -20.72467 ], [ -50.12056, -20.73304 ], [ -50.12422, -20.73901 ], [ -50.1249, -20.74691 ], [ -50.11422, -20.76303 ], [ -50.11515, -20.76679 ], [ -50.11031, -20.77813 ], [ -50.1163, -20.7848 ], [ -50.11729, -20.79563 ], [ -50.12701, -20.80657 ], [ -50.12311, -20.81345 ], [ -50.12467, -20.81791 ], [ -50.12719, -20.81832 ], [ -50.12524, -20.82238 ], [ -50.12044, -20.82472 ], [ -50.12192, -20.83443 ], [ -50.12529, -20.83438 ], [ -50.13028, -20.84042 ], [ -50.1333, -20.83966 ], [ -50.13715, -20.84392 ], [ -50.1438, -20.84508 ], [ -50.14247, -20.84713 ], [ -50.14511, -20.84721 ], [ -50.14536, -20.85047 ], [ -50.14728, -20.84952 ], [ -50.14865, -20.85399 ], [ -50.15132, -20.85078 ], [ -50.15358, -20.85243 ], [ -50.15217, -20.85426 ], [ -50.15487, -20.86371 ], [ -50.16414, -20.87346 ], [ -50.16593, -20.8812 ], [ -50.16303, -20.88707 ], [ -50.16577, -20.88994 ], [ -50.16859, -20.88842 ], [ -50.16806, -20.89275 ], [ -50.1722, -20.89186 ], [ -50.1817, -20.89821 ], [ -50.18159, -20.90045 ], [ -50.18581, -20.89863 ], [ -50.18595, -20.90152 ], [ -50.19197, -20.89727 ], [ -50.19556, -20.89948 ], [ -50.19534, -20.89654 ], [ -50.19989, -20.89572 ], [ -50.21251, -20.89783 ], [ -50.21341, -20.89969 ], [ -50.2198, -20.89835 ], [ -50.22236, -20.88902 ], [ -50.22491, -20.88825 ], [ -50.23752, -20.89446 ], [ -50.24516, -20.89319 ], [ -50.24456, -20.89718 ], [ -50.25024, -20.89791 ], [ -50.25167, -20.90254 ], [ -50.25628, -20.90292 ], [ -50.25869, -20.90615 ], [ -50.26484, -20.90599 ], [ -50.26412, -20.90998 ], [ -50.26763, -20.91137 ], [ -50.26465, -20.91622 ], [ -50.2692, -20.9155 ], [ -50.26808, -20.91816 ], [ -50.27226, -20.91947 ], [ -50.27228, -20.92278 ], [ -50.2759, -20.92647 ], [ -50.28047, -20.92696 ], [ -50.28262, -20.93176 ], [ -50.28075, -20.94668 ], [ -50.28633, -20.96108 ], [ -50.29211, -20.96914 ], [ -50.29473, -20.96939 ], [ -50.2974, -20.97566 ], [ -50.29425, -20.98275 ], [ -50.29761, -20.98738 ], [ -50.29662, -20.99074 ], [ -50.29918, -20.99067 ], [ -50.30246, -20.99723 ], [ -50.29934, -20.99837 ], [ -50.30061, -21.00181 ], [ -50.30465, -21.00396 ], [ -50.30667, -21.00198 ], [ -50.31396, -21.00291 ], [ -50.31385, -21.00632 ], [ -50.31656, -21.00787 ], [ -50.32195, -21.00584 ], [ -50.32308, -21.00929 ], [ -50.32809, -21.01059 ], [ -50.32767, -21.01562 ], [ -50.33741, -21.02469 ], [ -50.34583, -21.04163 ], [ -50.35491, -21.0405 ], [ -50.35853, -21.04315 ], [ -50.35287, -21.04707 ], [ -50.35075, -21.05695 ], [ -50.34724, -21.05985 ], [ -50.35011, -21.06468 ], [ -50.34504, -21.07063 ], [ -50.34549, -21.07572 ], [ -50.34232, -21.07734 ], [ -50.34484, -21.08238 ], [ -50.35255, -21.08374 ], [ -50.35294, -21.08698 ], [ -50.34735, -21.08808 ], [ -50.34664, -21.09406 ], [ -50.35492, -21.09837 ], [ -50.35348, -21.11072 ], [ -50.36079, -21.11838 ], [ -50.36108, -21.1223 ], [ -50.35635, -21.12594 ], [ -50.35667, -21.12859 ], [ -50.37347, -21.15135 ], [ -50.38481, -21.15717 ], [ -50.38728, -21.16513 ], [ -50.38593, -21.16789 ], [ -50.38802, -21.16819 ], [ -50.38685, -21.17168 ], [ -50.39458, -21.18115 ], [ -50.39027, -21.18977 ], [ -50.39235, -21.21379 ], [ -50.40374, -21.22277 ], [ -50.40511, -21.22649 ], [ -50.39237, -21.2533 ], [ -50.46669, -21.29674 ], [ -50.46253, -21.30163 ], [ -50.48413, -21.3403 ], [ -50.48478, -21.35222 ], [ -50.49104, -21.35771 ], [ -50.49537, -21.35849 ], [ -50.49858, -21.36538 ], [ -50.51287, -21.3738 ], [ -50.51434, -21.37961 ], [ -50.51875, -21.38194 ], [ -50.51931, -21.38739 ], [ -50.52359, -21.39048 ], [ -50.52564, -21.40998 ], [ -50.53198, -21.41389 ], [ -50.5384, -21.42219 ], [ -50.54187, -21.43499 ], [ -50.53891, -21.43722 ], [ -50.54815, -21.44851 ], [ -50.57428, -21.45502 ], [ -50.57827, -21.45112 ], [ -50.57897, -21.44344 ], [ -50.58173, -21.44185 ], [ -50.61916, -21.44762 ], [ -50.62313, -21.45536 ], [ -50.63954, -21.46008 ], [ -50.63854, -21.47263 ], [ -50.64636, -21.47474 ], [ -50.64429, -21.47872 ], [ -50.64568, -21.48125 ], [ -50.65356, -21.48233 ], [ -50.65454, -21.49002 ], [ -50.6528, -21.49258 ], [ -50.65501, -21.4922 ], [ -50.65701, -21.4955 ], [ -50.65436, -21.50009 ], [ -50.6612, -21.50168 ], [ -50.66485, -21.49988 ], [ -50.67313, -21.50296 ], [ -50.67577, -21.50124 ], [ -50.67609, -21.50742 ], [ -50.67932, -21.50863 ], [ -50.68013, -21.51328 ], [ -50.69026, -21.51159 ], [ -50.69194, -21.51871 ], [ -50.69734, -21.52555 ], [ -50.7047, -21.52571 ], [ -50.70385, -21.52798 ], [ -50.70666, -21.52945 ], [ -50.71023, -21.52574 ], [ -50.71449, -21.52883 ], [ -50.7215, -21.5262 ], [ -50.72921, -21.52968 ], [ -50.73704, -21.52659 ], [ -50.74082, -21.52109 ], [ -50.74562, -21.52495 ], [ -50.75275, -21.52467 ], [ -50.75451, -21.52885 ], [ -50.76367, -21.52935 ], [ -50.76895, -21.53187 ], [ -50.77185, -21.53663 ], [ -50.76776, -21.5433 ], [ -50.76895, -21.54571 ], [ -50.77319, -21.54424 ], [ -50.77596, -21.54604 ], [ -50.77751, -21.54285 ], [ -50.78184, -21.54303 ], [ -50.78909, -21.54925 ], [ -50.78821, -21.55096 ], [ -50.78505, -21.54929 ], [ -50.78793, -21.55211 ], [ -50.78593, -21.55687 ], [ -50.78874, -21.55878 ], [ -50.79484, -21.55868 ], [ -50.79883, -21.55557 ], [ -50.79325, -21.54338 ], [ -50.79718, -21.54158 ], [ -50.80637, -21.55462 ], [ -50.80609, -21.55965 ], [ -50.81092, -21.55956 ], [ -50.81012, -21.56468 ] ] ] } },
{ "type": "Feature", "properties": { "rc": "RC 12.04", "uba": "Rancharia", "regional": "DR 12", "regional_cgr": "CGR 12" }, "geometry": { "type": "Polygon", "coordinates": [ [ [ -51.00176, -22.79383 ], [ -51.01118, -22.7927 ], [ -51.0615, -22.765 ], [ -51.0775, -22.76537 ], [ -51.12542, -22.76036 ], [ -51.15817, -22.7519 ], [ -51.16794, -22.74686 ], [ -51.18869, -22.72885 ], [ -51.20514, -22.7272 ], [ -51.23119, -22.71377 ], [ -51.23846, -22.70445 ], [ -51.24279, -22.68933 ], [ -51.26212, -22.67041 ], [ -51.27163, -22.66624 ], [ -51.27884, -22.66599 ], [ -51.29795, -22.67283 ], [ -51.29818, -22.6692 ], [ -51.29507, -22.66841 ], [ -51.29527, -22.66186 ], [ -51.29332, -22.66298 ], [ -51.29256, -22.66118 ], [ -51.2919, -22.6634 ], [ -51.28755, -22.65786 ], [ -51.29039, -22.65196 ], [ -51.28623, -22.65198 ], [ -51.28467, -22.64434 ], [ -51.28034, -22.64172 ], [ -51.28462, -22.63924 ], [ -51.2841, -22.63369 ], [ -51.28644, -22.63228 ], [ -51.28778, -22.62158 ], [ -51.28472, -22.61179 ], [ -51.28762, -22.6086 ], [ -51.28434, -22.60036 ], [ -51.2859, -22.59896 ], [ -51.28207, -22.59415 ], [ -51.2837, -22.58836 ], [ -51.27872, -22.58856 ], [ -51.28029, -22.5847 ], [ -51.27581, -22.58242 ], [ -51.27968, -22.57875 ], [ -51.27574, -22.57753 ], [ -51.27772, -22.57305 ], [ -51.27402, -22.5639 ], [ -51.27614, -22.56175 ], [ -51.27314, -22.56019 ], [ -51.2698, -22.55021 ], [ -51.27369, -22.54476 ], [ -51.26699, -22.54201 ], [ -51.26933, -22.53873 ], [ -51.27202, -22.53984 ], [ -51.27338, -22.53288 ], [ -51.26945, -22.52857 ], [ -51.27222, -22.52364 ], [ -51.2697, -22.51911 ], [ -51.27233, -22.50546 ], [ -51.26937, -22.50275 ], [ -51.27202, -22.499 ], [ -51.26856, -22.49638 ], [ -51.26408, -22.48626 ], [ -51.26461, -22.48262 ], [ -51.26103, -22.48069 ], [ -51.2592, -22.47012 ], [ -51.2496, -22.46531 ], [ -51.25184, -22.45476 ], [ -51.24782, -22.44579 ], [ -51.24655, -22.42887 ], [ -51.23386, -22.40969 ], [ -51.23356, -22.40109 ], [ -51.22884, -22.3931 ], [ -51.227, -22.3817 ], [ -51.21951, -22.37745 ], [ -51.22239, -22.36481 ], [ -51.2187, -22.35785 ], [ -51.22066, -22.35254 ], [ -51.21732, -22.35087 ], [ -51.21812, -22.34564 ], [ -51.21439, -22.34239 ], [ -51.21203, -22.33676 ], [ -51.2129, -22.33232 ], [ -51.21084, -22.33105 ], [ -51.21216, -22.32473 ], [ -51.2088, -22.32173 ], [ -51.21251, -22.30424 ], [ -51.21127, -22.30072 ], [ -51.20521, -22.2979 ], [ -51.20985, -22.2834 ], [ -51.20631, -22.27771 ], [ -51.20806, -22.27436 ], [ -51.2051, -22.27156 ], [ -51.20528, -22.26821 ], [ -51.21411, -22.26111 ], [ -51.22184, -22.23516 ], [ -51.23023, -22.22062 ], [ -51.22243, -22.21496 ], [ -51.21405, -22.20238 ], [ -51.20914, -22.19887 ], [ -51.20354, -22.17772 ], [ -51.21256, -22.1645 ], [ -51.22389, -22.15714 ], [ -51.22752, -22.14347 ], [ -51.23904, -22.1358 ], [ -51.2435, -22.12768 ], [ -51.22387, -22.07902 ], [ -51.21911, -22.07486 ], [ -51.20896, -22.07326 ], [ -51.20807, -22.06712 ], [ -51.21161, -22.06521 ], [ -51.21787, -22.06983 ], [ -51.22686, -22.07125 ], [ -51.24845, -22.06947 ], [ -51.25005, -22.06662 ], [ -51.2561, -22.06845 ], [ -51.26096, -22.06631 ], [ -51.26594, -22.06722 ], [ -51.27471, -22.05212 ], [ -51.28664, -22.04662 ], [ -51.28874, -22.0442 ], [ -51.286, -22.03968 ], [ -51.28622, -22.03448 ], [ -51.28844, -22.03414 ], [ -51.28852, -22.0281 ], [ -51.29116, -22.02437 ], [ -51.28656, -22.02231 ], [ -51.2819, -22.00473 ], [ -51.27854, -22.00098 ], [ -51.28905, -21.99014 ], [ -51.28957, -21.98163 ], [ -51.28404, -21.98082 ], [ -51.28323, -21.97361 ], [ -51.2801, -21.97428 ], [ -51.28142, -21.97038 ], [ -51.27737, -21.96888 ], [ -51.2773, -21.96535 ], [ -51.27515, -21.96442 ], [ -51.27661, -21.96048 ], [ -51.27469, -21.96173 ], [ -51.27303, -21.95842 ], [ -51.2761, -21.95318 ], [ -51.27171, -21.95054 ], [ -51.27504, -21.94614 ], [ -51.27249, -21.94203 ], [ -51.27338, -21.93901 ], [ -51.26592, -21.93585 ], [ -51.27088, -21.92771 ], [ -51.27419, -21.92692 ], [ -51.26927, -21.91599 ], [ -51.27269, -21.91288 ], [ -51.27135, -21.90903 ], [ -51.2652, -21.90284 ], [ -51.25691, -21.90069 ], [ -51.26196, -21.89509 ], [ -51.25988, -21.89303 ], [ -51.26418, -21.88853 ], [ -51.26658, -21.87768 ], [ -51.2609, -21.87592 ], [ -51.26304, -21.88046 ], [ -51.25277, -21.87724 ], [ -51.25588, -21.87604 ], [ -51.25315, -21.87315 ], [ -51.25725, -21.86848 ], [ -51.25437, -21.85934 ], [ -51.24655, -21.85182 ], [ -51.24392, -21.85283 ], [ -51.24286, -21.84907 ], [ -51.24627, -21.8474 ], [ -51.24475, -21.8454 ], [ -51.2361, -21.84189 ], [ -51.24016, -21.84011 ], [ -51.23979, -21.83779 ], [ -51.22838, -21.83901 ], [ -51.22307, -21.8289 ], [ -51.20945, -21.83278 ], [ -51.20234, -21.82291 ], [ -51.19104, -21.83094 ], [ -51.18196, -21.83331 ], [ -51.16455, -21.86217 ], [ -51.15661, -21.86466 ], [ -51.15082, -21.86051 ], [ -51.15002, -21.8551 ], [ -51.14122, -21.8536 ], [ -51.14171, -21.85637 ], [ -51.13726, -21.85936 ], [ -51.13779, -21.86714 ], [ -51.13448, -21.86985 ], [ -51.11958, -21.87228 ], [ -51.118, -21.88192 ], [ -51.11094, -21.88884 ], [ -51.09711, -21.88679 ], [ -51.09377, -21.88266 ], [ -51.08754, -21.88042 ], [ -51.07347, -21.88403 ], [ -51.0664, -21.88302 ], [ -51.05793, -21.88922 ], [ -51.05251, -21.88926 ], [ -51.04878, -21.89767 ], [ -51.04334, -21.90175 ], [ -51.00538, -21.91991 ], [ -50.99091, -21.9196 ], [ -50.9796, -21.92439 ], [ -50.96667, -21.92524 ], [ -50.96121, -21.92884 ], [ -50.9617, -21.93235 ], [ -50.94814, -21.94131 ], [ -50.94769, -21.94615 ], [ -50.93928, -21.95037 ], [ -50.91553, -21.95108 ], [ -50.91425, -21.95379 ], [ -50.90912, -21.9537 ], [ -50.90728, -21.9575 ], [ -50.89871, -21.95766 ], [ -50.88896, -21.96655 ], [ -50.8871, -21.96463 ], [ -50.87842, -21.96651 ], [ -50.869, -21.96449 ], [ -50.86316, -21.96966 ], [ -50.84579, -21.97343 ], [ -50.83896, -21.97958 ], [ -50.83311, -21.98067 ], [ -50.83094, -21.98727 ], [ -50.80058, -21.99808 ], [ -50.79178, -21.99849 ], [ -50.78022, -22.00272 ], [ -50.74675, -22.00356 ], [ -50.74299, -22.00847 ], [ -50.72716, -22.01157 ], [ -50.72003, -22.0107 ], [ -50.717, -22.01387 ], [ -50.70996, -22.01496 ], [ -50.70379, -22.02716 ], [ -50.70481, -22.04497 ], [ -50.713, -22.05848 ], [ -50.71592, -22.07312 ], [ -50.72456, -22.0845 ], [ -50.72505, -22.09107 ], [ -50.72266, -22.09928 ], [ -50.72435, -22.10496 ], [ -50.71743, -22.1107 ], [ -50.71904, -22.1151 ], [ -50.70961, -22.13443 ], [ -50.713, -22.15233 ], [ -50.72027, -22.15416 ], [ -50.72204, -22.16408 ], [ -50.72599, -22.16893 ], [ -50.72333, -22.18065 ], [ -50.71764, -22.18747 ], [ -50.72177, -22.19662 ], [ -50.72738, -22.19655 ], [ -50.73028, -22.19981 ], [ -50.7281, -22.21195 ], [ -50.72328, -22.21646 ], [ -50.73124, -22.22029 ], [ -50.72626, -22.2288 ], [ -50.72842, -22.23593 ], [ -50.72231, -22.23971 ], [ -50.71652, -22.25185 ], [ -50.72888, -22.26626 ], [ -50.73509, -22.27987 ], [ -50.74524, -22.28636 ], [ -50.74776, -22.29514 ], [ -50.75888, -22.30272 ], [ -50.77004, -22.34927 ], [ -50.76189, -22.36548 ], [ -50.76273, -22.38348 ], [ -50.7752, -22.40392 ], [ -50.77917, -22.40404 ], [ -50.78674, -22.4114 ], [ -50.78357, -22.43482 ], [ -50.7991, -22.44367 ], [ -50.82967, -22.42788 ], [ -50.83921, -22.43599 ], [ -50.84361, -22.44602 ], [ -50.84049, -22.45588 ], [ -50.8461, -22.47312 ], [ -50.83147, -22.48461 ], [ -50.83802, -22.49519 ], [ -50.83613, -22.50188 ], [ -50.84876, -22.50864 ], [ -50.84931, -22.52031 ], [ -50.85832, -22.52853 ], [ -50.85157, -22.53507 ], [ -50.8463, -22.54634 ], [ -50.84181, -22.54953 ], [ -50.84874, -22.5604 ], [ -50.85357, -22.57556 ], [ -50.85051, -22.58 ], [ -50.845, -22.57981 ], [ -50.83971, -22.58479 ], [ -50.84633, -22.61749 ], [ -50.84327, -22.62611 ], [ -50.83436, -22.63013 ], [ -50.82717, -22.64845 ], [ -50.83335, -22.65405 ], [ -50.83344, -22.65876 ], [ -50.83918, -22.65482 ], [ -50.84015, -22.6591 ], [ -50.84413, -22.65713 ], [ -50.84652, -22.66064 ], [ -50.85071, -22.6607 ], [ -50.85313, -22.65518 ], [ -50.85553, -22.65467 ], [ -50.8604, -22.66013 ], [ -50.86459, -22.65468 ], [ -50.86619, -22.66111 ], [ -50.86869, -22.65603 ], [ -50.88277, -22.64904 ], [ -50.88627, -22.65082 ], [ -50.8829, -22.6528 ], [ -50.88914, -22.65578 ], [ -50.89464, -22.6497 ], [ -50.89881, -22.64859 ], [ -50.89767, -22.64455 ], [ -50.90525, -22.63743 ], [ -50.91061, -22.63859 ], [ -50.91122, -22.6443 ], [ -50.91495, -22.64821 ], [ -50.92321, -22.64272 ], [ -50.92592, -22.64614 ], [ -50.92309, -22.64998 ], [ -50.92669, -22.65158 ], [ -50.92349, -22.65576 ], [ -50.92817, -22.66125 ], [ -50.92529, -22.66414 ], [ -50.93164, -22.66607 ], [ -50.93007, -22.66914 ], [ -50.93282, -22.67221 ], [ -50.94266, -22.66877 ], [ -50.94334, -22.67295 ], [ -50.94919, -22.6775 ], [ -50.95001, -22.68445 ], [ -50.94599, -22.68741 ], [ -50.94937, -22.6884 ], [ -50.95285, -22.69449 ], [ -50.94851, -22.70078 ], [ -50.94241, -22.70257 ], [ -50.94235, -22.70604 ], [ -50.94522, -22.70835 ], [ -50.94259, -22.71087 ], [ -50.93803, -22.7106 ], [ -50.93751, -22.71326 ], [ -50.9408, -22.72069 ], [ -50.93401, -22.72503 ], [ -50.93902, -22.72778 ], [ -50.93837, -22.73081 ], [ -50.94508, -22.72844 ], [ -50.94244, -22.73198 ], [ -50.94467, -22.73634 ], [ -50.94377, -22.74026 ], [ -50.93826, -22.74008 ], [ -50.9412, -22.74457 ], [ -50.93936, -22.75005 ], [ -50.94681, -22.74965 ], [ -50.9504, -22.74614 ], [ -50.9488, -22.75144 ], [ -50.95154, -22.75527 ], [ -50.95364, -22.75215 ], [ -50.95181, -22.75006 ], [ -50.95748, -22.75023 ], [ -50.96188, -22.74682 ], [ -50.96117, -22.7494 ], [ -50.96768, -22.75633 ], [ -50.96308, -22.75721 ], [ -50.96317, -22.76266 ], [ -50.9592, -22.76307 ], [ -50.96378, -22.76549 ], [ -50.96444, -22.77063 ], [ -50.96703, -22.76905 ], [ -50.96737, -22.76424 ], [ -50.97251, -22.7686 ], [ -50.97793, -22.76823 ], [ -50.9776, -22.76617 ], [ -50.98032, -22.76723 ], [ -50.97756, -22.77369 ], [ -50.98029, -22.77781 ], [ -50.97855, -22.77948 ], [ -50.9824, -22.78114 ], [ -50.97905, -22.78095 ], [ -50.97894, -22.78281 ], [ -51.00176, -22.79383 ] ] ] } },
{ "type": "Feature", "properties": { "rc": "RC 07.03", "uba": "Marília", "regional": "DR 07", "regional_cgr": "CGR 07" }, "geometry": { "type": "Polygon", "coordinates": [ [ [ -50.01014, -22.78397 ], [ -50.02416, -22.77889 ], [ -50.02156, -22.77338 ], [ -50.02233, -22.76354 ], [ -50.01964, -22.76097 ], [ -50.02236, -22.75732 ], [ -50.02024, -22.75036 ], [ -50.02246, -22.74664 ], [ -50.03342, -22.74518 ], [ -50.03811, -22.72427 ], [ -50.04281, -22.72236 ], [ -50.0501, -22.72336 ], [ -50.06083, -22.70899 ], [ -50.07831, -22.69224 ], [ -50.08928, -22.68449 ], [ -50.10331, -22.68226 ], [ -50.10739, -22.67905 ], [ -50.10885, -22.66981 ], [ -50.10351, -22.65717 ], [ -50.09259, -22.64149 ], [ -50.09246, -22.63573 ], [ -50.09633, -22.62625 ], [ -50.10258, -22.623 ], [ -50.10124, -22.61022 ], [ -50.12186, -22.58602 ], [ -50.13059, -22.58177 ], [ -50.13899, -22.57361 ], [ -50.15529, -22.58869 ], [ -50.16355, -22.59244 ], [ -50.16933, -22.5922 ], [ -50.16865, -22.58573 ], [ -50.17396, -22.56914 ], [ -50.1837, -22.55735 ], [ -50.18679, -22.54712 ], [ -50.20088, -22.54323 ], [ -50.21774, -22.52997 ], [ -50.2298, -22.52435 ], [ -50.23305, -22.52459 ], [ -50.23486, -22.5328 ], [ -50.24311, -22.53947 ], [ -50.24324, -22.54358 ], [ -50.25211, -22.55347 ], [ -50.26124, -22.55806 ], [ -50.26375, -22.56197 ], [ -50.27926, -22.55551 ], [ -50.2964, -22.55175 ], [ -50.3012, -22.5446 ], [ -50.31346, -22.54721 ], [ -50.3207, -22.54207 ], [ -50.32143, -22.53404 ], [ -50.32846, -22.52572 ], [ -50.33106, -22.50599 ], [ -50.3414, -22.49526 ], [ -50.34411, -22.49115 ], [ -50.34352, -22.48766 ], [ -50.35001, -22.47842 ], [ -50.34759, -22.47205 ], [ -50.34444, -22.47039 ], [ -50.34155, -22.46069 ], [ -50.33541, -22.45344 ], [ -50.33627, -22.44449 ], [ -50.3197, -22.44299 ], [ -50.30686, -22.43596 ], [ -50.30246, -22.43181 ], [ -50.29945, -22.4244 ], [ -50.30057, -22.42176 ], [ -50.28948, -22.41938 ], [ -50.28243, -22.41379 ], [ -50.27533, -22.39788 ], [ -50.26358, -22.39267 ], [ -50.25219, -22.3809 ], [ -50.24175, -22.38153 ], [ -50.23688, -22.37903 ], [ -50.24193, -22.37953 ], [ -50.27106, -22.36773 ], [ -50.27578, -22.37131 ], [ -50.27966, -22.36924 ], [ -50.29277, -22.37009 ], [ -50.30208, -22.36435 ], [ -50.30623, -22.36422 ], [ -50.30974, -22.35845 ], [ -50.31517, -22.3557 ], [ -50.31904, -22.35853 ], [ -50.33092, -22.35901 ], [ -50.32872, -22.35012 ], [ -50.32928, -22.3447 ], [ -50.33263, -22.34141 ], [ -50.33256, -22.32715 ], [ -50.3286, -22.3186 ], [ -50.33145, -22.30894 ], [ -50.32953, -22.29841 ], [ -50.33104, -22.29601 ], [ -50.32617, -22.29241 ], [ -50.32853, -22.28769 ], [ -50.32609, -22.28292 ], [ -50.32989, -22.27984 ], [ -50.32861, -22.27721 ], [ -50.32501, -22.27691 ], [ -50.32499, -22.27059 ], [ -50.32022, -22.26798 ], [ -50.31986, -22.2643 ], [ -50.31432, -22.25807 ], [ -50.3154, -22.25479 ], [ -50.30983, -22.24845 ], [ -50.31216, -22.2449 ], [ -50.31193, -22.23867 ], [ -50.30845, -22.23441 ], [ -50.31004, -22.22968 ], [ -50.30443, -22.21834 ], [ -50.30366, -22.20971 ], [ -50.29537, -22.20878 ], [ -50.29288, -22.21123 ], [ -50.28231, -22.21302 ], [ -50.27052, -22.21158 ], [ -50.26531, -22.21395 ], [ -50.2563, -22.21338 ], [ -50.25145, -22.22335 ], [ -50.24802, -22.2222 ], [ -50.24436, -22.22755 ], [ -50.23221, -22.23164 ], [ -50.22429, -22.24233 ], [ -50.22091, -22.24152 ], [ -50.21802, -22.23483 ], [ -50.2149, -22.23352 ], [ -50.20899, -22.23871 ], [ -50.20247, -22.23982 ], [ -50.19908, -22.24589 ], [ -50.19079, -22.24442 ], [ -50.18653, -22.25017 ], [ -50.17916, -22.24613 ], [ -50.17282, -22.24631 ], [ -50.16707, -22.24158 ], [ -50.16506, -22.23326 ], [ -50.15805, -22.22475 ], [ -50.16207, -22.21783 ], [ -50.15983, -22.20935 ], [ -50.17065, -22.18977 ], [ -50.15634, -22.17629 ], [ -50.15174, -22.16623 ], [ -50.1421, -22.16245 ], [ -50.14155, -22.1525 ], [ -50.13531, -22.14959 ], [ -50.13877, -22.1386 ], [ -50.1351, -22.1358 ], [ -50.13466, -22.13029 ], [ -50.13833, -22.12215 ], [ -50.13227, -22.10889 ], [ -50.12453, -22.10467 ], [ -50.10641, -22.06689 ], [ -50.10128, -22.06139 ], [ -50.10416, -22.05137 ], [ -50.10179, -22.04141 ], [ -50.10311, -22.03485 ], [ -50.09362, -22.02795 ], [ -50.08717, -22.02656 ], [ -50.07211, -22.03268 ], [ -50.05516, -22.04376 ], [ -50.04913, -22.04494 ], [ -50.04345, -22.02951 ], [ -50.04658, -22.01511 ], [ -50.05157, -22.01333 ], [ -50.06158, -22.0029 ], [ -50.06174, -21.99278 ], [ -50.05823, -21.98212 ], [ -50.06706, -21.95522 ], [ -50.07705, -21.95212 ], [ -50.07709, -21.94194 ], [ -50.08385, -21.93067 ], [ -50.08015, -21.90861 ], [ -50.0713, -21.89412 ], [ -50.06658, -21.89065 ], [ -50.05947, -21.87559 ], [ -50.04669, -21.88436 ], [ -50.02973, -21.88812 ], [ -50.02858, -21.89766 ], [ -50.0157, -21.90945 ], [ -50.01794, -21.91376 ], [ -50.01266, -21.92465 ], [ -50.00993, -21.92365 ], [ -49.99831, -21.92796 ], [ -49.98122, -21.94049 ], [ -49.96547, -21.93889 ], [ -49.951, -21.94531 ], [ -49.94824, -21.95166 ], [ -49.92192, -21.95614 ], [ -49.91427, -21.95986 ], [ -49.91165, -21.95882 ], [ -49.90704, -21.96302 ], [ -49.89561, -21.96686 ], [ -49.89114, -21.96605 ], [ -49.88503, -21.97092 ], [ -49.86837, -21.96029 ], [ -49.82925, -21.94784 ], [ -49.81587, -21.93519 ], [ -49.815, -21.92822 ], [ -49.82846, -21.9183 ], [ -49.81319, -21.90116 ], [ -49.80871, -21.88967 ], [ -49.78758, -21.90814 ], [ -49.78471, -21.90835 ], [ -49.77823, -21.91596 ], [ -49.76857, -21.91523 ], [ -49.76774, -21.92164 ], [ -49.77108, -21.92867 ], [ -49.76687, -21.93354 ], [ -49.75752, -21.93208 ], [ -49.74926, -21.93695 ], [ -49.73441, -21.93942 ], [ -49.74015, -21.94919 ], [ -49.73734, -21.97036 ], [ -49.74716, -21.9786 ], [ -49.74976, -21.98935 ], [ -49.75379, -21.99307 ], [ -49.75307, -22.0038 ], [ -49.75817, -22.00787 ], [ -49.75098, -22.01005 ], [ -49.74189, -22.01699 ], [ -49.73451, -22.01727 ], [ -49.73955, -22.02294 ], [ -49.73711, -22.0294 ], [ -49.72774, -22.03056 ], [ -49.72564, -22.03471 ], [ -49.71206, -22.03674 ], [ -49.70623, -22.04038 ], [ -49.70493, -22.04672 ], [ -49.6938, -22.04504 ], [ -49.68774, -22.04848 ], [ -49.68476, -22.05741 ], [ -49.66575, -22.06165 ], [ -49.66163, -22.07612 ], [ -49.6556, -22.0768 ], [ -49.65049, -22.0669 ], [ -49.63975, -22.06928 ], [ -49.63703, -22.07453 ], [ -49.63355, -22.0755 ], [ -49.63294, -22.08017 ], [ -49.62657, -22.08587 ], [ -49.62078, -22.09658 ], [ -49.6225, -22.1123 ], [ -49.6184, -22.11327 ], [ -49.61051, -22.10857 ], [ -49.60292, -22.10792 ], [ -49.59595, -22.10928 ], [ -49.59266, -22.11238 ], [ -49.58489, -22.11237 ], [ -49.58687, -22.12451 ], [ -49.57773, -22.12905 ], [ -49.57125, -22.13842 ], [ -49.56277, -22.1385 ], [ -49.556, -22.12978 ], [ -49.55522, -22.13482 ], [ -49.56045, -22.14442 ], [ -49.55122, -22.15038 ], [ -49.52435, -22.15336 ], [ -49.53008, -22.17219 ], [ -49.52939, -22.18129 ], [ -49.51163, -22.18924 ], [ -49.51098, -22.19863 ], [ -49.50719, -22.2013 ], [ -49.50707, -22.20967 ], [ -49.49967, -22.21275 ], [ -49.4938, -22.22385 ], [ -49.49551, -22.22984 ], [ -49.48891, -22.23448 ], [ -49.48487, -22.23386 ], [ -49.47906, -22.2383 ], [ -49.46943, -22.24097 ], [ -49.46543, -22.24466 ], [ -49.46257, -22.24484 ], [ -49.4591, -22.24068 ], [ -49.45271, -22.25779 ], [ -49.43677, -22.27023 ], [ -49.43881, -22.27314 ], [ -49.43523, -22.28297 ], [ -49.43576, -22.28812 ], [ -49.44082, -22.30289 ], [ -49.43468, -22.29981 ], [ -49.43116, -22.29355 ], [ -49.42264, -22.29365 ], [ -49.42555, -22.29522 ], [ -49.42685, -22.30285 ], [ -49.42939, -22.30508 ], [ -49.42835, -22.31022 ], [ -49.43773, -22.32337 ], [ -49.44078, -22.32695 ], [ -49.44958, -22.32843 ], [ -49.45201, -22.33331 ], [ -49.45884, -22.33705 ], [ -49.47038, -22.32673 ], [ -49.47582, -22.32588 ], [ -49.47987, -22.32053 ], [ -49.4916, -22.31872 ], [ -49.49578, -22.30991 ], [ -49.50595, -22.31837 ], [ -49.5358, -22.31972 ], [ -49.54599, -22.32944 ], [ -49.56413, -22.32508 ], [ -49.57011, -22.32587 ], [ -49.57731, -22.3346 ], [ -49.57463, -22.34341 ], [ -49.57796, -22.34617 ], [ -49.57897, -22.35103 ], [ -49.58449, -22.35487 ], [ -49.58478, -22.36475 ], [ -49.59946, -22.36714 ], [ -49.59974, -22.37672 ], [ -49.60741, -22.38745 ], [ -49.60894, -22.39229 ], [ -49.60289, -22.39861 ], [ -49.60236, -22.41426 ], [ -49.60605, -22.41746 ], [ -49.61047, -22.417 ], [ -49.61913, -22.42523 ], [ -49.61771, -22.43138 ], [ -49.61326, -22.43488 ], [ -49.61402, -22.43907 ], [ -49.609, -22.43936 ], [ -49.60397, -22.4429 ], [ -49.60566, -22.44803 ], [ -49.60365, -22.45372 ], [ -49.59587, -22.45498 ], [ -49.59636, -22.45901 ], [ -49.61125, -22.46673 ], [ -49.6291, -22.46842 ], [ -49.63718, -22.45753 ], [ -49.63682, -22.44596 ], [ -49.6407, -22.4398 ], [ -49.64648, -22.43619 ], [ -49.6644, -22.46259 ], [ -49.67469, -22.46842 ], [ -49.68187, -22.46645 ], [ -49.68697, -22.4596 ], [ -49.69493, -22.45532 ], [ -49.6967, -22.44883 ], [ -49.70219, -22.44669 ], [ -49.70396, -22.43909 ], [ -49.71876, -22.45216 ], [ -49.72148, -22.46351 ], [ -49.7275, -22.46338 ], [ -49.73254, -22.4672 ], [ -49.73785, -22.46628 ], [ -49.74378, -22.46993 ], [ -49.74963, -22.47857 ], [ -49.74972, -22.49251 ], [ -49.75898, -22.49762 ], [ -49.7611, -22.50356 ], [ -49.78185, -22.50168 ], [ -49.81849, -22.52625 ], [ -49.82489, -22.52507 ], [ -49.83443, -22.51889 ], [ -49.84057, -22.5221 ], [ -49.85036, -22.52271 ], [ -49.84913, -22.51658 ], [ -49.85346, -22.51205 ], [ -49.86478, -22.51262 ], [ -49.88527, -22.50532 ], [ -49.88831, -22.52209 ], [ -49.88616, -22.53291 ], [ -49.88776, -22.54106 ], [ -49.89248, -22.54874 ], [ -49.88747, -22.56235 ], [ -49.88927, -22.57399 ], [ -49.88673, -22.591 ], [ -49.89194, -22.60008 ], [ -49.88587, -22.60647 ], [ -49.89015, -22.62695 ], [ -49.8901, -22.63281 ], [ -49.88647, -22.63995 ], [ -49.89208, -22.64881 ], [ -49.89065, -22.65486 ], [ -49.90042, -22.66207 ], [ -49.90269, -22.66662 ], [ -49.90775, -22.66811 ], [ -49.91387, -22.66329 ], [ -49.92496, -22.67475 ], [ -49.93368, -22.67813 ], [ -49.94492, -22.68054 ], [ -49.95166, -22.67923 ], [ -49.9586, -22.68359 ], [ -49.9722, -22.68421 ], [ -49.97336, -22.7118 ], [ -49.98289, -22.72045 ], [ -49.99189, -22.74749 ], [ -49.99706, -22.75544 ], [ -50.00024, -22.77114 ], [ -50.01014, -22.78397 ] ] ] } },
{ "type": "Feature", "properties": { "rc": "RC 02.05", "uba": "Sorocaba", "regional": "DR 02", "regional_cgr": "CGR 02" }, "geometry": { "type": "Polygon", "coordinates": [ [ [ -47.57798, -23.75629 ], [ -47.61878, -23.75634 ], [ -47.61697, -23.75129 ], [ -47.62048, -23.7441 ], [ -47.61951, -23.73693 ], [ -47.62807, -23.73239 ], [ -47.6314, -23.72658 ], [ -47.63196, -23.71813 ], [ -47.63509, -23.71192 ], [ -47.63312, -23.70675 ], [ -47.63796, -23.70787 ], [ -47.64179, -23.70404 ], [ -47.64026, -23.70181 ], [ -47.64436, -23.69949 ], [ -47.64316, -23.69605 ], [ -47.64523, -23.69395 ], [ -47.64108, -23.69213 ], [ -47.64158, -23.68517 ], [ -47.64694, -23.67732 ], [ -47.65828, -23.67885 ], [ -47.66699, -23.69033 ], [ -47.6733, -23.69269 ], [ -47.68163, -23.69178 ], [ -47.67924, -23.68585 ], [ -47.68211, -23.68149 ], [ -47.67921, -23.67916 ], [ -47.67938, -23.67432 ], [ -47.68288, -23.67265 ], [ -47.68517, -23.66193 ], [ -47.67882, -23.65029 ], [ -47.68629, -23.64278 ], [ -47.68548, -23.63942 ], [ -47.68956, -23.6365 ], [ -47.69519, -23.63707 ], [ -47.69595, -23.63425 ], [ -47.69724, -23.63374 ], [ -47.70552, -23.63638 ], [ -47.70585, -23.62869 ], [ -47.70874, -23.62911 ], [ -47.70857, -23.62562 ], [ -47.71084, -23.62478 ], [ -47.71319, -23.62634 ], [ -47.7119, -23.62924 ], [ -47.71678, -23.62881 ], [ -47.71778, -23.62574 ], [ -47.71517, -23.62486 ], [ -47.71858, -23.61974 ], [ -47.72301, -23.62517 ], [ -47.72438, -23.62355 ], [ -47.7253, -23.62968 ], [ -47.72886, -23.63078 ], [ -47.72876, -23.62836 ], [ -47.73734, -23.62432 ], [ -47.73145, -23.62001 ], [ -47.73188, -23.61532 ], [ -47.73788, -23.614 ], [ -47.73097, -23.6125 ], [ -47.73636, -23.60766 ], [ -47.73181, -23.6022 ], [ -47.74088, -23.60381 ], [ -47.74369, -23.60952 ], [ -47.74822, -23.61099 ], [ -47.74729, -23.60689 ], [ -47.74541, -23.60687 ], [ -47.74931, -23.6034 ], [ -47.75346, -23.60634 ], [ -47.75343, -23.59512 ], [ -47.76501, -23.59305 ], [ -47.76316, -23.58758 ], [ -47.75924, -23.5853 ], [ -47.75876, -23.58073 ], [ -47.75301, -23.58055 ], [ -47.75508, -23.57625 ], [ -47.74459, -23.57578 ], [ -47.75079, -23.56724 ], [ -47.75713, -23.56682 ], [ -47.75607, -23.56485 ], [ -47.7603, -23.56066 ], [ -47.7575, -23.55775 ], [ -47.74555, -23.55577 ], [ -47.73792, -23.54944 ], [ -47.73659, -23.54379 ], [ -47.71767, -23.53411 ], [ -47.71483, -23.52067 ], [ -47.70208, -23.51118 ], [ -47.70387, -23.50689 ], [ -47.69727, -23.49362 ], [ -47.69325, -23.4931 ], [ -47.68775, -23.48601 ], [ -47.67002, -23.47338 ], [ -47.65123, -23.46692 ], [ -47.6504, -23.45838 ], [ -47.65454, -23.45307 ], [ -47.65038, -23.44535 ], [ -47.65472, -23.43242 ], [ -47.66198, -23.42857 ], [ -47.66828, -23.42926 ], [ -47.67466, -23.42675 ], [ -47.68308, -23.41582 ], [ -47.68388, -23.40593 ], [ -47.68766, -23.4013 ], [ -47.68422, -23.39307 ], [ -47.68759, -23.39294 ], [ -47.69691, -23.39898 ], [ -47.70181, -23.39758 ], [ -47.70723, -23.39088 ], [ -47.72554, -23.3852 ], [ -47.72503, -23.38203 ], [ -47.72943, -23.37973 ], [ -47.72842, -23.36897 ], [ -47.73057, -23.36711 ], [ -47.73035, -23.3602 ], [ -47.72637, -23.35751 ], [ -47.72634, -23.35404 ], [ -47.73031, -23.3512 ], [ -47.7325, -23.35221 ], [ -47.73201, -23.3496 ], [ -47.73402, -23.34909 ], [ -47.73628, -23.35045 ], [ -47.73599, -23.35729 ], [ -47.74485, -23.34289 ], [ -47.73673, -23.33109 ], [ -47.74106, -23.32955 ], [ -47.74275, -23.33278 ], [ -47.74496, -23.32918 ], [ -47.74731, -23.32954 ], [ -47.75787, -23.33807 ], [ -47.75677, -23.32463 ], [ -47.75949, -23.32436 ], [ -47.76068, -23.3211 ], [ -47.76816, -23.32827 ], [ -47.77921, -23.31991 ], [ -47.77946, -23.31484 ], [ -47.77065, -23.31358 ], [ -47.76628, -23.30984 ], [ -47.76931, -23.30492 ], [ -47.76604, -23.30536 ], [ -47.76254, -23.30179 ], [ -47.76726, -23.3018 ], [ -47.76681, -23.29882 ], [ -47.77225, -23.29604 ], [ -47.77273, -23.29312 ], [ -47.7763, -23.29416 ], [ -47.77376, -23.29051 ], [ -47.76918, -23.29032 ], [ -47.77026, -23.28505 ], [ -47.76114, -23.28311 ], [ -47.77056, -23.28109 ], [ -47.7678, -23.27401 ], [ -47.77804, -23.27074 ], [ -47.7766, -23.2688 ], [ -47.77057, -23.27137 ], [ -47.76679, -23.26578 ], [ -47.76795, -23.26297 ], [ -47.7721, -23.26186 ], [ -47.77743, -23.26564 ], [ -47.78003, -23.26321 ], [ -47.76987, -23.25556 ], [ -47.77215, -23.2518 ], [ -47.76174, -23.24204 ], [ -47.75038, -23.23934 ], [ -47.74181, -23.2292 ], [ -47.71967, -23.23424 ], [ -47.70201, -23.22776 ], [ -47.70645, -23.21957 ], [ -47.70424, -23.21596 ], [ -47.69184, -23.21867 ], [ -47.68978, -23.22333 ], [ -47.68491, -23.21994 ], [ -47.67973, -23.21995 ], [ -47.66614, -23.21086 ], [ -47.6587, -23.20133 ], [ -47.64564, -23.19379 ], [ -47.63938, -23.19525 ], [ -47.62929, -23.19165 ], [ -47.61664, -23.18249 ], [ -47.61732, -23.17409 ], [ -47.61333, -23.16807 ], [ -47.61569, -23.16021 ], [ -47.60961, -23.14868 ], [ -47.60147, -23.15182 ], [ -47.59451, -23.14948 ], [ -47.58759, -23.15336 ], [ -47.58333, -23.15066 ], [ -47.59545, -23.13919 ], [ -47.5973, -23.1311 ], [ -47.60503, -23.13106 ], [ -47.61873, -23.14116 ], [ -47.62507, -23.14125 ], [ -47.62406, -23.13205 ], [ -47.6286, -23.12588 ], [ -47.63026, -23.11694 ], [ -47.62775, -23.10923 ], [ -47.62164, -23.11546 ], [ -47.61456, -23.10936 ], [ -47.61608, -23.10656 ], [ -47.61276, -23.10621 ], [ -47.61171, -23.10128 ], [ -47.60708, -23.09856 ], [ -47.59766, -23.09932 ], [ -47.5922, -23.10307 ], [ -47.58127, -23.10369 ], [ -47.57268, -23.09833 ], [ -47.56763, -23.09883 ], [ -47.56564, -23.09692 ], [ -47.56658, -23.09394 ], [ -47.56296, -23.09066 ], [ -47.55354, -23.09844 ], [ -47.54206, -23.0983 ], [ -47.53803, -23.10166 ], [ -47.52991, -23.10135 ], [ -47.52706, -23.09586 ], [ -47.51405, -23.0924 ], [ -47.50083, -23.09421 ], [ -47.48973, -23.10553 ], [ -47.48577, -23.1153 ], [ -47.47883, -23.12379 ], [ -47.46307, -23.12439 ], [ -47.46769, -23.11778 ], [ -47.46479, -23.1088 ], [ -47.45232, -23.10582 ], [ -47.43405, -23.10645 ], [ -47.42803, -23.10074 ], [ -47.41955, -23.11328 ], [ -47.41194, -23.11957 ], [ -47.4153, -23.12777 ], [ -47.41328, -23.13266 ], [ -47.41961, -23.14022 ], [ -47.42272, -23.14887 ], [ -47.42317, -23.15639 ], [ -47.41836, -23.16805 ], [ -47.41178, -23.16385 ], [ -47.39777, -23.16151 ], [ -47.39182, -23.15491 ], [ -47.38399, -23.15419 ], [ -47.38131, -23.15111 ], [ -47.37733, -23.15269 ], [ -47.37217, -23.14449 ], [ -47.36132, -23.14134 ], [ -47.35006, -23.13003 ], [ -47.34947, -23.11779 ], [ -47.34186, -23.11691 ], [ -47.33928, -23.11076 ], [ -47.32762, -23.11458 ], [ -47.3245, -23.12241 ], [ -47.3207, -23.12346 ], [ -47.30044, -23.11311 ], [ -47.30541, -23.1338 ], [ -47.29987, -23.13873 ], [ -47.29256, -23.15461 ], [ -47.28709, -23.15772 ], [ -47.27396, -23.15128 ], [ -47.27023, -23.14547 ], [ -47.26001, -23.14708 ], [ -47.25547, -23.15608 ], [ -47.25778, -23.16137 ], [ -47.25717, -23.1689 ], [ -47.25016, -23.1736 ], [ -47.25216, -23.17486 ], [ -47.24455, -23.1829 ], [ -47.23873, -23.18437 ], [ -47.23217, -23.1807 ], [ -47.22516, -23.18087 ], [ -47.19569, -23.18656 ], [ -47.18931, -23.19293 ], [ -47.15632, -23.20154 ], [ -47.12955, -23.20283 ], [ -47.12764, -23.21377 ], [ -47.1172, -23.22188 ], [ -47.1161, -23.22595 ], [ -47.1216, -23.22935 ], [ -47.12197, -23.23316 ], [ -47.13222, -23.24683 ], [ -47.14684, -23.25537 ], [ -47.17114, -23.25718 ], [ -47.17749, -23.25595 ], [ -47.18215, -23.24773 ], [ -47.18531, -23.24858 ], [ -47.19063, -23.24581 ], [ -47.19115, -23.2696 ], [ -47.18602, -23.28454 ], [ -47.17985, -23.29326 ], [ -47.16813, -23.29359 ], [ -47.16751, -23.30171 ], [ -47.16113, -23.30733 ], [ -47.16163, -23.31106 ], [ -47.16642, -23.31202 ], [ -47.16147, -23.32033 ], [ -47.16428, -23.32322 ], [ -47.17356, -23.32521 ], [ -47.16972, -23.33435 ], [ -47.17087, -23.33722 ], [ -47.16492, -23.34239 ], [ -47.15766, -23.34261 ], [ -47.14214, -23.34819 ], [ -47.13655, -23.35818 ], [ -47.1377, -23.36867 ], [ -47.13148, -23.37482 ], [ -47.13413, -23.38141 ], [ -47.13827, -23.3834 ], [ -47.14063, -23.38899 ], [ -47.13929, -23.39059 ], [ -47.14216, -23.39176 ], [ -47.13907, -23.39668 ], [ -47.14021, -23.40127 ], [ -47.13685, -23.40125 ], [ -47.13512, -23.40426 ], [ -47.14044, -23.40695 ], [ -47.13711, -23.40968 ], [ -47.1384, -23.4115 ], [ -47.14508, -23.41422 ], [ -47.15479, -23.41382 ], [ -47.15716, -23.4176 ], [ -47.16336, -23.41707 ], [ -47.17002, -23.41967 ], [ -47.18722, -23.41774 ], [ -47.18909, -23.43472 ], [ -47.18577, -23.44123 ], [ -47.17654, -23.44444 ], [ -47.17454, -23.45309 ], [ -47.17714, -23.45592 ], [ -47.17737, -23.46532 ], [ -47.18716, -23.48222 ], [ -47.18313, -23.4915 ], [ -47.18427, -23.49793 ], [ -47.17982, -23.50179 ], [ -47.16958, -23.50363 ], [ -47.16588, -23.5179 ], [ -47.16224, -23.51976 ], [ -47.16534, -23.52404 ], [ -47.16266, -23.52545 ], [ -47.15778, -23.53889 ], [ -47.16256, -23.54537 ], [ -47.16979, -23.5487 ], [ -47.16935, -23.56059 ], [ -47.17642, -23.57401 ], [ -47.17438, -23.57633 ], [ -47.18488, -23.59242 ], [ -47.18332, -23.60213 ], [ -47.18953, -23.60534 ], [ -47.19272, -23.60382 ], [ -47.20193, -23.60666 ], [ -47.20891, -23.61295 ], [ -47.20595, -23.61702 ], [ -47.23394, -23.61692 ], [ -47.25036, -23.6203 ], [ -47.2611, -23.61507 ], [ -47.27003, -23.61418 ], [ -47.26782, -23.60856 ], [ -47.2691, -23.60263 ], [ -47.27569, -23.59669 ], [ -47.29664, -23.60358 ], [ -47.29924, -23.60646 ], [ -47.29938, -23.61359 ], [ -47.30904, -23.62153 ], [ -47.32581, -23.62371 ], [ -47.32811, -23.6176 ], [ -47.33655, -23.61138 ], [ -47.35747, -23.62135 ], [ -47.36203, -23.62969 ], [ -47.36784, -23.634 ], [ -47.38312, -23.6313 ], [ -47.39112, -23.63312 ], [ -47.39719, -23.62595 ], [ -47.40799, -23.61904 ], [ -47.41809, -23.62045 ], [ -47.42407, -23.62428 ], [ -47.44254, -23.62079 ], [ -47.45232, -23.62422 ], [ -47.46138, -23.62927 ], [ -47.46399, -23.63856 ], [ -47.47064, -23.63688 ], [ -47.47223, -23.64226 ], [ -47.47703, -23.64147 ], [ -47.48271, -23.64626 ], [ -47.49399, -23.64981 ], [ -47.49696, -23.6581 ], [ -47.48908, -23.67025 ], [ -47.48689, -23.68462 ], [ -47.49219, -23.68463 ], [ -47.49209, -23.68824 ], [ -47.49703, -23.6941 ], [ -47.51226, -23.70073 ], [ -47.51456, -23.7051 ], [ -47.52079, -23.7054 ], [ -47.52582, -23.70182 ], [ -47.52739, -23.70588 ], [ -47.52433, -23.7092 ], [ -47.52617, -23.71621 ], [ -47.53541, -23.71577 ], [ -47.5405, -23.71819 ], [ -47.54117, -23.722 ], [ -47.54444, -23.71988 ], [ -47.55232, -23.72246 ], [ -47.55541, -23.71863 ], [ -47.56044, -23.71837 ], [ -47.55742, -23.71584 ], [ -47.55971, -23.71234 ], [ -47.56453, -23.71579 ], [ -47.57239, -23.71559 ], [ -47.57485, -23.71345 ], [ -47.57878, -23.71685 ], [ -47.57981, -23.72297 ], [ -47.58864, -23.729 ], [ -47.58517, -23.73235 ], [ -47.5865, -23.73599 ], [ -47.58412, -23.742 ], [ -47.57921, -23.74625 ], [ -47.57856, -23.75133 ], [ -47.57467, -23.75299 ], [ -47.57798, -23.75629 ] ] ] } },
{ "type": "Feature", "properties": { "rc": "RC 03.03", "uba": "Pirajuí", "regional": "DR 03", "regional_cgr": "CGR 03" }, "geometry": { "type": "Polygon", "coordinates": [ [ [ -49.29077, -22.34685 ], [ -49.29713, -22.344 ], [ -49.30178, -22.33794 ], [ -49.31048, -22.33596 ], [ -49.32427, -22.3205 ], [ -49.36548, -22.31612 ], [ -49.38257, -22.31191 ], [ -49.38632, -22.31641 ], [ -49.40871, -22.31891 ], [ -49.41305, -22.31684 ], [ -49.41354, -22.30901 ], [ -49.4239, -22.2979 ], [ -49.42354, -22.29279 ], [ -49.43224, -22.29411 ], [ -49.43468, -22.29981 ], [ -49.44082, -22.30289 ], [ -49.43576, -22.28812 ], [ -49.43523, -22.28297 ], [ -49.43881, -22.27314 ], [ -49.43677, -22.27023 ], [ -49.45271, -22.25779 ], [ -49.4591, -22.24068 ], [ -49.46257, -22.24484 ], [ -49.46543, -22.24466 ], [ -49.46943, -22.24097 ], [ -49.47906, -22.2383 ], [ -49.48487, -22.23386 ], [ -49.48891, -22.23448 ], [ -49.49551, -22.22984 ], [ -49.4938, -22.22385 ], [ -49.49967, -22.21275 ], [ -49.50707, -22.20967 ], [ -49.50719, -22.2013 ], [ -49.51098, -22.19863 ], [ -49.51163, -22.18924 ], [ -49.52939, -22.18129 ], [ -49.53008, -22.17219 ], [ -49.52435, -22.15336 ], [ -49.55122, -22.15038 ], [ -49.56045, -22.14442 ], [ -49.55522, -22.13482 ], [ -49.556, -22.12978 ], [ -49.56277, -22.1385 ], [ -49.57125, -22.13842 ], [ -49.57773, -22.12905 ], [ -49.58687, -22.12451 ], [ -49.58489, -22.11237 ], [ -49.59266, -22.11238 ], [ -49.59595, -22.10928 ], [ -49.60292, -22.10792 ], [ -49.61051, -22.10857 ], [ -49.6184, -22.11327 ], [ -49.6225, -22.1123 ], [ -49.62078, -22.09658 ], [ -49.62657, -22.08587 ], [ -49.63294, -22.08017 ], [ -49.63355, -22.0755 ], [ -49.63703, -22.07453 ], [ -49.63975, -22.06928 ], [ -49.65049, -22.0669 ], [ -49.6556, -22.0768 ], [ -49.66163, -22.07612 ], [ -49.66575, -22.06165 ], [ -49.68476, -22.05741 ], [ -49.68774, -22.04848 ], [ -49.6938, -22.04504 ], [ -49.70493, -22.04672 ], [ -49.70623, -22.04038 ], [ -49.71206, -22.03674 ], [ -49.72564, -22.03471 ], [ -49.72774, -22.03056 ], [ -49.73711, -22.0294 ], [ -49.73955, -22.02294 ], [ -49.73451, -22.01727 ], [ -49.74189, -22.01699 ], [ -49.75098, -22.01005 ], [ -49.75817, -22.00787 ], [ -49.75307, -22.0038 ], [ -49.75379, -21.99307 ], [ -49.74976, -21.98935 ], [ -49.74716, -21.9786 ], [ -49.73734, -21.97036 ], [ -49.74015, -21.94919 ], [ -49.73441, -21.93942 ], [ -49.74926, -21.93695 ], [ -49.75752, -21.93208 ], [ -49.76687, -21.93354 ], [ -49.77108, -21.92867 ], [ -49.76774, -21.92164 ], [ -49.76857, -21.91523 ], [ -49.77823, -21.91596 ], [ -49.78471, -21.90835 ], [ -49.78758, -21.90814 ], [ -49.80871, -21.88967 ], [ -49.81319, -21.90116 ], [ -49.82846, -21.9183 ], [ -49.815, -21.92822 ], [ -49.81587, -21.93519 ], [ -49.82925, -21.94784 ], [ -49.86837, -21.96029 ], [ -49.88463, -21.97094 ], [ -49.89114, -21.96605 ], [ -49.89561, -21.96686 ], [ -49.90704, -21.96302 ], [ -49.91165, -21.95882 ], [ -49.91427, -21.95986 ], [ -49.92192, -21.95614 ], [ -49.94824, -21.95166 ], [ -49.951, -21.94531 ], [ -49.96547, -21.93889 ], [ -49.98122, -21.94049 ], [ -49.99831, -21.92796 ], [ -50.00993, -21.92365 ], [ -50.01266, -21.92465 ], [ -50.01794, -21.91376 ], [ -50.0157, -21.90945 ], [ -50.02858, -21.89766 ], [ -50.02779, -21.89301 ], [ -50.03078, -21.88712 ], [ -50.03926, -21.88725 ], [ -50.04781, -21.88371 ], [ -50.06326, -21.8719 ], [ -50.07088, -21.85664 ], [ -50.07703, -21.85688 ], [ -50.0825, -21.8537 ], [ -50.08282, -21.85121 ], [ -50.09251, -21.84968 ], [ -50.09315, -21.84617 ], [ -50.09777, -21.84567 ], [ -50.09894, -21.84008 ], [ -50.1022, -21.83782 ], [ -50.11356, -21.83573 ], [ -50.11971, -21.82021 ], [ -50.12739, -21.81896 ], [ -50.13209, -21.81391 ], [ -50.13085, -21.80897 ], [ -50.13427, -21.80572 ], [ -50.13897, -21.80709 ], [ -50.14356, -21.80492 ], [ -50.14739, -21.79892 ], [ -50.14516, -21.79425 ], [ -50.15026, -21.791 ], [ -50.15349, -21.78526 ], [ -50.15942, -21.78557 ], [ -50.16289, -21.77833 ], [ -50.16828, -21.77488 ], [ -50.17925, -21.77489 ], [ -50.18188, -21.77009 ], [ -50.18826, -21.76786 ], [ -50.18826, -21.76453 ], [ -50.19108, -21.76304 ], [ -50.20034, -21.76696 ], [ -50.21194, -21.75907 ], [ -50.22114, -21.763 ], [ -50.2255, -21.75228 ], [ -50.22898, -21.7522 ], [ -50.23699, -21.74525 ], [ -50.24037, -21.74705 ], [ -50.24555, -21.73959 ], [ -50.24894, -21.74145 ], [ -50.25913, -21.73777 ], [ -50.26251, -21.73196 ], [ -50.262, -21.72658 ], [ -50.27167, -21.72168 ], [ -50.27339, -21.70886 ], [ -50.26348, -21.7028 ], [ -50.25414, -21.70571 ], [ -50.25339, -21.70786 ], [ -50.24567, -21.69669 ], [ -50.24422, -21.69883 ], [ -50.23996, -21.69707 ], [ -50.23811, -21.69989 ], [ -50.23399, -21.69709 ], [ -50.22177, -21.70158 ], [ -50.22304, -21.69961 ], [ -50.21967, -21.69698 ], [ -50.2116, -21.69621 ], [ -50.21181, -21.69183 ], [ -50.20705, -21.68662 ], [ -50.19546, -21.69161 ], [ -50.18967, -21.68974 ], [ -50.18253, -21.69324 ], [ -50.1747, -21.69024 ], [ -50.17251, -21.69508 ], [ -50.16797, -21.69361 ], [ -50.16791, -21.69635 ], [ -50.1644, -21.69367 ], [ -50.16272, -21.68623 ], [ -50.15596, -21.68103 ], [ -50.14704, -21.68267 ], [ -50.14344, -21.68666 ], [ -50.13275, -21.68853 ], [ -50.13027, -21.69146 ], [ -50.12866, -21.68927 ], [ -50.12492, -21.69061 ], [ -50.12352, -21.68637 ], [ -50.11933, -21.68505 ], [ -50.11491, -21.69229 ], [ -50.11052, -21.68963 ], [ -50.11009, -21.68488 ], [ -50.10789, -21.68362 ], [ -50.09966, -21.68802 ], [ -50.09374, -21.68742 ], [ -50.09079, -21.69069 ], [ -50.08849, -21.68641 ], [ -50.08239, -21.69071 ], [ -50.07928, -21.68802 ], [ -50.07522, -21.68847 ], [ -50.07541, -21.68397 ], [ -50.07057, -21.68349 ], [ -50.06787, -21.68411 ], [ -50.06576, -21.68986 ], [ -50.0612, -21.69179 ], [ -50.0538, -21.69335 ], [ -50.04771, -21.69141 ], [ -50.0461, -21.69485 ], [ -50.0424, -21.69249 ], [ -50.04016, -21.69547 ], [ -50.03499, -21.69462 ], [ -50.03453, -21.69662 ], [ -50.03089, -21.69632 ], [ -50.02424, -21.70036 ], [ -50.02037, -21.6973 ], [ -50.01759, -21.69826 ], [ -50.01471, -21.69473 ], [ -50.00953, -21.70232 ], [ -50.00497, -21.69817 ], [ -49.99587, -21.69534 ], [ -49.99159, -21.70184 ], [ -49.98252, -21.70135 ], [ -49.97998, -21.69895 ], [ -49.97987, -21.69404 ], [ -49.97517, -21.69227 ], [ -49.97106, -21.69377 ], [ -49.96947, -21.69683 ], [ -49.97103, -21.69809 ], [ -49.96851, -21.69949 ], [ -49.96535, -21.69889 ], [ -49.96603, -21.69662 ], [ -49.96279, -21.69421 ], [ -49.95938, -21.6961 ], [ -49.95839, -21.70006 ], [ -49.95372, -21.70137 ], [ -49.93971, -21.69656 ], [ -49.93525, -21.69999 ], [ -49.92316, -21.70101 ], [ -49.92276, -21.70477 ], [ -49.91333, -21.70667 ], [ -49.91153, -21.71233 ], [ -49.90385, -21.71446 ], [ -49.89702, -21.72119 ], [ -49.89712, -21.72445 ], [ -49.88408, -21.72888 ], [ -49.87858, -21.73569 ], [ -49.87302, -21.73588 ], [ -49.87009, -21.73981 ], [ -49.86535, -21.73591 ], [ -49.85545, -21.71674 ], [ -49.84637, -21.71532 ], [ -49.83897, -21.70957 ], [ -49.83227, -21.69919 ], [ -49.82121, -21.70196 ], [ -49.81403, -21.69838 ], [ -49.79787, -21.70037 ], [ -49.78663, -21.69246 ], [ -49.79056, -21.68023 ], [ -49.78867, -21.67212 ], [ -49.79329, -21.66128 ], [ -49.78934, -21.65001 ], [ -49.77331, -21.64189 ], [ -49.77387, -21.63315 ], [ -49.76755, -21.62361 ], [ -49.7466, -21.61465 ], [ -49.73465, -21.60443 ], [ -49.72384, -21.60185 ], [ -49.72334, -21.59875 ], [ -49.72936, -21.59478 ], [ -49.7287, -21.58498 ], [ -49.7176, -21.56967 ], [ -49.70693, -21.54757 ], [ -49.68665, -21.52346 ], [ -49.6685, -21.50999 ], [ -49.66665, -21.49144 ], [ -49.65233, -21.49566 ], [ -49.63303, -21.48909 ], [ -49.63919, -21.47707 ], [ -49.63503, -21.46454 ], [ -49.6366, -21.46043 ], [ -49.64934, -21.44937 ], [ -49.65475, -21.44802 ], [ -49.6588, -21.43882 ], [ -49.67204, -21.43425 ], [ -49.6711, -21.4239 ], [ -49.69072, -21.41792 ], [ -49.7008, -21.40272 ], [ -49.6966, -21.38919 ], [ -49.69879, -21.36431 ], [ -49.69728, -21.36227 ], [ -49.6865, -21.36363 ], [ -49.67843, -21.35236 ], [ -49.67026, -21.34893 ], [ -49.65924, -21.35202 ], [ -49.64322, -21.35179 ], [ -49.62757, -21.35462 ], [ -49.60331, -21.37365 ], [ -49.59186, -21.37406 ], [ -49.58585, -21.3771 ], [ -49.56851, -21.40501 ], [ -49.55873, -21.41547 ], [ -49.54934, -21.4177 ], [ -49.5447, -21.431 ], [ -49.52454, -21.44882 ], [ -49.50772, -21.47862 ], [ -49.49758, -21.49142 ], [ -49.48383, -21.50367 ], [ -49.45008, -21.52025 ], [ -49.42391, -21.54057 ], [ -49.40756, -21.5442 ], [ -49.37598, -21.53445 ], [ -49.34446, -21.54375 ], [ -49.3349, -21.54969 ], [ -49.32699, -21.562 ], [ -49.32066, -21.59604 ], [ -49.31144, -21.61701 ], [ -49.29337, -21.63029 ], [ -49.27883, -21.65387 ], [ -49.26744, -21.66264 ], [ -49.25239, -21.6651 ], [ -49.23977, -21.67032 ], [ -49.22915, -21.67001 ], [ -49.21714, -21.67296 ], [ -49.21109, -21.66775 ], [ -49.21044, -21.6584 ], [ -49.20653, -21.65419 ], [ -49.17955, -21.64529 ], [ -49.16332, -21.64762 ], [ -49.15096, -21.65935 ], [ -49.15209, -21.67976 ], [ -49.1397, -21.70586 ], [ -49.12397, -21.72004 ], [ -49.11527, -21.73872 ], [ -49.10443, -21.75058 ], [ -49.10694, -21.76337 ], [ -49.12965, -21.77637 ], [ -49.13159, -21.77998 ], [ -49.1301, -21.78273 ], [ -49.13318, -21.78488 ], [ -49.13336, -21.79765 ], [ -49.14129, -21.81345 ], [ -49.14759, -21.8196 ], [ -49.15145, -21.82997 ], [ -49.14883, -21.85155 ], [ -49.15215, -21.8601 ], [ -49.14566, -21.87679 ], [ -49.1387, -21.88609 ], [ -49.13505, -21.90068 ], [ -49.12629, -21.91164 ], [ -49.12344, -21.92217 ], [ -49.1423, -21.9481 ], [ -49.14015, -21.95275 ], [ -49.13461, -21.95547 ], [ -49.13444, -21.96349 ], [ -49.12764, -21.96659 ], [ -49.12645, -21.97654 ], [ -49.12868, -21.98236 ], [ -49.1235, -21.98415 ], [ -49.12325, -21.99184 ], [ -49.11744, -21.99661 ], [ -49.12561, -22.00817 ], [ -49.12517, -22.01545 ], [ -49.13183, -22.02809 ], [ -49.13813, -22.03156 ], [ -49.136, -22.03943 ], [ -49.13991, -22.04492 ], [ -49.12818, -22.05914 ], [ -49.14413, -22.06328 ], [ -49.15607, -22.06033 ], [ -49.16015, -22.06414 ], [ -49.16655, -22.07771 ], [ -49.17218, -22.08038 ], [ -49.18413, -22.09221 ], [ -49.19816, -22.09685 ], [ -49.20563, -22.10508 ], [ -49.21001, -22.13898 ], [ -49.20419, -22.14715 ], [ -49.21112, -22.14989 ], [ -49.20927, -22.15512 ], [ -49.21645, -22.16877 ], [ -49.21803, -22.18222 ], [ -49.2152, -22.18917 ], [ -49.21841, -22.19983 ], [ -49.2248, -22.20573 ], [ -49.22765, -22.22185 ], [ -49.23073, -22.22281 ], [ -49.23585, -22.21911 ], [ -49.2425, -22.22086 ], [ -49.24883, -22.23256 ], [ -49.25664, -22.23798 ], [ -49.25936, -22.24714 ], [ -49.25655, -22.25644 ], [ -49.2616, -22.26687 ], [ -49.27206, -22.26546 ], [ -49.27647, -22.26705 ], [ -49.28418, -22.26301 ], [ -49.28896, -22.26521 ], [ -49.28129, -22.28583 ], [ -49.28546, -22.29051 ], [ -49.28456, -22.30361 ], [ -49.28921, -22.30904 ], [ -49.29082, -22.31667 ], [ -49.28758, -22.33153 ], [ -49.28914, -22.34079 ], [ -49.28658, -22.34517 ], [ -49.29077, -22.34685 ] ] ] } },
{ "type": "Feature", "properties": { "rc": "RC 13.03", "uba": "Pirassununga", "regional": "DR 13", "regional_cgr": "CGR 13" }, "geometry": { "type": "Polygon", "coordinates": [ [ [ -47.25263, -22.47637 ], [ -47.25628, -22.46877 ], [ -47.26503, -22.46887 ], [ -47.26795, -22.46413 ], [ -47.28167, -22.46085 ], [ -47.29564, -22.46158 ], [ -47.30009, -22.45241 ], [ -47.29888, -22.44692 ], [ -47.30219, -22.44463 ], [ -47.3213, -22.44668 ], [ -47.34928, -22.4556 ], [ -47.35832, -22.461 ], [ -47.36544, -22.45891 ], [ -47.38567, -22.44287 ], [ -47.39504, -22.44469 ], [ -47.40536, -22.43593 ], [ -47.43062, -22.43202 ], [ -47.44641, -22.42127 ], [ -47.45456, -22.42166 ], [ -47.467, -22.41796 ], [ -47.46712, -22.41297 ], [ -47.46265, -22.40917 ], [ -47.46213, -22.40283 ], [ -47.46612, -22.39722 ], [ -47.48662, -22.38259 ], [ -47.47487, -22.36297 ], [ -47.47166, -22.34052 ], [ -47.46824, -22.33756 ], [ -47.46874, -22.32644 ], [ -47.46202, -22.31311 ], [ -47.46249, -22.30771 ], [ -47.46792, -22.30634 ], [ -47.46224, -22.29685 ], [ -47.46318, -22.29028 ], [ -47.46818, -22.2819 ], [ -47.4656, -22.26248 ], [ -47.46965, -22.24487 ], [ -47.59411, -22.24857 ], [ -47.59443, -22.27807 ], [ -47.59792, -22.28003 ], [ -47.60258, -22.28931 ], [ -47.61508, -22.29728 ], [ -47.6346, -22.33472 ], [ -47.67164, -22.33443 ], [ -47.67563, -22.3313 ], [ -47.6786, -22.32342 ], [ -47.68148, -22.32152 ], [ -47.68676, -22.32371 ], [ -47.68956, -22.31933 ], [ -47.69768, -22.31512 ], [ -47.70335, -22.30542 ], [ -47.71341, -22.30151 ], [ -47.71785, -22.30253 ], [ -47.72036, -22.30625 ], [ -47.73002, -22.29834 ], [ -47.73492, -22.30112 ], [ -47.73935, -22.31581 ], [ -47.76509, -22.33286 ], [ -47.76097, -22.34147 ], [ -47.76911, -22.35025 ], [ -47.77001, -22.36143 ], [ -47.77887, -22.36787 ], [ -47.77923, -22.37255 ], [ -47.77358, -22.37272 ], [ -47.77981, -22.37728 ], [ -47.77812, -22.38073 ], [ -47.78268, -22.38429 ], [ -47.789, -22.39718 ], [ -47.78853, -22.41507 ], [ -47.79506, -22.42542 ], [ -47.79491, -22.43171 ], [ -47.78925, -22.43798 ], [ -47.78495, -22.43776 ], [ -47.77605, -22.44393 ], [ -47.77486, -22.44742 ], [ -47.77707, -22.44945 ], [ -47.78978, -22.44789 ], [ -47.80383, -22.44995 ], [ -47.81326, -22.45681 ], [ -47.81825, -22.45559 ], [ -47.81945, -22.44852 ], [ -47.82551, -22.44767 ], [ -47.82567, -22.44285 ], [ -47.85608, -22.44297 ], [ -47.85753, -22.44053 ], [ -47.85279, -22.43173 ], [ -47.86109, -22.42886 ], [ -47.87267, -22.42806 ], [ -47.8786, -22.43365 ], [ -47.88209, -22.42884 ], [ -47.88667, -22.42844 ], [ -47.89231, -22.42411 ], [ -47.91058, -22.43167 ], [ -47.91396, -22.42808 ], [ -47.91486, -22.41873 ], [ -47.91968, -22.41857 ], [ -47.92228, -22.41437 ], [ -47.92362, -22.40606 ], [ -47.94094, -22.39928 ], [ -47.95397, -22.39805 ], [ -47.94889, -22.38502 ], [ -47.94433, -22.38319 ], [ -47.95155, -22.37672 ], [ -47.95466, -22.3667 ], [ -47.95978, -22.3662 ], [ -47.954, -22.35715 ], [ -47.95249, -22.33075 ], [ -47.94917, -22.32621 ], [ -47.94934, -22.32075 ], [ -47.94461, -22.32082 ], [ -47.9319, -22.32902 ], [ -47.94006, -22.32015 ], [ -47.93992, -22.31444 ], [ -47.92668, -22.3049 ], [ -47.92443, -22.27859 ], [ -47.9224, -22.27538 ], [ -47.917, -22.27353 ], [ -47.911, -22.26493 ], [ -47.90792, -22.25615 ], [ -47.90795, -22.24178 ], [ -47.90431, -22.23503 ], [ -47.90548, -22.2303 ], [ -47.90111, -22.22643 ], [ -47.89746, -22.21727 ], [ -47.87907, -22.21127 ], [ -47.88255, -22.19837 ], [ -47.89146, -22.19012 ], [ -47.90341, -22.17122 ], [ -47.90224, -22.1652 ], [ -47.90039, -22.16579 ], [ -47.9002, -22.15757 ], [ -47.8964, -22.15956 ], [ -47.89663, -22.15646 ], [ -47.89129, -22.15323 ], [ -47.88724, -22.15757 ], [ -47.88619, -22.15204 ], [ -47.879, -22.15776 ], [ -47.87332, -22.158 ], [ -47.86187, -22.1503 ], [ -47.857, -22.15589 ], [ -47.85121, -22.15619 ], [ -47.83085, -22.1478 ], [ -47.82193, -22.15176 ], [ -47.82046, -22.15913 ], [ -47.81482, -22.16102 ], [ -47.81536, -22.15464 ], [ -47.80878, -22.14835 ], [ -47.81098, -22.14084 ], [ -47.80833, -22.1324 ], [ -47.80125, -22.1291 ], [ -47.78832, -22.11679 ], [ -47.78753, -22.09848 ], [ -47.77837, -22.09123 ], [ -47.77211, -22.09237 ], [ -47.76312, -22.08745 ], [ -47.75339, -22.09021 ], [ -47.75089, -22.07845 ], [ -47.74708, -22.07946 ], [ -47.74088, -22.07534 ], [ -47.74801, -22.06405 ], [ -47.74477, -22.05505 ], [ -47.73881, -22.05318 ], [ -47.73529, -22.04748 ], [ -47.72088, -22.03634 ], [ -47.70076, -22.03369 ], [ -47.69749, -22.02748 ], [ -47.69154, -22.02681 ], [ -47.67759, -22.01329 ], [ -47.67551, -22.0126 ], [ -47.6731, -22.01598 ], [ -47.66757, -22.04098 ], [ -47.65782, -22.0514 ], [ -47.65175, -22.05383 ], [ -47.64563, -22.05122 ], [ -47.63565, -22.05462 ], [ -47.62643, -22.04319 ], [ -47.6178, -22.04115 ], [ -47.61682, -22.04498 ], [ -47.60872, -22.0513 ], [ -47.60171, -22.0518 ], [ -47.59042, -22.03845 ], [ -47.58058, -22.03178 ], [ -47.57942, -22.02095 ], [ -47.57322, -22.01453 ], [ -47.57779, -22.00709 ], [ -47.57853, -22.00009 ], [ -47.5822, -21.99597 ], [ -47.58159, -21.9898 ], [ -47.5756, -21.98653 ], [ -47.54363, -21.9799 ], [ -47.53533, -21.95526 ], [ -47.52486, -21.94399 ], [ -47.51169, -21.93556 ], [ -47.52617, -21.92499 ], [ -47.51526, -21.912 ], [ -47.515, -21.89656 ], [ -47.50996, -21.88008 ], [ -47.54268, -21.86251 ], [ -47.55141, -21.85434 ], [ -47.54821, -21.84339 ], [ -47.55197, -21.84305 ], [ -47.55482, -21.83718 ], [ -47.54227, -21.82082 ], [ -47.53254, -21.81847 ], [ -47.52384, -21.81066 ], [ -47.5239, -21.80197 ], [ -47.51012, -21.80775 ], [ -47.50147, -21.80115 ], [ -47.48517, -21.79435 ], [ -47.48271, -21.78924 ], [ -47.47306, -21.79223 ], [ -47.46552, -21.7857 ], [ -47.45139, -21.78097 ], [ -47.43977, -21.78444 ], [ -47.43827, -21.78083 ], [ -47.44353, -21.76481 ], [ -47.42615, -21.75484 ], [ -47.41072, -21.76234 ], [ -47.40773, -21.77097 ], [ -47.39839, -21.77293 ], [ -47.39486, -21.77159 ], [ -47.39578, -21.76819 ], [ -47.3939, -21.767 ], [ -47.37646, -21.77678 ], [ -47.36736, -21.77793 ], [ -47.35896, -21.78568 ], [ -47.35684, -21.79491 ], [ -47.35129, -21.80428 ], [ -47.34672, -21.80636 ], [ -47.34183, -21.79534 ], [ -47.33213, -21.78409 ], [ -47.33431, -21.77639 ], [ -47.32114, -21.77625 ], [ -47.31244, -21.77323 ], [ -47.29465, -21.76113 ], [ -47.29325, -21.75063 ], [ -47.30098, -21.74348 ], [ -47.30284, -21.73758 ], [ -47.31146, -21.73681 ], [ -47.33032, -21.72696 ], [ -47.3233, -21.7198 ], [ -47.32287, -21.71593 ], [ -47.32514, -21.70408 ], [ -47.33675, -21.68679 ], [ -47.33698, -21.66971 ], [ -47.33602, -21.66701 ], [ -47.32558, -21.6675 ], [ -47.32172, -21.64937 ], [ -47.32887, -21.64364 ], [ -47.33297, -21.64523 ], [ -47.34081, -21.64187 ], [ -47.35022, -21.64703 ], [ -47.35807, -21.64225 ], [ -47.37139, -21.64903 ], [ -47.3802, -21.64915 ], [ -47.38215, -21.63926 ], [ -47.39845, -21.62286 ], [ -47.39994, -21.61448 ], [ -47.3829, -21.59894 ], [ -47.37988, -21.60104 ], [ -47.36503, -21.59428 ], [ -47.36588, -21.58964 ], [ -47.35905, -21.57999 ], [ -47.35776, -21.57054 ], [ -47.35133, -21.56523 ], [ -47.34598, -21.56274 ], [ -47.33217, -21.56469 ], [ -47.32828, -21.55995 ], [ -47.31633, -21.55879 ], [ -47.31129, -21.55315 ], [ -47.30585, -21.55109 ], [ -47.29917, -21.55406 ], [ -47.28943, -21.55307 ], [ -47.2805, -21.5404 ], [ -47.27648, -21.52567 ], [ -47.28249, -21.51588 ], [ -47.27448, -21.48736 ], [ -47.27747, -21.48156 ], [ -47.27602, -21.47851 ], [ -47.27862, -21.46811 ], [ -47.27147, -21.4571 ], [ -47.26358, -21.4546 ], [ -47.26435, -21.45098 ], [ -47.25682, -21.44962 ], [ -47.24255, -21.44173 ], [ -47.2408, -21.45097 ], [ -47.24626, -21.45651 ], [ -47.24728, -21.46755 ], [ -47.23932, -21.46669 ], [ -47.23461, -21.46986 ], [ -47.22082, -21.45896 ], [ -47.2124, -21.46381 ], [ -47.20496, -21.46379 ], [ -47.21294, -21.47586 ], [ -47.20766, -21.48704 ], [ -47.19776, -21.49067 ], [ -47.17824, -21.48253 ], [ -47.16709, -21.4833 ], [ -47.15291, -21.49142 ], [ -47.14434, -21.50001 ], [ -47.13031, -21.49362 ], [ -47.12338, -21.50138 ], [ -47.12205, -21.51097 ], [ -47.13031, -21.521 ], [ -47.12989, -21.52438 ], [ -47.11651, -21.52747 ], [ -47.10426, -21.52586 ], [ -47.10261, -21.53837 ], [ -47.09345, -21.54155 ], [ -47.08952, -21.53969 ], [ -47.08286, -21.54829 ], [ -47.08906, -21.56518 ], [ -47.09508, -21.56317 ], [ -47.09696, -21.56807 ], [ -47.10009, -21.56806 ], [ -47.09752, -21.57753 ], [ -47.10563, -21.57799 ], [ -47.11323, -21.58414 ], [ -47.11355, -21.58711 ], [ -47.11945, -21.58801 ], [ -47.12375, -21.59187 ], [ -47.1243, -21.603 ], [ -47.11974, -21.61323 ], [ -47.12321, -21.623 ], [ -47.12843, -21.62312 ], [ -47.12941, -21.62512 ], [ -47.13769, -21.62088 ], [ -47.13919, -21.62302 ], [ -47.14299, -21.62232 ], [ -47.14535, -21.62604 ], [ -47.14712, -21.62246 ], [ -47.14947, -21.62502 ], [ -47.14897, -21.62961 ], [ -47.15798, -21.6292 ], [ -47.15715, -21.6363 ], [ -47.16356, -21.64367 ], [ -47.16143, -21.6577 ], [ -47.16474, -21.66566 ], [ -47.17662, -21.67263 ], [ -47.18593, -21.68774 ], [ -47.18632, -21.69428 ], [ -47.19754, -21.69903 ], [ -47.20425, -21.70726 ], [ -47.20681, -21.71532 ], [ -47.21866, -21.72308 ], [ -47.22419, -21.73059 ], [ -47.23183, -21.7332 ], [ -47.24105, -21.7492 ], [ -47.24165, -21.75711 ], [ -47.23974, -21.75814 ], [ -47.21106, -21.75589 ], [ -47.20728, -21.77043 ], [ -47.1944, -21.78347 ], [ -47.19855, -21.7912 ], [ -47.1936, -21.79291 ], [ -47.19145, -21.78837 ], [ -47.18635, -21.79099 ], [ -47.18566, -21.79882 ], [ -47.19007, -21.80211 ], [ -47.19069, -21.80758 ], [ -47.18415, -21.84846 ], [ -47.19368, -21.85887 ], [ -47.19151, -21.86494 ], [ -47.18787, -21.86717 ], [ -47.18761, -21.87682 ], [ -47.1894, -21.89279 ], [ -47.1981, -21.89428 ], [ -47.19502, -21.89869 ], [ -47.19641, -21.90687 ], [ -47.19847, -21.9077 ], [ -47.19457, -21.9147 ], [ -47.18996, -21.91567 ], [ -47.18821, -21.91926 ], [ -47.19049, -21.92095 ], [ -47.18293, -21.92469 ], [ -47.17804, -21.93136 ], [ -47.17272, -21.93019 ], [ -47.15991, -21.94696 ], [ -47.15982, -21.95258 ], [ -47.16165, -21.95582 ], [ -47.18303, -21.95632 ], [ -47.19663, -21.97372 ], [ -47.19543, -21.97801 ], [ -47.19904, -21.97516 ], [ -47.2037, -21.97737 ], [ -47.20899, -21.97154 ], [ -47.21616, -21.97577 ], [ -47.21179, -21.98697 ], [ -47.21204, -22.00679 ], [ -47.20935, -22.01501 ], [ -47.20184, -22.01968 ], [ -47.20267, -22.02838 ], [ -47.19993, -22.03108 ], [ -47.20177, -22.03424 ], [ -47.21202, -22.03513 ], [ -47.21989, -22.03928 ], [ -47.2337, -22.05595 ], [ -47.23054, -22.05837 ], [ -47.23202, -22.06179 ], [ -47.22208, -22.06084 ], [ -47.22271, -22.06394 ], [ -47.21805, -22.06364 ], [ -47.21973, -22.0776 ], [ -47.21485, -22.0815 ], [ -47.21243, -22.08734 ], [ -47.19713, -22.09854 ], [ -47.19909, -22.1048 ], [ -47.19324, -22.11353 ], [ -47.19597, -22.12071 ], [ -47.19894, -22.14948 ], [ -47.19341, -22.16803 ], [ -47.19006, -22.17241 ], [ -47.19703, -22.18036 ], [ -47.20431, -22.20408 ], [ -47.21034, -22.20193 ], [ -47.22009, -22.20839 ], [ -47.2227, -22.20883 ], [ -47.22385, -22.20654 ], [ -47.22895, -22.21252 ], [ -47.23678, -22.2134 ], [ -47.24204, -22.22191 ], [ -47.23959, -22.23114 ], [ -47.23629, -22.22165 ], [ -47.23328, -22.21943 ], [ -47.22725, -22.22724 ], [ -47.21818, -22.23038 ], [ -47.22816, -22.2394 ], [ -47.2324, -22.25007 ], [ -47.22915, -22.25718 ], [ -47.21713, -22.26496 ], [ -47.21048, -22.27847 ], [ -47.20407, -22.28128 ], [ -47.20038, -22.27717 ], [ -47.19874, -22.2823 ], [ -47.19245, -22.28031 ], [ -47.19539, -22.27829 ], [ -47.19148, -22.27533 ], [ -47.19213, -22.2718 ], [ -47.18771, -22.27098 ], [ -47.184, -22.27411 ], [ -47.18742, -22.27629 ], [ -47.18316, -22.27928 ], [ -47.18716, -22.27936 ], [ -47.18419, -22.28248 ], [ -47.18484, -22.29309 ], [ -47.19623, -22.30172 ], [ -47.2054, -22.31928 ], [ -47.20895, -22.32133 ], [ -47.21558, -22.32073 ], [ -47.18847, -22.36501 ], [ -47.1748, -22.40958 ], [ -47.17856, -22.42254 ], [ -47.18867, -22.43227 ], [ -47.20158, -22.43336 ], [ -47.21137, -22.43082 ], [ -47.21712, -22.43322 ], [ -47.22175, -22.43837 ], [ -47.22692, -22.45741 ], [ -47.23177, -22.4601 ], [ -47.23727, -22.46785 ], [ -47.24662, -22.47034 ], [ -47.25263, -22.47637 ] ] ] } },
{ "type": "Feature", "properties": { "rc": "RC 08.02", "uba": "Ribeirão Preto", "regional": "DR 08", "regional_cgr": "CGR 08" }, "geometry": { "type": "Polygon", "coordinates": [ [ [ -47.94837, -21.59852 ], [ -47.95288, -21.59502 ], [ -47.95242, -21.59089 ], [ -47.96413, -21.597 ], [ -47.97414, -21.59473 ], [ -47.97726, -21.5917 ], [ -47.98111, -21.59227 ], [ -47.98305, -21.58708 ], [ -47.98491, -21.58819 ], [ -47.98426, -21.59448 ], [ -47.99073, -21.59574 ], [ -47.98765, -21.59167 ], [ -47.99222, -21.58893 ], [ -47.98973, -21.58549 ], [ -47.99305, -21.58465 ], [ -47.99417, -21.58027 ], [ -47.99947, -21.58068 ], [ -47.99569, -21.57721 ], [ -47.9897, -21.57725 ], [ -47.99094, -21.56686 ], [ -47.9941, -21.56487 ], [ -47.99845, -21.5681 ], [ -47.99646, -21.56172 ], [ -48.00948, -21.55901 ], [ -48.00595, -21.54422 ], [ -48.01506, -21.5411 ], [ -48.01221, -21.53277 ], [ -48.01707, -21.53298 ], [ -48.01777, -21.5394 ], [ -48.02431, -21.53726 ], [ -48.02779, -21.53854 ], [ -48.02641, -21.52989 ], [ -48.03309, -21.52641 ], [ -48.02816, -21.52231 ], [ -48.03194, -21.51829 ], [ -48.02821, -21.51353 ], [ -48.04253, -21.51499 ], [ -48.04311, -21.50962 ], [ -48.03875, -21.50443 ], [ -48.05118, -21.50056 ], [ -48.05078, -21.49708 ], [ -48.04561, -21.49608 ], [ -48.04456, -21.49354 ], [ -48.04737, -21.49076 ], [ -48.05538, -21.4892 ], [ -48.05423, -21.48134 ], [ -48.05814, -21.47937 ], [ -48.05733, -21.47525 ], [ -48.06875, -21.47983 ], [ -48.07208, -21.47375 ], [ -48.07373, -21.47914 ], [ -48.0775, -21.47 ], [ -48.08511, -21.46869 ], [ -48.08155, -21.4634 ], [ -48.08238, -21.46105 ], [ -48.10314, -21.45324 ], [ -48.10387, -21.44815 ], [ -48.10933, -21.44397 ], [ -48.10933, -21.42721 ], [ -48.11265, -21.42116 ], [ -48.12424, -21.41109 ], [ -48.1295, -21.39034 ], [ -48.13498, -21.38218 ], [ -48.1408, -21.37928 ], [ -48.14605, -21.36886 ], [ -48.14151, -21.35907 ], [ -48.14433, -21.34789 ], [ -48.14273, -21.3405 ], [ -48.14412, -21.32409 ], [ -48.14067, -21.31288 ], [ -48.13568, -21.27271 ], [ -48.13884, -21.24954 ], [ -48.14174, -21.23615 ], [ -48.1441, -21.23546 ], [ -48.14833, -21.23933 ], [ -48.15215, -21.23865 ], [ -48.15906, -21.22538 ], [ -48.17049, -21.21549 ], [ -48.17197, -21.20392 ], [ -48.17842, -21.18636 ], [ -48.17198, -21.17546 ], [ -48.16888, -21.15871 ], [ -48.18125, -21.15212 ], [ -48.18694, -21.12993 ], [ -48.15375, -21.09655 ], [ -48.13534, -21.08751 ], [ -48.1265, -21.08675 ], [ -48.1247, -21.089 ], [ -48.12404, -21.07297 ], [ -48.132, -21.06034 ], [ -48.13121, -21.05524 ], [ -48.1339, -21.04707 ], [ -48.13322, -21.04236 ], [ -48.12941, -21.03855 ], [ -48.12675, -21.02603 ], [ -48.13098, -21.01216 ], [ -48.13602, -21.00942 ], [ -48.13498, -21.00284 ], [ -48.14242, -21.00093 ], [ -48.14334, -20.99052 ], [ -48.14996, -20.97934 ], [ -48.15335, -20.96309 ], [ -48.16151, -20.95174 ], [ -48.1608, -20.94686 ], [ -48.16605, -20.93658 ], [ -48.16606, -20.92957 ], [ -48.17368, -20.9206 ], [ -48.17315, -20.89983 ], [ -48.17821, -20.88767 ], [ -48.17336, -20.88836 ], [ -48.16556, -20.88377 ], [ -48.15436, -20.89343 ], [ -48.1401, -20.89209 ], [ -48.12586, -20.90139 ], [ -48.1118, -20.90231 ], [ -48.10261, -20.89978 ], [ -48.07923, -20.91359 ], [ -48.07229, -20.92276 ], [ -48.06477, -20.92287 ], [ -48.05778, -20.9301 ], [ -48.05321, -20.93117 ], [ -48.04839, -20.92863 ], [ -48.04633, -20.91709 ], [ -48.03743, -20.90628 ], [ -48.02457, -20.90189 ], [ -48.01619, -20.89234 ], [ -47.98534, -20.87608 ], [ -47.96034, -20.89104 ], [ -47.95156, -20.89156 ], [ -47.9411, -20.89961 ], [ -47.92301, -20.88241 ], [ -47.9125, -20.88974 ], [ -47.90288, -20.89005 ], [ -47.88885, -20.9094 ], [ -47.87895, -20.90538 ], [ -47.86951, -20.89409 ], [ -47.85614, -20.89781 ], [ -47.85537, -20.90036 ], [ -47.85117, -20.90112 ], [ -47.83999, -20.91021 ], [ -47.83391, -20.90799 ], [ -47.82809, -20.90062 ], [ -47.81795, -20.89377 ], [ -47.80906, -20.89007 ], [ -47.79954, -20.89009 ], [ -47.79678, -20.89908 ], [ -47.78913, -20.89753 ], [ -47.77957, -20.89411 ], [ -47.78678, -20.87944 ], [ -47.77316, -20.85666 ], [ -47.76803, -20.85578 ], [ -47.75595, -20.84647 ], [ -47.74988, -20.84524 ], [ -47.7441, -20.83369 ], [ -47.72775, -20.82828 ], [ -47.71804, -20.81471 ], [ -47.70682, -20.80928 ], [ -47.7035, -20.81521 ], [ -47.69256, -20.82018 ], [ -47.68822, -20.8206 ], [ -47.6777, -20.81569 ], [ -47.66579, -20.82406 ], [ -47.65864, -20.82156 ], [ -47.65871, -20.81254 ], [ -47.66298, -20.80379 ], [ -47.65741, -20.79585 ], [ -47.66089, -20.78248 ], [ -47.65197, -20.77905 ], [ -47.64859, -20.77162 ], [ -47.6526, -20.75456 ], [ -47.64899, -20.73647 ], [ -47.65233, -20.72559 ], [ -47.65055, -20.72067 ], [ -47.62803, -20.7023 ], [ -47.62668, -20.70605 ], [ -47.61744, -20.7109 ], [ -47.61511, -20.70779 ], [ -47.6167, -20.70553 ], [ -47.61314, -20.70383 ], [ -47.61246, -20.69994 ], [ -47.59852, -20.69253 ], [ -47.59824, -20.69519 ], [ -47.60509, -20.70311 ], [ -47.60299, -20.70749 ], [ -47.60388, -20.71819 ], [ -47.59644, -20.7181 ], [ -47.59288, -20.71596 ], [ -47.59288, -20.71211 ], [ -47.58582, -20.70895 ], [ -47.58128, -20.70964 ], [ -47.57668, -20.71631 ], [ -47.57878, -20.72419 ], [ -47.57389, -20.72632 ], [ -47.57129, -20.72111 ], [ -47.5674, -20.72691 ], [ -47.57117, -20.73243 ], [ -47.56823, -20.73474 ], [ -47.56785, -20.73874 ], [ -47.55933, -20.74128 ], [ -47.54888, -20.74038 ], [ -47.55167, -20.7346 ], [ -47.53978, -20.73544 ], [ -47.53819, -20.73058 ], [ -47.54075, -20.73213 ], [ -47.53969, -20.72757 ], [ -47.54473, -20.72661 ], [ -47.54294, -20.72406 ], [ -47.5443, -20.72146 ], [ -47.54265, -20.72219 ], [ -47.54208, -20.71854 ], [ -47.53945, -20.72077 ], [ -47.5329, -20.71708 ], [ -47.53391, -20.72273 ], [ -47.52938, -20.72304 ], [ -47.53325, -20.72705 ], [ -47.52987, -20.72901 ], [ -47.52721, -20.72736 ], [ -47.52787, -20.73199 ], [ -47.51712, -20.72628 ], [ -47.51496, -20.7292 ], [ -47.51378, -20.72436 ], [ -47.50867, -20.72447 ], [ -47.5066, -20.72714 ], [ -47.50835, -20.73193 ], [ -47.50505, -20.7309 ], [ -47.50652, -20.73407 ], [ -47.50124, -20.73952 ], [ -47.49879, -20.73917 ], [ -47.49927, -20.7422 ], [ -47.49497, -20.74249 ], [ -47.49442, -20.74812 ], [ -47.49178, -20.74708 ], [ -47.488, -20.75096 ], [ -47.47861, -20.75374 ], [ -47.4707, -20.75181 ], [ -47.4726, -20.75979 ], [ -47.46994, -20.76955 ], [ -47.45552, -20.77288 ], [ -47.45995, -20.76331 ], [ -47.45312, -20.75956 ], [ -47.44782, -20.76323 ], [ -47.44224, -20.76224 ], [ -47.438, -20.76504 ], [ -47.43526, -20.7627 ], [ -47.42994, -20.7636 ], [ -47.42875, -20.76737 ], [ -47.43296, -20.77214 ], [ -47.42876, -20.77341 ], [ -47.4275, -20.77674 ], [ -47.42995, -20.77865 ], [ -47.43561, -20.77748 ], [ -47.44217, -20.78164 ], [ -47.43579, -20.79191 ], [ -47.42685, -20.79347 ], [ -47.418, -20.80595 ], [ -47.4066, -20.81208 ], [ -47.39629, -20.81047 ], [ -47.39266, -20.81917 ], [ -47.39007, -20.82047 ], [ -47.3708, -20.82096 ], [ -47.36959, -20.82684 ], [ -47.35655, -20.82484 ], [ -47.3549, -20.8294 ], [ -47.34472, -20.82732 ], [ -47.34342, -20.83024 ], [ -47.34744, -20.83344 ], [ -47.34497, -20.83504 ], [ -47.34949, -20.83973 ], [ -47.3471, -20.84424 ], [ -47.34855, -20.84763 ], [ -47.34256, -20.84932 ], [ -47.34478, -20.85271 ], [ -47.34147, -20.85722 ], [ -47.32847, -20.85949 ], [ -47.33014, -20.85804 ], [ -47.32735, -20.85888 ], [ -47.32766, -20.85499 ], [ -47.3235, -20.8519 ], [ -47.32497, -20.85027 ], [ -47.32331, -20.84764 ], [ -47.31615, -20.84889 ], [ -47.313, -20.84719 ], [ -47.31428, -20.84084 ], [ -47.30619, -20.84273 ], [ -47.30591, -20.83693 ], [ -47.30224, -20.84138 ], [ -47.29953, -20.84195 ], [ -47.29757, -20.83907 ], [ -47.29373, -20.84114 ], [ -47.29408, -20.83839 ], [ -47.2894, -20.83782 ], [ -47.28933, -20.83554 ], [ -47.28327, -20.83802 ], [ -47.28178, -20.84251 ], [ -47.28057, -20.84085 ], [ -47.27554, -20.84344 ], [ -47.27855, -20.84475 ], [ -47.26762, -20.85331 ], [ -47.26653, -20.85784 ], [ -47.26344, -20.85658 ], [ -47.26305, -20.85325 ], [ -47.25821, -20.85763 ], [ -47.25519, -20.8565 ], [ -47.25507, -20.85955 ], [ -47.25078, -20.86033 ], [ -47.25113, -20.8634 ], [ -47.24599, -20.86373 ], [ -47.23802, -20.86071 ], [ -47.23556, -20.85746 ], [ -47.22982, -20.85795 ], [ -47.22678, -20.85566 ], [ -47.23978, -20.8855 ], [ -47.22427, -20.91166 ], [ -47.21011, -20.92375 ], [ -47.18996, -20.92818 ], [ -47.19255, -20.94081 ], [ -47.18751, -20.94836 ], [ -47.18081, -20.95389 ], [ -47.16904, -20.95615 ], [ -47.16711, -20.96366 ], [ -47.14977, -20.97183 ], [ -47.14398, -20.98253 ], [ -47.14707, -20.99246 ], [ -47.15096, -20.99703 ], [ -47.15072, -21.00366 ], [ -47.15717, -21.0186 ], [ -47.14735, -21.03709 ], [ -47.14871, -21.04518 ], [ -47.14564, -21.04837 ], [ -47.1462, -21.05944 ], [ -47.13876, -21.06941 ], [ -47.14477, -21.08945 ], [ -47.13682, -21.08807 ], [ -47.13692, -21.09033 ], [ -47.13298, -21.09031 ], [ -47.12908, -21.09451 ], [ -47.1284, -21.09858 ], [ -47.1131, -21.10513 ], [ -47.11238, -21.10867 ], [ -47.11886, -21.10902 ], [ -47.12241, -21.11294 ], [ -47.12699, -21.12174 ], [ -47.12577, -21.12499 ], [ -47.13352, -21.13331 ], [ -47.12691, -21.14404 ], [ -47.11817, -21.15002 ], [ -47.11767, -21.15501 ], [ -47.12443, -21.16701 ], [ -47.11846, -21.17609 ], [ -47.11899, -21.18558 ], [ -47.13025, -21.18809 ], [ -47.14086, -21.18514 ], [ -47.14733, -21.19641 ], [ -47.16867, -21.19215 ], [ -47.17283, -21.19888 ], [ -47.18779, -21.21198 ], [ -47.20473, -21.20803 ], [ -47.2137, -21.20117 ], [ -47.22345, -21.20056 ], [ -47.22661, -21.19445 ], [ -47.23352, -21.19387 ], [ -47.23007, -21.18823 ], [ -47.23473, -21.17881 ], [ -47.23509, -21.16957 ], [ -47.24025, -21.1686 ], [ -47.24366, -21.15872 ], [ -47.25343, -21.15465 ], [ -47.25702, -21.14682 ], [ -47.26323, -21.14357 ], [ -47.26457, -21.139 ], [ -47.26908, -21.13851 ], [ -47.27256, -21.14128 ], [ -47.28107, -21.13948 ], [ -47.28297, -21.13733 ], [ -47.28202, -21.13328 ], [ -47.28671, -21.12946 ], [ -47.28719, -21.12142 ], [ -47.29167, -21.11777 ], [ -47.2916, -21.11038 ], [ -47.29661, -21.11014 ], [ -47.30374, -21.10391 ], [ -47.30612, -21.10522 ], [ -47.30958, -21.10068 ], [ -47.31663, -21.10329 ], [ -47.3256, -21.10045 ], [ -47.32732, -21.10748 ], [ -47.33222, -21.10577 ], [ -47.3388, -21.10972 ], [ -47.33704, -21.11803 ], [ -47.34432, -21.1209 ], [ -47.34195, -21.12661 ], [ -47.34963, -21.13689 ], [ -47.35758, -21.13629 ], [ -47.36956, -21.14585 ], [ -47.37744, -21.14792 ], [ -47.38426, -21.14584 ], [ -47.3878, -21.13775 ], [ -47.39174, -21.13696 ], [ -47.40053, -21.14355 ], [ -47.41512, -21.14906 ], [ -47.42229, -21.14929 ], [ -47.42262, -21.15478 ], [ -47.4301, -21.15336 ], [ -47.43736, -21.16384 ], [ -47.44612, -21.16581 ], [ -47.44606, -21.16825 ], [ -47.45503, -21.17648 ], [ -47.47194, -21.18288 ], [ -47.48045, -21.20785 ], [ -47.49288, -21.20695 ], [ -47.49462, -21.21254 ], [ -47.49974, -21.21404 ], [ -47.50226, -21.20417 ], [ -47.51152, -21.20704 ], [ -47.51407, -21.2015 ], [ -47.51768, -21.20637 ], [ -47.51966, -21.20407 ], [ -47.52342, -21.20509 ], [ -47.52751, -21.20028 ], [ -47.53844, -21.20216 ], [ -47.54941, -21.20843 ], [ -47.55011, -21.22747 ], [ -47.55743, -21.23948 ], [ -47.56249, -21.24342 ], [ -47.56677, -21.2512 ], [ -47.57802, -21.2515 ], [ -47.57951, -21.26486 ], [ -47.58956, -21.27586 ], [ -47.60755, -21.25462 ], [ -47.6124, -21.26356 ], [ -47.61244, -21.26902 ], [ -47.6172, -21.27108 ], [ -47.61969, -21.27692 ], [ -47.65152, -21.28004 ], [ -47.65407, -21.28845 ], [ -47.65909, -21.2908 ], [ -47.66064, -21.29899 ], [ -47.65574, -21.32725 ], [ -47.65149, -21.3397 ], [ -47.64253, -21.33788 ], [ -47.63721, -21.34032 ], [ -47.63049, -21.35011 ], [ -47.63097, -21.35778 ], [ -47.66203, -21.381 ], [ -47.67294, -21.38173 ], [ -47.67946, -21.37572 ], [ -47.6983, -21.38125 ], [ -47.70284, -21.38766 ], [ -47.69869, -21.39801 ], [ -47.70196, -21.40374 ], [ -47.70458, -21.40696 ], [ -47.70943, -21.40778 ], [ -47.71168, -21.41318 ], [ -47.72462, -21.41974 ], [ -47.73602, -21.42094 ], [ -47.74255, -21.41396 ], [ -47.75007, -21.41564 ], [ -47.75871, -21.41274 ], [ -47.77667, -21.41933 ], [ -47.78912, -21.41383 ], [ -47.81193, -21.41051 ], [ -47.83858, -21.42837 ], [ -47.84823, -21.42286 ], [ -47.84449, -21.4163 ], [ -47.84938, -21.40802 ], [ -47.85608, -21.40761 ], [ -47.86457, -21.40253 ], [ -47.86373, -21.39862 ], [ -47.86574, -21.3965 ], [ -47.86368, -21.39198 ], [ -47.88425, -21.38295 ], [ -47.88821, -21.38564 ], [ -47.89497, -21.38037 ], [ -47.89931, -21.38524 ], [ -47.89638, -21.40017 ], [ -47.89935, -21.40874 ], [ -47.89651, -21.41701 ], [ -47.89804, -21.42697 ], [ -47.8946, -21.43957 ], [ -47.90008, -21.44545 ], [ -47.902, -21.46019 ], [ -47.89969, -21.469 ], [ -47.89479, -21.47264 ], [ -47.89386, -21.48236 ], [ -47.88736, -21.50088 ], [ -47.89172, -21.51613 ], [ -47.90112, -21.53161 ], [ -47.90551, -21.53683 ], [ -47.92055, -21.54415 ], [ -47.91904, -21.55552 ], [ -47.92722, -21.56839 ], [ -47.9273, -21.57617 ], [ -47.93342, -21.58028 ], [ -47.93733, -21.57935 ], [ -47.93476, -21.58733 ], [ -47.94096, -21.58694 ], [ -47.93725, -21.59222 ], [ -47.94482, -21.59081 ], [ -47.94546, -21.59287 ], [ -47.94178, -21.59664 ], [ -47.94837, -21.59852 ] ] ] } },
{ "type": "Feature", "properties": { "rc": "RC 02.08", "uba": "Tatuí", "regional": "DR 02", "regional_cgr": "CGR 02" }, "geometry": { "type": "Polygon", "coordinates": [ [ [ -47.7613, -23.5615 ], [ -47.77059, -23.5501 ], [ -47.76847, -23.54591 ], [ -47.78181, -23.5299 ], [ -47.77926, -23.52809 ], [ -47.78143, -23.51865 ], [ -47.7841, -23.51722 ], [ -47.78876, -23.5201 ], [ -47.7931, -23.51729 ], [ -47.79266, -23.51191 ], [ -47.78822, -23.51004 ], [ -47.78681, -23.50635 ], [ -47.78919, -23.502 ], [ -47.79536, -23.49954 ], [ -47.78939, -23.4962 ], [ -47.79258, -23.49739 ], [ -47.79556, -23.49501 ], [ -47.79971, -23.4976 ], [ -47.80257, -23.4951 ], [ -47.79955, -23.49195 ], [ -47.8052, -23.49059 ], [ -47.81063, -23.48252 ], [ -47.81887, -23.47784 ], [ -47.82452, -23.47679 ], [ -47.84727, -23.48316 ], [ -47.84624, -23.47416 ], [ -47.85091, -23.47378 ], [ -47.8511, -23.4636 ], [ -47.86337, -23.45561 ], [ -47.8699, -23.44607 ], [ -47.8745, -23.44502 ], [ -47.88775, -23.44981 ], [ -47.89319, -23.4441 ], [ -47.8981, -23.44344 ], [ -47.9084, -23.44882 ], [ -47.91407, -23.4482 ], [ -47.92236, -23.46134 ], [ -47.93559, -23.46189 ], [ -47.93658, -23.45736 ], [ -47.93935, -23.45707 ], [ -47.93924, -23.45092 ], [ -47.94415, -23.44648 ], [ -47.93894, -23.44118 ], [ -47.93178, -23.42053 ], [ -47.94555, -23.40901 ], [ -47.95383, -23.41065 ], [ -47.95713, -23.41432 ], [ -47.95612, -23.41817 ], [ -47.96763, -23.41287 ], [ -47.97269, -23.41445 ], [ -47.97679, -23.42132 ], [ -47.98106, -23.4235 ], [ -47.9836, -23.42103 ], [ -47.99799, -23.42987 ], [ -48.00963, -23.4294 ], [ -48.01709, -23.43258 ], [ -48.0257, -23.43103 ], [ -48.02946, -23.4326 ], [ -48.03286, -23.42893 ], [ -48.04279, -23.43275 ], [ -48.04752, -23.43034 ], [ -48.0475, -23.42664 ], [ -48.05188, -23.42073 ], [ -48.05816, -23.41996 ], [ -48.05925, -23.41732 ], [ -48.06523, -23.42013 ], [ -48.07833, -23.41848 ], [ -48.08555, -23.42836 ], [ -48.08715, -23.43653 ], [ -48.10791, -23.45093 ], [ -48.11434, -23.45118 ], [ -48.11927, -23.45868 ], [ -48.13651, -23.46038 ], [ -48.14024, -23.46483 ], [ -48.14846, -23.46454 ], [ -48.15498, -23.47214 ], [ -48.16801, -23.47688 ], [ -48.16603, -23.48245 ], [ -48.1677, -23.48895 ], [ -48.17555, -23.49492 ], [ -48.21702, -23.48286 ], [ -48.22079, -23.47951 ], [ -48.22091, -23.47475 ], [ -48.22666, -23.47127 ], [ -48.22922, -23.47373 ], [ -48.23003, -23.47123 ], [ -48.23455, -23.47089 ], [ -48.24498, -23.47792 ], [ -48.24542, -23.47555 ], [ -48.24836, -23.47567 ], [ -48.24704, -23.474 ], [ -48.25004, -23.47034 ], [ -48.25368, -23.47057 ], [ -48.25167, -23.4685 ], [ -48.25536, -23.4676 ], [ -48.25619, -23.46944 ], [ -48.26164, -23.46644 ], [ -48.26496, -23.46796 ], [ -48.26753, -23.46626 ], [ -48.26753, -23.46422 ], [ -48.26397, -23.46326 ], [ -48.26768, -23.44949 ], [ -48.27775, -23.44579 ], [ -48.28904, -23.44786 ], [ -48.29445, -23.44486 ], [ -48.2972, -23.43887 ], [ -48.2928, -23.43503 ], [ -48.30092, -23.42592 ], [ -48.29949, -23.41953 ], [ -48.3019, -23.41517 ], [ -48.31498, -23.41858 ], [ -48.31642, -23.42284 ], [ -48.3223, -23.42276 ], [ -48.32495, -23.43229 ], [ -48.32833, -23.43302 ], [ -48.33281, -23.42288 ], [ -48.34616, -23.41841 ], [ -48.35351, -23.41176 ], [ -48.36424, -23.41201 ], [ -48.3689, -23.40853 ], [ -48.37021, -23.40602 ], [ -48.36798, -23.39879 ], [ -48.36286, -23.39251 ], [ -48.3617, -23.38435 ], [ -48.35596, -23.3748 ], [ -48.36329, -23.35007 ], [ -48.36727, -23.34436 ], [ -48.37427, -23.34176 ], [ -48.38695, -23.343 ], [ -48.3841, -23.33965 ], [ -48.38524, -23.32936 ], [ -48.37691, -23.32115 ], [ -48.37984, -23.315 ], [ -48.36612, -23.30729 ], [ -48.35969, -23.30169 ], [ -48.36099, -23.29915 ], [ -48.37775, -23.28951 ], [ -48.39245, -23.29047 ], [ -48.40137, -23.2866 ], [ -48.40095, -23.27465 ], [ -48.40617, -23.26691 ], [ -48.41809, -23.26317 ], [ -48.43043, -23.2671 ], [ -48.43536, -23.27299 ], [ -48.44208, -23.26926 ], [ -48.45197, -23.27181 ], [ -48.46483, -23.2657 ], [ -48.48886, -23.26215 ], [ -48.49161, -23.25962 ], [ -48.48879, -23.25752 ], [ -48.48929, -23.25408 ], [ -48.49236, -23.25312 ], [ -48.49188, -23.25011 ], [ -48.48582, -23.24716 ], [ -48.48624, -23.24461 ], [ -48.48264, -23.2416 ], [ -48.47659, -23.24132 ], [ -48.47728, -23.23837 ], [ -48.46922, -23.24012 ], [ -48.46863, -23.23182 ], [ -48.46607, -23.22975 ], [ -48.46776, -23.22867 ], [ -48.46461, -23.22838 ], [ -48.46489, -23.22448 ], [ -48.45647, -23.21429 ], [ -48.45091, -23.21272 ], [ -48.45222, -23.21022 ], [ -48.44495, -23.21228 ], [ -48.44316, -23.20968 ], [ -48.43954, -23.2117 ], [ -48.43253, -23.20811 ], [ -48.42848, -23.20261 ], [ -48.42335, -23.203 ], [ -48.41033, -23.19495 ], [ -48.4059, -23.19458 ], [ -48.40207, -23.18913 ], [ -48.38854, -23.18647 ], [ -48.38112, -23.18036 ], [ -48.38105, -23.17651 ], [ -48.36877, -23.16949 ], [ -48.36268, -23.1687 ], [ -48.36038, -23.1636 ], [ -48.36329, -23.15424 ], [ -48.35621, -23.15033 ], [ -48.35109, -23.15231 ], [ -48.35071, -23.14921 ], [ -48.3441, -23.14448 ], [ -48.34127, -23.13902 ], [ -48.33736, -23.13871 ], [ -48.32559, -23.14462 ], [ -48.3127, -23.14557 ], [ -48.3062, -23.15085 ], [ -48.30318, -23.1496 ], [ -48.31123, -23.1423 ], [ -48.31891, -23.14047 ], [ -48.32703, -23.13485 ], [ -48.32651, -23.13131 ], [ -48.31924, -23.12953 ], [ -48.32358, -23.12096 ], [ -48.32358, -23.11481 ], [ -48.33236, -23.1207 ], [ -48.3389, -23.11508 ], [ -48.34408, -23.11381 ], [ -48.35798, -23.10076 ], [ -48.35224, -23.09597 ], [ -48.35776, -23.09277 ], [ -48.35443, -23.09063 ], [ -48.35061, -23.09183 ], [ -48.35174, -23.08578 ], [ -48.34042, -23.08409 ], [ -48.3415, -23.08229 ], [ -48.34579, -23.08478 ], [ -48.35388, -23.0827 ], [ -48.3499, -23.07982 ], [ -48.35157, -23.07785 ], [ -48.34636, -23.07185 ], [ -48.35159, -23.07132 ], [ -48.35288, -23.06601 ], [ -48.35477, -23.06806 ], [ -48.35389, -23.0721 ], [ -48.35845, -23.07064 ], [ -48.36143, -23.06644 ], [ -48.35779, -23.06401 ], [ -48.35791, -23.05928 ], [ -48.35369, -23.0605 ], [ -48.34408, -23.05084 ], [ -48.35392, -23.05364 ], [ -48.35762, -23.04949 ], [ -48.35442, -23.04497 ], [ -48.35977, -23.04181 ], [ -48.35912, -23.03456 ], [ -48.35651, -23.03431 ], [ -48.35803, -23.0309 ], [ -48.34573, -23.02579 ], [ -48.35317, -23.02769 ], [ -48.3581, -23.02543 ], [ -48.35652, -23.01975 ], [ -48.34833, -23.0134 ], [ -48.35094, -23.01063 ], [ -48.34554, -23.00833 ], [ -48.34803, -23.00287 ], [ -48.34221, -23.00569 ], [ -48.33985, -23.00089 ], [ -48.3342, -23.00527 ], [ -48.32914, -22.99954 ], [ -48.32206, -23.0011 ], [ -48.32155, -22.99603 ], [ -48.31859, -22.99297 ], [ -48.30668, -22.99043 ], [ -48.29536, -22.98035 ], [ -48.29442, -22.97344 ], [ -48.2914, -22.97044 ], [ -48.29143, -22.95778 ], [ -48.27687, -22.95963 ], [ -48.26905, -22.9647 ], [ -48.2442, -22.9711 ], [ -48.24282, -22.97421 ], [ -48.24043, -22.97336 ], [ -48.23398, -22.9795 ], [ -48.23005, -22.97995 ], [ -48.22044, -22.99187 ], [ -48.2087, -22.99534 ], [ -48.2002, -22.99012 ], [ -48.19772, -22.98452 ], [ -48.18482, -22.98231 ], [ -48.17782, -22.97773 ], [ -48.17075, -22.98749 ], [ -48.16863, -22.99452 ], [ -48.16186, -22.99814 ], [ -48.14233, -22.99076 ], [ -48.12965, -22.98046 ], [ -48.1298, -22.98828 ], [ -48.12777, -22.9888 ], [ -48.1309, -22.98952 ], [ -48.12902, -22.99748 ], [ -48.125, -23.00196 ], [ -48.12968, -23.00874 ], [ -48.12646, -23.0114 ], [ -48.12823, -23.01214 ], [ -48.12618, -23.01285 ], [ -48.12647, -23.0165 ], [ -48.12911, -23.01964 ], [ -48.14001, -23.02223 ], [ -48.12314, -23.02979 ], [ -48.13018, -23.03239 ], [ -48.13081, -23.03915 ], [ -48.13517, -23.03909 ], [ -48.13282, -23.04353 ], [ -48.13589, -23.04424 ], [ -48.13353, -23.04711 ], [ -48.13534, -23.05116 ], [ -48.1297, -23.05825 ], [ -48.13357, -23.06136 ], [ -48.14163, -23.05794 ], [ -48.14452, -23.06 ], [ -48.14522, -23.06505 ], [ -48.14049, -23.06347 ], [ -48.13868, -23.06418 ], [ -48.14382, -23.07033 ], [ -48.14292, -23.07287 ], [ -48.14443, -23.07226 ], [ -48.14715, -23.0804 ], [ -48.1502, -23.06832 ], [ -48.15209, -23.07108 ], [ -48.15395, -23.06895 ], [ -48.15612, -23.07017 ], [ -48.1535, -23.07735 ], [ -48.16288, -23.07722 ], [ -48.1662, -23.08017 ], [ -48.15969, -23.08208 ], [ -48.15908, -23.0862 ], [ -48.15087, -23.08319 ], [ -48.14621, -23.08907 ], [ -48.12632, -23.08841 ], [ -48.12346, -23.09273 ], [ -48.1094, -23.09794 ], [ -48.10456, -23.08954 ], [ -48.09251, -23.08421 ], [ -48.08831, -23.0798 ], [ -48.08378, -23.08174 ], [ -48.07576, -23.09073 ], [ -48.06779, -23.09094 ], [ -48.06224, -23.09426 ], [ -48.05741, -23.10328 ], [ -48.05947, -23.10606 ], [ -48.05719, -23.1112 ], [ -48.04792, -23.12037 ], [ -48.05114, -23.12895 ], [ -48.0609, -23.13327 ], [ -48.06192, -23.14664 ], [ -48.05247, -23.14827 ], [ -48.04919, -23.15368 ], [ -48.04462, -23.1536 ], [ -48.03308, -23.16125 ], [ -48.01403, -23.16714 ], [ -48.01204, -23.17008 ], [ -48.02204, -23.18518 ], [ -48.02026, -23.18947 ], [ -48.02208, -23.19529 ], [ -48.02462, -23.19646 ], [ -48.02491, -23.20145 ], [ -48.03599, -23.20754 ], [ -48.04358, -23.21685 ], [ -48.05018, -23.21908 ], [ -48.05109, -23.22396 ], [ -48.0575, -23.23187 ], [ -48.03277, -23.22326 ], [ -48.02045, -23.22743 ], [ -48.01359, -23.22375 ], [ -47.99668, -23.22338 ], [ -47.98139, -23.21944 ], [ -47.98189, -23.21553 ], [ -47.97673, -23.21421 ], [ -47.97175, -23.20826 ], [ -47.9782, -23.2018 ], [ -47.97906, -23.18806 ], [ -47.97403, -23.18706 ], [ -47.97006, -23.18898 ], [ -47.96311, -23.18287 ], [ -47.9471, -23.181 ], [ -47.94525, -23.17834 ], [ -47.94887, -23.16947 ], [ -47.94109, -23.16684 ], [ -47.93974, -23.16202 ], [ -47.92894, -23.15824 ], [ -47.92588, -23.15803 ], [ -47.92573, -23.16243 ], [ -47.89092, -23.16008 ], [ -47.88493, -23.16377 ], [ -47.87584, -23.15964 ], [ -47.86459, -23.16954 ], [ -47.85984, -23.17104 ], [ -47.85959, -23.17523 ], [ -47.85774, -23.17548 ], [ -47.85267, -23.17244 ], [ -47.83889, -23.17376 ], [ -47.84055, -23.1716 ], [ -47.83659, -23.16831 ], [ -47.84133, -23.16248 ], [ -47.84462, -23.16281 ], [ -47.84306, -23.15707 ], [ -47.83891, -23.15748 ], [ -47.82787, -23.14984 ], [ -47.81457, -23.15334 ], [ -47.80542, -23.16477 ], [ -47.80433, -23.16976 ], [ -47.81361, -23.17036 ], [ -47.81876, -23.17607 ], [ -47.8067, -23.18622 ], [ -47.81034, -23.18672 ], [ -47.80899, -23.18902 ], [ -47.813, -23.19388 ], [ -47.81443, -23.19072 ], [ -47.8181, -23.19121 ], [ -47.81878, -23.19958 ], [ -47.82754, -23.20364 ], [ -47.81186, -23.21592 ], [ -47.80277, -23.21142 ], [ -47.80495, -23.21728 ], [ -47.80159, -23.22197 ], [ -47.80196, -23.22541 ], [ -47.80978, -23.22172 ], [ -47.81473, -23.22722 ], [ -47.807, -23.23653 ], [ -47.80071, -23.23429 ], [ -47.79474, -23.22822 ], [ -47.78498, -23.23106 ], [ -47.78339, -23.22213 ], [ -47.77993, -23.22322 ], [ -47.78212, -23.22749 ], [ -47.77994, -23.23191 ], [ -47.78607, -23.23471 ], [ -47.78107, -23.23809 ], [ -47.78299, -23.25195 ], [ -47.77215, -23.2518 ], [ -47.76981, -23.25544 ], [ -47.78003, -23.26321 ], [ -47.77743, -23.26564 ], [ -47.7721, -23.26186 ], [ -47.76678, -23.26557 ], [ -47.77057, -23.27137 ], [ -47.7766, -23.2688 ], [ -47.77804, -23.27074 ], [ -47.7678, -23.27401 ], [ -47.77056, -23.28109 ], [ -47.76113, -23.28275 ], [ -47.77026, -23.28505 ], [ -47.7694, -23.29065 ], [ -47.77361, -23.29045 ], [ -47.77615, -23.29337 ], [ -47.77256, -23.29323 ], [ -47.77225, -23.29604 ], [ -47.76681, -23.29882 ], [ -47.76726, -23.3018 ], [ -47.76254, -23.30179 ], [ -47.76604, -23.30536 ], [ -47.76931, -23.30492 ], [ -47.76628, -23.30984 ], [ -47.77065, -23.31358 ], [ -47.77946, -23.31484 ], [ -47.77921, -23.31991 ], [ -47.76816, -23.32827 ], [ -47.76068, -23.3211 ], [ -47.75949, -23.32436 ], [ -47.75677, -23.32463 ], [ -47.75787, -23.33807 ], [ -47.74731, -23.32954 ], [ -47.74496, -23.32918 ], [ -47.74275, -23.33278 ], [ -47.74106, -23.32955 ], [ -47.73673, -23.33109 ], [ -47.74485, -23.34289 ], [ -47.73599, -23.35729 ], [ -47.73628, -23.35045 ], [ -47.73402, -23.34909 ], [ -47.73201, -23.3496 ], [ -47.7325, -23.35221 ], [ -47.73031, -23.3512 ], [ -47.72634, -23.35404 ], [ -47.72637, -23.35751 ], [ -47.73035, -23.3602 ], [ -47.73057, -23.36711 ], [ -47.72842, -23.36897 ], [ -47.72943, -23.37973 ], [ -47.72503, -23.38203 ], [ -47.72554, -23.3852 ], [ -47.70723, -23.39088 ], [ -47.70181, -23.39758 ], [ -47.69691, -23.39898 ], [ -47.68759, -23.39294 ], [ -47.68422, -23.39307 ], [ -47.68766, -23.4013 ], [ -47.68388, -23.40593 ], [ -47.68308, -23.41582 ], [ -47.67466, -23.42675 ], [ -47.66828, -23.42926 ], [ -47.66198, -23.42857 ], [ -47.65472, -23.43242 ], [ -47.65039, -23.44521 ], [ -47.65454, -23.45307 ], [ -47.6504, -23.45838 ], [ -47.65123, -23.46692 ], [ -47.67002, -23.47338 ], [ -47.68775, -23.48601 ], [ -47.69325, -23.4931 ], [ -47.69727, -23.49362 ], [ -47.70387, -23.50689 ], [ -47.70208, -23.51118 ], [ -47.71483, -23.52067 ], [ -47.71767, -23.53411 ], [ -47.73659, -23.54379 ], [ -47.73792, -23.54944 ], [ -47.74555, -23.55577 ], [ -47.7575, -23.55775 ], [ -47.7603, -23.56066 ], [ -47.76117, -23.55924 ], [ -47.7613, -23.5615 ] ] ] } },
{ "type": "Feature", "properties": { "rc": "RC 09.01", "uba": "Catanduva", "regional": "DR 09", "regional_cgr": "CGR 09" }, "geometry": { "type": "Polygon", "coordinates": [ [ [ -49.21714, -21.67296 ], [ -49.22915, -21.67001 ], [ -49.23844, -21.67057 ], [ -49.25239, -21.6651 ], [ -49.26516, -21.66389 ], [ -49.27784, -21.65498 ], [ -49.29337, -21.63029 ], [ -49.31144, -21.61701 ], [ -49.32066, -21.59604 ], [ -49.32699, -21.562 ], [ -49.33952, -21.54625 ], [ -49.37598, -21.53445 ], [ -49.40517, -21.54375 ], [ -49.41646, -21.54342 ], [ -49.4385, -21.5307 ], [ -49.45008, -21.52025 ], [ -49.48843, -21.50034 ], [ -49.50616, -21.48097 ], [ -49.52454, -21.44882 ], [ -49.54541, -21.43011 ], [ -49.5489, -21.41821 ], [ -49.55873, -21.41547 ], [ -49.56851, -21.40501 ], [ -49.58386, -21.37884 ], [ -49.59186, -21.37406 ], [ -49.60331, -21.37365 ], [ -49.6244, -21.35622 ], [ -49.60097, -21.36097 ], [ -49.58961, -21.36212 ], [ -49.58537, -21.36031 ], [ -49.58633, -21.35562 ], [ -49.59071, -21.35273 ], [ -49.58782, -21.34722 ], [ -49.59103, -21.34699 ], [ -49.59049, -21.34207 ], [ -49.58811, -21.33759 ], [ -49.58232, -21.3355 ], [ -49.57961, -21.32484 ], [ -49.58448, -21.31397 ], [ -49.5799, -21.31248 ], [ -49.58413, -21.30418 ], [ -49.57516, -21.30224 ], [ -49.57413, -21.29761 ], [ -49.56959, -21.29422 ], [ -49.57044, -21.2893 ], [ -49.56769, -21.2885 ], [ -49.5728, -21.27951 ], [ -49.56978, -21.27835 ], [ -49.5713, -21.27473 ], [ -49.57471, -21.27456 ], [ -49.57164, -21.26734 ], [ -49.55914, -21.26988 ], [ -49.55745, -21.26698 ], [ -49.56083, -21.26314 ], [ -49.55974, -21.26091 ], [ -49.54838, -21.26221 ], [ -49.54775, -21.25243 ], [ -49.53959, -21.25326 ], [ -49.53814, -21.24121 ], [ -49.53295, -21.24172 ], [ -49.53343, -21.23994 ], [ -49.53112, -21.24037 ], [ -49.53062, -21.23762 ], [ -49.52711, -21.23606 ], [ -49.52956, -21.23093 ], [ -49.52621, -21.22905 ], [ -49.52832, -21.22843 ], [ -49.51787, -21.2277 ], [ -49.51738, -21.223 ], [ -49.51231, -21.22274 ], [ -49.51296, -21.21846 ], [ -49.5071, -21.2161 ], [ -49.50409, -21.2092 ], [ -49.50531, -21.20694 ], [ -49.49957, -21.2056 ], [ -49.49315, -21.2073 ], [ -49.49125, -21.20205 ], [ -49.48628, -21.20774 ], [ -49.48273, -21.20753 ], [ -49.47726, -21.20134 ], [ -49.47042, -21.20362 ], [ -49.46778, -21.19862 ], [ -49.4616, -21.19593 ], [ -49.46097, -21.19338 ], [ -49.45862, -21.19336 ], [ -49.45906, -21.1897 ], [ -49.45443, -21.18716 ], [ -49.46238, -21.1753 ], [ -49.45933, -21.16211 ], [ -49.46064, -21.15955 ], [ -49.4658, -21.15906 ], [ -49.47898, -21.15056 ], [ -49.48399, -21.14992 ], [ -49.48654, -21.14485 ], [ -49.49577, -21.13784 ], [ -49.48272, -21.1324 ], [ -49.48285, -21.12384 ], [ -49.47764, -21.12009 ], [ -49.47562, -21.11233 ], [ -49.47188, -21.10924 ], [ -49.47341, -21.09808 ], [ -49.47188, -21.09418 ], [ -49.46654, -21.08814 ], [ -49.46241, -21.08929 ], [ -49.45859, -21.08617 ], [ -49.46284, -21.08061 ], [ -49.46427, -21.06974 ], [ -49.46098, -21.06499 ], [ -49.46052, -21.05355 ], [ -49.46359, -21.03934 ], [ -49.4588, -21.03382 ], [ -49.46055, -21.02471 ], [ -49.45665, -21.00336 ], [ -49.44897, -20.99493 ], [ -49.44747, -20.98588 ], [ -49.44143, -20.97993 ], [ -49.43423, -20.97914 ], [ -49.43195, -20.97519 ], [ -49.4006, -20.97116 ], [ -49.38685, -20.96035 ], [ -49.37493, -20.95974 ], [ -49.37252, -20.95222 ], [ -49.36413, -20.94531 ], [ -49.36152, -20.93996 ], [ -49.35048, -20.93264 ], [ -49.33193, -20.93193 ], [ -49.3337, -20.92462 ], [ -49.32768, -20.92201 ], [ -49.32082, -20.91202 ], [ -49.31602, -20.90988 ], [ -49.31287, -20.89333 ], [ -49.30309, -20.88961 ], [ -49.30059, -20.88249 ], [ -49.29167, -20.87565 ], [ -49.27404, -20.88166 ], [ -49.26923, -20.87145 ], [ -49.25585, -20.86123 ], [ -49.25719, -20.85113 ], [ -49.24125, -20.84368 ], [ -49.22893, -20.84284 ], [ -49.22323, -20.83856 ], [ -49.20812, -20.84056 ], [ -49.19671, -20.82494 ], [ -49.17525, -20.81403 ], [ -49.16898, -20.81525 ], [ -49.16578, -20.82174 ], [ -49.16037, -20.8242 ], [ -49.14829, -20.82075 ], [ -49.14181, -20.82435 ], [ -49.13843, -20.82106 ], [ -49.13316, -20.82069 ], [ -49.12783, -20.81537 ], [ -49.11917, -20.8122 ], [ -49.11225, -20.8037 ], [ -49.10324, -20.80044 ], [ -49.09568, -20.78734 ], [ -49.09878, -20.7826 ], [ -49.09285, -20.78671 ], [ -49.09007, -20.79354 ], [ -49.09382, -20.80636 ], [ -49.09277, -20.81112 ], [ -49.08379, -20.81342 ], [ -49.07725, -20.81097 ], [ -49.06837, -20.81311 ], [ -49.06392, -20.81183 ], [ -49.05473, -20.81837 ], [ -49.0546, -20.82184 ], [ -49.04651, -20.82523 ], [ -49.04599, -20.82938 ], [ -49.04081, -20.83287 ], [ -49.04172, -20.83498 ], [ -49.03425, -20.83708 ], [ -49.02321, -20.84993 ], [ -49.01652, -20.85385 ], [ -49.00814, -20.85473 ], [ -49.00125, -20.8482 ], [ -48.98454, -20.8482 ], [ -48.95629, -20.86818 ], [ -48.951, -20.86687 ], [ -48.94762, -20.8709 ], [ -48.94818, -20.87786 ], [ -48.94275, -20.88318 ], [ -48.9302, -20.88154 ], [ -48.92604, -20.87578 ], [ -48.91373, -20.88269 ], [ -48.91309, -20.88081 ], [ -48.90977, -20.88114 ], [ -48.90425, -20.88638 ], [ -48.90663, -20.88678 ], [ -48.9054, -20.88913 ], [ -48.90774, -20.89253 ], [ -48.91132, -20.89332 ], [ -48.90744, -20.89915 ], [ -48.90872, -20.91781 ], [ -48.90234, -20.92812 ], [ -48.89883, -20.93002 ], [ -48.90073, -20.93551 ], [ -48.89509, -20.93831 ], [ -48.89194, -20.94768 ], [ -48.88204, -20.94758 ], [ -48.88601, -20.95891 ], [ -48.87802, -20.9611 ], [ -48.87816, -20.97012 ], [ -48.86618, -20.9744 ], [ -48.86476, -20.97923 ], [ -48.86131, -20.97769 ], [ -48.86177, -20.98449 ], [ -48.85624, -20.99637 ], [ -48.8597, -21.00129 ], [ -48.85846, -21.00813 ], [ -48.85523, -21.00862 ], [ -48.85004, -21.01439 ], [ -48.83485, -21.01667 ], [ -48.83016, -21.02149 ], [ -48.831, -21.03003 ], [ -48.82602, -21.02873 ], [ -48.81761, -21.0321 ], [ -48.81677, -21.03633 ], [ -48.81936, -21.04113 ], [ -48.81611, -21.04251 ], [ -48.82014, -21.0548 ], [ -48.80451, -21.05863 ], [ -48.80903, -21.07142 ], [ -48.80549, -21.07262 ], [ -48.8015, -21.07837 ], [ -48.796, -21.07676 ], [ -48.79007, -21.07976 ], [ -48.79255, -21.08583 ], [ -48.78528, -21.09032 ], [ -48.78642, -21.09683 ], [ -48.78389, -21.09959 ], [ -48.77716, -21.09875 ], [ -48.77482, -21.10412 ], [ -48.7779, -21.10575 ], [ -48.77659, -21.1091 ], [ -48.77031, -21.10826 ], [ -48.76471, -21.11923 ], [ -48.75811, -21.12013 ], [ -48.75917, -21.13512 ], [ -48.75452, -21.13474 ], [ -48.74883, -21.13991 ], [ -48.74865, -21.14549 ], [ -48.74598, -21.14777 ], [ -48.73596, -21.14893 ], [ -48.72786, -21.16658 ], [ -48.72659, -21.17264 ], [ -48.72856, -21.17798 ], [ -48.7249, -21.18057 ], [ -48.72393, -21.18938 ], [ -48.70784, -21.20274 ], [ -48.70439, -21.21231 ], [ -48.69982, -21.21353 ], [ -48.69455, -21.22158 ], [ -48.69828, -21.22759 ], [ -48.70889, -21.23047 ], [ -48.72164, -21.24105 ], [ -48.73114, -21.24175 ], [ -48.73548, -21.24648 ], [ -48.74149, -21.24544 ], [ -48.74355, -21.24883 ], [ -48.74224, -21.25393 ], [ -48.7324, -21.25961 ], [ -48.73592, -21.26565 ], [ -48.73288, -21.27644 ], [ -48.73601, -21.28179 ], [ -48.73238, -21.28674 ], [ -48.73469, -21.30499 ], [ -48.73075, -21.31679 ], [ -48.73428, -21.32147 ], [ -48.73335, -21.32894 ], [ -48.73797, -21.34473 ], [ -48.74651, -21.35824 ], [ -48.74866, -21.37508 ], [ -48.74497, -21.39193 ], [ -48.75245, -21.40598 ], [ -48.75394, -21.41974 ], [ -48.75687, -21.42364 ], [ -48.76221, -21.42303 ], [ -48.77488, -21.42703 ], [ -48.78225, -21.42048 ], [ -48.79108, -21.41756 ], [ -48.79429, -21.40839 ], [ -48.80457, -21.41272 ], [ -48.81412, -21.4113 ], [ -48.81945, -21.40696 ], [ -48.8239, -21.40765 ], [ -48.83165, -21.39535 ], [ -48.83601, -21.39243 ], [ -48.83825, -21.39519 ], [ -48.84921, -21.39009 ], [ -48.85273, -21.39249 ], [ -48.87671, -21.39303 ], [ -48.87965, -21.38918 ], [ -48.89201, -21.38369 ], [ -48.90022, -21.37021 ], [ -48.92265, -21.38202 ], [ -48.94733, -21.39923 ], [ -48.94577, -21.41213 ], [ -48.94935, -21.42565 ], [ -48.95549, -21.42344 ], [ -48.96445, -21.42519 ], [ -48.97146, -21.43584 ], [ -48.97685, -21.41917 ], [ -48.98154, -21.41569 ], [ -48.98557, -21.42642 ], [ -48.98641, -21.43749 ], [ -48.98291, -21.45443 ], [ -48.99099, -21.45573 ], [ -48.99765, -21.45986 ], [ -49.00432, -21.45933 ], [ -49.01095, -21.47385 ], [ -49.01939, -21.48193 ], [ -49.0392, -21.48466 ], [ -49.04104, -21.49114 ], [ -49.05112, -21.4891 ], [ -49.07056, -21.47796 ], [ -49.08232, -21.46417 ], [ -49.08634, -21.46531 ], [ -49.09766, -21.4835 ], [ -49.11417, -21.49983 ], [ -49.11826, -21.51472 ], [ -49.13257, -21.51562 ], [ -49.13891, -21.52466 ], [ -49.14957, -21.52878 ], [ -49.15399, -21.54059 ], [ -49.15339, -21.55215 ], [ -49.16836, -21.56271 ], [ -49.1693, -21.57009 ], [ -49.17683, -21.57758 ], [ -49.17917, -21.58981 ], [ -49.18587, -21.59494 ], [ -49.20107, -21.59668 ], [ -49.2105, -21.60364 ], [ -49.218, -21.60445 ], [ -49.2244, -21.60909 ], [ -49.23131, -21.62061 ], [ -49.24092, -21.62127 ], [ -49.22699, -21.6595 ], [ -49.2142, -21.67131 ], [ -49.21714, -21.67296 ] ] ] } },
{ "type": "Feature", "properties": { "rc": "RC 13.05", "uba": "São José do Rio Pardo", "regional": "DR 13", "regional_cgr": "CGR 13" }, "geometry": { "type": "Polygon", "coordinates": [ [ [ -47.09963, -21.56798 ], [ -47.09696, -21.56807 ], [ -47.09508, -21.56317 ], [ -47.08906, -21.56518 ], [ -47.08319, -21.54744 ], [ -47.08952, -21.53969 ], [ -47.09345, -21.54155 ], [ -47.10239, -21.53859 ], [ -47.10426, -21.52586 ], [ -47.11651, -21.52747 ], [ -47.12989, -21.52438 ], [ -47.13031, -21.521 ], [ -47.12205, -21.51097 ], [ -47.12338, -21.50138 ], [ -47.13031, -21.49362 ], [ -47.1452, -21.49993 ], [ -47.15291, -21.49142 ], [ -47.16571, -21.48379 ], [ -47.17739, -21.48237 ], [ -47.19815, -21.49065 ], [ -47.20839, -21.4866 ], [ -47.21294, -21.47586 ], [ -47.20517, -21.46349 ], [ -47.2124, -21.46381 ], [ -47.22207, -21.45887 ], [ -47.23523, -21.47005 ], [ -47.23932, -21.46669 ], [ -47.24681, -21.46785 ], [ -47.24765, -21.46302 ], [ -47.24575, -21.45543 ], [ -47.2409, -21.45138 ], [ -47.24106, -21.44295 ], [ -47.23685, -21.44276 ], [ -47.23613, -21.43887 ], [ -47.23259, -21.43654 ], [ -47.23344, -21.42683 ], [ -47.2311, -21.42191 ], [ -47.22556, -21.42053 ], [ -47.22572, -21.42481 ], [ -47.22238, -21.42565 ], [ -47.22394, -21.42757 ], [ -47.21868, -21.42871 ], [ -47.21344, -21.42349 ], [ -47.21701, -21.42046 ], [ -47.21457, -21.41511 ], [ -47.2077, -21.41399 ], [ -47.20581, -21.40861 ], [ -47.20875, -21.40686 ], [ -47.20939, -21.40156 ], [ -47.20595, -21.39807 ], [ -47.2034, -21.38961 ], [ -47.20513, -21.38478 ], [ -47.19224, -21.36714 ], [ -47.19235, -21.36048 ], [ -47.18885, -21.35477 ], [ -47.19089, -21.34857 ], [ -47.1806, -21.33803 ], [ -47.17146, -21.31381 ], [ -47.15967, -21.303 ], [ -47.14818, -21.29846 ], [ -47.14531, -21.29409 ], [ -47.14333, -21.29596 ], [ -47.14663, -21.303 ], [ -47.14519, -21.30694 ], [ -47.12956, -21.32825 ], [ -47.12669, -21.32818 ], [ -47.11828, -21.31924 ], [ -47.10727, -21.31588 ], [ -47.08862, -21.29671 ], [ -47.09147, -21.28664 ], [ -47.08371, -21.28769 ], [ -47.07693, -21.28464 ], [ -47.06514, -21.26892 ], [ -47.05511, -21.26359 ], [ -47.04233, -21.26873 ], [ -47.04262, -21.27734 ], [ -47.03926, -21.28054 ], [ -47.04214, -21.28995 ], [ -47.02896, -21.29986 ], [ -47.03504, -21.31064 ], [ -47.03051, -21.31131 ], [ -47.02074, -21.32203 ], [ -47.02409, -21.32853 ], [ -47.01704, -21.34168 ], [ -47.0054, -21.34888 ], [ -46.99901, -21.34898 ], [ -46.99684, -21.35126 ], [ -46.99648, -21.35732 ], [ -47.00125, -21.35995 ], [ -46.99959, -21.36208 ], [ -47.0056, -21.36501 ], [ -47.00942, -21.37068 ], [ -47.00479, -21.3828 ], [ -47.00758, -21.39254 ], [ -47.0147, -21.39381 ], [ -47.01691, -21.3968 ], [ -47.00925, -21.40675 ], [ -47.01034, -21.41021 ], [ -47.00761, -21.4105 ], [ -47.01253, -21.41637 ], [ -47.01101, -21.4227 ], [ -47.0104, -21.42104 ], [ -47.00045, -21.42088 ], [ -46.9929, -21.4234 ], [ -46.99206, -21.42567 ], [ -46.98691, -21.42176 ], [ -46.98717, -21.42423 ], [ -46.98339, -21.42674 ], [ -46.97615, -21.42353 ], [ -46.97464, -21.41782 ], [ -46.97006, -21.42231 ], [ -46.96593, -21.42086 ], [ -46.96512, -21.41776 ], [ -46.95744, -21.42471 ], [ -46.94876, -21.4198 ], [ -46.93417, -21.42584 ], [ -46.93198, -21.42262 ], [ -46.92567, -21.42278 ], [ -46.92123, -21.4271 ], [ -46.91519, -21.4203 ], [ -46.90846, -21.42151 ], [ -46.90739, -21.41838 ], [ -46.9032, -21.41882 ], [ -46.90037, -21.41327 ], [ -46.89451, -21.41622 ], [ -46.88369, -21.40562 ], [ -46.86745, -21.40359 ], [ -46.86468, -21.40107 ], [ -46.86519, -21.39571 ], [ -46.85802, -21.39407 ], [ -46.85572, -21.39005 ], [ -46.84159, -21.38953 ], [ -46.84095, -21.3857 ], [ -46.83541, -21.38374 ], [ -46.83595, -21.37147 ], [ -46.83166, -21.36654 ], [ -46.82217, -21.36683 ], [ -46.81381, -21.36338 ], [ -46.80523, -21.37108 ], [ -46.79447, -21.3708 ], [ -46.79259, -21.37449 ], [ -46.78769, -21.37243 ], [ -46.78753, -21.36911 ], [ -46.78118, -21.37058 ], [ -46.77539, -21.36239 ], [ -46.76495, -21.3602 ], [ -46.75818, -21.36378 ], [ -46.75904, -21.37112 ], [ -46.76285, -21.37409 ], [ -46.75399, -21.38356 ], [ -46.74215, -21.38671 ], [ -46.73876, -21.38949 ], [ -46.73881, -21.39255 ], [ -46.7349, -21.39417 ], [ -46.73124, -21.39215 ], [ -46.72601, -21.39316 ], [ -46.72128, -21.38941 ], [ -46.71797, -21.39033 ], [ -46.70628, -21.4052 ], [ -46.69919, -21.39986 ], [ -46.69337, -21.39116 ], [ -46.69285, -21.38338 ], [ -46.68278, -21.3754 ], [ -46.67246, -21.37407 ], [ -46.67157, -21.36779 ], [ -46.66634, -21.36144 ], [ -46.65542, -21.36528 ], [ -46.64977, -21.36301 ], [ -46.64457, -21.37287 ], [ -46.64889, -21.37701 ], [ -46.6462, -21.38319 ], [ -46.64884, -21.39247 ], [ -46.63822, -21.40237 ], [ -46.63864, -21.40928 ], [ -46.63093, -21.41309 ], [ -46.6269, -21.41031 ], [ -46.61797, -21.42052 ], [ -46.62154, -21.4254 ], [ -46.61449, -21.42891 ], [ -46.62014, -21.43453 ], [ -46.61511, -21.44109 ], [ -46.60603, -21.44427 ], [ -46.60029, -21.44301 ], [ -46.59328, -21.43915 ], [ -46.59356, -21.43575 ], [ -46.59049, -21.43677 ], [ -46.58493, -21.43422 ], [ -46.57661, -21.42676 ], [ -46.57138, -21.43287 ], [ -46.57128, -21.43645 ], [ -46.5634, -21.43887 ], [ -46.56139, -21.44178 ], [ -46.55705, -21.44257 ], [ -46.55337, -21.4396 ], [ -46.54618, -21.44061 ], [ -46.53519, -21.44945 ], [ -46.52865, -21.4452 ], [ -46.52019, -21.44746 ], [ -46.51821, -21.45348 ], [ -46.52011, -21.46033 ], [ -46.5172, -21.46419 ], [ -46.51196, -21.46502 ], [ -46.50934, -21.47044 ], [ -46.51247, -21.47769 ], [ -46.50905, -21.48845 ], [ -46.51135, -21.48881 ], [ -46.51439, -21.49818 ], [ -46.51881, -21.50074 ], [ -46.5199, -21.50636 ], [ -46.51551, -21.51179 ], [ -46.522, -21.51608 ], [ -46.52154, -21.52091 ], [ -46.52415, -21.52192 ], [ -46.52319, -21.53031 ], [ -46.5209, -21.535 ], [ -46.51907, -21.53373 ], [ -46.51057, -21.53641 ], [ -46.49953, -21.55344 ], [ -46.50273, -21.56264 ], [ -46.51219, -21.56604 ], [ -46.511, -21.57018 ], [ -46.51471, -21.57749 ], [ -46.52056, -21.58052 ], [ -46.52197, -21.58669 ], [ -46.51806, -21.59013 ], [ -46.51822, -21.59325 ], [ -46.52529, -21.60179 ], [ -46.5214, -21.60213 ], [ -46.5167, -21.60656 ], [ -46.51819, -21.6126 ], [ -46.53303, -21.62148 ], [ -46.53438, -21.62873 ], [ -46.54064, -21.62836 ], [ -46.5425, -21.63223 ], [ -46.54655, -21.63042 ], [ -46.55218, -21.63773 ], [ -46.54802, -21.6495 ], [ -46.55222, -21.65355 ], [ -46.55922, -21.65318 ], [ -46.56607, -21.65883 ], [ -46.56489, -21.67908 ], [ -46.57709, -21.68469 ], [ -46.57885, -21.6823 ], [ -46.60434, -21.68114 ], [ -46.6089, -21.67635 ], [ -46.62188, -21.67625 ], [ -46.62451, -21.68645 ], [ -46.62355, -21.69274 ], [ -46.62971, -21.69631 ], [ -46.62801, -21.69855 ], [ -46.62956, -21.70608 ], [ -46.62261, -21.71402 ], [ -46.62277, -21.7194 ], [ -46.62924, -21.73015 ], [ -46.62585, -21.73505 ], [ -46.63138, -21.73927 ], [ -46.62745, -21.7485 ], [ -46.62561, -21.76743 ], [ -46.6384, -21.76852 ], [ -46.64338, -21.77566 ], [ -46.6534, -21.77972 ], [ -46.65147, -21.79042 ], [ -46.66837, -21.80853 ], [ -46.67, -21.81607 ], [ -46.68417, -21.82715 ], [ -46.69088, -21.83677 ], [ -46.7041, -21.84064 ], [ -46.70887, -21.82819 ], [ -46.72767, -21.81798 ], [ -46.73629, -21.818 ], [ -46.73479, -21.82092 ], [ -46.73645, -21.82323 ], [ -46.74877, -21.82972 ], [ -46.75036, -21.83382 ], [ -46.76696, -21.82536 ], [ -46.76988, -21.82595 ], [ -46.7703, -21.81818 ], [ -46.77958, -21.81497 ], [ -46.78815, -21.80497 ], [ -46.79312, -21.80391 ], [ -46.79701, -21.79708 ], [ -46.80152, -21.79636 ], [ -46.80441, -21.79206 ], [ -46.80362, -21.78594 ], [ -46.80974, -21.78503 ], [ -46.81575, -21.78029 ], [ -46.82044, -21.77106 ], [ -46.81914, -21.76232 ], [ -46.81627, -21.76047 ], [ -46.82302, -21.75861 ], [ -46.82836, -21.75357 ], [ -46.83329, -21.75985 ], [ -46.84353, -21.75852 ], [ -46.84323, -21.76231 ], [ -46.84737, -21.76712 ], [ -46.84671, -21.77219 ], [ -46.85389, -21.77533 ], [ -46.85524, -21.77912 ], [ -46.86741, -21.77923 ], [ -46.8758, -21.78607 ], [ -46.88364, -21.78225 ], [ -46.89571, -21.78478 ], [ -46.90704, -21.79969 ], [ -46.92094, -21.80753 ], [ -46.92345, -21.81564 ], [ -46.94802, -21.81988 ], [ -46.95892, -21.8154 ], [ -46.96251, -21.81664 ], [ -46.96059, -21.83436 ], [ -46.98624, -21.84831 ], [ -46.98653, -21.8552 ], [ -46.98233, -21.86908 ], [ -46.98734, -21.87729 ], [ -46.99535, -21.87804 ], [ -46.99412, -21.89583 ], [ -46.99935, -21.90077 ], [ -47.0026, -21.9092 ], [ -47.00025, -21.91496 ], [ -47.00405, -21.91923 ], [ -47.00116, -21.92467 ], [ -47.00216, -21.92892 ], [ -46.99853, -21.9327 ], [ -46.99934, -21.93643 ], [ -46.99568, -21.93964 ], [ -46.99512, -21.94945 ], [ -46.99095, -21.95374 ], [ -46.98731, -21.96353 ], [ -46.98254, -21.9674 ], [ -46.98347, -21.97058 ], [ -46.98541, -21.97406 ], [ -46.98913, -21.97148 ], [ -46.99212, -21.97412 ], [ -46.9975, -21.97262 ], [ -47.00021, -21.97536 ], [ -47.00737, -21.97527 ], [ -47.00999, -21.98024 ], [ -47.00662, -21.9812 ], [ -47.00958, -21.98392 ], [ -47.0075, -21.98644 ], [ -47.01111, -21.9877 ], [ -47.0123, -21.99218 ], [ -47.00809, -21.99306 ], [ -47.01202, -22.00713 ], [ -47.01639, -22.0087 ], [ -47.02131, -22.00684 ], [ -47.02377, -22.00946 ], [ -47.02727, -22.00797 ], [ -47.03012, -22.01028 ], [ -47.03269, -22.0076 ], [ -47.03067, -22.00128 ], [ -47.03515, -22.00036 ], [ -47.03275, -21.99708 ], [ -47.03771, -21.99778 ], [ -47.03557, -21.99474 ], [ -47.03708, -21.99014 ], [ -47.04242, -21.99262 ], [ -47.05686, -21.98671 ], [ -47.06593, -21.99289 ], [ -47.06965, -21.98452 ], [ -47.07977, -21.98422 ], [ -47.08332, -21.9877 ], [ -47.09116, -21.97948 ], [ -47.09563, -21.985 ], [ -47.09953, -21.98243 ], [ -47.09868, -21.97937 ], [ -47.10683, -21.97523 ], [ -47.11425, -21.98116 ], [ -47.11378, -21.97586 ], [ -47.11649, -21.97275 ], [ -47.12201, -21.97775 ], [ -47.12032, -21.98132 ], [ -47.12286, -21.97898 ], [ -47.13011, -21.97966 ], [ -47.13027, -21.98269 ], [ -47.13385, -21.98043 ], [ -47.14102, -21.98114 ], [ -47.14625, -21.98545 ], [ -47.14575, -21.98769 ], [ -47.15125, -21.98196 ], [ -47.15615, -21.98505 ], [ -47.15867, -21.98244 ], [ -47.16382, -21.98776 ], [ -47.16572, -21.98029 ], [ -47.17051, -21.97675 ], [ -47.17527, -21.97717 ], [ -47.17736, -21.97406 ], [ -47.18415, -21.97342 ], [ -47.18664, -21.97565 ], [ -47.18967, -21.97365 ], [ -47.19055, -21.97555 ], [ -47.19526, -21.97346 ], [ -47.18303, -21.95632 ], [ -47.16165, -21.95582 ], [ -47.15982, -21.95258 ], [ -47.15991, -21.94696 ], [ -47.17272, -21.93019 ], [ -47.17804, -21.93136 ], [ -47.18293, -21.92469 ], [ -47.19049, -21.92095 ], [ -47.18821, -21.91926 ], [ -47.18996, -21.91567 ], [ -47.19457, -21.9147 ], [ -47.19847, -21.9077 ], [ -47.19641, -21.90687 ], [ -47.19502, -21.89869 ], [ -47.1981, -21.89428 ], [ -47.1894, -21.89279 ], [ -47.18761, -21.87682 ], [ -47.18787, -21.86717 ], [ -47.19151, -21.86494 ], [ -47.19368, -21.85887 ], [ -47.18415, -21.84846 ], [ -47.19069, -21.80758 ], [ -47.19007, -21.80211 ], [ -47.18576, -21.79922 ], [ -47.18613, -21.79177 ], [ -47.19083, -21.78837 ], [ -47.1936, -21.79291 ], [ -47.19855, -21.7912 ], [ -47.1944, -21.78347 ], [ -47.20728, -21.77043 ], [ -47.21106, -21.75589 ], [ -47.24165, -21.75711 ], [ -47.24092, -21.74868 ], [ -47.23183, -21.7332 ], [ -47.22419, -21.73059 ], [ -47.21866, -21.72308 ], [ -47.20681, -21.71532 ], [ -47.20425, -21.70726 ], [ -47.19754, -21.69903 ], [ -47.18611, -21.69403 ], [ -47.18593, -21.68774 ], [ -47.17678, -21.67282 ], [ -47.16474, -21.66566 ], [ -47.16143, -21.6577 ], [ -47.16356, -21.64367 ], [ -47.15715, -21.6363 ], [ -47.15798, -21.6292 ], [ -47.14897, -21.62961 ], [ -47.14947, -21.62502 ], [ -47.14712, -21.62246 ], [ -47.14535, -21.62604 ], [ -47.14299, -21.62232 ], [ -47.13919, -21.62302 ], [ -47.13769, -21.62088 ], [ -47.12941, -21.62512 ], [ -47.12843, -21.62312 ], [ -47.12321, -21.623 ], [ -47.11974, -21.61323 ], [ -47.1243, -21.603 ], [ -47.12375, -21.59187 ], [ -47.11945, -21.58801 ], [ -47.11355, -21.58711 ], [ -47.11323, -21.58414 ], [ -47.10563, -21.57799 ], [ -47.09752, -21.57753 ], [ -47.09963, -21.56798 ] ] ] } },
{ "type": "Feature", "properties": { "rc": "RC 05.03", "uba": "Pariquera-Açu", "regional": "DR 05", "regional_cgr": "CGR 05" }, "geometry": { "type": "Polygon", "coordinates": [ [ [ -47.83033, -24.75638 ], [ -47.82857, -24.76687 ], [ -47.82399, -24.77073 ], [ -47.82134, -24.77736 ], [ -47.8105, -24.78494 ], [ -47.80961, -24.78934 ], [ -47.80584, -24.79122 ], [ -47.80194, -24.78965 ], [ -47.79878, -24.79402 ], [ -47.79206, -24.79632 ], [ -47.79229, -24.79887 ], [ -47.78137, -24.80126 ], [ -47.77855, -24.80987 ], [ -47.77326, -24.81614 ], [ -47.77901, -24.82866 ], [ -47.78231, -24.82814 ], [ -47.78254, -24.83129 ], [ -47.77637, -24.83552 ], [ -47.77874, -24.84433 ], [ -47.77453, -24.84688 ], [ -47.77379, -24.84221 ], [ -47.76954, -24.8445 ], [ -47.77151, -24.8391 ], [ -47.76763, -24.84035 ], [ -47.76158, -24.83699 ], [ -47.7647, -24.83506 ], [ -47.76298, -24.83282 ], [ -47.75682, -24.83506 ], [ -47.75657, -24.84078 ], [ -47.75039, -24.8414 ], [ -47.74651, -24.83752 ], [ -47.74807, -24.83144 ], [ -47.73862, -24.82944 ], [ -47.73401, -24.83516 ], [ -47.71928, -24.8318 ], [ -47.68682, -24.81433 ], [ -47.66834, -24.79417 ], [ -47.63905, -24.77408 ], [ -47.62801, -24.76303 ], [ -47.60496, -24.7509 ], [ -47.59023, -24.74648 ], [ -47.58248, -24.73819 ], [ -47.55084, -24.72099 ], [ -47.54109, -24.70607 ], [ -47.51186, -24.70055 ], [ -47.48555, -24.70559 ], [ -47.47667, -24.70498 ], [ -47.45048, -24.69003 ], [ -47.43721, -24.67442 ], [ -47.4326, -24.68326 ], [ -47.43439, -24.68933 ], [ -47.44147, -24.69793 ], [ -47.48698, -24.71501 ], [ -47.51441, -24.72889 ], [ -47.57246, -24.76226 ], [ -47.62839, -24.80018 ], [ -47.77132, -24.91243 ], [ -47.83893, -24.97163 ], [ -47.86984, -25.00664 ], [ -47.88389, -25.03077 ], [ -47.89128, -25.07674 ], [ -47.89851, -25.09748 ], [ -47.89496, -25.10724 ], [ -47.90818, -25.11796 ], [ -47.91637, -25.13826 ], [ -47.91503, -25.14043 ], [ -47.91935, -25.14657 ], [ -47.91788, -25.15581 ], [ -47.91253, -25.15586 ], [ -47.91413, -25.15974 ], [ -47.92562, -25.16168 ], [ -47.95532, -25.18258 ], [ -47.97264, -25.19954 ], [ -48.05716, -25.26876 ], [ -48.08651, -25.29769 ], [ -48.09434, -25.30835 ], [ -48.09821, -25.30537 ], [ -48.0986, -25.29981 ], [ -48.09326, -25.29363 ], [ -48.0823, -25.28943 ], [ -48.07888, -25.27747 ], [ -48.05961, -25.26632 ], [ -48.04928, -25.25171 ], [ -48.03103, -25.23934 ], [ -48.02418, -25.23175 ], [ -48.02431, -25.22918 ], [ -48.02981, -25.22625 ], [ -48.0275, -25.22088 ], [ -48.03948, -25.2187 ], [ -48.04475, -25.22154 ], [ -48.04733, -25.22684 ], [ -48.05741, -25.2185 ], [ -48.0574, -25.22682 ], [ -48.06004, -25.22872 ], [ -48.05719, -25.23274 ], [ -48.05975, -25.23885 ], [ -48.07555, -25.24086 ], [ -48.08302, -25.24543 ], [ -48.08448, -25.24059 ], [ -48.08984, -25.24195 ], [ -48.09358, -25.23993 ], [ -48.10075, -25.24387 ], [ -48.10759, -25.24441 ], [ -48.10986, -25.24881 ], [ -48.11411, -25.25084 ], [ -48.12647, -25.24204 ], [ -48.1267, -25.23975 ], [ -48.13158, -25.24041 ], [ -48.13802, -25.23362 ], [ -48.15126, -25.22922 ], [ -48.1621, -25.20948 ], [ -48.17256, -25.20961 ], [ -48.18095, -25.2064 ], [ -48.18158, -25.21048 ], [ -48.1866, -25.20712 ], [ -48.18363, -25.2039 ], [ -48.19263, -25.19449 ], [ -48.19357, -25.19013 ], [ -48.17848, -25.18348 ], [ -48.17922, -25.17981 ], [ -48.16742, -25.16701 ], [ -48.16881, -25.1569 ], [ -48.16255, -25.15497 ], [ -48.15647, -25.14433 ], [ -48.16468, -25.1457 ], [ -48.17135, -25.1423 ], [ -48.1772, -25.13545 ], [ -48.18058, -25.13505 ], [ -48.18091, -25.12988 ], [ -48.18787, -25.12419 ], [ -48.19018, -25.1165 ], [ -48.1943, -25.11442 ], [ -48.19464, -25.10607 ], [ -48.20532, -25.099 ], [ -48.20369, -25.09421 ], [ -48.21322, -25.08311 ], [ -48.20976, -25.07982 ], [ -48.21618, -25.07739 ], [ -48.21308, -25.07241 ], [ -48.21631, -25.0669 ], [ -48.21219, -25.06411 ], [ -48.21155, -25.05959 ], [ -48.21615, -25.04254 ], [ -48.21479, -25.03903 ], [ -48.20934, -25.03598 ], [ -48.20906, -25.02837 ], [ -48.21524, -25.0301 ], [ -48.22466, -25.02274 ], [ -48.23154, -25.02106 ], [ -48.23271, -25.01596 ], [ -48.22322, -25.00825 ], [ -48.22681, -25.0067 ], [ -48.23019, -25.00926 ], [ -48.23389, -25.00735 ], [ -48.22797, -25.00014 ], [ -48.23404, -25.00064 ], [ -48.2364, -24.99781 ], [ -48.23522, -24.9951 ], [ -48.24572, -24.98972 ], [ -48.24969, -24.97754 ], [ -48.25877, -24.98635 ], [ -48.25725, -24.98878 ], [ -48.25932, -24.99076 ], [ -48.25516, -24.99671 ], [ -48.26008, -24.99812 ], [ -48.26443, -24.99302 ], [ -48.26987, -24.99762 ], [ -48.2733, -25.00549 ], [ -48.27246, -25.01494 ], [ -48.27852, -25.02018 ], [ -48.27652, -25.02861 ], [ -48.27855, -25.03339 ], [ -48.28719, -25.04102 ], [ -48.29009, -25.03887 ], [ -48.2894, -25.03083 ], [ -48.29323, -25.02419 ], [ -48.29954, -25.02458 ], [ -48.29657, -25.03074 ], [ -48.29892, -25.03556 ], [ -48.30795, -25.03608 ], [ -48.30866, -25.04676 ], [ -48.31477, -25.04724 ], [ -48.32396, -25.05438 ], [ -48.32676, -25.05065 ], [ -48.32327, -25.04282 ], [ -48.32365, -25.03743 ], [ -48.33361, -25.03614 ], [ -48.33579, -25.04024 ], [ -48.3394, -25.03606 ], [ -48.34314, -25.03774 ], [ -48.34725, -25.03522 ], [ -48.3513, -25.03658 ], [ -48.35276, -25.03339 ], [ -48.34938, -25.02735 ], [ -48.35631, -25.0242 ], [ -48.35841, -25.01645 ], [ -48.36739, -25.01458 ], [ -48.3693, -25.00905 ], [ -48.37778, -25.00321 ], [ -48.37887, -24.99676 ], [ -48.39603, -24.99109 ], [ -48.39989, -24.98561 ], [ -48.40453, -24.985 ], [ -48.4092, -24.98052 ], [ -48.4135, -24.9809 ], [ -48.41403, -24.98704 ], [ -48.41875, -24.99025 ], [ -48.43603, -24.9909 ], [ -48.45532, -25.00526 ], [ -48.46399, -25.00526 ], [ -48.46495, -25.01063 ], [ -48.47426, -25.01349 ], [ -48.47681, -25.02621 ], [ -48.48007, -25.03043 ], [ -48.47826, -25.03436 ], [ -48.48714, -25.04298 ], [ -48.48412, -25.05354 ], [ -48.49155, -25.05302 ], [ -48.5087, -25.06857 ], [ -48.50749, -25.07297 ], [ -48.51141, -25.07732 ], [ -48.51299, -25.084 ], [ -48.52181, -25.08414 ], [ -48.5233, -25.08959 ], [ -48.52106, -25.09154 ], [ -48.5278, -25.09507 ], [ -48.52855, -25.10036 ], [ -48.5451, -25.0947 ], [ -48.55657, -25.08529 ], [ -48.56048, -25.07562 ], [ -48.55802, -25.07293 ], [ -48.5593, -25.06507 ], [ -48.55765, -25.063 ], [ -48.5694, -25.05415 ], [ -48.56891, -25.05086 ], [ -48.57601, -25.04984 ], [ -48.57968, -25.05322 ], [ -48.58321, -25.05069 ], [ -48.58042, -25.0472 ], [ -48.58429, -25.03872 ], [ -48.58112, -25.03509 ], [ -48.58481, -25.03037 ], [ -48.58976, -25.02967 ], [ -48.5878, -25.02781 ], [ -48.59233, -25.02754 ], [ -48.58804, -25.02347 ], [ -48.58883, -25.01963 ], [ -48.59912, -25.01959 ], [ -48.59708, -25.01562 ], [ -48.60087, -25.00945 ], [ -48.59572, -24.99642 ], [ -48.58944, -24.99514 ], [ -48.59074, -24.98936 ], [ -48.58889, -24.98649 ], [ -48.57968, -24.98676 ], [ -48.56751, -24.97217 ], [ -48.568, -24.96047 ], [ -48.57275, -24.95394 ], [ -48.56317, -24.95045 ], [ -48.56902, -24.94691 ], [ -48.57005, -24.94372 ], [ -48.56287, -24.93929 ], [ -48.56709, -24.93511 ], [ -48.56698, -24.93128 ], [ -48.57074, -24.93117 ], [ -48.57144, -24.91973 ], [ -48.56518, -24.91773 ], [ -48.56729, -24.91501 ], [ -48.56749, -24.90372 ], [ -48.57311, -24.90252 ], [ -48.57253, -24.8954 ], [ -48.56523, -24.89455 ], [ -48.55981, -24.90118 ], [ -48.55627, -24.89355 ], [ -48.55978, -24.88881 ], [ -48.55811, -24.88376 ], [ -48.55524, -24.88172 ], [ -48.54837, -24.88208 ], [ -48.54504, -24.87837 ], [ -48.5501, -24.87889 ], [ -48.54709, -24.87354 ], [ -48.54942, -24.86767 ], [ -48.56695, -24.86441 ], [ -48.56456, -24.85676 ], [ -48.56817, -24.84777 ], [ -48.56452, -24.83401 ], [ -48.56239, -24.82693 ], [ -48.55631, -24.82422 ], [ -48.55949, -24.82084 ], [ -48.55621, -24.80676 ], [ -48.54883, -24.79674 ], [ -48.53733, -24.79002 ], [ -48.53532, -24.78664 ], [ -48.51641, -24.78008 ], [ -48.51761, -24.76945 ], [ -48.51289, -24.76412 ], [ -48.50687, -24.76424 ], [ -48.50798, -24.75149 ], [ -48.50305, -24.74598 ], [ -48.50447, -24.73992 ], [ -48.49943, -24.73787 ], [ -48.50602, -24.73542 ], [ -48.51249, -24.74078 ], [ -48.5235, -24.73612 ], [ -48.53019, -24.73951 ], [ -48.53259, -24.73711 ], [ -48.53155, -24.73032 ], [ -48.54388, -24.72627 ], [ -48.5467, -24.71853 ], [ -48.55264, -24.71651 ], [ -48.55318, -24.70976 ], [ -48.56039, -24.71102 ], [ -48.56897, -24.70234 ], [ -48.57182, -24.69287 ], [ -48.57982, -24.68531 ], [ -48.5824, -24.67102 ], [ -48.58571, -24.67243 ], [ -48.58968, -24.6806 ], [ -48.59661, -24.67222 ], [ -48.60483, -24.66871 ], [ -48.61254, -24.67101 ], [ -48.61711, -24.6684 ], [ -48.62423, -24.67795 ], [ -48.62888, -24.68054 ], [ -48.63275, -24.6773 ], [ -48.63842, -24.67778 ], [ -48.64568, -24.68198 ], [ -48.64215, -24.68966 ], [ -48.65883, -24.69213 ], [ -48.66222, -24.70299 ], [ -48.66011, -24.70594 ], [ -48.66202, -24.70734 ], [ -48.67525, -24.70238 ], [ -48.67738, -24.69951 ], [ -48.67212, -24.69834 ], [ -48.67741, -24.69266 ], [ -48.6728, -24.68759 ], [ -48.67567, -24.68358 ], [ -48.6724, -24.67933 ], [ -48.67764, -24.67558 ], [ -48.6762, -24.67347 ], [ -48.69027, -24.66808 ], [ -48.69432, -24.67255 ], [ -48.68878, -24.67811 ], [ -48.69139, -24.68515 ], [ -48.68941, -24.69209 ], [ -48.69154, -24.69426 ], [ -48.70253, -24.68008 ], [ -48.708, -24.68358 ], [ -48.71964, -24.68336 ], [ -48.73081, -24.68713 ], [ -48.73539, -24.68479 ], [ -48.74143, -24.68796 ], [ -48.74435, -24.69337 ], [ -48.75149, -24.69559 ], [ -48.75619, -24.69203 ], [ -48.75275, -24.68283 ], [ -48.75826, -24.68001 ], [ -48.76954, -24.69613 ], [ -48.77912, -24.69668 ], [ -48.78184, -24.68886 ], [ -48.7877, -24.68197 ], [ -48.79978, -24.6748 ], [ -48.80409, -24.67711 ], [ -48.8112, -24.67556 ], [ -48.80397, -24.66733 ], [ -48.78692, -24.66772 ], [ -48.77952, -24.66493 ], [ -48.76988, -24.6562 ], [ -48.76738, -24.6567 ], [ -48.76049, -24.64549 ], [ -48.75101, -24.64553 ], [ -48.74251, -24.64143 ], [ -48.73234, -24.64051 ], [ -48.73077, -24.63733 ], [ -48.73298, -24.62996 ], [ -48.73846, -24.62611 ], [ -48.73475, -24.62181 ], [ -48.73777, -24.62024 ], [ -48.7389, -24.61243 ], [ -48.74473, -24.61119 ], [ -48.74955, -24.60434 ], [ -48.74939, -24.597 ], [ -48.7535, -24.58851 ], [ -48.77065, -24.58669 ], [ -48.77907, -24.59064 ], [ -48.78099, -24.58957 ], [ -48.78001, -24.58725 ], [ -48.78355, -24.58216 ], [ -48.78145, -24.57881 ], [ -48.78727, -24.57582 ], [ -48.78943, -24.57145 ], [ -48.78482, -24.57027 ], [ -48.78394, -24.56653 ], [ -48.78057, -24.56526 ], [ -48.78815, -24.55728 ], [ -48.77957, -24.55636 ], [ -48.77768, -24.55222 ], [ -48.76061, -24.54659 ], [ -48.75332, -24.54027 ], [ -48.72739, -24.52705 ], [ -48.72748, -24.52192 ], [ -48.72417, -24.51734 ], [ -48.71999, -24.51683 ], [ -48.71458, -24.51086 ], [ -48.70359, -24.5103 ], [ -48.70381, -24.50523 ], [ -48.69877, -24.50644 ], [ -48.68903, -24.50139 ], [ -48.68821, -24.4943 ], [ -48.67235, -24.48729 ], [ -48.67279, -24.48398 ], [ -48.66674, -24.47869 ], [ -48.6683, -24.47662 ], [ -48.67466, -24.47637 ], [ -48.67436, -24.47397 ], [ -48.65658, -24.46036 ], [ -48.65511, -24.45595 ], [ -48.65008, -24.45529 ], [ -48.6452, -24.4592 ], [ -48.6317, -24.45742 ], [ -48.62879, -24.44985 ], [ -48.63236, -24.44626 ], [ -48.63072, -24.43698 ], [ -48.61827, -24.44211 ], [ -48.61638, -24.44675 ], [ -48.61723, -24.45009 ], [ -48.61517, -24.45231 ], [ -48.61584, -24.45559 ], [ -48.61471, -24.45748 ], [ -48.61335, -24.45265 ], [ -48.60181, -24.44429 ], [ -48.59432, -24.44242 ], [ -48.58682, -24.43445 ], [ -48.58115, -24.43758 ], [ -48.57278, -24.43345 ], [ -48.56039, -24.43869 ], [ -48.54889, -24.43978 ], [ -48.53047, -24.42974 ], [ -48.52513, -24.42473 ], [ -48.52467, -24.42138 ], [ -48.51627, -24.41906 ], [ -48.52034, -24.41743 ], [ -48.5191, -24.41477 ], [ -48.52294, -24.41102 ], [ -48.52084, -24.40646 ], [ -48.5178, -24.40708 ], [ -48.51801, -24.40247 ], [ -48.51117, -24.40227 ], [ -48.50794, -24.39389 ], [ -48.50443, -24.39573 ], [ -48.505, -24.39048 ], [ -48.50276, -24.38664 ], [ -48.49738, -24.38926 ], [ -48.49317, -24.38713 ], [ -48.49499, -24.38539 ], [ -48.48983, -24.37678 ], [ -48.492, -24.37702 ], [ -48.49053, -24.36985 ], [ -48.5053, -24.35539 ], [ -48.50158, -24.34795 ], [ -48.51439, -24.33752 ], [ -48.53552, -24.3471 ], [ -48.53891, -24.34527 ], [ -48.53919, -24.33988 ], [ -48.54411, -24.33377 ], [ -48.56118, -24.34032 ], [ -48.56807, -24.33586 ], [ -48.57781, -24.33719 ], [ -48.57836, -24.33244 ], [ -48.58861, -24.34147 ], [ -48.59398, -24.34247 ], [ -48.59931, -24.33881 ], [ -48.60823, -24.3383 ], [ -48.60571, -24.33155 ], [ -48.60007, -24.33213 ], [ -48.60049, -24.32942 ], [ -48.59192, -24.32088 ], [ -48.5903, -24.31437 ], [ -48.57813, -24.30356 ], [ -48.56818, -24.29835 ], [ -48.56213, -24.29268 ], [ -48.56062, -24.28714 ], [ -48.55217, -24.28936 ], [ -48.55338, -24.29436 ], [ -48.5476, -24.3027 ], [ -48.54895, -24.30606 ], [ -48.53935, -24.31308 ], [ -48.53917, -24.31731 ], [ -48.5345, -24.3204 ], [ -48.53119, -24.31979 ], [ -48.53033, -24.31675 ], [ -48.52316, -24.31939 ], [ -48.52202, -24.3085 ], [ -48.51553, -24.30944 ], [ -48.51466, -24.30543 ], [ -48.50302, -24.30251 ], [ -48.50557, -24.29998 ], [ -48.50069, -24.29263 ], [ -48.50374, -24.28858 ], [ -48.49731, -24.2796 ], [ -48.4836, -24.28401 ], [ -48.47626, -24.28897 ], [ -48.47214, -24.28481 ], [ -48.47094, -24.2882 ], [ -48.46543, -24.28519 ], [ -48.45936, -24.29342 ], [ -48.45456, -24.29533 ], [ -48.45237, -24.28394 ], [ -48.45957, -24.28069 ], [ -48.46491, -24.2735 ], [ -48.45731, -24.25254 ], [ -48.45182, -24.25774 ], [ -48.45221, -24.26386 ], [ -48.44812, -24.26246 ], [ -48.44396, -24.26464 ], [ -48.44277, -24.2624 ], [ -48.43787, -24.262 ], [ -48.43134, -24.26317 ], [ -48.42934, -24.26622 ], [ -48.42273, -24.26499 ], [ -48.41734, -24.26782 ], [ -48.4107, -24.26741 ], [ -48.40558, -24.2735 ], [ -48.40813, -24.27844 ], [ -48.40648, -24.28376 ], [ -48.40033, -24.28457 ], [ -48.39878, -24.28976 ], [ -48.39399, -24.29153 ], [ -48.39445, -24.29665 ], [ -48.38815, -24.30566 ], [ -48.36987, -24.29299 ], [ -48.35928, -24.28044 ], [ -48.35236, -24.28526 ], [ -48.35275, -24.28741 ], [ -48.34316, -24.28566 ], [ -48.33841, -24.29183 ], [ -48.32965, -24.28981 ], [ -48.32391, -24.29191 ], [ -48.32985, -24.30624 ], [ -48.32506, -24.31314 ], [ -48.31734, -24.31257 ], [ -48.30538, -24.30358 ], [ -48.29931, -24.30631 ], [ -48.29877, -24.3028 ], [ -48.29475, -24.30045 ], [ -48.29519, -24.29594 ], [ -48.29155, -24.29354 ], [ -48.28122, -24.2978 ], [ -48.27516, -24.29662 ], [ -48.27486, -24.29313 ], [ -48.27743, -24.28963 ], [ -48.28177, -24.28858 ], [ -48.28357, -24.2834 ], [ -48.26316, -24.27268 ], [ -48.25275, -24.25721 ], [ -48.24907, -24.25953 ], [ -48.24355, -24.25887 ], [ -48.24143, -24.26264 ], [ -48.22689, -24.26206 ], [ -48.22134, -24.26455 ], [ -48.21139, -24.26135 ], [ -48.20825, -24.26465 ], [ -48.20056, -24.26123 ], [ -48.19687, -24.25446 ], [ -48.17082, -24.24435 ], [ -48.16636, -24.23765 ], [ -48.15492, -24.23198 ], [ -48.15387, -24.22863 ], [ -48.14858, -24.22866 ], [ -48.14857, -24.23254 ], [ -48.14505, -24.23103 ], [ -48.14373, -24.22822 ], [ -48.14701, -24.22566 ], [ -48.14387, -24.22024 ], [ -48.14672, -24.21335 ], [ -48.13823, -24.20881 ], [ -48.14389, -24.20003 ], [ -48.13992, -24.19377 ], [ -48.13919, -24.19876 ], [ -48.11534, -24.21105 ], [ -48.11373, -24.21535 ], [ -48.1168, -24.22649 ], [ -48.12321, -24.23394 ], [ -48.11483, -24.24004 ], [ -48.11879, -24.25437 ], [ -48.11489, -24.25514 ], [ -48.11, -24.26107 ], [ -48.11131, -24.26961 ], [ -48.10643, -24.27062 ], [ -48.10868, -24.27339 ], [ -48.10324, -24.28009 ], [ -48.10759, -24.28875 ], [ -48.10715, -24.29646 ], [ -48.11171, -24.30096 ], [ -48.11707, -24.31831 ], [ -48.11408, -24.31734 ], [ -48.11024, -24.32262 ], [ -48.10409, -24.3197 ], [ -48.09793, -24.32045 ], [ -48.09493, -24.31755 ], [ -48.09178, -24.32204 ], [ -48.08956, -24.3219 ], [ -48.08846, -24.32578 ], [ -48.0856, -24.32484 ], [ -48.08574, -24.32715 ], [ -48.08263, -24.32496 ], [ -48.07889, -24.3273 ], [ -48.07622, -24.32167 ], [ -48.06473, -24.325 ], [ -48.06173, -24.33444 ], [ -48.05685, -24.33553 ], [ -48.05403, -24.33805 ], [ -48.05606, -24.3394 ], [ -48.05236, -24.34147 ], [ -48.05067, -24.33986 ], [ -48.04941, -24.34311 ], [ -48.04822, -24.34153 ], [ -48.04489, -24.34438 ], [ -48.04578, -24.34737 ], [ -48.04383, -24.34881 ], [ -48.04686, -24.35051 ], [ -48.04266, -24.35139 ], [ -48.04445, -24.35338 ], [ -48.04167, -24.35527 ], [ -48.03984, -24.36244 ], [ -48.03581, -24.3623 ], [ -48.02511, -24.37097 ], [ -48.01854, -24.37055 ], [ -48.01794, -24.37772 ], [ -48.01394, -24.37795 ], [ -48.00643, -24.45373 ], [ -48.00834, -24.46407 ], [ -48.00198, -24.47165 ], [ -48.0035, -24.47738 ], [ -48.00857, -24.48216 ], [ -48.00389, -24.48946 ], [ -48.0055, -24.49678 ], [ -48.01338, -24.5097 ], [ -48.00642, -24.51461 ], [ -47.99363, -24.51353 ], [ -47.9899, -24.50883 ], [ -47.98451, -24.51 ], [ -47.98282, -24.50652 ], [ -47.96831, -24.49999 ], [ -47.96758, -24.49697 ], [ -47.95846, -24.49161 ], [ -47.95226, -24.49513 ], [ -47.95006, -24.48887 ], [ -47.93718, -24.48446 ], [ -47.93438, -24.47966 ], [ -47.92615, -24.4816 ], [ -47.92715, -24.4736 ], [ -47.91744, -24.47378 ], [ -47.91045, -24.46902 ], [ -47.9125, -24.46117 ], [ -47.90662, -24.45373 ], [ -47.90164, -24.45078 ], [ -47.89885, -24.45269 ], [ -47.89256, -24.44453 ], [ -47.89196, -24.43994 ], [ -47.87819, -24.43245 ], [ -47.87543, -24.42523 ], [ -47.86966, -24.42089 ], [ -47.86547, -24.42266 ], [ -47.86163, -24.42006 ], [ -47.85703, -24.42309 ], [ -47.8504, -24.4209 ], [ -47.84381, -24.42237 ], [ -47.83933, -24.41894 ], [ -47.83866, -24.41557 ], [ -47.83348, -24.4153 ], [ -47.83193, -24.41017 ], [ -47.82352, -24.40319 ], [ -47.83353, -24.39811 ], [ -47.83645, -24.39045 ], [ -47.83267, -24.38182 ], [ -47.83985, -24.3662 ], [ -47.83773, -24.36321 ], [ -47.83536, -24.36388 ], [ -47.8324, -24.37169 ], [ -47.829, -24.3678 ], [ -47.81519, -24.36796 ], [ -47.81416, -24.35811 ], [ -47.8077, -24.35209 ], [ -47.80223, -24.35657 ], [ -47.79926, -24.3515 ], [ -47.79289, -24.35257 ], [ -47.78471, -24.35831 ], [ -47.77817, -24.35598 ], [ -47.76303, -24.36691 ], [ -47.75379, -24.38338 ], [ -47.74077, -24.38861 ], [ -47.73581, -24.38684 ], [ -47.73111, -24.3885 ], [ -47.71855, -24.39781 ], [ -47.71253, -24.39163 ], [ -47.70843, -24.39337 ], [ -47.70362, -24.39141 ], [ -47.68365, -24.37919 ], [ -47.66107, -24.42342 ], [ -47.65472, -24.42728 ], [ -47.63974, -24.46056 ], [ -47.64444, -24.47027 ], [ -47.64235, -24.48065 ], [ -47.64565, -24.48658 ], [ -47.6456, -24.49293 ], [ -47.63236, -24.5 ], [ -47.62639, -24.51361 ], [ -47.63003, -24.51688 ], [ -47.63858, -24.51724 ], [ -47.64353, -24.52245 ], [ -47.68535, -24.5492 ], [ -47.68822, -24.56035 ], [ -47.68469, -24.57508 ], [ -47.6919, -24.58477 ], [ -47.69366, -24.60178 ], [ -47.69766, -24.60399 ], [ -47.70484, -24.59995 ], [ -47.70946, -24.60142 ], [ -47.71231, -24.60469 ], [ -47.71428, -24.61584 ], [ -47.72448, -24.61957 ], [ -47.73523, -24.63273 ], [ -47.74345, -24.63558 ], [ -47.74677, -24.6411 ], [ -47.74723, -24.65836 ], [ -47.74928, -24.66167 ], [ -47.76063, -24.66774 ], [ -47.76897, -24.6818 ], [ -47.76567, -24.69146 ], [ -47.76885, -24.69297 ], [ -47.77263, -24.70029 ], [ -47.76667, -24.70829 ], [ -47.77314, -24.71173 ], [ -47.77295, -24.71639 ], [ -47.78146, -24.71562 ], [ -47.79342, -24.72748 ], [ -47.80275, -24.7488 ], [ -47.80588, -24.7668 ], [ -47.81381, -24.76922 ], [ -47.81655, -24.76393 ], [ -47.83033, -24.75638 ] ] ] } },
{ "type": "Feature", "properties": { "rc": "RC 14.03", "uba": "Olímpia", "regional": "DR 14", "regional_cgr": "CGR 14" }, "geometry": { "type": "Polygon", "coordinates": [ [ [ -48.84442, -21.01518 ], [ -48.85004, -21.01439 ], [ -48.85968, -21.00587 ], [ -48.8597, -21.00129 ], [ -48.85624, -20.99637 ], [ -48.86177, -20.98449 ], [ -48.86131, -20.97769 ], [ -48.86476, -20.97923 ], [ -48.86618, -20.9744 ], [ -48.87816, -20.97012 ], [ -48.87802, -20.9611 ], [ -48.88595, -20.95923 ], [ -48.88537, -20.95266 ], [ -48.88142, -20.94945 ], [ -48.88204, -20.94758 ], [ -48.89194, -20.94768 ], [ -48.89509, -20.93831 ], [ -48.90073, -20.93551 ], [ -48.89883, -20.93002 ], [ -48.90234, -20.92812 ], [ -48.90874, -20.91771 ], [ -48.90744, -20.89915 ], [ -48.91132, -20.89332 ], [ -48.90774, -20.89253 ], [ -48.9054, -20.88913 ], [ -48.90663, -20.88678 ], [ -48.90417, -20.88664 ], [ -48.90918, -20.88155 ], [ -48.91288, -20.88073 ], [ -48.91373, -20.88269 ], [ -48.92604, -20.87578 ], [ -48.9302, -20.88154 ], [ -48.9423, -20.88338 ], [ -48.94818, -20.87786 ], [ -48.94762, -20.8709 ], [ -48.951, -20.86687 ], [ -48.95629, -20.86818 ], [ -48.98454, -20.8482 ], [ -49.00125, -20.8482 ], [ -49.00814, -20.85473 ], [ -49.01652, -20.85385 ], [ -49.02321, -20.84993 ], [ -49.03425, -20.83708 ], [ -49.04172, -20.83498 ], [ -49.04081, -20.83287 ], [ -49.04599, -20.82938 ], [ -49.04651, -20.82523 ], [ -49.0546, -20.82184 ], [ -49.05473, -20.81837 ], [ -49.06392, -20.81183 ], [ -49.06837, -20.81311 ], [ -49.07725, -20.81097 ], [ -49.08379, -20.81342 ], [ -49.09306, -20.81083 ], [ -49.09371, -20.80568 ], [ -49.09005, -20.79437 ], [ -49.09122, -20.78909 ], [ -49.09496, -20.78437 ], [ -49.10513, -20.77916 ], [ -49.09541, -20.76674 ], [ -49.09526, -20.75645 ], [ -49.09916, -20.74719 ], [ -49.10537, -20.74451 ], [ -49.10406, -20.74234 ], [ -49.10714, -20.74081 ], [ -49.10995, -20.74247 ], [ -49.108, -20.73904 ], [ -49.11171, -20.73675 ], [ -49.11799, -20.73944 ], [ -49.12175, -20.73039 ], [ -49.12642, -20.7265 ], [ -49.12608, -20.71585 ], [ -49.12403, -20.71379 ], [ -49.12698, -20.7108 ], [ -49.12179, -20.70269 ], [ -49.12401, -20.69189 ], [ -49.12084, -20.68318 ], [ -49.12935, -20.67473 ], [ -49.12633, -20.66957 ], [ -49.12119, -20.66661 ], [ -49.12743, -20.66295 ], [ -49.12933, -20.65779 ], [ -49.10632, -20.6513 ], [ -49.10956, -20.64683 ], [ -49.12465, -20.63754 ], [ -49.12353, -20.63111 ], [ -49.11576, -20.62377 ], [ -49.12408, -20.62321 ], [ -49.12399, -20.61106 ], [ -49.11861, -20.60367 ], [ -49.1192, -20.59956 ], [ -49.12558, -20.59509 ], [ -49.13655, -20.59406 ], [ -49.13336, -20.58723 ], [ -49.13601, -20.58337 ], [ -49.146, -20.58256 ], [ -49.14989, -20.5768 ], [ -49.16122, -20.57454 ], [ -49.15989, -20.57168 ], [ -49.16818, -20.56082 ], [ -49.16622, -20.55501 ], [ -49.1682, -20.55179 ], [ -49.17544, -20.54611 ], [ -49.20011, -20.53564 ], [ -49.20242, -20.52956 ], [ -49.18917, -20.51152 ], [ -49.21084, -20.50267 ], [ -49.2111, -20.49308 ], [ -49.21503, -20.49049 ], [ -49.21221, -20.48824 ], [ -49.21467, -20.48305 ], [ -49.21185, -20.47789 ], [ -49.21929, -20.47295 ], [ -49.21876, -20.46569 ], [ -49.2252, -20.46059 ], [ -49.22492, -20.45554 ], [ -49.23064, -20.45521 ], [ -49.24094, -20.44745 ], [ -49.23009, -20.43796 ], [ -49.22619, -20.43871 ], [ -49.22693, -20.43538 ], [ -49.23485, -20.43323 ], [ -49.23773, -20.4297 ], [ -49.22707, -20.42104 ], [ -49.2232, -20.42163 ], [ -49.22463, -20.41554 ], [ -49.22193, -20.41392 ], [ -49.22855, -20.41239 ], [ -49.24982, -20.42638 ], [ -49.25581, -20.42339 ], [ -49.26092, -20.42544 ], [ -49.26633, -20.42108 ], [ -49.26846, -20.41352 ], [ -49.26654, -20.4123 ], [ -49.26961, -20.40588 ], [ -49.26504, -20.39162 ], [ -49.27137, -20.37943 ], [ -49.27437, -20.37743 ], [ -49.29084, -20.38285 ], [ -49.29615, -20.38132 ], [ -49.29313, -20.37006 ], [ -49.27925, -20.35522 ], [ -49.27352, -20.3539 ], [ -49.27067, -20.34581 ], [ -49.27263, -20.34154 ], [ -49.27663, -20.34125 ], [ -49.27772, -20.34452 ], [ -49.28072, -20.34108 ], [ -49.27953, -20.33885 ], [ -49.2831, -20.34058 ], [ -49.2843, -20.3361 ], [ -49.28889, -20.33849 ], [ -49.29396, -20.33437 ], [ -49.29629, -20.33642 ], [ -49.30002, -20.33103 ], [ -49.29799, -20.33043 ], [ -49.29887, -20.32798 ], [ -49.30059, -20.32651 ], [ -49.30365, -20.32827 ], [ -49.30679, -20.31991 ], [ -49.30444, -20.31996 ], [ -49.30941, -20.31637 ], [ -49.30802, -20.31102 ], [ -49.31101, -20.30963 ], [ -49.30639, -20.30198 ], [ -49.316, -20.29883 ], [ -49.31777, -20.29658 ], [ -49.31561, -20.29241 ], [ -49.31791, -20.2926 ], [ -49.3162, -20.29055 ], [ -49.3203, -20.29314 ], [ -49.32277, -20.2895 ], [ -49.32077, -20.285 ], [ -49.32515, -20.28692 ], [ -49.32591, -20.28346 ], [ -49.32809, -20.28518 ], [ -49.32587, -20.27959 ], [ -49.33104, -20.28045 ], [ -49.32735, -20.27689 ], [ -49.33537, -20.27326 ], [ -49.34808, -20.27146 ], [ -49.35169, -20.27292 ], [ -49.3499, -20.26796 ], [ -49.35441, -20.26753 ], [ -49.34929, -20.2501 ], [ -49.35807, -20.24648 ], [ -49.36768, -20.24708 ], [ -49.37493, -20.24448 ], [ -49.37558, -20.24794 ], [ -49.37065, -20.24863 ], [ -49.37738, -20.24925 ], [ -49.37746, -20.25213 ], [ -49.37964, -20.25036 ], [ -49.37855, -20.24747 ], [ -49.38134, -20.2481 ], [ -49.38282, -20.24479 ], [ -49.38541, -20.24454 ], [ -49.38412, -20.24657 ], [ -49.38705, -20.24525 ], [ -49.38578, -20.24801 ], [ -49.3885, -20.24621 ], [ -49.3872, -20.23932 ], [ -49.3915, -20.24173 ], [ -49.40363, -20.23824 ], [ -49.4019, -20.23715 ], [ -49.4065, -20.23323 ], [ -49.4096, -20.22416 ], [ -49.42113, -20.21864 ], [ -49.42533, -20.22003 ], [ -49.42532, -20.21719 ], [ -49.4297, -20.21815 ], [ -49.43359, -20.22324 ], [ -49.43563, -20.22713 ], [ -49.4328, -20.23087 ], [ -49.43671, -20.23393 ], [ -49.43926, -20.23268 ], [ -49.43872, -20.23771 ], [ -49.44176, -20.23748 ], [ -49.44212, -20.24006 ], [ -49.45572, -20.2301 ], [ -49.45721, -20.22596 ], [ -49.45311, -20.2245 ], [ -49.45613, -20.22153 ], [ -49.46211, -20.22718 ], [ -49.46508, -20.22591 ], [ -49.46231, -20.22088 ], [ -49.45807, -20.22009 ], [ -49.45964, -20.21766 ], [ -49.46503, -20.22129 ], [ -49.46834, -20.21807 ], [ -49.47041, -20.21906 ], [ -49.46956, -20.22093 ], [ -49.47893, -20.22166 ], [ -49.47656, -20.2237 ], [ -49.47825, -20.22628 ], [ -49.48189, -20.2231 ], [ -49.48332, -20.23037 ], [ -49.48704, -20.23113 ], [ -49.48445, -20.23497 ], [ -49.49505, -20.24188 ], [ -49.4975, -20.23781 ], [ -49.49383, -20.23409 ], [ -49.49474, -20.23068 ], [ -49.50631, -20.2228 ], [ -49.5096, -20.21353 ], [ -49.51599, -20.21344 ], [ -49.52416, -20.22007 ], [ -49.53368, -20.22333 ], [ -49.54884, -20.21069 ], [ -49.55588, -20.21473 ], [ -49.56279, -20.20766 ], [ -49.57491, -20.20802 ], [ -49.58101, -20.20334 ], [ -49.58587, -20.20305 ], [ -49.58734, -20.19711 ], [ -49.59898, -20.19582 ], [ -49.60809, -20.18635 ], [ -49.61962, -20.18821 ], [ -49.6215, -20.17759 ], [ -49.62433, -20.17657 ], [ -49.61759, -20.15983 ], [ -49.61698, -20.14793 ], [ -49.60721, -20.13688 ], [ -49.59917, -20.11658 ], [ -49.59599, -20.08756 ], [ -49.59891, -20.07673 ], [ -49.5954, -20.07671 ], [ -49.58263, -20.08761 ], [ -49.57768, -20.0878 ], [ -49.57453, -20.08241 ], [ -49.56595, -20.08568 ], [ -49.55917, -20.0805 ], [ -49.55955, -20.07543 ], [ -49.55123, -20.06859 ], [ -49.55321, -20.05802 ], [ -49.54937, -20.04578 ], [ -49.55174, -20.03618 ], [ -49.55048, -20.02403 ], [ -49.55641, -20.01091 ], [ -49.56681, -20.00091 ], [ -49.57522, -19.97709 ], [ -49.58315, -19.96814 ], [ -49.58686, -19.96984 ], [ -49.59213, -19.96418 ], [ -49.59121, -19.96109 ], [ -49.59637, -19.95228 ], [ -49.59481, -19.94624 ], [ -49.61389, -19.92018 ], [ -49.58146, -19.91078 ], [ -49.54846, -19.90765 ], [ -49.51565, -19.91416 ], [ -49.50671, -19.91815 ], [ -49.50045, -19.9261 ], [ -49.49248, -19.95067 ], [ -49.45692, -19.97827 ], [ -49.44739, -19.98181 ], [ -49.40054, -19.98329 ], [ -49.37462, -19.98689 ], [ -49.34265, -19.98446 ], [ -49.33414, -19.98081 ], [ -49.31838, -19.9667 ], [ -49.29559, -19.95925 ], [ -49.26314, -19.96287 ], [ -49.24669, -19.97178 ], [ -49.24457, -19.97498 ], [ -49.24441, -19.98591 ], [ -49.24812, -19.99885 ], [ -49.2611, -20.00629 ], [ -49.27519, -20.00407 ], [ -49.28811, -20.00596 ], [ -49.29799, -20.01754 ], [ -49.29874, -20.0351 ], [ -49.30627, -20.05499 ], [ -49.30916, -20.09619 ], [ -49.29962, -20.15155 ], [ -49.29987, -20.16525 ], [ -49.28441, -20.1984 ], [ -49.26385, -20.23322 ], [ -49.25785, -20.2601 ], [ -49.24634, -20.28087 ], [ -49.22609, -20.30536 ], [ -49.20322, -20.30485 ], [ -49.19828, -20.30847 ], [ -49.19204, -20.30761 ], [ -49.18462, -20.31517 ], [ -49.17251, -20.31338 ], [ -49.16819, -20.30452 ], [ -49.14171, -20.28915 ], [ -49.12339, -20.27515 ], [ -49.11162, -20.25032 ], [ -49.0896, -20.21337 ], [ -49.07172, -20.16223 ], [ -49.0648, -20.15283 ], [ -49.02543, -20.15092 ], [ -49.01408, -20.15378 ], [ -48.99937, -20.16136 ], [ -48.98594, -20.17156 ], [ -48.97134, -20.21382 ], [ -48.96173, -20.26407 ], [ -48.96512, -20.27532 ], [ -48.96365, -20.28765 ], [ -48.96676, -20.34145 ], [ -48.96548, -20.36215 ], [ -48.96992, -20.38186 ], [ -48.96942, -20.39023 ], [ -48.95415, -20.40865 ], [ -48.92636, -20.42286 ], [ -48.90737, -20.43657 ], [ -48.89539, -20.44064 ], [ -48.88645, -20.43663 ], [ -48.88219, -20.44045 ], [ -48.88541, -20.45167 ], [ -48.89237, -20.45423 ], [ -48.89443, -20.46041 ], [ -48.89142, -20.4762 ], [ -48.88717, -20.48106 ], [ -48.88749, -20.48949 ], [ -48.88195, -20.49897 ], [ -48.87698, -20.50147 ], [ -48.87557, -20.50614 ], [ -48.86756, -20.51042 ], [ -48.86959, -20.52183 ], [ -48.86744, -20.53077 ], [ -48.85905, -20.53271 ], [ -48.85447, -20.53707 ], [ -48.85186, -20.54534 ], [ -48.84393, -20.55099 ], [ -48.84396, -20.5539 ], [ -48.84031, -20.55568 ], [ -48.83136, -20.56849 ], [ -48.83852, -20.59117 ], [ -48.83724, -20.59937 ], [ -48.84185, -20.60352 ], [ -48.8427, -20.61741 ], [ -48.84586, -20.6244 ], [ -48.84088, -20.63241 ], [ -48.84048, -20.65124 ], [ -48.8318, -20.65248 ], [ -48.82773, -20.65827 ], [ -48.81627, -20.65468 ], [ -48.80992, -20.65747 ], [ -48.80286, -20.65272 ], [ -48.79269, -20.6607 ], [ -48.79424, -20.66931 ], [ -48.7892, -20.67629 ], [ -48.7866, -20.68888 ], [ -48.79014, -20.695 ], [ -48.79151, -20.70695 ], [ -48.80081, -20.71365 ], [ -48.79248, -20.72487 ], [ -48.78164, -20.72945 ], [ -48.77539, -20.73909 ], [ -48.75614, -20.74069 ], [ -48.74922, -20.75292 ], [ -48.73797, -20.75194 ], [ -48.73156, -20.75712 ], [ -48.73155, -20.76022 ], [ -48.72836, -20.76093 ], [ -48.72628, -20.76606 ], [ -48.72686, -20.77081 ], [ -48.7241, -20.77543 ], [ -48.72592, -20.77958 ], [ -48.71756, -20.79297 ], [ -48.72061, -20.80644 ], [ -48.71962, -20.81272 ], [ -48.72772, -20.82118 ], [ -48.73891, -20.8217 ], [ -48.74691, -20.8315 ], [ -48.74452, -20.84255 ], [ -48.74996, -20.85384 ], [ -48.7447, -20.86815 ], [ -48.75431, -20.8775 ], [ -48.7517, -20.88585 ], [ -48.74472, -20.89347 ], [ -48.74404, -20.90246 ], [ -48.74771, -20.90447 ], [ -48.75042, -20.9018 ], [ -48.75299, -20.90272 ], [ -48.75954, -20.91313 ], [ -48.76627, -20.91702 ], [ -48.77292, -20.92622 ], [ -48.78706, -20.93414 ], [ -48.78935, -20.93254 ], [ -48.79597, -20.93403 ], [ -48.79078, -20.94496 ], [ -48.79467, -20.95975 ], [ -48.80086, -20.97 ], [ -48.80475, -20.98695 ], [ -48.80954, -20.99113 ], [ -48.81492, -20.99131 ], [ -48.81606, -20.99915 ], [ -48.83429, -21.00485 ], [ -48.84442, -21.01518 ] ] ] } },
{ "type": "Feature", "properties": { "rc": "RC 09.04", "uba": "Jales", "regional": "DR 09", "regional_cgr": "CGR 09" }, "geometry": { "type": "Polygon", "coordinates": [ [ [ -50.88767, -20.55897 ], [ -50.8966, -20.55707 ], [ -50.89746, -20.55502 ], [ -50.89488, -20.55301 ], [ -50.89664, -20.54912 ], [ -50.89362, -20.5437 ], [ -50.90344, -20.53851 ], [ -50.91455, -20.54175 ], [ -50.91752, -20.5519 ], [ -50.92254, -20.55049 ], [ -50.92404, -20.54244 ], [ -50.92706, -20.54155 ], [ -50.92803, -20.54507 ], [ -50.92498, -20.55127 ], [ -50.93428, -20.55649 ], [ -50.93298, -20.55776 ], [ -50.94222, -20.54883 ], [ -50.94841, -20.54758 ], [ -50.9509, -20.55103 ], [ -50.94804, -20.55564 ], [ -50.96183, -20.55816 ], [ -50.96156, -20.55346 ], [ -50.96608, -20.54878 ], [ -50.96833, -20.52817 ], [ -50.9646, -20.52274 ], [ -50.96817, -20.52067 ], [ -50.96819, -20.51189 ], [ -50.98256, -20.49597 ], [ -50.98032, -20.49122 ], [ -50.98317, -20.48211 ], [ -50.97883, -20.4718 ], [ -50.98041, -20.45761 ], [ -50.9861, -20.45179 ], [ -50.98616, -20.43972 ], [ -50.99423, -20.42939 ], [ -50.99845, -20.4146 ], [ -51.01404, -20.40707 ], [ -51.02048, -20.38631 ], [ -51.04997, -20.36337 ], [ -51.06394, -20.34174 ], [ -51.07894, -20.32818 ], [ -51.08338, -20.31082 ], [ -51.08239, -20.30681 ], [ -51.09436, -20.28546 ], [ -51.10467, -20.28636 ], [ -51.10954, -20.27966 ], [ -51.07675, -20.26477 ], [ -51.04532, -20.23912 ], [ -51.04224, -20.23055 ], [ -51.04071, -20.21266 ], [ -51.03409, -20.19369 ], [ -51.0346, -20.17619 ], [ -51.03189, -20.16717 ], [ -51.01808, -20.14456 ], [ -51.00381, -20.11119 ], [ -50.99854, -20.08152 ], [ -50.96681, -20.03432 ], [ -50.94636, -20.03018 ], [ -50.93349, -20.01528 ], [ -50.91338, -20.00418 ], [ -50.90457, -19.99148 ], [ -50.87401, -19.98998 ], [ -50.86889, -19.98765 ], [ -50.85528, -19.97089 ], [ -50.81676, -19.95796 ], [ -50.78806, -19.93908 ], [ -50.76278, -19.93477 ], [ -50.75366, -19.92961 ], [ -50.73289, -19.93016 ], [ -50.71272, -19.92071 ], [ -50.68904, -19.91461 ], [ -50.67962, -19.91452 ], [ -50.65783, -19.90546 ], [ -50.64992, -19.89893 ], [ -50.63392, -19.87217 ], [ -50.60631, -19.85736 ], [ -50.57771, -19.81492 ], [ -50.57045, -19.81229 ], [ -50.56111, -19.81451 ], [ -50.54921, -19.81185 ], [ -50.51693, -19.79547 ], [ -50.50062, -19.79659 ], [ -50.47847, -19.78175 ], [ -50.46144, -19.78164 ], [ -50.45307, -19.78672 ], [ -50.46188, -19.79341 ], [ -50.46535, -19.80239 ], [ -50.46352, -19.8063 ], [ -50.46913, -19.8109 ], [ -50.4706, -19.81548 ], [ -50.47642, -19.81637 ], [ -50.47487, -19.82063 ], [ -50.48, -19.82679 ], [ -50.47834, -19.83885 ], [ -50.48155, -19.8433 ], [ -50.48046, -19.84664 ], [ -50.47472, -19.85013 ], [ -50.47689, -19.85657 ], [ -50.47343, -19.86257 ], [ -50.47358, -19.86842 ], [ -50.46568, -19.87144 ], [ -50.46057, -19.88061 ], [ -50.46166, -19.89647 ], [ -50.45183, -19.91417 ], [ -50.45672, -19.91903 ], [ -50.44112, -19.9322 ], [ -50.4418, -19.94375 ], [ -50.4459, -19.94696 ], [ -50.44351, -19.95183 ], [ -50.44687, -19.95474 ], [ -50.43927, -19.95797 ], [ -50.43735, -19.9634 ], [ -50.43326, -19.965 ], [ -50.43249, -19.97086 ], [ -50.43481, -19.97559 ], [ -50.43226, -19.98027 ], [ -50.43319, -19.98425 ], [ -50.42964, -19.99113 ], [ -50.42618, -19.99127 ], [ -50.42914, -19.99741 ], [ -50.42704, -20.00244 ], [ -50.42865, -20.00553 ], [ -50.42614, -20.00761 ], [ -50.43004, -20.01231 ], [ -50.42905, -20.01982 ], [ -50.43433, -20.02081 ], [ -50.42647, -20.0389 ], [ -50.42713, -20.04978 ], [ -50.41423, -20.06721 ], [ -50.39973, -20.09548 ], [ -50.38331, -20.11525 ], [ -50.37867, -20.13466 ], [ -50.37375, -20.1431 ], [ -50.37572, -20.15288 ], [ -50.37165, -20.16161 ], [ -50.37245, -20.17246 ], [ -50.36296, -20.18541 ], [ -50.36124, -20.19369 ], [ -50.35713, -20.19936 ], [ -50.3599, -20.20489 ], [ -50.35872, -20.21596 ], [ -50.34791, -20.22559 ], [ -50.35404, -20.23512 ], [ -50.36185, -20.26003 ], [ -50.35762, -20.26962 ], [ -50.33926, -20.28494 ], [ -50.34, -20.29199 ], [ -50.33109, -20.30169 ], [ -50.33777, -20.32022 ], [ -50.33577, -20.33298 ], [ -50.33802, -20.3387 ], [ -50.33465, -20.34924 ], [ -50.32622, -20.35878 ], [ -50.3228, -20.37274 ], [ -50.32901, -20.38071 ], [ -50.32696, -20.39168 ], [ -50.32391, -20.39349 ], [ -50.32251, -20.40655 ], [ -50.33059, -20.41517 ], [ -50.33373, -20.41501 ], [ -50.33273, -20.421 ], [ -50.3382, -20.42933 ], [ -50.34259, -20.43033 ], [ -50.35139, -20.42486 ], [ -50.36534, -20.43588 ], [ -50.36566, -20.43971 ], [ -50.377, -20.45429 ], [ -50.37759, -20.4607 ], [ -50.37286, -20.47459 ], [ -50.38428, -20.47314 ], [ -50.38357, -20.47575 ], [ -50.38595, -20.47648 ], [ -50.39337, -20.47211 ], [ -50.39575, -20.47902 ], [ -50.40139, -20.47681 ], [ -50.40962, -20.48012 ], [ -50.42819, -20.47437 ], [ -50.4312, -20.47922 ], [ -50.43891, -20.47885 ], [ -50.43739, -20.48022 ], [ -50.44061, -20.48329 ], [ -50.44847, -20.48237 ], [ -50.44811, -20.48594 ], [ -50.46694, -20.48917 ], [ -50.47231, -20.49426 ], [ -50.47995, -20.49594 ], [ -50.48402, -20.49279 ], [ -50.492, -20.49964 ], [ -50.49397, -20.49869 ], [ -50.49278, -20.49648 ], [ -50.49722, -20.49605 ], [ -50.50094, -20.49979 ], [ -50.50544, -20.49643 ], [ -50.51031, -20.50228 ], [ -50.51858, -20.50114 ], [ -50.52084, -20.50734 ], [ -50.52751, -20.50916 ], [ -50.5448, -20.50377 ], [ -50.54901, -20.50933 ], [ -50.54744, -20.51952 ], [ -50.55453, -20.5236 ], [ -50.55423, -20.52851 ], [ -50.57343, -20.51802 ], [ -50.58305, -20.51887 ], [ -50.5826, -20.51606 ], [ -50.58623, -20.51766 ], [ -50.58637, -20.51519 ], [ -50.59189, -20.52289 ], [ -50.60045, -20.52418 ], [ -50.60513, -20.52122 ], [ -50.60333, -20.51882 ], [ -50.61321, -20.51926 ], [ -50.62539, -20.50802 ], [ -50.63386, -20.51525 ], [ -50.63665, -20.51379 ], [ -50.63703, -20.50854 ], [ -50.64449, -20.50666 ], [ -50.64818, -20.50765 ], [ -50.64743, -20.5111 ], [ -50.65015, -20.51498 ], [ -50.66099, -20.51912 ], [ -50.6616, -20.5278 ], [ -50.66598, -20.53196 ], [ -50.67809, -20.52798 ], [ -50.68236, -20.52951 ], [ -50.68336, -20.52451 ], [ -50.68943, -20.52386 ], [ -50.68847, -20.53303 ], [ -50.6908, -20.53373 ], [ -50.68802, -20.53592 ], [ -50.69156, -20.53867 ], [ -50.69559, -20.529 ], [ -50.70547, -20.5347 ], [ -50.71279, -20.5278 ], [ -50.72477, -20.52695 ], [ -50.73058, -20.53128 ], [ -50.72964, -20.53317 ], [ -50.73722, -20.53605 ], [ -50.7387, -20.54482 ], [ -50.75444, -20.53927 ], [ -50.75613, -20.5485 ], [ -50.7666, -20.55321 ], [ -50.77034, -20.55262 ], [ -50.76939, -20.54438 ], [ -50.77905, -20.54559 ], [ -50.7877, -20.54222 ], [ -50.79153, -20.54573 ], [ -50.79953, -20.54109 ], [ -50.80793, -20.54639 ], [ -50.81044, -20.54206 ], [ -50.80646, -20.54088 ], [ -50.80797, -20.53529 ], [ -50.81259, -20.53098 ], [ -50.82303, -20.53454 ], [ -50.82317, -20.53236 ], [ -50.83111, -20.53301 ], [ -50.83231, -20.53096 ], [ -50.84214, -20.53277 ], [ -50.84477, -20.53548 ], [ -50.84887, -20.54854 ], [ -50.85441, -20.54231 ], [ -50.86449, -20.54539 ], [ -50.87024, -20.54472 ], [ -50.87784, -20.53807 ], [ -50.88228, -20.54277 ], [ -50.87846, -20.55092 ], [ -50.88436, -20.54887 ], [ -50.88433, -20.55575 ], [ -50.88767, -20.55897 ] ] ] } },
{ "type": "Feature", "properties": { "rc": "RC 11.02", "uba": "Penápolis", "regional": "DR 11", "regional_cgr": "CGR 11" }, "geometry": { "type": "Polygon", "coordinates": [ [ [ -49.69906, -21.36725 ], [ -49.69654, -21.38809 ], [ -49.70099, -21.39936 ], [ -49.69939, -21.40674 ], [ -49.68915, -21.41905 ], [ -49.6711, -21.4239 ], [ -49.67204, -21.43425 ], [ -49.6588, -21.43882 ], [ -49.65475, -21.44802 ], [ -49.64934, -21.44937 ], [ -49.6366, -21.46043 ], [ -49.63503, -21.46454 ], [ -49.63919, -21.47707 ], [ -49.63303, -21.48909 ], [ -49.65233, -21.49566 ], [ -49.66665, -21.49144 ], [ -49.6685, -21.50999 ], [ -49.68665, -21.52346 ], [ -49.70693, -21.54757 ], [ -49.7176, -21.56967 ], [ -49.7287, -21.58498 ], [ -49.72936, -21.59478 ], [ -49.72334, -21.59875 ], [ -49.72384, -21.60185 ], [ -49.73465, -21.60443 ], [ -49.7466, -21.61465 ], [ -49.76755, -21.62361 ], [ -49.77387, -21.63315 ], [ -49.77331, -21.64189 ], [ -49.78934, -21.65001 ], [ -49.79329, -21.66128 ], [ -49.78867, -21.67212 ], [ -49.79056, -21.68023 ], [ -49.78676, -21.68869 ], [ -49.78713, -21.69337 ], [ -49.80031, -21.70095 ], [ -49.81403, -21.69838 ], [ -49.82221, -21.7019 ], [ -49.83227, -21.69919 ], [ -49.83897, -21.70957 ], [ -49.84637, -21.71532 ], [ -49.85545, -21.71674 ], [ -49.86535, -21.73591 ], [ -49.86981, -21.73978 ], [ -49.87302, -21.73588 ], [ -49.87858, -21.73569 ], [ -49.88408, -21.72888 ], [ -49.89712, -21.72445 ], [ -49.89702, -21.72119 ], [ -49.90385, -21.71446 ], [ -49.91153, -21.71233 ], [ -49.91333, -21.70667 ], [ -49.92276, -21.70477 ], [ -49.92316, -21.70101 ], [ -49.93525, -21.69999 ], [ -49.93971, -21.69656 ], [ -49.95372, -21.70137 ], [ -49.95839, -21.70006 ], [ -49.95938, -21.6961 ], [ -49.96279, -21.69421 ], [ -49.96603, -21.69662 ], [ -49.96535, -21.69889 ], [ -49.96851, -21.69949 ], [ -49.97103, -21.69809 ], [ -49.96947, -21.69683 ], [ -49.97106, -21.69377 ], [ -49.97517, -21.69227 ], [ -49.97987, -21.69404 ], [ -49.97998, -21.69895 ], [ -49.98252, -21.70135 ], [ -49.99159, -21.70184 ], [ -49.99587, -21.69534 ], [ -50.00497, -21.69817 ], [ -50.00953, -21.70232 ], [ -50.01471, -21.69473 ], [ -50.01759, -21.69826 ], [ -50.02037, -21.6973 ], [ -50.02424, -21.70036 ], [ -50.03089, -21.69632 ], [ -50.03453, -21.69662 ], [ -50.03499, -21.69462 ], [ -50.04016, -21.69547 ], [ -50.0424, -21.69249 ], [ -50.0461, -21.69485 ], [ -50.04771, -21.69141 ], [ -50.0538, -21.69335 ], [ -50.0612, -21.69179 ], [ -50.06591, -21.68973 ], [ -50.06792, -21.68406 ], [ -50.07417, -21.68329 ], [ -50.07669, -21.68633 ], [ -50.07522, -21.68847 ], [ -50.07928, -21.68802 ], [ -50.08239, -21.69071 ], [ -50.08849, -21.68641 ], [ -50.09079, -21.69069 ], [ -50.09374, -21.68742 ], [ -50.09966, -21.68802 ], [ -50.10789, -21.68362 ], [ -50.11009, -21.68488 ], [ -50.11052, -21.68963 ], [ -50.11491, -21.69229 ], [ -50.11933, -21.68505 ], [ -50.12352, -21.68637 ], [ -50.12492, -21.69061 ], [ -50.12866, -21.68927 ], [ -50.13027, -21.69146 ], [ -50.13275, -21.68853 ], [ -50.14344, -21.68666 ], [ -50.14704, -21.68267 ], [ -50.15596, -21.68103 ], [ -50.16272, -21.68623 ], [ -50.1644, -21.69367 ], [ -50.16791, -21.69635 ], [ -50.16797, -21.69361 ], [ -50.17251, -21.69508 ], [ -50.1747, -21.69024 ], [ -50.18253, -21.69324 ], [ -50.18967, -21.68974 ], [ -50.19546, -21.69161 ], [ -50.20705, -21.68662 ], [ -50.21181, -21.69183 ], [ -50.2116, -21.69621 ], [ -50.21967, -21.69698 ], [ -50.22304, -21.69961 ], [ -50.22177, -21.70158 ], [ -50.23399, -21.69709 ], [ -50.23811, -21.69989 ], [ -50.23996, -21.69707 ], [ -50.24422, -21.69883 ], [ -50.24574, -21.6967 ], [ -50.25339, -21.70786 ], [ -50.2609, -21.70294 ], [ -50.26665, -21.70341 ], [ -50.2713, -21.70925 ], [ -50.28077, -21.70754 ], [ -50.29212, -21.71518 ], [ -50.29444, -21.71465 ], [ -50.29475, -21.71707 ], [ -50.29817, -21.71303 ], [ -50.30125, -21.71507 ], [ -50.30399, -21.71149 ], [ -50.30946, -21.71392 ], [ -50.32052, -21.70585 ], [ -50.32328, -21.70888 ], [ -50.32636, -21.70766 ], [ -50.32942, -21.71084 ], [ -50.33054, -21.70912 ], [ -50.33605, -21.71904 ], [ -50.33586, -21.71536 ], [ -50.34211, -21.71515 ], [ -50.34348, -21.71051 ], [ -50.34878, -21.70906 ], [ -50.35621, -21.71672 ], [ -50.35431, -21.71868 ], [ -50.35807, -21.71923 ], [ -50.3606, -21.7255 ], [ -50.36295, -21.72475 ], [ -50.36231, -21.72189 ], [ -50.3675, -21.71944 ], [ -50.3716, -21.72327 ], [ -50.37969, -21.71821 ], [ -50.39069, -21.71921 ], [ -50.39535, -21.7156 ], [ -50.39957, -21.71646 ], [ -50.40949, -21.70712 ], [ -50.40964, -21.70356 ], [ -50.41127, -21.70655 ], [ -50.42087, -21.7052 ], [ -50.42638, -21.69461 ], [ -50.43263, -21.69438 ], [ -50.43367, -21.69736 ], [ -50.43751, -21.69515 ], [ -50.43972, -21.69652 ], [ -50.44279, -21.69373 ], [ -50.45023, -21.69296 ], [ -50.45067, -21.69008 ], [ -50.45466, -21.68923 ], [ -50.45814, -21.68485 ], [ -50.45975, -21.68635 ], [ -50.45807, -21.68793 ], [ -50.4616, -21.68597 ], [ -50.46307, -21.68727 ], [ -50.46148, -21.68828 ], [ -50.4639, -21.68786 ], [ -50.46125, -21.6901 ], [ -50.46433, -21.69249 ], [ -50.46242, -21.6937 ], [ -50.46355, -21.6967 ], [ -50.46131, -21.69693 ], [ -50.46336, -21.69786 ], [ -50.46338, -21.70656 ], [ -50.467, -21.70351 ], [ -50.46885, -21.70561 ], [ -50.47359, -21.7025 ], [ -50.47527, -21.70409 ], [ -50.47471, -21.70177 ], [ -50.47916, -21.70158 ], [ -50.48123, -21.70392 ], [ -50.4842, -21.70226 ], [ -50.48881, -21.70478 ], [ -50.48811, -21.70648 ], [ -50.49066, -21.7056 ], [ -50.48947, -21.71169 ], [ -50.49246, -21.71073 ], [ -50.49579, -21.71642 ], [ -50.49833, -21.71408 ], [ -50.50302, -21.71553 ], [ -50.51114, -21.70365 ], [ -50.51629, -21.70998 ], [ -50.52034, -21.70591 ], [ -50.52218, -21.70829 ], [ -50.528, -21.70437 ], [ -50.52975, -21.70068 ], [ -50.52781, -21.69937 ], [ -50.53123, -21.7004 ], [ -50.54058, -21.69651 ], [ -50.53872, -21.69974 ], [ -50.54411, -21.69882 ], [ -50.54529, -21.70126 ], [ -50.54859, -21.69957 ], [ -50.54951, -21.70221 ], [ -50.55182, -21.69781 ], [ -50.55426, -21.69861 ], [ -50.55451, -21.69401 ], [ -50.55645, -21.69488 ], [ -50.56512, -21.68988 ], [ -50.56876, -21.69318 ], [ -50.57277, -21.68739 ], [ -50.57868, -21.68649 ], [ -50.57823, -21.68371 ], [ -50.58575, -21.67991 ], [ -50.58855, -21.68068 ], [ -50.58932, -21.67442 ], [ -50.59784, -21.67275 ], [ -50.59897, -21.66876 ], [ -50.60312, -21.66668 ], [ -50.59816, -21.66301 ], [ -50.60117, -21.65828 ], [ -50.60767, -21.65894 ], [ -50.61403, -21.65657 ], [ -50.62038, -21.66097 ], [ -50.61908, -21.65143 ], [ -50.62329, -21.64291 ], [ -50.62782, -21.64289 ], [ -50.63008, -21.65414 ], [ -50.63261, -21.65622 ], [ -50.64027, -21.64944 ], [ -50.64669, -21.65046 ], [ -50.65041, -21.63786 ], [ -50.6548, -21.63392 ], [ -50.65238, -21.62919 ], [ -50.65303, -21.62297 ], [ -50.66077, -21.61824 ], [ -50.66127, -21.61433 ], [ -50.66761, -21.61045 ], [ -50.67087, -21.60418 ], [ -50.67755, -21.60062 ], [ -50.68084, -21.60195 ], [ -50.68301, -21.59752 ], [ -50.68699, -21.59729 ], [ -50.70802, -21.58502 ], [ -50.7063, -21.57833 ], [ -50.70892, -21.5763 ], [ -50.72579, -21.57672 ], [ -50.72975, -21.57249 ], [ -50.73421, -21.57149 ], [ -50.74565, -21.57799 ], [ -50.74924, -21.57409 ], [ -50.74478, -21.5644 ], [ -50.75543, -21.57117 ], [ -50.75883, -21.56902 ], [ -50.76011, -21.56401 ], [ -50.76438, -21.56195 ], [ -50.77041, -21.56913 ], [ -50.77018, -21.56613 ], [ -50.77417, -21.56388 ], [ -50.77421, -21.56769 ], [ -50.78231, -21.5671 ], [ -50.78183, -21.5632 ], [ -50.77475, -21.56135 ], [ -50.77387, -21.55659 ], [ -50.77119, -21.55815 ], [ -50.76906, -21.55395 ], [ -50.7704, -21.54669 ], [ -50.77414, -21.54469 ], [ -50.76927, -21.54584 ], [ -50.76776, -21.54351 ], [ -50.77202, -21.53771 ], [ -50.76886, -21.5318 ], [ -50.75906, -21.52803 ], [ -50.75451, -21.52885 ], [ -50.75275, -21.52467 ], [ -50.74562, -21.52495 ], [ -50.74082, -21.52109 ], [ -50.73704, -21.52659 ], [ -50.72921, -21.52968 ], [ -50.7215, -21.5262 ], [ -50.71449, -21.52883 ], [ -50.71023, -21.52574 ], [ -50.70666, -21.52945 ], [ -50.70385, -21.52798 ], [ -50.7047, -21.52571 ], [ -50.69734, -21.52555 ], [ -50.69194, -21.51871 ], [ -50.69026, -21.51159 ], [ -50.68013, -21.51328 ], [ -50.67932, -21.50863 ], [ -50.67609, -21.50742 ], [ -50.67577, -21.50124 ], [ -50.67313, -21.50296 ], [ -50.66485, -21.49988 ], [ -50.6612, -21.50168 ], [ -50.65429, -21.50004 ], [ -50.65701, -21.4955 ], [ -50.65501, -21.4922 ], [ -50.6528, -21.49258 ], [ -50.65454, -21.49002 ], [ -50.65356, -21.48233 ], [ -50.64568, -21.48125 ], [ -50.64429, -21.47872 ], [ -50.64636, -21.47474 ], [ -50.63854, -21.47263 ], [ -50.63954, -21.46008 ], [ -50.62313, -21.45536 ], [ -50.61916, -21.44762 ], [ -50.58173, -21.44185 ], [ -50.57897, -21.44344 ], [ -50.57827, -21.45112 ], [ -50.57428, -21.45502 ], [ -50.54702, -21.44743 ], [ -50.53891, -21.43722 ], [ -50.54187, -21.43499 ], [ -50.5384, -21.42219 ], [ -50.53198, -21.41389 ], [ -50.52564, -21.40998 ], [ -50.52359, -21.39048 ], [ -50.51931, -21.38739 ], [ -50.51875, -21.38194 ], [ -50.51434, -21.37961 ], [ -50.51287, -21.3738 ], [ -50.49858, -21.36538 ], [ -50.49537, -21.35849 ], [ -50.49104, -21.35771 ], [ -50.48478, -21.35222 ], [ -50.48413, -21.3403 ], [ -50.46253, -21.30163 ], [ -50.46669, -21.29674 ], [ -50.39237, -21.2533 ], [ -50.40511, -21.22649 ], [ -50.40374, -21.22277 ], [ -50.39235, -21.21379 ], [ -50.39027, -21.18977 ], [ -50.39458, -21.18115 ], [ -50.38685, -21.17168 ], [ -50.38802, -21.16819 ], [ -50.38593, -21.16789 ], [ -50.38728, -21.16513 ], [ -50.38481, -21.15717 ], [ -50.37347, -21.15135 ], [ -50.35667, -21.12859 ], [ -50.35635, -21.12594 ], [ -50.36108, -21.1223 ], [ -50.36079, -21.11838 ], [ -50.35348, -21.11072 ], [ -50.35492, -21.09837 ], [ -50.34664, -21.09406 ], [ -50.34735, -21.08808 ], [ -50.35294, -21.08698 ], [ -50.35255, -21.08374 ], [ -50.34484, -21.08238 ], [ -50.34232, -21.07734 ], [ -50.34549, -21.07572 ], [ -50.34504, -21.07063 ], [ -50.35011, -21.06468 ], [ -50.34724, -21.05985 ], [ -50.35075, -21.05695 ], [ -50.35287, -21.04707 ], [ -50.35853, -21.04315 ], [ -50.35491, -21.0405 ], [ -50.34583, -21.04163 ], [ -50.33741, -21.02469 ], [ -50.32767, -21.01562 ], [ -50.32809, -21.01059 ], [ -50.32308, -21.00929 ], [ -50.32195, -21.00584 ], [ -50.31656, -21.00787 ], [ -50.31385, -21.00632 ], [ -50.31396, -21.00291 ], [ -50.30667, -21.00198 ], [ -50.30465, -21.00396 ], [ -50.30061, -21.00181 ], [ -50.29934, -20.99837 ], [ -50.30246, -20.99723 ], [ -50.29918, -20.99067 ], [ -50.29662, -20.99074 ], [ -50.29761, -20.98738 ], [ -50.29425, -20.98275 ], [ -50.2974, -20.97566 ], [ -50.29473, -20.96939 ], [ -50.29211, -20.96914 ], [ -50.28633, -20.96108 ], [ -50.28075, -20.94668 ], [ -50.28262, -20.93176 ], [ -50.28047, -20.92696 ], [ -50.2759, -20.92647 ], [ -50.27228, -20.92278 ], [ -50.27226, -20.91947 ], [ -50.26808, -20.91816 ], [ -50.2692, -20.9155 ], [ -50.26465, -20.91622 ], [ -50.26763, -20.91137 ], [ -50.26412, -20.90998 ], [ -50.26484, -20.90599 ], [ -50.25869, -20.90615 ], [ -50.25628, -20.90292 ], [ -50.25167, -20.90254 ], [ -50.25024, -20.89791 ], [ -50.24456, -20.89718 ], [ -50.24516, -20.89319 ], [ -50.23752, -20.89446 ], [ -50.22491, -20.88825 ], [ -50.22236, -20.88902 ], [ -50.2198, -20.89835 ], [ -50.21341, -20.89969 ], [ -50.21251, -20.89783 ], [ -50.19989, -20.89572 ], [ -50.19534, -20.89654 ], [ -50.19556, -20.89948 ], [ -50.19197, -20.89727 ], [ -50.18595, -20.90152 ], [ -50.18581, -20.89863 ], [ -50.18196, -20.90058 ], [ -50.1817, -20.89821 ], [ -50.1722, -20.89186 ], [ -50.16806, -20.89275 ], [ -50.16859, -20.88842 ], [ -50.16577, -20.88994 ], [ -50.16303, -20.88707 ], [ -50.16593, -20.8812 ], [ -50.16218, -20.87378 ], [ -50.15813, -20.87602 ], [ -50.14861, -20.87369 ], [ -50.133, -20.88186 ], [ -50.12345, -20.87961 ], [ -50.11644, -20.88077 ], [ -50.11542, -20.87718 ], [ -50.11257, -20.87624 ], [ -50.10384, -20.88685 ], [ -50.09264, -20.88652 ], [ -50.07125, -20.91016 ], [ -50.07247, -20.91381 ], [ -50.0648, -20.9216 ], [ -50.06109, -20.93314 ], [ -50.06286, -20.93571 ], [ -50.0615, -20.93955 ], [ -50.05637, -20.93976 ], [ -50.05146, -20.93103 ], [ -50.04598, -20.94038 ], [ -50.03526, -20.93979 ], [ -50.03229, -20.93468 ], [ -50.0293, -20.93567 ], [ -50.02245, -20.94317 ], [ -50.03305, -20.978 ], [ -50.02743, -20.97593 ], [ -50.01794, -20.97654 ], [ -50.01659, -20.97496 ], [ -50.01974, -20.96892 ], [ -50.01603, -20.96434 ], [ -50.00533, -20.96568 ], [ -50.00402, -20.96301 ], [ -50.00711, -20.95935 ], [ -50.00354, -20.95754 ], [ -50.00239, -20.95337 ], [ -49.99352, -20.94913 ], [ -49.98346, -20.93282 ], [ -49.97537, -20.91448 ], [ -49.97591, -20.90972 ], [ -49.97136, -20.90742 ], [ -49.96195, -20.9089 ], [ -49.95748, -20.90619 ], [ -49.95248, -20.91284 ], [ -49.94888, -20.92646 ], [ -49.94112, -20.93465 ], [ -49.92614, -20.93001 ], [ -49.92352, -20.92705 ], [ -49.92434, -20.92049 ], [ -49.92002, -20.9179 ], [ -49.87243, -20.91672 ], [ -49.86953, -20.92445 ], [ -49.85634, -20.93286 ], [ -49.85098, -20.93162 ], [ -49.84513, -20.94311 ], [ -49.82996, -20.94899 ], [ -49.82731, -20.95276 ], [ -49.82721, -20.94162 ], [ -49.82228, -20.94007 ], [ -49.82154, -20.93735 ], [ -49.81744, -20.93909 ], [ -49.80716, -20.9349 ], [ -49.80246, -20.93668 ], [ -49.78947, -20.93373 ], [ -49.77606, -20.93638 ], [ -49.76618, -20.94116 ], [ -49.7628, -20.93805 ], [ -49.75178, -20.93586 ], [ -49.728, -20.93709 ], [ -49.72622, -20.93234 ], [ -49.70555, -20.95047 ], [ -49.71277, -20.95296 ], [ -49.71818, -20.95952 ], [ -49.72072, -20.97577 ], [ -49.71459, -20.97238 ], [ -49.70621, -20.97235 ], [ -49.69586, -20.96584 ], [ -49.68656, -20.97002 ], [ -49.68302, -20.96639 ], [ -49.66756, -20.96489 ], [ -49.65811, -20.96991 ], [ -49.65859, -20.97558 ], [ -49.65361, -20.98082 ], [ -49.65548, -20.99061 ], [ -49.65349, -20.99434 ], [ -49.64015, -20.97224 ], [ -49.63519, -20.97125 ], [ -49.62789, -20.97874 ], [ -49.62786, -20.98605 ], [ -49.62062, -20.99105 ], [ -49.61304, -20.99195 ], [ -49.61116, -20.99552 ], [ -49.61241, -21.00252 ], [ -49.60377, -21.00278 ], [ -49.60303, -21.02511 ], [ -49.58426, -21.02431 ], [ -49.57323, -21.01654 ], [ -49.55747, -21.02429 ], [ -49.55992, -21.03819 ], [ -49.56354, -21.03883 ], [ -49.56735, -21.04905 ], [ -49.56179, -21.05714 ], [ -49.56353, -21.05807 ], [ -49.56291, -21.06505 ], [ -49.5682, -21.06684 ], [ -49.57406, -21.07341 ], [ -49.56909, -21.08175 ], [ -49.5718, -21.08538 ], [ -49.57127, -21.09311 ], [ -49.57552, -21.10228 ], [ -49.57449, -21.11017 ], [ -49.57746, -21.11648 ], [ -49.58438, -21.11766 ], [ -49.58909, -21.11555 ], [ -49.59342, -21.11872 ], [ -49.60013, -21.1166 ], [ -49.60471, -21.12057 ], [ -49.61133, -21.11976 ], [ -49.61801, -21.12609 ], [ -49.62033, -21.13327 ], [ -49.6282, -21.14212 ], [ -49.63765, -21.147 ], [ -49.63764, -21.15044 ], [ -49.64149, -21.14989 ], [ -49.64662, -21.15693 ], [ -49.65136, -21.15671 ], [ -49.65526, -21.16393 ], [ -49.66074, -21.161 ], [ -49.65965, -21.15858 ], [ -49.66185, -21.15559 ], [ -49.6598, -21.13479 ], [ -49.66238, -21.13119 ], [ -49.6616, -21.12652 ], [ -49.67129, -21.12994 ], [ -49.6754, -21.13492 ], [ -49.68936, -21.13087 ], [ -49.71967, -21.13715 ], [ -49.72701, -21.13317 ], [ -49.73614, -21.13457 ], [ -49.74731, -21.14514 ], [ -49.74965, -21.15094 ], [ -49.76396, -21.15352 ], [ -49.77333, -21.17777 ], [ -49.78391, -21.19259 ], [ -49.78564, -21.20016 ], [ -49.78397, -21.2085 ], [ -49.78932, -21.2089 ], [ -49.80284, -21.20333 ], [ -49.81491, -21.20333 ], [ -49.8152, -21.21107 ], [ -49.8248, -21.23778 ], [ -49.84098, -21.25035 ], [ -49.84762, -21.25843 ], [ -49.85596, -21.25984 ], [ -49.8465, -21.2721 ], [ -49.81731, -21.27919 ], [ -49.80217, -21.29305 ], [ -49.79057, -21.29475 ], [ -49.77102, -21.30586 ], [ -49.76719, -21.30583 ], [ -49.75291, -21.2963 ], [ -49.74533, -21.29674 ], [ -49.74317, -21.30164 ], [ -49.74608, -21.31465 ], [ -49.72683, -21.34553 ], [ -49.71162, -21.33472 ], [ -49.70439, -21.33477 ], [ -49.69731, -21.33943 ], [ -49.69641, -21.34338 ], [ -49.7002, -21.35532 ], [ -49.69728, -21.36227 ], [ -49.69906, -21.36725 ] ] ] } },
{ "type": "Feature", "properties": { "rc": "RC 01.01", "uba": "Campinas", "regional": "DR 01", "regional_cgr": "CGR 01" }, "geometry": { "type": "Polygon", "coordinates": [ [ [ -47.41836, -23.16805 ], [ -47.42317, -23.15639 ], [ -47.42272, -23.14887 ], [ -47.41961, -23.14022 ], [ -47.41328, -23.13266 ], [ -47.4153, -23.12777 ], [ -47.41194, -23.11976 ], [ -47.42024, -23.11247 ], [ -47.42803, -23.10074 ], [ -47.42066, -23.09265 ], [ -47.42114, -23.08877 ], [ -47.42757, -23.08678 ], [ -47.42889, -23.0804 ], [ -47.43337, -23.07488 ], [ -47.43289, -23.06711 ], [ -47.43689, -23.05724 ], [ -47.4372, -23.04872 ], [ -47.45021, -23.04159 ], [ -47.45354, -23.03269 ], [ -47.4605, -23.03288 ], [ -47.45971, -23.02829 ], [ -47.46253, -23.0262 ], [ -47.45971, -23.02319 ], [ -47.45211, -23.02463 ], [ -47.44851, -23.02135 ], [ -47.44579, -23.02219 ], [ -47.43551, -23.0145 ], [ -47.43027, -23.01626 ], [ -47.42521, -23.01364 ], [ -47.43207, -23.00881 ], [ -47.42455, -23.0063 ], [ -47.42794, -23.00365 ], [ -47.4272, -23.00198 ], [ -47.41883, -23.00237 ], [ -47.41474, -23.00654 ], [ -47.4121, -23.00149 ], [ -47.40741, -23.00091 ], [ -47.41163, -23.00678 ], [ -47.40834, -23.00825 ], [ -47.4075, -23.01228 ], [ -47.40396, -23.00905 ], [ -47.40589, -23.00448 ], [ -47.39652, -23.00687 ], [ -47.39537, -23.00352 ], [ -47.3909, -23.00336 ], [ -47.39227, -22.99861 ], [ -47.38823, -22.99849 ], [ -47.39093, -22.99322 ], [ -47.38284, -22.99444 ], [ -47.38846, -22.9901 ], [ -47.38238, -22.98776 ], [ -47.3874, -22.98614 ], [ -47.40086, -22.97316 ], [ -47.40589, -22.96342 ], [ -47.39817, -22.9588 ], [ -47.39603, -22.95406 ], [ -47.38678, -22.95563 ], [ -47.38803, -22.93952 ], [ -47.39121, -22.93504 ], [ -47.3882, -22.93292 ], [ -47.38881, -22.92499 ], [ -47.386, -22.91745 ], [ -47.39361, -22.91512 ], [ -47.39141, -22.91035 ], [ -47.39659, -22.90643 ], [ -47.39265, -22.89255 ], [ -47.38788, -22.89004 ], [ -47.37898, -22.87804 ], [ -47.34033, -22.86249 ], [ -47.35796, -22.84693 ], [ -47.37001, -22.8444 ], [ -47.36418, -22.82986 ], [ -47.35837, -22.82463 ], [ -47.35947, -22.81839 ], [ -47.33934, -22.81884 ], [ -47.3328, -22.81568 ], [ -47.32986, -22.81987 ], [ -47.33241, -22.82817 ], [ -47.32786, -22.83153 ], [ -47.30401, -22.82145 ], [ -47.29483, -22.81413 ], [ -47.28354, -22.80163 ], [ -47.28609, -22.79198 ], [ -47.28391, -22.79022 ], [ -47.27987, -22.79103 ], [ -47.27665, -22.7888 ], [ -47.27449, -22.79288 ], [ -47.26413, -22.7972 ], [ -47.25316, -22.79431 ], [ -47.24517, -22.79694 ], [ -47.23565, -22.79561 ], [ -47.22935, -22.78923 ], [ -47.2233, -22.79658 ], [ -47.21087, -22.79541 ], [ -47.21761, -22.78768 ], [ -47.21439, -22.77754 ], [ -47.21727, -22.77084 ], [ -47.21646, -22.76106 ], [ -47.21122, -22.75614 ], [ -47.20945, -22.73977 ], [ -47.20041, -22.72963 ], [ -47.19359, -22.72884 ], [ -47.19357, -22.72037 ], [ -47.19852, -22.70916 ], [ -47.20264, -22.70873 ], [ -47.20224, -22.70153 ], [ -47.20473, -22.69727 ], [ -47.23897, -22.68004 ], [ -47.25419, -22.68852 ], [ -47.25605, -22.67164 ], [ -47.26902, -22.6705 ], [ -47.27271, -22.66443 ], [ -47.27882, -22.66264 ], [ -47.26636, -22.65249 ], [ -47.26681, -22.64366 ], [ -47.26075, -22.63817 ], [ -47.25036, -22.62108 ], [ -47.23065, -22.61057 ], [ -47.22823, -22.6071 ], [ -47.22757, -22.59986 ], [ -47.23716, -22.59208 ], [ -47.2432, -22.58339 ], [ -47.24166, -22.58113 ], [ -47.23203, -22.5814 ], [ -47.22772, -22.57024 ], [ -47.2197, -22.56459 ], [ -47.21567, -22.54406 ], [ -47.21184, -22.53752 ], [ -47.23451, -22.52414 ], [ -47.23634, -22.50979 ], [ -47.24674, -22.49699 ], [ -47.24373, -22.48061 ], [ -47.25263, -22.47637 ], [ -47.24662, -22.47034 ], [ -47.23727, -22.46785 ], [ -47.23177, -22.4601 ], [ -47.22692, -22.45741 ], [ -47.22175, -22.43837 ], [ -47.21712, -22.43322 ], [ -47.21137, -22.43082 ], [ -47.20158, -22.43336 ], [ -47.18867, -22.43227 ], [ -47.17856, -22.42254 ], [ -47.1748, -22.40958 ], [ -47.18847, -22.36501 ], [ -47.21558, -22.32073 ], [ -47.20895, -22.32133 ], [ -47.20487, -22.3188 ], [ -47.19623, -22.30172 ], [ -47.18409, -22.29166 ], [ -47.17625, -22.29596 ], [ -47.16856, -22.29083 ], [ -47.1712, -22.28952 ], [ -47.16723, -22.28327 ], [ -47.16622, -22.28612 ], [ -47.15939, -22.28741 ], [ -47.16114, -22.29151 ], [ -47.15685, -22.2923 ], [ -47.15427, -22.2975 ], [ -47.15342, -22.29434 ], [ -47.14909, -22.29411 ], [ -47.14778, -22.29632 ], [ -47.14164, -22.2956 ], [ -47.12998, -22.29987 ], [ -47.12406, -22.2974 ], [ -47.12548, -22.2941 ], [ -47.12383, -22.29137 ], [ -47.11947, -22.29039 ], [ -47.1157, -22.29415 ], [ -47.10911, -22.29226 ], [ -47.10509, -22.29847 ], [ -47.10551, -22.29368 ], [ -47.09797, -22.293 ], [ -47.09088, -22.30212 ], [ -47.08354, -22.29953 ], [ -47.09112, -22.32147 ], [ -47.08585, -22.31848 ], [ -47.08097, -22.32101 ], [ -47.07466, -22.33701 ], [ -47.08082, -22.34357 ], [ -47.08107, -22.35712 ], [ -47.08939, -22.38483 ], [ -47.08678, -22.39227 ], [ -47.08837, -22.39876 ], [ -47.09659, -22.40681 ], [ -47.10583, -22.40819 ], [ -47.10901, -22.41082 ], [ -47.11032, -22.4214 ], [ -47.11638, -22.43171 ], [ -47.11794, -22.44981 ], [ -47.12987, -22.46726 ], [ -47.1357, -22.46948 ], [ -47.12857, -22.47504 ], [ -47.12308, -22.47563 ], [ -47.11588, -22.47169 ], [ -47.11257, -22.46653 ], [ -47.1091, -22.46609 ], [ -47.09182, -22.47493 ], [ -47.07956, -22.47265 ], [ -47.07212, -22.47698 ], [ -47.06949, -22.48724 ], [ -47.07264, -22.49652 ], [ -47.06201, -22.51014 ], [ -47.05292, -22.51614 ], [ -47.05424, -22.52519 ], [ -47.04803, -22.5336 ], [ -47.04904, -22.54233 ], [ -47.04218, -22.5511 ], [ -47.04208, -22.55513 ], [ -47.04961, -22.56079 ], [ -47.05433, -22.5708 ], [ -47.048, -22.56994 ], [ -47.04727, -22.57478 ], [ -47.04312, -22.57726 ], [ -47.03664, -22.58954 ], [ -47.03093, -22.60707 ], [ -47.03232, -22.61744 ], [ -47.01955, -22.63644 ], [ -47.01835, -22.64251 ], [ -47.02136, -22.64442 ], [ -47.02238, -22.64953 ], [ -47.01577, -22.65689 ], [ -47.0237, -22.66087 ], [ -47.02817, -22.65848 ], [ -47.03819, -22.65874 ], [ -47.04006, -22.66063 ], [ -47.04489, -22.65547 ], [ -47.04292, -22.65222 ], [ -47.0452, -22.64633 ], [ -47.05494, -22.64674 ], [ -47.06629, -22.65685 ], [ -47.07041, -22.6651 ], [ -47.07038, -22.67044 ], [ -47.07899, -22.67861 ], [ -47.07127, -22.67981 ], [ -47.06452, -22.68459 ], [ -47.05962, -22.69748 ], [ -47.06927, -22.70374 ], [ -47.08068, -22.70333 ], [ -47.08194, -22.71486 ], [ -47.08923, -22.71341 ], [ -47.09263, -22.71875 ], [ -47.10152, -22.72244 ], [ -47.10246, -22.72721 ], [ -47.09936, -22.73269 ], [ -47.10182, -22.74008 ], [ -47.10145, -22.75011 ], [ -47.09864, -22.74788 ], [ -47.09042, -22.74963 ], [ -47.09137, -22.74816 ], [ -47.08796, -22.74796 ], [ -47.08993, -22.74666 ], [ -47.08635, -22.74389 ], [ -47.08093, -22.74176 ], [ -47.07778, -22.74345 ], [ -47.07625, -22.73235 ], [ -47.07025, -22.72992 ], [ -47.06148, -22.73429 ], [ -47.06164, -22.73633 ], [ -47.05819, -22.7358 ], [ -47.05816, -22.73876 ], [ -47.05366, -22.73625 ], [ -47.04919, -22.73967 ], [ -47.03142, -22.73206 ], [ -47.01748, -22.73727 ], [ -47.01174, -22.73413 ], [ -47.00534, -22.73931 ], [ -46.99602, -22.73858 ], [ -46.99431, -22.74289 ], [ -46.98624, -22.74562 ], [ -46.96616, -22.74523 ], [ -46.96276, -22.74268 ], [ -46.96467, -22.73513 ], [ -46.95745, -22.7292 ], [ -46.95448, -22.73062 ], [ -46.94594, -22.73863 ], [ -46.90555, -22.76248 ], [ -46.90502, -22.76675 ], [ -46.90125, -22.767 ], [ -46.90275, -22.77145 ], [ -46.89835, -22.77817 ], [ -46.90485, -22.78456 ], [ -46.89956, -22.789 ], [ -46.89609, -22.79753 ], [ -46.8928, -22.79828 ], [ -46.89491, -22.80713 ], [ -46.89097, -22.81703 ], [ -46.88729, -22.81956 ], [ -46.88344, -22.81871 ], [ -46.88121, -22.82136 ], [ -46.87609, -22.81791 ], [ -46.86796, -22.81762 ], [ -46.86752, -22.82679 ], [ -46.86189, -22.82555 ], [ -46.85843, -22.83634 ], [ -46.86058, -22.84906 ], [ -46.85721, -22.8522 ], [ -46.85572, -22.85977 ], [ -46.84923, -22.8621 ], [ -46.8511, -22.87622 ], [ -46.83997, -22.88052 ], [ -46.83506, -22.88016 ], [ -46.83119, -22.87352 ], [ -46.8265, -22.87316 ], [ -46.81577, -22.88667 ], [ -46.81595, -22.89564 ], [ -46.83053, -22.90696 ], [ -46.85194, -22.90228 ], [ -46.85373, -22.90483 ], [ -46.85923, -22.90555 ], [ -46.86362, -22.89914 ], [ -46.86954, -22.89888 ], [ -46.87211, -22.9038 ], [ -46.8852, -22.90679 ], [ -46.89104, -22.91345 ], [ -46.89129, -22.91735 ], [ -46.8863, -22.92445 ], [ -46.87848, -22.92704 ], [ -46.87638, -22.9319 ], [ -46.88126, -22.9334 ], [ -46.88647, -22.93189 ], [ -46.88798, -22.93425 ], [ -46.89232, -22.93271 ], [ -46.89496, -22.93463 ], [ -46.89873, -22.93302 ], [ -46.89917, -22.92626 ], [ -46.90443, -22.92834 ], [ -46.90532, -22.92597 ], [ -46.91236, -22.92404 ], [ -46.92136, -22.92859 ], [ -46.92239, -22.93119 ], [ -46.92934, -22.92869 ], [ -46.93493, -22.93117 ], [ -46.93971, -22.92791 ], [ -46.9411, -22.92105 ], [ -46.95189, -22.90875 ], [ -46.96204, -22.91171 ], [ -46.9681, -22.90552 ], [ -46.98212, -22.90417 ], [ -46.98949, -22.91177 ], [ -46.99196, -22.92855 ], [ -46.99836, -22.93478 ], [ -47.00887, -22.93808 ], [ -47.01957, -22.9507 ], [ -47.02548, -22.95228 ], [ -47.02336, -22.95728 ], [ -47.02896, -22.96953 ], [ -47.03412, -22.97512 ], [ -47.06656, -22.99368 ], [ -47.06804, -23.00652 ], [ -47.07482, -23.01351 ], [ -47.07186, -23.02692 ], [ -47.06174, -23.02784 ], [ -47.06111, -23.03361 ], [ -47.05974, -23.03543 ], [ -47.05659, -23.03441 ], [ -47.05307, -23.04005 ], [ -47.05507, -23.04191 ], [ -47.04996, -23.04555 ], [ -47.04859, -23.05135 ], [ -47.07019, -23.04761 ], [ -47.07389, -23.05272 ], [ -47.08581, -23.05637 ], [ -47.09539, -23.05224 ], [ -47.10241, -23.05416 ], [ -47.10884, -23.06119 ], [ -47.11709, -23.05598 ], [ -47.1264, -23.05939 ], [ -47.13055, -23.05236 ], [ -47.13282, -23.05547 ], [ -47.13807, -23.05359 ], [ -47.144, -23.05779 ], [ -47.15031, -23.051 ], [ -47.14935, -23.04635 ], [ -47.15259, -23.03836 ], [ -47.15781, -23.04173 ], [ -47.15844, -23.03735 ], [ -47.16453, -23.03632 ], [ -47.16919, -23.03092 ], [ -47.1709, -23.03318 ], [ -47.1817, -23.0299 ], [ -47.18632, -23.03017 ], [ -47.19001, -23.03338 ], [ -47.20451, -23.03176 ], [ -47.2101, -23.024 ], [ -47.21965, -23.01932 ], [ -47.21988, -23.01611 ], [ -47.22804, -23.01319 ], [ -47.23633, -23.00498 ], [ -47.2549, -22.99785 ], [ -47.26457, -23.01382 ], [ -47.2703, -23.01538 ], [ -47.27081, -23.01971 ], [ -47.27454, -23.02055 ], [ -47.28456, -23.0302 ], [ -47.28617, -23.03853 ], [ -47.29033, -23.04346 ], [ -47.28617, -23.05827 ], [ -47.28026, -23.06313 ], [ -47.27733, -23.07117 ], [ -47.29815, -23.09261 ], [ -47.30065, -23.09917 ], [ -47.30044, -23.11311 ], [ -47.3207, -23.12346 ], [ -47.3245, -23.12241 ], [ -47.32762, -23.11458 ], [ -47.33928, -23.11076 ], [ -47.34186, -23.11691 ], [ -47.34947, -23.11779 ], [ -47.35006, -23.13003 ], [ -47.36132, -23.14134 ], [ -47.37217, -23.14449 ], [ -47.37733, -23.15269 ], [ -47.38131, -23.15111 ], [ -47.38399, -23.15419 ], [ -47.39182, -23.15491 ], [ -47.39777, -23.16151 ], [ -47.41178, -23.16385 ], [ -47.41836, -23.16805 ] ] ] } },
{ "type": "Feature", "properties": { "rc": "RC 04.02", "uba": "São Carlos", "regional": "DR 04", "regional_cgr": "CGR 04" }, "geometry": { "type": "Polygon", "coordinates": [ [ [ -48.31464, -22.19836 ], [ -48.31619, -22.19347 ], [ -48.32285, -22.19315 ], [ -48.32348, -22.18868 ], [ -48.33112, -22.18871 ], [ -48.33299, -22.18425 ], [ -48.34332, -22.18025 ], [ -48.3451, -22.17763 ], [ -48.34332, -22.17334 ], [ -48.3458, -22.17094 ], [ -48.35291, -22.1705 ], [ -48.35556, -22.16644 ], [ -48.35879, -22.16711 ], [ -48.36249, -22.16433 ], [ -48.36841, -22.16438 ], [ -48.36825, -22.1666 ], [ -48.37157, -22.16783 ], [ -48.3747, -22.16655 ], [ -48.37334, -22.16406 ], [ -48.37596, -22.16191 ], [ -48.38765, -22.15909 ], [ -48.38615, -22.15254 ], [ -48.39268, -22.15129 ], [ -48.39018, -22.14752 ], [ -48.39547, -22.14714 ], [ -48.39286, -22.14513 ], [ -48.39232, -22.13831 ], [ -48.39767, -22.1316 ], [ -48.39522, -22.1293 ], [ -48.39729, -22.12373 ], [ -48.39517, -22.12068 ], [ -48.39783, -22.11619 ], [ -48.39466, -22.11412 ], [ -48.39874, -22.11277 ], [ -48.39591, -22.11165 ], [ -48.40323, -22.10772 ], [ -48.40204, -22.10239 ], [ -48.40688, -22.09892 ], [ -48.40552, -22.09749 ], [ -48.40863, -22.09376 ], [ -48.41388, -22.09315 ], [ -48.41528, -22.08893 ], [ -48.41986, -22.08987 ], [ -48.4224, -22.09376 ], [ -48.42471, -22.08937 ], [ -48.43322, -22.08756 ], [ -48.43361, -22.08339 ], [ -48.43604, -22.08333 ], [ -48.43391, -22.07735 ], [ -48.43728, -22.07854 ], [ -48.43947, -22.07738 ], [ -48.4385, -22.07447 ], [ -48.44508, -22.07337 ], [ -48.44482, -22.06307 ], [ -48.45039, -22.05801 ], [ -48.45288, -22.0509 ], [ -48.45738, -22.048 ], [ -48.46376, -22.04877 ], [ -48.46697, -22.04513 ], [ -48.47693, -22.04147 ], [ -48.48099, -22.03189 ], [ -48.48719, -22.02668 ], [ -48.48074, -22.01204 ], [ -48.48549, -22.01341 ], [ -48.49619, -22.01075 ], [ -48.50465, -22.01985 ], [ -48.53111, -22.0285 ], [ -48.53716, -22.03458 ], [ -48.54224, -22.03507 ], [ -48.5466, -22.03265 ], [ -48.54789, -22.02402 ], [ -48.55297, -22.02342 ], [ -48.55445, -22.01604 ], [ -48.5647, -22.00452 ], [ -48.56945, -22.00204 ], [ -48.58727, -22.00004 ], [ -48.58993, -21.99631 ], [ -48.59346, -21.99622 ], [ -48.59289, -21.99277 ], [ -48.59607, -21.98794 ], [ -48.61159, -21.98542 ], [ -48.61345, -21.9837 ], [ -48.61142, -21.98143 ], [ -48.61271, -21.97776 ], [ -48.62034, -21.97824 ], [ -48.61971, -21.97666 ], [ -48.62368, -21.97577 ], [ -48.62814, -21.96993 ], [ -48.63388, -21.96776 ], [ -48.63505, -21.96995 ], [ -48.63765, -21.96841 ], [ -48.64493, -21.97027 ], [ -48.6485, -21.96325 ], [ -48.651, -21.96397 ], [ -48.65403, -21.95979 ], [ -48.65664, -21.95976 ], [ -48.65758, -21.95432 ], [ -48.6654, -21.94951 ], [ -48.66974, -21.94956 ], [ -48.67223, -21.94381 ], [ -48.66898, -21.94166 ], [ -48.67004, -21.93918 ], [ -48.67534, -21.93639 ], [ -48.68038, -21.92723 ], [ -48.66288, -21.92198 ], [ -48.65459, -21.91327 ], [ -48.64428, -21.90772 ], [ -48.64275, -21.90335 ], [ -48.65815, -21.84474 ], [ -48.65791, -21.84181 ], [ -48.65478, -21.84271 ], [ -48.65306, -21.84085 ], [ -48.65518, -21.83961 ], [ -48.6533, -21.83662 ], [ -48.65035, -21.83536 ], [ -48.65094, -21.83915 ], [ -48.64759, -21.84057 ], [ -48.64702, -21.83751 ], [ -48.64285, -21.84012 ], [ -48.64259, -21.83694 ], [ -48.64017, -21.8394 ], [ -48.6406, -21.83756 ], [ -48.63626, -21.83632 ], [ -48.63171, -21.83944 ], [ -48.63216, -21.84396 ], [ -48.62388, -21.84342 ], [ -48.6175, -21.83993 ], [ -48.61649, -21.84519 ], [ -48.61462, -21.8429 ], [ -48.60911, -21.84313 ], [ -48.60829, -21.84547 ], [ -48.60593, -21.84367 ], [ -48.6052, -21.84816 ], [ -48.6009, -21.84577 ], [ -48.59993, -21.84831 ], [ -48.59585, -21.84864 ], [ -48.59418, -21.84535 ], [ -48.58617, -21.85015 ], [ -48.59043, -21.85802 ], [ -48.58828, -21.85725 ], [ -48.58255, -21.86133 ], [ -48.57858, -21.85835 ], [ -48.56637, -21.86461 ], [ -48.56808, -21.8584 ], [ -48.56415, -21.85649 ], [ -48.55513, -21.86558 ], [ -48.55253, -21.86401 ], [ -48.55325, -21.86626 ], [ -48.55076, -21.86748 ], [ -48.54096, -21.86349 ], [ -48.53467, -21.86897 ], [ -48.52818, -21.86793 ], [ -48.5296, -21.86498 ], [ -48.51688, -21.87053 ], [ -48.51598, -21.86525 ], [ -48.51052, -21.86412 ], [ -48.51099, -21.86231 ], [ -48.50824, -21.8623 ], [ -48.50698, -21.86565 ], [ -48.50428, -21.86334 ], [ -48.50351, -21.86635 ], [ -48.4986, -21.86291 ], [ -48.50024, -21.85058 ], [ -48.49019, -21.85168 ], [ -48.48842, -21.84363 ], [ -48.48223, -21.84455 ], [ -48.47764, -21.84836 ], [ -48.47859, -21.85363 ], [ -48.47587, -21.85209 ], [ -48.47139, -21.85371 ], [ -48.46889, -21.85016 ], [ -48.47041, -21.84502 ], [ -48.46678, -21.84441 ], [ -48.46037, -21.85152 ], [ -48.45734, -21.85148 ], [ -48.45118, -21.84429 ], [ -48.44621, -21.85187 ], [ -48.44391, -21.85168 ], [ -48.44542, -21.84636 ], [ -48.44322, -21.84491 ], [ -48.44172, -21.84803 ], [ -48.43512, -21.84912 ], [ -48.43297, -21.85221 ], [ -48.42837, -21.8479 ], [ -48.43478, -21.84408 ], [ -48.42843, -21.84082 ], [ -48.42437, -21.83475 ], [ -48.42206, -21.84509 ], [ -48.41533, -21.84775 ], [ -48.41002, -21.85476 ], [ -48.39778, -21.85206 ], [ -48.39246, -21.85803 ], [ -48.37622, -21.85284 ], [ -48.37487, -21.85593 ], [ -48.37237, -21.85473 ], [ -48.37126, -21.85818 ], [ -48.3666, -21.85868 ], [ -48.36468, -21.85534 ], [ -48.35117, -21.85376 ], [ -48.34965, -21.85112 ], [ -48.34403, -21.85311 ], [ -48.34407, -21.8565 ], [ -48.34009, -21.85234 ], [ -48.33748, -21.85882 ], [ -48.33455, -21.85715 ], [ -48.33486, -21.85385 ], [ -48.3307, -21.85616 ], [ -48.32862, -21.86121 ], [ -48.32115, -21.85904 ], [ -48.3164, -21.86634 ], [ -48.30878, -21.8684 ], [ -48.30776, -21.87235 ], [ -48.29746, -21.86885 ], [ -48.29702, -21.86544 ], [ -48.2873, -21.87211 ], [ -48.28526, -21.86866 ], [ -48.28052, -21.86809 ], [ -48.28026, -21.86405 ], [ -48.27502, -21.86944 ], [ -48.26855, -21.86738 ], [ -48.26212, -21.87179 ], [ -48.26148, -21.87864 ], [ -48.25771, -21.88186 ], [ -48.25846, -21.88974 ], [ -48.25363, -21.89008 ], [ -48.25456, -21.8926 ], [ -48.25143, -21.89366 ], [ -48.24515, -21.89357 ], [ -48.24477, -21.89676 ], [ -48.24278, -21.89696 ], [ -48.23728, -21.91114 ], [ -48.23567, -21.9102 ], [ -48.23212, -21.91538 ], [ -48.23328, -21.9183 ], [ -48.23039, -21.92019 ], [ -48.22906, -21.92548 ], [ -48.22138, -21.92156 ], [ -48.21499, -21.92502 ], [ -48.21033, -21.9311 ], [ -48.20415, -21.92913 ], [ -48.20159, -21.9428 ], [ -48.1958, -21.9468 ], [ -48.1967, -21.95566 ], [ -48.19091, -21.95852 ], [ -48.18684, -21.96704 ], [ -48.18208, -21.96689 ], [ -48.18154, -21.9637 ], [ -48.1787, -21.96572 ], [ -48.17406, -21.96319 ], [ -48.17211, -21.96969 ], [ -48.16675, -21.97209 ], [ -48.14352, -21.9605 ], [ -48.12848, -21.9588 ], [ -48.11669, -21.96037 ], [ -48.10384, -21.95148 ], [ -48.09461, -21.95394 ], [ -48.07021, -21.95266 ], [ -48.06685, -21.94975 ], [ -48.06833, -21.94188 ], [ -48.064, -21.93285 ], [ -48.06478, -21.92722 ], [ -48.06039, -21.92077 ], [ -48.06802, -21.90511 ], [ -48.04647, -21.90475 ], [ -48.04748, -21.89323 ], [ -48.04004, -21.874 ], [ -48.04068, -21.865 ], [ -48.03839, -21.85899 ], [ -48.03377, -21.86008 ], [ -48.03254, -21.86815 ], [ -48.02506, -21.88006 ], [ -48.01352, -21.88724 ], [ -47.99842, -21.88271 ], [ -47.98889, -21.87619 ], [ -47.98902, -21.87232 ], [ -47.97641, -21.86854 ], [ -47.98083, -21.8635 ], [ -47.98146, -21.85849 ], [ -47.99211, -21.85845 ], [ -47.99162, -21.85099 ], [ -47.98517, -21.84275 ], [ -47.97428, -21.83711 ], [ -47.96922, -21.81997 ], [ -47.97148, -21.8081 ], [ -47.94727, -21.78283 ], [ -47.94604, -21.7777 ], [ -47.94691, -21.76587 ], [ -47.95255, -21.75392 ], [ -47.96729, -21.74064 ], [ -47.95758, -21.73195 ], [ -47.92253, -21.71984 ], [ -47.91686, -21.68612 ], [ -47.91034, -21.67803 ], [ -47.90135, -21.67594 ], [ -47.89243, -21.66187 ], [ -47.88021, -21.64979 ], [ -47.87297, -21.63926 ], [ -47.8709, -21.62839 ], [ -47.8593, -21.61609 ], [ -47.8624, -21.61438 ], [ -47.86428, -21.60658 ], [ -47.85669, -21.60807 ], [ -47.85382, -21.60417 ], [ -47.85806, -21.60125 ], [ -47.85294, -21.59685 ], [ -47.84964, -21.59941 ], [ -47.84528, -21.59815 ], [ -47.84002, -21.60632 ], [ -47.84041, -21.59996 ], [ -47.83681, -21.60417 ], [ -47.83025, -21.60073 ], [ -47.83447, -21.61066 ], [ -47.83365, -21.61403 ], [ -47.83084, -21.61561 ], [ -47.82532, -21.61196 ], [ -47.8181, -21.61461 ], [ -47.81703, -21.62506 ], [ -47.81087, -21.63115 ], [ -47.80496, -21.62982 ], [ -47.80182, -21.63155 ], [ -47.8021, -21.63484 ], [ -47.80666, -21.63524 ], [ -47.81198, -21.64818 ], [ -47.81771, -21.64652 ], [ -47.82568, -21.65321 ], [ -47.82558, -21.65669 ], [ -47.81681, -21.66205 ], [ -47.83024, -21.6688 ], [ -47.81204, -21.6789 ], [ -47.81181, -21.68829 ], [ -47.81689, -21.69533 ], [ -47.81352, -21.69808 ], [ -47.80757, -21.69877 ], [ -47.80229, -21.69471 ], [ -47.79587, -21.69428 ], [ -47.78665, -21.69947 ], [ -47.78116, -21.691 ], [ -47.76845, -21.69089 ], [ -47.75947, -21.69516 ], [ -47.75614, -21.69988 ], [ -47.74977, -21.70112 ], [ -47.74569, -21.70843 ], [ -47.73448, -21.71358 ], [ -47.72325, -21.70533 ], [ -47.70512, -21.72007 ], [ -47.68147, -21.71518 ], [ -47.67678, -21.72133 ], [ -47.67855, -21.7326 ], [ -47.67242, -21.73505 ], [ -47.66689, -21.74213 ], [ -47.64759, -21.7368 ], [ -47.6448, -21.72583 ], [ -47.63605, -21.72447 ], [ -47.63083, -21.72701 ], [ -47.63033, -21.73293 ], [ -47.62448, -21.73329 ], [ -47.62354, -21.73942 ], [ -47.61488, -21.75053 ], [ -47.61336, -21.7491 ], [ -47.61531, -21.74267 ], [ -47.60754, -21.74525 ], [ -47.59813, -21.73754 ], [ -47.58737, -21.73402 ], [ -47.5812, -21.74286 ], [ -47.58189, -21.75266 ], [ -47.57882, -21.76675 ], [ -47.57136, -21.77395 ], [ -47.56964, -21.78401 ], [ -47.5568, -21.78822 ], [ -47.54262, -21.8016 ], [ -47.53872, -21.80194 ], [ -47.53226, -21.79716 ], [ -47.5239, -21.80197 ], [ -47.52384, -21.81066 ], [ -47.53254, -21.81847 ], [ -47.54227, -21.82082 ], [ -47.55482, -21.83718 ], [ -47.55197, -21.84305 ], [ -47.54821, -21.84339 ], [ -47.55141, -21.85434 ], [ -47.54268, -21.86251 ], [ -47.50996, -21.88008 ], [ -47.515, -21.89656 ], [ -47.51526, -21.912 ], [ -47.52617, -21.92499 ], [ -47.51169, -21.93556 ], [ -47.52486, -21.94399 ], [ -47.53533, -21.95526 ], [ -47.54363, -21.9799 ], [ -47.5756, -21.98653 ], [ -47.58159, -21.9898 ], [ -47.5822, -21.99597 ], [ -47.57853, -22.00009 ], [ -47.57779, -22.00709 ], [ -47.57322, -22.01453 ], [ -47.57942, -22.02095 ], [ -47.58058, -22.03178 ], [ -47.59042, -22.03845 ], [ -47.60171, -22.0518 ], [ -47.60872, -22.0513 ], [ -47.61682, -22.04498 ], [ -47.6178, -22.04115 ], [ -47.62643, -22.04319 ], [ -47.63565, -22.05462 ], [ -47.64563, -22.05122 ], [ -47.65175, -22.05383 ], [ -47.65782, -22.0514 ], [ -47.66869, -22.03903 ], [ -47.66812, -22.03284 ], [ -47.67551, -22.0126 ], [ -47.69154, -22.02681 ], [ -47.69749, -22.02748 ], [ -47.70076, -22.03369 ], [ -47.72088, -22.03634 ], [ -47.73529, -22.04748 ], [ -47.73881, -22.05318 ], [ -47.74491, -22.05523 ], [ -47.74743, -22.06695 ], [ -47.74088, -22.07534 ], [ -47.74708, -22.07946 ], [ -47.75089, -22.07845 ], [ -47.75292, -22.08981 ], [ -47.76265, -22.0874 ], [ -47.77211, -22.09237 ], [ -47.77837, -22.09123 ], [ -47.78753, -22.09848 ], [ -47.78832, -22.11679 ], [ -47.80125, -22.1291 ], [ -47.80833, -22.1324 ], [ -47.81098, -22.14084 ], [ -47.80878, -22.14835 ], [ -47.81536, -22.15464 ], [ -47.81482, -22.16102 ], [ -47.82046, -22.15913 ], [ -47.82193, -22.15176 ], [ -47.83085, -22.1478 ], [ -47.84101, -22.1504 ], [ -47.84484, -22.15516 ], [ -47.85138, -22.15621 ], [ -47.857, -22.15589 ], [ -47.86187, -22.1503 ], [ -47.8736, -22.15804 ], [ -47.879, -22.15776 ], [ -47.88657, -22.15209 ], [ -47.88706, -22.15749 ], [ -47.89215, -22.15334 ], [ -47.89663, -22.15646 ], [ -47.89703, -22.15968 ], [ -47.91427, -22.14932 ], [ -47.91981, -22.15039 ], [ -47.92837, -22.13965 ], [ -47.92755, -22.1308 ], [ -47.93193, -22.12733 ], [ -47.93416, -22.12025 ], [ -47.94774, -22.11098 ], [ -47.96233, -22.11622 ], [ -47.96379, -22.11351 ], [ -47.9678, -22.114 ], [ -47.9707, -22.11807 ], [ -47.97497, -22.11821 ], [ -47.97563, -22.11427 ], [ -47.98162, -22.11269 ], [ -47.98283, -22.11605 ], [ -47.99292, -22.11576 ], [ -47.99869, -22.10956 ], [ -47.99915, -22.10337 ], [ -48.00348, -22.09886 ], [ -48.01092, -22.09622 ], [ -48.02399, -22.07834 ], [ -48.02712, -22.07638 ], [ -48.03711, -22.07736 ], [ -48.045, -22.07263 ], [ -48.04816, -22.07739 ], [ -48.04387, -22.08816 ], [ -48.0462, -22.10275 ], [ -48.04278, -22.1215 ], [ -48.04376, -22.12827 ], [ -48.05752, -22.14998 ], [ -48.06533, -22.14925 ], [ -48.08041, -22.15657 ], [ -48.09007, -22.16828 ], [ -48.10474, -22.17963 ], [ -48.11627, -22.17818 ], [ -48.11973, -22.18213 ], [ -48.13495, -22.1827 ], [ -48.13909, -22.17791 ], [ -48.15547, -22.17474 ], [ -48.17606, -22.16604 ], [ -48.18177, -22.15491 ], [ -48.19887, -22.14776 ], [ -48.20547, -22.15003 ], [ -48.20913, -22.15589 ], [ -48.21603, -22.15845 ], [ -48.24453, -22.15872 ], [ -48.25603, -22.15427 ], [ -48.25549, -22.16165 ], [ -48.24457, -22.17708 ], [ -48.25586, -22.17679 ], [ -48.27095, -22.18148 ], [ -48.27437, -22.19218 ], [ -48.28664, -22.1885 ], [ -48.29815, -22.1916 ], [ -48.30482, -22.19075 ], [ -48.31221, -22.19258 ], [ -48.31464, -22.19836 ] ] ] } },
{ "type": "Feature", "properties": { "rc": "RC 10.03", "uba": "Cajamar", "regional": "DR 10", "regional_cgr": "CGR 10" }, "geometry": { "type": "Polygon", "coordinates": [ [ [ -46.82179, -23.58417 ], [ -46.82645, -23.58069 ], [ -46.83024, -23.58093 ], [ -46.83452, -23.57641 ], [ -46.84407, -23.57712 ], [ -46.84395, -23.58263 ], [ -46.85336, -23.5827 ], [ -46.86061, -23.57699 ], [ -46.86739, -23.5762 ], [ -46.86743, -23.57295 ], [ -46.87066, -23.5728 ], [ -46.87339, -23.56936 ], [ -46.87561, -23.57071 ], [ -46.87561, -23.56107 ], [ -46.87085, -23.5607 ], [ -46.87228, -23.55407 ], [ -46.86348, -23.5545 ], [ -46.86042, -23.55025 ], [ -46.86224, -23.54726 ], [ -46.86054, -23.54468 ], [ -46.87258, -23.55038 ], [ -46.877, -23.54864 ], [ -46.88533, -23.55327 ], [ -46.88802, -23.55243 ], [ -46.89109, -23.54955 ], [ -46.89123, -23.54194 ], [ -46.89439, -23.53931 ], [ -46.89178, -23.53131 ], [ -46.89425, -23.52557 ], [ -46.89995, -23.52392 ], [ -46.90347, -23.51939 ], [ -46.90867, -23.5216 ], [ -46.91266, -23.52058 ], [ -46.91522, -23.51245 ], [ -46.92491, -23.51456 ], [ -46.93518, -23.51244 ], [ -46.94552, -23.50484 ], [ -46.95407, -23.50498 ], [ -46.96619, -23.49814 ], [ -46.96629, -23.5014 ], [ -46.97993, -23.50485 ], [ -46.98556, -23.50359 ], [ -46.9889, -23.50809 ], [ -47.00132, -23.50528 ], [ -47.01332, -23.48544 ], [ -47.01794, -23.48322 ], [ -47.01369, -23.47804 ], [ -47.01724, -23.47256 ], [ -47.01168, -23.46426 ], [ -47.01122, -23.46023 ], [ -47.01401, -23.45762 ], [ -47.01326, -23.4545 ], [ -47.01043, -23.45477 ], [ -47.0123, -23.44816 ], [ -47.01056, -23.4457 ], [ -47.01557, -23.444 ], [ -47.01679, -23.4457 ], [ -47.02422, -23.44075 ], [ -47.02934, -23.44246 ], [ -47.0376, -23.4355 ], [ -47.03535, -23.42687 ], [ -47.03834, -23.4228 ], [ -47.04055, -23.42334 ], [ -47.04134, -23.41774 ], [ -47.03724, -23.4113 ], [ -47.03968, -23.40936 ], [ -47.03705, -23.40653 ], [ -47.0394, -23.40341 ], [ -47.03594, -23.39858 ], [ -47.03813, -23.39341 ], [ -47.04084, -23.39268 ], [ -47.04241, -23.38613 ], [ -47.03674, -23.37849 ], [ -47.0304, -23.37841 ], [ -47.02887, -23.37491 ], [ -47.0307, -23.37109 ], [ -47.0385, -23.36854 ], [ -47.03954, -23.35837 ], [ -47.0436, -23.35114 ], [ -47.05712, -23.35673 ], [ -47.06607, -23.35401 ], [ -47.06563, -23.35737 ], [ -47.07087, -23.35856 ], [ -47.08178, -23.35713 ], [ -47.08707, -23.35267 ], [ -47.09094, -23.35455 ], [ -47.09213, -23.36208 ], [ -47.09613, -23.36719 ], [ -47.09412, -23.37059 ], [ -47.10192, -23.36897 ], [ -47.10516, -23.37085 ], [ -47.10077, -23.38629 ], [ -47.09063, -23.38583 ], [ -47.08158, -23.38071 ], [ -47.08072, -23.38698 ], [ -47.08369, -23.3908 ], [ -47.08047, -23.39396 ], [ -47.08297, -23.40097 ], [ -47.09039, -23.40244 ], [ -47.09576, -23.39782 ], [ -47.1008, -23.40405 ], [ -47.10547, -23.40117 ], [ -47.12203, -23.40259 ], [ -47.11924, -23.39065 ], [ -47.12032, -23.38268 ], [ -47.1169, -23.38136 ], [ -47.11771, -23.37572 ], [ -47.12095, -23.37529 ], [ -47.12887, -23.38124 ], [ -47.13226, -23.38132 ], [ -47.13151, -23.37448 ], [ -47.1377, -23.36867 ], [ -47.13655, -23.35818 ], [ -47.1419, -23.34845 ], [ -47.15766, -23.34261 ], [ -47.16492, -23.34239 ], [ -47.17087, -23.33722 ], [ -47.16972, -23.33435 ], [ -47.17356, -23.32521 ], [ -47.16428, -23.32322 ], [ -47.16147, -23.32033 ], [ -47.16642, -23.31202 ], [ -47.16163, -23.31106 ], [ -47.16113, -23.30733 ], [ -47.16751, -23.30171 ], [ -47.16813, -23.29359 ], [ -47.17985, -23.29326 ], [ -47.18602, -23.28454 ], [ -47.19115, -23.2696 ], [ -47.19063, -23.24581 ], [ -47.18531, -23.24858 ], [ -47.18215, -23.24773 ], [ -47.17602, -23.25663 ], [ -47.14684, -23.25537 ], [ -47.12896, -23.24354 ], [ -47.12089, -23.22863 ], [ -47.10936, -23.22517 ], [ -47.10736, -23.22251 ], [ -47.09923, -23.22181 ], [ -47.09472, -23.22482 ], [ -47.09197, -23.23414 ], [ -47.08808, -23.23677 ], [ -47.07807, -23.23358 ], [ -47.06799, -23.23682 ], [ -47.05419, -23.23709 ], [ -47.04835, -23.2416 ], [ -47.04524, -23.24097 ], [ -47.04354, -23.23696 ], [ -47.03905, -23.23793 ], [ -47.0312, -23.235 ], [ -47.0282, -23.23627 ], [ -47.02655, -23.24715 ], [ -47.01736, -23.24963 ], [ -47.01413, -23.26285 ], [ -47.01112, -23.26653 ], [ -47.00363, -23.26769 ], [ -46.98971, -23.2594 ], [ -46.9807, -23.26154 ], [ -46.97666, -23.25966 ], [ -46.96977, -23.26082 ], [ -46.97083, -23.26864 ], [ -46.9612, -23.27031 ], [ -46.96743, -23.27703 ], [ -46.96299, -23.28399 ], [ -46.96666, -23.29051 ], [ -46.96548, -23.29501 ], [ -46.97196, -23.3015 ], [ -46.96732, -23.30574 ], [ -46.96972, -23.31733 ], [ -46.96764, -23.32053 ], [ -46.96059, -23.32212 ], [ -46.95862, -23.32734 ], [ -46.95062, -23.32396 ], [ -46.94891, -23.32599 ], [ -46.94522, -23.32496 ], [ -46.94133, -23.32001 ], [ -46.93884, -23.32327 ], [ -46.93087, -23.31154 ], [ -46.92249, -23.3078 ], [ -46.91802, -23.31051 ], [ -46.9154, -23.30809 ], [ -46.9018, -23.30745 ], [ -46.90088, -23.30505 ], [ -46.88988, -23.29964 ], [ -46.88525, -23.29023 ], [ -46.88146, -23.28889 ], [ -46.87586, -23.29087 ], [ -46.8763, -23.28476 ], [ -46.86967, -23.28216 ], [ -46.86749, -23.27791 ], [ -46.84996, -23.28559 ], [ -46.8444, -23.28198 ], [ -46.83853, -23.28797 ], [ -46.835, -23.28637 ], [ -46.83494, -23.28036 ], [ -46.83211, -23.27877 ], [ -46.81469, -23.28228 ], [ -46.81475, -23.27697 ], [ -46.80578, -23.27479 ], [ -46.80651, -23.27267 ], [ -46.8032, -23.27041 ], [ -46.80304, -23.2573 ], [ -46.7934, -23.26115 ], [ -46.79164, -23.26732 ], [ -46.78395, -23.26556 ], [ -46.78402, -23.26085 ], [ -46.77873, -23.25654 ], [ -46.77238, -23.2597 ], [ -46.76653, -23.25928 ], [ -46.75678, -23.25354 ], [ -46.75207, -23.2554 ], [ -46.74674, -23.25067 ], [ -46.73278, -23.25437 ], [ -46.72413, -23.25003 ], [ -46.71741, -23.25377 ], [ -46.70551, -23.25133 ], [ -46.69805, -23.25341 ], [ -46.69818, -23.25653 ], [ -46.6937, -23.25909 ], [ -46.68335, -23.25715 ], [ -46.67567, -23.26168 ], [ -46.67092, -23.2563 ], [ -46.6526, -23.26043 ], [ -46.64378, -23.25529 ], [ -46.62966, -23.25906 ], [ -46.62643, -23.25618 ], [ -46.62279, -23.2567 ], [ -46.62199, -23.24239 ], [ -46.61763, -23.24029 ], [ -46.61553, -23.22753 ], [ -46.60981, -23.22578 ], [ -46.60529, -23.22844 ], [ -46.60412, -23.23514 ], [ -46.59374, -23.23652 ], [ -46.57532, -23.23252 ], [ -46.56363, -23.23652 ], [ -46.55354, -23.23622 ], [ -46.54625, -23.24135 ], [ -46.5396, -23.23974 ], [ -46.52903, -23.24152 ], [ -46.52383, -23.23805 ], [ -46.51541, -23.23747 ], [ -46.51422, -23.25014 ], [ -46.50309, -23.24791 ], [ -46.49992, -23.25276 ], [ -46.49185, -23.25522 ], [ -46.47277, -23.27662 ], [ -46.47084, -23.28263 ], [ -46.46066, -23.27804 ], [ -46.46187, -23.27241 ], [ -46.45941, -23.27031 ], [ -46.45404, -23.27308 ], [ -46.44792, -23.27 ], [ -46.43977, -23.27341 ], [ -46.43433, -23.2796 ], [ -46.43743, -23.28452 ], [ -46.42728, -23.29197 ], [ -46.42594, -23.30182 ], [ -46.41848, -23.31629 ], [ -46.41052, -23.30576 ], [ -46.41225, -23.30191 ], [ -46.40276, -23.29909 ], [ -46.40029, -23.28913 ], [ -46.39663, -23.28598 ], [ -46.38745, -23.2869 ], [ -46.38146, -23.27803 ], [ -46.37611, -23.2783 ], [ -46.36537, -23.27381 ], [ -46.36222, -23.27622 ], [ -46.36183, -23.28276 ], [ -46.35621, -23.28943 ], [ -46.35824, -23.29208 ], [ -46.35545, -23.2983 ], [ -46.35878, -23.30523 ], [ -46.35535, -23.31009 ], [ -46.35819, -23.3172 ], [ -46.35688, -23.3215 ], [ -46.35044, -23.32897 ], [ -46.3368, -23.32907 ], [ -46.33603, -23.33296 ], [ -46.34031, -23.33556 ], [ -46.347, -23.34781 ], [ -46.37215, -23.36763 ], [ -46.36998, -23.37845 ], [ -46.37287, -23.38599 ], [ -46.36861, -23.39419 ], [ -46.37681, -23.39706 ], [ -46.37763, -23.4017 ], [ -46.37095, -23.41241 ], [ -46.36682, -23.43011 ], [ -46.35845, -23.43725 ], [ -46.35987, -23.43854 ], [ -46.36383, -23.43514 ], [ -46.36729, -23.43751 ], [ -46.37203, -23.43271 ], [ -46.37695, -23.43293 ], [ -46.37895, -23.43912 ], [ -46.38334, -23.44053 ], [ -46.38436, -23.44513 ], [ -46.38879, -23.44513 ], [ -46.39094, -23.44884 ], [ -46.39726, -23.44636 ], [ -46.38681, -23.47455 ], [ -46.38792, -23.48174 ], [ -46.39241, -23.48053 ], [ -46.39733, -23.48407 ], [ -46.39987, -23.48294 ], [ -46.40129, -23.48676 ], [ -46.40581, -23.48594 ], [ -46.40468, -23.47816 ], [ -46.41032, -23.47488 ], [ -46.40798, -23.47246 ], [ -46.41066, -23.47033 ], [ -46.4147, -23.47399 ], [ -46.42723, -23.47199 ], [ -46.43116, -23.47776 ], [ -46.43606, -23.4757 ], [ -46.43577, -23.47851 ], [ -46.46069, -23.48283 ], [ -46.4767, -23.47782 ], [ -46.50146, -23.47599 ], [ -46.52213, -23.48403 ], [ -46.5452, -23.50539 ], [ -46.55183, -23.50504 ], [ -46.55556, -23.51002 ], [ -46.56213, -23.49994 ], [ -46.55958, -23.49276 ], [ -46.56056, -23.475 ], [ -46.57069, -23.45667 ], [ -46.56463, -23.43596 ], [ -46.56812, -23.43275 ], [ -46.56562, -23.42754 ], [ -46.56664, -23.41566 ], [ -46.55644, -23.4096 ], [ -46.55603, -23.40355 ], [ -46.55845, -23.39918 ], [ -46.54568, -23.3869 ], [ -46.54514, -23.37634 ], [ -46.53703, -23.36996 ], [ -46.53741, -23.36566 ], [ -46.53479, -23.36293 ], [ -46.54554, -23.3577 ], [ -46.55169, -23.35737 ], [ -46.55543, -23.36406 ], [ -46.56505, -23.37059 ], [ -46.56865, -23.37582 ], [ -46.58012, -23.37325 ], [ -46.5852, -23.38045 ], [ -46.60067, -23.38837 ], [ -46.59873, -23.39436 ], [ -46.60574, -23.39768 ], [ -46.61243, -23.40518 ], [ -46.6114, -23.40975 ], [ -46.61426, -23.41263 ], [ -46.61291, -23.41733 ], [ -46.62322, -23.41666 ], [ -46.62143, -23.42225 ], [ -46.62734, -23.42319 ], [ -46.63413, -23.42927 ], [ -46.639, -23.42718 ], [ -46.65614, -23.43095 ], [ -46.66855, -23.41931 ], [ -46.67699, -23.4152 ], [ -46.68428, -23.41923 ], [ -46.6861, -23.42694 ], [ -46.69216, -23.42348 ], [ -46.69893, -23.42379 ], [ -46.70012, -23.41838 ], [ -46.70838, -23.41645 ], [ -46.71008, -23.40717 ], [ -46.71733, -23.40314 ], [ -46.72225, -23.39604 ], [ -46.73146, -23.3933 ], [ -46.73558, -23.38856 ], [ -46.75162, -23.39008 ], [ -46.75561, -23.3865 ], [ -46.76409, -23.3847 ], [ -46.76757, -23.3891 ], [ -46.76973, -23.38837 ], [ -46.77005, -23.39338 ], [ -46.77281, -23.39404 ], [ -46.77026, -23.39452 ], [ -46.77058, -23.39705 ], [ -46.7835, -23.39873 ], [ -46.78242, -23.40318 ], [ -46.78545, -23.40469 ], [ -46.79175, -23.40231 ], [ -46.7927, -23.39964 ], [ -46.79929, -23.40251 ], [ -46.79847, -23.39903 ], [ -46.80249, -23.39472 ], [ -46.80784, -23.39956 ], [ -46.81798, -23.39937 ], [ -46.82122, -23.40211 ], [ -46.82232, -23.40037 ], [ -46.82464, -23.40404 ], [ -46.82574, -23.40918 ], [ -46.81942, -23.4179 ], [ -46.82344, -23.42249 ], [ -46.81158, -23.43628 ], [ -46.80841, -23.45189 ], [ -46.80516, -23.46136 ], [ -46.7999, -23.46794 ], [ -46.79851, -23.47657 ], [ -46.80275, -23.47884 ], [ -46.79993, -23.48456 ], [ -46.80436, -23.48592 ], [ -46.80667, -23.49306 ], [ -46.81196, -23.49839 ], [ -46.80848, -23.50992 ], [ -46.81781, -23.52033 ], [ -46.8177, -23.53724 ], [ -46.82225, -23.54882 ], [ -46.81974, -23.5541 ], [ -46.82076, -23.55856 ], [ -46.81437, -23.56909 ], [ -46.81722, -23.58169 ], [ -46.82179, -23.58417 ] ] ] } },
{ "type": "Feature", "properties": { "rc": "RC 07.01", "uba": "Assis", "regional": "DR 07", "regional_cgr": "CGR 07" }, "geometry": { "type": "Polygon", "coordinates": [ [ [ -49.85276, -23.07436 ], [ -49.85942, -23.07126 ], [ -49.86916, -23.07188 ], [ -49.8796, -23.05989 ], [ -49.88311, -23.06463 ], [ -49.88833, -23.06522 ], [ -49.899, -23.05464 ], [ -49.91242, -23.05194 ], [ -49.91619, -23.03443 ], [ -49.91071, -23.0161 ], [ -49.90161, -23.00771 ], [ -49.9004, -23.00041 ], [ -49.91301, -22.99037 ], [ -49.91967, -22.99006 ], [ -49.93002, -22.98281 ], [ -49.95432, -22.97826 ], [ -49.97087, -22.96338 ], [ -49.97375, -22.95468 ], [ -49.96683, -22.94771 ], [ -49.96123, -22.92742 ], [ -49.9653, -22.91491 ], [ -49.98417, -22.89851 ], [ -49.99558, -22.89819 ], [ -49.9984, -22.90054 ], [ -49.98995, -22.92342 ], [ -49.99464, -22.92974 ], [ -50.00779, -22.92718 ], [ -50.0159, -22.91028 ], [ -50.03617, -22.90927 ], [ -50.04726, -22.90141 ], [ -50.05274, -22.90598 ], [ -50.06181, -22.92354 ], [ -50.06908, -22.92807 ], [ -50.07353, -22.92743 ], [ -50.08075, -22.92194 ], [ -50.09182, -22.92232 ], [ -50.11894, -22.94115 ], [ -50.13048, -22.94129 ], [ -50.15167, -22.93533 ], [ -50.16714, -22.94804 ], [ -50.17475, -22.94877 ], [ -50.18321, -22.95415 ], [ -50.19382, -22.95075 ], [ -50.20364, -22.95224 ], [ -50.21854, -22.94732 ], [ -50.22864, -22.95303 ], [ -50.23885, -22.95425 ], [ -50.24447, -22.95118 ], [ -50.24768, -22.93816 ], [ -50.26223, -22.93604 ], [ -50.27303, -22.93115 ], [ -50.2837, -22.93822 ], [ -50.29948, -22.93828 ], [ -50.30515, -22.94639 ], [ -50.30961, -22.94839 ], [ -50.32314, -22.95144 ], [ -50.33803, -22.94968 ], [ -50.34102, -22.94713 ], [ -50.34599, -22.93354 ], [ -50.359, -22.9233 ], [ -50.35896, -22.91586 ], [ -50.37934, -22.90538 ], [ -50.39838, -22.90734 ], [ -50.41858, -22.91387 ], [ -50.42037, -22.91759 ], [ -50.41835, -22.93318 ], [ -50.4278, -22.94604 ], [ -50.43247, -22.9466 ], [ -50.44704, -22.9416 ], [ -50.45978, -22.94545 ], [ -50.48569, -22.93678 ], [ -50.50806, -22.94586 ], [ -50.52523, -22.9381 ], [ -50.53021, -22.92048 ], [ -50.54089, -22.91125 ], [ -50.55711, -22.9109 ], [ -50.57027, -22.90393 ], [ -50.57629, -22.90355 ], [ -50.58536, -22.90721 ], [ -50.60466, -22.92295 ], [ -50.61, -22.92461 ], [ -50.61864, -22.91327 ], [ -50.63779, -22.90631 ], [ -50.651, -22.89663 ], [ -50.66145, -22.8957 ], [ -50.67323, -22.89897 ], [ -50.6804, -22.90475 ], [ -50.69611, -22.92722 ], [ -50.71155, -22.95513 ], [ -50.73722, -22.96377 ], [ -50.74459, -22.96117 ], [ -50.75263, -22.95022 ], [ -50.76108, -22.94781 ], [ -50.77746, -22.94628 ], [ -50.79558, -22.95166 ], [ -50.80357, -22.94775 ], [ -50.80622, -22.93979 ], [ -50.79935, -22.926 ], [ -50.79275, -22.9041 ], [ -50.79334, -22.8944 ], [ -50.79702, -22.88865 ], [ -50.81226, -22.88266 ], [ -50.82133, -22.87483 ], [ -50.82274, -22.86798 ], [ -50.83056, -22.86295 ], [ -50.8344, -22.85726 ], [ -50.84105, -22.8352 ], [ -50.8581, -22.81643 ], [ -50.89301, -22.79455 ], [ -50.92349, -22.79599 ], [ -50.93782, -22.80502 ], [ -50.94455, -22.80452 ], [ -50.94926, -22.80196 ], [ -50.95837, -22.78844 ], [ -50.97017, -22.78298 ], [ -50.98236, -22.78124 ], [ -50.97855, -22.77948 ], [ -50.98029, -22.77781 ], [ -50.97756, -22.77369 ], [ -50.98075, -22.76784 ], [ -50.9776, -22.76617 ], [ -50.97793, -22.76823 ], [ -50.97228, -22.76854 ], [ -50.96737, -22.76424 ], [ -50.96703, -22.76905 ], [ -50.96444, -22.77063 ], [ -50.96378, -22.76549 ], [ -50.9592, -22.76307 ], [ -50.96317, -22.76266 ], [ -50.96308, -22.75721 ], [ -50.96768, -22.75633 ], [ -50.96117, -22.7494 ], [ -50.96188, -22.74682 ], [ -50.95748, -22.75023 ], [ -50.95181, -22.75006 ], [ -50.95364, -22.75215 ], [ -50.95154, -22.75527 ], [ -50.9488, -22.75144 ], [ -50.9504, -22.74614 ], [ -50.94681, -22.74965 ], [ -50.9393, -22.74992 ], [ -50.9412, -22.74457 ], [ -50.93826, -22.74008 ], [ -50.94377, -22.74026 ], [ -50.94467, -22.73634 ], [ -50.94244, -22.73198 ], [ -50.94508, -22.72844 ], [ -50.93837, -22.73081 ], [ -50.93902, -22.72778 ], [ -50.93401, -22.72503 ], [ -50.9408, -22.72069 ], [ -50.93751, -22.71326 ], [ -50.93803, -22.7106 ], [ -50.94259, -22.71087 ], [ -50.94522, -22.70835 ], [ -50.94235, -22.70604 ], [ -50.94241, -22.70257 ], [ -50.94851, -22.70078 ], [ -50.95285, -22.69449 ], [ -50.94937, -22.6884 ], [ -50.94599, -22.68741 ], [ -50.95001, -22.68445 ], [ -50.94919, -22.6775 ], [ -50.94334, -22.67295 ], [ -50.94266, -22.66877 ], [ -50.93282, -22.67221 ], [ -50.93007, -22.66914 ], [ -50.93164, -22.66607 ], [ -50.92529, -22.66414 ], [ -50.92817, -22.66125 ], [ -50.92349, -22.65576 ], [ -50.92669, -22.65158 ], [ -50.92309, -22.64998 ], [ -50.92592, -22.64614 ], [ -50.92321, -22.64272 ], [ -50.91495, -22.64821 ], [ -50.91122, -22.6443 ], [ -50.91061, -22.63859 ], [ -50.90525, -22.63743 ], [ -50.89767, -22.64455 ], [ -50.89881, -22.64859 ], [ -50.89464, -22.6497 ], [ -50.89415, -22.65247 ], [ -50.88894, -22.65588 ], [ -50.8829, -22.6528 ], [ -50.88626, -22.65122 ], [ -50.88358, -22.64897 ], [ -50.86896, -22.65584 ], [ -50.86619, -22.66111 ], [ -50.86459, -22.65468 ], [ -50.8604, -22.66013 ], [ -50.85553, -22.65467 ], [ -50.85313, -22.65518 ], [ -50.85071, -22.6607 ], [ -50.84652, -22.66064 ], [ -50.84413, -22.65713 ], [ -50.84015, -22.6591 ], [ -50.83918, -22.65482 ], [ -50.83314, -22.65861 ], [ -50.83335, -22.65405 ], [ -50.82886, -22.65131 ], [ -50.82694, -22.64751 ], [ -50.82919, -22.64599 ], [ -50.82446, -22.64154 ], [ -50.81869, -22.64399 ], [ -50.81453, -22.63869 ], [ -50.81061, -22.63831 ], [ -50.81459, -22.63523 ], [ -50.81389, -22.63051 ], [ -50.82084, -22.62272 ], [ -50.80971, -22.62456 ], [ -50.80933, -22.61977 ], [ -50.80101, -22.6177 ], [ -50.80251, -22.61233 ], [ -50.7863, -22.59583 ], [ -50.78066, -22.5936 ], [ -50.77137, -22.59588 ], [ -50.76989, -22.58141 ], [ -50.75647, -22.58046 ], [ -50.74795, -22.58492 ], [ -50.73729, -22.58256 ], [ -50.73058, -22.56723 ], [ -50.71367, -22.56192 ], [ -50.70886, -22.55054 ], [ -50.69148, -22.5469 ], [ -50.69053, -22.53872 ], [ -50.68035, -22.53064 ], [ -50.67288, -22.51072 ], [ -50.657, -22.5107 ], [ -50.66077, -22.53002 ], [ -50.64019, -22.56244 ], [ -50.63682, -22.56233 ], [ -50.632, -22.55781 ], [ -50.63323, -22.55462 ], [ -50.63075, -22.55263 ], [ -50.62496, -22.55314 ], [ -50.62284, -22.54799 ], [ -50.61901, -22.55051 ], [ -50.61837, -22.54642 ], [ -50.61503, -22.5493 ], [ -50.6095, -22.54375 ], [ -50.6064, -22.54785 ], [ -50.59961, -22.55037 ], [ -50.57837, -22.58073 ], [ -50.52821, -22.59119 ], [ -50.5146, -22.60401 ], [ -50.50613, -22.60682 ], [ -50.49993, -22.60537 ], [ -50.49146, -22.58279 ], [ -50.48059, -22.57419 ], [ -50.45874, -22.55021 ], [ -50.45968, -22.5292 ], [ -50.45397, -22.52456 ], [ -50.43382, -22.52681 ], [ -50.42922, -22.51993 ], [ -50.41525, -22.52057 ], [ -50.41339, -22.51859 ], [ -50.42027, -22.50324 ], [ -50.41833, -22.49755 ], [ -50.43087, -22.49138 ], [ -50.44104, -22.4899 ], [ -50.4499, -22.45877 ], [ -50.41792, -22.45526 ], [ -50.41096, -22.44785 ], [ -50.39832, -22.44424 ], [ -50.3825, -22.45395 ], [ -50.37345, -22.46748 ], [ -50.36084, -22.47103 ], [ -50.35041, -22.47786 ], [ -50.34352, -22.48766 ], [ -50.34411, -22.49115 ], [ -50.3414, -22.49526 ], [ -50.33106, -22.50599 ], [ -50.32846, -22.52572 ], [ -50.32143, -22.53404 ], [ -50.3207, -22.54207 ], [ -50.31453, -22.54689 ], [ -50.3012, -22.5446 ], [ -50.2964, -22.55175 ], [ -50.27926, -22.55551 ], [ -50.26375, -22.56197 ], [ -50.26124, -22.55806 ], [ -50.25211, -22.55347 ], [ -50.24324, -22.54358 ], [ -50.24311, -22.53947 ], [ -50.23486, -22.5328 ], [ -50.23305, -22.52459 ], [ -50.2298, -22.52435 ], [ -50.21774, -22.52997 ], [ -50.20088, -22.54323 ], [ -50.18679, -22.54712 ], [ -50.1837, -22.55735 ], [ -50.17396, -22.56914 ], [ -50.16865, -22.58573 ], [ -50.16933, -22.5922 ], [ -50.16355, -22.59244 ], [ -50.15529, -22.58869 ], [ -50.13899, -22.57361 ], [ -50.13059, -22.58177 ], [ -50.12186, -22.58602 ], [ -50.10124, -22.61022 ], [ -50.10258, -22.623 ], [ -50.09633, -22.62625 ], [ -50.09246, -22.63573 ], [ -50.09259, -22.64149 ], [ -50.10351, -22.65717 ], [ -50.10885, -22.66981 ], [ -50.10739, -22.67905 ], [ -50.10331, -22.68226 ], [ -50.08928, -22.68449 ], [ -50.07831, -22.69224 ], [ -50.06083, -22.70899 ], [ -50.0501, -22.72336 ], [ -50.04281, -22.72236 ], [ -50.03811, -22.72427 ], [ -50.03342, -22.74518 ], [ -50.02246, -22.74664 ], [ -50.02024, -22.75036 ], [ -50.02236, -22.75732 ], [ -50.01964, -22.76097 ], [ -50.02233, -22.76354 ], [ -50.02156, -22.77338 ], [ -50.02416, -22.77889 ], [ -50.01014, -22.78397 ], [ -50.00024, -22.77114 ], [ -49.99706, -22.75544 ], [ -49.99189, -22.74749 ], [ -49.98289, -22.72045 ], [ -49.97336, -22.7118 ], [ -49.9722, -22.68421 ], [ -49.9586, -22.68359 ], [ -49.95166, -22.67923 ], [ -49.94492, -22.68054 ], [ -49.93368, -22.67813 ], [ -49.92496, -22.67475 ], [ -49.91387, -22.66329 ], [ -49.90775, -22.66811 ], [ -49.90269, -22.66662 ], [ -49.90042, -22.66207 ], [ -49.89065, -22.65486 ], [ -49.89208, -22.64881 ], [ -49.88647, -22.63995 ], [ -49.8901, -22.63281 ], [ -49.89015, -22.62695 ], [ -49.88587, -22.60647 ], [ -49.89194, -22.60008 ], [ -49.88673, -22.591 ], [ -49.88927, -22.57399 ], [ -49.88747, -22.56235 ], [ -49.89248, -22.54874 ], [ -49.88776, -22.54106 ], [ -49.88616, -22.53291 ], [ -49.88831, -22.52209 ], [ -49.88527, -22.50532 ], [ -49.86478, -22.51262 ], [ -49.85346, -22.51205 ], [ -49.84913, -22.51658 ], [ -49.85036, -22.52271 ], [ -49.84057, -22.5221 ], [ -49.83443, -22.51889 ], [ -49.82489, -22.52507 ], [ -49.81849, -22.52625 ], [ -49.78632, -22.50375 ], [ -49.77251, -22.50104 ], [ -49.76596, -22.50804 ], [ -49.76478, -22.51607 ], [ -49.7594, -22.51739 ], [ -49.75966, -22.52764 ], [ -49.75733, -22.52979 ], [ -49.75447, -22.52847 ], [ -49.75398, -22.53365 ], [ -49.74818, -22.53998 ], [ -49.74758, -22.5568 ], [ -49.74238, -22.56243 ], [ -49.73527, -22.57778 ], [ -49.73653, -22.58798 ], [ -49.72936, -22.59773 ], [ -49.70694, -22.61845 ], [ -49.70526, -22.62474 ], [ -49.70242, -22.62326 ], [ -49.7008, -22.61208 ], [ -49.69269, -22.60694 ], [ -49.68805, -22.60055 ], [ -49.67849, -22.60461 ], [ -49.66091, -22.60737 ], [ -49.65108, -22.62084 ], [ -49.64268, -22.62055 ], [ -49.63551, -22.62523 ], [ -49.6288, -22.62339 ], [ -49.62922, -22.62773 ], [ -49.62596, -22.63062 ], [ -49.62778, -22.63609 ], [ -49.62506, -22.64919 ], [ -49.60688, -22.66269 ], [ -49.59844, -22.66454 ], [ -49.59642, -22.66844 ], [ -49.60228, -22.6753 ], [ -49.59946, -22.68218 ], [ -49.6062, -22.68664 ], [ -49.60488, -22.69275 ], [ -49.60951, -22.69918 ], [ -49.60831, -22.7017 ], [ -49.60332, -22.70058 ], [ -49.60141, -22.70241 ], [ -49.60665, -22.70598 ], [ -49.60666, -22.71046 ], [ -49.59743, -22.70979 ], [ -49.59498, -22.71219 ], [ -49.60484, -22.71904 ], [ -49.61231, -22.71237 ], [ -49.61795, -22.71231 ], [ -49.62179, -22.71793 ], [ -49.62257, -22.72432 ], [ -49.62613, -22.72584 ], [ -49.62415, -22.73015 ], [ -49.62776, -22.73314 ], [ -49.63378, -22.73196 ], [ -49.63657, -22.73375 ], [ -49.63604, -22.73696 ], [ -49.63149, -22.73901 ], [ -49.63471, -22.74541 ], [ -49.64064, -22.74623 ], [ -49.63651, -22.75054 ], [ -49.64225, -22.75461 ], [ -49.64368, -22.75914 ], [ -49.64909, -22.75778 ], [ -49.65041, -22.76408 ], [ -49.65563, -22.75964 ], [ -49.66334, -22.75927 ], [ -49.66478, -22.76402 ], [ -49.6696, -22.76684 ], [ -49.67108, -22.75996 ], [ -49.67451, -22.75876 ], [ -49.67671, -22.76428 ], [ -49.6817, -22.76708 ], [ -49.67879, -22.76875 ], [ -49.67971, -22.7719 ], [ -49.67692, -22.77491 ], [ -49.6847, -22.77836 ], [ -49.68746, -22.78305 ], [ -49.70054, -22.78239 ], [ -49.71114, -22.77741 ], [ -49.71142, -22.78351 ], [ -49.71643, -22.78042 ], [ -49.71766, -22.78506 ], [ -49.72585, -22.79053 ], [ -49.7326, -22.78749 ], [ -49.73241, -22.78383 ], [ -49.73493, -22.78168 ], [ -49.73335, -22.77357 ], [ -49.73669, -22.77175 ], [ -49.74746, -22.78129 ], [ -49.74445, -22.7923 ], [ -49.75217, -22.79762 ], [ -49.74734, -22.80114 ], [ -49.75925, -22.80129 ], [ -49.75748, -22.81368 ], [ -49.75985, -22.81724 ], [ -49.75929, -22.82174 ], [ -49.76468, -22.82583 ], [ -49.7613, -22.83286 ], [ -49.77132, -22.83653 ], [ -49.77183, -22.84227 ], [ -49.77797, -22.84452 ], [ -49.77647, -22.85064 ], [ -49.77142, -22.85303 ], [ -49.78, -22.86066 ], [ -49.77445, -22.86646 ], [ -49.7805, -22.87009 ], [ -49.77461, -22.88857 ], [ -49.76886, -22.89191 ], [ -49.76391, -22.89061 ], [ -49.76333, -22.92229 ], [ -49.76525, -22.92802 ], [ -49.76298, -22.9354 ], [ -49.76348, -22.96953 ], [ -49.77301, -22.97764 ], [ -49.77451, -22.97261 ], [ -49.78065, -22.97318 ], [ -49.79401, -22.96783 ], [ -49.79802, -22.97333 ], [ -49.795, -22.97703 ], [ -49.80499, -22.9954 ], [ -49.80559, -23.00161 ], [ -49.81549, -23.00689 ], [ -49.81522, -23.01202 ], [ -49.82739, -23.02368 ], [ -49.82796, -23.03057 ], [ -49.83598, -23.04276 ], [ -49.83695, -23.04653 ], [ -49.83262, -23.06028 ], [ -49.83484, -23.06725 ], [ -49.85276, -23.07436 ] ] ] } },
{ "type": "Feature", "properties": { "rc": "RC 02.03", "uba": "Piedade", "regional": "DR 02", "regional_cgr": "CGR 02" }, "geometry": { "type": "Polygon", "coordinates": [ [ [ -47.79212, -24.13482 ], [ -47.7988, -24.13327 ], [ -47.80254, -24.13495 ], [ -47.80938, -24.13028 ], [ -47.81739, -24.13354 ], [ -47.82819, -24.13267 ], [ -47.8312, -24.12751 ], [ -47.82916, -24.12406 ], [ -47.83075, -24.12087 ], [ -47.83809, -24.11858 ], [ -47.84576, -24.11931 ], [ -47.85041, -24.11574 ], [ -47.85191, -24.12001 ], [ -47.85812, -24.12263 ], [ -47.86331, -24.11248 ], [ -47.85574, -24.10317 ], [ -47.86164, -24.0885 ], [ -47.8672, -24.08619 ], [ -47.86777, -24.07562 ], [ -47.87413, -24.07496 ], [ -47.87335, -24.07725 ], [ -47.87611, -24.08031 ], [ -47.87972, -24.08068 ], [ -47.89382, -24.07714 ], [ -47.89941, -24.07331 ], [ -47.90331, -24.0743 ], [ -47.90694, -24.06965 ], [ -47.90532, -24.06515 ], [ -47.89789, -24.06426 ], [ -47.89666, -24.06153 ], [ -47.89243, -24.06466 ], [ -47.89077, -24.06235 ], [ -47.88538, -24.0637 ], [ -47.88114, -24.06025 ], [ -47.88963, -24.05737 ], [ -47.8886, -24.04796 ], [ -47.88016, -24.05111 ], [ -47.87333, -24.05026 ], [ -47.86809, -24.04277 ], [ -47.87026, -24.03945 ], [ -47.86828, -24.03574 ], [ -47.869, -24.02915 ], [ -47.86284, -24.03328 ], [ -47.8595, -24.02438 ], [ -47.85412, -24.02407 ], [ -47.85156, -24.02105 ], [ -47.85261, -24.01724 ], [ -47.85722, -24.01525 ], [ -47.85763, -24.01081 ], [ -47.86219, -24.01102 ], [ -47.86092, -24.00778 ], [ -47.86328, -24.00273 ], [ -47.85386, -23.99411 ], [ -47.84356, -23.98892 ], [ -47.83155, -23.9894 ], [ -47.82353, -23.98686 ], [ -47.81805, -23.974 ], [ -47.81158, -23.96998 ], [ -47.81356, -23.96518 ], [ -47.81198, -23.9616 ], [ -47.81772, -23.95266 ], [ -47.82904, -23.95066 ], [ -47.8351, -23.95677 ], [ -47.84169, -23.9545 ], [ -47.85706, -23.95473 ], [ -47.86316, -23.95115 ], [ -47.86931, -23.94314 ], [ -47.86585, -23.93999 ], [ -47.86761, -23.93471 ], [ -47.87647, -23.92103 ], [ -47.87571, -23.89911 ], [ -47.86755, -23.89049 ], [ -47.86541, -23.87958 ], [ -47.85653, -23.87332 ], [ -47.84341, -23.8719 ], [ -47.83914, -23.86635 ], [ -47.83376, -23.86861 ], [ -47.8381, -23.857 ], [ -47.84455, -23.84946 ], [ -47.84383, -23.84477 ], [ -47.8407, -23.84199 ], [ -47.84268, -23.83696 ], [ -47.85072, -23.82399 ], [ -47.85965, -23.82043 ], [ -47.86328, -23.81268 ], [ -47.85771, -23.80234 ], [ -47.86567, -23.78177 ], [ -47.86008, -23.77677 ], [ -47.8516, -23.74942 ], [ -47.84836, -23.74872 ], [ -47.8477, -23.75108 ], [ -47.8413, -23.75338 ], [ -47.83081, -23.75222 ], [ -47.8334, -23.75559 ], [ -47.81552, -23.76554 ], [ -47.81645, -23.76377 ], [ -47.81294, -23.75963 ], [ -47.80836, -23.76182 ], [ -47.80702, -23.75904 ], [ -47.80181, -23.76138 ], [ -47.7897, -23.75498 ], [ -47.78214, -23.73502 ], [ -47.77203, -23.74098 ], [ -47.7671, -23.73849 ], [ -47.75692, -23.74058 ], [ -47.7543, -23.7357 ], [ -47.74838, -23.73531 ], [ -47.74341, -23.73009 ], [ -47.72406, -23.72402 ], [ -47.71457, -23.71032 ], [ -47.70986, -23.71333 ], [ -47.71, -23.71902 ], [ -47.70635, -23.72476 ], [ -47.70086, -23.72334 ], [ -47.70069, -23.72648 ], [ -47.69713, -23.72707 ], [ -47.69117, -23.72294 ], [ -47.68619, -23.72285 ], [ -47.68196, -23.72985 ], [ -47.6722, -23.73524 ], [ -47.6688, -23.74143 ], [ -47.66469, -23.7428 ], [ -47.66153, -23.7415 ], [ -47.65726, -23.72948 ], [ -47.64249, -23.71161 ], [ -47.63372, -23.70629 ], [ -47.63509, -23.71192 ], [ -47.63196, -23.71813 ], [ -47.6314, -23.72658 ], [ -47.62807, -23.73239 ], [ -47.61951, -23.73693 ], [ -47.62048, -23.7441 ], [ -47.61697, -23.75129 ], [ -47.61878, -23.75634 ], [ -47.57798, -23.75629 ], [ -47.57467, -23.75299 ], [ -47.57856, -23.75133 ], [ -47.57921, -23.74625 ], [ -47.58412, -23.742 ], [ -47.5865, -23.73599 ], [ -47.58517, -23.73235 ], [ -47.58864, -23.729 ], [ -47.57981, -23.72297 ], [ -47.57878, -23.71685 ], [ -47.57485, -23.71345 ], [ -47.57239, -23.71559 ], [ -47.56453, -23.71579 ], [ -47.55971, -23.71234 ], [ -47.55742, -23.71584 ], [ -47.56044, -23.71837 ], [ -47.55541, -23.71863 ], [ -47.55232, -23.72246 ], [ -47.54444, -23.71988 ], [ -47.54117, -23.722 ], [ -47.5405, -23.71819 ], [ -47.53541, -23.71577 ], [ -47.52617, -23.71621 ], [ -47.52433, -23.7092 ], [ -47.52739, -23.70588 ], [ -47.52582, -23.70182 ], [ -47.52079, -23.7054 ], [ -47.51456, -23.7051 ], [ -47.51226, -23.70073 ], [ -47.49703, -23.6941 ], [ -47.49209, -23.68824 ], [ -47.49219, -23.68463 ], [ -47.48689, -23.68462 ], [ -47.48908, -23.67025 ], [ -47.49696, -23.6581 ], [ -47.49399, -23.64981 ], [ -47.48271, -23.64626 ], [ -47.47703, -23.64147 ], [ -47.47223, -23.64226 ], [ -47.47064, -23.63688 ], [ -47.46399, -23.63856 ], [ -47.46138, -23.62927 ], [ -47.45232, -23.62422 ], [ -47.44254, -23.62079 ], [ -47.42407, -23.62428 ], [ -47.41809, -23.62045 ], [ -47.40799, -23.61904 ], [ -47.39719, -23.62595 ], [ -47.39112, -23.63312 ], [ -47.38312, -23.6313 ], [ -47.36784, -23.634 ], [ -47.36203, -23.62969 ], [ -47.35747, -23.62135 ], [ -47.33655, -23.61138 ], [ -47.32811, -23.6176 ], [ -47.32581, -23.62371 ], [ -47.30904, -23.62153 ], [ -47.29938, -23.61359 ], [ -47.29924, -23.60646 ], [ -47.29664, -23.60358 ], [ -47.27569, -23.59669 ], [ -47.2691, -23.60263 ], [ -47.26782, -23.60856 ], [ -47.27003, -23.61418 ], [ -47.2611, -23.61507 ], [ -47.25036, -23.6203 ], [ -47.23394, -23.61692 ], [ -47.20565, -23.61692 ], [ -47.20891, -23.61295 ], [ -47.20193, -23.60666 ], [ -47.19272, -23.60382 ], [ -47.18953, -23.60534 ], [ -47.18326, -23.60204 ], [ -47.18488, -23.59242 ], [ -47.17438, -23.57633 ], [ -47.17642, -23.57401 ], [ -47.16935, -23.56059 ], [ -47.16979, -23.5487 ], [ -47.16256, -23.54537 ], [ -47.15778, -23.53889 ], [ -47.16266, -23.52545 ], [ -47.16534, -23.52404 ], [ -47.16224, -23.51976 ], [ -47.16588, -23.5179 ], [ -47.16958, -23.50363 ], [ -47.17982, -23.50179 ], [ -47.18427, -23.49793 ], [ -47.18313, -23.4915 ], [ -47.18716, -23.48222 ], [ -47.17737, -23.46532 ], [ -47.17714, -23.45592 ], [ -47.17454, -23.45309 ], [ -47.17654, -23.44444 ], [ -47.18577, -23.44123 ], [ -47.18909, -23.43472 ], [ -47.18722, -23.41774 ], [ -47.17002, -23.41967 ], [ -47.16336, -23.41707 ], [ -47.15716, -23.4176 ], [ -47.15479, -23.41382 ], [ -47.14508, -23.41422 ], [ -47.1384, -23.4115 ], [ -47.13711, -23.40968 ], [ -47.14044, -23.40695 ], [ -47.13512, -23.40426 ], [ -47.13685, -23.40125 ], [ -47.14021, -23.40127 ], [ -47.13907, -23.39668 ], [ -47.14219, -23.39208 ], [ -47.13929, -23.39059 ], [ -47.14063, -23.38899 ], [ -47.13827, -23.3834 ], [ -47.13321, -23.38014 ], [ -47.12887, -23.38124 ], [ -47.11952, -23.37493 ], [ -47.11676, -23.38017 ], [ -47.12032, -23.38268 ], [ -47.11924, -23.39065 ], [ -47.12203, -23.40259 ], [ -47.10547, -23.40117 ], [ -47.1008, -23.40405 ], [ -47.09526, -23.3978 ], [ -47.09074, -23.40232 ], [ -47.08535, -23.40259 ], [ -47.08047, -23.39396 ], [ -47.08369, -23.3908 ], [ -47.08072, -23.38698 ], [ -47.08158, -23.38071 ], [ -47.09063, -23.38583 ], [ -47.10077, -23.38629 ], [ -47.10482, -23.36993 ], [ -47.09412, -23.37059 ], [ -47.0961, -23.36708 ], [ -47.09213, -23.36208 ], [ -47.09183, -23.35533 ], [ -47.08797, -23.35274 ], [ -47.08178, -23.35713 ], [ -47.07118, -23.35857 ], [ -47.06563, -23.35737 ], [ -47.06607, -23.35401 ], [ -47.05712, -23.35673 ], [ -47.04873, -23.35445 ], [ -47.0452, -23.35069 ], [ -47.04271, -23.35176 ], [ -47.0385, -23.36854 ], [ -47.0307, -23.37109 ], [ -47.02887, -23.37491 ], [ -47.0304, -23.37841 ], [ -47.03674, -23.37849 ], [ -47.04241, -23.38613 ], [ -47.04084, -23.39268 ], [ -47.03813, -23.39341 ], [ -47.03594, -23.39858 ], [ -47.0394, -23.40341 ], [ -47.03705, -23.40653 ], [ -47.03968, -23.40936 ], [ -47.03724, -23.4113 ], [ -47.04134, -23.41774 ], [ -47.04055, -23.42334 ], [ -47.03834, -23.4228 ], [ -47.03535, -23.42687 ], [ -47.0376, -23.4355 ], [ -47.02934, -23.44246 ], [ -47.02422, -23.44075 ], [ -47.01679, -23.4457 ], [ -47.01557, -23.444 ], [ -47.01056, -23.4457 ], [ -47.0123, -23.44816 ], [ -47.01043, -23.45477 ], [ -47.01326, -23.4545 ], [ -47.01401, -23.45762 ], [ -47.01122, -23.46023 ], [ -47.01168, -23.46426 ], [ -47.01724, -23.47256 ], [ -47.01369, -23.47804 ], [ -47.01787, -23.48366 ], [ -47.01332, -23.48544 ], [ -47.00132, -23.50528 ], [ -46.99373, -23.50831 ], [ -46.99702, -23.52194 ], [ -46.99104, -23.52756 ], [ -46.99097, -23.52982 ], [ -47.01319, -23.53633 ], [ -47.01225, -23.55006 ], [ -47.00719, -23.55132 ], [ -47.00615, -23.55433 ], [ -47.01542, -23.56022 ], [ -47.01442, -23.56334 ], [ -47.01889, -23.56431 ], [ -47.02053, -23.56733 ], [ -47.02992, -23.56806 ], [ -47.02462, -23.57664 ], [ -47.0248, -23.58001 ], [ -47.0281, -23.58129 ], [ -47.02228, -23.58204 ], [ -47.02022, -23.58595 ], [ -47.00821, -23.57791 ], [ -47.00127, -23.58043 ], [ -46.99699, -23.5794 ], [ -47.00021, -23.58712 ], [ -46.99922, -23.59352 ], [ -46.99212, -23.59463 ], [ -46.98951, -23.60261 ], [ -46.98148, -23.60213 ], [ -46.99068, -23.60973 ], [ -46.98813, -23.61259 ], [ -46.98722, -23.63296 ], [ -46.99201, -23.64516 ], [ -46.98596, -23.65365 ], [ -46.98622, -23.65793 ], [ -46.989, -23.65995 ], [ -46.98823, -23.66532 ], [ -46.99506, -23.67074 ], [ -46.99662, -23.66144 ], [ -47.00432, -23.66222 ], [ -47.01201, -23.65598 ], [ -47.01745, -23.65667 ], [ -47.024, -23.64388 ], [ -47.0337, -23.64349 ], [ -47.04355, -23.63652 ], [ -47.04517, -23.63143 ], [ -47.05905, -23.62832 ], [ -47.05808, -23.63564 ], [ -47.06012, -23.64154 ], [ -47.06669, -23.6461 ], [ -47.07268, -23.64534 ], [ -47.07338, -23.65136 ], [ -47.07654, -23.65365 ], [ -47.08225, -23.65351 ], [ -47.08197, -23.66422 ], [ -47.08478, -23.66713 ], [ -47.0767, -23.67328 ], [ -47.07805, -23.67615 ], [ -47.07601, -23.68076 ], [ -47.06203, -23.68221 ], [ -47.06275, -23.68965 ], [ -47.05927, -23.70191 ], [ -47.06225, -23.70841 ], [ -47.05767, -23.7123 ], [ -47.0561, -23.71859 ], [ -47.05247, -23.72018 ], [ -47.04761, -23.73429 ], [ -47.04373, -23.73665 ], [ -47.03438, -23.73529 ], [ -47.03318, -23.73717 ], [ -47.03213, -23.74316 ], [ -47.03592, -23.74828 ], [ -47.03611, -23.75356 ], [ -47.03445, -23.75794 ], [ -47.0285, -23.75724 ], [ -47.02865, -23.76161 ], [ -47.03273, -23.76418 ], [ -47.03339, -23.76736 ], [ -47.02318, -23.77505 ], [ -47.02362, -23.77967 ], [ -47.01929, -23.78862 ], [ -47.01412, -23.79218 ], [ -47.00861, -23.79182 ], [ -47.00053, -23.80166 ], [ -46.99321, -23.80342 ], [ -46.98559, -23.80061 ], [ -46.98405, -23.80302 ], [ -46.9865, -23.80839 ], [ -47.00709, -23.81561 ], [ -47.01515, -23.81446 ], [ -47.01759, -23.8213 ], [ -47.01306, -23.82507 ], [ -47.01436, -23.82797 ], [ -47.01263, -23.83071 ], [ -47.01461, -23.83092 ], [ -47.01481, -23.83557 ], [ -47.02174, -23.83604 ], [ -47.02264, -23.84022 ], [ -47.02872, -23.84619 ], [ -47.03572, -23.84062 ], [ -47.03524, -23.83768 ], [ -47.0382, -23.83528 ], [ -47.04217, -23.836 ], [ -47.04075, -23.83806 ], [ -47.04451, -23.83741 ], [ -47.04304, -23.84066 ], [ -47.04752, -23.84096 ], [ -47.05113, -23.84419 ], [ -47.05667, -23.84162 ], [ -47.05961, -23.84292 ], [ -47.06576, -23.838 ], [ -47.06576, -23.84347 ], [ -47.07244, -23.84184 ], [ -47.1031, -23.84884 ], [ -47.10726, -23.84834 ], [ -47.11047, -23.84223 ], [ -47.11299, -23.8433 ], [ -47.11639, -23.84045 ], [ -47.118, -23.84976 ], [ -47.12341, -23.85316 ], [ -47.12525, -23.86059 ], [ -47.12971, -23.86126 ], [ -47.12994, -23.86931 ], [ -47.13223, -23.86946 ], [ -47.13291, -23.87351 ], [ -47.12651, -23.87446 ], [ -47.12727, -23.87672 ], [ -47.13389, -23.87998 ], [ -47.13243, -23.88447 ], [ -47.13682, -23.88573 ], [ -47.13679, -23.88843 ], [ -47.13957, -23.88984 ], [ -47.1366, -23.88977 ], [ -47.13476, -23.89427 ], [ -47.13872, -23.8996 ], [ -47.14414, -23.9014 ], [ -47.13803, -23.90315 ], [ -47.13854, -23.90521 ], [ -47.14261, -23.90877 ], [ -47.1425, -23.91174 ], [ -47.15549, -23.9209 ], [ -47.15885, -23.927 ], [ -47.15954, -23.93553 ], [ -47.1711, -23.93468 ], [ -47.17541, -23.93132 ], [ -47.17859, -23.93316 ], [ -47.17949, -23.9371 ], [ -47.18334, -23.93002 ], [ -47.18748, -23.93138 ], [ -47.1914, -23.92811 ], [ -47.18899, -23.93945 ], [ -47.19428, -23.94194 ], [ -47.2003, -23.93886 ], [ -47.20141, -23.94757 ], [ -47.19998, -23.94977 ], [ -47.19845, -23.94856 ], [ -47.19735, -23.95294 ], [ -47.19365, -23.95339 ], [ -47.19532, -23.95803 ], [ -47.20289, -23.95919 ], [ -47.20842, -23.96476 ], [ -47.20571, -23.96618 ], [ -47.20449, -23.97128 ], [ -47.20058, -23.96881 ], [ -47.20075, -23.97354 ], [ -47.19902, -23.97213 ], [ -47.19662, -23.97592 ], [ -47.19382, -23.97475 ], [ -47.19445, -23.98199 ], [ -47.18863, -23.99093 ], [ -47.19471, -23.99203 ], [ -47.20031, -23.99831 ], [ -47.1998, -24.00068 ], [ -47.20702, -24.00307 ], [ -47.21081, -24.00115 ], [ -47.21438, -24.00669 ], [ -47.22029, -24.01027 ], [ -47.21844, -24.01253 ], [ -47.22154, -24.01432 ], [ -47.23029, -24.01222 ], [ -47.23329, -24.01734 ], [ -47.23816, -24.01605 ], [ -47.24434, -24.0218 ], [ -47.25037, -24.02002 ], [ -47.25338, -24.02321 ], [ -47.25724, -24.01944 ], [ -47.25286, -24.00776 ], [ -47.25728, -24.00525 ], [ -47.26433, -24.00647 ], [ -47.26061, -24.01367 ], [ -47.26901, -24.0146 ], [ -47.27113, -24.0171 ], [ -47.27691, -24.0144 ], [ -47.27762, -24.01066 ], [ -47.28232, -24.01453 ], [ -47.28585, -24.01373 ], [ -47.28443, -24.00649 ], [ -47.28616, -24.00594 ], [ -47.29409, -24.01025 ], [ -47.30156, -24.01115 ], [ -47.31037, -24.00856 ], [ -47.31586, -24.01644 ], [ -47.32302, -24.01743 ], [ -47.32851, -24.01416 ], [ -47.33286, -24.01768 ], [ -47.33445, -24.01229 ], [ -47.34043, -24.01281 ], [ -47.35619, -24.02201 ], [ -47.35567, -24.02907 ], [ -47.36298, -24.0314 ], [ -47.3685, -24.03872 ], [ -47.36839, -24.04245 ], [ -47.37183, -24.04124 ], [ -47.37693, -24.04812 ], [ -47.38581, -24.04935 ], [ -47.38895, -24.05454 ], [ -47.41549, -24.06086 ], [ -47.41719, -24.06585 ], [ -47.42577, -24.06877 ], [ -47.43803, -24.05689 ], [ -47.44805, -24.05311 ], [ -47.44898, -24.05002 ], [ -47.45757, -24.05823 ], [ -47.46295, -24.05992 ], [ -47.46219, -24.06891 ], [ -47.46491, -24.0759 ], [ -47.47716, -24.08091 ], [ -47.48209, -24.07419 ], [ -47.49198, -24.06988 ], [ -47.49447, -24.06555 ], [ -47.49363, -24.0582 ], [ -47.49566, -24.05845 ], [ -47.50248, -24.04982 ], [ -47.51203, -24.04633 ], [ -47.52987, -24.04637 ], [ -47.53162, -24.04365 ], [ -47.53914, -24.04194 ], [ -47.53922, -24.03885 ], [ -47.54278, -24.0371 ], [ -47.55294, -24.03694 ], [ -47.55459, -24.04132 ], [ -47.56042, -24.03825 ], [ -47.56252, -24.03947 ], [ -47.56228, -24.04966 ], [ -47.56766, -24.0629 ], [ -47.56647, -24.06759 ], [ -47.57006, -24.07778 ], [ -47.57669, -24.07798 ], [ -47.58184, -24.07455 ], [ -47.59156, -24.08764 ], [ -47.59631, -24.07979 ], [ -47.5971, -24.08508 ], [ -47.61098, -24.09588 ], [ -47.61573, -24.1034 ], [ -47.61994, -24.10446 ], [ -47.62321, -24.11193 ], [ -47.62892, -24.11388 ], [ -47.63474, -24.11204 ], [ -47.63329, -24.10812 ], [ -47.63557, -24.09944 ], [ -47.634, -24.09206 ], [ -47.62988, -24.08705 ], [ -47.63021, -24.07534 ], [ -47.62109, -24.06822 ], [ -47.62145, -24.06423 ], [ -47.61502, -24.05926 ], [ -47.61445, -24.04473 ], [ -47.62236, -24.04139 ], [ -47.62545, -24.03447 ], [ -47.63652, -24.03746 ], [ -47.63802, -24.04118 ], [ -47.64099, -24.03941 ], [ -47.64637, -24.04184 ], [ -47.64988, -24.04056 ], [ -47.65248, -24.04493 ], [ -47.66048, -24.04019 ], [ -47.67377, -24.04088 ], [ -47.67507, -24.04439 ], [ -47.68016, -24.04535 ], [ -47.68438, -24.05659 ], [ -47.68949, -24.05936 ], [ -47.7016, -24.07312 ], [ -47.70871, -24.07137 ], [ -47.72479, -24.08052 ], [ -47.72499, -24.08903 ], [ -47.73074, -24.09305 ], [ -47.73346, -24.10184 ], [ -47.73614, -24.10321 ], [ -47.72323, -24.10622 ], [ -47.72563, -24.11 ], [ -47.72386, -24.11737 ], [ -47.73691, -24.12499 ], [ -47.74475, -24.11991 ], [ -47.75129, -24.12252 ], [ -47.75836, -24.13078 ], [ -47.77276, -24.13387 ], [ -47.77541, -24.12706 ], [ -47.77783, -24.12981 ], [ -47.78179, -24.12803 ], [ -47.78752, -24.12961 ], [ -47.79212, -24.13482 ] ] ] } },
{ "type": "Feature", "properties": { "rc": "RC 13.01", "uba": "Rio Claro", "regional": "DR 13", "regional_cgr": "CGR 13" }, "geometry": { "type": "Polygon", "coordinates": [ [ [ -47.91461, -22.69228 ], [ -47.92185, -22.68766 ], [ -47.93008, -22.67671 ], [ -47.92898, -22.66236 ], [ -47.92625, -22.65668 ], [ -47.93008, -22.65221 ], [ -47.92998, -22.65793 ], [ -47.93235, -22.66064 ], [ -47.94087, -22.65777 ], [ -47.94316, -22.66221 ], [ -47.95225, -22.66503 ], [ -47.96331, -22.6624 ], [ -47.97185, -22.66626 ], [ -47.98366, -22.66136 ], [ -47.98504, -22.65614 ], [ -47.98944, -22.65395 ], [ -48.0045, -22.66143 ], [ -48.02466, -22.66038 ], [ -48.04189, -22.65464 ], [ -48.06216, -22.64214 ], [ -48.09016, -22.65152 ], [ -48.09562, -22.6481 ], [ -48.08999, -22.6318 ], [ -48.09474, -22.62359 ], [ -48.11813, -22.62927 ], [ -48.13753, -22.6283 ], [ -48.15971, -22.63767 ], [ -48.1783, -22.62562 ], [ -48.18994, -22.62541 ], [ -48.21117, -22.61764 ], [ -48.21522, -22.6131 ], [ -48.21776, -22.59801 ], [ -48.22716, -22.5938 ], [ -48.2355, -22.59703 ], [ -48.24295, -22.6174 ], [ -48.2501, -22.61924 ], [ -48.25582, -22.61529 ], [ -48.26149, -22.60493 ], [ -48.25696, -22.59994 ], [ -48.24778, -22.57752 ], [ -48.24859, -22.56975 ], [ -48.25632, -22.55544 ], [ -48.25306, -22.55036 ], [ -48.2605, -22.5408 ], [ -48.25273, -22.53511 ], [ -48.2479, -22.52537 ], [ -48.23931, -22.5198 ], [ -48.23505, -22.52006 ], [ -48.2454, -22.51405 ], [ -48.27222, -22.5282 ], [ -48.28949, -22.52504 ], [ -48.28354, -22.51947 ], [ -48.28228, -22.50692 ], [ -48.27672, -22.49523 ], [ -48.27041, -22.49233 ], [ -48.25747, -22.4916 ], [ -48.24302, -22.47895 ], [ -48.24487, -22.47631 ], [ -48.24414, -22.46757 ], [ -48.25444, -22.46272 ], [ -48.25691, -22.45732 ], [ -48.26895, -22.44751 ], [ -48.27871, -22.42655 ], [ -48.27782, -22.42301 ], [ -48.26711, -22.41283 ], [ -48.26866, -22.40672 ], [ -48.25194, -22.38763 ], [ -48.24572, -22.39153 ], [ -48.23733, -22.39184 ], [ -48.24297, -22.37337 ], [ -48.2393, -22.36642 ], [ -48.24476, -22.34861 ], [ -48.25645, -22.33544 ], [ -48.25901, -22.32611 ], [ -48.26528, -22.32014 ], [ -48.26857, -22.30812 ], [ -48.27204, -22.30348 ], [ -48.27604, -22.30434 ], [ -48.27659, -22.29973 ], [ -48.28152, -22.29654 ], [ -48.27957, -22.294 ], [ -48.28452, -22.28838 ], [ -48.28589, -22.28209 ], [ -48.29138, -22.28073 ], [ -48.29643, -22.28764 ], [ -48.29989, -22.28606 ], [ -48.29686, -22.28179 ], [ -48.29982, -22.27684 ], [ -48.29395, -22.27518 ], [ -48.29437, -22.27132 ], [ -48.29158, -22.26873 ], [ -48.29307, -22.26639 ], [ -48.29784, -22.26817 ], [ -48.3113, -22.26544 ], [ -48.31082, -22.27059 ], [ -48.31446, -22.27602 ], [ -48.3135, -22.2698 ], [ -48.31712, -22.26619 ], [ -48.32148, -22.27002 ], [ -48.32266, -22.26399 ], [ -48.3301, -22.26813 ], [ -48.32484, -22.25009 ], [ -48.32692, -22.24711 ], [ -48.32093, -22.23347 ], [ -48.3266, -22.21742 ], [ -48.31816, -22.21011 ], [ -48.31289, -22.20022 ], [ -48.31463, -22.19835 ], [ -48.31221, -22.19258 ], [ -48.28664, -22.1885 ], [ -48.27437, -22.19218 ], [ -48.27095, -22.18148 ], [ -48.25586, -22.17679 ], [ -48.24457, -22.17708 ], [ -48.25549, -22.16165 ], [ -48.25603, -22.15427 ], [ -48.24453, -22.15872 ], [ -48.21603, -22.15845 ], [ -48.20913, -22.15589 ], [ -48.20547, -22.15003 ], [ -48.1985, -22.14773 ], [ -48.18177, -22.15491 ], [ -48.17606, -22.16604 ], [ -48.15547, -22.17474 ], [ -48.13909, -22.17791 ], [ -48.13495, -22.1827 ], [ -48.11973, -22.18213 ], [ -48.11627, -22.17818 ], [ -48.10474, -22.17963 ], [ -48.09007, -22.16828 ], [ -48.08041, -22.15657 ], [ -48.06533, -22.14925 ], [ -48.05893, -22.15086 ], [ -48.05483, -22.14676 ], [ -48.05273, -22.13989 ], [ -48.04302, -22.12561 ], [ -48.0462, -22.10275 ], [ -48.04401, -22.08668 ], [ -48.04809, -22.07713 ], [ -48.045, -22.07263 ], [ -48.03634, -22.07754 ], [ -48.02712, -22.07638 ], [ -48.01585, -22.08776 ], [ -48.01092, -22.09622 ], [ -48.0014, -22.1007 ], [ -47.99878, -22.1039 ], [ -47.99869, -22.10956 ], [ -47.99309, -22.11568 ], [ -47.98283, -22.11605 ], [ -47.98162, -22.11269 ], [ -47.97563, -22.11427 ], [ -47.97497, -22.11821 ], [ -47.9707, -22.11807 ], [ -47.9678, -22.114 ], [ -47.96379, -22.11351 ], [ -47.96233, -22.11622 ], [ -47.94774, -22.11098 ], [ -47.93477, -22.11954 ], [ -47.93386, -22.12353 ], [ -47.93127, -22.1245 ], [ -47.93193, -22.12733 ], [ -47.92755, -22.1308 ], [ -47.92837, -22.13965 ], [ -47.91981, -22.15039 ], [ -47.91427, -22.14932 ], [ -47.9002, -22.15757 ], [ -47.90039, -22.16579 ], [ -47.90224, -22.1652 ], [ -47.90341, -22.17122 ], [ -47.89146, -22.19012 ], [ -47.88255, -22.19837 ], [ -47.88014, -22.2049 ], [ -47.87966, -22.21214 ], [ -47.89746, -22.21727 ], [ -47.90111, -22.22643 ], [ -47.90548, -22.2303 ], [ -47.90431, -22.23503 ], [ -47.90795, -22.24178 ], [ -47.90792, -22.25615 ], [ -47.911, -22.26493 ], [ -47.917, -22.27353 ], [ -47.9224, -22.27538 ], [ -47.92443, -22.27859 ], [ -47.92668, -22.3049 ], [ -47.93992, -22.31444 ], [ -47.94006, -22.32015 ], [ -47.9319, -22.32902 ], [ -47.94461, -22.32082 ], [ -47.94934, -22.32075 ], [ -47.94917, -22.32621 ], [ -47.95249, -22.33075 ], [ -47.954, -22.35715 ], [ -47.95978, -22.3662 ], [ -47.95466, -22.3667 ], [ -47.95155, -22.37672 ], [ -47.94433, -22.38319 ], [ -47.94889, -22.38502 ], [ -47.95397, -22.39805 ], [ -47.94094, -22.39928 ], [ -47.92362, -22.40606 ], [ -47.92228, -22.41437 ], [ -47.91968, -22.41857 ], [ -47.91486, -22.41873 ], [ -47.91396, -22.42808 ], [ -47.91097, -22.43149 ], [ -47.89231, -22.42411 ], [ -47.88667, -22.42844 ], [ -47.88209, -22.42884 ], [ -47.8786, -22.43365 ], [ -47.87267, -22.42806 ], [ -47.86109, -22.42886 ], [ -47.85279, -22.43173 ], [ -47.85753, -22.44053 ], [ -47.85608, -22.44297 ], [ -47.82567, -22.44285 ], [ -47.82551, -22.44767 ], [ -47.81945, -22.44852 ], [ -47.81825, -22.45559 ], [ -47.81326, -22.45681 ], [ -47.80383, -22.44995 ], [ -47.78978, -22.44789 ], [ -47.77654, -22.44924 ], [ -47.77481, -22.44692 ], [ -47.77605, -22.44393 ], [ -47.78495, -22.43776 ], [ -47.78925, -22.43798 ], [ -47.79491, -22.43171 ], [ -47.79506, -22.42542 ], [ -47.78853, -22.41507 ], [ -47.789, -22.39718 ], [ -47.78268, -22.38429 ], [ -47.77812, -22.38073 ], [ -47.77981, -22.37728 ], [ -47.77358, -22.37272 ], [ -47.77923, -22.37255 ], [ -47.77887, -22.36787 ], [ -47.77001, -22.36143 ], [ -47.76911, -22.35025 ], [ -47.76097, -22.34147 ], [ -47.76509, -22.33286 ], [ -47.73935, -22.31581 ], [ -47.73492, -22.30112 ], [ -47.73002, -22.29834 ], [ -47.72036, -22.30625 ], [ -47.71785, -22.30253 ], [ -47.71341, -22.30151 ], [ -47.70335, -22.30542 ], [ -47.69768, -22.31512 ], [ -47.68956, -22.31933 ], [ -47.68676, -22.32371 ], [ -47.68148, -22.32152 ], [ -47.6786, -22.32342 ], [ -47.67563, -22.3313 ], [ -47.67164, -22.33443 ], [ -47.6346, -22.33472 ], [ -47.61508, -22.29728 ], [ -47.60258, -22.28931 ], [ -47.59792, -22.28003 ], [ -47.59443, -22.27807 ], [ -47.59411, -22.24857 ], [ -47.46965, -22.24487 ], [ -47.4656, -22.26248 ], [ -47.46818, -22.2819 ], [ -47.46318, -22.29028 ], [ -47.46224, -22.29685 ], [ -47.46792, -22.30634 ], [ -47.46249, -22.30771 ], [ -47.46202, -22.31311 ], [ -47.46874, -22.32644 ], [ -47.46824, -22.33756 ], [ -47.47166, -22.34052 ], [ -47.47487, -22.36297 ], [ -47.48662, -22.38259 ], [ -47.46612, -22.39722 ], [ -47.46213, -22.40283 ], [ -47.46265, -22.40917 ], [ -47.46712, -22.41297 ], [ -47.467, -22.41796 ], [ -47.45456, -22.42166 ], [ -47.44641, -22.42127 ], [ -47.43062, -22.43202 ], [ -47.40536, -22.43593 ], [ -47.39504, -22.44469 ], [ -47.38567, -22.44287 ], [ -47.36544, -22.45891 ], [ -47.35832, -22.461 ], [ -47.34928, -22.4556 ], [ -47.3213, -22.44668 ], [ -47.30175, -22.44483 ], [ -47.31043, -22.45303 ], [ -47.31566, -22.47856 ], [ -47.32539, -22.4813 ], [ -47.32473, -22.48489 ], [ -47.32942, -22.48706 ], [ -47.33469, -22.4977 ], [ -47.36635, -22.50121 ], [ -47.37926, -22.50668 ], [ -47.39964, -22.50331 ], [ -47.39467, -22.51758 ], [ -47.40546, -22.52729 ], [ -47.41101, -22.52781 ], [ -47.43448, -22.52004 ], [ -47.45332, -22.53251 ], [ -47.45981, -22.53117 ], [ -47.46518, -22.53713 ], [ -47.48053, -22.52428 ], [ -47.50037, -22.52345 ], [ -47.5097, -22.52688 ], [ -47.51016, -22.53476 ], [ -47.52025, -22.53473 ], [ -47.52644, -22.5331 ], [ -47.52962, -22.52203 ], [ -47.53408, -22.51778 ], [ -47.53877, -22.5169 ], [ -47.545, -22.52105 ], [ -47.55407, -22.51948 ], [ -47.56056, -22.52574 ], [ -47.5728, -22.53221 ], [ -47.57449, -22.5372 ], [ -47.57972, -22.54061 ], [ -47.58559, -22.54216 ], [ -47.59209, -22.53983 ], [ -47.60029, -22.54981 ], [ -47.60627, -22.55112 ], [ -47.61363, -22.54871 ], [ -47.62114, -22.54956 ], [ -47.62842, -22.54448 ], [ -47.63299, -22.54446 ], [ -47.63864, -22.53573 ], [ -47.65008, -22.52958 ], [ -47.65459, -22.5212 ], [ -47.65707, -22.52329 ], [ -47.65616, -22.52835 ], [ -47.66126, -22.52853 ], [ -47.65593, -22.53111 ], [ -47.65616, -22.53558 ], [ -47.66553, -22.54072 ], [ -47.66899, -22.53951 ], [ -47.66829, -22.546 ], [ -47.67266, -22.54854 ], [ -47.67206, -22.55051 ], [ -47.66679, -22.55092 ], [ -47.66533, -22.55461 ], [ -47.66874, -22.55692 ], [ -47.67195, -22.55323 ], [ -47.67688, -22.55327 ], [ -47.68445, -22.563 ], [ -47.68963, -22.56493 ], [ -47.68621, -22.57057 ], [ -47.68918, -22.57768 ], [ -47.68339, -22.58306 ], [ -47.68901, -22.58436 ], [ -47.69178, -22.5827 ], [ -47.69147, -22.58899 ], [ -47.69576, -22.58701 ], [ -47.70466, -22.59279 ], [ -47.70422, -22.59699 ], [ -47.70835, -22.59989 ], [ -47.70289, -22.60287 ], [ -47.70299, -22.60681 ], [ -47.71193, -22.60416 ], [ -47.71238, -22.6083 ], [ -47.71828, -22.59969 ], [ -47.72145, -22.59954 ], [ -47.72036, -22.59452 ], [ -47.72396, -22.59172 ], [ -47.74366, -22.59133 ], [ -47.75222, -22.58747 ], [ -47.75997, -22.58768 ], [ -47.76436, -22.58407 ], [ -47.76276, -22.57793 ], [ -47.76798, -22.57421 ], [ -47.76973, -22.57815 ], [ -47.77635, -22.58087 ], [ -47.80253, -22.57925 ], [ -47.8038, -22.58101 ], [ -47.79695, -22.58643 ], [ -47.78928, -22.58827 ], [ -47.78245, -22.5975 ], [ -47.78452, -22.60072 ], [ -47.78383, -22.60722 ], [ -47.80147, -22.63489 ], [ -47.79938, -22.63778 ], [ -47.80092, -22.64317 ], [ -47.79896, -22.64428 ], [ -47.80242, -22.64582 ], [ -47.79764, -22.65019 ], [ -47.80243, -22.65272 ], [ -47.80246, -22.66613 ], [ -47.82139, -22.67368 ], [ -47.83654, -22.6657 ], [ -47.84491, -22.66406 ], [ -47.84956, -22.65915 ], [ -47.86215, -22.65813 ], [ -47.86952, -22.64855 ], [ -47.87956, -22.6481 ], [ -47.89342, -22.65859 ], [ -47.90467, -22.66213 ], [ -47.91553, -22.65819 ], [ -47.91961, -22.65951 ], [ -47.92007, -22.66843 ], [ -47.90423, -22.68096 ], [ -47.90639, -22.68839 ], [ -47.91461, -22.69228 ] ] ] } },
{ "type": "Feature", "properties": { "rc": "RC 06.02", "uba": "Taubaté", "regional": "DR 06", "regional_cgr": "CGR 06" }, "geometry": { "type": "Polygon", "coordinates": [ [ [ -45.45521, -23.57755 ], [ -45.45703, -23.57401 ], [ -45.44986, -23.56451 ], [ -45.45118, -23.56125 ], [ -45.45626, -23.56167 ], [ -45.45897, -23.56446 ], [ -45.46496, -23.56133 ], [ -45.4819, -23.56046 ], [ -45.48486, -23.55659 ], [ -45.48274, -23.55137 ], [ -45.48828, -23.53965 ], [ -45.49873, -23.5397 ], [ -45.50316, -23.53494 ], [ -45.50368, -23.53067 ], [ -45.49671, -23.52063 ], [ -45.49917, -23.50926 ], [ -45.5055, -23.50575 ], [ -45.50933, -23.48383 ], [ -45.51301, -23.48224 ], [ -45.51574, -23.48503 ], [ -45.52279, -23.47807 ], [ -45.52138, -23.46955 ], [ -45.52452, -23.46806 ], [ -45.52464, -23.46232 ], [ -45.52169, -23.45836 ], [ -45.53722, -23.45254 ], [ -45.54637, -23.45461 ], [ -45.55404, -23.4524 ], [ -45.56168, -23.44243 ], [ -45.56004, -23.43969 ], [ -45.56348, -23.42681 ], [ -45.56964, -23.42106 ], [ -45.56675, -23.41745 ], [ -45.56298, -23.41927 ], [ -45.56199, -23.41314 ], [ -45.56666, -23.40816 ], [ -45.55772, -23.40524 ], [ -45.55308, -23.40107 ], [ -45.5528, -23.39799 ], [ -45.5493, -23.39573 ], [ -45.54761, -23.38466 ], [ -45.53896, -23.37529 ], [ -45.53679, -23.36628 ], [ -45.54947, -23.3722 ], [ -45.55281, -23.37 ], [ -45.55625, -23.374 ], [ -45.56372, -23.37173 ], [ -45.56459, -23.36955 ], [ -45.57041, -23.37087 ], [ -45.57717, -23.36436 ], [ -45.57745, -23.35687 ], [ -45.57511, -23.34241 ], [ -45.56419, -23.34335 ], [ -45.56756, -23.33644 ], [ -45.56602, -23.32849 ], [ -45.56889, -23.32274 ], [ -45.57408, -23.32571 ], [ -45.63023, -23.2964 ], [ -45.63271, -23.29079 ], [ -45.63991, -23.29131 ], [ -45.64253, -23.28937 ], [ -45.64361, -23.27936 ], [ -45.63524, -23.27092 ], [ -45.62744, -23.26809 ], [ -45.62405, -23.25951 ], [ -45.61189, -23.24631 ], [ -45.61542, -23.23005 ], [ -45.6212, -23.2263 ], [ -45.62296, -23.22011 ], [ -45.62594, -23.21827 ], [ -45.6211, -23.21033 ], [ -45.62149, -23.20453 ], [ -45.6351, -23.20437 ], [ -45.64033, -23.19583 ], [ -45.62686, -23.19264 ], [ -45.62441, -23.19089 ], [ -45.62466, -23.18465 ], [ -45.61671, -23.18156 ], [ -45.62022, -23.17385 ], [ -45.60447, -23.15883 ], [ -45.60528, -23.15568 ], [ -45.59482, -23.14476 ], [ -45.59341, -23.13446 ], [ -45.60459, -23.12583 ], [ -45.61106, -23.1226 ], [ -45.62049, -23.12254 ], [ -45.62906, -23.11562 ], [ -45.62945, -23.10061 ], [ -45.63594, -23.08981 ], [ -45.63147, -23.08622 ], [ -45.63067, -23.08099 ], [ -45.6372, -23.07421 ], [ -45.63964, -23.06263 ], [ -45.6446, -23.06032 ], [ -45.66515, -23.03058 ], [ -45.66697, -23.03259 ], [ -45.66532, -23.03893 ], [ -45.66973, -23.03491 ], [ -45.67295, -23.03578 ], [ -45.67092, -23.04158 ], [ -45.67373, -23.04571 ], [ -45.67813, -23.03611 ], [ -45.68285, -23.03577 ], [ -45.69725, -23.02607 ], [ -45.69691, -23.02287 ], [ -45.70131, -23.01752 ], [ -45.70249, -23.00682 ], [ -45.70668, -23.00592 ], [ -45.71317, -23.0094 ], [ -45.7117, -22.98982 ], [ -45.71781, -22.98805 ], [ -45.7237, -22.97153 ], [ -45.72385, -22.96877 ], [ -45.71629, -22.96349 ], [ -45.71424, -22.95737 ], [ -45.70969, -22.95625 ], [ -45.70593, -22.94876 ], [ -45.69604, -22.93918 ], [ -45.67441, -22.92679 ], [ -45.67231, -22.92299 ], [ -45.67478, -22.91529 ], [ -45.68359, -22.91131 ], [ -45.68377, -22.90673 ], [ -45.67422, -22.89965 ], [ -45.67702, -22.89661 ], [ -45.66632, -22.88145 ], [ -45.66754, -22.8748 ], [ -45.65235, -22.86597 ], [ -45.64626, -22.85902 ], [ -45.64738, -22.85325 ], [ -45.64285, -22.84605 ], [ -45.6327, -22.84214 ], [ -45.62868, -22.83276 ], [ -45.63161, -22.82149 ], [ -45.62968, -22.81651 ], [ -45.62473, -22.81541 ], [ -45.61481, -22.80564 ], [ -45.61578, -22.79512 ], [ -45.62836, -22.79243 ], [ -45.64005, -22.79311 ], [ -45.64336, -22.78559 ], [ -45.65695, -22.7903 ], [ -45.66807, -22.79094 ], [ -45.6761, -22.78715 ], [ -45.6584, -22.75867 ], [ -45.65758, -22.73828 ], [ -45.64283, -22.73042 ], [ -45.63028, -22.73076 ], [ -45.61683, -22.72594 ], [ -45.62446, -22.72598 ], [ -45.629, -22.72142 ], [ -45.62552, -22.71729 ], [ -45.61959, -22.71572 ], [ -45.6177, -22.70434 ], [ -45.6111, -22.69395 ], [ -45.61893, -22.68728 ], [ -45.60259, -22.68232 ], [ -45.59574, -22.67554 ], [ -45.59015, -22.67366 ], [ -45.59074, -22.66433 ], [ -45.57748, -22.65386 ], [ -45.57371, -22.65736 ], [ -45.55879, -22.65337 ], [ -45.55384, -22.65462 ], [ -45.5442, -22.65082 ], [ -45.54033, -22.65268 ], [ -45.53322, -22.64717 ], [ -45.52489, -22.64677 ], [ -45.51612, -22.64114 ], [ -45.49966, -22.62533 ], [ -45.49615, -22.62471 ], [ -45.48843, -22.62968 ], [ -45.48342, -22.61542 ], [ -45.47685, -22.60761 ], [ -45.47466, -22.59743 ], [ -45.47855, -22.59081 ], [ -45.48132, -22.59161 ], [ -45.47623, -22.58913 ], [ -45.47225, -22.58921 ], [ -45.4517, -22.60712 ], [ -45.44678, -22.60504 ], [ -45.44553, -22.61007 ], [ -45.43697, -22.61216 ], [ -45.43542, -22.61997 ], [ -45.41266, -22.62279 ], [ -45.41363, -22.62897 ], [ -45.409, -22.63418 ], [ -45.41183, -22.64153 ], [ -45.40822, -22.64476 ], [ -45.41115, -22.64816 ], [ -45.41056, -22.65241 ], [ -45.40456, -22.65422 ], [ -45.38414, -22.64754 ], [ -45.3822, -22.64338 ], [ -45.37021, -22.63715 ], [ -45.36201, -22.63897 ], [ -45.34863, -22.62623 ], [ -45.33595, -22.62269 ], [ -45.33342, -22.61805 ], [ -45.32778, -22.61617 ], [ -45.3246, -22.61714 ], [ -45.31593, -22.6138 ], [ -45.30391, -22.61616 ], [ -45.29224, -22.61341 ], [ -45.27578, -22.61806 ], [ -45.27135, -22.61099 ], [ -45.26779, -22.6115 ], [ -45.26394, -22.61371 ], [ -45.26676, -22.61863 ], [ -45.26126, -22.62569 ], [ -45.25638, -22.62606 ], [ -45.25329, -22.63107 ], [ -45.24184, -22.63292 ], [ -45.22869, -22.63948 ], [ -45.2236, -22.65306 ], [ -45.22039, -22.65055 ], [ -45.21086, -22.65092 ], [ -45.20555, -22.65701 ], [ -45.20354, -22.65545 ], [ -45.20553, -22.66487 ], [ -45.1893, -22.66724 ], [ -45.19086, -22.67325 ], [ -45.19605, -22.67624 ], [ -45.19712, -22.68037 ], [ -45.20639, -22.69006 ], [ -45.20269, -22.69296 ], [ -45.19716, -22.6912 ], [ -45.1939, -22.69385 ], [ -45.18894, -22.68859 ], [ -45.18058, -22.69059 ], [ -45.17885, -22.69302 ], [ -45.18277, -22.7008 ], [ -45.18143, -22.70607 ], [ -45.17911, -22.70706 ], [ -45.17931, -22.71201 ], [ -45.17143, -22.7227 ], [ -45.16609, -22.72315 ], [ -45.15655, -22.73283 ], [ -45.15498, -22.74037 ], [ -45.14531, -22.74267 ], [ -45.15459, -22.74963 ], [ -45.159, -22.75999 ], [ -45.15488, -22.76634 ], [ -45.13562, -22.77097 ], [ -45.1332, -22.78241 ], [ -45.13682, -22.79572 ], [ -45.13084, -22.80329 ], [ -45.13311, -22.81703 ], [ -45.12716, -22.82571 ], [ -45.12779, -22.82909 ], [ -45.12348, -22.83116 ], [ -45.11837, -22.8382 ], [ -45.11854, -22.84204 ], [ -45.12126, -22.84361 ], [ -45.12066, -22.84975 ], [ -45.11125, -22.86772 ], [ -45.10177, -22.87687 ], [ -45.07996, -22.88114 ], [ -45.07883, -22.88492 ], [ -45.07527, -22.88597 ], [ -45.07309, -22.88192 ], [ -45.06897, -22.88126 ], [ -45.06551, -22.87466 ], [ -45.06152, -22.87427 ], [ -45.05903, -22.88252 ], [ -45.06175, -22.89063 ], [ -45.05781, -22.8947 ], [ -45.05272, -22.89101 ], [ -45.04394, -22.8969 ], [ -45.03419, -22.91307 ], [ -45.03092, -22.91505 ], [ -45.0297, -22.92039 ], [ -45.024, -22.91977 ], [ -45.0233, -22.92279 ], [ -45.0195, -22.92403 ], [ -45.01513, -22.92228 ], [ -45.0146, -22.91923 ], [ -44.99574, -22.91585 ], [ -44.98979, -22.90991 ], [ -44.98459, -22.90942 ], [ -44.9789, -22.91394 ], [ -44.96947, -22.91389 ], [ -44.96223, -22.9052 ], [ -44.96283, -22.90823 ], [ -44.95971, -22.91016 ], [ -44.9582, -22.91562 ], [ -44.9476, -22.91323 ], [ -44.94744, -22.90397 ], [ -44.94312, -22.90542 ], [ -44.93675, -22.90298 ], [ -44.93408, -22.89681 ], [ -44.93031, -22.89665 ], [ -44.92781, -22.89096 ], [ -44.91996, -22.89265 ], [ -44.91032, -22.88516 ], [ -44.90862, -22.88881 ], [ -44.91044, -22.88949 ], [ -44.90663, -22.89161 ], [ -44.90884, -22.89585 ], [ -44.90326, -22.89614 ], [ -44.89674, -22.89301 ], [ -44.89762, -22.88913 ], [ -44.89476, -22.89141 ], [ -44.88567, -22.88569 ], [ -44.8831, -22.88661 ], [ -44.88457, -22.89034 ], [ -44.88135, -22.88997 ], [ -44.87981, -22.88729 ], [ -44.8712, -22.88387 ], [ -44.87239, -22.88137 ], [ -44.8688, -22.88086 ], [ -44.86905, -22.87991 ], [ -44.86871, -22.87888 ], [ -44.8643, -22.87931 ], [ -44.85519, -22.86897 ], [ -44.84735, -22.87144 ], [ -44.84155, -22.86504 ], [ -44.83012, -22.85994 ], [ -44.82281, -22.85873 ], [ -44.81818, -22.86529 ], [ -44.81563, -22.86507 ], [ -44.81489, -22.86236 ], [ -44.80638, -22.85869 ], [ -44.80805, -22.85294 ], [ -44.80658, -22.84993 ], [ -44.81003, -22.84625 ], [ -44.7982, -22.84016 ], [ -44.79713, -22.83178 ], [ -44.78863, -22.83107 ], [ -44.7852, -22.82475 ], [ -44.77414, -22.8205 ], [ -44.77052, -22.81628 ], [ -44.7795, -22.81563 ], [ -44.78108, -22.8101 ], [ -44.77648, -22.79651 ], [ -44.76785, -22.79041 ], [ -44.75463, -22.78856 ], [ -44.74613, -22.78986 ], [ -44.74009, -22.79569 ], [ -44.73282, -22.79579 ], [ -44.73253, -22.8017 ], [ -44.71647, -22.80097 ], [ -44.70888, -22.79677 ], [ -44.70435, -22.80186 ], [ -44.70672, -22.80562 ], [ -44.70471, -22.80882 ], [ -44.71076, -22.80958 ], [ -44.72233, -22.82448 ], [ -44.71951, -22.8277 ], [ -44.72375, -22.83367 ], [ -44.72049, -22.83977 ], [ -44.72498, -22.84533 ], [ -44.71569, -22.84965 ], [ -44.70719, -22.84644 ], [ -44.70631, -22.85483 ], [ -44.70124, -22.86168 ], [ -44.7074, -22.86763 ], [ -44.70817, -22.87275 ], [ -44.70313, -22.87322 ], [ -44.70123, -22.87887 ], [ -44.69466, -22.8815 ], [ -44.69249, -22.88476 ], [ -44.69444, -22.89224 ], [ -44.67992, -22.89892 ], [ -44.67522, -22.89552 ], [ -44.67052, -22.89551 ], [ -44.6673, -22.89036 ], [ -44.65989, -22.88969 ], [ -44.65478, -22.89442 ], [ -44.65529, -22.89686 ], [ -44.66065, -22.89816 ], [ -44.65472, -22.90823 ], [ -44.64915, -22.90087 ], [ -44.63501, -22.89017 ], [ -44.62972, -22.88849 ], [ -44.62354, -22.89121 ], [ -44.62878, -22.89818 ], [ -44.6296, -22.90556 ], [ -44.63483, -22.90589 ], [ -44.64019, -22.91226 ], [ -44.63968, -22.91559 ], [ -44.65507, -22.92335 ], [ -44.659, -22.92793 ], [ -44.67162, -22.92206 ], [ -44.67356, -22.91797 ], [ -44.67861, -22.92621 ], [ -44.68723, -22.93252 ], [ -44.68774, -22.93677 ], [ -44.69572, -22.93205 ], [ -44.70355, -22.9361 ], [ -44.70664, -22.9316 ], [ -44.71325, -22.92982 ], [ -44.71673, -22.93493 ], [ -44.72811, -22.94196 ], [ -44.74369, -22.94706 ], [ -44.74509, -22.95189 ], [ -44.74913, -22.95372 ], [ -44.74834, -22.95657 ], [ -44.75208, -22.96285 ], [ -44.74931, -22.96982 ], [ -44.75197, -22.97412 ], [ -44.7566, -22.97576 ], [ -44.75521, -22.9803 ], [ -44.75974, -22.97878 ], [ -44.76514, -22.98323 ], [ -44.78112, -22.97854 ], [ -44.78685, -22.98251 ], [ -44.79192, -22.98193 ], [ -44.7931, -22.99096 ], [ -44.80263, -22.99965 ], [ -44.79988, -23.00606 ], [ -44.79436, -23.00619 ], [ -44.79254, -23.01002 ], [ -44.79884, -23.02071 ], [ -44.79593, -23.02533 ], [ -44.80154, -23.0308 ], [ -44.80321, -23.05057 ], [ -44.80564, -23.04954 ], [ -44.81195, -23.0546 ], [ -44.80752, -23.06292 ], [ -44.81386, -23.06715 ], [ -44.81154, -23.07057 ], [ -44.81213, -23.07957 ], [ -44.81517, -23.08067 ], [ -44.81916, -23.09114 ], [ -44.81255, -23.09133 ], [ -44.81288, -23.09836 ], [ -44.80891, -23.10043 ], [ -44.81601, -23.10827 ], [ -44.81512, -23.11252 ], [ -44.8105, -23.11499 ], [ -44.81446, -23.12035 ], [ -44.81109, -23.12513 ], [ -44.81934, -23.13157 ], [ -44.816, -23.14032 ], [ -44.82191, -23.14092 ], [ -44.82528, -23.14428 ], [ -44.82164, -23.14912 ], [ -44.82414, -23.16231 ], [ -44.82873, -23.16216 ], [ -44.83542, -23.16734 ], [ -44.84293, -23.16685 ], [ -44.84796, -23.17404 ], [ -44.85575, -23.17228 ], [ -44.85548, -23.17616 ], [ -44.86018, -23.18071 ], [ -44.87214, -23.18206 ], [ -44.87496, -23.18517 ], [ -44.87611, -23.19807 ], [ -44.89213, -23.21094 ], [ -44.90302, -23.20167 ], [ -44.9111, -23.20328 ], [ -44.91606, -23.19823 ], [ -44.91791, -23.20358 ], [ -44.93194, -23.20946 ], [ -44.93375, -23.21463 ], [ -44.93834, -23.21685 ], [ -44.9437, -23.22945 ], [ -44.95685, -23.23548 ], [ -44.95647, -23.24064 ], [ -44.95913, -23.24392 ], [ -44.96655, -23.24448 ], [ -44.97059, -23.23284 ], [ -44.98409, -23.22897 ], [ -44.98721, -23.23658 ], [ -44.99491, -23.23915 ], [ -44.99461, -23.25093 ], [ -45.00324, -23.25369 ], [ -45.01737, -23.26862 ], [ -45.01462, -23.27917 ], [ -45.01006, -23.28372 ], [ -45.01135, -23.28726 ], [ -45.00795, -23.28602 ], [ -45.01364, -23.29087 ], [ -45.00867, -23.30165 ], [ -45.00973, -23.30551 ], [ -45.01394, -23.30839 ], [ -45.0206, -23.30733 ], [ -45.03399, -23.31479 ], [ -45.04223, -23.31266 ], [ -45.0449, -23.31598 ], [ -45.04776, -23.30981 ], [ -45.05676, -23.31262 ], [ -45.06486, -23.30487 ], [ -45.06799, -23.30505 ], [ -45.06777, -23.30025 ], [ -45.07425, -23.30403 ], [ -45.0743, -23.31047 ], [ -45.06938, -23.32012 ], [ -45.0712, -23.32454 ], [ -45.07764, -23.32626 ], [ -45.07727, -23.33207 ], [ -45.0736, -23.33363 ], [ -45.06905, -23.34051 ], [ -45.06776, -23.34779 ], [ -45.07235, -23.34942 ], [ -45.07847, -23.34426 ], [ -45.08202, -23.35021 ], [ -45.09313, -23.3521 ], [ -45.09848, -23.36003 ], [ -45.11787, -23.35475 ], [ -45.13382, -23.36412 ], [ -45.13634, -23.36368 ], [ -45.13619, -23.36085 ], [ -45.14041, -23.36067 ], [ -45.14042, -23.36398 ], [ -45.14472, -23.36617 ], [ -45.14335, -23.37188 ], [ -45.15055, -23.38246 ], [ -45.15657, -23.38301 ], [ -45.15924, -23.38718 ], [ -45.16384, -23.38852 ], [ -45.1644, -23.39207 ], [ -45.17069, -23.39092 ], [ -45.17497, -23.39526 ], [ -45.16756, -23.39798 ], [ -45.16923, -23.40464 ], [ -45.16591, -23.41046 ], [ -45.17281, -23.41394 ], [ -45.17949, -23.42491 ], [ -45.17619, -23.4262 ], [ -45.17709, -23.42936 ], [ -45.17435, -23.43161 ], [ -45.1765, -23.4402 ], [ -45.20219, -23.45235 ], [ -45.22175, -23.45529 ], [ -45.23455, -23.46283 ], [ -45.24177, -23.46446 ], [ -45.25359, -23.4747 ], [ -45.26117, -23.47701 ], [ -45.26807, -23.48255 ], [ -45.28909, -23.48502 ], [ -45.29223, -23.48869 ], [ -45.30879, -23.49672 ], [ -45.31101, -23.50156 ], [ -45.3091, -23.50463 ], [ -45.3173, -23.50615 ], [ -45.31852, -23.52061 ], [ -45.32226, -23.52198 ], [ -45.32392, -23.52781 ], [ -45.32796, -23.53106 ], [ -45.33351, -23.53085 ], [ -45.34179, -23.53777 ], [ -45.34329, -23.54739 ], [ -45.35032, -23.54755 ], [ -45.35608, -23.53984 ], [ -45.36188, -23.54117 ], [ -45.36406, -23.54428 ], [ -45.36671, -23.54129 ], [ -45.36998, -23.54135 ], [ -45.37229, -23.54767 ], [ -45.37816, -23.54792 ], [ -45.37832, -23.55082 ], [ -45.38343, -23.55465 ], [ -45.40945, -23.55703 ], [ -45.41488, -23.55987 ], [ -45.41805, -23.5568 ], [ -45.42125, -23.55705 ], [ -45.42069, -23.55435 ], [ -45.42502, -23.5479 ], [ -45.43005, -23.55237 ], [ -45.44289, -23.55511 ], [ -45.44609, -23.55964 ], [ -45.44539, -23.56801 ], [ -45.4514, -23.56941 ], [ -45.4507, -23.57218 ], [ -45.45521, -23.57755 ] ] ] } },
{ "type": "Feature", "properties": { "rc": "RC 12.02", "uba": "Presidente Venceslau", "regional": "DR 12", "regional_cgr": "CGR 12" }, "geometry": { "type": "Polygon", "coordinates": [ [ [ -52.22135, -22.67483 ], [ -52.22538, -22.67341 ], [ -52.2281, -22.66841 ], [ -52.22859, -22.64014 ], [ -52.23149, -22.63303 ], [ -52.24022, -22.62034 ], [ -52.24773, -22.61608 ], [ -52.27819, -22.62081 ], [ -52.29926, -22.634 ], [ -52.30942, -22.63692 ], [ -52.3428, -22.63069 ], [ -52.38, -22.62712 ], [ -52.42153, -22.61021 ], [ -52.43802, -22.6068 ], [ -52.46823, -22.61615 ], [ -52.493, -22.63207 ], [ -52.5056, -22.6338 ], [ -52.526, -22.61839 ], [ -52.54131, -22.61413 ], [ -52.54688, -22.61001 ], [ -52.56936, -22.58634 ], [ -52.57681, -22.57034 ], [ -52.58579, -22.5655 ], [ -52.61676, -22.57808 ], [ -52.63005, -22.59084 ], [ -52.64833, -22.59935 ], [ -52.66497, -22.61319 ], [ -52.6996, -22.62733 ], [ -52.72327, -22.6272 ], [ -52.75108, -22.61218 ], [ -52.80336, -22.59701 ], [ -52.82146, -22.598 ], [ -52.84395, -22.60881 ], [ -52.85507, -22.61021 ], [ -52.86941, -22.60213 ], [ -52.90445, -22.57235 ], [ -52.91924, -22.56657 ], [ -52.9309, -22.56513 ], [ -52.97198, -22.56974 ], [ -52.99019, -22.57917 ], [ -52.99617, -22.58311 ], [ -53.0043, -22.59355 ], [ -53.02712, -22.60844 ], [ -53.05688, -22.63303 ], [ -53.07572, -22.63997 ], [ -53.0873, -22.6573 ], [ -53.09417, -22.64008 ], [ -53.10433, -22.6243 ], [ -53.10472, -22.61989 ], [ -53.09474, -22.59051 ], [ -53.09028, -22.58422 ], [ -53.09067, -22.57446 ], [ -53.08549, -22.56715 ], [ -53.06151, -22.55067 ], [ -53.03442, -22.5279 ], [ -53.01163, -22.51321 ], [ -52.99363, -22.49302 ], [ -52.96875, -22.48015 ], [ -52.91589, -22.4654 ], [ -52.85998, -22.44158 ], [ -52.85087, -22.43522 ], [ -52.84014, -22.41717 ], [ -52.79571, -22.38054 ], [ -52.77174, -22.36526 ], [ -52.73381, -22.34894 ], [ -52.72325, -22.33716 ], [ -52.69379, -22.31371 ], [ -52.65757, -22.30109 ], [ -52.64952, -22.2944 ], [ -52.64103, -22.28217 ], [ -52.59229, -22.26849 ], [ -52.5766, -22.25606 ], [ -52.57419, -22.25034 ], [ -52.56881, -22.24568 ], [ -52.54998, -22.24318 ], [ -52.53012, -22.23151 ], [ -52.50059, -22.2234 ], [ -52.49369, -22.21922 ], [ -52.4832, -22.20803 ], [ -52.47944, -22.20055 ], [ -52.46366, -22.19113 ], [ -52.41735, -22.15003 ], [ -52.39452, -22.11659 ], [ -52.37439, -22.10075 ], [ -52.3488, -22.06697 ], [ -52.33764, -22.0407 ], [ -52.32482, -21.98223 ], [ -52.30647, -21.94441 ], [ -52.27531, -21.91514 ], [ -52.26356, -21.91202 ], [ -52.25861, -21.90583 ], [ -52.24172, -21.89646 ], [ -52.22254, -21.87371 ], [ -52.20344, -21.85939 ], [ -52.1915, -21.84706 ], [ -52.18559, -21.83114 ], [ -52.18314, -21.81237 ], [ -52.16788, -21.7811 ], [ -52.15445, -21.76492 ], [ -52.13857, -21.75387 ], [ -52.10397, -21.74614 ], [ -52.07556, -21.71283 ], [ -52.05108, -21.66602 ], [ -52.04785, -21.65603 ], [ -52.04812, -21.64846 ], [ -52.05345, -21.63454 ], [ -52.06389, -21.61817 ], [ -52.07022, -21.59599 ], [ -52.08061, -21.58526 ], [ -52.09876, -21.57578 ], [ -52.1036, -21.56133 ], [ -52.09697, -21.53551 ], [ -52.0667, -21.50791 ], [ -52.0492, -21.5049 ], [ -52.00127, -21.51698 ], [ -51.96297, -21.50151 ], [ -51.96183, -21.50692 ], [ -51.96434, -21.51882 ], [ -51.96258, -21.52007 ], [ -51.96476, -21.52312 ], [ -51.95852, -21.52351 ], [ -51.95633, -21.52708 ], [ -51.95367, -21.52171 ], [ -51.95119, -21.52418 ], [ -51.94796, -21.52278 ], [ -51.94755, -21.52534 ], [ -51.94447, -21.52454 ], [ -51.94604, -21.52877 ], [ -51.94364, -21.52732 ], [ -51.94154, -21.52891 ], [ -51.94489, -21.53238 ], [ -51.94145, -21.53661 ], [ -51.94387, -21.53849 ], [ -51.94236, -21.54065 ], [ -51.94565, -21.54104 ], [ -51.94294, -21.544 ], [ -51.93914, -21.5439 ], [ -51.94117, -21.53973 ], [ -51.93713, -21.54339 ], [ -51.93304, -21.54055 ], [ -51.93173, -21.54185 ], [ -51.93525, -21.54562 ], [ -51.93016, -21.54885 ], [ -51.92688, -21.54744 ], [ -51.92764, -21.54973 ], [ -51.92454, -21.54987 ], [ -51.92165, -21.55874 ], [ -51.91147, -21.55607 ], [ -51.90984, -21.56024 ], [ -51.9053, -21.55997 ], [ -51.90788, -21.56323 ], [ -51.9048, -21.56492 ], [ -51.90427, -21.56152 ], [ -51.90291, -21.56531 ], [ -51.89952, -21.56215 ], [ -51.89326, -21.5649 ], [ -51.89585, -21.56645 ], [ -51.89384, -21.56887 ], [ -51.88474, -21.56848 ], [ -51.88367, -21.57005 ], [ -51.88606, -21.57093 ], [ -51.88093, -21.57593 ], [ -51.88118, -21.58311 ], [ -51.87241, -21.57552 ], [ -51.86937, -21.57948 ], [ -51.86749, -21.57594 ], [ -51.85442, -21.58021 ], [ -51.85275, -21.57699 ], [ -51.84906, -21.57699 ], [ -51.84906, -21.5806 ], [ -51.84608, -21.5781 ], [ -51.83864, -21.5783 ], [ -51.83929, -21.58184 ], [ -51.83629, -21.58093 ], [ -51.83644, -21.58372 ], [ -51.83407, -21.58098 ], [ -51.8317, -21.58328 ], [ -51.83268, -21.58054 ], [ -51.83067, -21.58161 ], [ -51.82987, -21.57983 ], [ -51.82762, -21.58523 ], [ -51.82428, -21.58614 ], [ -51.82218, -21.58376 ], [ -51.81424, -21.58772 ], [ -51.81357, -21.5904 ], [ -51.81326, -21.58615 ], [ -51.81215, -21.58867 ], [ -51.81035, -21.5865 ], [ -51.80768, -21.58957 ], [ -51.80577, -21.58823 ], [ -51.80662, -21.59186 ], [ -51.8049, -21.59268 ], [ -51.80848, -21.59569 ], [ -51.80426, -21.59483 ], [ -51.80478, -21.59661 ], [ -51.80258, -21.59671 ], [ -51.79916, -21.59369 ], [ -51.79892, -21.59588 ], [ -51.79354, -21.59419 ], [ -51.79154, -21.59676 ], [ -51.78944, -21.59467 ], [ -51.78626, -21.59605 ], [ -51.78754, -21.59867 ], [ -51.78473, -21.59665 ], [ -51.78611, -21.59947 ], [ -51.78321, -21.59962 ], [ -51.78489, -21.60165 ], [ -51.77966, -21.60377 ], [ -51.77799, -21.60716 ], [ -51.77715, -21.60411 ], [ -51.77113, -21.60704 ], [ -51.76402, -21.60326 ], [ -51.76405, -21.60083 ], [ -51.76082, -21.60142 ], [ -51.76043, -21.60369 ], [ -51.75738, -21.60234 ], [ -51.75657, -21.59891 ], [ -51.75288, -21.60067 ], [ -51.74868, -21.5941 ], [ -51.74476, -21.59219 ], [ -51.73932, -21.59149 ], [ -51.73711, -21.59401 ], [ -51.73042, -21.59194 ], [ -51.73212, -21.59351 ], [ -51.72667, -21.59415 ], [ -51.72776, -21.59721 ], [ -51.72675, -21.59578 ], [ -51.72599, -21.59782 ], [ -51.72492, -21.59538 ], [ -51.72057, -21.59669 ], [ -51.71837, -21.59482 ], [ -51.71953, -21.59674 ], [ -51.71613, -21.5976 ], [ -51.71294, -21.59582 ], [ -51.71235, -21.60038 ], [ -51.70919, -21.59932 ], [ -51.70571, -21.6045 ], [ -51.70425, -21.60291 ], [ -51.70212, -21.60442 ], [ -51.70484, -21.61238 ], [ -51.70223, -21.61263 ], [ -51.70232, -21.61473 ], [ -51.70528, -21.61372 ], [ -51.70649, -21.62039 ], [ -51.70413, -21.62076 ], [ -51.70609, -21.62301 ], [ -51.70462, -21.62825 ], [ -51.69837, -21.62904 ], [ -51.70099, -21.6316 ], [ -51.69868, -21.63382 ], [ -51.69139, -21.63044 ], [ -51.6899, -21.63329 ], [ -51.68604, -21.63251 ], [ -51.68599, -21.63613 ], [ -51.68346, -21.63404 ], [ -51.68029, -21.63593 ], [ -51.67678, -21.63552 ], [ -51.6753, -21.63178 ], [ -51.67202, -21.63178 ], [ -51.67108, -21.63459 ], [ -51.66998, -21.63221 ], [ -51.66535, -21.63725 ], [ -51.66588, -21.64215 ], [ -51.66335, -21.64303 ], [ -51.66389, -21.64058 ], [ -51.65844, -21.64379 ], [ -51.65627, -21.64113 ], [ -51.65326, -21.64502 ], [ -51.6486, -21.64462 ], [ -51.6513, -21.64678 ], [ -51.64744, -21.64915 ], [ -51.64936, -21.65191 ], [ -51.64693, -21.65559 ], [ -51.64352, -21.65507 ], [ -51.64531, -21.65798 ], [ -51.64189, -21.65717 ], [ -51.64405, -21.65976 ], [ -51.63734, -21.65818 ], [ -51.63925, -21.65975 ], [ -51.63571, -21.66354 ], [ -51.63668, -21.66115 ], [ -51.63147, -21.65973 ], [ -51.63035, -21.66509 ], [ -51.63331, -21.66563 ], [ -51.63188, -21.66702 ], [ -51.62916, -21.66767 ], [ -51.62791, -21.66545 ], [ -51.62742, -21.66792 ], [ -51.62411, -21.6672 ], [ -51.62404, -21.66985 ], [ -51.61594, -21.67052 ], [ -51.61272, -21.67674 ], [ -51.61061, -21.67554 ], [ -51.60506, -21.6812 ], [ -51.60287, -21.67949 ], [ -51.60203, -21.68289 ], [ -51.59655, -21.68285 ], [ -51.59281, -21.67981 ], [ -51.59182, -21.6813 ], [ -51.58988, -21.67844 ], [ -51.58836, -21.68334 ], [ -51.5847, -21.67901 ], [ -51.58336, -21.68055 ], [ -51.58204, -21.67835 ], [ -51.58166, -21.68044 ], [ -51.57818, -21.67822 ], [ -51.57802, -21.68284 ], [ -51.5692, -21.68655 ], [ -51.56744, -21.68363 ], [ -51.56418, -21.68497 ], [ -51.55948, -21.68194 ], [ -51.55498, -21.6852 ], [ -51.55225, -21.68261 ], [ -51.54137, -21.68519 ], [ -51.53762, -21.68382 ], [ -51.53437, -21.68712 ], [ -51.53583, -21.68955 ], [ -51.53062, -21.68976 ], [ -51.53311, -21.69089 ], [ -51.5295, -21.69076 ], [ -51.52558, -21.69816 ], [ -51.52369, -21.69657 ], [ -51.52018, -21.7013 ], [ -51.51956, -21.69932 ], [ -51.51251, -21.70074 ], [ -51.51075, -21.70633 ], [ -51.51406, -21.71204 ], [ -51.51267, -21.71833 ], [ -51.51737, -21.72292 ], [ -51.52582, -21.72603 ], [ -51.5284, -21.7309 ], [ -51.5264, -21.73251 ], [ -51.52927, -21.73782 ], [ -51.52861, -21.74168 ], [ -51.53249, -21.74265 ], [ -51.53318, -21.75146 ], [ -51.53034, -21.75781 ], [ -51.53367, -21.7632 ], [ -51.52551, -21.77477 ], [ -51.53525, -21.78839 ], [ -51.539, -21.80735 ], [ -51.54537, -21.8121 ], [ -51.55206, -21.82193 ], [ -51.55386, -21.83572 ], [ -51.5637, -21.84308 ], [ -51.56524, -21.84814 ], [ -51.57231, -21.84829 ], [ -51.58088, -21.8591 ], [ -51.58532, -21.86923 ], [ -51.58132, -21.87953 ], [ -51.58794, -21.89854 ], [ -51.5863, -21.90485 ], [ -51.57281, -21.90798 ], [ -51.55306, -21.90488 ], [ -51.5511, -21.90926 ], [ -51.55295, -21.91235 ], [ -51.55757, -21.91304 ], [ -51.56027, -21.92202 ], [ -51.57359, -21.93423 ], [ -51.57096, -21.93606 ], [ -51.57075, -21.94168 ], [ -51.57334, -21.94519 ], [ -51.57291, -21.94986 ], [ -51.57936, -21.95476 ], [ -51.57981, -21.96315 ], [ -51.58596, -21.97191 ], [ -51.6084, -21.9731 ], [ -51.60785, -21.97631 ], [ -51.5996, -21.98422 ], [ -51.60025, -21.99861 ], [ -51.61951, -22.00388 ], [ -51.63224, -22.01296 ], [ -51.63511, -22.01818 ], [ -51.64403, -22.02263 ], [ -51.65119, -22.03207 ], [ -51.6585, -22.05202 ], [ -51.6666, -22.04991 ], [ -51.67683, -22.06131 ], [ -51.68101, -22.0571 ], [ -51.68905, -22.05962 ], [ -51.69072, -22.06977 ], [ -51.70515, -22.07918 ], [ -51.70607, -22.08434 ], [ -51.7134, -22.08571 ], [ -51.73189, -22.09983 ], [ -51.73029, -22.11178 ], [ -51.72017, -22.12108 ], [ -51.71833, -22.12555 ], [ -51.69845, -22.13884 ], [ -51.68276, -22.142 ], [ -51.67116, -22.15397 ], [ -51.66993, -22.16086 ], [ -51.65574, -22.16533 ], [ -51.65016, -22.17577 ], [ -51.64013, -22.18653 ], [ -51.63808, -22.19121 ], [ -51.63945, -22.19562 ], [ -51.65495, -22.20072 ], [ -51.66411, -22.19474 ], [ -51.67715, -22.19636 ], [ -51.6973, -22.19241 ], [ -51.72365, -22.1768 ], [ -51.73866, -22.18025 ], [ -51.74254, -22.19598 ], [ -51.74768, -22.19944 ], [ -51.76463, -22.20179 ], [ -51.77219, -22.21657 ], [ -51.77048, -22.22065 ], [ -51.7542, -22.23401 ], [ -51.75381, -22.24066 ], [ -51.75766, -22.2459 ], [ -51.75318, -22.25034 ], [ -51.7572, -22.25503 ], [ -51.7554, -22.26583 ], [ -51.76323, -22.27473 ], [ -51.77056, -22.27604 ], [ -51.78586, -22.26811 ], [ -51.79148, -22.26897 ], [ -51.79584, -22.29407 ], [ -51.81407, -22.30842 ], [ -51.82551, -22.34292 ], [ -51.83912, -22.35793 ], [ -51.83916, -22.36266 ], [ -51.84477, -22.37064 ], [ -51.84266, -22.37703 ], [ -51.84544, -22.37927 ], [ -51.84549, -22.39367 ], [ -51.8492, -22.39546 ], [ -51.84869, -22.40243 ], [ -51.85076, -22.40295 ], [ -51.85097, -22.40681 ], [ -51.85609, -22.41082 ], [ -51.85575, -22.41368 ], [ -51.85952, -22.41368 ], [ -51.86313, -22.42219 ], [ -51.86641, -22.42071 ], [ -51.87327, -22.42452 ], [ -51.88033, -22.42402 ], [ -51.8854, -22.42803 ], [ -51.88776, -22.43672 ], [ -51.89436, -22.44277 ], [ -51.89441, -22.45155 ], [ -51.90638, -22.46578 ], [ -51.90694, -22.47089 ], [ -51.91387, -22.48003 ], [ -51.91488, -22.48643 ], [ -51.92099, -22.48768 ], [ -51.9235, -22.49159 ], [ -51.92597, -22.49059 ], [ -51.93038, -22.49556 ], [ -51.92984, -22.50081 ], [ -51.93774, -22.50375 ], [ -51.94495, -22.5103 ], [ -51.94445, -22.51221 ], [ -51.95251, -22.51666 ], [ -51.95806, -22.51382 ], [ -51.973, -22.51256 ], [ -51.97652, -22.51413 ], [ -51.98233, -22.50369 ], [ -51.98601, -22.50683 ], [ -51.99714, -22.5019 ], [ -52.00363, -22.50441 ], [ -52.0047, -22.50788 ], [ -52.01756, -22.5023 ], [ -52.02052, -22.50426 ], [ -52.01882, -22.50761 ], [ -52.0254, -22.51646 ], [ -52.02567, -22.52149 ], [ -52.02796, -22.52216 ], [ -52.02664, -22.5332 ], [ -52.03251, -22.53956 ], [ -52.06098, -22.53793 ], [ -52.09732, -22.51833 ], [ -52.11222, -22.51635 ], [ -52.12698, -22.52036 ], [ -52.13722, -22.52871 ], [ -52.14351, -22.53923 ], [ -52.15951, -22.58548 ], [ -52.16245, -22.60398 ], [ -52.1572, -22.62944 ], [ -52.15697, -22.64379 ], [ -52.16847, -22.65068 ], [ -52.20152, -22.66091 ], [ -52.21398, -22.67193 ], [ -52.22135, -22.67483 ] ] ] } },
{ "type": "Feature", "properties": { "rc": "RC 07.04", "uba": "Pirajú", "regional": "DR 07", "regional_cgr": "CGR 07" }, "geometry": { "type": "Polygon", "coordinates": [ [ [ -49.47805, -23.54077 ], [ -49.48629, -23.52723 ], [ -49.49961, -23.51927 ], [ -49.50949, -23.50946 ], [ -49.5184, -23.5071 ], [ -49.52819, -23.51054 ], [ -49.53601, -23.50581 ], [ -49.53384, -23.50223 ], [ -49.54352, -23.49974 ], [ -49.5486, -23.49528 ], [ -49.55922, -23.49375 ], [ -49.56379, -23.49581 ], [ -49.56736, -23.49045 ], [ -49.57725, -23.49176 ], [ -49.58013, -23.48534 ], [ -49.57769, -23.47928 ], [ -49.58793, -23.47855 ], [ -49.59451, -23.47369 ], [ -49.5918, -23.46295 ], [ -49.5953, -23.46502 ], [ -49.59599, -23.46264 ], [ -49.59225, -23.45961 ], [ -49.59606, -23.45942 ], [ -49.60295, -23.45366 ], [ -49.60188, -23.44961 ], [ -49.59794, -23.44616 ], [ -49.59492, -23.4385 ], [ -49.59038, -23.43557 ], [ -49.57748, -23.43688 ], [ -49.57585, -23.44338 ], [ -49.5716, -23.44299 ], [ -49.56877, -23.43962 ], [ -49.57228, -23.43533 ], [ -49.56631, -23.42695 ], [ -49.56879, -23.4255 ], [ -49.5747, -23.4313 ], [ -49.57992, -23.43199 ], [ -49.58162, -23.42933 ], [ -49.5787, -23.42224 ], [ -49.58006, -23.41466 ], [ -49.58939, -23.41594 ], [ -49.59365, -23.40666 ], [ -49.6015, -23.40875 ], [ -49.60455, -23.4063 ], [ -49.60422, -23.40213 ], [ -49.59944, -23.4007 ], [ -49.59893, -23.39812 ], [ -49.60867, -23.39343 ], [ -49.61702, -23.39813 ], [ -49.62169, -23.39554 ], [ -49.62042, -23.38867 ], [ -49.60122, -23.38343 ], [ -49.59242, -23.38933 ], [ -49.59087, -23.38236 ], [ -49.5964, -23.37501 ], [ -49.59518, -23.36723 ], [ -49.60461, -23.35868 ], [ -49.61669, -23.35179 ], [ -49.62178, -23.3567 ], [ -49.63223, -23.35674 ], [ -49.63759, -23.35085 ], [ -49.63621, -23.34006 ], [ -49.63, -23.34405 ], [ -49.62162, -23.33229 ], [ -49.62362, -23.3179 ], [ -49.62857, -23.31262 ], [ -49.63173, -23.30355 ], [ -49.6258, -23.28477 ], [ -49.6287, -23.27771 ], [ -49.63549, -23.27183 ], [ -49.63457, -23.26937 ], [ -49.6409, -23.25547 ], [ -49.64779, -23.25085 ], [ -49.64433, -23.24014 ], [ -49.6527, -23.2358 ], [ -49.65501, -23.22743 ], [ -49.65281, -23.21357 ], [ -49.66114, -23.20176 ], [ -49.66284, -23.1936 ], [ -49.67662, -23.17631 ], [ -49.68313, -23.17417 ], [ -49.67819, -23.16585 ], [ -49.68331, -23.16386 ], [ -49.69771, -23.16559 ], [ -49.704, -23.15833 ], [ -49.70137, -23.15279 ], [ -49.7117, -23.1568 ], [ -49.71841, -23.14814 ], [ -49.72997, -23.14268 ], [ -49.7347, -23.13283 ], [ -49.73028, -23.12632 ], [ -49.72528, -23.1098 ], [ -49.73941, -23.09914 ], [ -49.75048, -23.09714 ], [ -49.75577, -23.10308 ], [ -49.76577, -23.10539 ], [ -49.77415, -23.10168 ], [ -49.79176, -23.10269 ], [ -49.79711, -23.09407 ], [ -49.80841, -23.09413 ], [ -49.81342, -23.0794 ], [ -49.82784, -23.07667 ], [ -49.83484, -23.06725 ], [ -49.83262, -23.06028 ], [ -49.83695, -23.04653 ], [ -49.82796, -23.03057 ], [ -49.82739, -23.02368 ], [ -49.81577, -23.01287 ], [ -49.81459, -23.00586 ], [ -49.80559, -23.00161 ], [ -49.80499, -22.9954 ], [ -49.795, -22.97703 ], [ -49.79802, -22.97333 ], [ -49.79401, -22.96783 ], [ -49.78065, -22.97318 ], [ -49.77451, -22.97261 ], [ -49.77301, -22.97764 ], [ -49.76348, -22.96953 ], [ -49.76298, -22.9354 ], [ -49.76525, -22.92802 ], [ -49.76333, -22.92229 ], [ -49.76391, -22.89061 ], [ -49.76886, -22.89191 ], [ -49.77461, -22.88857 ], [ -49.7805, -22.87009 ], [ -49.77445, -22.86646 ], [ -49.78, -22.86066 ], [ -49.77142, -22.85303 ], [ -49.77647, -22.85064 ], [ -49.77797, -22.84452 ], [ -49.77183, -22.84227 ], [ -49.77132, -22.83653 ], [ -49.7613, -22.83286 ], [ -49.76468, -22.82583 ], [ -49.75929, -22.82174 ], [ -49.75985, -22.81724 ], [ -49.75748, -22.81368 ], [ -49.75925, -22.80129 ], [ -49.74734, -22.80114 ], [ -49.75217, -22.79762 ], [ -49.74445, -22.7923 ], [ -49.74746, -22.78129 ], [ -49.73669, -22.77175 ], [ -49.73335, -22.77357 ], [ -49.73493, -22.78168 ], [ -49.73241, -22.78383 ], [ -49.7326, -22.78749 ], [ -49.72585, -22.79053 ], [ -49.71766, -22.78506 ], [ -49.71643, -22.78042 ], [ -49.71142, -22.78351 ], [ -49.71114, -22.77741 ], [ -49.70054, -22.78239 ], [ -49.68746, -22.78305 ], [ -49.6847, -22.77836 ], [ -49.67692, -22.77491 ], [ -49.67971, -22.7719 ], [ -49.67879, -22.76875 ], [ -49.6817, -22.76708 ], [ -49.67671, -22.76428 ], [ -49.67451, -22.75876 ], [ -49.67108, -22.75996 ], [ -49.6696, -22.76684 ], [ -49.66478, -22.76402 ], [ -49.66334, -22.75927 ], [ -49.65563, -22.75964 ], [ -49.65041, -22.76408 ], [ -49.64909, -22.75778 ], [ -49.64368, -22.75914 ], [ -49.64225, -22.75461 ], [ -49.63651, -22.75054 ], [ -49.64064, -22.74623 ], [ -49.63471, -22.74541 ], [ -49.63149, -22.73901 ], [ -49.63604, -22.73696 ], [ -49.63657, -22.73375 ], [ -49.63378, -22.73196 ], [ -49.62776, -22.73314 ], [ -49.62415, -22.73015 ], [ -49.62613, -22.72584 ], [ -49.62257, -22.72432 ], [ -49.62179, -22.71793 ], [ -49.61795, -22.71231 ], [ -49.61231, -22.71237 ], [ -49.60484, -22.71904 ], [ -49.60156, -22.71539 ], [ -49.59558, -22.71399 ], [ -49.59721, -22.70986 ], [ -49.60682, -22.7103 ], [ -49.60665, -22.70598 ], [ -49.60141, -22.70241 ], [ -49.60332, -22.70058 ], [ -49.60831, -22.7017 ], [ -49.60949, -22.69899 ], [ -49.60488, -22.69275 ], [ -49.6062, -22.68664 ], [ -49.59946, -22.68218 ], [ -49.60228, -22.6753 ], [ -49.59637, -22.66861 ], [ -49.60095, -22.65721 ], [ -49.59842, -22.65259 ], [ -49.59646, -22.65386 ], [ -49.59169, -22.64988 ], [ -49.58971, -22.64553 ], [ -49.59255, -22.64233 ], [ -49.5904, -22.63656 ], [ -49.59218, -22.63416 ], [ -49.58713, -22.62713 ], [ -49.58785, -22.62311 ], [ -49.58045, -22.61653 ], [ -49.58491, -22.60395 ], [ -49.57871, -22.60186 ], [ -49.57612, -22.59503 ], [ -49.56914, -22.58699 ], [ -49.56731, -22.57595 ], [ -49.55989, -22.57522 ], [ -49.55813, -22.56493 ], [ -49.55384, -22.55813 ], [ -49.54496, -22.56316 ], [ -49.54018, -22.56036 ], [ -49.53884, -22.55655 ], [ -49.54398, -22.55172 ], [ -49.54372, -22.54862 ], [ -49.53361, -22.54646 ], [ -49.5317, -22.53833 ], [ -49.52516, -22.53518 ], [ -49.52424, -22.53136 ], [ -49.5273, -22.52798 ], [ -49.52542, -22.52259 ], [ -49.52013, -22.52381 ], [ -49.51829, -22.51748 ], [ -49.50992, -22.51783 ], [ -49.50674, -22.51288 ], [ -49.50096, -22.5166 ], [ -49.48952, -22.54171 ], [ -49.47274, -22.55607 ], [ -49.46565, -22.55765 ], [ -49.45484, -22.56674 ], [ -49.45188, -22.57605 ], [ -49.45708, -22.57706 ], [ -49.45338, -22.58388 ], [ -49.45543, -22.58599 ], [ -49.47281, -22.5937 ], [ -49.4704, -22.60077 ], [ -49.47663, -22.60291 ], [ -49.47883, -22.60888 ], [ -49.49963, -22.61142 ], [ -49.49468, -22.62464 ], [ -49.50334, -22.63411 ], [ -49.50802, -22.64332 ], [ -49.49981, -22.65003 ], [ -49.49771, -22.65687 ], [ -49.50229, -22.6764 ], [ -49.50696, -22.68414 ], [ -49.50003, -22.69704 ], [ -49.50247, -22.70305 ], [ -49.49838, -22.71727 ], [ -49.49884, -22.72374 ], [ -49.49544, -22.72669 ], [ -49.48395, -22.72471 ], [ -49.47201, -22.72951 ], [ -49.41737, -22.73837 ], [ -49.39666, -22.73844 ], [ -49.39308, -22.74249 ], [ -49.37978, -22.73343 ], [ -49.37889, -22.74241 ], [ -49.38548, -22.75972 ], [ -49.38429, -22.76686 ], [ -49.37822, -22.77607 ], [ -49.36734, -22.78298 ], [ -49.36018, -22.78455 ], [ -49.34891, -22.78294 ], [ -49.33958, -22.77881 ], [ -49.33472, -22.7747 ], [ -49.3307, -22.76633 ], [ -49.32452, -22.76371 ], [ -49.30865, -22.76208 ], [ -49.30083, -22.76536 ], [ -49.29318, -22.76443 ], [ -49.28817, -22.77058 ], [ -49.27831, -22.7717 ], [ -49.27259, -22.76213 ], [ -49.26634, -22.75953 ], [ -49.26155, -22.75305 ], [ -49.24996, -22.74949 ], [ -49.23967, -22.7522 ], [ -49.22826, -22.76012 ], [ -49.2249, -22.75036 ], [ -49.21064, -22.74287 ], [ -49.20366, -22.73546 ], [ -49.19814, -22.72202 ], [ -49.19057, -22.72542 ], [ -49.18463, -22.72253 ], [ -49.18152, -22.72878 ], [ -49.17388, -22.72921 ], [ -49.17273, -22.72466 ], [ -49.16508, -22.71779 ], [ -49.16255, -22.7058 ], [ -49.15794, -22.70003 ], [ -49.15172, -22.68373 ], [ -49.13548, -22.67664 ], [ -49.13319, -22.67217 ], [ -49.12018, -22.67179 ], [ -49.1087, -22.67516 ], [ -49.10453, -22.66891 ], [ -49.09538, -22.66629 ], [ -49.097, -22.68041 ], [ -49.09451, -22.68593 ], [ -49.09291, -22.70415 ], [ -49.0671, -22.73018 ], [ -49.05773, -22.73594 ], [ -49.05242, -22.75433 ], [ -49.0372, -22.76305 ], [ -49.03055, -22.7629 ], [ -49.02664, -22.77156 ], [ -49.02323, -22.7898 ], [ -49.02904, -22.79742 ], [ -49.02959, -22.81826 ], [ -49.03291, -22.82303 ], [ -49.03304, -22.83053 ], [ -49.02848, -22.83519 ], [ -49.01393, -22.84021 ], [ -49.01102, -22.83285 ], [ -48.99623, -22.81861 ], [ -48.99313, -22.82786 ], [ -48.98331, -22.84021 ], [ -48.98699, -22.85144 ], [ -48.9907, -22.85268 ], [ -48.99181, -22.87056 ], [ -48.99649, -22.87489 ], [ -48.99696, -22.88149 ], [ -49.00457, -22.88735 ], [ -49.00218, -22.89011 ], [ -48.99945, -22.88819 ], [ -48.99211, -22.8909 ], [ -48.99055, -22.89682 ], [ -48.98634, -22.89379 ], [ -48.98783, -22.89917 ], [ -48.98463, -22.89841 ], [ -48.98139, -22.90175 ], [ -48.98264, -22.90875 ], [ -48.98708, -22.91483 ], [ -49.0061, -22.92982 ], [ -49.02074, -22.95817 ], [ -49.02355, -22.9601 ], [ -49.03365, -22.95882 ], [ -49.03589, -22.96918 ], [ -49.04049, -22.97479 ], [ -49.04332, -22.98566 ], [ -49.04881, -22.99479 ], [ -49.04828, -23.00018 ], [ -49.0549, -23.01015 ], [ -49.05026, -23.02128 ], [ -49.06055, -23.0358 ], [ -49.07352, -23.0417 ], [ -49.07183, -23.05169 ], [ -49.07836, -23.05724 ], [ -49.08041, -23.06552 ], [ -49.06764, -23.09286 ], [ -49.07249, -23.09369 ], [ -49.07704, -23.09807 ], [ -49.08326, -23.09819 ], [ -49.08943, -23.10366 ], [ -49.09244, -23.09607 ], [ -49.12242, -23.09574 ], [ -49.12166, -23.11123 ], [ -49.12652, -23.11269 ], [ -49.12981, -23.12043 ], [ -49.13609, -23.12508 ], [ -49.13455, -23.13297 ], [ -49.13737, -23.14245 ], [ -49.13551, -23.14922 ], [ -49.14316, -23.15848 ], [ -49.13944, -23.17547 ], [ -49.14314, -23.18283 ], [ -49.14114, -23.1904 ], [ -49.14464, -23.20327 ], [ -49.14435, -23.21152 ], [ -49.13973, -23.22645 ], [ -49.15102, -23.2406 ], [ -49.1506, -23.26234 ], [ -49.16153, -23.26364 ], [ -49.18482, -23.26056 ], [ -49.19723, -23.24863 ], [ -49.21087, -23.24528 ], [ -49.20681, -23.25441 ], [ -49.2091, -23.26176 ], [ -49.20807, -23.27211 ], [ -49.19744, -23.28848 ], [ -49.20175, -23.29593 ], [ -49.21419, -23.2995 ], [ -49.21398, -23.3035 ], [ -49.20421, -23.31222 ], [ -49.20166, -23.32208 ], [ -49.21887, -23.35229 ], [ -49.21433, -23.35894 ], [ -49.20995, -23.36025 ], [ -49.20961, -23.36631 ], [ -49.21341, -23.37262 ], [ -49.20434, -23.38165 ], [ -49.2126, -23.38679 ], [ -49.22307, -23.38339 ], [ -49.22449, -23.3849 ], [ -49.21988, -23.39222 ], [ -49.2064, -23.40421 ], [ -49.20755, -23.41417 ], [ -49.2147, -23.41797 ], [ -49.22367, -23.41716 ], [ -49.22842, -23.42179 ], [ -49.2294, -23.41781 ], [ -49.23675, -23.41441 ], [ -49.24003, -23.41658 ], [ -49.24367, -23.41372 ], [ -49.24727, -23.41483 ], [ -49.25193, -23.40857 ], [ -49.25706, -23.40724 ], [ -49.26725, -23.41307 ], [ -49.27104, -23.4087 ], [ -49.27951, -23.41269 ], [ -49.28645, -23.41028 ], [ -49.28859, -23.41478 ], [ -49.29363, -23.41726 ], [ -49.29943, -23.41491 ], [ -49.30166, -23.40787 ], [ -49.30871, -23.40768 ], [ -49.31732, -23.40019 ], [ -49.33161, -23.4048 ], [ -49.33732, -23.41371 ], [ -49.35065, -23.4183 ], [ -49.35477, -23.41642 ], [ -49.35861, -23.4184 ], [ -49.36189, -23.42281 ], [ -49.36221, -23.42925 ], [ -49.36079, -23.43434 ], [ -49.34974, -23.44302 ], [ -49.34629, -23.45016 ], [ -49.3229, -23.46877 ], [ -49.32367, -23.4773 ], [ -49.32806, -23.47492 ], [ -49.33695, -23.47821 ], [ -49.33187, -23.488 ], [ -49.33382, -23.49477 ], [ -49.34356, -23.51046 ], [ -49.3467, -23.5101 ], [ -49.34911, -23.51296 ], [ -49.3312, -23.52524 ], [ -49.34607, -23.5276 ], [ -49.35478, -23.52424 ], [ -49.36301, -23.52955 ], [ -49.37077, -23.52442 ], [ -49.38352, -23.52533 ], [ -49.39154, -23.53412 ], [ -49.40217, -23.53642 ], [ -49.41862, -23.52868 ], [ -49.42604, -23.53214 ], [ -49.43423, -23.52715 ], [ -49.44657, -23.52997 ], [ -49.45321, -23.52716 ], [ -49.46167, -23.53397 ], [ -49.47298, -23.53463 ], [ -49.47805, -23.54077 ] ] ] } },
{ "type": "Feature", "properties": { "rc": "RC 02.06", "uba": "Tietê", "regional": "DR 02", "regional_cgr": "CGR 02" }, "geometry": { "type": "Polygon", "coordinates": [ [ [ -47.77743, -23.25318 ], [ -47.78299, -23.25195 ], [ -47.78107, -23.23809 ], [ -47.78607, -23.23471 ], [ -47.77994, -23.23191 ], [ -47.78212, -23.22749 ], [ -47.77993, -23.22322 ], [ -47.78339, -23.22213 ], [ -47.78498, -23.23106 ], [ -47.79474, -23.22822 ], [ -47.80071, -23.23429 ], [ -47.807, -23.23653 ], [ -47.81473, -23.22722 ], [ -47.80978, -23.22172 ], [ -47.80196, -23.22541 ], [ -47.80159, -23.22197 ], [ -47.80495, -23.21728 ], [ -47.80277, -23.21142 ], [ -47.81186, -23.21592 ], [ -47.82746, -23.2038 ], [ -47.81878, -23.19958 ], [ -47.8181, -23.19121 ], [ -47.81443, -23.19072 ], [ -47.813, -23.19388 ], [ -47.80899, -23.18902 ], [ -47.81034, -23.18672 ], [ -47.8067, -23.18622 ], [ -47.81813, -23.17749 ], [ -47.81817, -23.17408 ], [ -47.81361, -23.17036 ], [ -47.80428, -23.16915 ], [ -47.81474, -23.1532 ], [ -47.82738, -23.14979 ], [ -47.83693, -23.15428 ], [ -47.83891, -23.15748 ], [ -47.84485, -23.15848 ], [ -47.84413, -23.16354 ], [ -47.84133, -23.16248 ], [ -47.83664, -23.16816 ], [ -47.84055, -23.1716 ], [ -47.83958, -23.17404 ], [ -47.85121, -23.17233 ], [ -47.85953, -23.17529 ], [ -47.85984, -23.17104 ], [ -47.86459, -23.16954 ], [ -47.87584, -23.15964 ], [ -47.88493, -23.16377 ], [ -47.89092, -23.16008 ], [ -47.92573, -23.16243 ], [ -47.92655, -23.15768 ], [ -47.93784, -23.1612 ], [ -47.94089, -23.16293 ], [ -47.94109, -23.16684 ], [ -47.94893, -23.16957 ], [ -47.94525, -23.17834 ], [ -47.9471, -23.181 ], [ -47.96311, -23.18287 ], [ -47.97006, -23.18898 ], [ -47.97494, -23.187 ], [ -47.97932, -23.18838 ], [ -47.9782, -23.2018 ], [ -47.97175, -23.20826 ], [ -47.97673, -23.21421 ], [ -47.98189, -23.21553 ], [ -47.98139, -23.21944 ], [ -47.99668, -23.22338 ], [ -48.01359, -23.22375 ], [ -48.02045, -23.22743 ], [ -48.03277, -23.22326 ], [ -48.0575, -23.23187 ], [ -48.05109, -23.22396 ], [ -48.05018, -23.21908 ], [ -48.04358, -23.21685 ], [ -48.03599, -23.20754 ], [ -48.02491, -23.20145 ], [ -48.02462, -23.19646 ], [ -48.02208, -23.19529 ], [ -48.02026, -23.18947 ], [ -48.02204, -23.18518 ], [ -48.01204, -23.17008 ], [ -48.01403, -23.16714 ], [ -48.03308, -23.16125 ], [ -48.04462, -23.1536 ], [ -48.04919, -23.15368 ], [ -48.05247, -23.14827 ], [ -48.06192, -23.14664 ], [ -48.0609, -23.13327 ], [ -48.05114, -23.12895 ], [ -48.04792, -23.12037 ], [ -48.05719, -23.1112 ], [ -48.05947, -23.10606 ], [ -48.05741, -23.10328 ], [ -48.06224, -23.09426 ], [ -48.06779, -23.09094 ], [ -48.07576, -23.09073 ], [ -48.08378, -23.08174 ], [ -48.08831, -23.0798 ], [ -48.09251, -23.08421 ], [ -48.10456, -23.08954 ], [ -48.1094, -23.09794 ], [ -48.12346, -23.09273 ], [ -48.12632, -23.08841 ], [ -48.14621, -23.08907 ], [ -48.15087, -23.08319 ], [ -48.15908, -23.0862 ], [ -48.15969, -23.08208 ], [ -48.1662, -23.08017 ], [ -48.16288, -23.07722 ], [ -48.1535, -23.07735 ], [ -48.15612, -23.07017 ], [ -48.15395, -23.06895 ], [ -48.15209, -23.07108 ], [ -48.1502, -23.06832 ], [ -48.14715, -23.0804 ], [ -48.14443, -23.07226 ], [ -48.14292, -23.07287 ], [ -48.14382, -23.07033 ], [ -48.13868, -23.06418 ], [ -48.14522, -23.06505 ], [ -48.14452, -23.06 ], [ -48.14163, -23.05794 ], [ -48.13357, -23.06136 ], [ -48.1297, -23.05825 ], [ -48.13534, -23.05116 ], [ -48.13353, -23.04711 ], [ -48.13589, -23.04424 ], [ -48.13282, -23.04353 ], [ -48.13517, -23.03909 ], [ -48.13081, -23.03915 ], [ -48.13018, -23.03239 ], [ -48.12314, -23.02979 ], [ -48.14001, -23.02223 ], [ -48.12911, -23.01964 ], [ -48.12647, -23.0165 ], [ -48.12618, -23.01285 ], [ -48.12823, -23.01214 ], [ -48.12646, -23.0114 ], [ -48.12968, -23.00874 ], [ -48.12551, -23.00525 ], [ -48.12504, -23.0017 ], [ -48.12902, -22.99748 ], [ -48.1309, -22.98952 ], [ -48.12777, -22.9888 ], [ -48.12969, -22.98855 ], [ -48.1302, -22.98416 ], [ -48.12937, -22.97935 ], [ -48.12742, -22.97959 ], [ -48.12915, -22.9779 ], [ -48.12578, -22.97508 ], [ -48.1261, -22.97075 ], [ -48.12971, -22.97085 ], [ -48.12893, -22.96901 ], [ -48.13092, -22.96987 ], [ -48.13591, -22.9648 ], [ -48.13927, -22.9652 ], [ -48.13532, -22.95662 ], [ -48.12992, -22.95383 ], [ -48.1294, -22.94974 ], [ -48.13402, -22.94784 ], [ -48.13106, -22.9434 ], [ -48.12872, -22.94367 ], [ -48.13039, -22.94268 ], [ -48.12752, -22.94281 ], [ -48.12906, -22.93767 ], [ -48.12247, -22.93 ], [ -48.12645, -22.92691 ], [ -48.1344, -22.92858 ], [ -48.13245, -22.92233 ], [ -48.13983, -22.91857 ], [ -48.13417, -22.9108 ], [ -48.13973, -22.90554 ], [ -48.13567, -22.90404 ], [ -48.13993, -22.90445 ], [ -48.13269, -22.89898 ], [ -48.12896, -22.89975 ], [ -48.12814, -22.8965 ], [ -48.12592, -22.89661 ], [ -48.12741, -22.89515 ], [ -48.12057, -22.89206 ], [ -48.12932, -22.88721 ], [ -48.13009, -22.88913 ], [ -48.13207, -22.88825 ], [ -48.13202, -22.881 ], [ -48.12595, -22.8819 ], [ -48.12541, -22.87963 ], [ -48.12416, -22.8822 ], [ -48.12095, -22.88071 ], [ -48.11743, -22.8828 ], [ -48.11455, -22.88079 ], [ -48.11609, -22.87897 ], [ -48.11369, -22.87649 ], [ -48.11432, -22.86837 ], [ -48.11917, -22.86754 ], [ -48.11994, -22.87042 ], [ -48.12145, -22.86188 ], [ -48.11267, -22.85496 ], [ -48.10594, -22.86301 ], [ -48.10699, -22.85902 ], [ -48.1014, -22.85131 ], [ -48.1138, -22.8489 ], [ -48.11167, -22.84372 ], [ -48.11563, -22.84222 ], [ -48.11011, -22.83973 ], [ -48.11366, -22.83604 ], [ -48.11254, -22.83365 ], [ -48.10036, -22.82771 ], [ -48.10078, -22.82119 ], [ -48.09728, -22.82147 ], [ -48.09736, -22.82688 ], [ -48.088, -22.82198 ], [ -48.07889, -22.82907 ], [ -48.06676, -22.82271 ], [ -48.0589, -22.82595 ], [ -48.05144, -22.82507 ], [ -48.03878, -22.84625 ], [ -48.01221, -22.85416 ], [ -48.00269, -22.86705 ], [ -48.00192, -22.8773 ], [ -48.00635, -22.88237 ], [ -48.01491, -22.88333 ], [ -48.01527, -22.88649 ], [ -48.00943, -22.89555 ], [ -48.00172, -22.89892 ], [ -47.9934, -22.89593 ], [ -47.98828, -22.88897 ], [ -47.99085, -22.87595 ], [ -47.98619, -22.86896 ], [ -47.98192, -22.87019 ], [ -47.98122, -22.87611 ], [ -47.97497, -22.88442 ], [ -47.97342, -22.89651 ], [ -47.96885, -22.89982 ], [ -47.95826, -22.88903 ], [ -47.94795, -22.88832 ], [ -47.93741, -22.88295 ], [ -47.91583, -22.88406 ], [ -47.90596, -22.87688 ], [ -47.90029, -22.87756 ], [ -47.89617, -22.86868 ], [ -47.88148, -22.86288 ], [ -47.87516, -22.86388 ], [ -47.86483, -22.86033 ], [ -47.85765, -22.86651 ], [ -47.86105, -22.87867 ], [ -47.86395, -22.88113 ], [ -47.86296, -22.88455 ], [ -47.8706, -22.89324 ], [ -47.86857, -22.89858 ], [ -47.84486, -22.90129 ], [ -47.83494, -22.89631 ], [ -47.83204, -22.88554 ], [ -47.80617, -22.87636 ], [ -47.76406, -22.90245 ], [ -47.75733, -22.91396 ], [ -47.75975, -22.92214 ], [ -47.75463, -22.9234 ], [ -47.74579, -22.93244 ], [ -47.72267, -22.93231 ], [ -47.72257, -22.91962 ], [ -47.71425, -22.91164 ], [ -47.70138, -22.91923 ], [ -47.69848, -22.92235 ], [ -47.69785, -22.93119 ], [ -47.69262, -22.94136 ], [ -47.67844, -22.95678 ], [ -47.67597, -22.96323 ], [ -47.67688, -22.96804 ], [ -47.66962, -22.97487 ], [ -47.67043, -22.98063 ], [ -47.66551, -22.98391 ], [ -47.66372, -22.99023 ], [ -47.66822, -22.99325 ], [ -47.66169, -22.99663 ], [ -47.65747, -22.99594 ], [ -47.65868, -22.98942 ], [ -47.65145, -22.99142 ], [ -47.65197, -22.98638 ], [ -47.64725, -22.98357 ], [ -47.6462, -22.98862 ], [ -47.64116, -22.99247 ], [ -47.63868, -22.9881 ], [ -47.6359, -22.98767 ], [ -47.63643, -22.99323 ], [ -47.63263, -22.99761 ], [ -47.63008, -22.98937 ], [ -47.62467, -22.98656 ], [ -47.62376, -22.98811 ], [ -47.62807, -22.9913 ], [ -47.61726, -22.99889 ], [ -47.60998, -22.99847 ], [ -47.60818, -23.00385 ], [ -47.60437, -22.99848 ], [ -47.60109, -22.99931 ], [ -47.60337, -23.003 ], [ -47.60187, -23.00667 ], [ -47.60338, -23.01266 ], [ -47.59214, -23.00786 ], [ -47.58079, -23.00899 ], [ -47.58238, -23.01252 ], [ -47.57723, -23.01804 ], [ -47.57481, -23.01194 ], [ -47.57165, -23.01515 ], [ -47.56628, -23.01195 ], [ -47.56068, -23.01424 ], [ -47.54755, -23.00949 ], [ -47.54504, -23.01195 ], [ -47.5483, -23.00398 ], [ -47.55229, -23.00663 ], [ -47.5582, -23.00231 ], [ -47.55665, -22.99761 ], [ -47.54937, -23.00283 ], [ -47.54551, -23.0017 ], [ -47.54883, -22.9956 ], [ -47.54103, -23.00083 ], [ -47.53614, -22.99893 ], [ -47.52784, -23.00009 ], [ -47.5301, -23.00375 ], [ -47.52398, -23.00968 ], [ -47.51966, -23.02004 ], [ -47.52816, -23.03739 ], [ -47.53473, -23.04159 ], [ -47.53458, -23.04837 ], [ -47.5304, -23.05103 ], [ -47.52462, -23.06036 ], [ -47.52342, -23.06822 ], [ -47.51805, -23.07547 ], [ -47.50915, -23.08227 ], [ -47.51001, -23.09211 ], [ -47.52688, -23.09579 ], [ -47.52972, -23.10126 ], [ -47.53634, -23.1017 ], [ -47.54206, -23.0983 ], [ -47.55354, -23.09844 ], [ -47.56332, -23.09069 ], [ -47.5674, -23.09867 ], [ -47.57268, -23.09833 ], [ -47.58127, -23.10369 ], [ -47.5922, -23.10307 ], [ -47.59766, -23.09932 ], [ -47.60708, -23.09856 ], [ -47.61171, -23.10128 ], [ -47.61276, -23.10621 ], [ -47.61608, -23.10656 ], [ -47.61456, -23.10936 ], [ -47.62164, -23.11546 ], [ -47.62763, -23.10907 ], [ -47.63026, -23.11694 ], [ -47.6286, -23.12588 ], [ -47.62406, -23.13205 ], [ -47.62507, -23.14125 ], [ -47.61873, -23.14116 ], [ -47.60503, -23.13106 ], [ -47.5973, -23.1311 ], [ -47.59664, -23.13751 ], [ -47.5866, -23.14562 ], [ -47.58369, -23.15159 ], [ -47.5879, -23.15333 ], [ -47.59487, -23.14944 ], [ -47.60269, -23.15172 ], [ -47.60944, -23.14854 ], [ -47.61569, -23.16021 ], [ -47.61333, -23.16807 ], [ -47.61732, -23.17409 ], [ -47.61598, -23.18195 ], [ -47.62929, -23.19165 ], [ -47.63938, -23.19525 ], [ -47.64564, -23.19379 ], [ -47.6587, -23.20133 ], [ -47.66614, -23.21086 ], [ -47.67973, -23.21995 ], [ -47.68491, -23.21994 ], [ -47.68978, -23.22333 ], [ -47.69184, -23.21867 ], [ -47.70424, -23.21596 ], [ -47.70645, -23.21957 ], [ -47.70201, -23.22776 ], [ -47.71967, -23.23424 ], [ -47.74181, -23.2292 ], [ -47.75038, -23.23934 ], [ -47.76174, -23.24204 ], [ -47.77103, -23.25133 ], [ -47.77743, -23.25318 ] ] ] } },
{ "type": "Feature", "properties": { "rc": "RC 01.04", "uba": "Amparo", "regional": "DR 01", "regional_cgr": "CGR 01" }, "geometry": { "type": "Polygon", "coordinates": [ [ [ -46.76833, -22.85258 ], [ -46.77475, -22.84616 ], [ -46.77767, -22.84818 ], [ -46.77682, -22.85056 ], [ -46.78385, -22.85151 ], [ -46.78894, -22.84646 ], [ -46.78592, -22.84278 ], [ -46.78875, -22.83851 ], [ -46.79529, -22.83731 ], [ -46.79396, -22.83368 ], [ -46.80168, -22.83702 ], [ -46.80323, -22.83349 ], [ -46.80803, -22.83851 ], [ -46.81101, -22.83556 ], [ -46.81277, -22.84098 ], [ -46.81798, -22.8446 ], [ -46.82188, -22.84211 ], [ -46.8273, -22.84449 ], [ -46.83562, -22.84427 ], [ -46.84156, -22.84167 ], [ -46.8429, -22.83797 ], [ -46.84842, -22.83946 ], [ -46.85116, -22.83728 ], [ -46.85793, -22.83727 ], [ -46.8609, -22.83349 ], [ -46.86189, -22.82555 ], [ -46.86752, -22.82679 ], [ -46.86796, -22.81762 ], [ -46.87609, -22.81791 ], [ -46.88053, -22.82137 ], [ -46.8837, -22.81861 ], [ -46.88763, -22.81945 ], [ -46.89097, -22.81703 ], [ -46.89488, -22.80726 ], [ -46.8928, -22.79828 ], [ -46.89609, -22.79753 ], [ -46.89956, -22.789 ], [ -46.90485, -22.78456 ], [ -46.89835, -22.77817 ], [ -46.90275, -22.77145 ], [ -46.90125, -22.767 ], [ -46.90502, -22.76675 ], [ -46.90555, -22.76248 ], [ -46.94594, -22.73863 ], [ -46.95745, -22.7292 ], [ -46.96489, -22.73542 ], [ -46.96276, -22.74268 ], [ -46.96595, -22.74512 ], [ -46.98537, -22.74563 ], [ -46.99052, -22.74543 ], [ -46.99602, -22.73858 ], [ -47.00534, -22.73931 ], [ -47.01174, -22.73413 ], [ -47.01748, -22.73727 ], [ -47.03142, -22.73206 ], [ -47.04919, -22.73967 ], [ -47.05366, -22.73625 ], [ -47.05816, -22.73876 ], [ -47.05819, -22.7358 ], [ -47.06164, -22.73633 ], [ -47.06148, -22.73429 ], [ -47.07025, -22.72992 ], [ -47.07625, -22.73235 ], [ -47.07778, -22.74345 ], [ -47.08093, -22.74176 ], [ -47.08635, -22.74389 ], [ -47.08993, -22.74666 ], [ -47.08796, -22.74796 ], [ -47.09137, -22.74816 ], [ -47.09042, -22.74963 ], [ -47.09864, -22.74788 ], [ -47.10145, -22.75011 ], [ -47.10182, -22.74008 ], [ -47.09936, -22.73269 ], [ -47.10246, -22.72721 ], [ -47.10152, -22.72244 ], [ -47.09263, -22.71875 ], [ -47.08923, -22.71341 ], [ -47.08194, -22.71486 ], [ -47.08068, -22.70333 ], [ -47.06927, -22.70374 ], [ -47.05962, -22.69748 ], [ -47.06452, -22.68459 ], [ -47.07127, -22.67981 ], [ -47.07899, -22.67861 ], [ -47.07038, -22.67044 ], [ -47.07041, -22.6651 ], [ -47.06629, -22.65685 ], [ -47.05494, -22.64674 ], [ -47.0452, -22.64633 ], [ -47.04292, -22.65222 ], [ -47.04489, -22.65547 ], [ -47.04006, -22.66063 ], [ -47.03819, -22.65874 ], [ -47.02817, -22.65848 ], [ -47.0237, -22.66087 ], [ -47.01577, -22.65689 ], [ -47.02238, -22.64953 ], [ -47.02136, -22.64442 ], [ -47.01835, -22.64251 ], [ -47.01955, -22.63644 ], [ -47.03232, -22.61744 ], [ -47.03093, -22.60707 ], [ -47.03664, -22.58954 ], [ -47.04312, -22.57726 ], [ -47.04727, -22.57478 ], [ -47.048, -22.56994 ], [ -47.05433, -22.5708 ], [ -47.04961, -22.56079 ], [ -47.04208, -22.55513 ], [ -47.04218, -22.5511 ], [ -47.04904, -22.54233 ], [ -47.04803, -22.5336 ], [ -47.05424, -22.52519 ], [ -47.05292, -22.51614 ], [ -47.06201, -22.51014 ], [ -47.07264, -22.49652 ], [ -47.06949, -22.48724 ], [ -47.07212, -22.47698 ], [ -47.07956, -22.47265 ], [ -47.09182, -22.47493 ], [ -47.1091, -22.46609 ], [ -47.11257, -22.46653 ], [ -47.11588, -22.47169 ], [ -47.12308, -22.47563 ], [ -47.12857, -22.47504 ], [ -47.1357, -22.46948 ], [ -47.12987, -22.46726 ], [ -47.11794, -22.44981 ], [ -47.11638, -22.43171 ], [ -47.11032, -22.4214 ], [ -47.10901, -22.41082 ], [ -47.10583, -22.40819 ], [ -47.09659, -22.40681 ], [ -47.08723, -22.39572 ], [ -47.08939, -22.38483 ], [ -47.08107, -22.35712 ], [ -47.08082, -22.34357 ], [ -47.07466, -22.33701 ], [ -47.08097, -22.32101 ], [ -47.08585, -22.31848 ], [ -47.09112, -22.32147 ], [ -47.08354, -22.29953 ], [ -47.07215, -22.30684 ], [ -47.0555, -22.30171 ], [ -47.04155, -22.30537 ], [ -47.03317, -22.30395 ], [ -47.03495, -22.30746 ], [ -47.03174, -22.30735 ], [ -47.02884, -22.31202 ], [ -47.03255, -22.31246 ], [ -47.03327, -22.31637 ], [ -47.02803, -22.31923 ], [ -47.02766, -22.32342 ], [ -47.02328, -22.32286 ], [ -47.02367, -22.31762 ], [ -47.02123, -22.31586 ], [ -47.01872, -22.32148 ], [ -47.01375, -22.32394 ], [ -47.01571, -22.32897 ], [ -47.01182, -22.32946 ], [ -47.01131, -22.33172 ], [ -47.01604, -22.33707 ], [ -47.01291, -22.33852 ], [ -47.01155, -22.34456 ], [ -47.00663, -22.34564 ], [ -47.00257, -22.35939 ], [ -46.99192, -22.37205 ], [ -46.98247, -22.37782 ], [ -46.96886, -22.37809 ], [ -46.95901, -22.38663 ], [ -46.95789, -22.39146 ], [ -46.95003, -22.39459 ], [ -46.9456, -22.40139 ], [ -46.92118, -22.38604 ], [ -46.91276, -22.37625 ], [ -46.90747, -22.3772 ], [ -46.90415, -22.37379 ], [ -46.9004, -22.37548 ], [ -46.90198, -22.37868 ], [ -46.89807, -22.38235 ], [ -46.89564, -22.37818 ], [ -46.89039, -22.37662 ], [ -46.87899, -22.38148 ], [ -46.87818, -22.38686 ], [ -46.87071, -22.38824 ], [ -46.87462, -22.38158 ], [ -46.87044, -22.38346 ], [ -46.87019, -22.37998 ], [ -46.87558, -22.37762 ], [ -46.86789, -22.3731 ], [ -46.86743, -22.36799 ], [ -46.8601, -22.36703 ], [ -46.86246, -22.36485 ], [ -46.85998, -22.36368 ], [ -46.86176, -22.36174 ], [ -46.85779, -22.35543 ], [ -46.85579, -22.35672 ], [ -46.85011, -22.3537 ], [ -46.84982, -22.3514 ], [ -46.85493, -22.34809 ], [ -46.8459, -22.34688 ], [ -46.84312, -22.3498 ], [ -46.84089, -22.34707 ], [ -46.84427, -22.34263 ], [ -46.84283, -22.34001 ], [ -46.83212, -22.33403 ], [ -46.82447, -22.33579 ], [ -46.82559, -22.33222 ], [ -46.81624, -22.32229 ], [ -46.81771, -22.31878 ], [ -46.82025, -22.31868 ], [ -46.81269, -22.31525 ], [ -46.80636, -22.3164 ], [ -46.80145, -22.31184 ], [ -46.80327, -22.30941 ], [ -46.79821, -22.30836 ], [ -46.79131, -22.30116 ], [ -46.79111, -22.29691 ], [ -46.78541, -22.29687 ], [ -46.76806, -22.28561 ], [ -46.76186, -22.29253 ], [ -46.75648, -22.29091 ], [ -46.7526, -22.29362 ], [ -46.74982, -22.29944 ], [ -46.74782, -22.29606 ], [ -46.73458, -22.29203 ], [ -46.72391, -22.29888 ], [ -46.72695, -22.30486 ], [ -46.72143, -22.30872 ], [ -46.71776, -22.31703 ], [ -46.71038, -22.31299 ], [ -46.71024, -22.31964 ], [ -46.70084, -22.32172 ], [ -46.70077, -22.32573 ], [ -46.69744, -22.32679 ], [ -46.69879, -22.33331 ], [ -46.6948, -22.33633 ], [ -46.69764, -22.33823 ], [ -46.69574, -22.34006 ], [ -46.6974, -22.34316 ], [ -46.69266, -22.34378 ], [ -46.69414, -22.34821 ], [ -46.68984, -22.34669 ], [ -46.68714, -22.34926 ], [ -46.68717, -22.35758 ], [ -46.68146, -22.3579 ], [ -46.67915, -22.36417 ], [ -46.67542, -22.36653 ], [ -46.67599, -22.36898 ], [ -46.66106, -22.36589 ], [ -46.66083, -22.36987 ], [ -46.66638, -22.38002 ], [ -46.66307, -22.38376 ], [ -46.66458, -22.38814 ], [ -46.66286, -22.39338 ], [ -46.66368, -22.39935 ], [ -46.66852, -22.40717 ], [ -46.66585, -22.41546 ], [ -46.65496, -22.42317 ], [ -46.65211, -22.42263 ], [ -46.64667, -22.42884 ], [ -46.64053, -22.42526 ], [ -46.63259, -22.43566 ], [ -46.61652, -22.43875 ], [ -46.61134, -22.43556 ], [ -46.6049, -22.44274 ], [ -46.59524, -22.44135 ], [ -46.59056, -22.43803 ], [ -46.58468, -22.4393 ], [ -46.57357, -22.44507 ], [ -46.57557, -22.44954 ], [ -46.57218, -22.45343 ], [ -46.56395, -22.44643 ], [ -46.5551, -22.44588 ], [ -46.54876, -22.45549 ], [ -46.552, -22.45946 ], [ -46.54959, -22.46948 ], [ -46.55356, -22.46951 ], [ -46.5584, -22.47274 ], [ -46.55973, -22.47674 ], [ -46.56611, -22.47816 ], [ -46.5659, -22.48233 ], [ -46.56233, -22.48409 ], [ -46.56459, -22.48681 ], [ -46.57049, -22.48529 ], [ -46.58867, -22.48898 ], [ -46.58484, -22.49302 ], [ -46.58612, -22.49745 ], [ -46.57961, -22.50733 ], [ -46.5799, -22.51146 ], [ -46.58371, -22.51586 ], [ -46.58771, -22.5133 ], [ -46.5989, -22.51517 ], [ -46.60697, -22.52407 ], [ -46.60746, -22.52867 ], [ -46.61108, -22.53268 ], [ -46.61014, -22.53924 ], [ -46.61484, -22.54344 ], [ -46.61396, -22.5487 ], [ -46.61038, -22.54969 ], [ -46.60332, -22.56353 ], [ -46.60561, -22.57012 ], [ -46.60339, -22.57491 ], [ -46.60904, -22.58027 ], [ -46.61102, -22.58655 ], [ -46.60883, -22.58884 ], [ -46.61017, -22.60301 ], [ -46.60477, -22.60428 ], [ -46.60334, -22.61043 ], [ -46.60631, -22.61338 ], [ -46.60387, -22.62249 ], [ -46.60603, -22.62633 ], [ -46.6012, -22.63046 ], [ -46.60046, -22.63459 ], [ -46.60585, -22.63751 ], [ -46.6121, -22.63225 ], [ -46.61667, -22.63284 ], [ -46.61947, -22.6486 ], [ -46.62947, -22.65388 ], [ -46.62576, -22.65872 ], [ -46.62595, -22.66348 ], [ -46.63005, -22.66772 ], [ -46.63175, -22.67469 ], [ -46.62044, -22.68235 ], [ -46.62384, -22.68928 ], [ -46.61763, -22.69849 ], [ -46.62084, -22.70557 ], [ -46.62666, -22.71096 ], [ -46.62786, -22.71607 ], [ -46.62124, -22.7229 ], [ -46.6198, -22.73067 ], [ -46.61623, -22.73171 ], [ -46.61744, -22.73743 ], [ -46.61218, -22.75037 ], [ -46.61535, -22.75815 ], [ -46.62576, -22.75839 ], [ -46.62941, -22.75424 ], [ -46.63901, -22.75308 ], [ -46.6451, -22.75638 ], [ -46.65297, -22.76708 ], [ -46.66244, -22.76895 ], [ -46.67445, -22.7675 ], [ -46.67866, -22.76969 ], [ -46.68751, -22.76824 ], [ -46.69521, -22.77157 ], [ -46.69904, -22.76887 ], [ -46.70343, -22.76977 ], [ -46.70788, -22.77385 ], [ -46.71018, -22.78124 ], [ -46.72105, -22.78225 ], [ -46.72482, -22.78861 ], [ -46.72496, -22.79665 ], [ -46.72878, -22.80177 ], [ -46.729, -22.81705 ], [ -46.73766, -22.81894 ], [ -46.74016, -22.82374 ], [ -46.7456, -22.82339 ], [ -46.74758, -22.8204 ], [ -46.75252, -22.82134 ], [ -46.76034, -22.83635 ], [ -46.76051, -22.8474 ], [ -46.76833, -22.85258 ] ] ] } },
{ "type": "Feature", "properties": { "rc": "RC 09.02", "uba": "Votuporanga", "regional": "DR 09", "regional_cgr": "CGR 09" }, "geometry": { "type": "Polygon", "coordinates": [ [ [ -49.64809, -20.26022 ], [ -49.64087, -20.26473 ], [ -49.64355, -20.26908 ], [ -49.63918, -20.2747 ], [ -49.64168, -20.2777 ], [ -49.63895, -20.27933 ], [ -49.63896, -20.28449 ], [ -49.64248, -20.28792 ], [ -49.63849, -20.2872 ], [ -49.63622, -20.29734 ], [ -49.63172, -20.30141 ], [ -49.63373, -20.30249 ], [ -49.63007, -20.30694 ], [ -49.6256, -20.30679 ], [ -49.62356, -20.30073 ], [ -49.61726, -20.30514 ], [ -49.62277, -20.31513 ], [ -49.61934, -20.31811 ], [ -49.61422, -20.31619 ], [ -49.61291, -20.32164 ], [ -49.62072, -20.3228 ], [ -49.62716, -20.33089 ], [ -49.63483, -20.33519 ], [ -49.63764, -20.34401 ], [ -49.65523, -20.35402 ], [ -49.66832, -20.36802 ], [ -49.6676, -20.37202 ], [ -49.67287, -20.385 ], [ -49.68118, -20.391 ], [ -49.68051, -20.40539 ], [ -49.68551, -20.4142 ], [ -49.68063, -20.42398 ], [ -49.68114, -20.42846 ], [ -49.69164, -20.4414 ], [ -49.70563, -20.48699 ], [ -49.71851, -20.50115 ], [ -49.73977, -20.50994 ], [ -49.74242, -20.53402 ], [ -49.74929, -20.52718 ], [ -49.75621, -20.52546 ], [ -49.77074, -20.5297 ], [ -49.79256, -20.52731 ], [ -49.8018, -20.53141 ], [ -49.80373, -20.53761 ], [ -49.8127, -20.54157 ], [ -49.8232, -20.5502 ], [ -49.82566, -20.55563 ], [ -49.83254, -20.5595 ], [ -49.83924, -20.57376 ], [ -49.84873, -20.57732 ], [ -49.85448, -20.57654 ], [ -49.86904, -20.5867 ], [ -49.87043, -20.58377 ], [ -49.87777, -20.58108 ], [ -49.88041, -20.5759 ], [ -49.89375, -20.57324 ], [ -49.90259, -20.56749 ], [ -49.90654, -20.56633 ], [ -49.91524, -20.56999 ], [ -49.91946, -20.56644 ], [ -49.91865, -20.5601 ], [ -49.93294, -20.56369 ], [ -49.93541, -20.56159 ], [ -49.93835, -20.56703 ], [ -49.94126, -20.56657 ], [ -49.94064, -20.56075 ], [ -49.9455, -20.5583 ], [ -49.94464, -20.56489 ], [ -49.94767, -20.56674 ], [ -49.95109, -20.5648 ], [ -49.95388, -20.5695 ], [ -49.95215, -20.57242 ], [ -49.95461, -20.5723 ], [ -49.95591, -20.57581 ], [ -49.96175, -20.57462 ], [ -49.9627, -20.57229 ], [ -49.96337, -20.57423 ], [ -49.97167, -20.57213 ], [ -49.97742, -20.5701 ], [ -49.97752, -20.56757 ], [ -49.98256, -20.56763 ], [ -49.98486, -20.565 ], [ -49.98453, -20.55906 ], [ -49.98968, -20.55868 ], [ -49.99387, -20.55116 ], [ -50.00016, -20.55203 ], [ -50.00256, -20.54803 ], [ -50.00494, -20.54973 ], [ -50.00469, -20.54406 ], [ -50.00669, -20.54332 ], [ -50.00515, -20.54194 ], [ -50.0099, -20.54459 ], [ -50.01379, -20.54367 ], [ -50.01441, -20.53876 ], [ -50.02588, -20.53681 ], [ -50.02745, -20.54184 ], [ -50.03097, -20.53938 ], [ -50.03049, -20.53733 ], [ -50.04091, -20.53862 ], [ -50.04358, -20.53502 ], [ -50.04692, -20.53648 ], [ -50.05417, -20.53393 ], [ -50.05322, -20.53921 ], [ -50.05869, -20.53986 ], [ -50.05682, -20.54622 ], [ -50.05853, -20.54349 ], [ -50.06767, -20.54169 ], [ -50.06826, -20.53802 ], [ -50.07086, -20.54144 ], [ -50.0797, -20.53045 ], [ -50.08476, -20.53297 ], [ -50.08717, -20.52771 ], [ -50.08388, -20.52504 ], [ -50.08429, -20.52183 ], [ -50.09178, -20.52574 ], [ -50.09693, -20.52242 ], [ -50.1012, -20.52284 ], [ -50.09972, -20.51578 ], [ -50.10239, -20.51388 ], [ -50.10775, -20.51576 ], [ -50.11015, -20.52292 ], [ -50.11486, -20.51894 ], [ -50.11723, -20.52211 ], [ -50.1203, -20.52126 ], [ -50.12301, -20.51643 ], [ -50.12181, -20.51286 ], [ -50.13529, -20.51545 ], [ -50.13837, -20.5207 ], [ -50.14353, -20.51112 ], [ -50.14102, -20.50497 ], [ -50.14587, -20.50362 ], [ -50.14754, -20.50063 ], [ -50.15352, -20.50485 ], [ -50.1564, -20.50291 ], [ -50.15904, -20.50449 ], [ -50.16081, -20.51311 ], [ -50.16787, -20.51281 ], [ -50.16653, -20.50298 ], [ -50.17108, -20.49866 ], [ -50.17625, -20.50032 ], [ -50.17704, -20.49199 ], [ -50.18379, -20.49124 ], [ -50.18624, -20.48829 ], [ -50.18981, -20.49032 ], [ -50.19183, -20.4837 ], [ -50.20138, -20.48663 ], [ -50.20311, -20.48158 ], [ -50.20927, -20.47693 ], [ -50.21385, -20.47736 ], [ -50.21479, -20.48142 ], [ -50.21695, -20.48052 ], [ -50.21989, -20.48411 ], [ -50.21691, -20.48434 ], [ -50.21686, -20.48635 ], [ -50.22523, -20.49162 ], [ -50.22637, -20.49559 ], [ -50.23054, -20.49671 ], [ -50.22951, -20.49387 ], [ -50.23789, -20.49205 ], [ -50.24097, -20.48771 ], [ -50.24647, -20.49061 ], [ -50.24745, -20.4758 ], [ -50.25096, -20.47505 ], [ -50.25665, -20.47939 ], [ -50.26035, -20.47924 ], [ -50.26089, -20.47455 ], [ -50.26504, -20.47126 ], [ -50.26879, -20.47269 ], [ -50.28083, -20.46693 ], [ -50.29079, -20.47128 ], [ -50.29737, -20.46049 ], [ -50.30035, -20.46985 ], [ -50.30328, -20.46788 ], [ -50.30528, -20.47192 ], [ -50.31235, -20.46921 ], [ -50.31765, -20.47458 ], [ -50.32607, -20.4765 ], [ -50.33131, -20.46902 ], [ -50.34241, -20.4767 ], [ -50.35675, -20.47136 ], [ -50.36096, -20.47762 ], [ -50.3695, -20.47065 ], [ -50.37311, -20.47283 ], [ -50.37759, -20.4607 ], [ -50.37698, -20.45418 ], [ -50.36566, -20.43971 ], [ -50.36534, -20.43588 ], [ -50.35139, -20.42486 ], [ -50.34259, -20.43033 ], [ -50.3382, -20.42933 ], [ -50.33273, -20.421 ], [ -50.33373, -20.41501 ], [ -50.33039, -20.41501 ], [ -50.32199, -20.40517 ], [ -50.32898, -20.38166 ], [ -50.32279, -20.373 ], [ -50.32605, -20.36567 ], [ -50.32555, -20.36075 ], [ -50.33465, -20.34924 ], [ -50.33802, -20.3387 ], [ -50.33577, -20.33298 ], [ -50.33777, -20.32022 ], [ -50.33109, -20.30169 ], [ -50.34, -20.29199 ], [ -50.33926, -20.28494 ], [ -50.35762, -20.26962 ], [ -50.36165, -20.26096 ], [ -50.35437, -20.23596 ], [ -50.34791, -20.22559 ], [ -50.35872, -20.21596 ], [ -50.3599, -20.20489 ], [ -50.35713, -20.19936 ], [ -50.36124, -20.19369 ], [ -50.36296, -20.18541 ], [ -50.37245, -20.17246 ], [ -50.37165, -20.16161 ], [ -50.37572, -20.15288 ], [ -50.37375, -20.1431 ], [ -50.37867, -20.13466 ], [ -50.38331, -20.11525 ], [ -50.39973, -20.09548 ], [ -50.41423, -20.06721 ], [ -50.42713, -20.04978 ], [ -50.42647, -20.0389 ], [ -50.43433, -20.02081 ], [ -50.42905, -20.01982 ], [ -50.43004, -20.01231 ], [ -50.42614, -20.00761 ], [ -50.42865, -20.00553 ], [ -50.42704, -20.00244 ], [ -50.42914, -19.99741 ], [ -50.42618, -19.99127 ], [ -50.42964, -19.99113 ], [ -50.43319, -19.98425 ], [ -50.43226, -19.98027 ], [ -50.43481, -19.97559 ], [ -50.43249, -19.97086 ], [ -50.43326, -19.965 ], [ -50.43735, -19.9634 ], [ -50.43927, -19.95797 ], [ -50.44682, -19.95495 ], [ -50.44351, -19.95183 ], [ -50.4459, -19.94696 ], [ -50.4418, -19.94375 ], [ -50.44112, -19.9322 ], [ -50.45672, -19.91903 ], [ -50.45183, -19.91417 ], [ -50.46166, -19.89647 ], [ -50.46057, -19.88061 ], [ -50.46568, -19.87144 ], [ -50.47358, -19.86842 ], [ -50.47343, -19.86257 ], [ -50.47689, -19.85657 ], [ -50.47472, -19.85013 ], [ -50.48046, -19.84664 ], [ -50.48155, -19.8433 ], [ -50.47834, -19.83885 ], [ -50.48, -19.82679 ], [ -50.47487, -19.82063 ], [ -50.47642, -19.81637 ], [ -50.4706, -19.81548 ], [ -50.46913, -19.8109 ], [ -50.46352, -19.8063 ], [ -50.46535, -19.80239 ], [ -50.46188, -19.79341 ], [ -50.45307, -19.78672 ], [ -50.4398, -19.79544 ], [ -50.42662, -19.79594 ], [ -50.41248, -19.80436 ], [ -50.3953, -19.81933 ], [ -50.38985, -19.82949 ], [ -50.37959, -19.837 ], [ -50.37428, -19.84489 ], [ -50.36766, -19.84645 ], [ -50.35897, -19.8529 ], [ -50.35155, -19.86262 ], [ -50.34284, -19.86923 ], [ -50.32689, -19.87026 ], [ -50.31351, -19.87554 ], [ -50.28972, -19.86744 ], [ -50.24461, -19.8769 ], [ -50.21664, -19.86738 ], [ -50.20045, -19.86626 ], [ -50.15567, -19.87949 ], [ -50.13819, -19.87472 ], [ -50.10224, -19.87441 ], [ -50.0724, -19.88922 ], [ -50.05665, -19.91078 ], [ -50.02884, -19.92155 ], [ -50.00459, -19.92658 ], [ -49.96938, -19.92077 ], [ -49.95669, -19.92087 ], [ -49.92108, -19.9304 ], [ -49.88838, -19.94464 ], [ -49.86264, -19.94443 ], [ -49.85606, -19.9466 ], [ -49.83653, -19.93215 ], [ -49.8146, -19.93325 ], [ -49.78512, -19.9239 ], [ -49.73586, -19.9251 ], [ -49.68032, -19.93385 ], [ -49.66358, -19.93098 ], [ -49.62816, -19.93043 ], [ -49.6139, -19.92019 ], [ -49.59481, -19.94624 ], [ -49.59637, -19.95228 ], [ -49.59121, -19.96109 ], [ -49.59213, -19.96418 ], [ -49.58686, -19.96984 ], [ -49.58315, -19.96814 ], [ -49.57522, -19.97709 ], [ -49.56681, -20.00091 ], [ -49.55822, -20.00789 ], [ -49.55269, -20.01843 ], [ -49.55048, -20.02403 ], [ -49.55174, -20.03618 ], [ -49.54938, -20.04547 ], [ -49.55321, -20.05802 ], [ -49.55083, -20.06709 ], [ -49.55463, -20.07288 ], [ -49.55955, -20.07543 ], [ -49.55956, -20.08107 ], [ -49.56653, -20.08595 ], [ -49.57453, -20.08241 ], [ -49.57768, -20.0878 ], [ -49.58263, -20.08761 ], [ -49.59859, -20.07615 ], [ -49.59599, -20.08756 ], [ -49.59922, -20.11679 ], [ -49.60721, -20.13688 ], [ -49.61698, -20.14793 ], [ -49.61759, -20.15983 ], [ -49.62433, -20.17657 ], [ -49.63265, -20.18138 ], [ -49.6411, -20.17376 ], [ -49.65181, -20.18006 ], [ -49.65466, -20.17038 ], [ -49.65822, -20.17788 ], [ -49.66308, -20.17139 ], [ -49.66764, -20.17723 ], [ -49.6758, -20.17564 ], [ -49.67581, -20.18035 ], [ -49.68218, -20.18672 ], [ -49.68663, -20.18723 ], [ -49.68795, -20.18441 ], [ -49.69042, -20.18653 ], [ -49.69198, -20.1961 ], [ -49.68691, -20.20188 ], [ -49.68455, -20.19913 ], [ -49.68007, -20.19961 ], [ -49.67839, -20.20292 ], [ -49.68172, -20.20329 ], [ -49.6792, -20.20624 ], [ -49.67471, -20.20542 ], [ -49.67594, -20.20944 ], [ -49.67236, -20.21083 ], [ -49.67025, -20.2151 ], [ -49.67406, -20.2212 ], [ -49.67841, -20.21824 ], [ -49.68194, -20.22037 ], [ -49.68229, -20.22359 ], [ -49.68661, -20.22313 ], [ -49.68485, -20.22833 ], [ -49.68025, -20.23136 ], [ -49.68198, -20.23325 ], [ -49.67704, -20.23959 ], [ -49.67358, -20.23922 ], [ -49.67197, -20.24174 ], [ -49.66697, -20.24082 ], [ -49.66541, -20.23643 ], [ -49.65767, -20.24592 ], [ -49.65366, -20.24403 ], [ -49.65027, -20.24696 ], [ -49.64667, -20.2466 ], [ -49.64957, -20.25447 ], [ -49.64809, -20.26022 ] ] ] } },
{ "type": "Feature", "properties": { "rc": "RC 03.01", "uba": "Bauru", "regional": "DR 03", "regional_cgr": "CGR 03" }, "geometry": { "type": "Polygon", "coordinates": [ [ [ -48.85942, -22.48414 ], [ -48.84442, -22.48999 ], [ -48.82717, -22.4881 ], [ -48.81667, -22.49478 ], [ -48.81583, -22.49973 ], [ -48.82074, -22.5119 ], [ -48.81968, -22.52838 ], [ -48.81754, -22.53872 ], [ -48.81199, -22.54349 ], [ -48.80187, -22.54405 ], [ -48.79488, -22.53771 ], [ -48.78714, -22.53633 ], [ -48.78011, -22.54558 ], [ -48.76224, -22.55866 ], [ -48.75728, -22.55546 ], [ -48.75212, -22.55693 ], [ -48.74525, -22.55338 ], [ -48.73015, -22.55602 ], [ -48.71031, -22.55475 ], [ -48.69428, -22.55854 ], [ -48.68085, -22.55698 ], [ -48.67621, -22.55528 ], [ -48.67376, -22.55142 ], [ -48.67157, -22.55244 ], [ -48.67225, -22.56209 ], [ -48.66748, -22.56072 ], [ -48.66516, -22.5642 ], [ -48.66962, -22.5648 ], [ -48.6673, -22.56933 ], [ -48.67744, -22.57241 ], [ -48.67843, -22.57844 ], [ -48.68219, -22.5825 ], [ -48.68233, -22.59027 ], [ -48.67322, -22.61228 ], [ -48.66518, -22.62146 ], [ -48.66116, -22.63088 ], [ -48.67869, -22.63131 ], [ -48.68886, -22.64673 ], [ -48.68891, -22.65943 ], [ -48.6847, -22.6657 ], [ -48.69172, -22.6883 ], [ -48.68858, -22.69424 ], [ -48.69474, -22.72009 ], [ -48.69131, -22.72443 ], [ -48.69369, -22.73109 ], [ -48.69127, -22.73715 ], [ -48.70667, -22.7333 ], [ -48.70653, -22.73799 ], [ -48.71719, -22.74172 ], [ -48.72067, -22.74536 ], [ -48.72967, -22.76427 ], [ -48.73697, -22.76491 ], [ -48.74419, -22.7705 ], [ -48.74883, -22.76797 ], [ -48.75088, -22.77213 ], [ -48.75461, -22.7723 ], [ -48.76995, -22.75786 ], [ -48.77829, -22.76161 ], [ -48.77736, -22.76522 ], [ -48.78113, -22.77762 ], [ -48.77917, -22.7834 ], [ -48.77986, -22.79694 ], [ -48.77584, -22.80056 ], [ -48.77388, -22.80884 ], [ -48.7761, -22.81609 ], [ -48.78053, -22.82077 ], [ -48.78023, -22.82626 ], [ -48.78844, -22.8355 ], [ -48.79303, -22.83241 ], [ -48.80263, -22.8448 ], [ -48.84204, -22.84976 ], [ -48.84801, -22.84606 ], [ -48.86604, -22.85186 ], [ -48.87961, -22.85137 ], [ -48.90141, -22.84508 ], [ -48.90996, -22.83271 ], [ -48.92224, -22.82785 ], [ -48.94163, -22.82521 ], [ -48.94431, -22.82659 ], [ -48.94926, -22.82433 ], [ -48.96602, -22.82689 ], [ -48.96891, -22.82433 ], [ -48.98345, -22.84001 ], [ -48.99313, -22.82786 ], [ -48.99623, -22.81861 ], [ -49.01102, -22.83285 ], [ -49.01393, -22.84021 ], [ -49.0309, -22.83353 ], [ -49.03341, -22.82851 ], [ -49.02959, -22.81826 ], [ -49.02969, -22.801 ], [ -49.02788, -22.79475 ], [ -49.02323, -22.7898 ], [ -49.02664, -22.77156 ], [ -49.03055, -22.7629 ], [ -49.0372, -22.76305 ], [ -49.05242, -22.75433 ], [ -49.05773, -22.73594 ], [ -49.0671, -22.73018 ], [ -49.09291, -22.70415 ], [ -49.09451, -22.68593 ], [ -49.097, -22.68041 ], [ -49.09538, -22.66629 ], [ -49.10453, -22.66891 ], [ -49.1087, -22.67516 ], [ -49.12018, -22.67179 ], [ -49.13319, -22.67217 ], [ -49.13548, -22.67664 ], [ -49.15172, -22.68373 ], [ -49.15794, -22.70003 ], [ -49.16255, -22.7058 ], [ -49.16508, -22.71779 ], [ -49.17273, -22.72466 ], [ -49.17388, -22.72921 ], [ -49.18152, -22.72878 ], [ -49.18463, -22.72253 ], [ -49.19057, -22.72542 ], [ -49.19814, -22.72202 ], [ -49.20366, -22.73546 ], [ -49.21064, -22.74287 ], [ -49.2249, -22.75036 ], [ -49.22826, -22.76012 ], [ -49.23967, -22.7522 ], [ -49.24996, -22.74949 ], [ -49.26137, -22.75291 ], [ -49.26634, -22.75953 ], [ -49.27259, -22.76213 ], [ -49.27873, -22.77183 ], [ -49.28817, -22.77058 ], [ -49.29318, -22.76443 ], [ -49.30083, -22.76536 ], [ -49.30865, -22.76208 ], [ -49.32452, -22.76371 ], [ -49.3307, -22.76633 ], [ -49.33472, -22.7747 ], [ -49.3401, -22.77917 ], [ -49.35884, -22.78443 ], [ -49.36734, -22.78298 ], [ -49.37851, -22.77579 ], [ -49.38569, -22.76287 ], [ -49.3835, -22.75036 ], [ -49.37889, -22.74241 ], [ -49.37978, -22.73343 ], [ -49.39308, -22.74249 ], [ -49.39666, -22.73844 ], [ -49.41737, -22.73837 ], [ -49.47201, -22.72951 ], [ -49.48395, -22.72471 ], [ -49.49503, -22.72695 ], [ -49.49878, -22.72387 ], [ -49.49838, -22.71727 ], [ -49.50252, -22.70251 ], [ -49.50003, -22.69704 ], [ -49.50696, -22.68388 ], [ -49.4999, -22.66918 ], [ -49.49773, -22.65547 ], [ -49.49981, -22.65003 ], [ -49.50803, -22.64284 ], [ -49.49468, -22.62464 ], [ -49.49963, -22.61142 ], [ -49.47883, -22.60888 ], [ -49.47663, -22.60291 ], [ -49.4704, -22.60077 ], [ -49.47281, -22.5937 ], [ -49.45543, -22.58599 ], [ -49.45338, -22.58388 ], [ -49.45708, -22.57706 ], [ -49.45188, -22.57605 ], [ -49.45484, -22.56674 ], [ -49.46565, -22.55765 ], [ -49.47274, -22.55607 ], [ -49.48952, -22.54171 ], [ -49.50319, -22.51418 ], [ -49.50714, -22.51297 ], [ -49.51015, -22.51788 ], [ -49.51829, -22.51748 ], [ -49.52013, -22.52381 ], [ -49.52542, -22.52259 ], [ -49.5273, -22.52798 ], [ -49.52424, -22.53136 ], [ -49.52516, -22.53518 ], [ -49.5317, -22.53833 ], [ -49.53361, -22.54646 ], [ -49.54372, -22.54862 ], [ -49.54398, -22.55172 ], [ -49.53884, -22.55655 ], [ -49.54018, -22.56036 ], [ -49.54496, -22.56316 ], [ -49.55363, -22.558 ], [ -49.55813, -22.56493 ], [ -49.55989, -22.57522 ], [ -49.56761, -22.57634 ], [ -49.56914, -22.58699 ], [ -49.57612, -22.59503 ], [ -49.57871, -22.60186 ], [ -49.58491, -22.60395 ], [ -49.58045, -22.61653 ], [ -49.58791, -22.62324 ], [ -49.58713, -22.62713 ], [ -49.59219, -22.63428 ], [ -49.5904, -22.63656 ], [ -49.59255, -22.64233 ], [ -49.58975, -22.64565 ], [ -49.59343, -22.65164 ], [ -49.59955, -22.65361 ], [ -49.6011, -22.65859 ], [ -49.59886, -22.66439 ], [ -49.60234, -22.66502 ], [ -49.62506, -22.64919 ], [ -49.62778, -22.63609 ], [ -49.62596, -22.63062 ], [ -49.62922, -22.62773 ], [ -49.6288, -22.62339 ], [ -49.63551, -22.62523 ], [ -49.64268, -22.62055 ], [ -49.6517, -22.62056 ], [ -49.66091, -22.60737 ], [ -49.67849, -22.60461 ], [ -49.68805, -22.60055 ], [ -49.69269, -22.60694 ], [ -49.7008, -22.61208 ], [ -49.70242, -22.62326 ], [ -49.70526, -22.62474 ], [ -49.70694, -22.61845 ], [ -49.72936, -22.59773 ], [ -49.73653, -22.58798 ], [ -49.73527, -22.57778 ], [ -49.74238, -22.56243 ], [ -49.74758, -22.5568 ], [ -49.74818, -22.53998 ], [ -49.75398, -22.53365 ], [ -49.75447, -22.52847 ], [ -49.75733, -22.52979 ], [ -49.75966, -22.52764 ], [ -49.7594, -22.51739 ], [ -49.76478, -22.51607 ], [ -49.76596, -22.50804 ], [ -49.77251, -22.50104 ], [ -49.7611, -22.50356 ], [ -49.75898, -22.49762 ], [ -49.75113, -22.49478 ], [ -49.74818, -22.48531 ], [ -49.74963, -22.47857 ], [ -49.74378, -22.46993 ], [ -49.73785, -22.46628 ], [ -49.73254, -22.4672 ], [ -49.7275, -22.46338 ], [ -49.72148, -22.46351 ], [ -49.71876, -22.45216 ], [ -49.70452, -22.43917 ], [ -49.70219, -22.44669 ], [ -49.6967, -22.44883 ], [ -49.69445, -22.45583 ], [ -49.68697, -22.4596 ], [ -49.68355, -22.46584 ], [ -49.67469, -22.46842 ], [ -49.6644, -22.46259 ], [ -49.64648, -22.43619 ], [ -49.6407, -22.4398 ], [ -49.63682, -22.44596 ], [ -49.63718, -22.45753 ], [ -49.6291, -22.46842 ], [ -49.61125, -22.46673 ], [ -49.59636, -22.45901 ], [ -49.59611, -22.45466 ], [ -49.60375, -22.45356 ], [ -49.60566, -22.44803 ], [ -49.60447, -22.44209 ], [ -49.6149, -22.43785 ], [ -49.61326, -22.43488 ], [ -49.61771, -22.43138 ], [ -49.61916, -22.42535 ], [ -49.61047, -22.417 ], [ -49.60605, -22.41746 ], [ -49.60236, -22.41426 ], [ -49.60289, -22.39861 ], [ -49.60894, -22.39229 ], [ -49.60741, -22.38745 ], [ -49.59974, -22.37672 ], [ -49.59946, -22.36714 ], [ -49.58478, -22.36475 ], [ -49.58449, -22.35487 ], [ -49.57897, -22.35103 ], [ -49.57796, -22.34617 ], [ -49.57463, -22.34341 ], [ -49.57731, -22.3346 ], [ -49.56933, -22.32538 ], [ -49.54599, -22.32944 ], [ -49.5358, -22.31972 ], [ -49.50595, -22.31837 ], [ -49.49578, -22.30991 ], [ -49.4916, -22.31872 ], [ -49.47987, -22.32053 ], [ -49.47582, -22.32588 ], [ -49.47038, -22.32673 ], [ -49.45884, -22.33705 ], [ -49.45201, -22.33331 ], [ -49.44958, -22.32843 ], [ -49.44078, -22.32695 ], [ -49.43773, -22.32337 ], [ -49.42835, -22.31022 ], [ -49.42939, -22.30508 ], [ -49.42685, -22.30285 ], [ -49.42555, -22.29522 ], [ -49.42264, -22.29365 ], [ -49.4239, -22.2979 ], [ -49.41354, -22.30901 ], [ -49.41436, -22.3142 ], [ -49.41086, -22.31817 ], [ -49.38632, -22.31641 ], [ -49.38257, -22.31191 ], [ -49.36548, -22.31612 ], [ -49.32427, -22.3205 ], [ -49.30847, -22.33748 ], [ -49.30178, -22.33794 ], [ -49.29198, -22.3467 ], [ -49.28667, -22.34545 ], [ -49.28914, -22.34079 ], [ -49.28758, -22.33153 ], [ -49.29086, -22.31701 ], [ -49.28921, -22.30904 ], [ -49.28456, -22.30361 ], [ -49.28546, -22.29051 ], [ -49.28129, -22.2856 ], [ -49.28896, -22.26521 ], [ -49.28418, -22.26301 ], [ -49.27647, -22.26705 ], [ -49.27206, -22.26546 ], [ -49.2616, -22.26687 ], [ -49.25655, -22.25644 ], [ -49.25936, -22.24714 ], [ -49.25664, -22.23798 ], [ -49.24883, -22.23256 ], [ -49.2425, -22.22086 ], [ -49.23585, -22.21911 ], [ -49.23073, -22.22281 ], [ -49.22765, -22.22185 ], [ -49.2248, -22.20573 ], [ -49.21841, -22.19983 ], [ -49.2152, -22.18917 ], [ -49.21803, -22.18222 ], [ -49.21645, -22.16877 ], [ -49.20927, -22.15512 ], [ -49.21112, -22.14989 ], [ -49.20419, -22.14715 ], [ -49.21001, -22.13898 ], [ -49.20563, -22.10508 ], [ -49.19816, -22.09685 ], [ -49.18413, -22.09221 ], [ -49.17218, -22.08038 ], [ -49.16655, -22.07771 ], [ -49.16015, -22.06414 ], [ -49.15607, -22.06033 ], [ -49.14413, -22.06328 ], [ -49.12818, -22.05914 ], [ -49.13991, -22.04492 ], [ -49.136, -22.03943 ], [ -49.13813, -22.03156 ], [ -49.13183, -22.02809 ], [ -49.12517, -22.01545 ], [ -49.12561, -22.00817 ], [ -49.11744, -21.99661 ], [ -49.12325, -21.99184 ], [ -49.1235, -21.98415 ], [ -49.12868, -21.98236 ], [ -49.12645, -21.97654 ], [ -49.12764, -21.96659 ], [ -49.13444, -21.96349 ], [ -49.13461, -21.95547 ], [ -49.14015, -21.95275 ], [ -49.1423, -21.9481 ], [ -49.12344, -21.92217 ], [ -49.12629, -21.91164 ], [ -49.13505, -21.90068 ], [ -49.1387, -21.88609 ], [ -49.14566, -21.87679 ], [ -49.15215, -21.8601 ], [ -49.14883, -21.85155 ], [ -49.15145, -21.82997 ], [ -49.14759, -21.8196 ], [ -49.14129, -21.81345 ], [ -49.13336, -21.79765 ], [ -49.13318, -21.78488 ], [ -49.1301, -21.78273 ], [ -49.13159, -21.77998 ], [ -49.12965, -21.77637 ], [ -49.10694, -21.76337 ], [ -49.10443, -21.75058 ], [ -49.0956, -21.75444 ], [ -49.0774, -21.75687 ], [ -49.04402, -21.77395 ], [ -49.02029, -21.77086 ], [ -48.98291, -21.75918 ], [ -48.9725, -21.75987 ], [ -48.96202, -21.76505 ], [ -48.95866, -21.77176 ], [ -48.95916, -21.78193 ], [ -48.96437, -21.79017 ], [ -48.98696, -21.81234 ], [ -48.98923, -21.82399 ], [ -48.98635, -21.83469 ], [ -48.97222, -21.84696 ], [ -48.92017, -21.85928 ], [ -48.90603, -21.86737 ], [ -48.89422, -21.90669 ], [ -48.89618, -21.91102 ], [ -48.90728, -21.91717 ], [ -48.90776, -21.92899 ], [ -48.89897, -21.9354 ], [ -48.87844, -21.94065 ], [ -48.86355, -21.95899 ], [ -48.86377, -21.96804 ], [ -48.88486, -22.00035 ], [ -48.886, -22.01501 ], [ -48.88289, -22.01996 ], [ -48.87851, -22.02197 ], [ -48.86515, -22.02422 ], [ -48.85455, -22.03588 ], [ -48.85181, -22.05734 ], [ -48.8587, -22.089 ], [ -48.86463, -22.08908 ], [ -48.86843, -22.09206 ], [ -48.87972, -22.10951 ], [ -48.88681, -22.11052 ], [ -48.90453, -22.12086 ], [ -48.91661, -22.14665 ], [ -48.92797, -22.15621 ], [ -48.93564, -22.16653 ], [ -48.95126, -22.17767 ], [ -48.97223, -22.20114 ], [ -48.98959, -22.21432 ], [ -49.00945, -22.21893 ], [ -49.01588, -22.21372 ], [ -49.03018, -22.21655 ], [ -49.03403, -22.20804 ], [ -49.04012, -22.20912 ], [ -49.04864, -22.21805 ], [ -49.04672, -22.22287 ], [ -49.05378, -22.22686 ], [ -49.05501, -22.22991 ], [ -49.0452, -22.2609 ], [ -49.03649, -22.27385 ], [ -49.02843, -22.27911 ], [ -49.01803, -22.28179 ], [ -49.01275, -22.28832 ], [ -48.99787, -22.29169 ], [ -48.99612, -22.29969 ], [ -48.9741, -22.31342 ], [ -48.97255, -22.31821 ], [ -48.974, -22.32741 ], [ -48.97116, -22.33264 ], [ -48.96118, -22.33517 ], [ -48.95887, -22.32919 ], [ -48.95278, -22.32597 ], [ -48.93821, -22.34019 ], [ -48.93157, -22.34127 ], [ -48.9117, -22.33735 ], [ -48.91457, -22.36613 ], [ -48.91299, -22.38208 ], [ -48.91731, -22.38924 ], [ -48.91612, -22.39773 ], [ -48.89347, -22.39182 ], [ -48.88581, -22.38021 ], [ -48.87442, -22.38835 ], [ -48.85817, -22.39236 ], [ -48.85451, -22.39865 ], [ -48.85463, -22.40807 ], [ -48.85906, -22.42531 ], [ -48.86234, -22.43002 ], [ -48.86056, -22.43902 ], [ -48.86271, -22.45526 ], [ -48.85649, -22.46127 ], [ -48.85008, -22.46181 ], [ -48.85628, -22.46901 ], [ -48.86109, -22.48367 ], [ -48.85942, -22.48414 ] ] ] } },
{ "type": "Feature", "properties": { "rc": "RC 14.01", "uba": "Barretos", "regional": "DR 14", "regional_cgr": "CGR 14" }, "geometry": { "type": "Polygon", "coordinates": [ [ [ -48.68868, -20.84052 ], [ -48.69712, -20.83669 ], [ -48.70315, -20.8314 ], [ -48.70346, -20.82753 ], [ -48.71265, -20.82277 ], [ -48.7203, -20.81069 ], [ -48.71756, -20.79297 ], [ -48.72601, -20.77934 ], [ -48.72412, -20.77502 ], [ -48.72686, -20.77081 ], [ -48.72717, -20.7632 ], [ -48.73164, -20.76003 ], [ -48.73045, -20.75828 ], [ -48.73797, -20.75194 ], [ -48.74922, -20.75292 ], [ -48.75614, -20.74069 ], [ -48.77539, -20.73909 ], [ -48.78164, -20.72945 ], [ -48.79248, -20.72487 ], [ -48.80081, -20.71365 ], [ -48.79151, -20.70695 ], [ -48.79014, -20.695 ], [ -48.7866, -20.68888 ], [ -48.7892, -20.67629 ], [ -48.79424, -20.66931 ], [ -48.79269, -20.6607 ], [ -48.80286, -20.65272 ], [ -48.80992, -20.65747 ], [ -48.81627, -20.65468 ], [ -48.82773, -20.65827 ], [ -48.8318, -20.65248 ], [ -48.84036, -20.65149 ], [ -48.84088, -20.63241 ], [ -48.84586, -20.6244 ], [ -48.8427, -20.61741 ], [ -48.84185, -20.60352 ], [ -48.83724, -20.59937 ], [ -48.83852, -20.59117 ], [ -48.83269, -20.57645 ], [ -48.83181, -20.56686 ], [ -48.84396, -20.5539 ], [ -48.84393, -20.55099 ], [ -48.85186, -20.54534 ], [ -48.85572, -20.53577 ], [ -48.85918, -20.53265 ], [ -48.86744, -20.53077 ], [ -48.86959, -20.52183 ], [ -48.86756, -20.51042 ], [ -48.87537, -20.50633 ], [ -48.87698, -20.50147 ], [ -48.88384, -20.49649 ], [ -48.88749, -20.48949 ], [ -48.88771, -20.47942 ], [ -48.89153, -20.47585 ], [ -48.89405, -20.45915 ], [ -48.89237, -20.45423 ], [ -48.88592, -20.45227 ], [ -48.88363, -20.44789 ], [ -48.88219, -20.44045 ], [ -48.88645, -20.43663 ], [ -48.87827, -20.42914 ], [ -48.87421, -20.42149 ], [ -48.86729, -20.39842 ], [ -48.86876, -20.38249 ], [ -48.87916, -20.34882 ], [ -48.87588, -20.31629 ], [ -48.88746, -20.29571 ], [ -48.88629, -20.27391 ], [ -48.87464, -20.2451 ], [ -48.87, -20.23852 ], [ -48.85962, -20.23114 ], [ -48.85416, -20.21871 ], [ -48.85354, -20.2113 ], [ -48.85801, -20.19751 ], [ -48.85502, -20.1789 ], [ -48.8239, -20.16183 ], [ -48.78223, -20.16314 ], [ -48.77028, -20.16111 ], [ -48.75363, -20.15328 ], [ -48.74, -20.15383 ], [ -48.73265, -20.15119 ], [ -48.70692, -20.16033 ], [ -48.68721, -20.16343 ], [ -48.6741, -20.1619 ], [ -48.66332, -20.16614 ], [ -48.64396, -20.16664 ], [ -48.62651, -20.15882 ], [ -48.59411, -20.13673 ], [ -48.58045, -20.13121 ], [ -48.56631, -20.12977 ], [ -48.52481, -20.13448 ], [ -48.51285, -20.13783 ], [ -48.49314, -20.13867 ], [ -48.45432, -20.12809 ], [ -48.44119, -20.12049 ], [ -48.407, -20.11288 ], [ -48.3993, -20.11368 ], [ -48.39105, -20.11879 ], [ -48.36903, -20.1228 ], [ -48.34926, -20.12042 ], [ -48.34125, -20.11409 ], [ -48.31665, -20.11338 ], [ -48.29481, -20.12424 ], [ -48.28554, -20.13646 ], [ -48.27681, -20.14099 ], [ -48.26455, -20.14324 ], [ -48.24683, -20.14168 ], [ -48.23524, -20.13446 ], [ -48.22553, -20.13412 ], [ -48.21765, -20.12535 ], [ -48.22064, -20.11346 ], [ -48.22821, -20.10793 ], [ -48.24049, -20.09237 ], [ -48.2504, -20.08618 ], [ -48.25337, -20.07896 ], [ -48.25259, -20.07085 ], [ -48.24546, -20.05297 ], [ -48.24722, -20.0347 ], [ -48.24301, -20.02954 ], [ -48.23216, -20.02688 ], [ -48.2175, -20.03161 ], [ -48.20672, -20.04043 ], [ -48.1829, -20.07516 ], [ -48.18114, -20.08071 ], [ -48.18254, -20.08928 ], [ -48.17859, -20.0973 ], [ -48.17017, -20.10325 ], [ -48.15741, -20.10487 ], [ -48.14737, -20.12445 ], [ -48.12809, -20.13178 ], [ -48.11635, -20.14379 ], [ -48.1059, -20.14716 ], [ -48.07646, -20.14932 ], [ -48.06292, -20.14221 ], [ -48.051, -20.13914 ], [ -48.04899, -20.13008 ], [ -48.03852, -20.11999 ], [ -48.03384, -20.11969 ], [ -48.02245, -20.12518 ], [ -48.01043, -20.11204 ], [ -48.00466, -20.1089 ], [ -47.99509, -20.08294 ], [ -47.98884, -20.07406 ], [ -47.99098, -20.04272 ], [ -47.98876, -20.03923 ], [ -47.98249, -20.0366 ], [ -47.9742, -20.03797 ], [ -47.95719, -20.04769 ], [ -47.95234, -20.05258 ], [ -47.94572, -20.06711 ], [ -47.94446, -20.0888 ], [ -47.93879, -20.10183 ], [ -47.92974, -20.11194 ], [ -47.90701, -20.12358 ], [ -47.8989, -20.12525 ], [ -47.89554, -20.13113 ], [ -47.88767, -20.13433 ], [ -47.8877, -20.13892 ], [ -47.8909, -20.14165 ], [ -47.88912, -20.15552 ], [ -47.89508, -20.16352 ], [ -47.90682, -20.17067 ], [ -47.91087, -20.1779 ], [ -47.91156, -20.18598 ], [ -47.90877, -20.19139 ], [ -47.91325, -20.20911 ], [ -47.9294, -20.21498 ], [ -47.92677, -20.22804 ], [ -47.93319, -20.23198 ], [ -47.9313, -20.23634 ], [ -47.92413, -20.24168 ], [ -47.9241, -20.24576 ], [ -47.93511, -20.25258 ], [ -47.93732, -20.2591 ], [ -47.94459, -20.26521 ], [ -47.95135, -20.26612 ], [ -47.9615, -20.2727 ], [ -47.97629, -20.26159 ], [ -47.98102, -20.26818 ], [ -47.98308, -20.28037 ], [ -47.9794, -20.28547 ], [ -47.97471, -20.28602 ], [ -47.97025, -20.29272 ], [ -47.99974, -20.30933 ], [ -48.01342, -20.32184 ], [ -48.03959, -20.35317 ], [ -48.0551, -20.34929 ], [ -48.05964, -20.34189 ], [ -48.06983, -20.34807 ], [ -48.0747, -20.34683 ], [ -48.07474, -20.34173 ], [ -48.06858, -20.32958 ], [ -48.07079, -20.32607 ], [ -48.07645, -20.32639 ], [ -48.08454, -20.31628 ], [ -48.08912, -20.30154 ], [ -48.09307, -20.30936 ], [ -48.10109, -20.3104 ], [ -48.10793, -20.3022 ], [ -48.11356, -20.30102 ], [ -48.11696, -20.30809 ], [ -48.12954, -20.31651 ], [ -48.13937, -20.30631 ], [ -48.13667, -20.29996 ], [ -48.14087, -20.29684 ], [ -48.14598, -20.29769 ], [ -48.14982, -20.28929 ], [ -48.14987, -20.29098 ], [ -48.15293, -20.29069 ], [ -48.16043, -20.29698 ], [ -48.16453, -20.30873 ], [ -48.17637, -20.3212 ], [ -48.17984, -20.33135 ], [ -48.19011, -20.34158 ], [ -48.18639, -20.34953 ], [ -48.17815, -20.38965 ], [ -48.20172, -20.44216 ], [ -48.20972, -20.45098 ], [ -48.21196, -20.45701 ], [ -48.21921, -20.45477 ], [ -48.22195, -20.4498 ], [ -48.22781, -20.44961 ], [ -48.22977, -20.45592 ], [ -48.23641, -20.45662 ], [ -48.23877, -20.46074 ], [ -48.24756, -20.46047 ], [ -48.25662, -20.46249 ], [ -48.26392, -20.46718 ], [ -48.27888, -20.46846 ], [ -48.28085, -20.47019 ], [ -48.27897, -20.47414 ], [ -48.28337, -20.47408 ], [ -48.28149, -20.48069 ], [ -48.2886, -20.48333 ], [ -48.28503, -20.48505 ], [ -48.28164, -20.49177 ], [ -48.28418, -20.4924 ], [ -48.28363, -20.49804 ], [ -48.29484, -20.51088 ], [ -48.29336, -20.51394 ], [ -48.29832, -20.51469 ], [ -48.30116, -20.51266 ], [ -48.3077, -20.51673 ], [ -48.31881, -20.51823 ], [ -48.3173, -20.52366 ], [ -48.32269, -20.52554 ], [ -48.32637, -20.53198 ], [ -48.33118, -20.53008 ], [ -48.33282, -20.53209 ], [ -48.3342, -20.52851 ], [ -48.34213, -20.52744 ], [ -48.34143, -20.52357 ], [ -48.34442, -20.5215 ], [ -48.34719, -20.52535 ], [ -48.35265, -20.52322 ], [ -48.35574, -20.5272 ], [ -48.36684, -20.52637 ], [ -48.37224, -20.5296 ], [ -48.3686, -20.5348 ], [ -48.37141, -20.53758 ], [ -48.37127, -20.54566 ], [ -48.38374, -20.536 ], [ -48.38267, -20.54404 ], [ -48.37765, -20.54906 ], [ -48.36986, -20.55098 ], [ -48.35825, -20.55981 ], [ -48.35117, -20.56095 ], [ -48.33927, -20.58217 ], [ -48.32636, -20.58186 ], [ -48.32103, -20.58748 ], [ -48.32237, -20.60829 ], [ -48.34163, -20.61981 ], [ -48.34714, -20.6256 ], [ -48.35096, -20.6445 ], [ -48.33375, -20.66481 ], [ -48.33577, -20.6753 ], [ -48.34058, -20.68366 ], [ -48.33866, -20.69853 ], [ -48.34029, -20.70136 ], [ -48.35786, -20.70573 ], [ -48.35821, -20.71315 ], [ -48.36163, -20.71285 ], [ -48.36503, -20.71684 ], [ -48.36737, -20.71535 ], [ -48.36858, -20.71952 ], [ -48.37263, -20.71844 ], [ -48.3739, -20.72227 ], [ -48.38441, -20.7236 ], [ -48.38476, -20.72643 ], [ -48.38959, -20.72806 ], [ -48.38928, -20.73074 ], [ -48.39654, -20.7328 ], [ -48.39824, -20.73678 ], [ -48.40612, -20.7418 ], [ -48.41115, -20.74173 ], [ -48.41328, -20.74614 ], [ -48.41972, -20.74921 ], [ -48.42353, -20.74748 ], [ -48.42462, -20.75053 ], [ -48.42791, -20.7513 ], [ -48.44172, -20.7521 ], [ -48.43683, -20.75788 ], [ -48.43185, -20.75679 ], [ -48.43155, -20.76179 ], [ -48.42795, -20.76023 ], [ -48.42562, -20.76256 ], [ -48.43194, -20.77087 ], [ -48.43936, -20.77314 ], [ -48.44531, -20.77071 ], [ -48.44523, -20.77506 ], [ -48.45107, -20.7766 ], [ -48.44537, -20.78588 ], [ -48.4491, -20.7882 ], [ -48.45394, -20.78571 ], [ -48.4606, -20.78825 ], [ -48.46157, -20.79342 ], [ -48.46698, -20.79508 ], [ -48.46831, -20.79919 ], [ -48.48421, -20.79763 ], [ -48.49226, -20.80091 ], [ -48.49875, -20.79394 ], [ -48.51563, -20.79157 ], [ -48.52003, -20.79371 ], [ -48.52483, -20.79219 ], [ -48.53494, -20.79771 ], [ -48.54508, -20.79562 ], [ -48.55753, -20.80232 ], [ -48.56291, -20.80818 ], [ -48.57308, -20.80976 ], [ -48.57901, -20.81445 ], [ -48.59124, -20.81865 ], [ -48.60937, -20.83379 ], [ -48.61421, -20.83277 ], [ -48.62045, -20.82507 ], [ -48.63326, -20.82298 ], [ -48.63625, -20.81848 ], [ -48.64179, -20.81836 ], [ -48.64498, -20.8197 ], [ -48.64587, -20.83007 ], [ -48.65027, -20.83333 ], [ -48.66073, -20.8334 ], [ -48.66837, -20.82933 ], [ -48.68251, -20.83431 ], [ -48.68868, -20.84052 ] ] ] } },
{ "type": "Feature", "properties": { "rc": "RC 08.03", "uba": "Franca", "regional": "DR 08", "regional_cgr": "CGR 08" }, "geometry": { "type": "Polygon", "coordinates": [ [ [ -47.24629, -20.86381 ], [ -47.25113, -20.8634 ], [ -47.25078, -20.86033 ], [ -47.25507, -20.85955 ], [ -47.25519, -20.8565 ], [ -47.25821, -20.85763 ], [ -47.26305, -20.85325 ], [ -47.26344, -20.85658 ], [ -47.26653, -20.85784 ], [ -47.26762, -20.85331 ], [ -47.27855, -20.84475 ], [ -47.27554, -20.84344 ], [ -47.28057, -20.84085 ], [ -47.28178, -20.84251 ], [ -47.28327, -20.83802 ], [ -47.28933, -20.83554 ], [ -47.2894, -20.83782 ], [ -47.29408, -20.83839 ], [ -47.29373, -20.84114 ], [ -47.29757, -20.83907 ], [ -47.29953, -20.84195 ], [ -47.30224, -20.84138 ], [ -47.30591, -20.83693 ], [ -47.30619, -20.84273 ], [ -47.31428, -20.84084 ], [ -47.313, -20.84719 ], [ -47.31615, -20.84889 ], [ -47.32331, -20.84764 ], [ -47.32497, -20.85027 ], [ -47.3235, -20.8519 ], [ -47.32766, -20.85499 ], [ -47.32735, -20.85888 ], [ -47.33014, -20.85804 ], [ -47.32847, -20.85949 ], [ -47.34147, -20.85722 ], [ -47.34478, -20.85271 ], [ -47.34256, -20.84932 ], [ -47.34855, -20.84763 ], [ -47.3471, -20.84424 ], [ -47.34949, -20.83973 ], [ -47.34497, -20.83504 ], [ -47.34741, -20.83294 ], [ -47.34342, -20.83024 ], [ -47.34432, -20.82761 ], [ -47.3549, -20.8294 ], [ -47.35655, -20.82484 ], [ -47.36952, -20.82686 ], [ -47.3708, -20.82096 ], [ -47.3736, -20.82218 ], [ -47.38235, -20.81955 ], [ -47.38547, -20.82208 ], [ -47.39266, -20.81917 ], [ -47.39629, -20.81047 ], [ -47.4066, -20.81208 ], [ -47.418, -20.80595 ], [ -47.42326, -20.79618 ], [ -47.42717, -20.79331 ], [ -47.43408, -20.7932 ], [ -47.44211, -20.78263 ], [ -47.43561, -20.77748 ], [ -47.42995, -20.77865 ], [ -47.4275, -20.77674 ], [ -47.42876, -20.77341 ], [ -47.43296, -20.77214 ], [ -47.42875, -20.76737 ], [ -47.42975, -20.76375 ], [ -47.43526, -20.7627 ], [ -47.43712, -20.76516 ], [ -47.44224, -20.76224 ], [ -47.44761, -20.7633 ], [ -47.45276, -20.75951 ], [ -47.45995, -20.76331 ], [ -47.45552, -20.77288 ], [ -47.46994, -20.76955 ], [ -47.4726, -20.75979 ], [ -47.47062, -20.75188 ], [ -47.47861, -20.75374 ], [ -47.488, -20.75096 ], [ -47.49178, -20.74708 ], [ -47.49442, -20.74812 ], [ -47.49497, -20.74249 ], [ -47.49927, -20.7422 ], [ -47.49879, -20.73917 ], [ -47.50124, -20.73952 ], [ -47.50652, -20.73407 ], [ -47.50505, -20.7309 ], [ -47.50835, -20.73193 ], [ -47.5066, -20.72714 ], [ -47.50867, -20.72447 ], [ -47.51378, -20.72436 ], [ -47.51496, -20.7292 ], [ -47.51712, -20.72628 ], [ -47.52778, -20.73201 ], [ -47.52721, -20.72736 ], [ -47.52987, -20.72901 ], [ -47.53325, -20.72705 ], [ -47.52938, -20.72304 ], [ -47.53391, -20.72273 ], [ -47.53274, -20.71716 ], [ -47.53945, -20.72077 ], [ -47.54185, -20.71846 ], [ -47.54486, -20.72626 ], [ -47.53969, -20.72757 ], [ -47.5411, -20.73144 ], [ -47.53819, -20.73058 ], [ -47.53948, -20.73523 ], [ -47.55167, -20.7346 ], [ -47.54888, -20.74038 ], [ -47.55933, -20.74128 ], [ -47.56785, -20.73874 ], [ -47.56823, -20.73474 ], [ -47.57117, -20.73243 ], [ -47.5674, -20.72691 ], [ -47.57129, -20.72111 ], [ -47.57389, -20.72632 ], [ -47.57878, -20.72419 ], [ -47.57668, -20.71631 ], [ -47.58128, -20.70964 ], [ -47.58582, -20.70895 ], [ -47.59288, -20.71211 ], [ -47.59288, -20.71596 ], [ -47.59644, -20.7181 ], [ -47.60388, -20.71819 ], [ -47.60299, -20.70749 ], [ -47.60509, -20.70311 ], [ -47.59806, -20.69272 ], [ -47.61498, -20.70112 ], [ -47.62012, -20.70014 ], [ -47.62192, -20.69749 ], [ -47.61718, -20.68045 ], [ -47.62609, -20.68311 ], [ -47.62875, -20.69127 ], [ -47.63327, -20.69202 ], [ -47.63704, -20.68936 ], [ -47.63417, -20.68207 ], [ -47.63903, -20.67069 ], [ -47.65364, -20.66722 ], [ -47.65447, -20.6703 ], [ -47.66201, -20.66993 ], [ -47.65469, -20.66229 ], [ -47.67066, -20.64944 ], [ -47.65264, -20.65025 ], [ -47.65503, -20.64206 ], [ -47.66925, -20.63734 ], [ -47.67431, -20.64295 ], [ -47.67983, -20.64283 ], [ -47.6888, -20.63461 ], [ -47.68329, -20.63118 ], [ -47.6841, -20.62856 ], [ -47.70681, -20.62513 ], [ -47.71309, -20.62672 ], [ -47.7208, -20.6118 ], [ -47.72723, -20.61025 ], [ -47.7286, -20.60606 ], [ -47.73876, -20.60498 ], [ -47.74267, -20.59685 ], [ -47.74295, -20.59506 ], [ -47.73924, -20.59466 ], [ -47.72574, -20.58119 ], [ -47.71277, -20.55879 ], [ -47.70319, -20.55911 ], [ -47.6922, -20.55587 ], [ -47.69165, -20.54141 ], [ -47.6801, -20.53827 ], [ -47.66978, -20.52902 ], [ -47.65368, -20.52337 ], [ -47.64408, -20.51556 ], [ -47.63848, -20.50137 ], [ -47.64281, -20.4905 ], [ -47.64023, -20.48673 ], [ -47.62797, -20.47982 ], [ -47.61481, -20.48124 ], [ -47.62322, -20.46484 ], [ -47.62405, -20.45777 ], [ -47.63365, -20.44169 ], [ -47.64474, -20.44144 ], [ -47.65553, -20.43318 ], [ -47.66152, -20.43224 ], [ -47.66568, -20.42692 ], [ -47.66348, -20.4208 ], [ -47.64936, -20.41865 ], [ -47.64207, -20.41618 ], [ -47.64208, -20.41225 ], [ -47.62593, -20.40877 ], [ -47.62613, -20.40635 ], [ -47.63183, -20.40327 ], [ -47.63217, -20.39849 ], [ -47.61791, -20.36326 ], [ -47.61768, -20.34639 ], [ -47.62635, -20.32548 ], [ -47.63846, -20.32045 ], [ -47.64414, -20.31257 ], [ -47.64329, -20.29062 ], [ -47.64524, -20.28775 ], [ -47.64331, -20.28327 ], [ -47.63174, -20.28578 ], [ -47.63064, -20.28281 ], [ -47.62885, -20.28376 ], [ -47.62379, -20.27932 ], [ -47.61293, -20.27557 ], [ -47.61049, -20.27674 ], [ -47.60726, -20.26006 ], [ -47.6025, -20.25218 ], [ -47.61037, -20.22985 ], [ -47.61913, -20.21915 ], [ -47.61163, -20.19756 ], [ -47.60577, -20.19481 ], [ -47.59241, -20.17853 ], [ -47.59399, -20.17267 ], [ -47.59686, -20.17428 ], [ -47.59905, -20.17014 ], [ -47.60582, -20.16629 ], [ -47.60898, -20.15902 ], [ -47.6064, -20.15527 ], [ -47.5811, -20.14995 ], [ -47.5707, -20.15509 ], [ -47.5626, -20.15296 ], [ -47.55602, -20.14215 ], [ -47.54766, -20.14027 ], [ -47.54235, -20.13615 ], [ -47.54125, -20.13186 ], [ -47.54359, -20.12678 ], [ -47.53208, -20.12128 ], [ -47.53145, -20.10908 ], [ -47.52174, -20.10875 ], [ -47.51772, -20.10613 ], [ -47.51888, -20.09831 ], [ -47.50883, -20.05932 ], [ -47.53633, -20.02597 ], [ -47.54301, -20.01137 ], [ -47.54296, -19.99393 ], [ -47.54925, -19.99373 ], [ -47.53942, -19.98385 ], [ -47.50755, -19.98249 ], [ -47.49997, -19.97272 ], [ -47.49, -19.96908 ], [ -47.47985, -19.96852 ], [ -47.47283, -19.96127 ], [ -47.46434, -19.96345 ], [ -47.45117, -19.98728 ], [ -47.43945, -19.99469 ], [ -47.43425, -20.00393 ], [ -47.42538, -20.01167 ], [ -47.42466, -20.01793 ], [ -47.42813, -20.01878 ], [ -47.42766, -20.02259 ], [ -47.43073, -20.0232 ], [ -47.43184, -20.01918 ], [ -47.43406, -20.0242 ], [ -47.44434, -20.02878 ], [ -47.44436, -20.0334 ], [ -47.43721, -20.05199 ], [ -47.42202, -20.06055 ], [ -47.40664, -20.0813 ], [ -47.40118, -20.08382 ], [ -47.37435, -20.0848 ], [ -47.37004, -20.09246 ], [ -47.3582, -20.1042 ], [ -47.34854, -20.10531 ], [ -47.33706, -20.11328 ], [ -47.32277, -20.11669 ], [ -47.31666, -20.12183 ], [ -47.31023, -20.12362 ], [ -47.3058, -20.13352 ], [ -47.29197, -20.1492 ], [ -47.28474, -20.15324 ], [ -47.27606, -20.15315 ], [ -47.26532, -20.15716 ], [ -47.2573, -20.16552 ], [ -47.25542, -20.17169 ], [ -47.25738, -20.18482 ], [ -47.25523, -20.19251 ], [ -47.23141, -20.22073 ], [ -47.23283, -20.22856 ], [ -47.23799, -20.23352 ], [ -47.2398, -20.24423 ], [ -47.24776, -20.25884 ], [ -47.247, -20.26172 ], [ -47.25324, -20.2638 ], [ -47.26491, -20.28306 ], [ -47.26958, -20.28284 ], [ -47.27655, -20.29091 ], [ -47.28152, -20.30355 ], [ -47.28168, -20.31241 ], [ -47.28588, -20.3163 ], [ -47.28362, -20.32254 ], [ -47.2858, -20.32526 ], [ -47.28395, -20.32686 ], [ -47.28473, -20.33277 ], [ -47.28984, -20.33389 ], [ -47.29139, -20.33681 ], [ -47.28944, -20.33754 ], [ -47.29334, -20.33968 ], [ -47.29337, -20.34296 ], [ -47.29815, -20.34807 ], [ -47.29534, -20.35054 ], [ -47.29721, -20.3514 ], [ -47.29645, -20.35769 ], [ -47.29315, -20.36312 ], [ -47.29527, -20.3689 ], [ -47.29257, -20.3705 ], [ -47.29502, -20.37465 ], [ -47.29266, -20.37895 ], [ -47.29436, -20.38082 ], [ -47.29071, -20.38297 ], [ -47.29347, -20.38564 ], [ -47.29206, -20.38799 ], [ -47.28703, -20.3882 ], [ -47.29163, -20.39829 ], [ -47.28533, -20.40516 ], [ -47.28672, -20.4092 ], [ -47.28905, -20.40901 ], [ -47.28774, -20.41621 ], [ -47.29371, -20.41835 ], [ -47.28855, -20.42098 ], [ -47.29613, -20.42677 ], [ -47.29291, -20.42799 ], [ -47.29443, -20.43177 ], [ -47.28735, -20.43464 ], [ -47.28832, -20.43891 ], [ -47.28607, -20.44197 ], [ -47.29272, -20.4475 ], [ -47.28375, -20.45711 ], [ -47.2784, -20.45812 ], [ -47.27895, -20.46048 ], [ -47.27174, -20.46282 ], [ -47.26929, -20.46672 ], [ -47.25887, -20.46889 ], [ -47.25381, -20.478 ], [ -47.25015, -20.47689 ], [ -47.24672, -20.48098 ], [ -47.22754, -20.48824 ], [ -47.21943, -20.49656 ], [ -47.2128, -20.49817 ], [ -47.21142, -20.50197 ], [ -47.20426, -20.50341 ], [ -47.20204, -20.50183 ], [ -47.1916, -20.50697 ], [ -47.19075, -20.51053 ], [ -47.18619, -20.51025 ], [ -47.18523, -20.51362 ], [ -47.17963, -20.51305 ], [ -47.15186, -20.52145 ], [ -47.14321, -20.53482 ], [ -47.14566, -20.54013 ], [ -47.142, -20.54105 ], [ -47.14299, -20.54388 ], [ -47.13749, -20.56071 ], [ -47.14238, -20.56622 ], [ -47.13556, -20.57841 ], [ -47.13391, -20.58801 ], [ -47.12518, -20.59088 ], [ -47.12277, -20.59459 ], [ -47.12622, -20.60819 ], [ -47.12367, -20.6129 ], [ -47.1088, -20.62063 ], [ -47.11191, -20.62803 ], [ -47.11017, -20.63187 ], [ -47.11435, -20.63821 ], [ -47.10741, -20.63802 ], [ -47.09629, -20.64436 ], [ -47.0979, -20.64672 ], [ -47.09663, -20.66093 ], [ -47.10295, -20.67079 ], [ -47.10004, -20.67967 ], [ -47.10738, -20.68411 ], [ -47.10646, -20.6883 ], [ -47.1119, -20.69539 ], [ -47.11105, -20.69961 ], [ -47.11523, -20.707 ], [ -47.12862, -20.7096 ], [ -47.14516, -20.70567 ], [ -47.14843, -20.70752 ], [ -47.15451, -20.70351 ], [ -47.16285, -20.70357 ], [ -47.16418, -20.70075 ], [ -47.17004, -20.70201 ], [ -47.17397, -20.71119 ], [ -47.16947, -20.71663 ], [ -47.18632, -20.73105 ], [ -47.18267, -20.73461 ], [ -47.17647, -20.73495 ], [ -47.17367, -20.73828 ], [ -47.18254, -20.74156 ], [ -47.18814, -20.76898 ], [ -47.19587, -20.77525 ], [ -47.20838, -20.77657 ], [ -47.21376, -20.79187 ], [ -47.22499, -20.80103 ], [ -47.21423, -20.8261 ], [ -47.22678, -20.85566 ], [ -47.22982, -20.85795 ], [ -47.23556, -20.85746 ], [ -47.23802, -20.86071 ], [ -47.24629, -20.86381 ] ] ] } },
{ "type": "Feature", "properties": { "rc": "RC 10.01", "uba": "São Bernardo do Campo", "regional": "DR 10", "regional_cgr": "CGR 10" }, "geometry": { "type": "Polygon", "coordinates": [ [ [ -46.61087, -23.96816 ], [ -46.61202, -23.96651 ], [ -46.60856, -23.96328 ], [ -46.60691, -23.95584 ], [ -46.61115, -23.95041 ], [ -46.60858, -23.94236 ], [ -46.61585, -23.93529 ], [ -46.61644, -23.93136 ], [ -46.60955, -23.92692 ], [ -46.60868, -23.9148 ], [ -46.61185, -23.9136 ], [ -46.61749, -23.88829 ], [ -46.61646, -23.86245 ], [ -46.63183, -23.85251 ], [ -46.63522, -23.83602 ], [ -46.6339, -23.82899 ], [ -46.62434, -23.81318 ], [ -46.6217, -23.79181 ], [ -46.6305, -23.77267 ], [ -46.64486, -23.75847 ], [ -46.64771, -23.74323 ], [ -46.65292, -23.73142 ], [ -46.6387, -23.72652 ], [ -46.62783, -23.71662 ], [ -46.62304, -23.71594 ], [ -46.61716, -23.71125 ], [ -46.61672, -23.70851 ], [ -46.62442, -23.70522 ], [ -46.63271, -23.69506 ], [ -46.63239, -23.69216 ], [ -46.63611, -23.69012 ], [ -46.63038, -23.6792 ], [ -46.63082, -23.67259 ], [ -46.62684, -23.66866 ], [ -46.62665, -23.65976 ], [ -46.62342, -23.66125 ], [ -46.61725, -23.65755 ], [ -46.61372, -23.65997 ], [ -46.58471, -23.64507 ], [ -46.57948, -23.60528 ], [ -46.58144, -23.60018 ], [ -46.57943, -23.5991 ], [ -46.55728, -23.61164 ], [ -46.5507, -23.60596 ], [ -46.54679, -23.60562 ], [ -46.53477, -23.61439 ], [ -46.522, -23.61371 ], [ -46.50627, -23.62569 ], [ -46.48236, -23.62374 ], [ -46.47702, -23.62602 ], [ -46.4724, -23.63879 ], [ -46.46529, -23.63833 ], [ -46.44643, -23.64411 ], [ -46.43192, -23.64118 ], [ -46.42996, -23.63623 ], [ -46.42469, -23.64008 ], [ -46.42322, -23.64502 ], [ -46.40697, -23.63218 ], [ -46.4069, -23.62379 ], [ -46.40124, -23.62211 ], [ -46.39534, -23.61282 ], [ -46.38981, -23.61228 ], [ -46.38486, -23.61507 ], [ -46.37832, -23.63605 ], [ -46.37399, -23.64291 ], [ -46.36843, -23.64391 ], [ -46.35709, -23.63847 ], [ -46.35361, -23.64239 ], [ -46.35316, -23.64827 ], [ -46.35832, -23.66047 ], [ -46.35648, -23.66718 ], [ -46.3486, -23.6693 ], [ -46.33865, -23.67776 ], [ -46.33668, -23.68969 ], [ -46.33176, -23.69653 ], [ -46.33081, -23.7095 ], [ -46.32835, -23.70646 ], [ -46.329, -23.70289 ], [ -46.32431, -23.70335 ], [ -46.32734, -23.71422 ], [ -46.32756, -23.72906 ], [ -46.32275, -23.73503 ], [ -46.31691, -23.73759 ], [ -46.32233, -23.74447 ], [ -46.31813, -23.74621 ], [ -46.31498, -23.74368 ], [ -46.31231, -23.74797 ], [ -46.29924, -23.75149 ], [ -46.29618, -23.74881 ], [ -46.29405, -23.7497 ], [ -46.28572, -23.75758 ], [ -46.28389, -23.76649 ], [ -46.279, -23.77132 ], [ -46.29567, -23.78752 ], [ -46.30223, -23.78766 ], [ -46.31642, -23.80176 ], [ -46.31891, -23.80195 ], [ -46.31873, -23.78189 ], [ -46.32321, -23.78482 ], [ -46.33479, -23.78078 ], [ -46.34075, -23.7827 ], [ -46.34484, -23.78724 ], [ -46.35176, -23.7869 ], [ -46.35493, -23.78999 ], [ -46.37295, -23.79057 ], [ -46.37742, -23.7931 ], [ -46.37786, -23.79687 ], [ -46.37366, -23.79567 ], [ -46.38141, -23.80674 ], [ -46.39423, -23.81277 ], [ -46.40443, -23.81074 ], [ -46.41169, -23.8163 ], [ -46.41234, -23.82422 ], [ -46.41698, -23.82295 ], [ -46.42144, -23.82827 ], [ -46.41876, -23.82179 ], [ -46.41535, -23.82142 ], [ -46.41703, -23.81989 ], [ -46.41544, -23.81762 ], [ -46.42559, -23.82456 ], [ -46.43123, -23.82646 ], [ -46.43401, -23.82361 ], [ -46.44424, -23.82871 ], [ -46.43829, -23.83067 ], [ -46.43745, -23.8325 ], [ -46.44251, -23.84022 ], [ -46.43849, -23.8387 ], [ -46.43714, -23.84269 ], [ -46.44367, -23.85014 ], [ -46.45477, -23.85393 ], [ -46.45918, -23.86608 ], [ -46.4659, -23.86046 ], [ -46.46817, -23.86442 ], [ -46.46584, -23.86553 ], [ -46.46973, -23.87269 ], [ -46.48297, -23.88494 ], [ -46.48414, -23.88314 ], [ -46.48782, -23.88449 ], [ -46.49745, -23.90145 ], [ -46.50381, -23.90475 ], [ -46.51997, -23.90531 ], [ -46.52244, -23.90772 ], [ -46.52131, -23.91223 ], [ -46.53229, -23.91755 ], [ -46.53537, -23.92323 ], [ -46.54075, -23.9236 ], [ -46.54571, -23.93012 ], [ -46.5483, -23.9297 ], [ -46.5522, -23.94038 ], [ -46.5564, -23.94143 ], [ -46.55875, -23.94626 ], [ -46.56351, -23.94856 ], [ -46.56516, -23.95344 ], [ -46.56769, -23.95373 ], [ -46.56617, -23.94972 ], [ -46.5697, -23.94676 ], [ -46.57137, -23.95246 ], [ -46.57741, -23.95699 ], [ -46.58031, -23.95574 ], [ -46.58532, -23.96081 ], [ -46.59529, -23.96533 ], [ -46.60031, -23.96353 ], [ -46.61087, -23.96816 ] ] ] } },
{ "type": "Feature", "properties": { "rc": "RC 03.04", "uba": "Botucatu", "regional": "DR 03", "regional_cgr": "CGR 03" }, "geometry": { "type": "Polygon", "coordinates": [ [ [ -48.68796, -23.34264 ], [ -48.69923, -23.34179 ], [ -48.70695, -23.33804 ], [ -48.70886, -23.33429 ], [ -48.70736, -23.32545 ], [ -48.71145, -23.31921 ], [ -48.73862, -23.31646 ], [ -48.77399, -23.29913 ], [ -48.77663, -23.28556 ], [ -48.77292, -23.2762 ], [ -48.76692, -23.26983 ], [ -48.77237, -23.26534 ], [ -48.74469, -23.25038 ], [ -48.74743, -23.23709 ], [ -48.74365, -23.23649 ], [ -48.7408, -23.23089 ], [ -48.74094, -23.21974 ], [ -48.73527, -23.20881 ], [ -48.74199, -23.20434 ], [ -48.74476, -23.19789 ], [ -48.74229, -23.17139 ], [ -48.7446, -23.16554 ], [ -48.74326, -23.15891 ], [ -48.73842, -23.15546 ], [ -48.73401, -23.14639 ], [ -48.7369, -23.13503 ], [ -48.7477, -23.12158 ], [ -48.74786, -23.11665 ], [ -48.75111, -23.11471 ], [ -48.74139, -23.08958 ], [ -48.74507, -23.08581 ], [ -48.75291, -23.08413 ], [ -48.76424, -23.07765 ], [ -48.7711, -23.06842 ], [ -48.77235, -23.05825 ], [ -48.77866, -23.05349 ], [ -48.77716, -23.04519 ], [ -48.76997, -23.03272 ], [ -48.76975, -23.02012 ], [ -48.76211, -23.01538 ], [ -48.76147, -22.99232 ], [ -48.77451, -22.97427 ], [ -48.77627, -22.96597 ], [ -48.787, -22.96224 ], [ -48.78845, -22.95969 ], [ -48.79, -22.96281 ], [ -48.79355, -22.9632 ], [ -48.80701, -22.95471 ], [ -48.81388, -22.95372 ], [ -48.81478, -22.95054 ], [ -48.8197, -22.95173 ], [ -48.82722, -22.94833 ], [ -48.84698, -22.94818 ], [ -48.84642, -22.93963 ], [ -48.84972, -22.9381 ], [ -48.85219, -22.93109 ], [ -48.84109, -22.92192 ], [ -48.84151, -22.9187 ], [ -48.83809, -22.91431 ], [ -48.82651, -22.90931 ], [ -48.83036, -22.89622 ], [ -48.82866, -22.89141 ], [ -48.82054, -22.88766 ], [ -48.8159, -22.88084 ], [ -48.80992, -22.87963 ], [ -48.8067, -22.87559 ], [ -48.78729, -22.87121 ], [ -48.79684, -22.86502 ], [ -48.80374, -22.8497 ], [ -48.80263, -22.8448 ], [ -48.79303, -22.83241 ], [ -48.78844, -22.8355 ], [ -48.78023, -22.82626 ], [ -48.78053, -22.82077 ], [ -48.77425, -22.81085 ], [ -48.77584, -22.80056 ], [ -48.77986, -22.79694 ], [ -48.77917, -22.7834 ], [ -48.78113, -22.77762 ], [ -48.77736, -22.76522 ], [ -48.77829, -22.76161 ], [ -48.76995, -22.75786 ], [ -48.75461, -22.7723 ], [ -48.75088, -22.77213 ], [ -48.74883, -22.76797 ], [ -48.74419, -22.7705 ], [ -48.73697, -22.76491 ], [ -48.72967, -22.76427 ], [ -48.72067, -22.74536 ], [ -48.71719, -22.74172 ], [ -48.70653, -22.73799 ], [ -48.70667, -22.7333 ], [ -48.69127, -22.73715 ], [ -48.69369, -22.73109 ], [ -48.69131, -22.72443 ], [ -48.69474, -22.72009 ], [ -48.68858, -22.69424 ], [ -48.69172, -22.6883 ], [ -48.6847, -22.6657 ], [ -48.68891, -22.65943 ], [ -48.68886, -22.64673 ], [ -48.67869, -22.63131 ], [ -48.66116, -22.63088 ], [ -48.66518, -22.62146 ], [ -48.67322, -22.61228 ], [ -48.68233, -22.59027 ], [ -48.68219, -22.5825 ], [ -48.67843, -22.57844 ], [ -48.67744, -22.57241 ], [ -48.6673, -22.56933 ], [ -48.66962, -22.5648 ], [ -48.66514, -22.56414 ], [ -48.66748, -22.56072 ], [ -48.67214, -22.56229 ], [ -48.67038, -22.55398 ], [ -48.67362, -22.55104 ], [ -48.6675, -22.55148 ], [ -48.66682, -22.54878 ], [ -48.67056, -22.54693 ], [ -48.66471, -22.54356 ], [ -48.65979, -22.54492 ], [ -48.65978, -22.53962 ], [ -48.65544, -22.5395 ], [ -48.65685, -22.53657 ], [ -48.65127, -22.5311 ], [ -48.65415, -22.52939 ], [ -48.65388, -22.52686 ], [ -48.64759, -22.52565 ], [ -48.64595, -22.5159 ], [ -48.64339, -22.52011 ], [ -48.63928, -22.52009 ], [ -48.64351, -22.5122 ], [ -48.63621, -22.51033 ], [ -48.63029, -22.5116 ], [ -48.62844, -22.5105 ], [ -48.62946, -22.50487 ], [ -48.62106, -22.5017 ], [ -48.59975, -22.50962 ], [ -48.55899, -22.49944 ], [ -48.54798, -22.50504 ], [ -48.52801, -22.52725 ], [ -48.51937, -22.52914 ], [ -48.50475, -22.52551 ], [ -48.50017, -22.52688 ], [ -48.4893, -22.54604 ], [ -48.44884, -22.53926 ], [ -48.41284, -22.55704 ], [ -48.38249, -22.58122 ], [ -48.37227, -22.59397 ], [ -48.36434, -22.60962 ], [ -48.35234, -22.61252 ], [ -48.3385, -22.62364 ], [ -48.33066, -22.6244 ], [ -48.31039, -22.60795 ], [ -48.28135, -22.59622 ], [ -48.26905, -22.59624 ], [ -48.26274, -22.60265 ], [ -48.25582, -22.61529 ], [ -48.25025, -22.6192 ], [ -48.2465, -22.6188 ], [ -48.24526, -22.63472 ], [ -48.23978, -22.64441 ], [ -48.24993, -22.67593 ], [ -48.2481, -22.7318 ], [ -48.25316, -22.73276 ], [ -48.2584, -22.73795 ], [ -48.26637, -22.73605 ], [ -48.27282, -22.73844 ], [ -48.28529, -22.73687 ], [ -48.28673, -22.73841 ], [ -48.28499, -22.74311 ], [ -48.2891, -22.75203 ], [ -48.28345, -22.75338 ], [ -48.28152, -22.75741 ], [ -48.26331, -22.76706 ], [ -48.26131, -22.78463 ], [ -48.26325, -22.78936 ], [ -48.25926, -22.80114 ], [ -48.25726, -22.82785 ], [ -48.25302, -22.83254 ], [ -48.25902, -22.83804 ], [ -48.25675, -22.84294 ], [ -48.26104, -22.84477 ], [ -48.25381, -22.84937 ], [ -48.25716, -22.85154 ], [ -48.25684, -22.85598 ], [ -48.26046, -22.85798 ], [ -48.25987, -22.86478 ], [ -48.26468, -22.87098 ], [ -48.28203, -22.87142 ], [ -48.29445, -22.87835 ], [ -48.29632, -22.89371 ], [ -48.303, -22.90562 ], [ -48.30184, -22.91418 ], [ -48.30563, -22.91616 ], [ -48.31058, -22.92449 ], [ -48.30925, -22.93003 ], [ -48.29907, -22.93362 ], [ -48.29559, -22.93836 ], [ -48.29513, -22.95299 ], [ -48.29099, -22.9562 ], [ -48.29152, -22.97086 ], [ -48.29442, -22.97344 ], [ -48.29617, -22.98142 ], [ -48.30717, -22.99074 ], [ -48.31921, -22.99338 ], [ -48.32224, -23.00124 ], [ -48.32914, -22.99954 ], [ -48.3342, -23.00527 ], [ -48.33985, -23.00089 ], [ -48.34221, -23.00569 ], [ -48.34803, -23.00287 ], [ -48.34554, -23.00833 ], [ -48.35094, -23.01063 ], [ -48.34833, -23.0134 ], [ -48.35652, -23.01975 ], [ -48.3581, -23.02543 ], [ -48.35317, -23.02769 ], [ -48.34669, -23.02496 ], [ -48.34573, -23.02579 ], [ -48.35803, -23.0309 ], [ -48.35651, -23.03431 ], [ -48.35912, -23.03456 ], [ -48.35977, -23.04181 ], [ -48.35442, -23.04497 ], [ -48.35762, -23.04949 ], [ -48.35392, -23.05364 ], [ -48.34408, -23.05084 ], [ -48.35369, -23.0605 ], [ -48.35791, -23.05928 ], [ -48.35779, -23.06401 ], [ -48.36143, -23.06644 ], [ -48.35845, -23.07064 ], [ -48.35389, -23.0721 ], [ -48.35477, -23.06806 ], [ -48.35288, -23.06601 ], [ -48.35159, -23.07132 ], [ -48.34636, -23.07185 ], [ -48.35157, -23.07785 ], [ -48.3499, -23.07982 ], [ -48.35388, -23.0827 ], [ -48.34579, -23.08478 ], [ -48.3415, -23.08229 ], [ -48.34042, -23.08402 ], [ -48.35174, -23.08578 ], [ -48.35061, -23.09183 ], [ -48.35443, -23.09063 ], [ -48.35776, -23.09277 ], [ -48.35224, -23.09597 ], [ -48.35784, -23.10105 ], [ -48.34408, -23.11381 ], [ -48.3389, -23.11508 ], [ -48.33236, -23.1207 ], [ -48.32358, -23.11481 ], [ -48.32358, -23.12096 ], [ -48.31924, -23.12953 ], [ -48.32651, -23.13131 ], [ -48.32703, -23.13485 ], [ -48.31891, -23.14047 ], [ -48.31123, -23.1423 ], [ -48.30318, -23.1496 ], [ -48.3062, -23.15085 ], [ -48.3127, -23.14557 ], [ -48.32559, -23.14462 ], [ -48.33736, -23.13871 ], [ -48.34127, -23.13902 ], [ -48.3441, -23.14448 ], [ -48.35071, -23.14921 ], [ -48.35109, -23.15231 ], [ -48.35621, -23.15033 ], [ -48.36329, -23.15424 ], [ -48.36039, -23.16329 ], [ -48.36244, -23.1685 ], [ -48.36877, -23.16949 ], [ -48.38105, -23.17651 ], [ -48.38112, -23.18036 ], [ -48.38854, -23.18647 ], [ -48.40207, -23.18913 ], [ -48.4059, -23.19458 ], [ -48.41033, -23.19495 ], [ -48.42335, -23.203 ], [ -48.42848, -23.20261 ], [ -48.43253, -23.20811 ], [ -48.43954, -23.2117 ], [ -48.44316, -23.20968 ], [ -48.44495, -23.21228 ], [ -48.45222, -23.21022 ], [ -48.45091, -23.21272 ], [ -48.45647, -23.21429 ], [ -48.46489, -23.22448 ], [ -48.46461, -23.22838 ], [ -48.46776, -23.22867 ], [ -48.46607, -23.22975 ], [ -48.46863, -23.23182 ], [ -48.46922, -23.24012 ], [ -48.47673, -23.23818 ], [ -48.47659, -23.24132 ], [ -48.48224, -23.2414 ], [ -48.48607, -23.24446 ], [ -48.48582, -23.24716 ], [ -48.49194, -23.25026 ], [ -48.49232, -23.25338 ], [ -48.48929, -23.25408 ], [ -48.48967, -23.2595 ], [ -48.50159, -23.26792 ], [ -48.5047, -23.26943 ], [ -48.50811, -23.26664 ], [ -48.51209, -23.27156 ], [ -48.51854, -23.2699 ], [ -48.52094, -23.27229 ], [ -48.53744, -23.27292 ], [ -48.54858, -23.28099 ], [ -48.55445, -23.27836 ], [ -48.56654, -23.29601 ], [ -48.57613, -23.29641 ], [ -48.58108, -23.29901 ], [ -48.58614, -23.3116 ], [ -48.59025, -23.31481 ], [ -48.60744, -23.31663 ], [ -48.62522, -23.3258 ], [ -48.64921, -23.3282 ], [ -48.68041, -23.34152 ], [ -48.68796, -23.34264 ] ] ] } },
{ "type": "Feature", "properties": { "rc": "RC 13.04", "uba": "São João da Boa Vista", "regional": "DR 13", "regional_cgr": "CGR 13" }, "geometry": { "type": "Polygon", "coordinates": [ [ [ -46.9456, -22.40139 ], [ -46.95003, -22.39459 ], [ -46.95789, -22.39146 ], [ -46.95901, -22.38663 ], [ -46.96886, -22.37809 ], [ -46.98247, -22.37782 ], [ -46.99192, -22.37205 ], [ -47.00257, -22.35939 ], [ -47.00663, -22.34564 ], [ -47.01155, -22.34456 ], [ -47.01291, -22.33852 ], [ -47.01604, -22.33707 ], [ -47.01131, -22.33172 ], [ -47.01182, -22.32946 ], [ -47.01571, -22.32897 ], [ -47.01375, -22.32394 ], [ -47.01872, -22.32148 ], [ -47.02123, -22.31586 ], [ -47.02367, -22.31762 ], [ -47.02328, -22.32286 ], [ -47.02766, -22.32342 ], [ -47.02803, -22.31923 ], [ -47.03327, -22.31637 ], [ -47.03255, -22.31246 ], [ -47.02884, -22.31202 ], [ -47.03174, -22.30735 ], [ -47.03495, -22.30746 ], [ -47.03342, -22.3038 ], [ -47.04155, -22.30537 ], [ -47.0555, -22.30171 ], [ -47.07215, -22.30684 ], [ -47.08347, -22.29955 ], [ -47.09163, -22.30178 ], [ -47.09797, -22.293 ], [ -47.10551, -22.29368 ], [ -47.10509, -22.29847 ], [ -47.10911, -22.29226 ], [ -47.1157, -22.29415 ], [ -47.11947, -22.29039 ], [ -47.12383, -22.29137 ], [ -47.12548, -22.2941 ], [ -47.12406, -22.2974 ], [ -47.12998, -22.29987 ], [ -47.14164, -22.2956 ], [ -47.14778, -22.29632 ], [ -47.14909, -22.29411 ], [ -47.15342, -22.29434 ], [ -47.15427, -22.2975 ], [ -47.15685, -22.2923 ], [ -47.16114, -22.29151 ], [ -47.15939, -22.28741 ], [ -47.16622, -22.28612 ], [ -47.16723, -22.28327 ], [ -47.1712, -22.28952 ], [ -47.16856, -22.29083 ], [ -47.177, -22.29581 ], [ -47.18411, -22.29164 ], [ -47.18419, -22.28248 ], [ -47.18716, -22.27936 ], [ -47.18316, -22.27928 ], [ -47.18741, -22.27662 ], [ -47.18394, -22.27443 ], [ -47.18734, -22.27118 ], [ -47.19232, -22.27194 ], [ -47.19148, -22.27533 ], [ -47.19539, -22.27829 ], [ -47.19261, -22.28048 ], [ -47.19948, -22.28203 ], [ -47.20053, -22.27717 ], [ -47.20503, -22.28129 ], [ -47.21048, -22.27847 ], [ -47.21713, -22.26496 ], [ -47.23008, -22.25624 ], [ -47.2324, -22.25007 ], [ -47.23132, -22.24421 ], [ -47.21818, -22.23038 ], [ -47.22725, -22.22724 ], [ -47.23328, -22.21943 ], [ -47.23629, -22.22165 ], [ -47.23959, -22.23114 ], [ -47.24178, -22.22013 ], [ -47.23678, -22.2134 ], [ -47.22895, -22.21252 ], [ -47.22385, -22.20654 ], [ -47.2227, -22.20883 ], [ -47.22009, -22.20839 ], [ -47.21034, -22.20193 ], [ -47.20431, -22.20408 ], [ -47.19703, -22.18036 ], [ -47.19005, -22.17195 ], [ -47.19322, -22.16853 ], [ -47.19894, -22.14948 ], [ -47.19597, -22.12071 ], [ -47.19324, -22.11353 ], [ -47.19909, -22.1048 ], [ -47.19713, -22.09854 ], [ -47.21243, -22.08734 ], [ -47.21485, -22.0815 ], [ -47.21973, -22.0776 ], [ -47.21805, -22.06364 ], [ -47.22271, -22.06394 ], [ -47.22208, -22.06084 ], [ -47.23202, -22.06179 ], [ -47.23052, -22.0585 ], [ -47.23356, -22.05408 ], [ -47.21764, -22.03779 ], [ -47.20029, -22.03237 ], [ -47.20003, -22.0295 ], [ -47.20267, -22.02838 ], [ -47.20178, -22.0198 ], [ -47.20935, -22.01501 ], [ -47.2121, -22.00653 ], [ -47.21179, -21.98697 ], [ -47.21616, -21.97577 ], [ -47.2098, -21.97153 ], [ -47.2037, -21.97737 ], [ -47.19904, -21.97516 ], [ -47.1957, -21.978 ], [ -47.19614, -21.97338 ], [ -47.19055, -21.97555 ], [ -47.18967, -21.97365 ], [ -47.18664, -21.97565 ], [ -47.18415, -21.97342 ], [ -47.17723, -21.97411 ], [ -47.17527, -21.97717 ], [ -47.17051, -21.97675 ], [ -47.16572, -21.98029 ], [ -47.16382, -21.98776 ], [ -47.15867, -21.98244 ], [ -47.15615, -21.98505 ], [ -47.15125, -21.98196 ], [ -47.14575, -21.98769 ], [ -47.14625, -21.98545 ], [ -47.14102, -21.98114 ], [ -47.13385, -21.98043 ], [ -47.13027, -21.98269 ], [ -47.13011, -21.97966 ], [ -47.12286, -21.97898 ], [ -47.12032, -21.98132 ], [ -47.12201, -21.97775 ], [ -47.11616, -21.97278 ], [ -47.11378, -21.97586 ], [ -47.11425, -21.98116 ], [ -47.10683, -21.97523 ], [ -47.09868, -21.97937 ], [ -47.09953, -21.98243 ], [ -47.09563, -21.985 ], [ -47.09116, -21.97948 ], [ -47.08332, -21.9877 ], [ -47.07977, -21.98422 ], [ -47.06965, -21.98452 ], [ -47.06593, -21.99289 ], [ -47.05686, -21.98671 ], [ -47.04242, -21.99262 ], [ -47.03708, -21.99014 ], [ -47.03557, -21.99474 ], [ -47.03771, -21.99778 ], [ -47.03275, -21.99708 ], [ -47.03515, -22.00036 ], [ -47.03067, -22.00128 ], [ -47.0327, -22.00712 ], [ -47.03054, -22.01021 ], [ -47.02727, -22.00797 ], [ -47.02377, -22.00946 ], [ -47.02131, -22.00684 ], [ -47.01639, -22.0087 ], [ -47.01202, -22.00713 ], [ -47.00809, -21.99306 ], [ -47.0123, -21.99218 ], [ -47.01111, -21.9877 ], [ -47.0075, -21.98644 ], [ -47.0093, -21.98295 ], [ -47.00663, -21.9816 ], [ -47.00993, -21.98055 ], [ -47.00863, -21.97681 ], [ -47.00021, -21.97536 ], [ -46.9975, -21.97262 ], [ -46.99169, -21.97403 ], [ -46.98913, -21.97148 ], [ -46.98541, -21.97406 ], [ -46.98254, -21.9674 ], [ -46.98731, -21.96353 ], [ -46.99095, -21.95374 ], [ -46.99512, -21.94945 ], [ -46.99568, -21.93964 ], [ -46.99934, -21.93643 ], [ -46.99853, -21.9327 ], [ -47.00216, -21.92892 ], [ -47.00116, -21.92467 ], [ -47.00405, -21.91923 ], [ -47.00025, -21.91496 ], [ -47.0026, -21.9092 ], [ -46.99935, -21.90077 ], [ -46.99412, -21.89583 ], [ -46.99535, -21.87804 ], [ -46.98734, -21.87729 ], [ -46.98233, -21.86908 ], [ -46.98653, -21.8552 ], [ -46.98597, -21.8477 ], [ -46.97784, -21.84533 ], [ -46.97045, -21.83855 ], [ -46.96059, -21.83436 ], [ -46.96251, -21.81664 ], [ -46.95892, -21.8154 ], [ -46.94802, -21.81988 ], [ -46.92345, -21.81564 ], [ -46.92094, -21.80753 ], [ -46.90704, -21.79969 ], [ -46.89571, -21.78478 ], [ -46.88364, -21.78225 ], [ -46.8758, -21.78607 ], [ -46.86741, -21.77923 ], [ -46.85524, -21.77912 ], [ -46.85389, -21.77533 ], [ -46.84671, -21.77219 ], [ -46.84737, -21.76712 ], [ -46.84323, -21.76231 ], [ -46.84353, -21.75852 ], [ -46.83329, -21.75985 ], [ -46.82836, -21.75357 ], [ -46.82302, -21.75861 ], [ -46.81627, -21.76047 ], [ -46.81914, -21.76232 ], [ -46.82044, -21.77106 ], [ -46.81575, -21.78029 ], [ -46.80974, -21.78503 ], [ -46.80362, -21.78594 ], [ -46.80441, -21.79206 ], [ -46.80152, -21.79636 ], [ -46.79701, -21.79708 ], [ -46.79312, -21.80391 ], [ -46.78815, -21.80497 ], [ -46.77958, -21.81497 ], [ -46.7703, -21.81818 ], [ -46.76988, -21.82595 ], [ -46.76696, -21.82536 ], [ -46.75036, -21.83382 ], [ -46.74877, -21.82972 ], [ -46.73645, -21.82323 ], [ -46.73479, -21.82092 ], [ -46.73629, -21.818 ], [ -46.72675, -21.81814 ], [ -46.70887, -21.82819 ], [ -46.7041, -21.84064 ], [ -46.69088, -21.83677 ], [ -46.68931, -21.84178 ], [ -46.68174, -21.84509 ], [ -46.67632, -21.85092 ], [ -46.66548, -21.84955 ], [ -46.66349, -21.85858 ], [ -46.65605, -21.87073 ], [ -46.65756, -21.87774 ], [ -46.64725, -21.8808 ], [ -46.64802, -21.88773 ], [ -46.65278, -21.89708 ], [ -46.66381, -21.89805 ], [ -46.67357, -21.90891 ], [ -46.67017, -21.9166 ], [ -46.66437, -21.92115 ], [ -46.668, -21.93141 ], [ -46.66093, -21.9387 ], [ -46.65332, -21.9415 ], [ -46.65395, -21.95263 ], [ -46.64902, -21.95902 ], [ -46.64317, -21.97623 ], [ -46.63658, -21.98071 ], [ -46.62959, -21.98121 ], [ -46.6298, -21.9867 ], [ -46.62438, -21.99423 ], [ -46.61536, -21.99591 ], [ -46.61252, -22.01432 ], [ -46.61509, -22.01764 ], [ -46.61865, -22.01745 ], [ -46.63488, -22.01273 ], [ -46.64042, -22.00882 ], [ -46.6492, -22.0094 ], [ -46.65354, -22.01118 ], [ -46.65414, -22.0174 ], [ -46.66208, -22.02369 ], [ -46.67652, -22.0223 ], [ -46.68385, -22.02958 ], [ -46.68493, -22.0396 ], [ -46.6755, -22.05665 ], [ -46.65841, -22.06137 ], [ -46.66452, -22.06951 ], [ -46.67775, -22.07109 ], [ -46.68354, -22.07429 ], [ -46.6962, -22.07325 ], [ -46.70686, -22.07878 ], [ -46.70914, -22.0754 ], [ -46.71675, -22.07316 ], [ -46.72188, -22.07453 ], [ -46.72367, -22.07761 ], [ -46.72008, -22.08322 ], [ -46.74296, -22.08754 ], [ -46.75434, -22.0994 ], [ -46.75447, -22.10852 ], [ -46.75693, -22.11337 ], [ -46.7524, -22.12771 ], [ -46.73619, -22.13865 ], [ -46.7321, -22.14864 ], [ -46.73318, -22.15276 ], [ -46.72201, -22.1544 ], [ -46.71498, -22.1643 ], [ -46.71228, -22.17311 ], [ -46.70386, -22.17371 ], [ -46.70063, -22.17663 ], [ -46.69498, -22.17178 ], [ -46.68701, -22.1711 ], [ -46.68015, -22.17725 ], [ -46.67483, -22.17654 ], [ -46.67055, -22.1799 ], [ -46.67042, -22.18509 ], [ -46.67855, -22.2053 ], [ -46.67665, -22.21463 ], [ -46.67874, -22.22419 ], [ -46.68931, -22.23088 ], [ -46.69446, -22.23808 ], [ -46.68995, -22.24641 ], [ -46.69463, -22.2455 ], [ -46.70994, -22.2616 ], [ -46.71059, -22.27066 ], [ -46.70561, -22.27165 ], [ -46.70227, -22.27976 ], [ -46.71033, -22.28453 ], [ -46.70834, -22.29195 ], [ -46.70473, -22.29416 ], [ -46.71224, -22.30429 ], [ -46.71762, -22.30745 ], [ -46.72644, -22.30538 ], [ -46.72391, -22.29888 ], [ -46.73458, -22.29203 ], [ -46.74782, -22.29606 ], [ -46.75014, -22.29937 ], [ -46.75604, -22.29108 ], [ -46.76186, -22.29253 ], [ -46.76777, -22.28564 ], [ -46.77184, -22.28688 ], [ -46.78541, -22.29687 ], [ -46.79111, -22.29691 ], [ -46.79131, -22.30116 ], [ -46.79821, -22.30836 ], [ -46.80327, -22.30941 ], [ -46.80145, -22.31184 ], [ -46.80636, -22.3164 ], [ -46.81269, -22.31525 ], [ -46.82025, -22.31868 ], [ -46.81771, -22.31878 ], [ -46.81624, -22.32229 ], [ -46.82559, -22.33222 ], [ -46.82428, -22.33556 ], [ -46.83212, -22.33403 ], [ -46.84283, -22.34001 ], [ -46.84427, -22.34263 ], [ -46.84089, -22.34707 ], [ -46.84255, -22.34939 ], [ -46.8459, -22.34688 ], [ -46.85493, -22.34809 ], [ -46.84982, -22.3514 ], [ -46.85011, -22.3537 ], [ -46.85579, -22.35672 ], [ -46.85779, -22.35543 ], [ -46.86176, -22.36174 ], [ -46.85998, -22.36368 ], [ -46.86246, -22.36485 ], [ -46.8601, -22.36703 ], [ -46.86743, -22.36799 ], [ -46.86789, -22.3731 ], [ -46.87558, -22.37762 ], [ -46.87019, -22.37998 ], [ -46.87044, -22.38346 ], [ -46.87462, -22.38158 ], [ -46.87071, -22.38824 ], [ -46.87818, -22.38686 ], [ -46.87899, -22.38148 ], [ -46.89039, -22.37662 ], [ -46.89564, -22.37818 ], [ -46.89807, -22.38235 ], [ -46.90198, -22.37868 ], [ -46.9004, -22.37548 ], [ -46.90415, -22.37379 ], [ -46.90747, -22.3772 ], [ -46.91276, -22.37625 ], [ -46.92118, -22.38604 ], [ -46.9456, -22.40139 ] ] ] } },
{ "type": "Feature", "properties": { "rc": "RC 04.03", "uba": "Jaboticabal", "regional": "DR 04", "regional_cgr": "CGR 04" }, "geometry": { "type": "Polygon", "coordinates": [ [ [ -48.63784, -21.56662 ], [ -48.64182, -21.55664 ], [ -48.65046, -21.5467 ], [ -48.65527, -21.54392 ], [ -48.66689, -21.54493 ], [ -48.66158, -21.52927 ], [ -48.66419, -21.50151 ], [ -48.6628, -21.48888 ], [ -48.66733, -21.4912 ], [ -48.67857, -21.48568 ], [ -48.68499, -21.48524 ], [ -48.69197, -21.48981 ], [ -48.7074, -21.49156 ], [ -48.70828, -21.48477 ], [ -48.70521, -21.47969 ], [ -48.70851, -21.47172 ], [ -48.71588, -21.46678 ], [ -48.71519, -21.4583 ], [ -48.71879, -21.44867 ], [ -48.71534, -21.43021 ], [ -48.71811, -21.42955 ], [ -48.71887, -21.42572 ], [ -48.72304, -21.42402 ], [ -48.72537, -21.41976 ], [ -48.72947, -21.4184 ], [ -48.74652, -21.42372 ], [ -48.75431, -21.42029 ], [ -48.75245, -21.40598 ], [ -48.74497, -21.39193 ], [ -48.74866, -21.37508 ], [ -48.74651, -21.35824 ], [ -48.73797, -21.34473 ], [ -48.73335, -21.32894 ], [ -48.73428, -21.32147 ], [ -48.73075, -21.31679 ], [ -48.73469, -21.30499 ], [ -48.73238, -21.28674 ], [ -48.73601, -21.28179 ], [ -48.73288, -21.27644 ], [ -48.73592, -21.26565 ], [ -48.7324, -21.25961 ], [ -48.74302, -21.253 ], [ -48.74213, -21.24627 ], [ -48.73577, -21.24662 ], [ -48.73114, -21.24175 ], [ -48.72276, -21.24163 ], [ -48.70889, -21.23047 ], [ -48.69793, -21.22725 ], [ -48.69459, -21.22118 ], [ -48.69982, -21.21353 ], [ -48.70439, -21.21231 ], [ -48.70617, -21.20653 ], [ -48.69528, -21.21154 ], [ -48.68308, -21.20847 ], [ -48.67813, -21.21147 ], [ -48.67295, -21.20647 ], [ -48.66836, -21.20547 ], [ -48.66087, -21.20601 ], [ -48.65231, -21.21038 ], [ -48.63862, -21.20662 ], [ -48.63307, -21.19947 ], [ -48.62591, -21.19595 ], [ -48.60853, -21.20135 ], [ -48.59971, -21.21131 ], [ -48.58473, -21.21332 ], [ -48.58123, -21.20468 ], [ -48.58436, -21.18461 ], [ -48.58103, -21.16521 ], [ -48.57176, -21.16191 ], [ -48.53927, -21.16858 ], [ -48.53602, -21.18488 ], [ -48.52782, -21.189 ], [ -48.51981, -21.1873 ], [ -48.51486, -21.18975 ], [ -48.51356, -21.18534 ], [ -48.50827, -21.18232 ], [ -48.49799, -21.18368 ], [ -48.47745, -21.17897 ], [ -48.45321, -21.18337 ], [ -48.45909, -21.20242 ], [ -48.45321, -21.21162 ], [ -48.44318, -21.20877 ], [ -48.43853, -21.19978 ], [ -48.43525, -21.20045 ], [ -48.42642, -21.19429 ], [ -48.4245, -21.17906 ], [ -48.42128, -21.17252 ], [ -48.41729, -21.17039 ], [ -48.4028, -21.1727 ], [ -48.38601, -21.16822 ], [ -48.36203, -21.13948 ], [ -48.34748, -21.13005 ], [ -48.35342, -21.11987 ], [ -48.36472, -21.11876 ], [ -48.37387, -21.11292 ], [ -48.37451, -21.10925 ], [ -48.35957, -21.1032 ], [ -48.34518, -21.10487 ], [ -48.35379, -21.08153 ], [ -48.34177, -21.07419 ], [ -48.33284, -21.06401 ], [ -48.32533, -21.06261 ], [ -48.32048, -21.05895 ], [ -48.31808, -21.06051 ], [ -48.31688, -21.05832 ], [ -48.32184, -21.05216 ], [ -48.34636, -21.05865 ], [ -48.35888, -21.05606 ], [ -48.37302, -21.05801 ], [ -48.38304, -21.05304 ], [ -48.38816, -21.04408 ], [ -48.39705, -21.04271 ], [ -48.41517, -21.04927 ], [ -48.43053, -21.04887 ], [ -48.43308, -21.03709 ], [ -48.4059, -21.01671 ], [ -48.40125, -21.00525 ], [ -48.38575, -21.00847 ], [ -48.37675, -21.00714 ], [ -48.3807, -21.00129 ], [ -48.38267, -20.98355 ], [ -48.37902, -20.97617 ], [ -48.37837, -20.96809 ], [ -48.37324, -20.96301 ], [ -48.36968, -20.95118 ], [ -48.36725, -20.94866 ], [ -48.3385, -20.9551 ], [ -48.31582, -20.95161 ], [ -48.2862, -20.95314 ], [ -48.27537, -20.94385 ], [ -48.27349, -20.93917 ], [ -48.26837, -20.93816 ], [ -48.25798, -20.9307 ], [ -48.22982, -20.90016 ], [ -48.21867, -20.8919 ], [ -48.20782, -20.87526 ], [ -48.19144, -20.88549 ], [ -48.17859, -20.88738 ], [ -48.17315, -20.89983 ], [ -48.17368, -20.9206 ], [ -48.16606, -20.92957 ], [ -48.16605, -20.93658 ], [ -48.1608, -20.94686 ], [ -48.16151, -20.95174 ], [ -48.15335, -20.96309 ], [ -48.14996, -20.97934 ], [ -48.14334, -20.99052 ], [ -48.14242, -21.00093 ], [ -48.13498, -21.00284 ], [ -48.13602, -21.00942 ], [ -48.13098, -21.01216 ], [ -48.12675, -21.02603 ], [ -48.12941, -21.03855 ], [ -48.13322, -21.04236 ], [ -48.1339, -21.04707 ], [ -48.13121, -21.05524 ], [ -48.132, -21.06034 ], [ -48.12404, -21.07297 ], [ -48.1247, -21.089 ], [ -48.1265, -21.08675 ], [ -48.13534, -21.08751 ], [ -48.15375, -21.09655 ], [ -48.18694, -21.12993 ], [ -48.18125, -21.15212 ], [ -48.16888, -21.15871 ], [ -48.17198, -21.17546 ], [ -48.17842, -21.18636 ], [ -48.17197, -21.20392 ], [ -48.17049, -21.21549 ], [ -48.15906, -21.22538 ], [ -48.15215, -21.23865 ], [ -48.14773, -21.23911 ], [ -48.14322, -21.23529 ], [ -48.14081, -21.23828 ], [ -48.13568, -21.27271 ], [ -48.14067, -21.31288 ], [ -48.14412, -21.32409 ], [ -48.14273, -21.3405 ], [ -48.14433, -21.34789 ], [ -48.14151, -21.35907 ], [ -48.14657, -21.36646 ], [ -48.1408, -21.37928 ], [ -48.13498, -21.38218 ], [ -48.1295, -21.39034 ], [ -48.12522, -21.40952 ], [ -48.1138, -21.42014 ], [ -48.11231, -21.425 ], [ -48.11705, -21.43031 ], [ -48.11741, -21.43426 ], [ -48.1296, -21.4358 ], [ -48.1316, -21.43093 ], [ -48.14371, -21.42624 ], [ -48.14545, -21.42943 ], [ -48.15822, -21.43223 ], [ -48.16222, -21.4372 ], [ -48.16399, -21.43512 ], [ -48.16784, -21.43838 ], [ -48.17162, -21.43616 ], [ -48.17813, -21.43733 ], [ -48.18172, -21.44742 ], [ -48.19812, -21.46466 ], [ -48.2149, -21.46685 ], [ -48.22122, -21.47088 ], [ -48.23127, -21.47041 ], [ -48.2348, -21.47336 ], [ -48.30628, -21.48536 ], [ -48.32423, -21.48439 ], [ -48.32973, -21.49276 ], [ -48.33796, -21.49485 ], [ -48.35216, -21.49173 ], [ -48.37087, -21.50454 ], [ -48.38163, -21.50278 ], [ -48.39233, -21.49325 ], [ -48.39605, -21.47997 ], [ -48.40811, -21.47266 ], [ -48.41486, -21.47122 ], [ -48.41808, -21.47277 ], [ -48.41919, -21.48471 ], [ -48.4245, -21.48955 ], [ -48.43194, -21.49055 ], [ -48.44649, -21.48793 ], [ -48.45901, -21.49247 ], [ -48.46411, -21.48945 ], [ -48.47397, -21.50502 ], [ -48.47156, -21.51317 ], [ -48.47757, -21.51709 ], [ -48.486, -21.51779 ], [ -48.48968, -21.5147 ], [ -48.49745, -21.51577 ], [ -48.50041, -21.51838 ], [ -48.51003, -21.5169 ], [ -48.52829, -21.51944 ], [ -48.54551, -21.53013 ], [ -48.55459, -21.53225 ], [ -48.56284, -21.53098 ], [ -48.56585, -21.52439 ], [ -48.57551, -21.51617 ], [ -48.58263, -21.51645 ], [ -48.58491, -21.51886 ], [ -48.59469, -21.51385 ], [ -48.60365, -21.51366 ], [ -48.60503, -21.51713 ], [ -48.60686, -21.51624 ], [ -48.61127, -21.51996 ], [ -48.60766, -21.52271 ], [ -48.60246, -21.52268 ], [ -48.60024, -21.52595 ], [ -48.60869, -21.5269 ], [ -48.6125, -21.52951 ], [ -48.61294, -21.53299 ], [ -48.62027, -21.5368 ], [ -48.62871, -21.552 ], [ -48.63011, -21.55705 ], [ -48.62803, -21.55778 ], [ -48.63108, -21.5632 ], [ -48.63784, -21.56662 ] ] ] } },
{ "type": "Feature", "properties": { "rc": "RC 06.03", "uba": "Cachoeira Paulista", "regional": "DR 06", "regional_cgr": "CGR 06" }, "geometry": { "type": "Polygon", "coordinates": [ [ [ -44.57165, -22.60137 ], [ -44.57158, -22.60506 ], [ -44.56592, -22.61118 ], [ -44.55877, -22.6115 ], [ -44.55083, -22.60512 ], [ -44.54598, -22.60766 ], [ -44.53781, -22.61786 ], [ -44.53466, -22.61538 ], [ -44.52678, -22.61934 ], [ -44.53802, -22.63255 ], [ -44.53056, -22.62995 ], [ -44.51881, -22.63111 ], [ -44.51646, -22.6295 ], [ -44.51661, -22.63387 ], [ -44.5107, -22.64104 ], [ -44.49478, -22.62456 ], [ -44.49539, -22.62247 ], [ -44.49124, -22.62048 ], [ -44.49236, -22.61756 ], [ -44.48566, -22.6122 ], [ -44.48546, -22.60953 ], [ -44.48857, -22.60885 ], [ -44.48669, -22.6049 ], [ -44.48341, -22.60383 ], [ -44.47802, -22.61283 ], [ -44.47137, -22.61261 ], [ -44.46388, -22.61622 ], [ -44.45546, -22.60974 ], [ -44.45367, -22.61459 ], [ -44.44415, -22.62194 ], [ -44.44126, -22.61384 ], [ -44.4464, -22.60775 ], [ -44.44227, -22.60376 ], [ -44.43894, -22.60486 ], [ -44.43224, -22.59879 ], [ -44.41726, -22.60107 ], [ -44.40685, -22.60842 ], [ -44.40155, -22.60631 ], [ -44.39817, -22.6029 ], [ -44.40153, -22.60317 ], [ -44.40546, -22.59878 ], [ -44.40509, -22.59168 ], [ -44.4088, -22.58747 ], [ -44.40311, -22.58761 ], [ -44.39969, -22.58171 ], [ -44.39529, -22.58128 ], [ -44.39248, -22.57284 ], [ -44.38276, -22.57333 ], [ -44.37099, -22.58025 ], [ -44.36355, -22.57793 ], [ -44.35921, -22.58219 ], [ -44.37026, -22.58941 ], [ -44.3657, -22.59369 ], [ -44.36161, -22.59161 ], [ -44.35999, -22.59298 ], [ -44.3628, -22.60476 ], [ -44.35949, -22.60953 ], [ -44.36161, -22.61204 ], [ -44.35653, -22.61434 ], [ -44.34892, -22.60763 ], [ -44.35019, -22.59542 ], [ -44.34502, -22.59677 ], [ -44.34769, -22.59075 ], [ -44.34422, -22.58794 ], [ -44.34021, -22.59051 ], [ -44.33298, -22.59068 ], [ -44.32562, -22.58812 ], [ -44.31789, -22.59705 ], [ -44.31369, -22.59452 ], [ -44.30443, -22.59886 ], [ -44.29479, -22.59806 ], [ -44.29525, -22.60158 ], [ -44.28559, -22.60998 ], [ -44.28336, -22.60439 ], [ -44.27136, -22.60155 ], [ -44.26897, -22.59902 ], [ -44.26131, -22.60851 ], [ -44.25303, -22.61237 ], [ -44.24899, -22.60669 ], [ -44.24131, -22.60846 ], [ -44.23657, -22.60404 ], [ -44.23333, -22.60909 ], [ -44.22632, -22.60447 ], [ -44.22465, -22.61063 ], [ -44.21842, -22.61769 ], [ -44.21581, -22.61693 ], [ -44.21542, -22.61405 ], [ -44.21038, -22.61522 ], [ -44.20724, -22.61186 ], [ -44.20328, -22.61514 ], [ -44.20406, -22.62037 ], [ -44.20212, -22.62251 ], [ -44.20405, -22.62634 ], [ -44.19824, -22.63038 ], [ -44.19199, -22.62951 ], [ -44.18392, -22.63714 ], [ -44.19061, -22.64745 ], [ -44.17084, -22.6589 ], [ -44.16343, -22.67607 ], [ -44.16832, -22.68346 ], [ -44.16764, -22.68672 ], [ -44.17662, -22.69263 ], [ -44.17391, -22.70065 ], [ -44.17513, -22.70469 ], [ -44.18364, -22.71236 ], [ -44.20364, -22.71654 ], [ -44.20328, -22.72087 ], [ -44.19766, -22.72479 ], [ -44.20262, -22.73401 ], [ -44.21102, -22.73076 ], [ -44.22852, -22.73421 ], [ -44.2346, -22.74504 ], [ -44.24228, -22.74835 ], [ -44.23831, -22.75532 ], [ -44.24476, -22.75477 ], [ -44.25052, -22.75722 ], [ -44.25217, -22.76387 ], [ -44.25927, -22.76929 ], [ -44.25954, -22.77183 ], [ -44.25658, -22.77349 ], [ -44.25726, -22.77876 ], [ -44.25327, -22.78129 ], [ -44.25623, -22.78768 ], [ -44.25167, -22.78765 ], [ -44.2477, -22.79083 ], [ -44.24249, -22.78759 ], [ -44.23969, -22.79109 ], [ -44.24349, -22.80217 ], [ -44.25546, -22.80616 ], [ -44.25976, -22.80437 ], [ -44.26139, -22.80629 ], [ -44.26189, -22.8127 ], [ -44.26961, -22.82721 ], [ -44.26824, -22.8295 ], [ -44.28328, -22.83598 ], [ -44.28619, -22.83194 ], [ -44.28564, -22.82831 ], [ -44.29642, -22.82716 ], [ -44.31785, -22.83975 ], [ -44.31737, -22.84392 ], [ -44.32212, -22.84969 ], [ -44.32408, -22.84907 ], [ -44.32106, -22.84703 ], [ -44.32071, -22.83957 ], [ -44.326, -22.83759 ], [ -44.33042, -22.84232 ], [ -44.33882, -22.84071 ], [ -44.34174, -22.84532 ], [ -44.37381, -22.85774 ], [ -44.38709, -22.85778 ], [ -44.39173, -22.85227 ], [ -44.40144, -22.85516 ], [ -44.40356, -22.85242 ], [ -44.40259, -22.84815 ], [ -44.40912, -22.84625 ], [ -44.41868, -22.84801 ], [ -44.43339, -22.86083 ], [ -44.43323, -22.86768 ], [ -44.43592, -22.87159 ], [ -44.44334, -22.87593 ], [ -44.45225, -22.87687 ], [ -44.45688, -22.88311 ], [ -44.46587, -22.88688 ], [ -44.47099, -22.87569 ], [ -44.47699, -22.8733 ], [ -44.47544, -22.86821 ], [ -44.48078, -22.86702 ], [ -44.47596, -22.85652 ], [ -44.4821, -22.84711 ], [ -44.48471, -22.84572 ], [ -44.49265, -22.84836 ], [ -44.49505, -22.84644 ], [ -44.50535, -22.85154 ], [ -44.51834, -22.86523 ], [ -44.53453, -22.87048 ], [ -44.54418, -22.87877 ], [ -44.54408, -22.88506 ], [ -44.54764, -22.88695 ], [ -44.55585, -22.88891 ], [ -44.56088, -22.8844 ], [ -44.57013, -22.88396 ], [ -44.57596, -22.87795 ], [ -44.58283, -22.8835 ], [ -44.59236, -22.88396 ], [ -44.60023, -22.88907 ], [ -44.60704, -22.88529 ], [ -44.62106, -22.89977 ], [ -44.62925, -22.90448 ], [ -44.62878, -22.89818 ], [ -44.62354, -22.89121 ], [ -44.63002, -22.88851 ], [ -44.64858, -22.90036 ], [ -44.65472, -22.90823 ], [ -44.66065, -22.89816 ], [ -44.65529, -22.89686 ], [ -44.65478, -22.89442 ], [ -44.65989, -22.88969 ], [ -44.6673, -22.89036 ], [ -44.67052, -22.89551 ], [ -44.67522, -22.89552 ], [ -44.67992, -22.89892 ], [ -44.69444, -22.89224 ], [ -44.69249, -22.88476 ], [ -44.69466, -22.8815 ], [ -44.70123, -22.87887 ], [ -44.70313, -22.87322 ], [ -44.70817, -22.87275 ], [ -44.7074, -22.86763 ], [ -44.70124, -22.86168 ], [ -44.70631, -22.85483 ], [ -44.70719, -22.84644 ], [ -44.71569, -22.84965 ], [ -44.72492, -22.84556 ], [ -44.72049, -22.83977 ], [ -44.72377, -22.83318 ], [ -44.71954, -22.8268 ], [ -44.72239, -22.82462 ], [ -44.71076, -22.80958 ], [ -44.70474, -22.80891 ], [ -44.70672, -22.80562 ], [ -44.70513, -22.80072 ], [ -44.70912, -22.79667 ], [ -44.71647, -22.80097 ], [ -44.73293, -22.80165 ], [ -44.73174, -22.79722 ], [ -44.73374, -22.79521 ], [ -44.74009, -22.79569 ], [ -44.74837, -22.78929 ], [ -44.76158, -22.78877 ], [ -44.77244, -22.79283 ], [ -44.77924, -22.80235 ], [ -44.78101, -22.81263 ], [ -44.77902, -22.8159 ], [ -44.77047, -22.81577 ], [ -44.77262, -22.81936 ], [ -44.78498, -22.82458 ], [ -44.78863, -22.83107 ], [ -44.79713, -22.83178 ], [ -44.7982, -22.84016 ], [ -44.81003, -22.84625 ], [ -44.80658, -22.84993 ], [ -44.80805, -22.85294 ], [ -44.80638, -22.85869 ], [ -44.81489, -22.86236 ], [ -44.81563, -22.86507 ], [ -44.81818, -22.86529 ], [ -44.82281, -22.85873 ], [ -44.83012, -22.85994 ], [ -44.84155, -22.86504 ], [ -44.84735, -22.87144 ], [ -44.85519, -22.86897 ], [ -44.8643, -22.87931 ], [ -44.86871, -22.87888 ], [ -44.8688, -22.88086 ], [ -44.87239, -22.88137 ], [ -44.8712, -22.88387 ], [ -44.87981, -22.88729 ], [ -44.88135, -22.88997 ], [ -44.88457, -22.89034 ], [ -44.8831, -22.88661 ], [ -44.88567, -22.88569 ], [ -44.89476, -22.89141 ], [ -44.89762, -22.88913 ], [ -44.89674, -22.89301 ], [ -44.90326, -22.89614 ], [ -44.90884, -22.89585 ], [ -44.90663, -22.89161 ], [ -44.91044, -22.88949 ], [ -44.90862, -22.88881 ], [ -44.91032, -22.88516 ], [ -44.91996, -22.89265 ], [ -44.92781, -22.89096 ], [ -44.93031, -22.89665 ], [ -44.93408, -22.89681 ], [ -44.93675, -22.90298 ], [ -44.94312, -22.90542 ], [ -44.94744, -22.90397 ], [ -44.9476, -22.91323 ], [ -44.9582, -22.91562 ], [ -44.95971, -22.91016 ], [ -44.96283, -22.90823 ], [ -44.96223, -22.9052 ], [ -44.96947, -22.91389 ], [ -44.9789, -22.91394 ], [ -44.98459, -22.90942 ], [ -44.98979, -22.90991 ], [ -44.99574, -22.91585 ], [ -45.0146, -22.91923 ], [ -45.01513, -22.92228 ], [ -45.0195, -22.92403 ], [ -45.0233, -22.92279 ], [ -45.024, -22.91977 ], [ -45.0297, -22.92039 ], [ -45.03092, -22.91505 ], [ -45.03419, -22.91307 ], [ -45.04394, -22.8969 ], [ -45.05272, -22.89101 ], [ -45.05781, -22.8947 ], [ -45.06175, -22.89063 ], [ -45.05903, -22.88252 ], [ -45.06152, -22.87427 ], [ -45.06551, -22.87466 ], [ -45.06897, -22.88126 ], [ -45.07309, -22.88192 ], [ -45.07527, -22.88597 ], [ -45.07883, -22.88492 ], [ -45.07996, -22.88114 ], [ -45.10177, -22.87687 ], [ -45.11125, -22.86772 ], [ -45.12066, -22.84975 ], [ -45.12126, -22.84361 ], [ -45.11854, -22.84204 ], [ -45.11837, -22.8382 ], [ -45.12348, -22.83116 ], [ -45.12779, -22.82909 ], [ -45.12716, -22.82571 ], [ -45.13311, -22.81703 ], [ -45.13084, -22.80329 ], [ -45.13682, -22.79572 ], [ -45.1332, -22.78241 ], [ -45.13562, -22.77097 ], [ -45.15488, -22.76634 ], [ -45.159, -22.75999 ], [ -45.15459, -22.74963 ], [ -45.14531, -22.74267 ], [ -45.15498, -22.74037 ], [ -45.15655, -22.73283 ], [ -45.16609, -22.72315 ], [ -45.17143, -22.7227 ], [ -45.17931, -22.71201 ], [ -45.17911, -22.70706 ], [ -45.18143, -22.70607 ], [ -45.18277, -22.7008 ], [ -45.17885, -22.69302 ], [ -45.18058, -22.69059 ], [ -45.18894, -22.68859 ], [ -45.1939, -22.69385 ], [ -45.19716, -22.6912 ], [ -45.20269, -22.69296 ], [ -45.20639, -22.69006 ], [ -45.19712, -22.68037 ], [ -45.19605, -22.67624 ], [ -45.19086, -22.67325 ], [ -45.1893, -22.66724 ], [ -45.20553, -22.66487 ], [ -45.20354, -22.65545 ], [ -45.20555, -22.65701 ], [ -45.21086, -22.65092 ], [ -45.22039, -22.65055 ], [ -45.2236, -22.65306 ], [ -45.22869, -22.63948 ], [ -45.24184, -22.63292 ], [ -45.25329, -22.63107 ], [ -45.25638, -22.62606 ], [ -45.26126, -22.62569 ], [ -45.26676, -22.61863 ], [ -45.26394, -22.61371 ], [ -45.26779, -22.6115 ], [ -45.26114, -22.60731 ], [ -45.26368, -22.60481 ], [ -45.25632, -22.59071 ], [ -45.2612, -22.58269 ], [ -45.25362, -22.58169 ], [ -45.23145, -22.57008 ], [ -45.22855, -22.57045 ], [ -45.22425, -22.56425 ], [ -45.21395, -22.5642 ], [ -45.20363, -22.55742 ], [ -45.19163, -22.55644 ], [ -45.18943, -22.55192 ], [ -45.17683, -22.54987 ], [ -45.17453, -22.54448 ], [ -45.16436, -22.53863 ], [ -45.16753, -22.53113 ], [ -45.16229, -22.52473 ], [ -45.16103, -22.51834 ], [ -45.15098, -22.5125 ], [ -45.15115, -22.50785 ], [ -45.14468, -22.50794 ], [ -45.13934, -22.50149 ], [ -45.13584, -22.50219 ], [ -45.12965, -22.49717 ], [ -45.12179, -22.49696 ], [ -45.1163, -22.4934 ], [ -45.10473, -22.49111 ], [ -45.09674, -22.48451 ], [ -45.09028, -22.48267 ], [ -45.08284, -22.48623 ], [ -45.05828, -22.47099 ], [ -45.04107, -22.46951 ], [ -45.03048, -22.46318 ], [ -45.02494, -22.46427 ], [ -45.02657, -22.46944 ], [ -45.01104, -22.46593 ], [ -44.99722, -22.46868 ], [ -44.99126, -22.46589 ], [ -44.989, -22.46899 ], [ -44.97995, -22.46837 ], [ -44.96565, -22.47476 ], [ -44.95981, -22.46609 ], [ -44.95112, -22.4626 ], [ -44.93985, -22.45225 ], [ -44.93598, -22.45351 ], [ -44.93117, -22.45126 ], [ -44.91693, -22.45515 ], [ -44.90992, -22.45209 ], [ -44.90362, -22.45416 ], [ -44.89769, -22.45293 ], [ -44.88902, -22.43499 ], [ -44.8897, -22.43216 ], [ -44.88271, -22.42887 ], [ -44.87491, -22.42854 ], [ -44.87064, -22.42352 ], [ -44.85931, -22.42267 ], [ -44.85453, -22.42778 ], [ -44.84841, -22.42624 ], [ -44.83234, -22.43098 ], [ -44.82871, -22.42301 ], [ -44.82377, -22.41911 ], [ -44.8072, -22.41469 ], [ -44.80718, -22.40887 ], [ -44.80944, -22.40665 ], [ -44.80621, -22.40375 ], [ -44.79445, -22.40855 ], [ -44.77892, -22.40851 ], [ -44.76992, -22.41526 ], [ -44.75482, -22.41511 ], [ -44.73316, -22.4334 ], [ -44.72817, -22.44873 ], [ -44.72362, -22.45142 ], [ -44.72258, -22.46236 ], [ -44.71915, -22.46354 ], [ -44.7175, -22.46771 ], [ -44.71789, -22.47086 ], [ -44.72071, -22.47051 ], [ -44.72238, -22.47337 ], [ -44.72412, -22.48345 ], [ -44.72125, -22.48545 ], [ -44.71999, -22.49236 ], [ -44.71228, -22.49326 ], [ -44.71091, -22.49648 ], [ -44.7102, -22.50095 ], [ -44.71423, -22.505 ], [ -44.71261, -22.50918 ], [ -44.71701, -22.5103 ], [ -44.71567, -22.51421 ], [ -44.69909, -22.51155 ], [ -44.69775, -22.51807 ], [ -44.68944, -22.51934 ], [ -44.68674, -22.52356 ], [ -44.68077, -22.52508 ], [ -44.67826, -22.53178 ], [ -44.67032, -22.53681 ], [ -44.6702, -22.53978 ], [ -44.67737, -22.54628 ], [ -44.67807, -22.56086 ], [ -44.67531, -22.56108 ], [ -44.66233, -22.55095 ], [ -44.65943, -22.55427 ], [ -44.65556, -22.55353 ], [ -44.65091, -22.55683 ], [ -44.64814, -22.55204 ], [ -44.64206, -22.55883 ], [ -44.64236, -22.5775 ], [ -44.64779, -22.58407 ], [ -44.64685, -22.59043 ], [ -44.64429, -22.59256 ], [ -44.64627, -22.60474 ], [ -44.63499, -22.60934 ], [ -44.62275, -22.60552 ], [ -44.61066, -22.61729 ], [ -44.60452, -22.61396 ], [ -44.6033, -22.60732 ], [ -44.59729, -22.60991 ], [ -44.59217, -22.62279 ], [ -44.58617, -22.62133 ], [ -44.5842, -22.62607 ], [ -44.57986, -22.61636 ], [ -44.58059, -22.61266 ], [ -44.57456, -22.60212 ], [ -44.57165, -22.60137 ] ] ] } },
{ "type": "Feature", "properties": { "rc": "RC 10.04", "uba": "Mogi das Cruzes", "regional": "DR 10", "regional_cgr": "CGR 10" }, "geometry": { "type": "Polygon", "coordinates": [ [ [ -46.27858, -23.77046 ], [ -46.28389, -23.76649 ], [ -46.28671, -23.75618 ], [ -46.29405, -23.7497 ], [ -46.29618, -23.74881 ], [ -46.29924, -23.75149 ], [ -46.31231, -23.74797 ], [ -46.31498, -23.74368 ], [ -46.31813, -23.74621 ], [ -46.32233, -23.74447 ], [ -46.31691, -23.73759 ], [ -46.32275, -23.73503 ], [ -46.32756, -23.72906 ], [ -46.32734, -23.71422 ], [ -46.32431, -23.70335 ], [ -46.329, -23.70289 ], [ -46.32835, -23.70646 ], [ -46.33081, -23.7095 ], [ -46.33176, -23.69653 ], [ -46.33668, -23.68969 ], [ -46.33865, -23.67776 ], [ -46.3486, -23.6693 ], [ -46.35648, -23.66718 ], [ -46.35832, -23.66047 ], [ -46.35316, -23.64827 ], [ -46.35415, -23.64138 ], [ -46.35709, -23.63847 ], [ -46.36721, -23.64356 ], [ -46.37306, -23.64366 ], [ -46.37832, -23.63605 ], [ -46.38463, -23.6153 ], [ -46.38981, -23.61228 ], [ -46.39481, -23.61255 ], [ -46.3997, -23.6061 ], [ -46.39511, -23.60182 ], [ -46.38373, -23.59974 ], [ -46.38229, -23.59059 ], [ -46.37729, -23.58752 ], [ -46.38453, -23.57855 ], [ -46.37786, -23.57474 ], [ -46.38402, -23.57063 ], [ -46.37965, -23.56183 ], [ -46.39324, -23.55307 ], [ -46.39326, -23.5492 ], [ -46.38787, -23.54607 ], [ -46.39559, -23.53066 ], [ -46.39193, -23.53026 ], [ -46.38463, -23.5242 ], [ -46.38505, -23.52116 ], [ -46.38104, -23.51646 ], [ -46.37471, -23.51557 ], [ -46.37568, -23.51228 ], [ -46.36622, -23.51176 ], [ -46.36509, -23.5044 ], [ -46.38172, -23.47293 ], [ -46.38405, -23.47538 ], [ -46.38727, -23.47412 ], [ -46.39287, -23.46084 ], [ -46.39272, -23.45451 ], [ -46.39732, -23.44648 ], [ -46.39094, -23.44884 ], [ -46.38879, -23.44513 ], [ -46.38436, -23.44513 ], [ -46.38334, -23.44053 ], [ -46.37895, -23.43912 ], [ -46.37695, -23.43293 ], [ -46.37203, -23.43271 ], [ -46.36729, -23.43751 ], [ -46.36346, -23.43514 ], [ -46.35869, -23.4379 ], [ -46.36682, -23.43011 ], [ -46.37095, -23.41241 ], [ -46.37763, -23.4017 ], [ -46.37681, -23.39706 ], [ -46.36861, -23.39419 ], [ -46.37287, -23.38599 ], [ -46.36998, -23.37845 ], [ -46.37215, -23.36763 ], [ -46.347, -23.34781 ], [ -46.34031, -23.33556 ], [ -46.33603, -23.33296 ], [ -46.3368, -23.32907 ], [ -46.35044, -23.32897 ], [ -46.35688, -23.3215 ], [ -46.35819, -23.3172 ], [ -46.35535, -23.31009 ], [ -46.35878, -23.30523 ], [ -46.35545, -23.2983 ], [ -46.35824, -23.29208 ], [ -46.35627, -23.28899 ], [ -46.36167, -23.28312 ], [ -46.36418, -23.27406 ], [ -46.3569, -23.27254 ], [ -46.3598, -23.26776 ], [ -46.35384, -23.26494 ], [ -46.34809, -23.25262 ], [ -46.33719, -23.25061 ], [ -46.32968, -23.24632 ], [ -46.32669, -23.24076 ], [ -46.31153, -23.2274 ], [ -46.30557, -23.21298 ], [ -46.31002, -23.20472 ], [ -46.3077, -23.20311 ], [ -46.30776, -23.19801 ], [ -46.29696, -23.19698 ], [ -46.28604, -23.19095 ], [ -46.28244, -23.18346 ], [ -46.27584, -23.18491 ], [ -46.26876, -23.19044 ], [ -46.26312, -23.18799 ], [ -46.26355, -23.18357 ], [ -46.25965, -23.17999 ], [ -46.26153, -23.17398 ], [ -46.25549, -23.16958 ], [ -46.25751, -23.16727 ], [ -46.25713, -23.15967 ], [ -46.25361, -23.15616 ], [ -46.24748, -23.15487 ], [ -46.23509, -23.13504 ], [ -46.22582, -23.13656 ], [ -46.22576, -23.12619 ], [ -46.22151, -23.12294 ], [ -46.21835, -23.12352 ], [ -46.21823, -23.11723 ], [ -46.21428, -23.11439 ], [ -46.21509, -23.1084 ], [ -46.20889, -23.10665 ], [ -46.21051, -23.10457 ], [ -46.20524, -23.09303 ], [ -46.2049, -23.0844 ], [ -46.19483, -23.0779 ], [ -46.18036, -23.07937 ], [ -46.17503, -23.07584 ], [ -46.17355, -23.0708 ], [ -46.17042, -23.0716 ], [ -46.16147, -23.06609 ], [ -46.16232, -23.06313 ], [ -46.15889, -23.0615 ], [ -46.15897, -23.0499 ], [ -46.15489, -23.04933 ], [ -46.15105, -23.04449 ], [ -46.14385, -23.04225 ], [ -46.14429, -23.0393 ], [ -46.1405, -23.03881 ], [ -46.14201, -23.02848 ], [ -46.13397, -23.02622 ], [ -46.12556, -23.00925 ], [ -46.09388, -22.99689 ], [ -46.08972, -22.9933 ], [ -46.08659, -22.98498 ], [ -46.08083, -22.98737 ], [ -46.07604, -22.98588 ], [ -46.0702, -22.98936 ], [ -46.07035, -22.99352 ], [ -46.06674, -22.99408 ], [ -46.06549, -22.99788 ], [ -46.07131, -23.00663 ], [ -46.07096, -23.01442 ], [ -46.0779, -23.01905 ], [ -46.08078, -23.02561 ], [ -46.08257, -23.03381 ], [ -46.0763, -23.03737 ], [ -46.07891, -23.03989 ], [ -46.07834, -23.04304 ], [ -46.08244, -23.04608 ], [ -46.08168, -23.05111 ], [ -46.08595, -23.05261 ], [ -46.08883, -23.06353 ], [ -46.09171, -23.06621 ], [ -46.0897, -23.06796 ], [ -46.09075, -23.07886 ], [ -46.09419, -23.0843 ], [ -46.10488, -23.08443 ], [ -46.10447, -23.09046 ], [ -46.10801, -23.09728 ], [ -46.10142, -23.10351 ], [ -46.10313, -23.1078 ], [ -46.09981, -23.10943 ], [ -46.10393, -23.11724 ], [ -46.0932, -23.12074 ], [ -46.09833, -23.12155 ], [ -46.10109, -23.12554 ], [ -46.09589, -23.13246 ], [ -46.09759, -23.1371 ], [ -46.09143, -23.14283 ], [ -46.10262, -23.15729 ], [ -46.09284, -23.17157 ], [ -46.08687, -23.17283 ], [ -46.07819, -23.16925 ], [ -46.07367, -23.17476 ], [ -46.07483, -23.18085 ], [ -46.0798, -23.18602 ], [ -46.07629, -23.19334 ], [ -46.081, -23.19744 ], [ -46.0792, -23.2048 ], [ -46.09079, -23.20739 ], [ -46.09583, -23.2178 ], [ -46.10465, -23.22054 ], [ -46.10428, -23.22558 ], [ -46.11272, -23.22702 ], [ -46.11706, -23.2302 ], [ -46.11825, -23.23623 ], [ -46.1285, -23.24343 ], [ -46.12906, -23.25043 ], [ -46.13648, -23.25567 ], [ -46.14409, -23.25566 ], [ -46.1488, -23.2597 ], [ -46.15357, -23.2658 ], [ -46.15109, -23.27415 ], [ -46.14524, -23.27364 ], [ -46.13954, -23.27974 ], [ -46.13924, -23.28499 ], [ -46.1367, -23.28748 ], [ -46.12734, -23.28716 ], [ -46.12342, -23.29019 ], [ -46.11938, -23.28545 ], [ -46.11383, -23.28566 ], [ -46.11384, -23.29931 ], [ -46.10272, -23.30297 ], [ -46.1015, -23.30857 ], [ -46.09867, -23.30921 ], [ -46.09902, -23.32598 ], [ -46.08497, -23.33677 ], [ -46.08169, -23.34192 ], [ -46.07369, -23.34214 ], [ -46.0679, -23.3488 ], [ -46.06776, -23.35497 ], [ -46.06342, -23.35883 ], [ -46.06051, -23.35781 ], [ -46.03791, -23.38757 ], [ -46.03438, -23.38729 ], [ -46.03075, -23.39043 ], [ -46.01852, -23.3883 ], [ -46.018, -23.39232 ], [ -46.0109, -23.38717 ], [ -46.01037, -23.38406 ], [ -46.00202, -23.38508 ], [ -45.99828, -23.39093 ], [ -45.99729, -23.40111 ], [ -45.99103, -23.41674 ], [ -45.984, -23.42008 ], [ -45.97958, -23.41803 ], [ -45.97635, -23.42819 ], [ -45.96641, -23.42742 ], [ -45.95935, -23.4423 ], [ -45.95198, -23.44962 ], [ -45.95349, -23.46035 ], [ -45.95752, -23.46462 ], [ -45.9563, -23.4682 ], [ -45.96038, -23.46865 ], [ -45.9632, -23.47319 ], [ -45.96845, -23.47572 ], [ -45.96311, -23.47854 ], [ -45.9569, -23.4877 ], [ -45.95595, -23.49312 ], [ -45.96095, -23.49811 ], [ -45.94907, -23.49962 ], [ -45.94555, -23.49559 ], [ -45.93871, -23.49413 ], [ -45.92177, -23.5 ], [ -45.91683, -23.50494 ], [ -45.91095, -23.50571 ], [ -45.90209, -23.50372 ], [ -45.89913, -23.49843 ], [ -45.89044, -23.49623 ], [ -45.88728, -23.49207 ], [ -45.88264, -23.49495 ], [ -45.8764, -23.48936 ], [ -45.87172, -23.4897 ], [ -45.86509, -23.48272 ], [ -45.84956, -23.47931 ], [ -45.84612, -23.47331 ], [ -45.8399, -23.47169 ], [ -45.83614, -23.47488 ], [ -45.83741, -23.47851 ], [ -45.83348, -23.48388 ], [ -45.81841, -23.48908 ], [ -45.81277, -23.49849 ], [ -45.80441, -23.49397 ], [ -45.79981, -23.49435 ], [ -45.79694, -23.49081 ], [ -45.78859, -23.49254 ], [ -45.78735, -23.49541 ], [ -45.78963, -23.49649 ], [ -45.78864, -23.50183 ], [ -45.79113, -23.50621 ], [ -45.78843, -23.50904 ], [ -45.77826, -23.50925 ], [ -45.77026, -23.50634 ], [ -45.75932, -23.51176 ], [ -45.76197, -23.5182 ], [ -45.75966, -23.52056 ], [ -45.76055, -23.52388 ], [ -45.75431, -23.52595 ], [ -45.75401, -23.53186 ], [ -45.74629, -23.53856 ], [ -45.74694, -23.55442 ], [ -45.74026, -23.56075 ], [ -45.74596, -23.56541 ], [ -45.74043, -23.57222 ], [ -45.73145, -23.57258 ], [ -45.73174, -23.57719 ], [ -45.73644, -23.57789 ], [ -45.74025, -23.58494 ], [ -45.73394, -23.58614 ], [ -45.73384, -23.59282 ], [ -45.73929, -23.59591 ], [ -45.74296, -23.60258 ], [ -45.73269, -23.60261 ], [ -45.72443, -23.5973 ], [ -45.72093, -23.59944 ], [ -45.72215, -23.60543 ], [ -45.71568, -23.60834 ], [ -45.70525, -23.60164 ], [ -45.70211, -23.6053 ], [ -45.70158, -23.61456 ], [ -45.69601, -23.62133 ], [ -45.69773, -23.62442 ], [ -45.69478, -23.63024 ], [ -45.70129, -23.63439 ], [ -45.70793, -23.64494 ], [ -45.71041, -23.64484 ], [ -45.7108, -23.64185 ], [ -45.71413, -23.64283 ], [ -45.72863, -23.65597 ], [ -45.73362, -23.65608 ], [ -45.74155, -23.66826 ], [ -45.75318, -23.67128 ], [ -45.76353, -23.67071 ], [ -45.76929, -23.67854 ], [ -45.77768, -23.68303 ], [ -45.78447, -23.68158 ], [ -45.78644, -23.67837 ], [ -45.79141, -23.6831 ], [ -45.79608, -23.68294 ], [ -45.79405, -23.68018 ], [ -45.7982, -23.67537 ], [ -45.81414, -23.6769 ], [ -45.83026, -23.67472 ], [ -45.82943, -23.67236 ], [ -45.83264, -23.66989 ], [ -45.83803, -23.66911 ], [ -45.83108, -23.66309 ], [ -45.83316, -23.65635 ], [ -45.83117, -23.65153 ], [ -45.83396, -23.64838 ], [ -45.84201, -23.64844 ], [ -45.84511, -23.6436 ], [ -45.84732, -23.64557 ], [ -45.84987, -23.64383 ], [ -45.85068, -23.64769 ], [ -45.85471, -23.64663 ], [ -45.8577, -23.65523 ], [ -45.86277, -23.65204 ], [ -45.87008, -23.65514 ], [ -45.87322, -23.65259 ], [ -45.88306, -23.65328 ], [ -45.88709, -23.65724 ], [ -45.89958, -23.65583 ], [ -45.90068, -23.65895 ], [ -45.90556, -23.66082 ], [ -45.90567, -23.66428 ], [ -45.91509, -23.66553 ], [ -45.9182, -23.67754 ], [ -45.92444, -23.68131 ], [ -45.91979, -23.68841 ], [ -45.92399, -23.68962 ], [ -45.92598, -23.69367 ], [ -45.93612, -23.70118 ], [ -45.94181, -23.69992 ], [ -45.95049, -23.70226 ], [ -45.95189, -23.69956 ], [ -45.95665, -23.70054 ], [ -45.95506, -23.69411 ], [ -45.96954, -23.69692 ], [ -45.97654, -23.69398 ], [ -45.98708, -23.69939 ], [ -45.99226, -23.70555 ], [ -45.99689, -23.70451 ], [ -46.00852, -23.70865 ], [ -46.01668, -23.71482 ], [ -46.02587, -23.71558 ], [ -46.03094, -23.72009 ], [ -46.0438, -23.72 ], [ -46.05697, -23.71604 ], [ -46.06516, -23.72231 ], [ -46.06777, -23.72901 ], [ -46.07745, -23.7326 ], [ -46.09563, -23.73376 ], [ -46.10242, -23.7363 ], [ -46.1072, -23.73103 ], [ -46.09978, -23.72905 ], [ -46.097, -23.72582 ], [ -46.10164, -23.72269 ], [ -46.10023, -23.71984 ], [ -46.10403, -23.71527 ], [ -46.10385, -23.71163 ], [ -46.11394, -23.71777 ], [ -46.11822, -23.71574 ], [ -46.12268, -23.7187 ], [ -46.12243, -23.71485 ], [ -46.12615, -23.71287 ], [ -46.13184, -23.72484 ], [ -46.14782, -23.72824 ], [ -46.15589, -23.73619 ], [ -46.15862, -23.73219 ], [ -46.16587, -23.73434 ], [ -46.1705, -23.73236 ], [ -46.17689, -23.73587 ], [ -46.17844, -23.74564 ], [ -46.18643, -23.74466 ], [ -46.19411, -23.7542 ], [ -46.20813, -23.75125 ], [ -46.21027, -23.74169 ], [ -46.21775, -23.74409 ], [ -46.22524, -23.74043 ], [ -46.22703, -23.73695 ], [ -46.23841, -23.73524 ], [ -46.2479, -23.74626 ], [ -46.24673, -23.75233 ], [ -46.24888, -23.75687 ], [ -46.25568, -23.75993 ], [ -46.25801, -23.76616 ], [ -46.26031, -23.76788 ], [ -46.27347, -23.76596 ], [ -46.27858, -23.77046 ] ] ] } },
{ "type": "Feature", "properties": { "rc": "RC 02.01", "uba": "Itapetininga", "regional": "DR 02", "regional_cgr": "CGR 02" }, "geometry": { "type": "Polygon", "coordinates": [ [ [ -47.95138, -24.1201 ], [ -47.95349, -24.11932 ], [ -47.95397, -24.11022 ], [ -47.96164, -24.10872 ], [ -47.96448, -24.10274 ], [ -47.97167, -24.09925 ], [ -47.97006, -24.09119 ], [ -47.97992, -24.07523 ], [ -47.98729, -24.07149 ], [ -47.98951, -24.07483 ], [ -47.99239, -24.07061 ], [ -47.99794, -24.07356 ], [ -47.99835, -24.07049 ], [ -48.00161, -24.06935 ], [ -47.99992, -24.06252 ], [ -48.00247, -24.0638 ], [ -48.00104, -24.06506 ], [ -48.00656, -24.06651 ], [ -48.0068, -24.06269 ], [ -48.01323, -24.0599 ], [ -48.01899, -24.04871 ], [ -48.02557, -24.04686 ], [ -48.02766, -24.04918 ], [ -48.03145, -24.04641 ], [ -48.03442, -24.04318 ], [ -48.03577, -24.033 ], [ -48.0391, -24.03735 ], [ -48.03989, -24.02899 ], [ -48.04553, -24.02805 ], [ -48.0492, -24.02173 ], [ -48.05285, -24.0247 ], [ -48.05522, -24.0238 ], [ -48.05507, -24.0199 ], [ -48.06233, -24.01351 ], [ -48.06643, -24.01404 ], [ -48.06745, -24.0184 ], [ -48.07761, -24.01441 ], [ -48.0771, -24.01225 ], [ -48.0808, -24.00931 ], [ -48.07954, -24.00603 ], [ -48.08156, -24.00703 ], [ -48.08371, -24.00309 ], [ -48.08543, -24.00747 ], [ -48.09371, -24.0103 ], [ -48.09424, -24.01457 ], [ -48.09848, -24.01589 ], [ -48.10049, -24.01612 ], [ -48.10358, -24.01042 ], [ -48.11141, -24.00871 ], [ -48.11329, -24.0116 ], [ -48.12019, -24.01262 ], [ -48.12069, -24.01552 ], [ -48.12536, -24.0138 ], [ -48.12616, -24.00906 ], [ -48.12375, -24.005 ], [ -48.12618, -23.99989 ], [ -48.11738, -23.98923 ], [ -48.12724, -23.97853 ], [ -48.12152, -23.96362 ], [ -48.1252, -23.96333 ], [ -48.12965, -23.95479 ], [ -48.13843, -23.95174 ], [ -48.13999, -23.94694 ], [ -48.14744, -23.94405 ], [ -48.15033, -23.93869 ], [ -48.15536, -23.93796 ], [ -48.16163, -23.92616 ], [ -48.16693, -23.92198 ], [ -48.16808, -23.89999 ], [ -48.17284, -23.88973 ], [ -48.1766, -23.88832 ], [ -48.18108, -23.89537 ], [ -48.18352, -23.89376 ], [ -48.18435, -23.88674 ], [ -48.19173, -23.88611 ], [ -48.18909, -23.88266 ], [ -48.18889, -23.8767 ], [ -48.18493, -23.87259 ], [ -48.1821, -23.87281 ], [ -48.18453, -23.87066 ], [ -48.18229, -23.86952 ], [ -48.18482, -23.86306 ], [ -48.19058, -23.85944 ], [ -48.18927, -23.85475 ], [ -48.19536, -23.85104 ], [ -48.20151, -23.85215 ], [ -48.20821, -23.84898 ], [ -48.21138, -23.85337 ], [ -48.21146, -23.85037 ], [ -48.2179, -23.85245 ], [ -48.21981, -23.84867 ], [ -48.22439, -23.85069 ], [ -48.23096, -23.84829 ], [ -48.23311, -23.84975 ], [ -48.23172, -23.8531 ], [ -48.23767, -23.85213 ], [ -48.24019, -23.86102 ], [ -48.25197, -23.86022 ], [ -48.25413, -23.85536 ], [ -48.26403, -23.8508 ], [ -48.26536, -23.85599 ], [ -48.26965, -23.85624 ], [ -48.27103, -23.85153 ], [ -48.27775, -23.84614 ], [ -48.27713, -23.8398 ], [ -48.2831, -23.83444 ], [ -48.28841, -23.83437 ], [ -48.28725, -23.83248 ], [ -48.28947, -23.83105 ], [ -48.29366, -23.8339 ], [ -48.29657, -23.82472 ], [ -48.30954, -23.83436 ], [ -48.31503, -23.83409 ], [ -48.31705, -23.829 ], [ -48.32246, -23.83203 ], [ -48.31823, -23.83578 ], [ -48.31557, -23.84353 ], [ -48.31849, -23.85054 ], [ -48.32329, -23.84921 ], [ -48.32229, -23.85432 ], [ -48.33224, -23.85003 ], [ -48.33979, -23.85446 ], [ -48.34363, -23.85114 ], [ -48.33122, -23.84078 ], [ -48.34336, -23.83136 ], [ -48.34908, -23.8307 ], [ -48.34972, -23.83603 ], [ -48.35827, -23.84341 ], [ -48.37273, -23.84969 ], [ -48.38223, -23.85849 ], [ -48.39602, -23.86299 ], [ -48.40271, -23.86057 ], [ -48.40069, -23.86618 ], [ -48.41889, -23.87639 ], [ -48.42341, -23.88417 ], [ -48.43113, -23.88937 ], [ -48.43114, -23.89207 ], [ -48.45246, -23.89284 ], [ -48.46488, -23.88807 ], [ -48.47376, -23.88932 ], [ -48.55142, -23.93494 ], [ -48.56553, -23.94099 ], [ -48.59036, -23.93372 ], [ -48.5985, -23.93923 ], [ -48.60441, -23.93798 ], [ -48.60905, -23.93375 ], [ -48.61472, -23.93741 ], [ -48.624, -23.93382 ], [ -48.63181, -23.93585 ], [ -48.64407, -23.92894 ], [ -48.66523, -23.92394 ], [ -48.66702, -23.9204 ], [ -48.66419, -23.91917 ], [ -48.666, -23.91823 ], [ -48.66423, -23.91598 ], [ -48.66953, -23.90998 ], [ -48.66352, -23.9071 ], [ -48.66565, -23.89987 ], [ -48.6635, -23.89758 ], [ -48.69114, -23.88369 ], [ -48.7159, -23.85019 ], [ -48.72254, -23.8509 ], [ -48.72574, -23.85529 ], [ -48.74203, -23.84554 ], [ -48.74475, -23.84023 ], [ -48.74358, -23.82693 ], [ -48.74109, -23.82334 ], [ -48.73443, -23.82259 ], [ -48.73251, -23.81935 ], [ -48.73367, -23.81278 ], [ -48.73683, -23.8103 ], [ -48.73559, -23.80538 ], [ -48.72823, -23.80156 ], [ -48.72376, -23.78467 ], [ -48.71415, -23.78294 ], [ -48.71133, -23.77941 ], [ -48.73305, -23.77025 ], [ -48.74424, -23.75986 ], [ -48.74926, -23.74641 ], [ -48.74486, -23.74313 ], [ -48.7443, -23.73452 ], [ -48.74163, -23.73297 ], [ -48.73943, -23.73471 ], [ -48.73669, -23.73024 ], [ -48.73304, -23.73092 ], [ -48.72917, -23.72315 ], [ -48.72227, -23.72098 ], [ -48.72331, -23.71698 ], [ -48.72938, -23.71302 ], [ -48.73499, -23.70425 ], [ -48.74604, -23.69551 ], [ -48.75015, -23.69716 ], [ -48.75529, -23.69492 ], [ -48.7594, -23.68882 ], [ -48.75972, -23.68306 ], [ -48.7662, -23.68064 ], [ -48.76577, -23.67358 ], [ -48.76049, -23.66885 ], [ -48.75949, -23.65584 ], [ -48.76488, -23.65691 ], [ -48.7727, -23.65435 ], [ -48.78097, -23.64245 ], [ -48.77324, -23.63415 ], [ -48.76721, -23.61342 ], [ -48.75785, -23.6147 ], [ -48.73181, -23.60842 ], [ -48.72575, -23.60127 ], [ -48.72069, -23.59992 ], [ -48.70918, -23.59954 ], [ -48.70785, -23.60189 ], [ -48.6978, -23.60234 ], [ -48.68847, -23.59801 ], [ -48.68163, -23.58858 ], [ -48.67841, -23.58739 ], [ -48.66619, -23.59155 ], [ -48.665, -23.59419 ], [ -48.6553, -23.59602 ], [ -48.65004, -23.59085 ], [ -48.64615, -23.59303 ], [ -48.64008, -23.5907 ], [ -48.63354, -23.59375 ], [ -48.62323, -23.59421 ], [ -48.61845, -23.58735 ], [ -48.61319, -23.58765 ], [ -48.61362, -23.59253 ], [ -48.60877, -23.59119 ], [ -48.61085, -23.58746 ], [ -48.60711, -23.57497 ], [ -48.61294, -23.56902 ], [ -48.61547, -23.56107 ], [ -48.62664, -23.56164 ], [ -48.62966, -23.55888 ], [ -48.63034, -23.54537 ], [ -48.62261, -23.542 ], [ -48.62151, -23.53813 ], [ -48.63447, -23.53886 ], [ -48.64282, -23.54409 ], [ -48.6524, -23.53717 ], [ -48.64809, -23.53047 ], [ -48.64791, -23.52182 ], [ -48.64534, -23.52001 ], [ -48.6373, -23.5256 ], [ -48.63404, -23.52524 ], [ -48.63245, -23.5205 ], [ -48.63437, -23.51135 ], [ -48.62585, -23.50075 ], [ -48.62857, -23.48877 ], [ -48.62264, -23.48789 ], [ -48.6187, -23.49045 ], [ -48.61609, -23.48846 ], [ -48.63309, -23.47386 ], [ -48.64354, -23.47092 ], [ -48.64845, -23.44079 ], [ -48.65048, -23.43476 ], [ -48.65477, -23.43108 ], [ -48.64941, -23.42185 ], [ -48.65601, -23.40969 ], [ -48.65287, -23.40788 ], [ -48.63968, -23.40849 ], [ -48.63314, -23.39746 ], [ -48.63504, -23.386 ], [ -48.62819, -23.35175 ], [ -48.63146, -23.34449 ], [ -48.63871, -23.33845 ], [ -48.65862, -23.33141 ], [ -48.64332, -23.32685 ], [ -48.62522, -23.3258 ], [ -48.60744, -23.31663 ], [ -48.59025, -23.31481 ], [ -48.58614, -23.3116 ], [ -48.57994, -23.29794 ], [ -48.56702, -23.29631 ], [ -48.55445, -23.27836 ], [ -48.54858, -23.28099 ], [ -48.53744, -23.27292 ], [ -48.52094, -23.27229 ], [ -48.51854, -23.2699 ], [ -48.51209, -23.27156 ], [ -48.50811, -23.26664 ], [ -48.50453, -23.26944 ], [ -48.49153, -23.26052 ], [ -48.46483, -23.2657 ], [ -48.45197, -23.27181 ], [ -48.44208, -23.26926 ], [ -48.43536, -23.27299 ], [ -48.43043, -23.2671 ], [ -48.4167, -23.26323 ], [ -48.40585, -23.26707 ], [ -48.40152, -23.27335 ], [ -48.40137, -23.2866 ], [ -48.39245, -23.29047 ], [ -48.39105, -23.28892 ], [ -48.37494, -23.2905 ], [ -48.35969, -23.30169 ], [ -48.37984, -23.315 ], [ -48.37691, -23.32115 ], [ -48.38524, -23.32936 ], [ -48.3841, -23.33965 ], [ -48.38695, -23.343 ], [ -48.37427, -23.34176 ], [ -48.36727, -23.34436 ], [ -48.36329, -23.35007 ], [ -48.35596, -23.3748 ], [ -48.3617, -23.38435 ], [ -48.36286, -23.39251 ], [ -48.3679, -23.39857 ], [ -48.36985, -23.40754 ], [ -48.36424, -23.41201 ], [ -48.35351, -23.41176 ], [ -48.34616, -23.41841 ], [ -48.33281, -23.42288 ], [ -48.32833, -23.43302 ], [ -48.32495, -23.43229 ], [ -48.3223, -23.42276 ], [ -48.31642, -23.42284 ], [ -48.31498, -23.41858 ], [ -48.3019, -23.41517 ], [ -48.29949, -23.41953 ], [ -48.30092, -23.42592 ], [ -48.2928, -23.43503 ], [ -48.2972, -23.43887 ], [ -48.29445, -23.44486 ], [ -48.28904, -23.44786 ], [ -48.27775, -23.44579 ], [ -48.26768, -23.44949 ], [ -48.26397, -23.46326 ], [ -48.26753, -23.46422 ], [ -48.26753, -23.46626 ], [ -48.26476, -23.46807 ], [ -48.25915, -23.46697 ], [ -48.25619, -23.46944 ], [ -48.25536, -23.4676 ], [ -48.25167, -23.4685 ], [ -48.25368, -23.47057 ], [ -48.25004, -23.47034 ], [ -48.24704, -23.474 ], [ -48.24836, -23.47567 ], [ -48.24542, -23.47555 ], [ -48.24498, -23.47792 ], [ -48.23455, -23.47089 ], [ -48.23003, -23.47123 ], [ -48.22922, -23.47373 ], [ -48.22666, -23.47127 ], [ -48.22091, -23.47475 ], [ -48.22079, -23.47951 ], [ -48.21702, -23.48286 ], [ -48.17555, -23.49492 ], [ -48.1677, -23.48895 ], [ -48.16603, -23.48245 ], [ -48.16801, -23.47688 ], [ -48.15498, -23.47214 ], [ -48.14846, -23.46454 ], [ -48.14024, -23.46483 ], [ -48.13651, -23.46038 ], [ -48.11927, -23.45868 ], [ -48.11434, -23.45118 ], [ -48.10791, -23.45093 ], [ -48.08715, -23.43653 ], [ -48.08555, -23.42836 ], [ -48.07833, -23.41848 ], [ -48.06523, -23.42013 ], [ -48.05925, -23.41732 ], [ -48.05816, -23.41996 ], [ -48.05188, -23.42073 ], [ -48.0475, -23.42664 ], [ -48.04752, -23.43034 ], [ -48.04279, -23.43275 ], [ -48.03286, -23.42893 ], [ -48.02946, -23.4326 ], [ -48.0257, -23.43103 ], [ -48.01709, -23.43258 ], [ -48.00963, -23.4294 ], [ -47.99799, -23.42987 ], [ -47.9836, -23.42103 ], [ -47.98106, -23.4235 ], [ -47.97679, -23.42132 ], [ -47.97269, -23.41445 ], [ -47.96763, -23.41287 ], [ -47.95612, -23.41817 ], [ -47.95713, -23.41432 ], [ -47.94909, -23.40828 ], [ -47.94316, -23.4099 ], [ -47.93194, -23.41981 ], [ -47.93876, -23.44079 ], [ -47.94415, -23.44648 ], [ -47.93924, -23.45092 ], [ -47.93935, -23.45707 ], [ -47.93658, -23.45736 ], [ -47.93559, -23.46189 ], [ -47.92236, -23.46134 ], [ -47.91407, -23.4482 ], [ -47.9084, -23.44882 ], [ -47.89935, -23.44377 ], [ -47.89319, -23.4441 ], [ -47.88775, -23.44981 ], [ -47.87285, -23.44519 ], [ -47.86926, -23.44645 ], [ -47.86337, -23.45561 ], [ -47.8511, -23.4636 ], [ -47.85091, -23.47378 ], [ -47.84624, -23.47416 ], [ -47.84727, -23.48316 ], [ -47.82452, -23.47679 ], [ -47.81887, -23.47784 ], [ -47.81063, -23.48252 ], [ -47.8052, -23.49059 ], [ -47.79955, -23.49195 ], [ -47.80257, -23.4951 ], [ -47.79971, -23.4976 ], [ -47.79556, -23.49501 ], [ -47.79258, -23.49739 ], [ -47.78939, -23.4962 ], [ -47.79536, -23.49954 ], [ -47.78919, -23.502 ], [ -47.78681, -23.50635 ], [ -47.78822, -23.51004 ], [ -47.79266, -23.51191 ], [ -47.7931, -23.51729 ], [ -47.78876, -23.5201 ], [ -47.7841, -23.51722 ], [ -47.78143, -23.51865 ], [ -47.77926, -23.52809 ], [ -47.78181, -23.5299 ], [ -47.76847, -23.54591 ], [ -47.77059, -23.5501 ], [ -47.76341, -23.56071 ], [ -47.76103, -23.56141 ], [ -47.76089, -23.55918 ], [ -47.75607, -23.56485 ], [ -47.75713, -23.56682 ], [ -47.75079, -23.56724 ], [ -47.7446, -23.57537 ], [ -47.75508, -23.57625 ], [ -47.75301, -23.58055 ], [ -47.75876, -23.58073 ], [ -47.75924, -23.5853 ], [ -47.76316, -23.58758 ], [ -47.76484, -23.59334 ], [ -47.75343, -23.59512 ], [ -47.75346, -23.60634 ], [ -47.74931, -23.6034 ], [ -47.74541, -23.60687 ], [ -47.74729, -23.60689 ], [ -47.74822, -23.61099 ], [ -47.74369, -23.60952 ], [ -47.74088, -23.60381 ], [ -47.73181, -23.6022 ], [ -47.73636, -23.60766 ], [ -47.73097, -23.6125 ], [ -47.73788, -23.614 ], [ -47.73188, -23.61532 ], [ -47.73145, -23.62001 ], [ -47.73734, -23.62432 ], [ -47.72876, -23.62836 ], [ -47.72886, -23.63078 ], [ -47.7253, -23.62968 ], [ -47.72438, -23.62355 ], [ -47.72301, -23.62517 ], [ -47.71858, -23.61974 ], [ -47.71517, -23.62486 ], [ -47.71778, -23.62574 ], [ -47.71678, -23.62881 ], [ -47.7119, -23.62924 ], [ -47.71319, -23.62634 ], [ -47.71084, -23.62478 ], [ -47.70857, -23.62562 ], [ -47.70874, -23.62911 ], [ -47.70585, -23.62869 ], [ -47.70552, -23.63638 ], [ -47.69724, -23.63374 ], [ -47.69519, -23.63707 ], [ -47.68956, -23.6365 ], [ -47.68548, -23.63942 ], [ -47.68629, -23.64278 ], [ -47.67882, -23.65029 ], [ -47.68517, -23.66193 ], [ -47.68288, -23.67265 ], [ -47.67938, -23.67432 ], [ -47.67921, -23.67916 ], [ -47.68211, -23.68149 ], [ -47.67924, -23.68585 ], [ -47.68185, -23.69162 ], [ -47.67356, -23.69271 ], [ -47.66699, -23.69033 ], [ -47.65828, -23.67885 ], [ -47.64746, -23.67691 ], [ -47.64158, -23.68517 ], [ -47.64108, -23.69213 ], [ -47.64523, -23.69395 ], [ -47.64316, -23.69605 ], [ -47.64443, -23.69932 ], [ -47.64026, -23.70181 ], [ -47.64187, -23.70381 ], [ -47.63816, -23.70773 ], [ -47.6344, -23.70723 ], [ -47.64249, -23.71161 ], [ -47.65726, -23.72948 ], [ -47.66153, -23.7415 ], [ -47.66469, -23.7428 ], [ -47.6688, -23.74143 ], [ -47.6722, -23.73524 ], [ -47.68196, -23.72985 ], [ -47.68619, -23.72285 ], [ -47.69117, -23.72294 ], [ -47.69713, -23.72707 ], [ -47.70069, -23.72648 ], [ -47.70086, -23.72334 ], [ -47.70635, -23.72476 ], [ -47.71, -23.71902 ], [ -47.70986, -23.71333 ], [ -47.71457, -23.71032 ], [ -47.72406, -23.72402 ], [ -47.74341, -23.73009 ], [ -47.74838, -23.73531 ], [ -47.7543, -23.7357 ], [ -47.75692, -23.74058 ], [ -47.7671, -23.73849 ], [ -47.77203, -23.74098 ], [ -47.78214, -23.73502 ], [ -47.7897, -23.75498 ], [ -47.80181, -23.76138 ], [ -47.80702, -23.75904 ], [ -47.80836, -23.76182 ], [ -47.81294, -23.75963 ], [ -47.81645, -23.76377 ], [ -47.81552, -23.76554 ], [ -47.8334, -23.75559 ], [ -47.83081, -23.75222 ], [ -47.84095, -23.75342 ], [ -47.8477, -23.75108 ], [ -47.84836, -23.74872 ], [ -47.85194, -23.74979 ], [ -47.86008, -23.77677 ], [ -47.86567, -23.78177 ], [ -47.85771, -23.80234 ], [ -47.86328, -23.81268 ], [ -47.85965, -23.82043 ], [ -47.85072, -23.82399 ], [ -47.84268, -23.83696 ], [ -47.8407, -23.84199 ], [ -47.84383, -23.84477 ], [ -47.84455, -23.84946 ], [ -47.8381, -23.857 ], [ -47.83376, -23.86861 ], [ -47.83914, -23.86635 ], [ -47.84341, -23.8719 ], [ -47.85653, -23.87332 ], [ -47.86541, -23.87958 ], [ -47.86755, -23.89049 ], [ -47.87571, -23.89911 ], [ -47.87647, -23.92103 ], [ -47.86761, -23.93471 ], [ -47.86585, -23.93999 ], [ -47.86931, -23.94314 ], [ -47.86316, -23.95115 ], [ -47.85706, -23.95473 ], [ -47.84169, -23.9545 ], [ -47.8351, -23.95677 ], [ -47.82904, -23.95066 ], [ -47.81772, -23.95266 ], [ -47.81198, -23.9616 ], [ -47.81356, -23.96518 ], [ -47.81158, -23.96998 ], [ -47.81805, -23.974 ], [ -47.82353, -23.98686 ], [ -47.83155, -23.9894 ], [ -47.84356, -23.98892 ], [ -47.85386, -23.99411 ], [ -47.86342, -24.0029 ], [ -47.86092, -24.00778 ], [ -47.86219, -24.01102 ], [ -47.85763, -24.01081 ], [ -47.85722, -24.01525 ], [ -47.85261, -24.01724 ], [ -47.85156, -24.02105 ], [ -47.85412, -24.02407 ], [ -47.8595, -24.02438 ], [ -47.86284, -24.03328 ], [ -47.869, -24.02915 ], [ -47.86828, -24.03574 ], [ -47.87026, -24.03945 ], [ -47.86809, -24.04277 ], [ -47.87333, -24.05026 ], [ -47.88016, -24.05111 ], [ -47.8886, -24.04796 ], [ -47.88963, -24.05737 ], [ -47.88114, -24.06025 ], [ -47.88538, -24.0637 ], [ -47.89077, -24.06235 ], [ -47.89268, -24.06461 ], [ -47.89601, -24.06145 ], [ -47.89789, -24.06426 ], [ -47.90543, -24.06526 ], [ -47.9069, -24.06983 ], [ -47.90349, -24.07418 ], [ -47.89941, -24.07331 ], [ -47.89382, -24.07714 ], [ -47.89633, -24.08377 ], [ -47.9023, -24.08881 ], [ -47.90154, -24.09326 ], [ -47.90674, -24.09297 ], [ -47.91509, -24.10045 ], [ -47.93207, -24.10075 ], [ -47.93644, -24.09832 ], [ -47.93929, -24.10038 ], [ -47.93852, -24.10444 ], [ -47.94491, -24.10798 ], [ -47.94668, -24.11718 ], [ -47.95138, -24.1201 ] ] ] } },
{ "type": "Feature", "properties": { "rc": "RC 05.04", "uba": "Cubatão", "regional": "DR 05", "regional_cgr": "CGR 05" }, "geometry": { "type": "Polygon", "coordinates": [ [ [ -46.13245, -23.85652 ], [ -46.12548, -23.85696 ], [ -46.12453, -23.86027 ], [ -46.13127, -23.86245 ], [ -46.13684, -23.86827 ], [ -46.13996, -23.8752 ], [ -46.13763, -23.87706 ], [ -46.1412, -23.88035 ], [ -46.13772, -23.88511 ], [ -46.13901, -23.89091 ], [ -46.15154, -23.89602 ], [ -46.15311, -23.90077 ], [ -46.15155, -23.90527 ], [ -46.1461, -23.90549 ], [ -46.1559, -23.90926 ], [ -46.15669, -23.90697 ], [ -46.16277, -23.90724 ], [ -46.17987, -23.92457 ], [ -46.18088, -23.93427 ], [ -46.17867, -23.9389 ], [ -46.17341, -23.94141 ], [ -46.16863, -23.93739 ], [ -46.1658, -23.94387 ], [ -46.16032, -23.94519 ], [ -46.16715, -23.94651 ], [ -46.17234, -23.95703 ], [ -46.18429, -23.96362 ], [ -46.18734, -23.97728 ], [ -46.18489, -23.97835 ], [ -46.18682, -23.98254 ], [ -46.18432, -23.98259 ], [ -46.18648, -23.9868 ], [ -46.18214, -23.99052 ], [ -46.19158, -23.98994 ], [ -46.20031, -23.99492 ], [ -46.1999, -23.99766 ], [ -46.2028, -24.00035 ], [ -46.20767, -23.99886 ], [ -46.20258, -23.99391 ], [ -46.20304, -23.99124 ], [ -46.21125, -23.98604 ], [ -46.21829, -23.98565 ], [ -46.24605, -23.99228 ], [ -46.24797, -23.99544 ], [ -46.26025, -24.00032 ], [ -46.26685, -24.00633 ], [ -46.26758, -24.00959 ], [ -46.26283, -24.01405 ], [ -46.26879, -24.01278 ], [ -46.27502, -24.01635 ], [ -46.28001, -24.02625 ], [ -46.27756, -24.03055 ], [ -46.27815, -24.03635 ], [ -46.28148, -24.03789 ], [ -46.28254, -24.0431 ], [ -46.28744, -24.04518 ], [ -46.28915, -24.04505 ], [ -46.28747, -24.04217 ], [ -46.28969, -24.04015 ], [ -46.28668, -24.03824 ], [ -46.2889, -24.03683 ], [ -46.28458, -24.03234 ], [ -46.28389, -24.02587 ], [ -46.28949, -24.02545 ], [ -46.29224, -24.02257 ], [ -46.29107, -24.01955 ], [ -46.29523, -24.01632 ], [ -46.29874, -24.016 ], [ -46.30462, -24.01976 ], [ -46.31114, -24.02851 ], [ -46.31176, -24.02161 ], [ -46.31389, -24.01992 ], [ -46.31792, -24.02424 ], [ -46.32421, -24.02246 ], [ -46.32316, -24.00858 ], [ -46.32029, -24.00289 ], [ -46.32188, -23.99997 ], [ -46.31949, -23.99732 ], [ -46.31605, -23.99711 ], [ -46.3157, -23.99902 ], [ -46.3125, -23.99748 ], [ -46.30949, -23.99146 ], [ -46.31292, -23.98263 ], [ -46.32557, -23.97387 ], [ -46.34813, -23.96953 ], [ -46.35328, -23.97172 ], [ -46.36606, -23.97147 ], [ -46.37059, -23.97566 ], [ -46.36773, -23.98113 ], [ -46.37504, -23.98681 ], [ -46.37863, -23.99355 ], [ -46.38793, -23.9946 ], [ -46.39144, -23.9979 ], [ -46.39541, -23.99517 ], [ -46.40066, -23.98444 ], [ -46.40797, -23.98657 ], [ -46.41845, -23.98158 ], [ -46.42186, -23.97726 ], [ -46.43198, -23.97761 ], [ -46.43409, -23.98482 ], [ -46.44057, -23.98535 ], [ -46.44635, -23.98258 ], [ -46.45348, -23.99008 ], [ -46.46467, -23.99388 ], [ -46.46436, -23.99913 ], [ -46.47074, -23.99533 ], [ -46.46904, -24.00294 ], [ -46.47308, -24.00241 ], [ -46.47653, -24.00574 ], [ -46.48209, -24.00486 ], [ -46.48339, -24.00693 ], [ -46.48568, -23.99924 ], [ -46.49204, -24.00389 ], [ -46.49555, -24.00262 ], [ -46.4952, -23.99751 ], [ -46.50894, -23.98824 ], [ -46.5101, -23.97783 ], [ -46.51338, -23.97529 ], [ -46.51045, -23.97164 ], [ -46.51423, -23.96673 ], [ -46.51845, -23.96648 ], [ -46.52403, -23.96185 ], [ -46.51745, -23.95236 ], [ -46.51961, -23.94872 ], [ -46.52582, -23.94678 ], [ -46.54791, -23.95648 ], [ -46.55741, -23.96656 ], [ -46.56896, -23.97037 ], [ -46.57643, -23.98042 ], [ -46.57557, -23.983 ], [ -46.58736, -23.98847 ], [ -46.59307, -23.9975 ], [ -46.60159, -23.99545 ], [ -46.6097, -24.00138 ], [ -46.61421, -24.00182 ], [ -46.61848, -24.00725 ], [ -46.63014, -24.01137 ], [ -46.63624, -24.00935 ], [ -46.64328, -24.0108 ], [ -46.64974, -24.00104 ], [ -46.62947, -23.99053 ], [ -46.63345, -23.98747 ], [ -46.6357, -23.977 ], [ -46.62109, -23.97081 ], [ -46.61794, -23.96733 ], [ -46.61087, -23.96816 ], [ -46.59843, -23.96329 ], [ -46.59529, -23.96533 ], [ -46.58532, -23.96081 ], [ -46.58043, -23.9558 ], [ -46.57753, -23.95703 ], [ -46.57147, -23.9526 ], [ -46.5697, -23.94676 ], [ -46.56623, -23.94958 ], [ -46.56779, -23.95339 ], [ -46.56581, -23.95381 ], [ -46.55647, -23.94149 ], [ -46.5522, -23.94038 ], [ -46.5483, -23.9297 ], [ -46.54571, -23.93012 ], [ -46.54075, -23.9236 ], [ -46.53537, -23.92323 ], [ -46.53229, -23.91755 ], [ -46.52131, -23.91223 ], [ -46.52244, -23.90772 ], [ -46.51997, -23.90531 ], [ -46.50381, -23.90475 ], [ -46.49745, -23.90145 ], [ -46.48782, -23.88449 ], [ -46.48414, -23.88314 ], [ -46.48297, -23.88494 ], [ -46.46973, -23.87269 ], [ -46.46584, -23.86553 ], [ -46.46817, -23.86442 ], [ -46.4659, -23.86046 ], [ -46.45918, -23.86608 ], [ -46.45477, -23.85393 ], [ -46.44367, -23.85014 ], [ -46.43714, -23.84269 ], [ -46.43849, -23.8387 ], [ -46.44251, -23.84022 ], [ -46.43745, -23.8325 ], [ -46.43829, -23.83067 ], [ -46.44424, -23.82871 ], [ -46.43401, -23.82361 ], [ -46.43123, -23.82646 ], [ -46.42559, -23.82456 ], [ -46.41544, -23.81762 ], [ -46.41703, -23.81989 ], [ -46.41535, -23.82142 ], [ -46.41876, -23.82179 ], [ -46.42144, -23.82827 ], [ -46.41698, -23.82295 ], [ -46.41234, -23.82422 ], [ -46.41169, -23.8163 ], [ -46.40443, -23.81074 ], [ -46.39423, -23.81277 ], [ -46.38141, -23.80674 ], [ -46.37366, -23.79567 ], [ -46.37786, -23.79687 ], [ -46.37742, -23.7931 ], [ -46.37295, -23.79057 ], [ -46.35493, -23.78999 ], [ -46.35176, -23.7869 ], [ -46.34484, -23.78724 ], [ -46.34075, -23.7827 ], [ -46.33479, -23.78078 ], [ -46.32321, -23.78482 ], [ -46.31873, -23.78189 ], [ -46.31891, -23.80195 ], [ -46.31634, -23.80173 ], [ -46.30223, -23.78766 ], [ -46.29567, -23.78752 ], [ -46.27374, -23.76608 ], [ -46.26031, -23.76788 ], [ -46.25801, -23.76616 ], [ -46.25568, -23.75993 ], [ -46.24888, -23.75687 ], [ -46.24673, -23.75233 ], [ -46.2479, -23.74626 ], [ -46.23879, -23.73533 ], [ -46.22703, -23.73695 ], [ -46.22524, -23.74043 ], [ -46.21775, -23.74409 ], [ -46.21027, -23.74169 ], [ -46.20813, -23.75125 ], [ -46.19411, -23.7542 ], [ -46.18643, -23.74466 ], [ -46.17844, -23.74564 ], [ -46.17689, -23.73587 ], [ -46.1705, -23.73236 ], [ -46.16587, -23.73434 ], [ -46.15862, -23.73219 ], [ -46.15589, -23.73619 ], [ -46.14782, -23.72824 ], [ -46.13184, -23.72484 ], [ -46.12615, -23.71287 ], [ -46.12243, -23.71485 ], [ -46.12268, -23.7187 ], [ -46.11822, -23.71574 ], [ -46.11394, -23.71777 ], [ -46.10385, -23.71163 ], [ -46.10403, -23.71527 ], [ -46.10023, -23.71984 ], [ -46.10164, -23.72269 ], [ -46.097, -23.72582 ], [ -46.09978, -23.72905 ], [ -46.1072, -23.73103 ], [ -46.10242, -23.7363 ], [ -46.09563, -23.73376 ], [ -46.07745, -23.7326 ], [ -46.06777, -23.72901 ], [ -46.06516, -23.72231 ], [ -46.05697, -23.71604 ], [ -46.0438, -23.72 ], [ -46.03094, -23.72009 ], [ -46.02587, -23.71558 ], [ -46.01668, -23.71482 ], [ -46.00852, -23.70865 ], [ -45.99689, -23.70451 ], [ -45.99226, -23.70555 ], [ -45.98708, -23.69939 ], [ -45.97654, -23.69398 ], [ -45.96954, -23.69692 ], [ -45.95506, -23.69411 ], [ -45.95665, -23.70054 ], [ -45.95189, -23.69956 ], [ -45.95049, -23.70226 ], [ -45.94181, -23.69992 ], [ -45.93612, -23.70118 ], [ -45.92598, -23.69367 ], [ -45.92399, -23.68962 ], [ -45.91979, -23.68841 ], [ -45.92444, -23.68131 ], [ -45.9182, -23.67754 ], [ -45.91509, -23.66553 ], [ -45.90567, -23.66428 ], [ -45.90556, -23.66082 ], [ -45.90068, -23.65895 ], [ -45.89958, -23.65583 ], [ -45.88709, -23.65724 ], [ -45.88306, -23.65328 ], [ -45.87322, -23.65259 ], [ -45.87008, -23.65514 ], [ -45.86277, -23.65204 ], [ -45.8577, -23.65523 ], [ -45.85471, -23.64663 ], [ -45.85068, -23.64769 ], [ -45.84987, -23.64383 ], [ -45.84732, -23.64557 ], [ -45.84511, -23.6436 ], [ -45.84201, -23.64844 ], [ -45.83396, -23.64838 ], [ -45.83117, -23.65153 ], [ -45.83316, -23.65635 ], [ -45.83108, -23.66309 ], [ -45.83803, -23.66911 ], [ -45.83264, -23.66989 ], [ -45.82943, -23.67236 ], [ -45.83026, -23.67472 ], [ -45.81414, -23.6769 ], [ -45.7982, -23.67537 ], [ -45.7941, -23.68006 ], [ -45.79963, -23.69308 ], [ -45.7949, -23.71566 ], [ -45.8422, -23.75795 ], [ -45.89939, -23.76474 ], [ -45.94055, -23.77485 ], [ -45.9762, -23.78671 ], [ -45.98967, -23.79209 ], [ -45.99286, -23.79516 ], [ -45.99293, -23.80045 ], [ -45.99805, -23.80344 ], [ -46.00128, -23.79959 ], [ -46.00704, -23.79927 ], [ -46.03455, -23.81039 ], [ -46.03917, -23.81738 ], [ -46.03832, -23.82008 ], [ -46.03461, -23.82119 ], [ -46.03817, -23.82209 ], [ -46.03888, -23.82586 ], [ -46.04691, -23.83203 ], [ -46.05151, -23.82905 ], [ -46.04713, -23.82817 ], [ -46.04467, -23.82313 ], [ -46.0521, -23.8157 ], [ -46.06138, -23.81366 ], [ -46.07614, -23.81679 ], [ -46.12183, -23.83747 ], [ -46.13161, -23.84678 ], [ -46.1336, -23.85227 ], [ -46.13245, -23.85652 ] ] ] } },
{ "type": "Feature", "properties": { "rc": "RC 11.03", "uba": "Pereira Barreto", "regional": "DR 11", "regional_cgr": "CGR 11" }, "geometry": { "type": "Polygon", "coordinates": [ [ [ -51.32838, -21.29446 ], [ -51.33433, -21.29276 ], [ -51.33818, -21.28862 ], [ -51.33758, -21.29342 ], [ -51.34593, -21.28731 ], [ -51.34722, -21.2922 ], [ -51.35112, -21.2916 ], [ -51.34946, -21.28857 ], [ -51.35699, -21.28898 ], [ -51.35995, -21.28529 ], [ -51.36445, -21.28967 ], [ -51.36688, -21.28563 ], [ -51.36767, -21.28998 ], [ -51.37361, -21.28749 ], [ -51.37194, -21.284 ], [ -51.37464, -21.28592 ], [ -51.38054, -21.28323 ], [ -51.38641, -21.28434 ], [ -51.38726, -21.28111 ], [ -51.39579, -21.27832 ], [ -51.39317, -21.27644 ], [ -51.39696, -21.27622 ], [ -51.39604, -21.27235 ], [ -51.40095, -21.27311 ], [ -51.3977, -21.26858 ], [ -51.39966, -21.26668 ], [ -51.40619, -21.26833 ], [ -51.40661, -21.26449 ], [ -51.4092, -21.26398 ], [ -51.41051, -21.26625 ], [ -51.40941, -21.2618 ], [ -51.41744, -21.26165 ], [ -51.41609, -21.25823 ], [ -51.41969, -21.26099 ], [ -51.4211, -21.25735 ], [ -51.41928, -21.25606 ], [ -51.42462, -21.25758 ], [ -51.4268, -21.25483 ], [ -51.42593, -21.25175 ], [ -51.42732, -21.25629 ], [ -51.42982, -21.2554 ], [ -51.42852, -21.25273 ], [ -51.43493, -21.24531 ], [ -51.44338, -21.24347 ], [ -51.44551, -21.24572 ], [ -51.44596, -21.24301 ], [ -51.45307, -21.23932 ], [ -51.45536, -21.2432 ], [ -51.45612, -21.23712 ], [ -51.46096, -21.2374 ], [ -51.46113, -21.2414 ], [ -51.46099, -21.23478 ], [ -51.46442, -21.23434 ], [ -51.46327, -21.23644 ], [ -51.46555, -21.23794 ], [ -51.46718, -21.23579 ], [ -51.46709, -21.23957 ], [ -51.46909, -21.23528 ], [ -51.47048, -21.23716 ], [ -51.47449, -21.23506 ], [ -51.4769, -21.23672 ], [ -51.48084, -21.23078 ], [ -51.48501, -21.23278 ], [ -51.48446, -21.22972 ], [ -51.48766, -21.22962 ], [ -51.48644, -21.2276 ], [ -51.48977, -21.2286 ], [ -51.48908, -21.23195 ], [ -51.49326, -21.22953 ], [ -51.49268, -21.22783 ], [ -51.49546, -21.22858 ], [ -51.49371, -21.22587 ], [ -51.49653, -21.22587 ], [ -51.494, -21.2206 ], [ -51.50029, -21.22103 ], [ -51.50333, -21.21727 ], [ -51.50837, -21.21864 ], [ -51.51017, -21.21569 ], [ -51.50819, -21.21517 ], [ -51.5122, -21.21531 ], [ -51.51059, -21.21292 ], [ -51.51371, -21.21024 ], [ -51.51708, -21.21002 ], [ -51.51785, -21.21336 ], [ -51.52215, -21.20856 ], [ -51.51804, -21.20652 ], [ -51.5192, -21.20395 ], [ -51.52098, -21.20535 ], [ -51.52188, -21.19976 ], [ -51.52696, -21.19758 ], [ -51.52822, -21.19893 ], [ -51.53259, -21.19507 ], [ -51.53569, -21.20023 ], [ -51.53918, -21.19398 ], [ -51.54217, -21.19605 ], [ -51.54505, -21.19123 ], [ -51.55872, -21.19112 ], [ -51.56043, -21.18745 ], [ -51.5621, -21.19007 ], [ -51.56012, -21.19081 ], [ -51.5603, -21.19286 ], [ -51.56397, -21.19037 ], [ -51.56418, -21.18525 ], [ -51.56809, -21.18698 ], [ -51.568, -21.1852 ], [ -51.57117, -21.18657 ], [ -51.57255, -21.18449 ], [ -51.57186, -21.18772 ], [ -51.57481, -21.18946 ], [ -51.57757, -21.18458 ], [ -51.57563, -21.18033 ], [ -51.58298, -21.1797 ], [ -51.58135, -21.17686 ], [ -51.58485, -21.17437 ], [ -51.5868, -21.17738 ], [ -51.58969, -21.17358 ], [ -51.59204, -21.17389 ], [ -51.59454, -21.16662 ], [ -51.59702, -21.16783 ], [ -51.59362, -21.16238 ], [ -51.59797, -21.15881 ], [ -51.59343, -21.15434 ], [ -51.59025, -21.15672 ], [ -51.5901, -21.15233 ], [ -51.59158, -21.14843 ], [ -51.59451, -21.14912 ], [ -51.59478, -21.14694 ], [ -51.5978, -21.14736 ], [ -51.60098, -21.144 ], [ -51.60347, -21.14455 ], [ -51.60198, -21.14888 ], [ -51.61392, -21.1419 ], [ -51.61893, -21.14539 ], [ -51.61802, -21.14836 ], [ -51.62667, -21.14527 ], [ -51.63269, -21.15161 ], [ -51.63671, -21.15092 ], [ -51.63798, -21.15377 ], [ -51.63546, -21.15483 ], [ -51.62969, -21.15184 ], [ -51.63136, -21.15705 ], [ -51.63652, -21.15624 ], [ -51.64093, -21.16532 ], [ -51.64558, -21.16368 ], [ -51.64402, -21.16674 ], [ -51.64851, -21.16341 ], [ -51.64774, -21.16645 ], [ -51.6523, -21.16625 ], [ -51.65705, -21.16943 ], [ -51.66441, -21.16611 ], [ -51.66493, -21.16149 ], [ -51.66558, -21.16363 ], [ -51.66659, -21.16087 ], [ -51.6706, -21.16169 ], [ -51.66907, -21.15916 ], [ -51.67169, -21.15758 ], [ -51.66875, -21.15762 ], [ -51.66774, -21.155 ], [ -51.67236, -21.1546 ], [ -51.67399, -21.15253 ], [ -51.67169, -21.15012 ], [ -51.68534, -21.14882 ], [ -51.68715, -21.15101 ], [ -51.68644, -21.14641 ], [ -51.68957, -21.14639 ], [ -51.69113, -21.13934 ], [ -51.68939, -21.13509 ], [ -51.69391, -21.13257 ], [ -51.69297, -21.13047 ], [ -51.69892, -21.13274 ], [ -51.69546, -21.13038 ], [ -51.6965, -21.1261 ], [ -51.69463, -21.12809 ], [ -51.69054, -21.12135 ], [ -51.69098, -21.11625 ], [ -51.69339, -21.11604 ], [ -51.69088, -21.11328 ], [ -51.69507, -21.11406 ], [ -51.69568, -21.11101 ], [ -51.7003, -21.10903 ], [ -51.69694, -21.10722 ], [ -51.70168, -21.10737 ], [ -51.69878, -21.1057 ], [ -51.69836, -21.09912 ], [ -51.69515, -21.09871 ], [ -51.69595, -21.09625 ], [ -51.69813, -21.09724 ], [ -51.69848, -21.0885 ], [ -51.70078, -21.0889 ], [ -51.70143, -21.0861 ], [ -51.70254, -21.08898 ], [ -51.70812, -21.08813 ], [ -51.70557, -21.08333 ], [ -51.71267, -21.08415 ], [ -51.71397, -21.0814 ], [ -51.71152, -21.07973 ], [ -51.71828, -21.07644 ], [ -51.71696, -21.0731 ], [ -51.71929, -21.06968 ], [ -51.72181, -21.072 ], [ -51.72458, -21.07066 ], [ -51.72463, -21.06682 ], [ -51.72823, -21.074 ], [ -51.73041, -21.07016 ], [ -51.73304, -21.07051 ], [ -51.73027, -21.0734 ], [ -51.73284, -21.07511 ], [ -51.73416, -21.07115 ], [ -51.73759, -21.07413 ], [ -51.74136, -21.06868 ], [ -51.74435, -21.07252 ], [ -51.74384, -21.06808 ], [ -51.74701, -21.07029 ], [ -51.74587, -21.06623 ], [ -51.75289, -21.06439 ], [ -51.7526, -21.06168 ], [ -51.75576, -21.0656 ], [ -51.76121, -21.06526 ], [ -51.7612, -21.05496 ], [ -51.76418, -21.05521 ], [ -51.76511, -21.05983 ], [ -51.76779, -21.05631 ], [ -51.76534, -21.05168 ], [ -51.77168, -21.04968 ], [ -51.76576, -21.0311 ], [ -51.7189, -20.97334 ], [ -51.71243, -20.96966 ], [ -51.70387, -20.9685 ], [ -51.68337, -20.97058 ], [ -51.66698, -20.96884 ], [ -51.65706, -20.96423 ], [ -51.64485, -20.95326 ], [ -51.62835, -20.94889 ], [ -51.62309, -20.94055 ], [ -51.61438, -20.89292 ], [ -51.61631, -20.88537 ], [ -51.62764, -20.87 ], [ -51.62967, -20.86128 ], [ -51.63361, -20.81861 ], [ -51.62264, -20.77389 ], [ -51.63381, -20.7587 ], [ -51.6364, -20.74826 ], [ -51.62583, -20.71117 ], [ -51.61014, -20.67776 ], [ -51.60318, -20.65384 ], [ -51.60025, -20.62817 ], [ -51.59027, -20.61258 ], [ -51.57737, -20.60151 ], [ -51.5477, -20.58914 ], [ -51.54114, -20.58698 ], [ -51.53517, -20.5896 ], [ -51.52825, -20.5884 ], [ -51.51229, -20.57226 ], [ -51.50054, -20.56636 ], [ -51.4923, -20.54175 ], [ -51.48355, -20.53168 ], [ -51.45353, -20.48208 ], [ -51.44107, -20.4725 ], [ -51.41935, -20.46486 ], [ -51.40496, -20.45424 ], [ -51.38781, -20.42343 ], [ -51.38055, -20.41466 ], [ -51.37317, -20.39282 ], [ -51.36332, -20.38139 ], [ -51.33491, -20.36379 ], [ -51.32045, -20.34739 ], [ -51.29759, -20.33553 ], [ -51.2793, -20.32253 ], [ -51.25053, -20.30924 ], [ -51.23485, -20.30793 ], [ -51.22269, -20.31186 ], [ -51.19444, -20.31436 ], [ -51.16509, -20.31146 ], [ -51.14422, -20.30305 ], [ -51.10954, -20.27966 ], [ -51.10467, -20.28636 ], [ -51.09436, -20.28546 ], [ -51.08239, -20.30681 ], [ -51.08338, -20.31082 ], [ -51.07894, -20.32818 ], [ -51.06394, -20.34174 ], [ -51.04997, -20.36337 ], [ -51.02048, -20.38631 ], [ -51.01404, -20.40707 ], [ -50.99845, -20.4146 ], [ -50.99423, -20.42939 ], [ -50.98616, -20.43972 ], [ -50.9861, -20.45179 ], [ -50.98041, -20.45761 ], [ -50.97883, -20.4718 ], [ -50.98317, -20.48211 ], [ -50.98032, -20.49122 ], [ -50.98256, -20.49597 ], [ -50.96819, -20.51189 ], [ -50.96817, -20.52067 ], [ -50.9646, -20.52274 ], [ -50.96833, -20.52817 ], [ -50.96608, -20.54878 ], [ -50.96156, -20.55346 ], [ -50.96147, -20.55852 ], [ -50.94804, -20.55564 ], [ -50.9509, -20.55103 ], [ -50.94841, -20.54758 ], [ -50.94222, -20.54883 ], [ -50.93497, -20.55756 ], [ -50.93255, -20.55761 ], [ -50.93442, -20.55667 ], [ -50.92498, -20.55127 ], [ -50.92803, -20.54507 ], [ -50.92706, -20.54155 ], [ -50.92404, -20.54244 ], [ -50.92254, -20.55049 ], [ -50.91752, -20.5519 ], [ -50.91455, -20.54175 ], [ -50.90344, -20.53851 ], [ -50.89362, -20.5437 ], [ -50.89664, -20.54912 ], [ -50.89488, -20.55301 ], [ -50.89746, -20.55502 ], [ -50.8966, -20.55707 ], [ -50.88739, -20.55895 ], [ -50.88433, -20.55575 ], [ -50.88436, -20.54887 ], [ -50.87846, -20.55092 ], [ -50.88228, -20.54277 ], [ -50.87784, -20.53807 ], [ -50.87024, -20.54472 ], [ -50.86449, -20.54539 ], [ -50.85441, -20.54231 ], [ -50.84887, -20.54854 ], [ -50.84642, -20.54386 ], [ -50.84758, -20.54093 ], [ -50.84314, -20.53377 ], [ -50.83205, -20.53093 ], [ -50.83111, -20.53301 ], [ -50.82317, -20.53236 ], [ -50.82303, -20.53454 ], [ -50.81259, -20.53098 ], [ -50.80797, -20.53529 ], [ -50.80646, -20.54088 ], [ -50.81044, -20.54206 ], [ -50.80793, -20.54639 ], [ -50.79953, -20.54109 ], [ -50.79153, -20.54573 ], [ -50.7877, -20.54222 ], [ -50.77905, -20.54559 ], [ -50.76939, -20.54438 ], [ -50.77034, -20.55262 ], [ -50.76541, -20.55326 ], [ -50.75613, -20.5485 ], [ -50.7547, -20.53935 ], [ -50.7387, -20.54482 ], [ -50.73722, -20.53605 ], [ -50.72964, -20.53317 ], [ -50.73058, -20.53128 ], [ -50.72477, -20.52695 ], [ -50.71279, -20.5278 ], [ -50.70547, -20.5347 ], [ -50.69559, -20.529 ], [ -50.69168, -20.53869 ], [ -50.68802, -20.53592 ], [ -50.6908, -20.53373 ], [ -50.68847, -20.53303 ], [ -50.68976, -20.52418 ], [ -50.68353, -20.52442 ], [ -50.68287, -20.52908 ], [ -50.67753, -20.53222 ], [ -50.68004, -20.54135 ], [ -50.67728, -20.56907 ], [ -50.66162, -20.58799 ], [ -50.66109, -20.59861 ], [ -50.65636, -20.60308 ], [ -50.65445, -20.60958 ], [ -50.64213, -20.61496 ], [ -50.63509, -20.62853 ], [ -50.62592, -20.63684 ], [ -50.62707, -20.63897 ], [ -50.61713, -20.65868 ], [ -50.61936, -20.66505 ], [ -50.6295, -20.66804 ], [ -50.63465, -20.6773 ], [ -50.6488, -20.68859 ], [ -50.65031, -20.69441 ], [ -50.66413, -20.70537 ], [ -50.67847, -20.70897 ], [ -50.69327, -20.70818 ], [ -50.70291, -20.70376 ], [ -50.72133, -20.70655 ], [ -50.73542, -20.71319 ], [ -50.74371, -20.72188 ], [ -50.75066, -20.71575 ], [ -50.75315, -20.7057 ], [ -50.75322, -20.68826 ], [ -50.75106, -20.68106 ], [ -50.76561, -20.67852 ], [ -50.77281, -20.6809 ], [ -50.7776, -20.67768 ], [ -50.77885, -20.67181 ], [ -50.79983, -20.671 ], [ -50.80577, -20.6816 ], [ -50.80973, -20.71103 ], [ -50.815, -20.72244 ], [ -50.81227, -20.72653 ], [ -50.82063, -20.74306 ], [ -50.82313, -20.75789 ], [ -50.8264, -20.76287 ], [ -50.82527, -20.7684 ], [ -50.82909, -20.76972 ], [ -50.83299, -20.77703 ], [ -50.84098, -20.78243 ], [ -50.84171, -20.78755 ], [ -50.85091, -20.80268 ], [ -50.87259, -20.82667 ], [ -50.86101, -20.83729 ], [ -50.86522, -20.84075 ], [ -50.86401, -20.84515 ], [ -50.86766, -20.84864 ], [ -50.86652, -20.85299 ], [ -50.87021, -20.85498 ], [ -50.86728, -20.86079 ], [ -50.8709, -20.86255 ], [ -50.87922, -20.87809 ], [ -50.88151, -20.87876 ], [ -50.88423, -20.89085 ], [ -50.88839, -20.89248 ], [ -50.89963, -20.90939 ], [ -50.91195, -20.89684 ], [ -50.92084, -20.89545 ], [ -50.93155, -20.8995 ], [ -51.0713, -20.83057 ], [ -51.08662, -20.83637 ], [ -51.09469, -20.84446 ], [ -51.09566, -20.8503 ], [ -51.10003, -20.85636 ], [ -51.10598, -20.85949 ], [ -51.11558, -20.86045 ], [ -51.11723, -20.86457 ], [ -51.14301, -20.85414 ], [ -51.14479, -20.86069 ], [ -51.14265, -20.86975 ], [ -51.14402, -20.88366 ], [ -51.14089, -20.88514 ], [ -51.13924, -20.8924 ], [ -51.13691, -20.89273 ], [ -51.13933, -20.90424 ], [ -51.1356, -20.90813 ], [ -51.1366, -20.91425 ], [ -51.13421, -20.92039 ], [ -51.13679, -20.92379 ], [ -51.13053, -20.93107 ], [ -51.13321, -20.93384 ], [ -51.12973, -20.93759 ], [ -51.13007, -20.94384 ], [ -51.12091, -20.95199 ], [ -51.11771, -20.9687 ], [ -51.11894, -20.97876 ], [ -51.11591, -20.98213 ], [ -51.1177, -20.99168 ], [ -51.12357, -21.00241 ], [ -51.12241, -21.00893 ], [ -51.13495, -21.03463 ], [ -51.14298, -21.04248 ], [ -51.15168, -21.03917 ], [ -51.16817, -21.04043 ], [ -51.17212, -21.04961 ], [ -51.17069, -21.05478 ], [ -51.18824, -21.07131 ], [ -51.19561, -21.08351 ], [ -51.20711, -21.09273 ], [ -51.21612, -21.09577 ], [ -51.22465, -21.09161 ], [ -51.23315, -21.09257 ], [ -51.23857, -21.0998 ], [ -51.25662, -21.11118 ], [ -51.26652, -21.13267 ], [ -51.26676, -21.14675 ], [ -51.27133, -21.15352 ], [ -51.28133, -21.15978 ], [ -51.29134, -21.16114 ], [ -51.29764, -21.16808 ], [ -51.30674, -21.17152 ], [ -51.30995, -21.1806 ], [ -51.30608, -21.18928 ], [ -51.31007, -21.20194 ], [ -51.30664, -21.21452 ], [ -51.31457, -21.23008 ], [ -51.31435, -21.23901 ], [ -51.31124, -21.24443 ], [ -51.32967, -21.27876 ], [ -51.32838, -21.29446 ] ] ] } },
{ "type": "Feature", "properties": { "rc": "RC 01.02", "uba": "Jundiaí", "regional": "DR 01", "regional_cgr": "CGR 01" }, "geometry": { "type": "Polygon", "coordinates": [ [ [ -46.95862, -23.32734 ], [ -46.96059, -23.32212 ], [ -46.96764, -23.32053 ], [ -46.96979, -23.31712 ], [ -46.96732, -23.30574 ], [ -46.97197, -23.30128 ], [ -46.96548, -23.29501 ], [ -46.96666, -23.29051 ], [ -46.96299, -23.28399 ], [ -46.96743, -23.27703 ], [ -46.96115, -23.2705 ], [ -46.97129, -23.26823 ], [ -46.97001, -23.26054 ], [ -46.9771, -23.25969 ], [ -46.9807, -23.26154 ], [ -46.98971, -23.2594 ], [ -47.00363, -23.26769 ], [ -47.00749, -23.26779 ], [ -47.01397, -23.26321 ], [ -47.01746, -23.24951 ], [ -47.02655, -23.24715 ], [ -47.0282, -23.23627 ], [ -47.03057, -23.23524 ], [ -47.03905, -23.23793 ], [ -47.04354, -23.23696 ], [ -47.04524, -23.24097 ], [ -47.04835, -23.2416 ], [ -47.05419, -23.23709 ], [ -47.06799, -23.23682 ], [ -47.07807, -23.23358 ], [ -47.08808, -23.23677 ], [ -47.09197, -23.23414 ], [ -47.09442, -23.22531 ], [ -47.09822, -23.22201 ], [ -47.1161, -23.22595 ], [ -47.1172, -23.22188 ], [ -47.12764, -23.21377 ], [ -47.1298, -23.20269 ], [ -47.15632, -23.20154 ], [ -47.18931, -23.19293 ], [ -47.19569, -23.18656 ], [ -47.22516, -23.18087 ], [ -47.23217, -23.1807 ], [ -47.23873, -23.18437 ], [ -47.24455, -23.1829 ], [ -47.25216, -23.17486 ], [ -47.25016, -23.1736 ], [ -47.25717, -23.1689 ], [ -47.25778, -23.16137 ], [ -47.25547, -23.15608 ], [ -47.26039, -23.14688 ], [ -47.27023, -23.14547 ], [ -47.27444, -23.15155 ], [ -47.28709, -23.15772 ], [ -47.29094, -23.15625 ], [ -47.29987, -23.13873 ], [ -47.30543, -23.13355 ], [ -47.29936, -23.11083 ], [ -47.30065, -23.09917 ], [ -47.29815, -23.09261 ], [ -47.27738, -23.07142 ], [ -47.2903, -23.0479 ], [ -47.28512, -23.03123 ], [ -47.27454, -23.02055 ], [ -47.27081, -23.01971 ], [ -47.2703, -23.01538 ], [ -47.26469, -23.01394 ], [ -47.25419, -22.99783 ], [ -47.23633, -23.00498 ], [ -47.22804, -23.01319 ], [ -47.22004, -23.016 ], [ -47.21965, -23.01932 ], [ -47.2101, -23.024 ], [ -47.20451, -23.03176 ], [ -47.19001, -23.03338 ], [ -47.18632, -23.03017 ], [ -47.1817, -23.0299 ], [ -47.1709, -23.03318 ], [ -47.16919, -23.03092 ], [ -47.16453, -23.03632 ], [ -47.15844, -23.03735 ], [ -47.15781, -23.04173 ], [ -47.15259, -23.03836 ], [ -47.14935, -23.04635 ], [ -47.15031, -23.051 ], [ -47.144, -23.05779 ], [ -47.13807, -23.05359 ], [ -47.13282, -23.05547 ], [ -47.13055, -23.05236 ], [ -47.1264, -23.05939 ], [ -47.11709, -23.05598 ], [ -47.10884, -23.06119 ], [ -47.10241, -23.05416 ], [ -47.09539, -23.05224 ], [ -47.08581, -23.05637 ], [ -47.07389, -23.05272 ], [ -47.07019, -23.04761 ], [ -47.04859, -23.05135 ], [ -47.04996, -23.04555 ], [ -47.05507, -23.04191 ], [ -47.05307, -23.04005 ], [ -47.05659, -23.03441 ], [ -47.05974, -23.03543 ], [ -47.06111, -23.03361 ], [ -47.06174, -23.02784 ], [ -47.07186, -23.02692 ], [ -47.07482, -23.01351 ], [ -47.06804, -23.00652 ], [ -47.06656, -22.99368 ], [ -47.03412, -22.97512 ], [ -47.02896, -22.96953 ], [ -47.02336, -22.95728 ], [ -47.02548, -22.95228 ], [ -47.01957, -22.9507 ], [ -47.00887, -22.93808 ], [ -46.99836, -22.93478 ], [ -46.99196, -22.92855 ], [ -46.98949, -22.91177 ], [ -46.98212, -22.90417 ], [ -46.9681, -22.90552 ], [ -46.96204, -22.91171 ], [ -46.95189, -22.90875 ], [ -46.9411, -22.92105 ], [ -46.93971, -22.92791 ], [ -46.93493, -22.93117 ], [ -46.92934, -22.92869 ], [ -46.92239, -22.93119 ], [ -46.92136, -22.92859 ], [ -46.91236, -22.92404 ], [ -46.90532, -22.92597 ], [ -46.90443, -22.92834 ], [ -46.89917, -22.92626 ], [ -46.89873, -22.93302 ], [ -46.89531, -22.93463 ], [ -46.89218, -22.9327 ], [ -46.88798, -22.93425 ], [ -46.88608, -22.93182 ], [ -46.87723, -22.93256 ], [ -46.87848, -22.92704 ], [ -46.88618, -22.92457 ], [ -46.89129, -22.91735 ], [ -46.88945, -22.90967 ], [ -46.88549, -22.90694 ], [ -46.87261, -22.90408 ], [ -46.8697, -22.899 ], [ -46.8652, -22.89853 ], [ -46.85923, -22.90555 ], [ -46.85373, -22.90483 ], [ -46.85194, -22.90228 ], [ -46.83053, -22.90696 ], [ -46.81595, -22.89564 ], [ -46.81577, -22.88667 ], [ -46.8265, -22.87316 ], [ -46.83119, -22.87352 ], [ -46.83506, -22.88016 ], [ -46.83997, -22.88052 ], [ -46.8511, -22.87622 ], [ -46.84908, -22.86266 ], [ -46.85572, -22.85977 ], [ -46.85721, -22.8522 ], [ -46.86058, -22.84906 ], [ -46.85843, -22.83634 ], [ -46.8492, -22.8394 ], [ -46.8429, -22.83797 ], [ -46.84156, -22.84167 ], [ -46.83592, -22.84421 ], [ -46.8273, -22.84449 ], [ -46.82188, -22.84211 ], [ -46.8185, -22.8447 ], [ -46.81277, -22.84098 ], [ -46.81101, -22.83556 ], [ -46.80803, -22.83851 ], [ -46.80323, -22.83349 ], [ -46.80168, -22.83702 ], [ -46.79422, -22.83362 ], [ -46.79529, -22.83731 ], [ -46.78875, -22.83851 ], [ -46.78592, -22.84278 ], [ -46.78894, -22.84646 ], [ -46.78385, -22.85151 ], [ -46.77682, -22.85056 ], [ -46.77767, -22.84818 ], [ -46.77475, -22.84616 ], [ -46.76833, -22.85258 ], [ -46.76051, -22.8474 ], [ -46.76016, -22.85792 ], [ -46.75476, -22.85884 ], [ -46.75373, -22.85589 ], [ -46.74886, -22.85804 ], [ -46.74355, -22.8572 ], [ -46.74419, -22.86301 ], [ -46.73877, -22.8623 ], [ -46.73766, -22.86407 ], [ -46.73308, -22.86264 ], [ -46.73403, -22.86054 ], [ -46.73136, -22.85791 ], [ -46.73475, -22.85402 ], [ -46.73139, -22.85441 ], [ -46.73208, -22.85217 ], [ -46.72998, -22.85175 ], [ -46.72607, -22.85707 ], [ -46.72696, -22.86535 ], [ -46.72396, -22.86632 ], [ -46.72259, -22.87066 ], [ -46.72553, -22.87639 ], [ -46.71822, -22.87782 ], [ -46.72369, -22.88436 ], [ -46.71847, -22.88654 ], [ -46.72133, -22.89398 ], [ -46.7161, -22.89212 ], [ -46.71244, -22.88381 ], [ -46.70269, -22.88842 ], [ -46.7052, -22.88238 ], [ -46.70355, -22.87825 ], [ -46.69033, -22.87941 ], [ -46.69219, -22.88536 ], [ -46.68076, -22.88561 ], [ -46.68224, -22.8884 ], [ -46.67963, -22.8981 ], [ -46.68424, -22.91551 ], [ -46.67968, -22.92187 ], [ -46.68081, -22.92982 ], [ -46.6748, -22.92681 ], [ -46.67042, -22.92911 ], [ -46.6865, -22.9413 ], [ -46.69801, -22.95768 ], [ -46.70316, -22.95949 ], [ -46.71252, -22.95811 ], [ -46.72073, -22.96792 ], [ -46.71573, -22.97249 ], [ -46.71616, -22.97668 ], [ -46.71175, -22.98356 ], [ -46.70546, -22.98413 ], [ -46.70555, -22.99141 ], [ -46.70123, -22.99997 ], [ -46.70405, -23.00295 ], [ -46.70128, -23.00593 ], [ -46.70213, -23.01025 ], [ -46.69568, -23.01 ], [ -46.69765, -23.01484 ], [ -46.69338, -23.01512 ], [ -46.68885, -23.02342 ], [ -46.68122, -23.02741 ], [ -46.68227, -23.02968 ], [ -46.67733, -23.03493 ], [ -46.67812, -23.04462 ], [ -46.68668, -23.05653 ], [ -46.68411, -23.05945 ], [ -46.68373, -23.07351 ], [ -46.6763, -23.08365 ], [ -46.67777, -23.09116 ], [ -46.67499, -23.09698 ], [ -46.67866, -23.10503 ], [ -46.67424, -23.11287 ], [ -46.67476, -23.12281 ], [ -46.67011, -23.14318 ], [ -46.66743, -23.14953 ], [ -46.66321, -23.15231 ], [ -46.66265, -23.15773 ], [ -46.65947, -23.15758 ], [ -46.65382, -23.16218 ], [ -46.6548, -23.17441 ], [ -46.65931, -23.17827 ], [ -46.65836, -23.1839 ], [ -46.66216, -23.19052 ], [ -46.65906, -23.19725 ], [ -46.66962, -23.2064 ], [ -46.6708, -23.21079 ], [ -46.66816, -23.21385 ], [ -46.67065, -23.21491 ], [ -46.68294, -23.20706 ], [ -46.68835, -23.20649 ], [ -46.69318, -23.2096 ], [ -46.70013, -23.20704 ], [ -46.70421, -23.20977 ], [ -46.70383, -23.20563 ], [ -46.70786, -23.2045 ], [ -46.71126, -23.20747 ], [ -46.70943, -23.20982 ], [ -46.71723, -23.214 ], [ -46.71294, -23.22341 ], [ -46.71376, -23.23046 ], [ -46.70394, -23.237 ], [ -46.70407, -23.25193 ], [ -46.71763, -23.25375 ], [ -46.72413, -23.25003 ], [ -46.73278, -23.25437 ], [ -46.74701, -23.25071 ], [ -46.75207, -23.2554 ], [ -46.75678, -23.25354 ], [ -46.76653, -23.25928 ], [ -46.77238, -23.2597 ], [ -46.77873, -23.25654 ], [ -46.78402, -23.26085 ], [ -46.78395, -23.26556 ], [ -46.79164, -23.26732 ], [ -46.7934, -23.26115 ], [ -46.80304, -23.2573 ], [ -46.8032, -23.27041 ], [ -46.80651, -23.27267 ], [ -46.80578, -23.27479 ], [ -46.81475, -23.27697 ], [ -46.81469, -23.28228 ], [ -46.83211, -23.27877 ], [ -46.83494, -23.28036 ], [ -46.835, -23.28637 ], [ -46.83853, -23.28797 ], [ -46.8444, -23.28198 ], [ -46.84996, -23.28559 ], [ -46.86749, -23.27791 ], [ -46.86967, -23.28216 ], [ -46.8763, -23.28476 ], [ -46.87586, -23.29087 ], [ -46.88146, -23.28889 ], [ -46.88525, -23.29023 ], [ -46.88988, -23.29964 ], [ -46.90088, -23.30505 ], [ -46.9018, -23.30745 ], [ -46.9154, -23.30809 ], [ -46.91802, -23.31051 ], [ -46.92249, -23.3078 ], [ -46.93087, -23.31154 ], [ -46.93884, -23.32327 ], [ -46.94133, -23.32001 ], [ -46.94522, -23.32496 ], [ -46.94891, -23.32599 ], [ -46.95062, -23.32396 ], [ -46.95862, -23.32734 ] ] ] } },
{ "type": "Feature", "properties": { "rc": "RC 12.03", "uba": "Dracena", "regional": "DR 12", "regional_cgr": "CGR 12" }, "geometry": { "type": "Polygon", "coordinates": [ [ [ -50.8629, -21.9686 ], [ -50.86978, -21.96432 ], [ -50.87842, -21.96651 ], [ -50.8871, -21.96463 ], [ -50.8892, -21.9665 ], [ -50.89871, -21.95766 ], [ -50.90728, -21.9575 ], [ -50.90912, -21.9537 ], [ -50.91425, -21.95379 ], [ -50.91553, -21.95108 ], [ -50.93928, -21.95037 ], [ -50.94769, -21.94615 ], [ -50.94814, -21.94131 ], [ -50.9617, -21.93235 ], [ -50.96121, -21.92884 ], [ -50.96667, -21.92524 ], [ -50.9796, -21.92439 ], [ -50.99091, -21.9196 ], [ -51.00538, -21.91991 ], [ -51.04334, -21.90175 ], [ -51.04878, -21.89767 ], [ -51.05251, -21.88926 ], [ -51.05793, -21.88922 ], [ -51.0664, -21.88302 ], [ -51.07347, -21.88403 ], [ -51.08754, -21.88042 ], [ -51.09377, -21.88266 ], [ -51.09711, -21.88679 ], [ -51.11094, -21.88884 ], [ -51.118, -21.88192 ], [ -51.11958, -21.87228 ], [ -51.13448, -21.86985 ], [ -51.13779, -21.86714 ], [ -51.13726, -21.85936 ], [ -51.14171, -21.85637 ], [ -51.14122, -21.8536 ], [ -51.15002, -21.8551 ], [ -51.15094, -21.86068 ], [ -51.15793, -21.86462 ], [ -51.16659, -21.86046 ], [ -51.17466, -21.84314 ], [ -51.18209, -21.83317 ], [ -51.19104, -21.83094 ], [ -51.20026, -21.82318 ], [ -51.20378, -21.82374 ], [ -51.2099, -21.83291 ], [ -51.22288, -21.82893 ], [ -51.22404, -21.82167 ], [ -51.22822, -21.81573 ], [ -51.22951, -21.80364 ], [ -51.23397, -21.80064 ], [ -51.24027, -21.80219 ], [ -51.24485, -21.80064 ], [ -51.24792, -21.79572 ], [ -51.24912, -21.78298 ], [ -51.23144, -21.76709 ], [ -51.23142, -21.76293 ], [ -51.23546, -21.75968 ], [ -51.2321, -21.75286 ], [ -51.22373, -21.74504 ], [ -51.22375, -21.74164 ], [ -51.22682, -21.73954 ], [ -51.24555, -21.73636 ], [ -51.2597, -21.74318 ], [ -51.27023, -21.74283 ], [ -51.27517, -21.73527 ], [ -51.27604, -21.72593 ], [ -51.28242, -21.7241 ], [ -51.28395, -21.72114 ], [ -51.28941, -21.72188 ], [ -51.29432, -21.73367 ], [ -51.30007, -21.73444 ], [ -51.31264, -21.74996 ], [ -51.32412, -21.7561 ], [ -51.32997, -21.77062 ], [ -51.34245, -21.77429 ], [ -51.36342, -21.76297 ], [ -51.37041, -21.74442 ], [ -51.38112, -21.73855 ], [ -51.3939, -21.74569 ], [ -51.4078, -21.74476 ], [ -51.41526, -21.74867 ], [ -51.43581, -21.74324 ], [ -51.45997, -21.74248 ], [ -51.46594, -21.73788 ], [ -51.47228, -21.7375 ], [ -51.48069, -21.73305 ], [ -51.48533, -21.72724 ], [ -51.48536, -21.71779 ], [ -51.48928, -21.71698 ], [ -51.48829, -21.71296 ], [ -51.49979, -21.70536 ], [ -51.50895, -21.70414 ], [ -51.50888, -21.70229 ], [ -51.5171, -21.69965 ], [ -51.52096, -21.70105 ], [ -51.52369, -21.69657 ], [ -51.52558, -21.69816 ], [ -51.5295, -21.69076 ], [ -51.53311, -21.69089 ], [ -51.53062, -21.68976 ], [ -51.53583, -21.68955 ], [ -51.53437, -21.68712 ], [ -51.53762, -21.68382 ], [ -51.54137, -21.68519 ], [ -51.55225, -21.68261 ], [ -51.55498, -21.6852 ], [ -51.55948, -21.68194 ], [ -51.56418, -21.68497 ], [ -51.56744, -21.68363 ], [ -51.5692, -21.68655 ], [ -51.57802, -21.68284 ], [ -51.57818, -21.67822 ], [ -51.58166, -21.68044 ], [ -51.58204, -21.67835 ], [ -51.58336, -21.68055 ], [ -51.5847, -21.67901 ], [ -51.58836, -21.68334 ], [ -51.58988, -21.67844 ], [ -51.59182, -21.6813 ], [ -51.59281, -21.67981 ], [ -51.59655, -21.68285 ], [ -51.60203, -21.68289 ], [ -51.60287, -21.67949 ], [ -51.60506, -21.6812 ], [ -51.61061, -21.67554 ], [ -51.61272, -21.67674 ], [ -51.61594, -21.67052 ], [ -51.62404, -21.66985 ], [ -51.62411, -21.6672 ], [ -51.62742, -21.66792 ], [ -51.62791, -21.66545 ], [ -51.62916, -21.66767 ], [ -51.63188, -21.66702 ], [ -51.63331, -21.66563 ], [ -51.63035, -21.66509 ], [ -51.63147, -21.65973 ], [ -51.63668, -21.66115 ], [ -51.63571, -21.66354 ], [ -51.63925, -21.65975 ], [ -51.63734, -21.65818 ], [ -51.64405, -21.65976 ], [ -51.64189, -21.65717 ], [ -51.64531, -21.65798 ], [ -51.64352, -21.65507 ], [ -51.64693, -21.65559 ], [ -51.64936, -21.65191 ], [ -51.64744, -21.64915 ], [ -51.6513, -21.64678 ], [ -51.6486, -21.64462 ], [ -51.65326, -21.64502 ], [ -51.65627, -21.64113 ], [ -51.65844, -21.64379 ], [ -51.66389, -21.64058 ], [ -51.66335, -21.64303 ], [ -51.66588, -21.64215 ], [ -51.66535, -21.63725 ], [ -51.66998, -21.63221 ], [ -51.67108, -21.63459 ], [ -51.67202, -21.63178 ], [ -51.6753, -21.63178 ], [ -51.67678, -21.63552 ], [ -51.68029, -21.63593 ], [ -51.68346, -21.63404 ], [ -51.68599, -21.63613 ], [ -51.68604, -21.63251 ], [ -51.6899, -21.63329 ], [ -51.69139, -21.63044 ], [ -51.69868, -21.63382 ], [ -51.70099, -21.6316 ], [ -51.69837, -21.62904 ], [ -51.70462, -21.62825 ], [ -51.70609, -21.62301 ], [ -51.70413, -21.62076 ], [ -51.70649, -21.62039 ], [ -51.70528, -21.61372 ], [ -51.70232, -21.61473 ], [ -51.70223, -21.61263 ], [ -51.70484, -21.61238 ], [ -51.70212, -21.60442 ], [ -51.70425, -21.60291 ], [ -51.70571, -21.6045 ], [ -51.70919, -21.59932 ], [ -51.71235, -21.60038 ], [ -51.71294, -21.59582 ], [ -51.71613, -21.5976 ], [ -51.71953, -21.59674 ], [ -51.71837, -21.59482 ], [ -51.72057, -21.59669 ], [ -51.72492, -21.59538 ], [ -51.72599, -21.59782 ], [ -51.72675, -21.59578 ], [ -51.72776, -21.59721 ], [ -51.72667, -21.59415 ], [ -51.73212, -21.59351 ], [ -51.73042, -21.59194 ], [ -51.73711, -21.59401 ], [ -51.73932, -21.59149 ], [ -51.74476, -21.59219 ], [ -51.74868, -21.5941 ], [ -51.75288, -21.60067 ], [ -51.75657, -21.59891 ], [ -51.75738, -21.60234 ], [ -51.76043, -21.60369 ], [ -51.76082, -21.60142 ], [ -51.76405, -21.60083 ], [ -51.76402, -21.60326 ], [ -51.77113, -21.60704 ], [ -51.77715, -21.60411 ], [ -51.77799, -21.60716 ], [ -51.77966, -21.60377 ], [ -51.78489, -21.60165 ], [ -51.78321, -21.59962 ], [ -51.78611, -21.59947 ], [ -51.78473, -21.59665 ], [ -51.78754, -21.59867 ], [ -51.78626, -21.59605 ], [ -51.78944, -21.59467 ], [ -51.79154, -21.59676 ], [ -51.79354, -21.59419 ], [ -51.79892, -21.59588 ], [ -51.79916, -21.59369 ], [ -51.80258, -21.59671 ], [ -51.80478, -21.59661 ], [ -51.80426, -21.59483 ], [ -51.80848, -21.59569 ], [ -51.8049, -21.59268 ], [ -51.80662, -21.59186 ], [ -51.80577, -21.58823 ], [ -51.80768, -21.58957 ], [ -51.81035, -21.5865 ], [ -51.81215, -21.58867 ], [ -51.81326, -21.58615 ], [ -51.81357, -21.5904 ], [ -51.81424, -21.58772 ], [ -51.82218, -21.58376 ], [ -51.82428, -21.58614 ], [ -51.82762, -21.58523 ], [ -51.82987, -21.57983 ], [ -51.83067, -21.58161 ], [ -51.83268, -21.58054 ], [ -51.8317, -21.58328 ], [ -51.83407, -21.58098 ], [ -51.83644, -21.58372 ], [ -51.83629, -21.58093 ], [ -51.83929, -21.58184 ], [ -51.83864, -21.5783 ], [ -51.84608, -21.5781 ], [ -51.84906, -21.5806 ], [ -51.84906, -21.57699 ], [ -51.85275, -21.57699 ], [ -51.85442, -21.58021 ], [ -51.86749, -21.57594 ], [ -51.86937, -21.57948 ], [ -51.87241, -21.57552 ], [ -51.88118, -21.58311 ], [ -51.88093, -21.57593 ], [ -51.88606, -21.57093 ], [ -51.88367, -21.57005 ], [ -51.88474, -21.56848 ], [ -51.89384, -21.56887 ], [ -51.89585, -21.56645 ], [ -51.89326, -21.5649 ], [ -51.89952, -21.56215 ], [ -51.90291, -21.56531 ], [ -51.90427, -21.56152 ], [ -51.9048, -21.56492 ], [ -51.90788, -21.56323 ], [ -51.9053, -21.55997 ], [ -51.90984, -21.56024 ], [ -51.91147, -21.55607 ], [ -51.92165, -21.55874 ], [ -51.92454, -21.54987 ], [ -51.92764, -21.54973 ], [ -51.92688, -21.54744 ], [ -51.93016, -21.54885 ], [ -51.93525, -21.54562 ], [ -51.93173, -21.54185 ], [ -51.93304, -21.54055 ], [ -51.93713, -21.54339 ], [ -51.94117, -21.53973 ], [ -51.93914, -21.5439 ], [ -51.94294, -21.544 ], [ -51.94565, -21.54104 ], [ -51.94236, -21.54065 ], [ -51.94387, -21.53849 ], [ -51.94145, -21.53661 ], [ -51.94489, -21.53238 ], [ -51.94154, -21.52891 ], [ -51.94364, -21.52732 ], [ -51.94604, -21.52877 ], [ -51.94447, -21.52454 ], [ -51.94755, -21.52534 ], [ -51.94796, -21.52278 ], [ -51.95119, -21.52418 ], [ -51.95367, -21.52171 ], [ -51.95633, -21.52708 ], [ -51.95852, -21.52351 ], [ -51.96476, -21.52312 ], [ -51.96258, -21.52007 ], [ -51.96434, -21.51882 ], [ -51.96183, -21.50692 ], [ -51.96297, -21.50151 ], [ -51.95719, -21.49943 ], [ -51.94268, -21.48339 ], [ -51.93485, -21.46355 ], [ -51.92495, -21.44979 ], [ -51.91606, -21.4057 ], [ -51.90855, -21.3886 ], [ -51.89734, -21.37608 ], [ -51.86452, -21.34793 ], [ -51.86154, -21.33934 ], [ -51.86071, -21.31482 ], [ -51.85558, -21.2853 ], [ -51.84893, -21.27708 ], [ -51.84912, -21.26612 ], [ -51.86054, -21.23393 ], [ -51.87953, -21.198 ], [ -51.87575, -21.17878 ], [ -51.87888, -21.15794 ], [ -51.87669, -21.13772 ], [ -51.85998, -21.13085 ], [ -51.84592, -21.13162 ], [ -51.82146, -21.12697 ], [ -51.80796, -21.1124 ], [ -51.79001, -21.10254 ], [ -51.77831, -21.08151 ], [ -51.77168, -21.04968 ], [ -51.76534, -21.05168 ], [ -51.76779, -21.05631 ], [ -51.76511, -21.05983 ], [ -51.76418, -21.05521 ], [ -51.7612, -21.05496 ], [ -51.7615, -21.06502 ], [ -51.75576, -21.0656 ], [ -51.7526, -21.06168 ], [ -51.75289, -21.06439 ], [ -51.74587, -21.06623 ], [ -51.74701, -21.07029 ], [ -51.74384, -21.06808 ], [ -51.74435, -21.07252 ], [ -51.74136, -21.06868 ], [ -51.73759, -21.07413 ], [ -51.73458, -21.07103 ], [ -51.73331, -21.07486 ], [ -51.73131, -21.07471 ], [ -51.73039, -21.07301 ], [ -51.73318, -21.07099 ], [ -51.73144, -21.06986 ], [ -51.72823, -21.074 ], [ -51.72463, -21.06682 ], [ -51.72458, -21.07066 ], [ -51.72181, -21.072 ], [ -51.71929, -21.06968 ], [ -51.71696, -21.0731 ], [ -51.71828, -21.07644 ], [ -51.71152, -21.07973 ], [ -51.71397, -21.0814 ], [ -51.71267, -21.08415 ], [ -51.70557, -21.08333 ], [ -51.70812, -21.08813 ], [ -51.70254, -21.08898 ], [ -51.70143, -21.0861 ], [ -51.70078, -21.0889 ], [ -51.69848, -21.0885 ], [ -51.69813, -21.09724 ], [ -51.69595, -21.09625 ], [ -51.69515, -21.09871 ], [ -51.69836, -21.09912 ], [ -51.69878, -21.1057 ], [ -51.70168, -21.10737 ], [ -51.69694, -21.10722 ], [ -51.7003, -21.10903 ], [ -51.69568, -21.11101 ], [ -51.69507, -21.11406 ], [ -51.69088, -21.11328 ], [ -51.69339, -21.11604 ], [ -51.69098, -21.11625 ], [ -51.69054, -21.12135 ], [ -51.69463, -21.12809 ], [ -51.6965, -21.1261 ], [ -51.69546, -21.13038 ], [ -51.69892, -21.13274 ], [ -51.69297, -21.13047 ], [ -51.69391, -21.13257 ], [ -51.68939, -21.13509 ], [ -51.69113, -21.13934 ], [ -51.68957, -21.14639 ], [ -51.68644, -21.14641 ], [ -51.68715, -21.15101 ], [ -51.68534, -21.14882 ], [ -51.67169, -21.15012 ], [ -51.67399, -21.15253 ], [ -51.67236, -21.1546 ], [ -51.66774, -21.155 ], [ -51.66875, -21.15762 ], [ -51.67169, -21.15758 ], [ -51.66907, -21.15916 ], [ -51.6706, -21.16169 ], [ -51.66659, -21.16087 ], [ -51.66558, -21.16363 ], [ -51.66493, -21.16149 ], [ -51.66441, -21.16611 ], [ -51.65705, -21.16943 ], [ -51.6523, -21.16625 ], [ -51.64774, -21.16645 ], [ -51.64851, -21.16341 ], [ -51.64402, -21.16674 ], [ -51.64558, -21.16368 ], [ -51.64093, -21.16532 ], [ -51.63652, -21.15624 ], [ -51.63136, -21.15705 ], [ -51.62969, -21.15184 ], [ -51.63546, -21.15483 ], [ -51.63798, -21.15377 ], [ -51.63671, -21.15092 ], [ -51.63269, -21.15161 ], [ -51.62667, -21.14527 ], [ -51.61802, -21.14836 ], [ -51.61893, -21.14539 ], [ -51.61392, -21.1419 ], [ -51.60198, -21.14888 ], [ -51.60347, -21.14455 ], [ -51.60098, -21.144 ], [ -51.5978, -21.14736 ], [ -51.59478, -21.14694 ], [ -51.59451, -21.14912 ], [ -51.59158, -21.14843 ], [ -51.5901, -21.15233 ], [ -51.59025, -21.15672 ], [ -51.59343, -21.15434 ], [ -51.59797, -21.15881 ], [ -51.59362, -21.16238 ], [ -51.59702, -21.16783 ], [ -51.59454, -21.16662 ], [ -51.59204, -21.17389 ], [ -51.58969, -21.17358 ], [ -51.5868, -21.17738 ], [ -51.58485, -21.17437 ], [ -51.58135, -21.17686 ], [ -51.58298, -21.1797 ], [ -51.57563, -21.18033 ], [ -51.57757, -21.18458 ], [ -51.57481, -21.18946 ], [ -51.57186, -21.18772 ], [ -51.57255, -21.18449 ], [ -51.57117, -21.18657 ], [ -51.568, -21.1852 ], [ -51.56809, -21.18698 ], [ -51.56418, -21.18525 ], [ -51.56397, -21.19037 ], [ -51.5603, -21.19286 ], [ -51.5621, -21.19007 ], [ -51.56043, -21.18745 ], [ -51.55872, -21.19112 ], [ -51.54505, -21.19123 ], [ -51.54217, -21.19605 ], [ -51.53918, -21.19398 ], [ -51.53569, -21.20023 ], [ -51.53259, -21.19507 ], [ -51.52822, -21.19893 ], [ -51.52696, -21.19758 ], [ -51.52188, -21.19976 ], [ -51.52098, -21.20535 ], [ -51.5192, -21.20395 ], [ -51.51804, -21.20652 ], [ -51.52215, -21.20856 ], [ -51.51785, -21.21336 ], [ -51.51708, -21.21002 ], [ -51.51371, -21.21024 ], [ -51.51059, -21.21292 ], [ -51.5122, -21.21531 ], [ -51.50819, -21.21517 ], [ -51.51017, -21.21569 ], [ -51.50837, -21.21864 ], [ -51.50333, -21.21727 ], [ -51.50029, -21.22103 ], [ -51.494, -21.2206 ], [ -51.49653, -21.22587 ], [ -51.49371, -21.22587 ], [ -51.49546, -21.22858 ], [ -51.49268, -21.22783 ], [ -51.49326, -21.22953 ], [ -51.48908, -21.23195 ], [ -51.48977, -21.2286 ], [ -51.48644, -21.2276 ], [ -51.48766, -21.22962 ], [ -51.48446, -21.22972 ], [ -51.48501, -21.23278 ], [ -51.48084, -21.23078 ], [ -51.4769, -21.23672 ], [ -51.47449, -21.23506 ], [ -51.47048, -21.23716 ], [ -51.46909, -21.23528 ], [ -51.46709, -21.23957 ], [ -51.46718, -21.23579 ], [ -51.46555, -21.23794 ], [ -51.46327, -21.23644 ], [ -51.46442, -21.23434 ], [ -51.46099, -21.23478 ], [ -51.46113, -21.2414 ], [ -51.46096, -21.2374 ], [ -51.45612, -21.23712 ], [ -51.45536, -21.2432 ], [ -51.45307, -21.23932 ], [ -51.44596, -21.24301 ], [ -51.44551, -21.24572 ], [ -51.44338, -21.24347 ], [ -51.43493, -21.24531 ], [ -51.42852, -21.25273 ], [ -51.42982, -21.2554 ], [ -51.42732, -21.25629 ], [ -51.4278, -21.25403 ], [ -51.42593, -21.25175 ], [ -51.4268, -21.25483 ], [ -51.42462, -21.25758 ], [ -51.41928, -21.25606 ], [ -51.4211, -21.25735 ], [ -51.41969, -21.26099 ], [ -51.41609, -21.25823 ], [ -51.41744, -21.26165 ], [ -51.40941, -21.2618 ], [ -51.41051, -21.26625 ], [ -51.4092, -21.26398 ], [ -51.40661, -21.26449 ], [ -51.40619, -21.26833 ], [ -51.39966, -21.26668 ], [ -51.3977, -21.26858 ], [ -51.40095, -21.27311 ], [ -51.39604, -21.27235 ], [ -51.39696, -21.27622 ], [ -51.39317, -21.27644 ], [ -51.39579, -21.27832 ], [ -51.38726, -21.28111 ], [ -51.38641, -21.28434 ], [ -51.38054, -21.28323 ], [ -51.37464, -21.28592 ], [ -51.37194, -21.284 ], [ -51.37361, -21.28749 ], [ -51.36767, -21.28998 ], [ -51.36688, -21.28563 ], [ -51.36445, -21.28967 ], [ -51.35995, -21.28529 ], [ -51.35699, -21.28898 ], [ -51.34946, -21.28857 ], [ -51.35112, -21.2916 ], [ -51.34722, -21.2922 ], [ -51.34593, -21.28731 ], [ -51.33758, -21.29342 ], [ -51.33818, -21.28862 ], [ -51.33433, -21.29276 ], [ -51.32838, -21.29446 ], [ -51.32901, -21.29221 ], [ -51.32582, -21.29255 ], [ -51.3258, -21.29629 ], [ -51.32342, -21.29395 ], [ -51.3225, -21.29718 ], [ -51.31926, -21.2965 ], [ -51.31997, -21.29884 ], [ -51.31662, -21.29706 ], [ -51.31597, -21.30004 ], [ -51.31387, -21.29616 ], [ -51.3119, -21.30135 ], [ -51.31051, -21.29933 ], [ -51.30642, -21.30069 ], [ -51.30888, -21.30293 ], [ -51.30448, -21.30838 ], [ -51.29688, -21.30982 ], [ -51.29017, -21.31691 ], [ -51.28944, -21.31334 ], [ -51.28723, -21.31845 ], [ -51.28128, -21.31924 ], [ -51.28126, -21.32268 ], [ -51.27068, -21.32194 ], [ -51.2657, -21.33114 ], [ -51.26123, -21.3276 ], [ -51.23783, -21.32665 ], [ -51.23739, -21.33147 ], [ -51.22938, -21.33601 ], [ -51.23123, -21.33939 ], [ -51.22544, -21.34132 ], [ -51.22403, -21.34543 ], [ -51.21676, -21.35112 ], [ -51.21239, -21.35135 ], [ -51.21414, -21.35472 ], [ -51.20886, -21.35808 ], [ -51.20686, -21.35708 ], [ -51.20387, -21.36084 ], [ -51.19982, -21.35962 ], [ -51.19524, -21.37237 ], [ -51.18948, -21.37683 ], [ -51.18316, -21.37593 ], [ -51.17149, -21.38328 ], [ -51.16413, -21.38365 ], [ -51.15674, -21.37787 ], [ -51.13906, -21.37384 ], [ -51.12156, -21.3815 ], [ -51.10018, -21.37032 ], [ -51.09283, -21.37123 ], [ -51.08971, -21.37256 ], [ -51.09014, -21.37876 ], [ -51.0852, -21.38301 ], [ -51.08645, -21.38463 ], [ -51.08102, -21.38494 ], [ -51.08127, -21.38769 ], [ -51.07969, -21.38638 ], [ -51.07754, -21.38926 ], [ -51.07499, -21.38839 ], [ -51.07405, -21.39149 ], [ -51.06312, -21.39458 ], [ -51.05465, -21.40446 ], [ -51.04533, -21.40379 ], [ -51.0459, -21.40645 ], [ -51.03374, -21.40883 ], [ -51.02909, -21.41818 ], [ -51.02522, -21.4209 ], [ -51.02555, -21.42618 ], [ -51.00426, -21.43848 ], [ -50.99792, -21.43898 ], [ -50.98149, -21.4318 ], [ -50.96045, -21.43851 ], [ -50.94698, -21.44742 ], [ -50.94298, -21.44441 ], [ -50.92432, -21.44164 ], [ -50.91658, -21.45416 ], [ -50.92146, -21.45653 ], [ -50.92059, -21.46015 ], [ -50.90568, -21.47026 ], [ -50.90726, -21.47673 ], [ -50.90318, -21.48017 ], [ -50.90452, -21.48492 ], [ -50.89981, -21.48705 ], [ -50.89938, -21.49039 ], [ -50.89497, -21.48934 ], [ -50.89416, -21.48619 ], [ -50.88867, -21.48531 ], [ -50.87839, -21.48941 ], [ -50.87423, -21.48855 ], [ -50.86628, -21.49877 ], [ -50.86739, -21.50397 ], [ -50.86439, -21.50916 ], [ -50.87262, -21.5144 ], [ -50.87246, -21.5202 ], [ -50.86929, -21.52533 ], [ -50.85465, -21.5298 ], [ -50.84732, -21.53553 ], [ -50.82866, -21.53632 ], [ -50.83028, -21.54084 ], [ -50.82639, -21.53745 ], [ -50.81675, -21.54136 ], [ -50.81552, -21.53982 ], [ -50.81356, -21.54807 ], [ -50.81579, -21.55117 ], [ -50.8193, -21.5503 ], [ -50.81588, -21.55413 ], [ -50.82196, -21.55734 ], [ -50.81722, -21.56336 ], [ -50.81494, -21.56374 ], [ -50.81455, -21.55943 ], [ -50.81012, -21.55562 ], [ -50.81282, -21.55985 ], [ -50.80997, -21.56459 ], [ -50.81092, -21.55956 ], [ -50.80609, -21.55965 ], [ -50.80637, -21.55462 ], [ -50.79718, -21.54158 ], [ -50.79325, -21.54338 ], [ -50.79883, -21.55557 ], [ -50.79109, -21.55905 ], [ -50.78593, -21.55687 ], [ -50.78797, -21.55245 ], [ -50.78513, -21.54906 ], [ -50.78821, -21.55096 ], [ -50.78876, -21.54882 ], [ -50.78184, -21.54303 ], [ -50.77795, -21.54265 ], [ -50.77596, -21.54604 ], [ -50.7704, -21.54669 ], [ -50.76902, -21.55373 ], [ -50.77119, -21.55815 ], [ -50.77387, -21.55659 ], [ -50.77475, -21.56135 ], [ -50.78183, -21.5632 ], [ -50.7821, -21.56739 ], [ -50.77377, -21.56751 ], [ -50.77417, -21.56388 ], [ -50.77018, -21.56613 ], [ -50.77041, -21.56913 ], [ -50.76438, -21.56195 ], [ -50.76011, -21.56401 ], [ -50.75883, -21.56902 ], [ -50.7558, -21.57114 ], [ -50.74892, -21.56528 ], [ -50.7445, -21.56462 ], [ -50.74924, -21.57409 ], [ -50.74565, -21.57799 ], [ -50.73421, -21.57149 ], [ -50.72975, -21.57249 ], [ -50.72579, -21.57672 ], [ -50.70892, -21.5763 ], [ -50.7063, -21.57833 ], [ -50.70802, -21.58502 ], [ -50.68699, -21.59729 ], [ -50.68301, -21.59752 ], [ -50.68084, -21.60195 ], [ -50.67755, -21.60062 ], [ -50.67087, -21.60418 ], [ -50.66761, -21.61045 ], [ -50.66127, -21.61433 ], [ -50.66077, -21.61824 ], [ -50.65303, -21.62297 ], [ -50.65238, -21.62919 ], [ -50.6548, -21.63392 ], [ -50.65041, -21.63786 ], [ -50.64669, -21.65046 ], [ -50.64027, -21.64944 ], [ -50.63261, -21.65622 ], [ -50.63008, -21.65414 ], [ -50.62755, -21.64253 ], [ -50.62123, -21.64421 ], [ -50.62157, -21.64969 ], [ -50.61902, -21.6518 ], [ -50.62125, -21.65972 ], [ -50.61948, -21.66147 ], [ -50.61469, -21.65888 ], [ -50.61507, -21.66433 ], [ -50.61156, -21.66937 ], [ -50.6134, -21.67292 ], [ -50.6098, -21.67461 ], [ -50.61203, -21.67899 ], [ -50.60963, -21.68974 ], [ -50.61485, -21.70214 ], [ -50.61902, -21.70447 ], [ -50.62564, -21.72023 ], [ -50.6283, -21.7219 ], [ -50.62759, -21.72603 ], [ -50.63322, -21.73117 ], [ -50.63838, -21.74702 ], [ -50.63274, -21.7537 ], [ -50.63524, -21.76636 ], [ -50.65556, -21.77259 ], [ -50.6616, -21.77661 ], [ -50.68004, -21.77592 ], [ -50.68365, -21.789 ], [ -50.6919, -21.79301 ], [ -50.69667, -21.78214 ], [ -50.70747, -21.77363 ], [ -50.70831, -21.77949 ], [ -50.72228, -21.80442 ], [ -50.72283, -21.81082 ], [ -50.72137, -21.81775 ], [ -50.71167, -21.82633 ], [ -50.71092, -21.84496 ], [ -50.7062, -21.85647 ], [ -50.71141, -21.85508 ], [ -50.72358, -21.85945 ], [ -50.72907, -21.87119 ], [ -50.74651, -21.88206 ], [ -50.75286, -21.89297 ], [ -50.76282, -21.89321 ], [ -50.7748, -21.90608 ], [ -50.77718, -21.91771 ], [ -50.7902, -21.9201 ], [ -50.79121, -21.9362 ], [ -50.79973, -21.93697 ], [ -50.80077, -21.94064 ], [ -50.81335, -21.95062 ], [ -50.82808, -21.94873 ], [ -50.83375, -21.956 ], [ -50.84056, -21.95984 ], [ -50.84274, -21.96502 ], [ -50.8629, -21.9686 ] ] ] } },
{ "type": "Feature", "properties": { "rc": "RC 08.01", "uba": "São Simão", "regional": "DR 08", "regional_cgr": "CGR 08" }, "geometry": { "type": "Polygon", "coordinates": [ [ [ -47.34672, -21.80636 ], [ -47.35129, -21.80428 ], [ -47.35684, -21.79491 ], [ -47.35896, -21.78568 ], [ -47.36736, -21.77793 ], [ -47.37646, -21.77678 ], [ -47.3939, -21.767 ], [ -47.39578, -21.76819 ], [ -47.39486, -21.77159 ], [ -47.39839, -21.77293 ], [ -47.40773, -21.77097 ], [ -47.41072, -21.76234 ], [ -47.42615, -21.75484 ], [ -47.44353, -21.76481 ], [ -47.43827, -21.78083 ], [ -47.44067, -21.78486 ], [ -47.45139, -21.78097 ], [ -47.46552, -21.7857 ], [ -47.47306, -21.79223 ], [ -47.48271, -21.78924 ], [ -47.48517, -21.79435 ], [ -47.50147, -21.80115 ], [ -47.51012, -21.80775 ], [ -47.53226, -21.79716 ], [ -47.54097, -21.80209 ], [ -47.5568, -21.78822 ], [ -47.56964, -21.78401 ], [ -47.57136, -21.77395 ], [ -47.57882, -21.76675 ], [ -47.58189, -21.75266 ], [ -47.5812, -21.74286 ], [ -47.58737, -21.73402 ], [ -47.59813, -21.73754 ], [ -47.60754, -21.74525 ], [ -47.61531, -21.74267 ], [ -47.61336, -21.7491 ], [ -47.61488, -21.75053 ], [ -47.62354, -21.73942 ], [ -47.62448, -21.73329 ], [ -47.63033, -21.73293 ], [ -47.63083, -21.72701 ], [ -47.63605, -21.72447 ], [ -47.6448, -21.72583 ], [ -47.64759, -21.7368 ], [ -47.66689, -21.74213 ], [ -47.67242, -21.73505 ], [ -47.67855, -21.7326 ], [ -47.67678, -21.72133 ], [ -47.68147, -21.71518 ], [ -47.70512, -21.72007 ], [ -47.72325, -21.70533 ], [ -47.73448, -21.71358 ], [ -47.74569, -21.70843 ], [ -47.74977, -21.70112 ], [ -47.75614, -21.69988 ], [ -47.75947, -21.69516 ], [ -47.76845, -21.69089 ], [ -47.78116, -21.691 ], [ -47.78665, -21.69947 ], [ -47.79587, -21.69428 ], [ -47.81203, -21.69874 ], [ -47.81689, -21.69533 ], [ -47.81181, -21.68829 ], [ -47.81204, -21.6789 ], [ -47.83024, -21.6688 ], [ -47.81681, -21.66205 ], [ -47.82558, -21.65669 ], [ -47.82568, -21.65321 ], [ -47.81771, -21.64652 ], [ -47.81198, -21.64818 ], [ -47.80666, -21.63524 ], [ -47.80161, -21.63432 ], [ -47.80231, -21.63088 ], [ -47.81087, -21.63115 ], [ -47.81703, -21.62506 ], [ -47.8181, -21.61461 ], [ -47.82532, -21.61196 ], [ -47.83084, -21.61561 ], [ -47.83365, -21.61403 ], [ -47.83466, -21.6115 ], [ -47.83064, -21.6005 ], [ -47.83681, -21.60417 ], [ -47.84041, -21.59996 ], [ -47.84002, -21.60632 ], [ -47.84528, -21.59815 ], [ -47.84964, -21.59941 ], [ -47.85353, -21.59696 ], [ -47.85806, -21.60125 ], [ -47.85382, -21.60417 ], [ -47.85669, -21.60807 ], [ -47.86409, -21.60638 ], [ -47.86257, -21.61076 ], [ -47.86891, -21.61039 ], [ -47.86918, -21.61531 ], [ -47.8726, -21.61015 ], [ -47.87966, -21.61277 ], [ -47.8806, -21.60927 ], [ -47.87081, -21.60466 ], [ -47.87513, -21.5999 ], [ -47.8797, -21.59941 ], [ -47.879, -21.59542 ], [ -47.88204, -21.59279 ], [ -47.8807, -21.58952 ], [ -47.88541, -21.59057 ], [ -47.88583, -21.58676 ], [ -47.89118, -21.5824 ], [ -47.89637, -21.58659 ], [ -47.90038, -21.58263 ], [ -47.89968, -21.58786 ], [ -47.90158, -21.58904 ], [ -47.90465, -21.586 ], [ -47.90311, -21.58167 ], [ -47.90491, -21.58016 ], [ -47.91343, -21.5894 ], [ -47.91838, -21.58387 ], [ -47.92312, -21.58485 ], [ -47.92348, -21.57398 ], [ -47.9273, -21.57617 ], [ -47.92802, -21.57166 ], [ -47.91904, -21.55552 ], [ -47.92055, -21.54415 ], [ -47.90551, -21.53683 ], [ -47.90112, -21.53161 ], [ -47.89172, -21.51613 ], [ -47.88736, -21.50088 ], [ -47.89386, -21.48236 ], [ -47.89479, -21.47264 ], [ -47.89969, -21.469 ], [ -47.902, -21.46019 ], [ -47.90008, -21.44545 ], [ -47.8946, -21.43957 ], [ -47.89804, -21.42697 ], [ -47.89651, -21.41701 ], [ -47.89935, -21.40874 ], [ -47.89638, -21.40017 ], [ -47.89931, -21.38524 ], [ -47.89497, -21.38037 ], [ -47.88821, -21.38564 ], [ -47.88425, -21.38295 ], [ -47.86368, -21.39198 ], [ -47.86574, -21.3965 ], [ -47.86373, -21.39862 ], [ -47.86457, -21.40253 ], [ -47.85608, -21.40761 ], [ -47.84938, -21.40802 ], [ -47.84449, -21.4163 ], [ -47.84823, -21.42286 ], [ -47.83858, -21.42837 ], [ -47.81193, -21.41051 ], [ -47.78912, -21.41383 ], [ -47.77667, -21.41933 ], [ -47.75871, -21.41274 ], [ -47.75007, -21.41564 ], [ -47.74255, -21.41396 ], [ -47.73602, -21.42094 ], [ -47.72462, -21.41974 ], [ -47.71168, -21.41318 ], [ -47.70943, -21.40778 ], [ -47.70458, -21.40696 ], [ -47.70196, -21.40374 ], [ -47.69869, -21.39801 ], [ -47.70284, -21.38766 ], [ -47.6983, -21.38125 ], [ -47.67946, -21.37572 ], [ -47.67294, -21.38173 ], [ -47.66203, -21.381 ], [ -47.63097, -21.35778 ], [ -47.63049, -21.35011 ], [ -47.63721, -21.34032 ], [ -47.64253, -21.33788 ], [ -47.65149, -21.3397 ], [ -47.65574, -21.32725 ], [ -47.66064, -21.29899 ], [ -47.65909, -21.2908 ], [ -47.65407, -21.28845 ], [ -47.65152, -21.28004 ], [ -47.61969, -21.27692 ], [ -47.6172, -21.27108 ], [ -47.61244, -21.26902 ], [ -47.6124, -21.26356 ], [ -47.60755, -21.25462 ], [ -47.59013, -21.27625 ], [ -47.57951, -21.26486 ], [ -47.57808, -21.25157 ], [ -47.56609, -21.25079 ], [ -47.55089, -21.22959 ], [ -47.54828, -21.20719 ], [ -47.53844, -21.20216 ], [ -47.52751, -21.20028 ], [ -47.52342, -21.20509 ], [ -47.51966, -21.20407 ], [ -47.51826, -21.20634 ], [ -47.51488, -21.20144 ], [ -47.51224, -21.20688 ], [ -47.50226, -21.20417 ], [ -47.49984, -21.21403 ], [ -47.49462, -21.21254 ], [ -47.49288, -21.20695 ], [ -47.48045, -21.20785 ], [ -47.47194, -21.18288 ], [ -47.45503, -21.17648 ], [ -47.44606, -21.16825 ], [ -47.44612, -21.16581 ], [ -47.43736, -21.16384 ], [ -47.4301, -21.15336 ], [ -47.42262, -21.15478 ], [ -47.42229, -21.14929 ], [ -47.41512, -21.14906 ], [ -47.40053, -21.14355 ], [ -47.39174, -21.13696 ], [ -47.3878, -21.13775 ], [ -47.3828, -21.1466 ], [ -47.37106, -21.1466 ], [ -47.35841, -21.13665 ], [ -47.34963, -21.13689 ], [ -47.34195, -21.12661 ], [ -47.34432, -21.1209 ], [ -47.33704, -21.11803 ], [ -47.33864, -21.10956 ], [ -47.33222, -21.10577 ], [ -47.32732, -21.10748 ], [ -47.32593, -21.10048 ], [ -47.31663, -21.10329 ], [ -47.30976, -21.10064 ], [ -47.30612, -21.10522 ], [ -47.30374, -21.10391 ], [ -47.29661, -21.11014 ], [ -47.2916, -21.11038 ], [ -47.29167, -21.11777 ], [ -47.28719, -21.12142 ], [ -47.28671, -21.12946 ], [ -47.28202, -21.13328 ], [ -47.28297, -21.13733 ], [ -47.28107, -21.13948 ], [ -47.27256, -21.14128 ], [ -47.26908, -21.13851 ], [ -47.26464, -21.13895 ], [ -47.26323, -21.14357 ], [ -47.25702, -21.14682 ], [ -47.25343, -21.15465 ], [ -47.24366, -21.15872 ], [ -47.24273, -21.16594 ], [ -47.23953, -21.16914 ], [ -47.23509, -21.16957 ], [ -47.23473, -21.17881 ], [ -47.23045, -21.18488 ], [ -47.23007, -21.18853 ], [ -47.23352, -21.19387 ], [ -47.22661, -21.19445 ], [ -47.22383, -21.20039 ], [ -47.2137, -21.20117 ], [ -47.20473, -21.20803 ], [ -47.18779, -21.21198 ], [ -47.17283, -21.19888 ], [ -47.16867, -21.19215 ], [ -47.14733, -21.19641 ], [ -47.14086, -21.18514 ], [ -47.13025, -21.18809 ], [ -47.11899, -21.18558 ], [ -47.11442, -21.18758 ], [ -47.09819, -21.2073 ], [ -47.08982, -21.2105 ], [ -47.08618, -21.20715 ], [ -47.08241, -21.20882 ], [ -47.06279, -21.2079 ], [ -47.06941, -21.21717 ], [ -47.07105, -21.22366 ], [ -47.07977, -21.23276 ], [ -47.07631, -21.23504 ], [ -47.07588, -21.24134 ], [ -47.06312, -21.23912 ], [ -47.05303, -21.24592 ], [ -47.04988, -21.25347 ], [ -47.05101, -21.25794 ], [ -47.04482, -21.26224 ], [ -47.04409, -21.26546 ], [ -47.04763, -21.26806 ], [ -47.05108, -21.26504 ], [ -47.05736, -21.26422 ], [ -47.06531, -21.2691 ], [ -47.07679, -21.28455 ], [ -47.08371, -21.28769 ], [ -47.09147, -21.28664 ], [ -47.08862, -21.29671 ], [ -47.10727, -21.31588 ], [ -47.11828, -21.31924 ], [ -47.12749, -21.32851 ], [ -47.1458, -21.30579 ], [ -47.14333, -21.29596 ], [ -47.14531, -21.29409 ], [ -47.14818, -21.29846 ], [ -47.15967, -21.303 ], [ -47.17131, -21.31366 ], [ -47.1806, -21.33803 ], [ -47.19089, -21.34857 ], [ -47.18885, -21.35477 ], [ -47.19235, -21.36048 ], [ -47.19224, -21.36714 ], [ -47.20513, -21.38478 ], [ -47.2034, -21.38961 ], [ -47.20595, -21.39807 ], [ -47.20939, -21.40156 ], [ -47.20875, -21.40686 ], [ -47.20582, -21.40873 ], [ -47.20781, -21.41418 ], [ -47.21434, -21.41492 ], [ -47.21684, -21.41922 ], [ -47.21585, -21.42277 ], [ -47.21347, -21.42315 ], [ -47.21465, -21.42658 ], [ -47.21888, -21.42875 ], [ -47.2237, -21.42769 ], [ -47.22238, -21.42565 ], [ -47.22572, -21.42481 ], [ -47.22541, -21.42061 ], [ -47.23088, -21.4217 ], [ -47.23344, -21.42683 ], [ -47.23259, -21.43654 ], [ -47.23613, -21.43887 ], [ -47.23677, -21.44269 ], [ -47.24255, -21.44173 ], [ -47.25682, -21.44962 ], [ -47.26435, -21.45098 ], [ -47.26358, -21.4546 ], [ -47.27147, -21.4571 ], [ -47.27858, -21.46801 ], [ -47.27602, -21.47851 ], [ -47.27747, -21.48156 ], [ -47.27448, -21.48736 ], [ -47.28249, -21.51588 ], [ -47.27648, -21.52567 ], [ -47.2805, -21.5404 ], [ -47.28536, -21.54821 ], [ -47.29108, -21.5537 ], [ -47.3079, -21.55152 ], [ -47.31633, -21.55879 ], [ -47.32828, -21.55995 ], [ -47.33217, -21.56469 ], [ -47.34598, -21.56274 ], [ -47.35133, -21.56523 ], [ -47.35776, -21.57054 ], [ -47.35905, -21.57999 ], [ -47.36588, -21.58964 ], [ -47.36503, -21.59428 ], [ -47.37988, -21.60104 ], [ -47.3829, -21.59894 ], [ -47.39994, -21.61448 ], [ -47.39845, -21.62286 ], [ -47.38215, -21.63926 ], [ -47.3802, -21.64915 ], [ -47.37139, -21.64903 ], [ -47.35807, -21.64225 ], [ -47.35022, -21.64703 ], [ -47.34081, -21.64187 ], [ -47.33297, -21.64523 ], [ -47.32887, -21.64364 ], [ -47.32172, -21.64937 ], [ -47.32558, -21.6675 ], [ -47.33602, -21.66701 ], [ -47.33698, -21.66971 ], [ -47.33675, -21.68679 ], [ -47.32514, -21.70408 ], [ -47.32287, -21.71593 ], [ -47.3233, -21.7198 ], [ -47.33032, -21.72696 ], [ -47.31146, -21.73681 ], [ -47.30381, -21.73685 ], [ -47.30085, -21.74366 ], [ -47.29325, -21.75063 ], [ -47.29506, -21.76164 ], [ -47.31184, -21.77288 ], [ -47.32114, -21.77625 ], [ -47.33446, -21.77652 ], [ -47.33213, -21.78409 ], [ -47.34183, -21.79534 ], [ -47.34672, -21.80636 ] ] ] } },
{ "type": "Feature", "properties": { "rc": "RC 02.07", "uba": "Avaré", "regional": "DR 02", "regional_cgr": "CGR 02" }, "geometry": { "type": "Polygon", "coordinates": [ [ [ -49.56648, -23.49398 ], [ -49.56357, -23.49583 ], [ -49.55922, -23.49375 ], [ -49.5486, -23.49528 ], [ -49.54352, -23.49974 ], [ -49.53384, -23.50223 ], [ -49.53601, -23.50581 ], [ -49.52819, -23.51054 ], [ -49.52182, -23.50988 ], [ -49.52039, -23.5074 ], [ -49.51303, -23.50756 ], [ -49.48629, -23.52723 ], [ -49.47805, -23.54077 ], [ -49.47298, -23.53463 ], [ -49.46167, -23.53397 ], [ -49.45321, -23.52716 ], [ -49.44657, -23.52997 ], [ -49.43423, -23.52715 ], [ -49.42604, -23.53214 ], [ -49.41862, -23.52868 ], [ -49.40217, -23.53642 ], [ -49.39154, -23.53412 ], [ -49.38352, -23.52533 ], [ -49.37077, -23.52442 ], [ -49.36301, -23.52955 ], [ -49.35478, -23.52424 ], [ -49.34607, -23.5276 ], [ -49.3312, -23.52524 ], [ -49.34911, -23.51296 ], [ -49.3467, -23.5101 ], [ -49.34356, -23.51046 ], [ -49.33382, -23.49477 ], [ -49.33187, -23.488 ], [ -49.33695, -23.47821 ], [ -49.32806, -23.47492 ], [ -49.32367, -23.4773 ], [ -49.3229, -23.46877 ], [ -49.34629, -23.45016 ], [ -49.34974, -23.44302 ], [ -49.36079, -23.43434 ], [ -49.36189, -23.42281 ], [ -49.35626, -23.41696 ], [ -49.35065, -23.4183 ], [ -49.33732, -23.41371 ], [ -49.33306, -23.40565 ], [ -49.31732, -23.40019 ], [ -49.30871, -23.40768 ], [ -49.30166, -23.40787 ], [ -49.29943, -23.41491 ], [ -49.29363, -23.41726 ], [ -49.28859, -23.41478 ], [ -49.28645, -23.41028 ], [ -49.27951, -23.41269 ], [ -49.27104, -23.4087 ], [ -49.26725, -23.41307 ], [ -49.25706, -23.40724 ], [ -49.25193, -23.40857 ], [ -49.24727, -23.41483 ], [ -49.24367, -23.41372 ], [ -49.24003, -23.41658 ], [ -49.23675, -23.41441 ], [ -49.2294, -23.41781 ], [ -49.22842, -23.42179 ], [ -49.22367, -23.41716 ], [ -49.2147, -23.41797 ], [ -49.20755, -23.41417 ], [ -49.2064, -23.40421 ], [ -49.21988, -23.39222 ], [ -49.22449, -23.3849 ], [ -49.22307, -23.38339 ], [ -49.2126, -23.38679 ], [ -49.20434, -23.38165 ], [ -49.21341, -23.37262 ], [ -49.20961, -23.36631 ], [ -49.20995, -23.36025 ], [ -49.21433, -23.35894 ], [ -49.21887, -23.35229 ], [ -49.20166, -23.32208 ], [ -49.20421, -23.31222 ], [ -49.21398, -23.3035 ], [ -49.21419, -23.2995 ], [ -49.20175, -23.29593 ], [ -49.19744, -23.28848 ], [ -49.20807, -23.27211 ], [ -49.2091, -23.26176 ], [ -49.20681, -23.25441 ], [ -49.21087, -23.24528 ], [ -49.19723, -23.24863 ], [ -49.18482, -23.26056 ], [ -49.16153, -23.26364 ], [ -49.1506, -23.26234 ], [ -49.15102, -23.2406 ], [ -49.13973, -23.22645 ], [ -49.14435, -23.21152 ], [ -49.14464, -23.20327 ], [ -49.14114, -23.1904 ], [ -49.14314, -23.18283 ], [ -49.13944, -23.17547 ], [ -49.14319, -23.1587 ], [ -49.13551, -23.14922 ], [ -49.13737, -23.14245 ], [ -49.13455, -23.13297 ], [ -49.13615, -23.12522 ], [ -49.12981, -23.12043 ], [ -49.12652, -23.11269 ], [ -49.12166, -23.11123 ], [ -49.12242, -23.09574 ], [ -49.09244, -23.09607 ], [ -49.08943, -23.10366 ], [ -49.08326, -23.09819 ], [ -49.07704, -23.09807 ], [ -49.07249, -23.09369 ], [ -49.06764, -23.09286 ], [ -49.07153, -23.08168 ], [ -49.07793, -23.07319 ], [ -49.0804, -23.06132 ], [ -49.07183, -23.05169 ], [ -49.07341, -23.04155 ], [ -49.06055, -23.0358 ], [ -49.05026, -23.02128 ], [ -49.0549, -23.01015 ], [ -49.04828, -23.00018 ], [ -49.04881, -22.99479 ], [ -49.04332, -22.98566 ], [ -49.04049, -22.97479 ], [ -49.03589, -22.96918 ], [ -49.03365, -22.95882 ], [ -49.02355, -22.9601 ], [ -49.02074, -22.95817 ], [ -49.0061, -22.92982 ], [ -48.99803, -22.92213 ], [ -48.99352, -22.92143 ], [ -48.98264, -22.90875 ], [ -48.98142, -22.90143 ], [ -48.98463, -22.89841 ], [ -48.98783, -22.89917 ], [ -48.98634, -22.89379 ], [ -48.99055, -22.89682 ], [ -48.99211, -22.8909 ], [ -48.99945, -22.88819 ], [ -49.00218, -22.89011 ], [ -49.00457, -22.88735 ], [ -48.99696, -22.88149 ], [ -48.99649, -22.87489 ], [ -48.99181, -22.87056 ], [ -48.9907, -22.85268 ], [ -48.98699, -22.85144 ], [ -48.98109, -22.83595 ], [ -48.96891, -22.82433 ], [ -48.96602, -22.82689 ], [ -48.9494, -22.82431 ], [ -48.94431, -22.82659 ], [ -48.94163, -22.82521 ], [ -48.92224, -22.82785 ], [ -48.90996, -22.83271 ], [ -48.90141, -22.84508 ], [ -48.87961, -22.85137 ], [ -48.86238, -22.85149 ], [ -48.84801, -22.84606 ], [ -48.84204, -22.84976 ], [ -48.80263, -22.8448 ], [ -48.80339, -22.85384 ], [ -48.79907, -22.85689 ], [ -48.79684, -22.86502 ], [ -48.7874, -22.8714 ], [ -48.8067, -22.87559 ], [ -48.80992, -22.87963 ], [ -48.8159, -22.88084 ], [ -48.82054, -22.88766 ], [ -48.82866, -22.89141 ], [ -48.83036, -22.89622 ], [ -48.82651, -22.90931 ], [ -48.83809, -22.91431 ], [ -48.84151, -22.9187 ], [ -48.84109, -22.92192 ], [ -48.85219, -22.93109 ], [ -48.84972, -22.9381 ], [ -48.84642, -22.93963 ], [ -48.84698, -22.94818 ], [ -48.82722, -22.94833 ], [ -48.8197, -22.95173 ], [ -48.81478, -22.95054 ], [ -48.81388, -22.95372 ], [ -48.80701, -22.95471 ], [ -48.79355, -22.9632 ], [ -48.79, -22.96281 ], [ -48.78845, -22.95969 ], [ -48.787, -22.96224 ], [ -48.77627, -22.96597 ], [ -48.77451, -22.97427 ], [ -48.76147, -22.99232 ], [ -48.76211, -23.01538 ], [ -48.76975, -23.02012 ], [ -48.76997, -23.03272 ], [ -48.77716, -23.04519 ], [ -48.77866, -23.05349 ], [ -48.77235, -23.05825 ], [ -48.7711, -23.06842 ], [ -48.76424, -23.07765 ], [ -48.75291, -23.08413 ], [ -48.74507, -23.08581 ], [ -48.74139, -23.08958 ], [ -48.75111, -23.11471 ], [ -48.74786, -23.11665 ], [ -48.7477, -23.12158 ], [ -48.7369, -23.13503 ], [ -48.73401, -23.14639 ], [ -48.73842, -23.15546 ], [ -48.74326, -23.15891 ], [ -48.7446, -23.16554 ], [ -48.74229, -23.17139 ], [ -48.74476, -23.19789 ], [ -48.74199, -23.20434 ], [ -48.73527, -23.20881 ], [ -48.74094, -23.21974 ], [ -48.7408, -23.23089 ], [ -48.74365, -23.23649 ], [ -48.74743, -23.23709 ], [ -48.74469, -23.25038 ], [ -48.77237, -23.26534 ], [ -48.76692, -23.26983 ], [ -48.77292, -23.2762 ], [ -48.77663, -23.28556 ], [ -48.77399, -23.29913 ], [ -48.73862, -23.31646 ], [ -48.71145, -23.31921 ], [ -48.70736, -23.32545 ], [ -48.70834, -23.33647 ], [ -48.70215, -23.34091 ], [ -48.69504, -23.34266 ], [ -48.68041, -23.34152 ], [ -48.65862, -23.33141 ], [ -48.64325, -23.33579 ], [ -48.63146, -23.34449 ], [ -48.6277, -23.35485 ], [ -48.63504, -23.386 ], [ -48.63314, -23.39746 ], [ -48.63968, -23.40849 ], [ -48.65287, -23.40788 ], [ -48.65601, -23.40969 ], [ -48.64941, -23.42185 ], [ -48.65477, -23.43108 ], [ -48.65048, -23.43476 ], [ -48.64845, -23.44079 ], [ -48.64354, -23.47092 ], [ -48.63309, -23.47386 ], [ -48.61613, -23.48904 ], [ -48.62857, -23.48877 ], [ -48.62585, -23.50075 ], [ -48.63437, -23.51135 ], [ -48.63245, -23.5205 ], [ -48.63404, -23.52524 ], [ -48.6373, -23.5256 ], [ -48.64534, -23.52001 ], [ -48.64791, -23.52182 ], [ -48.64809, -23.53047 ], [ -48.6524, -23.53717 ], [ -48.64282, -23.54409 ], [ -48.63447, -23.53886 ], [ -48.62151, -23.53813 ], [ -48.62261, -23.542 ], [ -48.63034, -23.54537 ], [ -48.62966, -23.55888 ], [ -48.62664, -23.56164 ], [ -48.61547, -23.56107 ], [ -48.61294, -23.56902 ], [ -48.60711, -23.57497 ], [ -48.61085, -23.58746 ], [ -48.60908, -23.59167 ], [ -48.61362, -23.59253 ], [ -48.61319, -23.58765 ], [ -48.61845, -23.58735 ], [ -48.62323, -23.59421 ], [ -48.63354, -23.59375 ], [ -48.64008, -23.5907 ], [ -48.64615, -23.59303 ], [ -48.65004, -23.59085 ], [ -48.6553, -23.59602 ], [ -48.665, -23.59419 ], [ -48.66619, -23.59155 ], [ -48.67841, -23.58739 ], [ -48.68163, -23.58858 ], [ -48.68847, -23.59801 ], [ -48.6978, -23.60234 ], [ -48.70785, -23.60189 ], [ -48.70918, -23.59954 ], [ -48.72069, -23.59992 ], [ -48.72575, -23.60127 ], [ -48.73181, -23.60842 ], [ -48.75785, -23.6147 ], [ -48.76667, -23.61323 ], [ -48.77324, -23.63415 ], [ -48.78097, -23.64245 ], [ -48.78671, -23.63816 ], [ -48.79514, -23.64097 ], [ -48.80179, -23.63763 ], [ -48.81846, -23.61622 ], [ -48.82061, -23.60644 ], [ -48.84159, -23.59383 ], [ -48.84877, -23.5957 ], [ -48.86607, -23.60775 ], [ -48.88957, -23.61249 ], [ -48.89598, -23.61505 ], [ -48.89833, -23.61857 ], [ -48.91765, -23.62427 ], [ -48.92334, -23.62371 ], [ -48.92491, -23.62659 ], [ -48.936, -23.62075 ], [ -48.94701, -23.6239 ], [ -48.95186, -23.62087 ], [ -48.97481, -23.62239 ], [ -48.97859, -23.62472 ], [ -48.97821, -23.63078 ], [ -48.98577, -23.63458 ], [ -48.99134, -23.64192 ], [ -48.99793, -23.64168 ], [ -49.00569, -23.63697 ], [ -49.00597, -23.63319 ], [ -49.00862, -23.63386 ], [ -49.0119, -23.6432 ], [ -49.02793, -23.65378 ], [ -49.03204, -23.66714 ], [ -49.03208, -23.67707 ], [ -49.03401, -23.67849 ], [ -49.04341, -23.68337 ], [ -49.05328, -23.68517 ], [ -49.13265, -23.7215 ], [ -49.14137, -23.71256 ], [ -49.14032, -23.70072 ], [ -49.15255, -23.6981 ], [ -49.15835, -23.69344 ], [ -49.16782, -23.69344 ], [ -49.18261, -23.70197 ], [ -49.18599, -23.70832 ], [ -49.19652, -23.71306 ], [ -49.219, -23.70634 ], [ -49.228, -23.70562 ], [ -49.23397, -23.70799 ], [ -49.2445, -23.70488 ], [ -49.24786, -23.71039 ], [ -49.25608, -23.70991 ], [ -49.26292, -23.7203 ], [ -49.27583, -23.72158 ], [ -49.2763, -23.72466 ], [ -49.28546, -23.72653 ], [ -49.29388, -23.73518 ], [ -49.30471, -23.73934 ], [ -49.31188, -23.73769 ], [ -49.31617, -23.74127 ], [ -49.32952, -23.74398 ], [ -49.33534, -23.74756 ], [ -49.33835, -23.75089 ], [ -49.3365, -23.75406 ], [ -49.33964, -23.75428 ], [ -49.34316, -23.75868 ], [ -49.34189, -23.77215 ], [ -49.33505, -23.78097 ], [ -49.34151, -23.7764 ], [ -49.34651, -23.7766 ], [ -49.3506, -23.77212 ], [ -49.35556, -23.77411 ], [ -49.36279, -23.76983 ], [ -49.35773, -23.76527 ], [ -49.35977, -23.76409 ], [ -49.35826, -23.76102 ], [ -49.36197, -23.75926 ], [ -49.36494, -23.76183 ], [ -49.36666, -23.75936 ], [ -49.37253, -23.7679 ], [ -49.37545, -23.76714 ], [ -49.37476, -23.77222 ], [ -49.38242, -23.77098 ], [ -49.38214, -23.76373 ], [ -49.37907, -23.7625 ], [ -49.38231, -23.75915 ], [ -49.38697, -23.75962 ], [ -49.38993, -23.76289 ], [ -49.39842, -23.76356 ], [ -49.41695, -23.78469 ], [ -49.42609, -23.7851 ], [ -49.42712, -23.78197 ], [ -49.43406, -23.78288 ], [ -49.44189, -23.77797 ], [ -49.44634, -23.7808 ], [ -49.44962, -23.77884 ], [ -49.45563, -23.78015 ], [ -49.45879, -23.77574 ], [ -49.46094, -23.77703 ], [ -49.46498, -23.77281 ], [ -49.4715, -23.77089 ], [ -49.47868, -23.77769 ], [ -49.49062, -23.78148 ], [ -49.49926, -23.78844 ], [ -49.51011, -23.78719 ], [ -49.51068, -23.79006 ], [ -49.50408, -23.79713 ], [ -49.50454, -23.79974 ], [ -49.50949, -23.80358 ], [ -49.51936, -23.80346 ], [ -49.52128, -23.80733 ], [ -49.52334, -23.80142 ], [ -49.53229, -23.79953 ], [ -49.5366, -23.79393 ], [ -49.55069, -23.79033 ], [ -49.56021, -23.79438 ], [ -49.5648, -23.78153 ], [ -49.57078, -23.77927 ], [ -49.56596, -23.77779 ], [ -49.56704, -23.77203 ], [ -49.56249, -23.7699 ], [ -49.56365, -23.76427 ], [ -49.56007, -23.76226 ], [ -49.57339, -23.75643 ], [ -49.57205, -23.75376 ], [ -49.56765, -23.75399 ], [ -49.56397, -23.75078 ], [ -49.56774, -23.7374 ], [ -49.5619, -23.73165 ], [ -49.55244, -23.73841 ], [ -49.54864, -23.73579 ], [ -49.55536, -23.72258 ], [ -49.55398, -23.71244 ], [ -49.54966, -23.70407 ], [ -49.55192, -23.70342 ], [ -49.55517, -23.70687 ], [ -49.55886, -23.70566 ], [ -49.5587, -23.70375 ], [ -49.55447, -23.70363 ], [ -49.55584, -23.70092 ], [ -49.55342, -23.69718 ], [ -49.55714, -23.69371 ], [ -49.55601, -23.69095 ], [ -49.55898, -23.69003 ], [ -49.56126, -23.69285 ], [ -49.56362, -23.68876 ], [ -49.56219, -23.68558 ], [ -49.56645, -23.68562 ], [ -49.56842, -23.68909 ], [ -49.56932, -23.68475 ], [ -49.5762, -23.68034 ], [ -49.57476, -23.67606 ], [ -49.57926, -23.67916 ], [ -49.58334, -23.67023 ], [ -49.58027, -23.66439 ], [ -49.5855, -23.66464 ], [ -49.58526, -23.65917 ], [ -49.60229, -23.6521 ], [ -49.60288, -23.64481 ], [ -49.61685, -23.64023 ], [ -49.60836, -23.63452 ], [ -49.60855, -23.62806 ], [ -49.60588, -23.62464 ], [ -49.61353, -23.62359 ], [ -49.61569, -23.61744 ], [ -49.61365, -23.61433 ], [ -49.62139, -23.61104 ], [ -49.61742, -23.59305 ], [ -49.60855, -23.58983 ], [ -49.60114, -23.58294 ], [ -49.6012, -23.57454 ], [ -49.60771, -23.56805 ], [ -49.60802, -23.5648 ], [ -49.59981, -23.55848 ], [ -49.59849, -23.55397 ], [ -49.60473, -23.54796 ], [ -49.60581, -23.54376 ], [ -49.60067, -23.53813 ], [ -49.601, -23.53569 ], [ -49.61107, -23.52908 ], [ -49.62265, -23.52519 ], [ -49.62976, -23.51377 ], [ -49.62849, -23.50947 ], [ -49.62142, -23.50593 ], [ -49.61578, -23.5102 ], [ -49.61287, -23.5097 ], [ -49.61866, -23.50262 ], [ -49.62189, -23.49275 ], [ -49.61344, -23.4869 ], [ -49.61257, -23.4809 ], [ -49.61556, -23.47258 ], [ -49.60226, -23.4787 ], [ -49.59899, -23.47814 ], [ -49.60246, -23.47199 ], [ -49.60134, -23.46148 ], [ -49.59784, -23.45792 ], [ -49.5933, -23.4584 ], [ -49.59228, -23.46014 ], [ -49.59608, -23.4633 ], [ -49.59504, -23.46501 ], [ -49.5918, -23.46295 ], [ -49.59451, -23.47369 ], [ -49.58793, -23.47855 ], [ -49.57769, -23.47928 ], [ -49.58013, -23.48534 ], [ -49.57747, -23.49152 ], [ -49.56736, -23.49045 ], [ -49.56648, -23.49398 ] ] ] } },
{ "type": "Feature", "properties": { "rc": "RC 13.04", "uba": "São José da Boa Vista", "regional": "DR 13", "regional_cgr": "CGR 13" }, "geometry": { "type": "Polygon", "coordinates": [ [ [ -46.72268, -22.08287 ], [ -46.71942, -22.08381 ], [ -46.71901, -22.08863 ], [ -46.71596, -22.0914 ], [ -46.70285, -22.09588 ], [ -46.69382, -22.09016 ], [ -46.68918, -22.09385 ], [ -46.68039, -22.0906 ], [ -46.67101, -22.0974 ], [ -46.64653, -22.09173 ], [ -46.63882, -22.10248 ], [ -46.63504, -22.10347 ], [ -46.63458, -22.10737 ], [ -46.62317, -22.10927 ], [ -46.62019, -22.12085 ], [ -46.61654, -22.12494 ], [ -46.61862, -22.13436 ], [ -46.61588, -22.14087 ], [ -46.61393, -22.14308 ], [ -46.60692, -22.14178 ], [ -46.6103, -22.14871 ], [ -46.6267, -22.15665 ], [ -46.63489, -22.1543 ], [ -46.64019, -22.15723 ], [ -46.64253, -22.17464 ], [ -46.64751, -22.17902 ], [ -46.65395, -22.1772 ], [ -46.66429, -22.1798 ], [ -46.66956, -22.17438 ], [ -46.68001, -22.17732 ], [ -46.68804, -22.17095 ], [ -46.69498, -22.17178 ], [ -46.69945, -22.17653 ], [ -46.70457, -22.1735 ], [ -46.71228, -22.17311 ], [ -46.71498, -22.1643 ], [ -46.72201, -22.1544 ], [ -46.73318, -22.15276 ], [ -46.7321, -22.14864 ], [ -46.73619, -22.13865 ], [ -46.75126, -22.12946 ], [ -46.75687, -22.11404 ], [ -46.75392, -22.09839 ], [ -46.74367, -22.088 ], [ -46.72268, -22.08287 ] ] ] } },
{ "type": "Feature", "properties": { "rc": "RC 07.02", "uba": "Tupã", "regional": "DR 07", "regional_cgr": "CGR 07" }, "geometry": { "type": "Polygon", "coordinates": [ [ [ -50.82774, -22.64499 ], [ -50.83436, -22.63013 ], [ -50.84327, -22.62611 ], [ -50.84633, -22.61749 ], [ -50.83971, -22.58479 ], [ -50.845, -22.57981 ], [ -50.85051, -22.58 ], [ -50.85357, -22.57556 ], [ -50.84874, -22.5604 ], [ -50.84181, -22.54953 ], [ -50.8463, -22.54634 ], [ -50.85157, -22.53507 ], [ -50.85832, -22.52853 ], [ -50.84931, -22.52031 ], [ -50.84876, -22.50864 ], [ -50.83613, -22.50188 ], [ -50.83802, -22.49519 ], [ -50.83147, -22.48461 ], [ -50.8461, -22.47312 ], [ -50.84049, -22.45588 ], [ -50.84361, -22.44602 ], [ -50.83921, -22.43599 ], [ -50.82967, -22.42788 ], [ -50.7991, -22.44367 ], [ -50.78357, -22.43482 ], [ -50.78674, -22.4114 ], [ -50.77917, -22.40404 ], [ -50.7752, -22.40392 ], [ -50.76273, -22.38348 ], [ -50.76189, -22.36548 ], [ -50.77004, -22.34927 ], [ -50.75888, -22.30272 ], [ -50.74776, -22.29514 ], [ -50.74524, -22.28636 ], [ -50.73509, -22.27987 ], [ -50.72888, -22.26626 ], [ -50.71652, -22.25185 ], [ -50.72231, -22.23971 ], [ -50.72842, -22.23593 ], [ -50.72626, -22.2288 ], [ -50.73124, -22.22029 ], [ -50.72328, -22.21646 ], [ -50.7281, -22.21195 ], [ -50.73028, -22.19981 ], [ -50.72738, -22.19655 ], [ -50.72177, -22.19662 ], [ -50.71764, -22.18747 ], [ -50.72333, -22.18065 ], [ -50.72599, -22.16893 ], [ -50.72204, -22.16408 ], [ -50.72027, -22.15416 ], [ -50.713, -22.15233 ], [ -50.70961, -22.13443 ], [ -50.71904, -22.1151 ], [ -50.71743, -22.1107 ], [ -50.72435, -22.10496 ], [ -50.72266, -22.09928 ], [ -50.72505, -22.09107 ], [ -50.72456, -22.0845 ], [ -50.71508, -22.07089 ], [ -50.71604, -22.06752 ], [ -50.71336, -22.06449 ], [ -50.713, -22.05848 ], [ -50.70654, -22.04984 ], [ -50.70348, -22.03082 ], [ -50.70996, -22.01496 ], [ -50.717, -22.01387 ], [ -50.72003, -22.0107 ], [ -50.72716, -22.01157 ], [ -50.74299, -22.00847 ], [ -50.74675, -22.00356 ], [ -50.78022, -22.00272 ], [ -50.79178, -21.99849 ], [ -50.80058, -21.99808 ], [ -50.83223, -21.98657 ], [ -50.83298, -21.98078 ], [ -50.83896, -21.97958 ], [ -50.84579, -21.97343 ], [ -50.86452, -21.96852 ], [ -50.84274, -21.96502 ], [ -50.84056, -21.95984 ], [ -50.83375, -21.956 ], [ -50.82808, -21.94873 ], [ -50.81335, -21.95062 ], [ -50.80077, -21.94064 ], [ -50.79973, -21.93697 ], [ -50.79121, -21.9362 ], [ -50.7902, -21.9201 ], [ -50.77718, -21.91771 ], [ -50.7748, -21.90608 ], [ -50.76282, -21.89321 ], [ -50.75286, -21.89297 ], [ -50.74651, -21.88206 ], [ -50.72907, -21.87119 ], [ -50.72358, -21.85945 ], [ -50.71141, -21.85508 ], [ -50.7062, -21.85647 ], [ -50.71092, -21.84496 ], [ -50.71167, -21.82633 ], [ -50.72248, -21.81432 ], [ -50.72228, -21.80442 ], [ -50.71605, -21.79518 ], [ -50.71587, -21.79033 ], [ -50.70831, -21.77949 ], [ -50.70747, -21.77363 ], [ -50.69667, -21.78214 ], [ -50.6919, -21.79301 ], [ -50.68365, -21.789 ], [ -50.68004, -21.77592 ], [ -50.6616, -21.77661 ], [ -50.65556, -21.77259 ], [ -50.63524, -21.76636 ], [ -50.63274, -21.7537 ], [ -50.63838, -21.74702 ], [ -50.63322, -21.73117 ], [ -50.62759, -21.72603 ], [ -50.6283, -21.7219 ], [ -50.62564, -21.72023 ], [ -50.61902, -21.70447 ], [ -50.61485, -21.70214 ], [ -50.60963, -21.68974 ], [ -50.61203, -21.67899 ], [ -50.6098, -21.67461 ], [ -50.6134, -21.67292 ], [ -50.61156, -21.66937 ], [ -50.61507, -21.66433 ], [ -50.61427, -21.65671 ], [ -50.60089, -21.6585 ], [ -50.59816, -21.66301 ], [ -50.60312, -21.66668 ], [ -50.59897, -21.66876 ], [ -50.59784, -21.67275 ], [ -50.58932, -21.67442 ], [ -50.58855, -21.68068 ], [ -50.58575, -21.67991 ], [ -50.57823, -21.68371 ], [ -50.57868, -21.68649 ], [ -50.57277, -21.68739 ], [ -50.56858, -21.69328 ], [ -50.56512, -21.68988 ], [ -50.55645, -21.69488 ], [ -50.55451, -21.69401 ], [ -50.55426, -21.69861 ], [ -50.55182, -21.69781 ], [ -50.54951, -21.70221 ], [ -50.54859, -21.69957 ], [ -50.54529, -21.70126 ], [ -50.54411, -21.69882 ], [ -50.53872, -21.69974 ], [ -50.54058, -21.69651 ], [ -50.53123, -21.7004 ], [ -50.52781, -21.69937 ], [ -50.52975, -21.70068 ], [ -50.528, -21.70437 ], [ -50.52218, -21.70829 ], [ -50.52034, -21.70591 ], [ -50.51629, -21.70998 ], [ -50.51114, -21.70365 ], [ -50.50568, -21.7133 ], [ -50.50302, -21.71553 ], [ -50.49782, -21.71422 ], [ -50.49636, -21.71655 ], [ -50.49231, -21.71062 ], [ -50.48947, -21.71169 ], [ -50.49066, -21.7056 ], [ -50.48811, -21.70648 ], [ -50.48881, -21.70478 ], [ -50.4842, -21.70226 ], [ -50.48123, -21.70392 ], [ -50.47916, -21.70158 ], [ -50.47471, -21.70177 ], [ -50.47527, -21.70409 ], [ -50.47359, -21.7025 ], [ -50.46885, -21.70561 ], [ -50.467, -21.70351 ], [ -50.46338, -21.70656 ], [ -50.46336, -21.69786 ], [ -50.46131, -21.69693 ], [ -50.46355, -21.6967 ], [ -50.46242, -21.6937 ], [ -50.46433, -21.69249 ], [ -50.46125, -21.6901 ], [ -50.4639, -21.68786 ], [ -50.46148, -21.68828 ], [ -50.46307, -21.68727 ], [ -50.4616, -21.68597 ], [ -50.45807, -21.68793 ], [ -50.45975, -21.68635 ], [ -50.45814, -21.68485 ], [ -50.45466, -21.68923 ], [ -50.45067, -21.69008 ], [ -50.45023, -21.69296 ], [ -50.44279, -21.69373 ], [ -50.43972, -21.69652 ], [ -50.43751, -21.69515 ], [ -50.43367, -21.69736 ], [ -50.43263, -21.69438 ], [ -50.42638, -21.69461 ], [ -50.42087, -21.7052 ], [ -50.41127, -21.70655 ], [ -50.40964, -21.70356 ], [ -50.40949, -21.70712 ], [ -50.39957, -21.71646 ], [ -50.39535, -21.7156 ], [ -50.39069, -21.71921 ], [ -50.37969, -21.71821 ], [ -50.3716, -21.72327 ], [ -50.3675, -21.71944 ], [ -50.36231, -21.72189 ], [ -50.36295, -21.72475 ], [ -50.36109, -21.7255 ], [ -50.34878, -21.70906 ], [ -50.34348, -21.71051 ], [ -50.34211, -21.71515 ], [ -50.33586, -21.71536 ], [ -50.33747, -21.71835 ], [ -50.33576, -21.71906 ], [ -50.33054, -21.70912 ], [ -50.32942, -21.71084 ], [ -50.32636, -21.70766 ], [ -50.32328, -21.70888 ], [ -50.32052, -21.70585 ], [ -50.30946, -21.71392 ], [ -50.30399, -21.71149 ], [ -50.30125, -21.71507 ], [ -50.29817, -21.71303 ], [ -50.29492, -21.7171 ], [ -50.29466, -21.71482 ], [ -50.29212, -21.71518 ], [ -50.2851, -21.70929 ], [ -50.27513, -21.70747 ], [ -50.27167, -21.72168 ], [ -50.262, -21.72658 ], [ -50.26251, -21.73196 ], [ -50.25907, -21.73783 ], [ -50.24894, -21.74145 ], [ -50.24555, -21.73959 ], [ -50.24037, -21.74705 ], [ -50.23699, -21.74525 ], [ -50.22898, -21.7522 ], [ -50.2255, -21.75228 ], [ -50.22114, -21.763 ], [ -50.21194, -21.75907 ], [ -50.20034, -21.76696 ], [ -50.19108, -21.76304 ], [ -50.18826, -21.76453 ], [ -50.18826, -21.76786 ], [ -50.18188, -21.77009 ], [ -50.17925, -21.77489 ], [ -50.16828, -21.77488 ], [ -50.16289, -21.77833 ], [ -50.16052, -21.78478 ], [ -50.15349, -21.78526 ], [ -50.15026, -21.791 ], [ -50.14516, -21.79425 ], [ -50.14739, -21.79892 ], [ -50.14356, -21.80492 ], [ -50.13897, -21.80709 ], [ -50.13427, -21.80572 ], [ -50.13085, -21.80897 ], [ -50.13209, -21.81391 ], [ -50.12739, -21.81896 ], [ -50.11986, -21.82004 ], [ -50.11356, -21.83573 ], [ -50.1022, -21.83782 ], [ -50.09894, -21.84008 ], [ -50.09777, -21.84567 ], [ -50.09315, -21.84617 ], [ -50.09251, -21.84968 ], [ -50.08282, -21.85121 ], [ -50.0825, -21.8537 ], [ -50.07703, -21.85688 ], [ -50.07088, -21.85664 ], [ -50.05938, -21.87681 ], [ -50.06658, -21.89065 ], [ -50.0713, -21.89412 ], [ -50.08015, -21.90861 ], [ -50.0838, -21.93113 ], [ -50.07709, -21.94194 ], [ -50.07705, -21.95212 ], [ -50.06706, -21.95522 ], [ -50.05823, -21.98212 ], [ -50.06174, -21.99278 ], [ -50.06158, -22.0029 ], [ -50.05157, -22.01333 ], [ -50.04658, -22.01511 ], [ -50.04345, -22.02951 ], [ -50.04913, -22.04494 ], [ -50.05516, -22.04376 ], [ -50.07211, -22.03268 ], [ -50.08717, -22.02656 ], [ -50.09362, -22.02795 ], [ -50.10311, -22.03485 ], [ -50.10179, -22.04141 ], [ -50.10416, -22.05137 ], [ -50.10128, -22.06139 ], [ -50.10641, -22.06689 ], [ -50.12453, -22.10467 ], [ -50.13227, -22.10889 ], [ -50.13833, -22.12215 ], [ -50.13466, -22.13029 ], [ -50.1351, -22.1358 ], [ -50.13877, -22.1386 ], [ -50.13531, -22.14959 ], [ -50.14155, -22.1525 ], [ -50.1421, -22.16245 ], [ -50.15174, -22.16623 ], [ -50.15634, -22.17629 ], [ -50.17065, -22.18977 ], [ -50.15983, -22.20935 ], [ -50.16207, -22.21783 ], [ -50.15805, -22.22475 ], [ -50.16506, -22.23326 ], [ -50.16707, -22.24158 ], [ -50.17282, -22.24631 ], [ -50.17916, -22.24613 ], [ -50.18653, -22.25017 ], [ -50.19079, -22.24442 ], [ -50.19908, -22.24589 ], [ -50.20247, -22.23982 ], [ -50.20899, -22.23871 ], [ -50.2149, -22.23352 ], [ -50.21802, -22.23483 ], [ -50.22091, -22.24152 ], [ -50.22429, -22.24233 ], [ -50.23221, -22.23164 ], [ -50.24436, -22.22755 ], [ -50.24802, -22.2222 ], [ -50.25145, -22.22335 ], [ -50.2563, -22.21338 ], [ -50.26531, -22.21395 ], [ -50.27052, -22.21158 ], [ -50.28231, -22.21302 ], [ -50.29288, -22.21123 ], [ -50.29537, -22.20878 ], [ -50.30366, -22.20971 ], [ -50.30443, -22.21834 ], [ -50.31004, -22.22968 ], [ -50.30845, -22.23441 ], [ -50.31193, -22.23867 ], [ -50.31216, -22.2449 ], [ -50.30983, -22.24845 ], [ -50.3154, -22.25479 ], [ -50.31432, -22.25807 ], [ -50.31986, -22.2643 ], [ -50.32022, -22.26798 ], [ -50.32499, -22.27059 ], [ -50.32501, -22.27691 ], [ -50.32861, -22.27721 ], [ -50.32989, -22.27984 ], [ -50.32609, -22.28292 ], [ -50.32853, -22.28769 ], [ -50.32617, -22.29241 ], [ -50.33104, -22.29601 ], [ -50.32953, -22.29841 ], [ -50.33145, -22.30894 ], [ -50.3286, -22.3186 ], [ -50.33256, -22.32715 ], [ -50.33263, -22.34141 ], [ -50.32928, -22.3447 ], [ -50.32872, -22.35012 ], [ -50.33092, -22.35901 ], [ -50.31904, -22.35853 ], [ -50.31517, -22.3557 ], [ -50.30974, -22.35845 ], [ -50.30623, -22.36422 ], [ -50.30208, -22.36435 ], [ -50.29277, -22.37009 ], [ -50.27966, -22.36924 ], [ -50.27578, -22.37131 ], [ -50.27106, -22.36773 ], [ -50.26797, -22.37054 ], [ -50.25896, -22.37111 ], [ -50.24193, -22.37953 ], [ -50.23707, -22.3795 ], [ -50.24274, -22.38162 ], [ -50.25219, -22.3809 ], [ -50.26358, -22.39267 ], [ -50.27533, -22.39788 ], [ -50.28243, -22.41379 ], [ -50.28948, -22.41938 ], [ -50.30057, -22.42176 ], [ -50.29945, -22.4244 ], [ -50.30246, -22.43181 ], [ -50.30686, -22.43596 ], [ -50.3197, -22.44299 ], [ -50.33627, -22.44449 ], [ -50.33541, -22.45344 ], [ -50.34155, -22.46069 ], [ -50.34973, -22.47837 ], [ -50.36084, -22.47103 ], [ -50.37345, -22.46748 ], [ -50.3825, -22.45395 ], [ -50.39805, -22.44426 ], [ -50.41096, -22.44785 ], [ -50.41792, -22.45526 ], [ -50.4493, -22.4581 ], [ -50.44104, -22.4899 ], [ -50.43087, -22.49138 ], [ -50.41833, -22.49755 ], [ -50.42027, -22.50324 ], [ -50.41339, -22.51859 ], [ -50.41525, -22.52057 ], [ -50.42922, -22.51993 ], [ -50.43382, -22.52681 ], [ -50.45397, -22.52456 ], [ -50.45968, -22.5292 ], [ -50.45874, -22.55021 ], [ -50.48059, -22.57419 ], [ -50.49146, -22.58279 ], [ -50.49993, -22.60537 ], [ -50.50613, -22.60682 ], [ -50.5146, -22.60401 ], [ -50.52821, -22.59119 ], [ -50.57837, -22.58073 ], [ -50.59961, -22.55037 ], [ -50.6064, -22.54785 ], [ -50.6095, -22.54375 ], [ -50.61503, -22.5493 ], [ -50.61837, -22.54642 ], [ -50.61901, -22.55051 ], [ -50.62284, -22.54799 ], [ -50.62496, -22.55314 ], [ -50.63075, -22.55263 ], [ -50.63323, -22.55462 ], [ -50.632, -22.55781 ], [ -50.63682, -22.56233 ], [ -50.64019, -22.56244 ], [ -50.66077, -22.53002 ], [ -50.657, -22.5107 ], [ -50.66696, -22.50986 ], [ -50.67354, -22.51122 ], [ -50.68014, -22.53029 ], [ -50.69053, -22.53872 ], [ -50.69169, -22.54711 ], [ -50.70886, -22.55054 ], [ -50.71367, -22.56192 ], [ -50.73058, -22.56723 ], [ -50.73505, -22.58001 ], [ -50.7385, -22.58334 ], [ -50.74795, -22.58492 ], [ -50.75647, -22.58046 ], [ -50.77032, -22.58164 ], [ -50.77137, -22.59588 ], [ -50.78066, -22.5936 ], [ -50.7863, -22.59583 ], [ -50.80251, -22.61233 ], [ -50.80101, -22.6177 ], [ -50.80933, -22.61977 ], [ -50.80971, -22.62456 ], [ -50.82096, -22.62285 ], [ -50.81982, -22.6257 ], [ -50.81658, -22.62635 ], [ -50.81382, -22.63081 ], [ -50.81471, -22.63503 ], [ -50.81061, -22.63831 ], [ -50.81453, -22.63869 ], [ -50.8184, -22.64389 ], [ -50.82382, -22.64124 ], [ -50.82774, -22.64499 ] ] ] } },
{ "type": "Feature", "properties": { "rc": "RC 02.04", "uba": "Itapeva", "regional": "DR 02", "regional_cgr": "CGR 02" }, "geometry": { "type": "Polygon", "coordinates": [ [ [ -48.67335, -24.39216 ], [ -48.6835, -24.38878 ], [ -48.69017, -24.3912 ], [ -48.69688, -24.38261 ], [ -48.71075, -24.38158 ], [ -48.71473, -24.38261 ], [ -48.72354, -24.39166 ], [ -48.72827, -24.38788 ], [ -48.73069, -24.38851 ], [ -48.73297, -24.38106 ], [ -48.73443, -24.38159 ], [ -48.73335, -24.37851 ], [ -48.73809, -24.37175 ], [ -48.74321, -24.37624 ], [ -48.74771, -24.37473 ], [ -48.74867, -24.36984 ], [ -48.75185, -24.36947 ], [ -48.75694, -24.37438 ], [ -48.76127, -24.37348 ], [ -48.76179, -24.36642 ], [ -48.76734, -24.36183 ], [ -48.77539, -24.36147 ], [ -48.78185, -24.35715 ], [ -48.78348, -24.35977 ], [ -48.79702, -24.36064 ], [ -48.81477, -24.35072 ], [ -48.81839, -24.34436 ], [ -48.82788, -24.34496 ], [ -48.82659, -24.34938 ], [ -48.83373, -24.34588 ], [ -48.83857, -24.33986 ], [ -48.84447, -24.34518 ], [ -48.85004, -24.34691 ], [ -48.85305, -24.3443 ], [ -48.86331, -24.34792 ], [ -48.87092, -24.33926 ], [ -48.8852, -24.33478 ], [ -48.88353, -24.33022 ], [ -48.95312, -24.32951 ], [ -48.96154, -24.33822 ], [ -48.96702, -24.35011 ], [ -48.9734, -24.34579 ], [ -48.97821, -24.34781 ], [ -48.9828, -24.33992 ], [ -48.98239, -24.32847 ], [ -48.98792, -24.32437 ], [ -48.98584, -24.32001 ], [ -48.98675, -24.3117 ], [ -48.99351, -24.31295 ], [ -48.9975, -24.31071 ], [ -49.00026, -24.30106 ], [ -49.00588, -24.29439 ], [ -49.01922, -24.28746 ], [ -49.01964, -24.2805 ], [ -49.0223, -24.2792 ], [ -49.02224, -24.27481 ], [ -49.02505, -24.27506 ], [ -49.02717, -24.26676 ], [ -49.03616, -24.26165 ], [ -49.03807, -24.25756 ], [ -49.04654, -24.25688 ], [ -49.05096, -24.24954 ], [ -49.06229, -24.24263 ], [ -49.07837, -24.25218 ], [ -49.08089, -24.25821 ], [ -49.08623, -24.25487 ], [ -49.10791, -24.2499 ], [ -49.10137, -24.25369 ], [ -49.09604, -24.26559 ], [ -49.09398, -24.26453 ], [ -49.0912, -24.26927 ], [ -49.08771, -24.26733 ], [ -49.0846, -24.2704 ], [ -49.08866, -24.28024 ], [ -49.08128, -24.28069 ], [ -49.075, -24.28424 ], [ -49.0773, -24.29472 ], [ -49.08013, -24.29572 ], [ -49.07875, -24.30029 ], [ -49.08447, -24.30666 ], [ -49.08584, -24.31202 ], [ -49.08927, -24.31158 ], [ -49.09348, -24.31804 ], [ -49.10084, -24.32196 ], [ -49.10975, -24.31915 ], [ -49.13128, -24.33998 ], [ -49.13691, -24.33355 ], [ -49.14254, -24.33909 ], [ -49.15243, -24.33958 ], [ -49.14955, -24.3433 ], [ -49.15243, -24.34673 ], [ -49.15186, -24.35081 ], [ -49.15723, -24.35026 ], [ -49.16146, -24.35524 ], [ -49.16593, -24.35547 ], [ -49.18694, -24.3756 ], [ -49.20583, -24.38127 ], [ -49.22978, -24.39723 ], [ -49.23572, -24.39423 ], [ -49.23876, -24.3982 ], [ -49.2426, -24.39612 ], [ -49.24997, -24.40376 ], [ -49.25391, -24.40476 ], [ -49.24749, -24.39239 ], [ -49.23164, -24.37531 ], [ -49.22459, -24.3642 ], [ -49.20094, -24.34478 ], [ -49.20367, -24.3389 ], [ -49.21005, -24.3378 ], [ -49.22374, -24.3404 ], [ -49.22774, -24.33307 ], [ -49.23304, -24.32958 ], [ -49.24515, -24.33218 ], [ -49.24609, -24.3303 ], [ -49.24983, -24.33106 ], [ -49.25019, -24.31962 ], [ -49.25765, -24.31723 ], [ -49.2625, -24.31061 ], [ -49.27035, -24.30653 ], [ -49.27301, -24.30846 ], [ -49.27472, -24.30499 ], [ -49.2793, -24.30546 ], [ -49.28124, -24.30962 ], [ -49.28405, -24.30786 ], [ -49.28217, -24.30575 ], [ -49.28582, -24.30468 ], [ -49.28714, -24.29805 ], [ -49.29026, -24.29661 ], [ -49.28892, -24.29119 ], [ -49.29338, -24.28847 ], [ -49.29687, -24.28985 ], [ -49.29937, -24.28607 ], [ -49.29641, -24.28734 ], [ -49.29513, -24.28503 ], [ -49.3016, -24.2753 ], [ -49.29876, -24.26691 ], [ -49.30165, -24.26536 ], [ -49.30284, -24.25869 ], [ -49.30918, -24.25893 ], [ -49.30479, -24.25163 ], [ -49.31124, -24.2465 ], [ -49.31251, -24.24234 ], [ -49.3196, -24.24338 ], [ -49.321, -24.2352 ], [ -49.33441, -24.23067 ], [ -49.33719, -24.22665 ], [ -49.35123, -24.2197 ], [ -49.35604, -24.21293 ], [ -49.35543, -24.20882 ], [ -49.34124, -24.20269 ], [ -49.34624, -24.19154 ], [ -49.34268, -24.18657 ], [ -49.33944, -24.17411 ], [ -49.33975, -24.15609 ], [ -49.33208, -24.15015 ], [ -49.33621, -24.14404 ], [ -49.33602, -24.13663 ], [ -49.34114, -24.13852 ], [ -49.34398, -24.13418 ], [ -49.36201, -24.12751 ], [ -49.36505, -24.1223 ], [ -49.36205, -24.11932 ], [ -49.36739, -24.11832 ], [ -49.37003, -24.11413 ], [ -49.37714, -24.11771 ], [ -49.38302, -24.11468 ], [ -49.38721, -24.11558 ], [ -49.38957, -24.11903 ], [ -49.39321, -24.11396 ], [ -49.40873, -24.10816 ], [ -49.40442, -24.1025 ], [ -49.40795, -24.09792 ], [ -49.40469, -24.09703 ], [ -49.40494, -24.09523 ], [ -49.41168, -24.09229 ], [ -49.41416, -24.0962 ], [ -49.41602, -24.09159 ], [ -49.42029, -24.09008 ], [ -49.4225, -24.09191 ], [ -49.42668, -24.08699 ], [ -49.43069, -24.08767 ], [ -49.43149, -24.08018 ], [ -49.42918, -24.07695 ], [ -49.43538, -24.07433 ], [ -49.42957, -24.06829 ], [ -49.43864, -24.06842 ], [ -49.44025, -24.06298 ], [ -49.43786, -24.05786 ], [ -49.44989, -24.05603 ], [ -49.45774, -24.04865 ], [ -49.45767, -24.04404 ], [ -49.4629, -24.03818 ], [ -49.46097, -24.03179 ], [ -49.46334, -24.02566 ], [ -49.46818, -24.02411 ], [ -49.47319, -24.02585 ], [ -49.47377, -24.01916 ], [ -49.47936, -24.01823 ], [ -49.48216, -24.02391 ], [ -49.48789, -24.02394 ], [ -49.4905, -24.01869 ], [ -49.48626, -24.01561 ], [ -49.4925, -24.01426 ], [ -49.48312, -24.01137 ], [ -49.48065, -24.00513 ], [ -49.48638, -24.00635 ], [ -49.48664, -23.99843 ], [ -49.48948, -23.99867 ], [ -49.4918, -23.99293 ], [ -49.49852, -23.9931 ], [ -49.49431, -23.97623 ], [ -49.4996, -23.97049 ], [ -49.50677, -23.96767 ], [ -49.50932, -23.97157 ], [ -49.51728, -23.97054 ], [ -49.51502, -23.96469 ], [ -49.49941, -23.9588 ], [ -49.50604, -23.95479 ], [ -49.50368, -23.94714 ], [ -49.50931, -23.94828 ], [ -49.51447, -23.94427 ], [ -49.52062, -23.9472 ], [ -49.52519, -23.93622 ], [ -49.52388, -23.93434 ], [ -49.51725, -23.93753 ], [ -49.51023, -23.93747 ], [ -49.50917, -23.93229 ], [ -49.51594, -23.92977 ], [ -49.51167, -23.92533 ], [ -49.51769, -23.9231 ], [ -49.52365, -23.91653 ], [ -49.52735, -23.92242 ], [ -49.53149, -23.92296 ], [ -49.53196, -23.93035 ], [ -49.54601, -23.92311 ], [ -49.55711, -23.92266 ], [ -49.5537, -23.91591 ], [ -49.56386, -23.91171 ], [ -49.56814, -23.89997 ], [ -49.57359, -23.8999 ], [ -49.57724, -23.89688 ], [ -49.57369, -23.8776 ], [ -49.58585, -23.89014 ], [ -49.59208, -23.875 ], [ -49.6022, -23.8688 ], [ -49.59911, -23.8585 ], [ -49.61043, -23.85319 ], [ -49.61099, -23.85061 ], [ -49.60742, -23.84788 ], [ -49.59739, -23.84997 ], [ -49.59588, -23.84743 ], [ -49.60857, -23.83973 ], [ -49.59868, -23.83676 ], [ -49.58659, -23.84204 ], [ -49.59306, -23.83673 ], [ -49.59395, -23.83272 ], [ -49.58823, -23.82738 ], [ -49.57375, -23.82792 ], [ -49.5686, -23.82158 ], [ -49.56234, -23.81894 ], [ -49.56039, -23.81132 ], [ -49.563, -23.80106 ], [ -49.55783, -23.79304 ], [ -49.54902, -23.79031 ], [ -49.5366, -23.79393 ], [ -49.53229, -23.79953 ], [ -49.52346, -23.80132 ], [ -49.52104, -23.80729 ], [ -49.51936, -23.80346 ], [ -49.50949, -23.80358 ], [ -49.50454, -23.79974 ], [ -49.50408, -23.79713 ], [ -49.51068, -23.79006 ], [ -49.51011, -23.78719 ], [ -49.49926, -23.78844 ], [ -49.49062, -23.78148 ], [ -49.47868, -23.77769 ], [ -49.4715, -23.77089 ], [ -49.46498, -23.77281 ], [ -49.46094, -23.77703 ], [ -49.45879, -23.77574 ], [ -49.45563, -23.78015 ], [ -49.44962, -23.77884 ], [ -49.44634, -23.7808 ], [ -49.44189, -23.77797 ], [ -49.43406, -23.78288 ], [ -49.42712, -23.78197 ], [ -49.42609, -23.7851 ], [ -49.41695, -23.78469 ], [ -49.39842, -23.76356 ], [ -49.38993, -23.76289 ], [ -49.38697, -23.75962 ], [ -49.38231, -23.75915 ], [ -49.37907, -23.7625 ], [ -49.38214, -23.76373 ], [ -49.38242, -23.77098 ], [ -49.37476, -23.77222 ], [ -49.37545, -23.76714 ], [ -49.37253, -23.7679 ], [ -49.36666, -23.75936 ], [ -49.36494, -23.76183 ], [ -49.36197, -23.75926 ], [ -49.35826, -23.76102 ], [ -49.35977, -23.76409 ], [ -49.35773, -23.76527 ], [ -49.36279, -23.76983 ], [ -49.35556, -23.77411 ], [ -49.3506, -23.77212 ], [ -49.34651, -23.7766 ], [ -49.34151, -23.7764 ], [ -49.33505, -23.78097 ], [ -49.34189, -23.77215 ], [ -49.34316, -23.75868 ], [ -49.33964, -23.75428 ], [ -49.3365, -23.75406 ], [ -49.33835, -23.75089 ], [ -49.33534, -23.74756 ], [ -49.32952, -23.74398 ], [ -49.31617, -23.74127 ], [ -49.31188, -23.73769 ], [ -49.30471, -23.73934 ], [ -49.29388, -23.73518 ], [ -49.28546, -23.72653 ], [ -49.2763, -23.72466 ], [ -49.27583, -23.72158 ], [ -49.26292, -23.7203 ], [ -49.25608, -23.70991 ], [ -49.24786, -23.71039 ], [ -49.2445, -23.70488 ], [ -49.23397, -23.70799 ], [ -49.228, -23.70562 ], [ -49.219, -23.70634 ], [ -49.19652, -23.71306 ], [ -49.18599, -23.70832 ], [ -49.18261, -23.70197 ], [ -49.16782, -23.69344 ], [ -49.15835, -23.69344 ], [ -49.15255, -23.6981 ], [ -49.14032, -23.70072 ], [ -49.14137, -23.71256 ], [ -49.13265, -23.7215 ], [ -49.03231, -23.67731 ], [ -49.03204, -23.66714 ], [ -49.02793, -23.65378 ], [ -49.0119, -23.6432 ], [ -49.00784, -23.63328 ], [ -48.99793, -23.64168 ], [ -48.99256, -23.64221 ], [ -48.98577, -23.63458 ], [ -48.97821, -23.63078 ], [ -48.97859, -23.62472 ], [ -48.9763, -23.62283 ], [ -48.95186, -23.62087 ], [ -48.94701, -23.6239 ], [ -48.936, -23.62075 ], [ -48.92491, -23.62659 ], [ -48.92334, -23.62371 ], [ -48.91765, -23.62427 ], [ -48.89833, -23.61857 ], [ -48.89598, -23.61505 ], [ -48.88957, -23.61249 ], [ -48.86607, -23.60775 ], [ -48.84754, -23.59513 ], [ -48.84159, -23.59383 ], [ -48.83621, -23.59555 ], [ -48.83233, -23.60088 ], [ -48.81983, -23.60732 ], [ -48.81846, -23.61622 ], [ -48.80179, -23.63763 ], [ -48.79514, -23.64097 ], [ -48.78612, -23.63838 ], [ -48.77729, -23.64628 ], [ -48.77308, -23.65411 ], [ -48.76488, -23.65691 ], [ -48.75949, -23.65584 ], [ -48.76049, -23.66885 ], [ -48.76577, -23.67358 ], [ -48.7662, -23.68064 ], [ -48.75972, -23.68306 ], [ -48.7594, -23.68882 ], [ -48.75546, -23.69479 ], [ -48.75015, -23.69716 ], [ -48.74604, -23.69551 ], [ -48.72331, -23.71698 ], [ -48.72227, -23.72098 ], [ -48.72917, -23.72315 ], [ -48.73112, -23.72956 ], [ -48.73687, -23.73034 ], [ -48.73943, -23.73471 ], [ -48.74163, -23.73297 ], [ -48.7443, -23.73452 ], [ -48.74486, -23.74313 ], [ -48.74926, -23.74641 ], [ -48.74424, -23.75986 ], [ -48.73305, -23.77025 ], [ -48.71133, -23.77941 ], [ -48.71415, -23.78294 ], [ -48.72376, -23.78467 ], [ -48.72823, -23.80156 ], [ -48.73559, -23.80538 ], [ -48.73683, -23.8103 ], [ -48.73367, -23.81278 ], [ -48.73251, -23.81935 ], [ -48.73443, -23.82259 ], [ -48.74109, -23.82334 ], [ -48.74358, -23.82693 ], [ -48.74475, -23.84023 ], [ -48.74203, -23.84554 ], [ -48.72574, -23.85529 ], [ -48.72254, -23.8509 ], [ -48.7159, -23.85019 ], [ -48.69114, -23.88369 ], [ -48.6635, -23.89758 ], [ -48.66565, -23.89987 ], [ -48.66352, -23.9071 ], [ -48.66953, -23.90998 ], [ -48.66423, -23.91598 ], [ -48.666, -23.91823 ], [ -48.66419, -23.91917 ], [ -48.66702, -23.9204 ], [ -48.66523, -23.92394 ], [ -48.64407, -23.92894 ], [ -48.63181, -23.93585 ], [ -48.624, -23.93382 ], [ -48.61472, -23.93741 ], [ -48.60905, -23.93375 ], [ -48.60441, -23.93798 ], [ -48.5985, -23.93923 ], [ -48.59036, -23.93372 ], [ -48.56553, -23.94099 ], [ -48.5544, -23.93489 ], [ -48.54731, -23.93756 ], [ -48.54997, -23.94042 ], [ -48.55467, -23.94058 ], [ -48.55872, -23.9451 ], [ -48.56585, -23.9449 ], [ -48.56683, -23.94706 ], [ -48.56054, -23.95035 ], [ -48.55995, -23.95258 ], [ -48.56273, -23.95414 ], [ -48.56106, -23.9594 ], [ -48.56512, -23.95896 ], [ -48.56731, -23.96168 ], [ -48.57129, -23.95871 ], [ -48.57389, -23.95994 ], [ -48.5757, -23.96401 ], [ -48.58086, -23.9647 ], [ -48.58066, -23.96754 ], [ -48.57634, -23.96934 ], [ -48.57935, -23.9736 ], [ -48.58671, -23.974 ], [ -48.57983, -23.98569 ], [ -48.577, -23.98306 ], [ -48.56936, -23.98309 ], [ -48.56958, -23.98659 ], [ -48.56536, -23.98456 ], [ -48.56215, -23.99447 ], [ -48.55453, -23.99652 ], [ -48.55184, -23.99455 ], [ -48.54882, -23.99933 ], [ -48.55445, -24.00751 ], [ -48.55993, -24.00705 ], [ -48.55376, -24.01158 ], [ -48.55862, -24.01906 ], [ -48.55263, -24.01797 ], [ -48.55615, -24.02442 ], [ -48.56377, -24.02326 ], [ -48.56889, -24.02706 ], [ -48.5742, -24.02463 ], [ -48.56833, -24.03051 ], [ -48.57006, -24.0475 ], [ -48.573, -24.04794 ], [ -48.57248, -24.04595 ], [ -48.57812, -24.04216 ], [ -48.58255, -24.04831 ], [ -48.58042, -24.05656 ], [ -48.5732, -24.05747 ], [ -48.5732, -24.06034 ], [ -48.57626, -24.0617 ], [ -48.5736, -24.07084 ], [ -48.5752, -24.07573 ], [ -48.57169, -24.07697 ], [ -48.56883, -24.08359 ], [ -48.57048, -24.08607 ], [ -48.56911, -24.09112 ], [ -48.57579, -24.0933 ], [ -48.57627, -24.09555 ], [ -48.58998, -24.08869 ], [ -48.59637, -24.08974 ], [ -48.6066, -24.1016 ], [ -48.61651, -24.10129 ], [ -48.62218, -24.10741 ], [ -48.64607, -24.11689 ], [ -48.65038, -24.12709 ], [ -48.65867, -24.13248 ], [ -48.66263, -24.15041 ], [ -48.66982, -24.15452 ], [ -48.65669, -24.15615 ], [ -48.65706, -24.16197 ], [ -48.64527, -24.16891 ], [ -48.64284, -24.16672 ], [ -48.6333, -24.17286 ], [ -48.63397, -24.17844 ], [ -48.63118, -24.18044 ], [ -48.6358, -24.18412 ], [ -48.62574, -24.19874 ], [ -48.63019, -24.21103 ], [ -48.63789, -24.21871 ], [ -48.63853, -24.2227 ], [ -48.64338, -24.22444 ], [ -48.64281, -24.22946 ], [ -48.65045, -24.23689 ], [ -48.63922, -24.24605 ], [ -48.63631, -24.24604 ], [ -48.63966, -24.25426 ], [ -48.63834, -24.25745 ], [ -48.64307, -24.26029 ], [ -48.6396, -24.2643 ], [ -48.64073, -24.27067 ], [ -48.64305, -24.27152 ], [ -48.6433, -24.27838 ], [ -48.64756, -24.28078 ], [ -48.6426, -24.28541 ], [ -48.64233, -24.28955 ], [ -48.63239, -24.28971 ], [ -48.63554, -24.29396 ], [ -48.63149, -24.30116 ], [ -48.63419, -24.30687 ], [ -48.63835, -24.30665 ], [ -48.63928, -24.31107 ], [ -48.63688, -24.31364 ], [ -48.64197, -24.32028 ], [ -48.64726, -24.32272 ], [ -48.64478, -24.33227 ], [ -48.64624, -24.33574 ], [ -48.65408, -24.34446 ], [ -48.6602, -24.34768 ], [ -48.66243, -24.35231 ], [ -48.66571, -24.35158 ], [ -48.67101, -24.35473 ], [ -48.67303, -24.36688 ], [ -48.67617, -24.36957 ], [ -48.67379, -24.37495 ], [ -48.66565, -24.378 ], [ -48.66289, -24.38349 ], [ -48.67335, -24.39216 ] ] ] } },
{ "type": "Feature", "properties": { "rc": "RC 13.02", "uba": "Piracicaba", "regional": "DR 13", "regional_cgr": "CGR 13" }, "geometry": { "type": "Polygon", "coordinates": [ [ [ -47.46353, -23.12457 ], [ -47.4798, -23.12355 ], [ -47.49699, -23.09685 ], [ -47.51001, -23.09211 ], [ -47.50915, -23.08227 ], [ -47.51805, -23.07547 ], [ -47.52342, -23.06822 ], [ -47.52462, -23.06036 ], [ -47.5304, -23.05103 ], [ -47.53458, -23.04837 ], [ -47.53473, -23.04159 ], [ -47.52816, -23.03739 ], [ -47.51966, -23.02004 ], [ -47.52398, -23.00968 ], [ -47.5301, -23.00375 ], [ -47.52821, -22.99969 ], [ -47.54103, -23.00083 ], [ -47.54883, -22.9956 ], [ -47.54551, -23.0017 ], [ -47.54937, -23.00283 ], [ -47.55665, -22.99761 ], [ -47.5582, -23.00231 ], [ -47.55229, -23.00663 ], [ -47.5483, -23.00398 ], [ -47.54504, -23.01195 ], [ -47.54755, -23.00949 ], [ -47.56068, -23.01424 ], [ -47.56628, -23.01195 ], [ -47.57165, -23.01515 ], [ -47.57481, -23.01194 ], [ -47.57723, -23.01804 ], [ -47.58238, -23.01252 ], [ -47.58079, -23.00899 ], [ -47.59214, -23.00786 ], [ -47.60338, -23.01266 ], [ -47.60187, -23.00667 ], [ -47.60337, -23.003 ], [ -47.60109, -22.99931 ], [ -47.60437, -22.99848 ], [ -47.60818, -23.00385 ], [ -47.60998, -22.99847 ], [ -47.61726, -22.99889 ], [ -47.62807, -22.9913 ], [ -47.62376, -22.98811 ], [ -47.62467, -22.98656 ], [ -47.63008, -22.98937 ], [ -47.63263, -22.99761 ], [ -47.63643, -22.99323 ], [ -47.6359, -22.98767 ], [ -47.63868, -22.9881 ], [ -47.64116, -22.99247 ], [ -47.6462, -22.98862 ], [ -47.64725, -22.98357 ], [ -47.65197, -22.98638 ], [ -47.65145, -22.99142 ], [ -47.65868, -22.98942 ], [ -47.65747, -22.99594 ], [ -47.66169, -22.99663 ], [ -47.66822, -22.99325 ], [ -47.66372, -22.99023 ], [ -47.66551, -22.98391 ], [ -47.67043, -22.98063 ], [ -47.66962, -22.97487 ], [ -47.67688, -22.96804 ], [ -47.67597, -22.96323 ], [ -47.67844, -22.95678 ], [ -47.69262, -22.94136 ], [ -47.69785, -22.93119 ], [ -47.69848, -22.92235 ], [ -47.70138, -22.91923 ], [ -47.71425, -22.91164 ], [ -47.72257, -22.91962 ], [ -47.72267, -22.93231 ], [ -47.74579, -22.93244 ], [ -47.75463, -22.9234 ], [ -47.75975, -22.92214 ], [ -47.75733, -22.91396 ], [ -47.76406, -22.90245 ], [ -47.80617, -22.87636 ], [ -47.83204, -22.88554 ], [ -47.83494, -22.89631 ], [ -47.84486, -22.90129 ], [ -47.86857, -22.89858 ], [ -47.8706, -22.89324 ], [ -47.86296, -22.88455 ], [ -47.86395, -22.88113 ], [ -47.86105, -22.87867 ], [ -47.85765, -22.86651 ], [ -47.86483, -22.86033 ], [ -47.87516, -22.86388 ], [ -47.88148, -22.86288 ], [ -47.89617, -22.86868 ], [ -47.90029, -22.87756 ], [ -47.90596, -22.87688 ], [ -47.91583, -22.88406 ], [ -47.93741, -22.88295 ], [ -47.94795, -22.88832 ], [ -47.95826, -22.88903 ], [ -47.96885, -22.89982 ], [ -47.97342, -22.89651 ], [ -47.97497, -22.88442 ], [ -47.98122, -22.87611 ], [ -47.98192, -22.87019 ], [ -47.98619, -22.86896 ], [ -47.99085, -22.87595 ], [ -47.98828, -22.88897 ], [ -47.9934, -22.89593 ], [ -48.00081, -22.89908 ], [ -48.00943, -22.89555 ], [ -48.01527, -22.88649 ], [ -48.01491, -22.88333 ], [ -48.00635, -22.88237 ], [ -48.00192, -22.8773 ], [ -48.00269, -22.86705 ], [ -48.01221, -22.85416 ], [ -48.03878, -22.84625 ], [ -48.05144, -22.82507 ], [ -48.0589, -22.82595 ], [ -48.06676, -22.82271 ], [ -48.07889, -22.82907 ], [ -48.088, -22.82198 ], [ -48.09736, -22.82688 ], [ -48.09728, -22.82147 ], [ -48.10006, -22.82068 ], [ -48.10036, -22.82771 ], [ -48.11254, -22.83365 ], [ -48.11366, -22.83604 ], [ -48.11011, -22.83973 ], [ -48.11563, -22.84222 ], [ -48.11167, -22.84372 ], [ -48.1138, -22.8489 ], [ -48.1014, -22.85131 ], [ -48.10699, -22.85902 ], [ -48.10594, -22.86301 ], [ -48.11267, -22.85496 ], [ -48.12145, -22.86188 ], [ -48.11994, -22.87042 ], [ -48.11917, -22.86754 ], [ -48.11432, -22.86837 ], [ -48.11369, -22.87649 ], [ -48.11609, -22.87897 ], [ -48.11455, -22.88079 ], [ -48.11743, -22.8828 ], [ -48.12095, -22.88071 ], [ -48.12416, -22.8822 ], [ -48.12541, -22.87963 ], [ -48.12595, -22.8819 ], [ -48.13202, -22.881 ], [ -48.13207, -22.88825 ], [ -48.13009, -22.88913 ], [ -48.12932, -22.88721 ], [ -48.12057, -22.89206 ], [ -48.12741, -22.89515 ], [ -48.12592, -22.89661 ], [ -48.12814, -22.8965 ], [ -48.12896, -22.89975 ], [ -48.13269, -22.89898 ], [ -48.13993, -22.90445 ], [ -48.13567, -22.90404 ], [ -48.13973, -22.90554 ], [ -48.13417, -22.9108 ], [ -48.13983, -22.91857 ], [ -48.13245, -22.92233 ], [ -48.1344, -22.92858 ], [ -48.12645, -22.92691 ], [ -48.12247, -22.93 ], [ -48.12906, -22.93767 ], [ -48.12752, -22.94281 ], [ -48.12867, -22.94208 ], [ -48.13039, -22.94268 ], [ -48.12872, -22.94367 ], [ -48.13106, -22.9434 ], [ -48.13402, -22.94784 ], [ -48.1294, -22.94974 ], [ -48.12992, -22.95383 ], [ -48.13532, -22.95662 ], [ -48.13923, -22.9645 ], [ -48.13372, -22.96585 ], [ -48.13449, -22.9677 ], [ -48.13103, -22.96777 ], [ -48.13092, -22.96987 ], [ -48.12893, -22.96901 ], [ -48.12971, -22.97085 ], [ -48.1261, -22.97075 ], [ -48.12578, -22.97508 ], [ -48.12915, -22.9779 ], [ -48.12746, -22.97979 ], [ -48.12917, -22.97905 ], [ -48.13155, -22.98335 ], [ -48.14233, -22.99076 ], [ -48.1621, -22.99812 ], [ -48.16863, -22.99452 ], [ -48.17075, -22.98749 ], [ -48.17782, -22.97773 ], [ -48.18482, -22.98231 ], [ -48.19772, -22.98452 ], [ -48.2002, -22.99012 ], [ -48.2087, -22.99534 ], [ -48.22044, -22.99187 ], [ -48.23005, -22.97995 ], [ -48.23398, -22.9795 ], [ -48.24043, -22.97336 ], [ -48.24282, -22.97421 ], [ -48.2442, -22.9711 ], [ -48.26905, -22.9647 ], [ -48.27687, -22.95963 ], [ -48.29143, -22.95778 ], [ -48.29513, -22.95299 ], [ -48.29571, -22.93815 ], [ -48.29907, -22.93362 ], [ -48.30925, -22.93003 ], [ -48.3105, -22.92413 ], [ -48.30563, -22.91616 ], [ -48.30184, -22.91418 ], [ -48.303, -22.90562 ], [ -48.29632, -22.89371 ], [ -48.29345, -22.87652 ], [ -48.28203, -22.87142 ], [ -48.26505, -22.87112 ], [ -48.26033, -22.86607 ], [ -48.26046, -22.85798 ], [ -48.25684, -22.85598 ], [ -48.25716, -22.85154 ], [ -48.2538, -22.84902 ], [ -48.26099, -22.84453 ], [ -48.25675, -22.84294 ], [ -48.25902, -22.83804 ], [ -48.25302, -22.83254 ], [ -48.25726, -22.82785 ], [ -48.25926, -22.80114 ], [ -48.26325, -22.78936 ], [ -48.26131, -22.78463 ], [ -48.26331, -22.76706 ], [ -48.28152, -22.75741 ], [ -48.28345, -22.75338 ], [ -48.2891, -22.75203 ], [ -48.28499, -22.74311 ], [ -48.28673, -22.73841 ], [ -48.28529, -22.73687 ], [ -48.27282, -22.73844 ], [ -48.26637, -22.73605 ], [ -48.2584, -22.73795 ], [ -48.25316, -22.73276 ], [ -48.24824, -22.73222 ], [ -48.24993, -22.67593 ], [ -48.24578, -22.66633 ], [ -48.24526, -22.65703 ], [ -48.23972, -22.64563 ], [ -48.24071, -22.64017 ], [ -48.24526, -22.63472 ], [ -48.24663, -22.61862 ], [ -48.24105, -22.61527 ], [ -48.2355, -22.59703 ], [ -48.22989, -22.59374 ], [ -48.22041, -22.5958 ], [ -48.21659, -22.60062 ], [ -48.21522, -22.6131 ], [ -48.21117, -22.61764 ], [ -48.18994, -22.62541 ], [ -48.1783, -22.62562 ], [ -48.15971, -22.63767 ], [ -48.13753, -22.6283 ], [ -48.11813, -22.62927 ], [ -48.09474, -22.62359 ], [ -48.08999, -22.6318 ], [ -48.09562, -22.6481 ], [ -48.09016, -22.65152 ], [ -48.06216, -22.64214 ], [ -48.04189, -22.65464 ], [ -48.02466, -22.66038 ], [ -48.0045, -22.66143 ], [ -47.98944, -22.65395 ], [ -47.98504, -22.65614 ], [ -47.98366, -22.66136 ], [ -47.97185, -22.66626 ], [ -47.96331, -22.6624 ], [ -47.95225, -22.66503 ], [ -47.94316, -22.66221 ], [ -47.94087, -22.65777 ], [ -47.93235, -22.66064 ], [ -47.92998, -22.65793 ], [ -47.93008, -22.65221 ], [ -47.92625, -22.65668 ], [ -47.92898, -22.66236 ], [ -47.93008, -22.67671 ], [ -47.91985, -22.68947 ], [ -47.91142, -22.69189 ], [ -47.90639, -22.68839 ], [ -47.90423, -22.68096 ], [ -47.92007, -22.66843 ], [ -47.91961, -22.65951 ], [ -47.91553, -22.65819 ], [ -47.90467, -22.66213 ], [ -47.89342, -22.65859 ], [ -47.87956, -22.6481 ], [ -47.86952, -22.64855 ], [ -47.86215, -22.65813 ], [ -47.84956, -22.65915 ], [ -47.84491, -22.66406 ], [ -47.83654, -22.6657 ], [ -47.82139, -22.67368 ], [ -47.80246, -22.66613 ], [ -47.80243, -22.65272 ], [ -47.79764, -22.65019 ], [ -47.80242, -22.64582 ], [ -47.79896, -22.64428 ], [ -47.80092, -22.64317 ], [ -47.79938, -22.63778 ], [ -47.80147, -22.63489 ], [ -47.78383, -22.60722 ], [ -47.78452, -22.60072 ], [ -47.78245, -22.5975 ], [ -47.78928, -22.58827 ], [ -47.79695, -22.58643 ], [ -47.8038, -22.58101 ], [ -47.80253, -22.57925 ], [ -47.77635, -22.58087 ], [ -47.76973, -22.57815 ], [ -47.76798, -22.57421 ], [ -47.76276, -22.57793 ], [ -47.76485, -22.58206 ], [ -47.76227, -22.58652 ], [ -47.75222, -22.58747 ], [ -47.74366, -22.59133 ], [ -47.72418, -22.59163 ], [ -47.72036, -22.59452 ], [ -47.72145, -22.59954 ], [ -47.71828, -22.59969 ], [ -47.71283, -22.60812 ], [ -47.71193, -22.60416 ], [ -47.7032, -22.60695 ], [ -47.70289, -22.60287 ], [ -47.70835, -22.59989 ], [ -47.70422, -22.59699 ], [ -47.70488, -22.59302 ], [ -47.69576, -22.58701 ], [ -47.69147, -22.58899 ], [ -47.69178, -22.5827 ], [ -47.68901, -22.58436 ], [ -47.68339, -22.58306 ], [ -47.68918, -22.57768 ], [ -47.68621, -22.57057 ], [ -47.68944, -22.56458 ], [ -47.68445, -22.563 ], [ -47.67688, -22.55327 ], [ -47.67195, -22.55323 ], [ -47.66874, -22.55692 ], [ -47.66533, -22.55461 ], [ -47.66679, -22.55092 ], [ -47.67206, -22.55051 ], [ -47.67266, -22.54854 ], [ -47.66829, -22.546 ], [ -47.66899, -22.53951 ], [ -47.66553, -22.54072 ], [ -47.65616, -22.53558 ], [ -47.65593, -22.53111 ], [ -47.66126, -22.52853 ], [ -47.65616, -22.52835 ], [ -47.65707, -22.52329 ], [ -47.65459, -22.5212 ], [ -47.65008, -22.52958 ], [ -47.63864, -22.53573 ], [ -47.63299, -22.54446 ], [ -47.62842, -22.54448 ], [ -47.62114, -22.54956 ], [ -47.61363, -22.54871 ], [ -47.60685, -22.5511 ], [ -47.60029, -22.54981 ], [ -47.59209, -22.53983 ], [ -47.58559, -22.54216 ], [ -47.57972, -22.54061 ], [ -47.57449, -22.5372 ], [ -47.5728, -22.53221 ], [ -47.56056, -22.52574 ], [ -47.55407, -22.51948 ], [ -47.545, -22.52105 ], [ -47.53877, -22.5169 ], [ -47.53174, -22.51967 ], [ -47.52772, -22.52507 ], [ -47.52716, -22.53238 ], [ -47.52241, -22.53443 ], [ -47.51016, -22.53476 ], [ -47.51011, -22.52756 ], [ -47.50758, -22.52547 ], [ -47.49037, -22.52316 ], [ -47.47974, -22.52464 ], [ -47.46946, -22.53531 ], [ -47.46487, -22.53713 ], [ -47.45981, -22.53117 ], [ -47.45332, -22.53251 ], [ -47.43448, -22.52004 ], [ -47.41101, -22.52781 ], [ -47.40424, -22.5267 ], [ -47.39463, -22.51738 ], [ -47.39964, -22.50331 ], [ -47.37926, -22.50668 ], [ -47.36635, -22.50121 ], [ -47.33486, -22.49783 ], [ -47.32942, -22.48706 ], [ -47.32473, -22.48489 ], [ -47.32539, -22.4813 ], [ -47.31566, -22.47856 ], [ -47.31043, -22.45303 ], [ -47.30175, -22.44483 ], [ -47.29888, -22.44692 ], [ -47.30009, -22.45241 ], [ -47.29564, -22.46158 ], [ -47.27543, -22.46178 ], [ -47.26694, -22.46477 ], [ -47.26503, -22.46887 ], [ -47.25628, -22.46877 ], [ -47.25371, -22.47565 ], [ -47.24373, -22.48061 ], [ -47.24692, -22.49612 ], [ -47.23634, -22.50979 ], [ -47.23531, -22.52294 ], [ -47.21184, -22.53752 ], [ -47.21567, -22.54406 ], [ -47.2197, -22.56459 ], [ -47.22772, -22.57024 ], [ -47.23203, -22.5814 ], [ -47.24166, -22.58113 ], [ -47.2432, -22.58339 ], [ -47.23716, -22.59208 ], [ -47.22757, -22.59986 ], [ -47.22823, -22.6071 ], [ -47.23065, -22.61057 ], [ -47.25036, -22.62108 ], [ -47.26075, -22.63817 ], [ -47.26681, -22.64366 ], [ -47.26636, -22.65249 ], [ -47.27882, -22.66264 ], [ -47.27271, -22.66443 ], [ -47.26902, -22.6705 ], [ -47.25605, -22.67164 ], [ -47.25419, -22.68852 ], [ -47.23897, -22.68004 ], [ -47.22016, -22.6907 ], [ -47.21064, -22.69277 ], [ -47.20312, -22.69913 ], [ -47.20264, -22.70873 ], [ -47.19833, -22.70948 ], [ -47.19322, -22.72659 ], [ -47.19389, -22.73001 ], [ -47.20041, -22.72963 ], [ -47.20945, -22.73977 ], [ -47.21122, -22.75614 ], [ -47.21646, -22.76106 ], [ -47.21727, -22.77084 ], [ -47.21439, -22.77754 ], [ -47.21761, -22.78768 ], [ -47.21087, -22.79541 ], [ -47.2233, -22.79658 ], [ -47.22935, -22.78923 ], [ -47.23565, -22.79561 ], [ -47.24517, -22.79694 ], [ -47.25316, -22.79431 ], [ -47.26413, -22.7972 ], [ -47.27449, -22.79288 ], [ -47.27665, -22.7888 ], [ -47.27987, -22.79103 ], [ -47.28391, -22.79022 ], [ -47.28609, -22.79198 ], [ -47.28354, -22.80163 ], [ -47.29483, -22.81413 ], [ -47.30401, -22.82145 ], [ -47.32786, -22.83153 ], [ -47.33241, -22.82817 ], [ -47.32986, -22.81987 ], [ -47.3328, -22.81568 ], [ -47.33934, -22.81884 ], [ -47.35947, -22.81839 ], [ -47.35837, -22.82463 ], [ -47.36418, -22.82986 ], [ -47.37001, -22.8444 ], [ -47.35796, -22.84693 ], [ -47.34033, -22.86249 ], [ -47.37898, -22.87804 ], [ -47.38788, -22.89004 ], [ -47.39265, -22.89255 ], [ -47.39659, -22.90643 ], [ -47.39141, -22.91035 ], [ -47.39361, -22.91512 ], [ -47.386, -22.91745 ], [ -47.38881, -22.92499 ], [ -47.3882, -22.93292 ], [ -47.39121, -22.93504 ], [ -47.38803, -22.93952 ], [ -47.38678, -22.95563 ], [ -47.39603, -22.95406 ], [ -47.39817, -22.9588 ], [ -47.40589, -22.96342 ], [ -47.40086, -22.97316 ], [ -47.3874, -22.98614 ], [ -47.38238, -22.98776 ], [ -47.38846, -22.9901 ], [ -47.38284, -22.99444 ], [ -47.39093, -22.99322 ], [ -47.38823, -22.99849 ], [ -47.39227, -22.99861 ], [ -47.3909, -23.00336 ], [ -47.39537, -23.00352 ], [ -47.39652, -23.00687 ], [ -47.40589, -23.00448 ], [ -47.40396, -23.00905 ], [ -47.4075, -23.01228 ], [ -47.40834, -23.00825 ], [ -47.41163, -23.00678 ], [ -47.40741, -23.00091 ], [ -47.4121, -23.00149 ], [ -47.41474, -23.00654 ], [ -47.41883, -23.00237 ], [ -47.4272, -23.00198 ], [ -47.42794, -23.00365 ], [ -47.42455, -23.0063 ], [ -47.43207, -23.00881 ], [ -47.42521, -23.01364 ], [ -47.43027, -23.01626 ], [ -47.43551, -23.0145 ], [ -47.44579, -23.02219 ], [ -47.44851, -23.02135 ], [ -47.45211, -23.02463 ], [ -47.45971, -23.02319 ], [ -47.4625, -23.02604 ], [ -47.45971, -23.02829 ], [ -47.4605, -23.03288 ], [ -47.45354, -23.03269 ], [ -47.45021, -23.04159 ], [ -47.4372, -23.04872 ], [ -47.43689, -23.05724 ], [ -47.43289, -23.06711 ], [ -47.43337, -23.07488 ], [ -47.42889, -23.0804 ], [ -47.42757, -23.08678 ], [ -47.42114, -23.08877 ], [ -47.42047, -23.09192 ], [ -47.43335, -23.10622 ], [ -47.45232, -23.10582 ], [ -47.4649, -23.10884 ], [ -47.46769, -23.11778 ], [ -47.46353, -23.12457 ] ] ] } },
{ "type": "Feature", "properties": { "rc": "RC 04.01", "uba": "Araraquara", "regional": "DR 04", "regional_cgr": "CGR 04" }, "geometry": { "type": "Polygon", "coordinates": [ [ [ -48.16675, -21.97209 ], [ -48.17211, -21.96969 ], [ -48.17406, -21.96319 ], [ -48.17509, -21.96509 ], [ -48.18143, -21.96368 ], [ -48.18208, -21.96689 ], [ -48.18729, -21.96672 ], [ -48.19091, -21.95852 ], [ -48.1967, -21.95566 ], [ -48.1958, -21.9468 ], [ -48.20159, -21.9428 ], [ -48.20422, -21.92906 ], [ -48.21033, -21.9311 ], [ -48.21499, -21.92502 ], [ -48.22138, -21.92156 ], [ -48.2271, -21.92588 ], [ -48.22971, -21.92485 ], [ -48.2303, -21.92036 ], [ -48.23328, -21.9183 ], [ -48.23212, -21.91538 ], [ -48.23567, -21.9102 ], [ -48.23728, -21.91114 ], [ -48.24278, -21.89696 ], [ -48.24477, -21.89676 ], [ -48.24515, -21.89357 ], [ -48.25143, -21.89366 ], [ -48.25456, -21.8926 ], [ -48.25363, -21.89008 ], [ -48.25846, -21.88974 ], [ -48.25771, -21.88186 ], [ -48.26148, -21.87864 ], [ -48.26212, -21.87179 ], [ -48.26855, -21.86738 ], [ -48.27502, -21.86944 ], [ -48.28026, -21.86405 ], [ -48.28052, -21.86809 ], [ -48.28526, -21.86866 ], [ -48.2873, -21.87211 ], [ -48.29702, -21.86544 ], [ -48.29746, -21.86885 ], [ -48.30776, -21.87235 ], [ -48.30878, -21.8684 ], [ -48.3164, -21.86634 ], [ -48.32115, -21.85904 ], [ -48.32862, -21.86121 ], [ -48.3307, -21.85616 ], [ -48.33486, -21.85385 ], [ -48.33455, -21.85715 ], [ -48.33748, -21.85882 ], [ -48.34009, -21.85234 ], [ -48.34407, -21.8565 ], [ -48.34403, -21.85311 ], [ -48.34965, -21.85112 ], [ -48.35117, -21.85376 ], [ -48.36468, -21.85534 ], [ -48.3666, -21.85868 ], [ -48.37126, -21.85818 ], [ -48.37237, -21.85473 ], [ -48.37487, -21.85593 ], [ -48.37622, -21.85284 ], [ -48.39246, -21.85803 ], [ -48.39778, -21.85206 ], [ -48.41002, -21.85476 ], [ -48.41533, -21.84775 ], [ -48.42206, -21.84509 ], [ -48.42437, -21.83475 ], [ -48.42843, -21.84082 ], [ -48.43478, -21.84408 ], [ -48.42837, -21.8479 ], [ -48.43297, -21.85221 ], [ -48.43512, -21.84912 ], [ -48.44172, -21.84803 ], [ -48.44322, -21.84491 ], [ -48.44542, -21.84636 ], [ -48.44391, -21.85168 ], [ -48.44621, -21.85187 ], [ -48.45118, -21.84429 ], [ -48.45734, -21.85148 ], [ -48.46037, -21.85152 ], [ -48.46678, -21.84441 ], [ -48.47041, -21.84502 ], [ -48.46889, -21.85016 ], [ -48.47139, -21.85371 ], [ -48.47587, -21.85209 ], [ -48.47859, -21.85363 ], [ -48.47764, -21.84836 ], [ -48.48223, -21.84455 ], [ -48.48842, -21.84363 ], [ -48.49019, -21.85168 ], [ -48.50024, -21.85058 ], [ -48.4986, -21.86291 ], [ -48.50351, -21.86635 ], [ -48.50428, -21.86334 ], [ -48.50698, -21.86565 ], [ -48.50824, -21.8623 ], [ -48.51099, -21.86231 ], [ -48.51052, -21.86412 ], [ -48.51598, -21.86525 ], [ -48.51688, -21.87053 ], [ -48.5296, -21.86498 ], [ -48.52818, -21.86793 ], [ -48.53467, -21.86897 ], [ -48.54096, -21.86349 ], [ -48.55076, -21.86748 ], [ -48.55325, -21.86626 ], [ -48.55253, -21.86401 ], [ -48.55513, -21.86558 ], [ -48.56415, -21.85649 ], [ -48.56808, -21.8584 ], [ -48.56637, -21.86461 ], [ -48.57858, -21.85835 ], [ -48.58255, -21.86133 ], [ -48.58828, -21.85725 ], [ -48.59043, -21.85802 ], [ -48.58617, -21.85015 ], [ -48.59418, -21.84535 ], [ -48.59585, -21.84864 ], [ -48.59993, -21.84831 ], [ -48.6009, -21.84577 ], [ -48.6052, -21.84816 ], [ -48.60593, -21.84367 ], [ -48.60829, -21.84547 ], [ -48.60911, -21.84313 ], [ -48.61462, -21.8429 ], [ -48.61649, -21.84519 ], [ -48.61824, -21.84207 ], [ -48.61585, -21.84073 ], [ -48.61856, -21.83971 ], [ -48.62388, -21.84342 ], [ -48.63233, -21.84393 ], [ -48.63166, -21.83954 ], [ -48.63626, -21.83632 ], [ -48.6406, -21.83756 ], [ -48.64017, -21.8394 ], [ -48.64259, -21.83694 ], [ -48.64285, -21.84012 ], [ -48.64702, -21.83751 ], [ -48.64759, -21.84057 ], [ -48.65094, -21.83915 ], [ -48.65049, -21.83531 ], [ -48.65512, -21.83863 ], [ -48.65306, -21.84067 ], [ -48.65457, -21.84262 ], [ -48.65791, -21.84181 ], [ -48.65815, -21.84474 ], [ -48.64325, -21.90616 ], [ -48.65459, -21.91327 ], [ -48.66288, -21.92198 ], [ -48.68038, -21.92723 ], [ -48.68619, -21.92082 ], [ -48.684, -21.9178 ], [ -48.68733, -21.91315 ], [ -48.69204, -21.91175 ], [ -48.69445, -21.91352 ], [ -48.69932, -21.91052 ], [ -48.70542, -21.91309 ], [ -48.70657, -21.91004 ], [ -48.71096, -21.90848 ], [ -48.71263, -21.91037 ], [ -48.71645, -21.90821 ], [ -48.71606, -21.90993 ], [ -48.71869, -21.90953 ], [ -48.71974, -21.90734 ], [ -48.72116, -21.90876 ], [ -48.72062, -21.9012 ], [ -48.72583, -21.8968 ], [ -48.72518, -21.89324 ], [ -48.73304, -21.88942 ], [ -48.74502, -21.89278 ], [ -48.76784, -21.88896 ], [ -48.77928, -21.89533 ], [ -48.78063, -21.8934 ], [ -48.78568, -21.89362 ], [ -48.78575, -21.89597 ], [ -48.79313, -21.89139 ], [ -48.79908, -21.89475 ], [ -48.79927, -21.89189 ], [ -48.80022, -21.89372 ], [ -48.80578, -21.89134 ], [ -48.80653, -21.89278 ], [ -48.80914, -21.89014 ], [ -48.8083, -21.8931 ], [ -48.81746, -21.89007 ], [ -48.82093, -21.89202 ], [ -48.82226, -21.88908 ], [ -48.82797, -21.89242 ], [ -48.83072, -21.88994 ], [ -48.83559, -21.89408 ], [ -48.83276, -21.89431 ], [ -48.83247, -21.8974 ], [ -48.83994, -21.89901 ], [ -48.84084, -21.90282 ], [ -48.84856, -21.9099 ], [ -48.85925, -21.91436 ], [ -48.87126, -21.91386 ], [ -48.87849, -21.92118 ], [ -48.89422, -21.90669 ], [ -48.90437, -21.87081 ], [ -48.90816, -21.86525 ], [ -48.92017, -21.85928 ], [ -48.96646, -21.8493 ], [ -48.97974, -21.84163 ], [ -48.98635, -21.83469 ], [ -48.98923, -21.82399 ], [ -48.98696, -21.81234 ], [ -48.96437, -21.79017 ], [ -48.95916, -21.78193 ], [ -48.95866, -21.77176 ], [ -48.96202, -21.76505 ], [ -48.9725, -21.75987 ], [ -48.98291, -21.75918 ], [ -49.02029, -21.77086 ], [ -49.04402, -21.77395 ], [ -49.0774, -21.75687 ], [ -49.0956, -21.75444 ], [ -49.10365, -21.75105 ], [ -49.11527, -21.73872 ], [ -49.12397, -21.72004 ], [ -49.1397, -21.70586 ], [ -49.14406, -21.69335 ], [ -49.15165, -21.68147 ], [ -49.15014, -21.6621 ], [ -49.15614, -21.65344 ], [ -49.16628, -21.64631 ], [ -49.17733, -21.64505 ], [ -49.18925, -21.64721 ], [ -49.20785, -21.65493 ], [ -49.21069, -21.65925 ], [ -49.21075, -21.66704 ], [ -49.2142, -21.67131 ], [ -49.22699, -21.6595 ], [ -49.24124, -21.62202 ], [ -49.23131, -21.62061 ], [ -49.2244, -21.60909 ], [ -49.218, -21.60445 ], [ -49.2105, -21.60364 ], [ -49.20107, -21.59668 ], [ -49.18587, -21.59494 ], [ -49.17917, -21.58981 ], [ -49.17683, -21.57758 ], [ -49.1693, -21.57009 ], [ -49.16836, -21.56271 ], [ -49.15339, -21.55215 ], [ -49.15399, -21.54059 ], [ -49.14957, -21.52878 ], [ -49.13891, -21.52466 ], [ -49.13257, -21.51562 ], [ -49.11826, -21.51472 ], [ -49.11417, -21.49983 ], [ -49.09766, -21.4835 ], [ -49.08634, -21.46531 ], [ -49.08232, -21.46417 ], [ -49.07056, -21.47796 ], [ -49.05112, -21.4891 ], [ -49.04104, -21.49114 ], [ -49.0392, -21.48466 ], [ -49.01939, -21.48193 ], [ -49.01095, -21.47385 ], [ -49.00432, -21.45933 ], [ -48.99765, -21.45986 ], [ -48.99099, -21.45573 ], [ -48.98291, -21.45443 ], [ -48.98641, -21.43749 ], [ -48.98557, -21.42642 ], [ -48.98154, -21.41569 ], [ -48.97685, -21.41917 ], [ -48.97146, -21.43584 ], [ -48.96445, -21.42519 ], [ -48.95549, -21.42344 ], [ -48.94935, -21.42565 ], [ -48.94577, -21.41213 ], [ -48.94733, -21.39923 ], [ -48.90186, -21.37049 ], [ -48.89885, -21.37078 ], [ -48.89015, -21.38542 ], [ -48.87965, -21.38918 ], [ -48.87671, -21.39303 ], [ -48.85273, -21.39249 ], [ -48.84921, -21.39009 ], [ -48.83825, -21.39519 ], [ -48.83601, -21.39243 ], [ -48.83165, -21.39535 ], [ -48.8239, -21.40765 ], [ -48.81945, -21.40696 ], [ -48.81412, -21.4113 ], [ -48.80457, -21.41272 ], [ -48.79429, -21.40839 ], [ -48.79108, -21.41756 ], [ -48.78225, -21.42048 ], [ -48.77474, -21.42707 ], [ -48.76221, -21.42303 ], [ -48.75687, -21.42364 ], [ -48.75355, -21.42016 ], [ -48.74652, -21.42372 ], [ -48.7446, -21.42166 ], [ -48.73924, -21.42246 ], [ -48.73266, -21.41791 ], [ -48.72546, -21.41969 ], [ -48.71506, -21.43079 ], [ -48.71879, -21.44867 ], [ -48.71519, -21.4583 ], [ -48.71588, -21.46678 ], [ -48.70851, -21.47172 ], [ -48.70521, -21.47969 ], [ -48.70828, -21.48477 ], [ -48.7081, -21.49086 ], [ -48.69197, -21.48981 ], [ -48.68499, -21.48524 ], [ -48.67857, -21.48568 ], [ -48.66733, -21.4912 ], [ -48.6628, -21.48888 ], [ -48.66419, -21.50151 ], [ -48.66158, -21.52927 ], [ -48.66689, -21.54493 ], [ -48.65527, -21.54392 ], [ -48.65046, -21.5467 ], [ -48.64182, -21.55664 ], [ -48.63784, -21.56662 ], [ -48.63108, -21.5632 ], [ -48.62803, -21.55778 ], [ -48.63011, -21.55705 ], [ -48.62871, -21.552 ], [ -48.62027, -21.5368 ], [ -48.61294, -21.53299 ], [ -48.6125, -21.52951 ], [ -48.60869, -21.5269 ], [ -48.60024, -21.52595 ], [ -48.60246, -21.52268 ], [ -48.60766, -21.52271 ], [ -48.61127, -21.51996 ], [ -48.60686, -21.51624 ], [ -48.60503, -21.51713 ], [ -48.60388, -21.51372 ], [ -48.59469, -21.51385 ], [ -48.58491, -21.51886 ], [ -48.58263, -21.51645 ], [ -48.57551, -21.51617 ], [ -48.56585, -21.52439 ], [ -48.56284, -21.53098 ], [ -48.55459, -21.53225 ], [ -48.54551, -21.53013 ], [ -48.52829, -21.51944 ], [ -48.51003, -21.5169 ], [ -48.50041, -21.51838 ], [ -48.49745, -21.51577 ], [ -48.48968, -21.5147 ], [ -48.486, -21.51779 ], [ -48.47757, -21.51709 ], [ -48.47156, -21.51317 ], [ -48.47397, -21.50502 ], [ -48.46411, -21.48945 ], [ -48.45901, -21.49247 ], [ -48.44649, -21.48793 ], [ -48.43194, -21.49055 ], [ -48.4245, -21.48955 ], [ -48.41919, -21.48471 ], [ -48.41808, -21.47277 ], [ -48.41486, -21.47122 ], [ -48.40811, -21.47266 ], [ -48.39605, -21.47997 ], [ -48.39233, -21.49325 ], [ -48.38163, -21.50278 ], [ -48.37087, -21.50454 ], [ -48.35216, -21.49173 ], [ -48.33796, -21.49485 ], [ -48.32973, -21.49276 ], [ -48.32423, -21.48439 ], [ -48.30628, -21.48536 ], [ -48.2348, -21.47336 ], [ -48.23127, -21.47041 ], [ -48.22122, -21.47088 ], [ -48.2149, -21.46685 ], [ -48.19812, -21.46466 ], [ -48.18172, -21.44742 ], [ -48.17813, -21.43733 ], [ -48.17162, -21.43616 ], [ -48.16784, -21.43838 ], [ -48.16399, -21.43512 ], [ -48.16222, -21.4372 ], [ -48.15822, -21.43223 ], [ -48.14545, -21.42943 ], [ -48.14355, -21.42621 ], [ -48.1316, -21.43093 ], [ -48.1296, -21.4358 ], [ -48.11972, -21.4354 ], [ -48.11231, -21.425 ], [ -48.1138, -21.42014 ], [ -48.10933, -21.42721 ], [ -48.10933, -21.44397 ], [ -48.10387, -21.44815 ], [ -48.10314, -21.45324 ], [ -48.08238, -21.46105 ], [ -48.08155, -21.4634 ], [ -48.08511, -21.46869 ], [ -48.0775, -21.47 ], [ -48.07373, -21.47914 ], [ -48.07208, -21.47375 ], [ -48.06875, -21.47983 ], [ -48.05733, -21.47525 ], [ -48.05814, -21.47937 ], [ -48.05423, -21.48134 ], [ -48.05538, -21.4892 ], [ -48.04737, -21.49076 ], [ -48.04456, -21.49354 ], [ -48.04561, -21.49608 ], [ -48.05078, -21.49708 ], [ -48.05118, -21.50056 ], [ -48.03875, -21.50443 ], [ -48.04311, -21.50962 ], [ -48.04253, -21.51499 ], [ -48.02844, -21.51315 ], [ -48.03194, -21.51829 ], [ -48.02816, -21.52231 ], [ -48.03309, -21.52641 ], [ -48.02641, -21.52989 ], [ -48.02779, -21.53854 ], [ -48.02431, -21.53726 ], [ -48.01777, -21.5394 ], [ -48.01707, -21.53298 ], [ -48.01221, -21.53277 ], [ -48.01506, -21.5411 ], [ -48.00595, -21.54422 ], [ -48.00948, -21.55901 ], [ -47.99646, -21.56172 ], [ -47.99845, -21.5681 ], [ -47.9941, -21.56487 ], [ -47.99094, -21.56686 ], [ -47.9897, -21.57725 ], [ -47.99569, -21.57721 ], [ -47.99947, -21.58068 ], [ -47.99417, -21.58027 ], [ -47.99305, -21.58465 ], [ -47.98973, -21.58549 ], [ -47.9923, -21.58848 ], [ -47.98764, -21.59122 ], [ -47.99088, -21.5941 ], [ -47.99023, -21.59613 ], [ -47.98426, -21.59448 ], [ -47.98378, -21.58705 ], [ -47.98134, -21.59213 ], [ -47.97726, -21.5917 ], [ -47.97414, -21.59473 ], [ -47.96143, -21.59706 ], [ -47.96104, -21.59398 ], [ -47.95324, -21.59076 ], [ -47.95288, -21.59502 ], [ -47.94881, -21.59832 ], [ -47.94265, -21.59746 ], [ -47.94532, -21.59132 ], [ -47.93785, -21.59272 ], [ -47.94096, -21.58694 ], [ -47.93456, -21.58693 ], [ -47.93702, -21.57892 ], [ -47.93303, -21.58016 ], [ -47.92412, -21.57355 ], [ -47.92312, -21.58485 ], [ -47.91838, -21.58387 ], [ -47.91343, -21.5894 ], [ -47.90578, -21.58016 ], [ -47.90327, -21.5811 ], [ -47.90493, -21.58516 ], [ -47.90158, -21.58904 ], [ -47.89968, -21.58786 ], [ -47.90038, -21.58263 ], [ -47.89637, -21.58659 ], [ -47.89233, -21.58248 ], [ -47.88876, -21.58295 ], [ -47.88541, -21.59057 ], [ -47.8807, -21.58952 ], [ -47.88204, -21.59279 ], [ -47.879, -21.59542 ], [ -47.8797, -21.59941 ], [ -47.87513, -21.5999 ], [ -47.87081, -21.60466 ], [ -47.8806, -21.60927 ], [ -47.87999, -21.61252 ], [ -47.8726, -21.61015 ], [ -47.86918, -21.61531 ], [ -47.86804, -21.61027 ], [ -47.86314, -21.61127 ], [ -47.86224, -21.61459 ], [ -47.8592, -21.61533 ], [ -47.8709, -21.62839 ], [ -47.87297, -21.63926 ], [ -47.89243, -21.66187 ], [ -47.89773, -21.67181 ], [ -47.90191, -21.67624 ], [ -47.91034, -21.67803 ], [ -47.91686, -21.68612 ], [ -47.92253, -21.71984 ], [ -47.95758, -21.73195 ], [ -47.96729, -21.74064 ], [ -47.95255, -21.75392 ], [ -47.94691, -21.76587 ], [ -47.94604, -21.7777 ], [ -47.94727, -21.78283 ], [ -47.97148, -21.8081 ], [ -47.96922, -21.81997 ], [ -47.97428, -21.83711 ], [ -47.98517, -21.84275 ], [ -47.99162, -21.85099 ], [ -47.99211, -21.85845 ], [ -47.98146, -21.85849 ], [ -47.98083, -21.8635 ], [ -47.97657, -21.86874 ], [ -47.98902, -21.87232 ], [ -47.98889, -21.87619 ], [ -47.99842, -21.88271 ], [ -48.01352, -21.88724 ], [ -48.02506, -21.88006 ], [ -48.03254, -21.86815 ], [ -48.03377, -21.86008 ], [ -48.03839, -21.85899 ], [ -48.04068, -21.865 ], [ -48.04004, -21.874 ], [ -48.04748, -21.89323 ], [ -48.04647, -21.90475 ], [ -48.06802, -21.90511 ], [ -48.06039, -21.92077 ], [ -48.06478, -21.92722 ], [ -48.064, -21.93285 ], [ -48.06833, -21.94188 ], [ -48.06743, -21.95134 ], [ -48.09461, -21.95394 ], [ -48.10384, -21.95148 ], [ -48.11669, -21.96037 ], [ -48.12848, -21.9588 ], [ -48.14352, -21.9605 ], [ -48.16675, -21.97209 ] ] ] } },
{ "type": "Feature", "properties": { "rc": "RC 08.04", "uba": "São Joaquim da Barra", "regional": "DR 08", "regional_cgr": "CGR 08" }, "geometry": { "type": "Polygon", "coordinates": [ [ [ -48.22477, -20.44937 ], [ -48.21361, -20.45768 ], [ -48.20172, -20.44216 ], [ -48.17815, -20.38965 ], [ -48.18639, -20.34953 ], [ -48.19011, -20.34158 ], [ -48.17984, -20.33135 ], [ -48.17637, -20.3212 ], [ -48.16453, -20.30873 ], [ -48.16043, -20.29698 ], [ -48.15293, -20.29069 ], [ -48.14987, -20.29098 ], [ -48.14982, -20.28929 ], [ -48.14598, -20.29769 ], [ -48.14087, -20.29684 ], [ -48.13667, -20.29996 ], [ -48.13937, -20.30631 ], [ -48.12954, -20.31651 ], [ -48.11696, -20.30809 ], [ -48.11356, -20.30102 ], [ -48.10793, -20.3022 ], [ -48.10109, -20.3104 ], [ -48.09307, -20.30936 ], [ -48.08912, -20.30154 ], [ -48.08454, -20.31628 ], [ -48.07645, -20.32639 ], [ -48.07079, -20.32607 ], [ -48.06858, -20.32958 ], [ -48.07474, -20.34173 ], [ -48.0747, -20.34683 ], [ -48.06983, -20.34807 ], [ -48.05964, -20.34189 ], [ -48.0551, -20.34929 ], [ -48.03959, -20.35317 ], [ -48.01342, -20.32184 ], [ -47.99974, -20.30933 ], [ -47.97025, -20.29272 ], [ -47.97471, -20.28602 ], [ -47.9794, -20.28547 ], [ -47.98308, -20.28037 ], [ -47.98102, -20.26818 ], [ -47.97629, -20.26159 ], [ -47.9615, -20.2727 ], [ -47.95135, -20.26612 ], [ -47.94459, -20.26521 ], [ -47.93732, -20.2591 ], [ -47.93511, -20.25258 ], [ -47.9241, -20.24576 ], [ -47.92413, -20.24168 ], [ -47.9313, -20.23634 ], [ -47.93319, -20.23198 ], [ -47.92677, -20.22804 ], [ -47.9294, -20.21498 ], [ -47.91362, -20.20973 ], [ -47.90877, -20.19139 ], [ -47.91156, -20.18598 ], [ -47.91087, -20.1779 ], [ -47.90682, -20.17067 ], [ -47.89508, -20.16352 ], [ -47.88912, -20.15552 ], [ -47.8909, -20.14165 ], [ -47.8877, -20.13892 ], [ -47.88775, -20.13394 ], [ -47.89554, -20.13113 ], [ -47.89895, -20.12529 ], [ -47.89352, -20.12402 ], [ -47.8902, -20.11498 ], [ -47.87498, -20.09691 ], [ -47.86845, -20.07751 ], [ -47.87023, -20.0611 ], [ -47.85975, -20.05263 ], [ -47.85959, -20.04686 ], [ -47.87403, -20.0352 ], [ -47.87569, -20.0208 ], [ -47.85758, -19.99161 ], [ -47.85061, -19.98958 ], [ -47.84258, -19.99142 ], [ -47.82844, -19.98715 ], [ -47.81447, -19.98803 ], [ -47.80261, -19.9846 ], [ -47.77913, -19.98693 ], [ -47.76277, -19.98555 ], [ -47.75591, -19.99015 ], [ -47.7494, -19.99062 ], [ -47.73377, -19.98737 ], [ -47.72158, -19.98015 ], [ -47.70701, -19.97929 ], [ -47.69049, -19.98765 ], [ -47.67754, -20.00131 ], [ -47.67403, -20.00835 ], [ -47.67576, -20.01665 ], [ -47.67034, -20.02322 ], [ -47.64053, -20.04782 ], [ -47.63372, -20.04958 ], [ -47.6265, -20.04347 ], [ -47.61391, -20.04205 ], [ -47.60109, -20.03419 ], [ -47.59311, -20.0222 ], [ -47.59458, -20.01451 ], [ -47.59298, -20.00804 ], [ -47.58499, -19.9965 ], [ -47.57578, -19.99398 ], [ -47.55531, -19.9973 ], [ -47.54629, -19.99256 ], [ -47.54296, -19.99393 ], [ -47.54301, -20.01137 ], [ -47.53674, -20.02528 ], [ -47.50883, -20.05932 ], [ -47.51888, -20.09831 ], [ -47.51772, -20.10613 ], [ -47.52174, -20.10875 ], [ -47.53145, -20.10908 ], [ -47.53208, -20.12128 ], [ -47.54359, -20.12678 ], [ -47.54125, -20.13186 ], [ -47.54235, -20.13615 ], [ -47.54766, -20.14027 ], [ -47.55602, -20.14215 ], [ -47.5626, -20.15296 ], [ -47.5707, -20.15509 ], [ -47.58126, -20.14996 ], [ -47.60528, -20.15462 ], [ -47.60898, -20.15902 ], [ -47.60569, -20.1665 ], [ -47.60227, -20.16729 ], [ -47.59686, -20.17428 ], [ -47.59399, -20.17267 ], [ -47.59218, -20.17617 ], [ -47.60577, -20.19481 ], [ -47.61163, -20.19756 ], [ -47.6191, -20.2188 ], [ -47.61037, -20.22985 ], [ -47.6025, -20.25218 ], [ -47.60726, -20.26006 ], [ -47.61049, -20.27674 ], [ -47.61293, -20.27557 ], [ -47.62379, -20.27932 ], [ -47.62885, -20.28376 ], [ -47.63064, -20.28281 ], [ -47.63174, -20.28578 ], [ -47.64331, -20.28327 ], [ -47.64524, -20.28775 ], [ -47.64329, -20.29062 ], [ -47.64287, -20.31552 ], [ -47.63846, -20.32045 ], [ -47.62678, -20.32483 ], [ -47.61768, -20.34639 ], [ -47.61873, -20.36767 ], [ -47.63251, -20.40054 ], [ -47.62593, -20.40877 ], [ -47.64208, -20.41225 ], [ -47.6422, -20.41624 ], [ -47.66348, -20.4208 ], [ -47.66585, -20.42307 ], [ -47.66564, -20.42718 ], [ -47.66152, -20.43224 ], [ -47.65553, -20.43318 ], [ -47.64474, -20.44144 ], [ -47.63365, -20.44169 ], [ -47.62405, -20.45777 ], [ -47.62322, -20.46484 ], [ -47.61481, -20.48124 ], [ -47.62797, -20.47982 ], [ -47.64023, -20.48673 ], [ -47.64281, -20.4905 ], [ -47.63848, -20.50137 ], [ -47.64408, -20.51556 ], [ -47.65368, -20.52337 ], [ -47.66978, -20.52902 ], [ -47.6801, -20.53827 ], [ -47.69165, -20.54141 ], [ -47.69152, -20.55529 ], [ -47.70319, -20.55911 ], [ -47.71277, -20.55879 ], [ -47.72574, -20.58119 ], [ -47.73924, -20.59466 ], [ -47.74295, -20.59506 ], [ -47.73876, -20.60498 ], [ -47.7286, -20.60606 ], [ -47.72723, -20.61025 ], [ -47.7208, -20.6118 ], [ -47.71309, -20.62672 ], [ -47.70681, -20.62513 ], [ -47.6841, -20.62856 ], [ -47.68329, -20.63118 ], [ -47.6888, -20.63461 ], [ -47.67983, -20.64283 ], [ -47.67431, -20.64295 ], [ -47.66925, -20.63734 ], [ -47.65503, -20.64206 ], [ -47.65264, -20.65025 ], [ -47.66911, -20.64821 ], [ -47.67057, -20.65036 ], [ -47.65469, -20.66229 ], [ -47.66201, -20.66993 ], [ -47.65447, -20.6703 ], [ -47.65364, -20.66722 ], [ -47.63881, -20.67091 ], [ -47.63417, -20.68207 ], [ -47.63709, -20.68563 ], [ -47.63609, -20.69097 ], [ -47.62889, -20.69138 ], [ -47.62609, -20.68311 ], [ -47.61672, -20.68105 ], [ -47.62194, -20.69776 ], [ -47.61982, -20.70023 ], [ -47.61226, -20.70028 ], [ -47.61314, -20.70383 ], [ -47.6167, -20.70553 ], [ -47.61502, -20.70625 ], [ -47.61686, -20.71045 ], [ -47.62668, -20.70605 ], [ -47.62894, -20.70263 ], [ -47.63301, -20.70797 ], [ -47.6498, -20.71985 ], [ -47.65204, -20.72461 ], [ -47.64899, -20.73647 ], [ -47.6526, -20.75456 ], [ -47.64859, -20.77162 ], [ -47.65197, -20.77905 ], [ -47.66089, -20.78248 ], [ -47.65733, -20.79473 ], [ -47.66297, -20.80356 ], [ -47.65871, -20.81254 ], [ -47.65931, -20.82212 ], [ -47.66678, -20.82374 ], [ -47.6777, -20.81569 ], [ -47.68822, -20.8206 ], [ -47.69256, -20.82018 ], [ -47.7035, -20.81521 ], [ -47.70742, -20.80935 ], [ -47.71917, -20.81555 ], [ -47.72899, -20.82911 ], [ -47.74379, -20.83342 ], [ -47.74988, -20.84524 ], [ -47.75595, -20.84647 ], [ -47.76803, -20.85578 ], [ -47.77316, -20.85666 ], [ -47.78678, -20.87944 ], [ -47.77957, -20.89411 ], [ -47.79599, -20.89932 ], [ -47.79992, -20.88982 ], [ -47.80923, -20.89011 ], [ -47.82809, -20.90062 ], [ -47.83706, -20.9101 ], [ -47.84193, -20.90927 ], [ -47.85614, -20.89781 ], [ -47.86934, -20.89408 ], [ -47.87895, -20.90538 ], [ -47.88923, -20.9093 ], [ -47.90288, -20.89005 ], [ -47.9125, -20.88974 ], [ -47.92326, -20.88234 ], [ -47.9411, -20.89961 ], [ -47.95156, -20.89156 ], [ -47.96034, -20.89104 ], [ -47.98534, -20.87608 ], [ -48.01619, -20.89234 ], [ -48.02457, -20.90189 ], [ -48.03743, -20.90628 ], [ -48.04633, -20.91709 ], [ -48.04839, -20.92863 ], [ -48.05321, -20.93117 ], [ -48.05778, -20.9301 ], [ -48.06477, -20.92287 ], [ -48.07229, -20.92276 ], [ -48.07923, -20.91359 ], [ -48.10261, -20.89978 ], [ -48.1118, -20.90231 ], [ -48.12586, -20.90139 ], [ -48.1401, -20.89209 ], [ -48.15436, -20.89343 ], [ -48.16408, -20.88415 ], [ -48.16857, -20.88405 ], [ -48.17403, -20.88854 ], [ -48.18998, -20.88595 ], [ -48.1986, -20.88212 ], [ -48.22801, -20.85723 ], [ -48.24263, -20.84895 ], [ -48.24395, -20.84214 ], [ -48.23441, -20.83036 ], [ -48.2325, -20.81873 ], [ -48.23618, -20.81377 ], [ -48.25158, -20.80928 ], [ -48.25663, -20.80331 ], [ -48.25694, -20.79512 ], [ -48.2504, -20.78889 ], [ -48.24337, -20.77649 ], [ -48.24876, -20.75802 ], [ -48.257, -20.74058 ], [ -48.26314, -20.73787 ], [ -48.27005, -20.74314 ], [ -48.27455, -20.74299 ], [ -48.28136, -20.73981 ], [ -48.29278, -20.72098 ], [ -48.29889, -20.71985 ], [ -48.31825, -20.72548 ], [ -48.32751, -20.71606 ], [ -48.34098, -20.68691 ], [ -48.33375, -20.66481 ], [ -48.35096, -20.6445 ], [ -48.34714, -20.6256 ], [ -48.34163, -20.61981 ], [ -48.32237, -20.60829 ], [ -48.32103, -20.58748 ], [ -48.32636, -20.58186 ], [ -48.33927, -20.58217 ], [ -48.35117, -20.56095 ], [ -48.35825, -20.55981 ], [ -48.36986, -20.55098 ], [ -48.37765, -20.54906 ], [ -48.38267, -20.54404 ], [ -48.38374, -20.536 ], [ -48.37127, -20.54566 ], [ -48.37141, -20.53758 ], [ -48.3686, -20.5348 ], [ -48.37224, -20.5296 ], [ -48.36684, -20.52637 ], [ -48.35574, -20.5272 ], [ -48.35265, -20.52322 ], [ -48.34719, -20.52535 ], [ -48.34442, -20.5215 ], [ -48.34143, -20.52357 ], [ -48.34213, -20.52744 ], [ -48.3342, -20.52851 ], [ -48.33282, -20.53209 ], [ -48.33118, -20.53008 ], [ -48.32637, -20.53198 ], [ -48.32269, -20.52554 ], [ -48.3173, -20.52366 ], [ -48.31881, -20.51823 ], [ -48.3077, -20.51673 ], [ -48.30116, -20.51266 ], [ -48.29832, -20.51469 ], [ -48.29336, -20.51394 ], [ -48.29484, -20.51088 ], [ -48.28363, -20.49804 ], [ -48.28418, -20.4924 ], [ -48.28164, -20.49177 ], [ -48.28503, -20.48505 ], [ -48.2886, -20.48333 ], [ -48.28149, -20.48069 ], [ -48.28337, -20.47408 ], [ -48.27897, -20.47414 ], [ -48.28085, -20.47019 ], [ -48.27888, -20.46846 ], [ -48.26392, -20.46718 ], [ -48.25662, -20.46249 ], [ -48.24756, -20.46047 ], [ -48.23877, -20.46074 ], [ -48.2362, -20.45651 ], [ -48.23082, -20.45678 ], [ -48.22737, -20.45282 ], [ -48.22842, -20.44988 ], [ -48.22477, -20.44937 ] ] ] } },
{ "type": "Feature", "properties": { "rc": "RC 10.02", "uba": "Cotia", "regional": "DR 10", "regional_cgr": "CGR 10" }, "geometry": { "type": "Polygon", "coordinates": [ [ [ -47.0382, -23.83528 ], [ -47.03524, -23.83768 ], [ -47.03572, -23.84062 ], [ -47.02796, -23.84586 ], [ -47.02174, -23.83604 ], [ -47.01481, -23.83557 ], [ -47.01461, -23.83092 ], [ -47.01263, -23.83071 ], [ -47.01436, -23.82797 ], [ -47.01306, -23.82507 ], [ -47.01759, -23.8213 ], [ -47.01515, -23.81446 ], [ -47.00727, -23.81564 ], [ -46.99461, -23.81163 ], [ -46.9865, -23.80839 ], [ -46.98405, -23.80302 ], [ -46.98606, -23.8005 ], [ -46.99321, -23.80342 ], [ -47.00053, -23.80166 ], [ -47.00861, -23.79182 ], [ -47.01412, -23.79218 ], [ -47.01916, -23.78872 ], [ -47.02362, -23.77967 ], [ -47.02318, -23.77505 ], [ -47.03339, -23.76736 ], [ -47.03273, -23.76418 ], [ -47.02865, -23.76161 ], [ -47.0285, -23.75724 ], [ -47.03445, -23.75794 ], [ -47.03611, -23.75356 ], [ -47.03592, -23.74828 ], [ -47.03213, -23.74316 ], [ -47.03318, -23.73717 ], [ -47.03869, -23.73488 ], [ -47.04401, -23.7366 ], [ -47.04913, -23.73202 ], [ -47.05247, -23.72018 ], [ -47.0561, -23.71859 ], [ -47.05767, -23.7123 ], [ -47.06225, -23.70841 ], [ -47.05927, -23.70191 ], [ -47.06275, -23.68965 ], [ -47.06203, -23.68221 ], [ -47.07601, -23.68076 ], [ -47.07805, -23.67615 ], [ -47.0767, -23.67328 ], [ -47.08478, -23.66713 ], [ -47.08197, -23.66422 ], [ -47.08229, -23.65357 ], [ -47.07384, -23.65199 ], [ -47.07268, -23.64534 ], [ -47.06692, -23.64616 ], [ -47.06206, -23.64384 ], [ -47.05808, -23.63564 ], [ -47.05982, -23.629 ], [ -47.05588, -23.62838 ], [ -47.04517, -23.63143 ], [ -47.04355, -23.63652 ], [ -47.0337, -23.64349 ], [ -47.024, -23.64388 ], [ -47.01745, -23.65667 ], [ -47.01201, -23.65598 ], [ -47.00432, -23.66222 ], [ -46.99662, -23.66144 ], [ -46.99537, -23.67058 ], [ -46.98823, -23.66532 ], [ -46.989, -23.65995 ], [ -46.98575, -23.65429 ], [ -46.99201, -23.64516 ], [ -46.98722, -23.63296 ], [ -46.98813, -23.61259 ], [ -46.99068, -23.60973 ], [ -46.98148, -23.60213 ], [ -46.98951, -23.60261 ], [ -46.99212, -23.59463 ], [ -46.99922, -23.59352 ], [ -47.00021, -23.58712 ], [ -46.99685, -23.57947 ], [ -47.00127, -23.58043 ], [ -47.00821, -23.57791 ], [ -47.02065, -23.58598 ], [ -47.02228, -23.58204 ], [ -47.0281, -23.58129 ], [ -47.0248, -23.58001 ], [ -47.02462, -23.57664 ], [ -47.03021, -23.56872 ], [ -47.02053, -23.56733 ], [ -47.01889, -23.56431 ], [ -47.01442, -23.56334 ], [ -47.01542, -23.56022 ], [ -47.00615, -23.55433 ], [ -47.00719, -23.55132 ], [ -47.01225, -23.55006 ], [ -47.01319, -23.53633 ], [ -46.99097, -23.52982 ], [ -46.99217, -23.52493 ], [ -46.99702, -23.52194 ], [ -46.99649, -23.51488 ], [ -46.99363, -23.51087 ], [ -46.99506, -23.50697 ], [ -46.9889, -23.50809 ], [ -46.98556, -23.50359 ], [ -46.97993, -23.50485 ], [ -46.97092, -23.50104 ], [ -46.96667, -23.50152 ], [ -46.96619, -23.49814 ], [ -46.95407, -23.50498 ], [ -46.94552, -23.50484 ], [ -46.93518, -23.51244 ], [ -46.92491, -23.51456 ], [ -46.91522, -23.51245 ], [ -46.91266, -23.52058 ], [ -46.90867, -23.5216 ], [ -46.90347, -23.51939 ], [ -46.89995, -23.52392 ], [ -46.89551, -23.52435 ], [ -46.89178, -23.53131 ], [ -46.89439, -23.53931 ], [ -46.89073, -23.54309 ], [ -46.89109, -23.54955 ], [ -46.88694, -23.55297 ], [ -46.877, -23.54864 ], [ -46.87258, -23.55038 ], [ -46.86054, -23.54468 ], [ -46.86224, -23.54726 ], [ -46.86042, -23.55025 ], [ -46.86337, -23.5544 ], [ -46.87193, -23.55378 ], [ -46.87105, -23.56119 ], [ -46.87561, -23.56107 ], [ -46.87561, -23.57071 ], [ -46.87339, -23.56936 ], [ -46.87066, -23.5728 ], [ -46.86756, -23.57285 ], [ -46.86739, -23.5762 ], [ -46.86061, -23.57699 ], [ -46.85336, -23.5827 ], [ -46.84395, -23.58263 ], [ -46.84407, -23.57712 ], [ -46.83452, -23.57641 ], [ -46.82446, -23.58345 ], [ -46.81778, -23.58254 ], [ -46.81437, -23.56909 ], [ -46.82076, -23.55856 ], [ -46.81974, -23.5541 ], [ -46.82225, -23.54882 ], [ -46.8177, -23.53724 ], [ -46.81781, -23.52033 ], [ -46.80848, -23.50992 ], [ -46.81196, -23.49839 ], [ -46.80667, -23.49306 ], [ -46.80436, -23.48592 ], [ -46.79993, -23.48456 ], [ -46.80275, -23.47884 ], [ -46.79851, -23.47657 ], [ -46.7999, -23.46794 ], [ -46.80516, -23.46136 ], [ -46.80841, -23.45189 ], [ -46.81158, -23.43628 ], [ -46.82344, -23.42249 ], [ -46.81942, -23.4179 ], [ -46.82582, -23.40897 ], [ -46.82232, -23.40037 ], [ -46.82122, -23.40211 ], [ -46.81798, -23.39937 ], [ -46.80784, -23.39956 ], [ -46.80249, -23.39472 ], [ -46.79847, -23.39903 ], [ -46.79929, -23.40251 ], [ -46.7927, -23.39964 ], [ -46.79175, -23.40231 ], [ -46.78586, -23.40477 ], [ -46.78242, -23.40318 ], [ -46.7835, -23.39873 ], [ -46.77058, -23.39705 ], [ -46.77026, -23.39452 ], [ -46.77281, -23.39404 ], [ -46.77005, -23.39338 ], [ -46.76973, -23.38837 ], [ -46.76757, -23.3891 ], [ -46.76409, -23.3847 ], [ -46.75561, -23.3865 ], [ -46.75162, -23.39008 ], [ -46.73582, -23.38851 ], [ -46.73146, -23.3933 ], [ -46.72134, -23.39661 ], [ -46.71733, -23.40314 ], [ -46.71027, -23.40695 ], [ -46.70909, -23.41552 ], [ -46.70049, -23.41799 ], [ -46.69935, -23.42362 ], [ -46.69216, -23.42348 ], [ -46.6861, -23.42694 ], [ -46.68428, -23.41923 ], [ -46.67699, -23.4152 ], [ -46.66855, -23.41931 ], [ -46.65614, -23.43095 ], [ -46.639, -23.42718 ], [ -46.63413, -23.42927 ], [ -46.62734, -23.42319 ], [ -46.62143, -23.42225 ], [ -46.62322, -23.41666 ], [ -46.61291, -23.41733 ], [ -46.61426, -23.41263 ], [ -46.6114, -23.40975 ], [ -46.61243, -23.40518 ], [ -46.60574, -23.39768 ], [ -46.59873, -23.39436 ], [ -46.60067, -23.38837 ], [ -46.5852, -23.38045 ], [ -46.58012, -23.37325 ], [ -46.56865, -23.37582 ], [ -46.56505, -23.37059 ], [ -46.55543, -23.36406 ], [ -46.55169, -23.35737 ], [ -46.54554, -23.3577 ], [ -46.53479, -23.36293 ], [ -46.53741, -23.36566 ], [ -46.53703, -23.36996 ], [ -46.54514, -23.37634 ], [ -46.54568, -23.3869 ], [ -46.55845, -23.39918 ], [ -46.55603, -23.40355 ], [ -46.55644, -23.4096 ], [ -46.56664, -23.41566 ], [ -46.56562, -23.42754 ], [ -46.56812, -23.43275 ], [ -46.56463, -23.43596 ], [ -46.57069, -23.45667 ], [ -46.56056, -23.475 ], [ -46.55958, -23.49276 ], [ -46.56215, -23.49977 ], [ -46.55833, -23.50782 ], [ -46.55556, -23.51002 ], [ -46.55183, -23.50504 ], [ -46.54609, -23.50607 ], [ -46.52307, -23.48463 ], [ -46.50146, -23.47599 ], [ -46.4767, -23.47782 ], [ -46.46069, -23.48283 ], [ -46.43577, -23.47851 ], [ -46.43606, -23.4757 ], [ -46.43116, -23.47776 ], [ -46.42723, -23.47199 ], [ -46.4147, -23.47399 ], [ -46.41193, -23.47035 ], [ -46.40798, -23.47246 ], [ -46.41032, -23.47488 ], [ -46.40468, -23.47816 ], [ -46.40656, -23.48517 ], [ -46.40158, -23.48676 ], [ -46.39982, -23.48291 ], [ -46.39733, -23.48407 ], [ -46.39241, -23.48053 ], [ -46.38792, -23.48174 ], [ -46.38683, -23.47452 ], [ -46.38383, -23.47532 ], [ -46.3819, -23.47279 ], [ -46.36551, -23.50289 ], [ -46.36622, -23.51176 ], [ -46.37568, -23.51228 ], [ -46.37471, -23.51557 ], [ -46.38104, -23.51646 ], [ -46.38505, -23.52116 ], [ -46.38463, -23.5242 ], [ -46.39193, -23.53026 ], [ -46.39559, -23.53066 ], [ -46.38787, -23.54607 ], [ -46.39326, -23.5492 ], [ -46.39324, -23.55307 ], [ -46.37965, -23.56183 ], [ -46.38402, -23.57063 ], [ -46.37786, -23.57474 ], [ -46.38453, -23.57855 ], [ -46.37762, -23.58846 ], [ -46.38229, -23.59059 ], [ -46.38373, -23.59974 ], [ -46.39511, -23.60182 ], [ -46.39959, -23.60551 ], [ -46.39481, -23.61255 ], [ -46.3981, -23.61883 ], [ -46.40296, -23.62351 ], [ -46.40653, -23.62336 ], [ -46.40697, -23.63218 ], [ -46.41361, -23.63568 ], [ -46.41592, -23.64041 ], [ -46.42057, -23.64101 ], [ -46.42319, -23.645 ], [ -46.42469, -23.64008 ], [ -46.42996, -23.63623 ], [ -46.43192, -23.64118 ], [ -46.44635, -23.64412 ], [ -46.46529, -23.63833 ], [ -46.4724, -23.63879 ], [ -46.47702, -23.62602 ], [ -46.48236, -23.62374 ], [ -46.50627, -23.62569 ], [ -46.522, -23.61371 ], [ -46.53477, -23.61439 ], [ -46.54679, -23.60562 ], [ -46.5507, -23.60596 ], [ -46.55728, -23.61164 ], [ -46.57943, -23.5991 ], [ -46.58144, -23.60018 ], [ -46.57948, -23.60528 ], [ -46.58471, -23.64507 ], [ -46.61372, -23.65997 ], [ -46.61725, -23.65755 ], [ -46.62342, -23.66125 ], [ -46.62669, -23.65984 ], [ -46.62684, -23.66866 ], [ -46.63082, -23.67259 ], [ -46.63038, -23.6792 ], [ -46.63611, -23.69012 ], [ -46.63239, -23.69216 ], [ -46.63271, -23.69506 ], [ -46.62442, -23.70522 ], [ -46.61672, -23.70851 ], [ -46.61716, -23.71125 ], [ -46.62304, -23.71594 ], [ -46.62783, -23.71662 ], [ -46.6387, -23.72652 ], [ -46.65292, -23.73142 ], [ -46.64771, -23.74323 ], [ -46.64486, -23.75847 ], [ -46.6305, -23.77267 ], [ -46.62215, -23.78946 ], [ -46.62434, -23.81318 ], [ -46.6339, -23.82899 ], [ -46.63522, -23.83602 ], [ -46.63183, -23.85251 ], [ -46.61646, -23.86245 ], [ -46.61749, -23.88829 ], [ -46.61185, -23.9136 ], [ -46.60868, -23.9148 ], [ -46.60955, -23.92692 ], [ -46.61645, -23.93229 ], [ -46.60874, -23.94189 ], [ -46.61115, -23.95041 ], [ -46.60691, -23.95584 ], [ -46.61172, -23.96819 ], [ -46.61794, -23.96733 ], [ -46.62109, -23.97081 ], [ -46.6357, -23.977 ], [ -46.63345, -23.98747 ], [ -46.62947, -23.99053 ], [ -46.63842, -23.99434 ], [ -46.6408, -23.99768 ], [ -46.65089, -24.00106 ], [ -46.66197, -23.98795 ], [ -46.67932, -23.98881 ], [ -46.68512, -23.98222 ], [ -46.71152, -23.99595 ], [ -46.71795, -23.99575 ], [ -46.7217, -23.99279 ], [ -46.72639, -23.99569 ], [ -46.73208, -23.99545 ], [ -46.74358, -23.992 ], [ -46.75318, -23.99611 ], [ -46.75316, -23.99942 ], [ -46.76193, -24.00452 ], [ -46.77215, -24.00635 ], [ -46.77386, -24.00239 ], [ -46.76809, -23.99894 ], [ -46.76645, -23.99162 ], [ -46.76216, -23.98783 ], [ -46.75494, -23.97272 ], [ -46.76301, -23.96802 ], [ -46.76275, -23.96414 ], [ -46.76525, -23.96165 ], [ -46.77092, -23.96142 ], [ -46.775, -23.95707 ], [ -46.77419, -23.94988 ], [ -46.78077, -23.949 ], [ -46.78844, -23.94081 ], [ -46.79332, -23.94389 ], [ -46.79671, -23.93966 ], [ -46.80233, -23.93808 ], [ -46.80774, -23.94034 ], [ -46.81489, -23.93963 ], [ -46.81728, -23.94323 ], [ -46.82067, -23.94191 ], [ -46.82167, -23.94433 ], [ -46.83041, -23.94751 ], [ -46.8234, -23.9537 ], [ -46.82367, -23.95619 ], [ -46.83478, -23.95592 ], [ -46.83968, -23.95854 ], [ -46.84027, -23.96231 ], [ -46.84553, -23.9622 ], [ -46.84924, -23.9651 ], [ -46.85473, -23.97335 ], [ -46.85647, -23.97087 ], [ -46.86778, -23.97983 ], [ -46.87388, -23.97797 ], [ -46.88245, -23.98455 ], [ -46.88028, -23.99467 ], [ -46.87517, -24.0001 ], [ -46.87026, -24.0015 ], [ -46.86776, -24.01224 ], [ -46.87045, -24.01551 ], [ -46.87363, -24.01524 ], [ -46.86762, -24.01685 ], [ -46.86753, -24.02003 ], [ -46.87643, -24.02439 ], [ -46.88456, -24.02309 ], [ -46.8829, -24.02573 ], [ -46.88474, -24.03021 ], [ -46.88834, -24.03001 ], [ -46.89345, -24.03441 ], [ -46.89211, -24.03657 ], [ -46.88776, -24.03654 ], [ -46.89304, -24.04013 ], [ -46.89599, -24.03961 ], [ -46.89986, -24.04353 ], [ -46.89959, -24.04617 ], [ -46.90445, -24.0465 ], [ -46.90826, -24.0419 ], [ -46.9147, -24.04443 ], [ -46.91732, -24.04088 ], [ -46.92778, -24.04494 ], [ -46.9314, -24.04155 ], [ -46.94073, -24.04367 ], [ -46.94626, -24.04046 ], [ -46.95244, -24.0451 ], [ -46.96221, -24.04556 ], [ -46.9648, -24.04291 ], [ -46.96787, -24.04583 ], [ -46.96338, -24.05713 ], [ -46.97729, -24.06395 ], [ -46.98246, -24.05798 ], [ -46.98722, -24.05957 ], [ -46.99266, -24.05688 ], [ -46.99516, -24.05095 ], [ -47.00277, -24.05637 ], [ -47.00648, -24.06384 ], [ -47.01697, -24.05626 ], [ -47.01943, -24.0579 ], [ -47.02751, -24.05212 ], [ -47.02529, -24.04512 ], [ -47.02722, -24.04486 ], [ -47.027, -24.04141 ], [ -47.03103, -24.04171 ], [ -47.02968, -24.03914 ], [ -47.03235, -24.03188 ], [ -47.03625, -24.03231 ], [ -47.04006, -24.02385 ], [ -47.04578, -24.02402 ], [ -47.04976, -24.0125 ], [ -47.05641, -24.00915 ], [ -47.06373, -24.01777 ], [ -47.06416, -24.02238 ], [ -47.06841, -24.02512 ], [ -47.07406, -24.02369 ], [ -47.09169, -24.01739 ], [ -47.09232, -24.00973 ], [ -47.09911, -24.00479 ], [ -47.09887, -23.99805 ], [ -47.10664, -23.99355 ], [ -47.11067, -23.99523 ], [ -47.11188, -23.99362 ], [ -47.11827, -23.99802 ], [ -47.12389, -23.99671 ], [ -47.12195, -24.00015 ], [ -47.12294, -24.00767 ], [ -47.1305, -24.00892 ], [ -47.1383, -24.01381 ], [ -47.14238, -24.011 ], [ -47.15029, -24.01029 ], [ -47.15281, -24.00604 ], [ -47.15728, -24.0061 ], [ -47.16169, -24.00284 ], [ -47.17773, -24.00315 ], [ -47.18254, -24.00044 ], [ -47.1874, -24.00222 ], [ -47.19326, -23.99801 ], [ -47.19537, -24.00057 ], [ -47.1998, -24.00068 ], [ -47.20031, -23.99831 ], [ -47.19471, -23.99203 ], [ -47.18863, -23.99093 ], [ -47.19445, -23.98199 ], [ -47.19382, -23.97475 ], [ -47.19662, -23.97592 ], [ -47.19902, -23.97213 ], [ -47.20075, -23.97354 ], [ -47.20058, -23.96881 ], [ -47.20449, -23.97128 ], [ -47.20571, -23.96618 ], [ -47.20842, -23.96476 ], [ -47.20289, -23.95919 ], [ -47.19532, -23.95803 ], [ -47.19365, -23.95339 ], [ -47.19735, -23.95294 ], [ -47.19845, -23.94856 ], [ -47.19998, -23.94977 ], [ -47.20141, -23.94757 ], [ -47.2003, -23.93886 ], [ -47.19428, -23.94194 ], [ -47.18899, -23.93945 ], [ -47.1914, -23.92811 ], [ -47.18748, -23.93138 ], [ -47.18334, -23.93002 ], [ -47.17949, -23.9371 ], [ -47.17859, -23.93316 ], [ -47.17541, -23.93132 ], [ -47.1711, -23.93468 ], [ -47.15954, -23.93553 ], [ -47.15885, -23.927 ], [ -47.15549, -23.9209 ], [ -47.1425, -23.91174 ], [ -47.14261, -23.90877 ], [ -47.13854, -23.90521 ], [ -47.13803, -23.90315 ], [ -47.14414, -23.9014 ], [ -47.13872, -23.8996 ], [ -47.13476, -23.89427 ], [ -47.1366, -23.88977 ], [ -47.13957, -23.88984 ], [ -47.13679, -23.88843 ], [ -47.13682, -23.88573 ], [ -47.13243, -23.88447 ], [ -47.13389, -23.87998 ], [ -47.12727, -23.87672 ], [ -47.12651, -23.87446 ], [ -47.13291, -23.87351 ], [ -47.13223, -23.86946 ], [ -47.12994, -23.86931 ], [ -47.12971, -23.86126 ], [ -47.12525, -23.86059 ], [ -47.12341, -23.85316 ], [ -47.118, -23.84976 ], [ -47.11711, -23.84111 ], [ -47.11047, -23.84223 ], [ -47.10745, -23.8482 ], [ -47.1031, -23.84884 ], [ -47.07244, -23.84184 ], [ -47.06576, -23.84347 ], [ -47.06576, -23.838 ], [ -47.05961, -23.84292 ], [ -47.05667, -23.84162 ], [ -47.05113, -23.84419 ], [ -47.04752, -23.84096 ], [ -47.04304, -23.84066 ], [ -47.04451, -23.83741 ], [ -47.04075, -23.83806 ], [ -47.04217, -23.836 ], [ -47.0382, -23.83528 ] ] ] } },
{ "type": "Feature", "properties": { "rc": "RC 05.01", "uba": "Pedro de Toledo", "regional": "DR 05", "regional_cgr": "CGR 05" }, "geometry": { "type": "Polygon", "coordinates": [ [ [ -47.77453, -24.84688 ], [ -47.77874, -24.84433 ], [ -47.77637, -24.83552 ], [ -47.78254, -24.83129 ], [ -47.78231, -24.82814 ], [ -47.77901, -24.82866 ], [ -47.77326, -24.81614 ], [ -47.77855, -24.80987 ], [ -47.78137, -24.80126 ], [ -47.79229, -24.79887 ], [ -47.79206, -24.79632 ], [ -47.79878, -24.79402 ], [ -47.80194, -24.78965 ], [ -47.80584, -24.79122 ], [ -47.80961, -24.78934 ], [ -47.8105, -24.78494 ], [ -47.82134, -24.77736 ], [ -47.82399, -24.77073 ], [ -47.82857, -24.76687 ], [ -47.83075, -24.75606 ], [ -47.81655, -24.76393 ], [ -47.81436, -24.76898 ], [ -47.80588, -24.7668 ], [ -47.80275, -24.7488 ], [ -47.79342, -24.72748 ], [ -47.78146, -24.71562 ], [ -47.77295, -24.71639 ], [ -47.77314, -24.71173 ], [ -47.76667, -24.70829 ], [ -47.77263, -24.70029 ], [ -47.76885, -24.69297 ], [ -47.76567, -24.69146 ], [ -47.76897, -24.6818 ], [ -47.76063, -24.66774 ], [ -47.74928, -24.66167 ], [ -47.74723, -24.65836 ], [ -47.74677, -24.6411 ], [ -47.74345, -24.63558 ], [ -47.73523, -24.63273 ], [ -47.72448, -24.61957 ], [ -47.71428, -24.61584 ], [ -47.71231, -24.60469 ], [ -47.70946, -24.60142 ], [ -47.70484, -24.59995 ], [ -47.69766, -24.60399 ], [ -47.69366, -24.60178 ], [ -47.6919, -24.58477 ], [ -47.68469, -24.57508 ], [ -47.68822, -24.56035 ], [ -47.68535, -24.5492 ], [ -47.64353, -24.52245 ], [ -47.63858, -24.51724 ], [ -47.63003, -24.51688 ], [ -47.62654, -24.51388 ], [ -47.63236, -24.5 ], [ -47.6456, -24.49293 ], [ -47.64565, -24.48658 ], [ -47.64235, -24.48065 ], [ -47.64444, -24.47027 ], [ -47.63967, -24.46125 ], [ -47.64255, -24.45155 ], [ -47.64846, -24.44366 ], [ -47.65472, -24.42728 ], [ -47.66107, -24.42342 ], [ -47.66666, -24.40952 ], [ -47.67602, -24.39721 ], [ -47.68365, -24.37919 ], [ -47.70362, -24.39141 ], [ -47.70843, -24.39337 ], [ -47.71253, -24.39163 ], [ -47.71855, -24.39781 ], [ -47.73111, -24.3885 ], [ -47.73581, -24.38684 ], [ -47.74077, -24.38861 ], [ -47.75379, -24.38338 ], [ -47.76303, -24.36691 ], [ -47.77817, -24.35598 ], [ -47.78471, -24.35831 ], [ -47.79289, -24.35257 ], [ -47.79926, -24.3515 ], [ -47.80223, -24.35657 ], [ -47.80743, -24.35203 ], [ -47.81416, -24.35811 ], [ -47.81519, -24.36796 ], [ -47.829, -24.3678 ], [ -47.8324, -24.37169 ], [ -47.83536, -24.36388 ], [ -47.83773, -24.36321 ], [ -47.83985, -24.3662 ], [ -47.83267, -24.38182 ], [ -47.83645, -24.39045 ], [ -47.83353, -24.39811 ], [ -47.82352, -24.40319 ], [ -47.83193, -24.41017 ], [ -47.83348, -24.4153 ], [ -47.83866, -24.41557 ], [ -47.83933, -24.41894 ], [ -47.84381, -24.42237 ], [ -47.8504, -24.4209 ], [ -47.85703, -24.42309 ], [ -47.86163, -24.42006 ], [ -47.86509, -24.42264 ], [ -47.86887, -24.42058 ], [ -47.87341, -24.42329 ], [ -47.87819, -24.43245 ], [ -47.89196, -24.43994 ], [ -47.89256, -24.44453 ], [ -47.89885, -24.45269 ], [ -47.90179, -24.45082 ], [ -47.91126, -24.4594 ], [ -47.91275, -24.46405 ], [ -47.91045, -24.46902 ], [ -47.91744, -24.47378 ], [ -47.92715, -24.4736 ], [ -47.92661, -24.4819 ], [ -47.93444, -24.47969 ], [ -47.93718, -24.48446 ], [ -47.95006, -24.48887 ], [ -47.95226, -24.49513 ], [ -47.95834, -24.4916 ], [ -47.96276, -24.49324 ], [ -47.96831, -24.49999 ], [ -47.97675, -24.50267 ], [ -47.98451, -24.51 ], [ -47.99024, -24.50897 ], [ -47.99363, -24.51353 ], [ -48.00624, -24.51467 ], [ -48.00942, -24.51067 ], [ -48.01307, -24.51037 ], [ -48.0039, -24.48997 ], [ -48.0084, -24.48148 ], [ -48.00375, -24.47778 ], [ -48.00197, -24.47209 ], [ -48.00834, -24.46407 ], [ -48.00643, -24.45373 ], [ -48.01394, -24.37795 ], [ -48.01794, -24.37772 ], [ -48.01854, -24.37055 ], [ -48.02511, -24.37097 ], [ -48.03581, -24.3623 ], [ -48.03984, -24.36244 ], [ -48.04167, -24.35527 ], [ -48.04445, -24.35338 ], [ -48.04266, -24.35139 ], [ -48.04686, -24.35051 ], [ -48.04383, -24.34881 ], [ -48.04578, -24.34737 ], [ -48.04489, -24.34438 ], [ -48.04822, -24.34153 ], [ -48.04941, -24.34311 ], [ -48.05067, -24.33986 ], [ -48.05236, -24.34147 ], [ -48.05606, -24.3394 ], [ -48.05403, -24.33805 ], [ -48.05685, -24.33553 ], [ -48.06173, -24.33444 ], [ -48.06473, -24.325 ], [ -48.07622, -24.32167 ], [ -48.07889, -24.3273 ], [ -48.08263, -24.32496 ], [ -48.08574, -24.32715 ], [ -48.0856, -24.32484 ], [ -48.08846, -24.32578 ], [ -48.08956, -24.3219 ], [ -48.09178, -24.32204 ], [ -48.09493, -24.31755 ], [ -48.09793, -24.32045 ], [ -48.10409, -24.3197 ], [ -48.11024, -24.32262 ], [ -48.11408, -24.31734 ], [ -48.11707, -24.31831 ], [ -48.11171, -24.30096 ], [ -48.10715, -24.29646 ], [ -48.10759, -24.28875 ], [ -48.10324, -24.28009 ], [ -48.10868, -24.27339 ], [ -48.10643, -24.27062 ], [ -48.11131, -24.26961 ], [ -48.11, -24.26107 ], [ -48.11489, -24.25514 ], [ -48.11879, -24.25437 ], [ -48.11483, -24.24004 ], [ -48.12321, -24.23394 ], [ -48.1168, -24.22649 ], [ -48.11373, -24.21535 ], [ -48.11534, -24.21105 ], [ -48.12332, -24.20808 ], [ -48.12373, -24.20578 ], [ -48.13295, -24.20362 ], [ -48.13973, -24.19613 ], [ -48.13968, -24.19381 ], [ -48.13348, -24.1938 ], [ -48.1254, -24.19735 ], [ -48.11888, -24.19284 ], [ -48.11355, -24.19965 ], [ -48.09473, -24.20097 ], [ -48.09245, -24.19619 ], [ -48.09444, -24.19344 ], [ -48.08735, -24.19313 ], [ -48.08495, -24.19072 ], [ -48.08114, -24.19257 ], [ -48.06736, -24.18308 ], [ -48.05982, -24.18285 ], [ -48.06113, -24.18027 ], [ -48.05776, -24.1757 ], [ -48.05685, -24.16334 ], [ -48.06009, -24.15906 ], [ -48.05778, -24.1567 ], [ -48.05551, -24.15816 ], [ -48.05064, -24.15611 ], [ -48.05262, -24.15008 ], [ -48.05748, -24.14665 ], [ -48.05199, -24.1433 ], [ -48.05042, -24.13787 ], [ -48.04263, -24.13836 ], [ -48.02661, -24.13326 ], [ -48.02413, -24.13461 ], [ -48.02331, -24.12998 ], [ -48.01649, -24.12828 ], [ -48.01182, -24.13024 ], [ -48.01246, -24.13474 ], [ -48.00867, -24.13472 ], [ -47.99626, -24.12442 ], [ -47.98865, -24.12188 ], [ -47.987, -24.1173 ], [ -47.98165, -24.11365 ], [ -47.95782, -24.11433 ], [ -47.95112, -24.12008 ], [ -47.94668, -24.11718 ], [ -47.94491, -24.10798 ], [ -47.93852, -24.10444 ], [ -47.93936, -24.10057 ], [ -47.93661, -24.09841 ], [ -47.93207, -24.10075 ], [ -47.91503, -24.10043 ], [ -47.90674, -24.09297 ], [ -47.90154, -24.09326 ], [ -47.9023, -24.08881 ], [ -47.89633, -24.08377 ], [ -47.89382, -24.07714 ], [ -47.87652, -24.08049 ], [ -47.87335, -24.07725 ], [ -47.874, -24.07491 ], [ -47.86749, -24.07593 ], [ -47.86709, -24.08644 ], [ -47.86247, -24.08768 ], [ -47.85826, -24.09414 ], [ -47.85574, -24.10335 ], [ -47.86331, -24.11248 ], [ -47.85812, -24.12263 ], [ -47.85191, -24.12001 ], [ -47.85041, -24.11574 ], [ -47.84576, -24.11931 ], [ -47.83154, -24.12056 ], [ -47.82923, -24.12289 ], [ -47.8312, -24.12733 ], [ -47.82914, -24.13186 ], [ -47.82513, -24.13333 ], [ -47.82234, -24.13169 ], [ -47.81697, -24.13348 ], [ -47.80938, -24.13028 ], [ -47.80254, -24.13495 ], [ -47.7988, -24.13327 ], [ -47.79157, -24.13477 ], [ -47.78752, -24.12961 ], [ -47.78179, -24.12803 ], [ -47.77783, -24.12981 ], [ -47.77541, -24.12706 ], [ -47.77276, -24.13387 ], [ -47.75836, -24.13078 ], [ -47.75129, -24.12252 ], [ -47.74475, -24.11991 ], [ -47.73691, -24.12499 ], [ -47.72374, -24.11725 ], [ -47.72563, -24.11 ], [ -47.72323, -24.10622 ], [ -47.73614, -24.10321 ], [ -47.73346, -24.10184 ], [ -47.73074, -24.09305 ], [ -47.72499, -24.08903 ], [ -47.72479, -24.08052 ], [ -47.70871, -24.07137 ], [ -47.7016, -24.07312 ], [ -47.68949, -24.05936 ], [ -47.68438, -24.05659 ], [ -47.67982, -24.04504 ], [ -47.67507, -24.04439 ], [ -47.67377, -24.04088 ], [ -47.66162, -24.0401 ], [ -47.65248, -24.04493 ], [ -47.64988, -24.04056 ], [ -47.64637, -24.04184 ], [ -47.64099, -24.03941 ], [ -47.63802, -24.04118 ], [ -47.63652, -24.03746 ], [ -47.62545, -24.03447 ], [ -47.62236, -24.04139 ], [ -47.61451, -24.04464 ], [ -47.61584, -24.04835 ], [ -47.61324, -24.05189 ], [ -47.61537, -24.06001 ], [ -47.62145, -24.06423 ], [ -47.62074, -24.06784 ], [ -47.63025, -24.07544 ], [ -47.62988, -24.08705 ], [ -47.634, -24.09206 ], [ -47.63557, -24.09952 ], [ -47.63329, -24.10812 ], [ -47.63474, -24.11204 ], [ -47.62876, -24.11387 ], [ -47.62321, -24.11193 ], [ -47.61994, -24.10446 ], [ -47.61573, -24.1034 ], [ -47.61098, -24.09588 ], [ -47.5971, -24.08508 ], [ -47.59631, -24.07979 ], [ -47.59156, -24.08764 ], [ -47.58184, -24.07455 ], [ -47.57669, -24.07798 ], [ -47.57006, -24.07778 ], [ -47.56647, -24.06759 ], [ -47.56766, -24.0629 ], [ -47.56228, -24.04966 ], [ -47.56252, -24.03947 ], [ -47.56042, -24.03825 ], [ -47.55459, -24.04132 ], [ -47.55294, -24.03694 ], [ -47.54278, -24.0371 ], [ -47.53922, -24.03885 ], [ -47.53914, -24.04194 ], [ -47.53162, -24.04365 ], [ -47.52987, -24.04637 ], [ -47.51203, -24.04633 ], [ -47.50248, -24.04982 ], [ -47.49566, -24.05845 ], [ -47.49363, -24.0582 ], [ -47.49447, -24.06555 ], [ -47.49198, -24.06988 ], [ -47.48209, -24.07419 ], [ -47.47716, -24.08091 ], [ -47.46491, -24.0759 ], [ -47.46219, -24.06891 ], [ -47.46295, -24.05992 ], [ -47.45757, -24.05823 ], [ -47.44898, -24.05002 ], [ -47.44805, -24.05311 ], [ -47.43803, -24.05689 ], [ -47.42577, -24.06877 ], [ -47.41719, -24.06585 ], [ -47.41549, -24.06086 ], [ -47.38895, -24.05454 ], [ -47.38581, -24.04935 ], [ -47.37693, -24.04812 ], [ -47.37183, -24.04124 ], [ -47.36839, -24.04245 ], [ -47.3685, -24.03872 ], [ -47.36298, -24.0314 ], [ -47.35567, -24.02907 ], [ -47.35619, -24.02201 ], [ -47.34131, -24.01305 ], [ -47.33445, -24.01229 ], [ -47.33235, -24.01775 ], [ -47.32877, -24.01417 ], [ -47.32407, -24.0173 ], [ -47.31627, -24.01657 ], [ -47.31037, -24.00856 ], [ -47.30156, -24.01115 ], [ -47.29409, -24.01025 ], [ -47.28616, -24.00594 ], [ -47.28443, -24.00649 ], [ -47.28585, -24.01373 ], [ -47.28232, -24.01453 ], [ -47.27762, -24.01066 ], [ -47.27691, -24.0144 ], [ -47.27113, -24.0171 ], [ -47.26901, -24.0146 ], [ -47.26061, -24.01367 ], [ -47.26433, -24.00647 ], [ -47.25728, -24.00525 ], [ -47.25286, -24.00776 ], [ -47.25724, -24.01944 ], [ -47.25338, -24.02321 ], [ -47.25037, -24.02002 ], [ -47.24434, -24.0218 ], [ -47.23816, -24.01605 ], [ -47.23329, -24.01734 ], [ -47.23029, -24.01222 ], [ -47.22154, -24.01432 ], [ -47.21844, -24.01253 ], [ -47.22029, -24.01027 ], [ -47.21438, -24.00669 ], [ -47.21081, -24.00115 ], [ -47.20702, -24.00307 ], [ -47.19537, -24.00057 ], [ -47.19326, -23.99801 ], [ -47.1874, -24.00222 ], [ -47.18254, -24.00044 ], [ -47.17773, -24.00315 ], [ -47.16169, -24.00284 ], [ -47.15728, -24.0061 ], [ -47.15281, -24.00604 ], [ -47.15029, -24.01029 ], [ -47.14238, -24.011 ], [ -47.1383, -24.01381 ], [ -47.1305, -24.00892 ], [ -47.12294, -24.00767 ], [ -47.12195, -24.00015 ], [ -47.12389, -23.99671 ], [ -47.11827, -23.99802 ], [ -47.11188, -23.99362 ], [ -47.11067, -23.99523 ], [ -47.10664, -23.99355 ], [ -47.09887, -23.99805 ], [ -47.09911, -24.00479 ], [ -47.09232, -24.00973 ], [ -47.09169, -24.01739 ], [ -47.06841, -24.02512 ], [ -47.06416, -24.02238 ], [ -47.06373, -24.01777 ], [ -47.05547, -24.00911 ], [ -47.05246, -24.0128 ], [ -47.04952, -24.01283 ], [ -47.04554, -24.02428 ], [ -47.04006, -24.02385 ], [ -47.03625, -24.03231 ], [ -47.03235, -24.03188 ], [ -47.02968, -24.03914 ], [ -47.03103, -24.04171 ], [ -47.027, -24.04141 ], [ -47.02722, -24.04486 ], [ -47.02529, -24.04512 ], [ -47.02808, -24.04932 ], [ -47.02731, -24.05246 ], [ -47.02087, -24.05506 ], [ -47.01943, -24.0579 ], [ -47.01697, -24.05626 ], [ -47.00708, -24.06391 ], [ -47.00277, -24.05637 ], [ -46.99516, -24.05095 ], [ -46.99266, -24.05688 ], [ -46.98722, -24.05957 ], [ -46.98246, -24.05798 ], [ -46.97983, -24.06303 ], [ -46.97666, -24.06392 ], [ -46.96338, -24.05713 ], [ -46.96787, -24.04583 ], [ -46.9648, -24.04291 ], [ -46.96221, -24.04556 ], [ -46.95244, -24.0451 ], [ -46.94626, -24.04046 ], [ -46.94073, -24.04367 ], [ -46.9314, -24.04155 ], [ -46.92778, -24.04494 ], [ -46.91732, -24.04088 ], [ -46.9147, -24.04443 ], [ -46.90826, -24.0419 ], [ -46.90445, -24.0465 ], [ -46.89959, -24.04617 ], [ -46.89986, -24.04353 ], [ -46.89599, -24.03961 ], [ -46.89304, -24.04013 ], [ -46.88776, -24.03654 ], [ -46.89211, -24.03657 ], [ -46.89345, -24.03441 ], [ -46.88834, -24.03001 ], [ -46.88474, -24.03021 ], [ -46.8829, -24.02573 ], [ -46.88456, -24.02309 ], [ -46.87643, -24.02439 ], [ -46.86753, -24.02003 ], [ -46.86762, -24.01685 ], [ -46.87363, -24.01524 ], [ -46.87045, -24.01551 ], [ -46.8677, -24.01105 ], [ -46.87026, -24.0015 ], [ -46.87657, -23.99892 ], [ -46.88265, -23.98993 ], [ -46.88129, -23.98316 ], [ -46.87388, -23.97797 ], [ -46.86806, -23.97997 ], [ -46.85647, -23.97087 ], [ -46.85473, -23.97335 ], [ -46.84924, -23.9651 ], [ -46.84553, -23.9622 ], [ -46.84027, -23.96231 ], [ -46.83968, -23.95854 ], [ -46.83478, -23.95592 ], [ -46.82367, -23.95619 ], [ -46.8234, -23.9537 ], [ -46.82896, -23.95071 ], [ -46.8302, -23.94729 ], [ -46.82167, -23.94433 ], [ -46.82067, -23.94191 ], [ -46.81728, -23.94323 ], [ -46.81489, -23.93963 ], [ -46.80774, -23.94034 ], [ -46.80264, -23.93808 ], [ -46.79671, -23.93966 ], [ -46.79332, -23.94389 ], [ -46.78844, -23.94081 ], [ -46.78077, -23.949 ], [ -46.77419, -23.94988 ], [ -46.775, -23.95707 ], [ -46.77092, -23.96142 ], [ -46.76525, -23.96165 ], [ -46.76275, -23.96414 ], [ -46.76301, -23.96802 ], [ -46.75494, -23.97272 ], [ -46.76216, -23.98783 ], [ -46.76645, -23.99162 ], [ -46.76809, -23.99894 ], [ -46.77386, -24.00239 ], [ -46.77202, -24.00637 ], [ -46.76193, -24.00452 ], [ -46.75316, -23.99942 ], [ -46.75318, -23.99611 ], [ -46.74358, -23.992 ], [ -46.73208, -23.99545 ], [ -46.72639, -23.99569 ], [ -46.7217, -23.99279 ], [ -46.71795, -23.99575 ], [ -46.71152, -23.99595 ], [ -46.68512, -23.98222 ], [ -46.67932, -23.98881 ], [ -46.66197, -23.98795 ], [ -46.64328, -24.0108 ], [ -46.63624, -24.00935 ], [ -46.63004, -24.01136 ], [ -46.61848, -24.00725 ], [ -46.61421, -24.00182 ], [ -46.6097, -24.00138 ], [ -46.60159, -23.99545 ], [ -46.59307, -23.9975 ], [ -46.58736, -23.98847 ], [ -46.57557, -23.983 ], [ -46.57643, -23.98042 ], [ -46.56896, -23.97037 ], [ -46.55741, -23.96656 ], [ -46.54791, -23.95648 ], [ -46.52582, -23.94678 ], [ -46.51961, -23.94872 ], [ -46.51745, -23.95236 ], [ -46.52403, -23.96185 ], [ -46.51845, -23.96648 ], [ -46.51423, -23.96673 ], [ -46.51045, -23.97164 ], [ -46.51338, -23.97529 ], [ -46.5101, -23.97783 ], [ -46.50911, -23.98796 ], [ -46.4952, -23.99751 ], [ -46.49617, -24.00203 ], [ -46.49256, -24.00387 ], [ -46.48578, -23.99919 ], [ -46.48339, -24.00693 ], [ -46.48209, -24.00486 ], [ -46.47653, -24.00574 ], [ -46.47308, -24.00241 ], [ -46.46904, -24.00294 ], [ -46.47053, -23.99518 ], [ -46.46436, -23.99913 ], [ -46.46467, -23.99388 ], [ -46.45348, -23.99008 ], [ -46.44635, -23.98258 ], [ -46.44057, -23.98535 ], [ -46.43461, -23.98504 ], [ -46.43236, -23.97772 ], [ -46.42313, -23.97699 ], [ -46.40894, -23.98635 ], [ -46.40066, -23.98444 ], [ -46.39541, -23.99517 ], [ -46.39144, -23.9979 ], [ -46.38882, -24.00524 ], [ -46.39207, -24.00776 ], [ -46.39108, -24.01285 ], [ -46.38339, -24.01768 ], [ -46.39009, -24.01715 ], [ -46.39026, -24.02383 ], [ -46.39921, -24.03368 ], [ -46.40169, -24.03204 ], [ -46.39903, -24.02661 ], [ -46.3992, -24.01869 ], [ -46.40928, -24.01542 ], [ -46.41981, -24.01531 ], [ -46.44781, -24.02169 ], [ -46.49811, -24.03987 ], [ -46.66947, -24.1214 ], [ -46.78929, -24.18744 ], [ -46.79486, -24.194 ], [ -46.8012, -24.19533 ], [ -46.80539, -24.20029 ], [ -46.81649, -24.20137 ], [ -46.84569, -24.2177 ], [ -46.92889, -24.27142 ], [ -46.96302, -24.2965 ], [ -47.00056, -24.3289 ], [ -47.00359, -24.33621 ], [ -47.00062, -24.34066 ], [ -47.00253, -24.34488 ], [ -46.99943, -24.35055 ], [ -46.9964, -24.35111 ], [ -46.99891, -24.3515 ], [ -47.0059, -24.36508 ], [ -47.01791, -24.37443 ], [ -47.01702, -24.38624 ], [ -47.0085, -24.38795 ], [ -47.01132, -24.38978 ], [ -47.00993, -24.39521 ], [ -47.00122, -24.39771 ], [ -47.00635, -24.40102 ], [ -47.00364, -24.40839 ], [ -47.00961, -24.40956 ], [ -47.00798, -24.41322 ], [ -47.01504, -24.41109 ], [ -47.02215, -24.41609 ], [ -47.02042, -24.41974 ], [ -47.0256, -24.42441 ], [ -47.0376, -24.42576 ], [ -47.04828, -24.42963 ], [ -47.04848, -24.43187 ], [ -47.05489, -24.43196 ], [ -47.0577, -24.43547 ], [ -47.07982, -24.44541 ], [ -47.08616, -24.45196 ], [ -47.13896, -24.48726 ], [ -47.18667, -24.52485 ], [ -47.1877, -24.53401 ], [ -47.20247, -24.53939 ], [ -47.22714, -24.55796 ], [ -47.22467, -24.56603 ], [ -47.22784, -24.57077 ], [ -47.23678, -24.57106 ], [ -47.25234, -24.57661 ], [ -47.36025, -24.64141 ], [ -47.3936, -24.6591 ], [ -47.4015, -24.66761 ], [ -47.43388, -24.68846 ], [ -47.43321, -24.68022 ], [ -47.43708, -24.67435 ], [ -47.45048, -24.69003 ], [ -47.47667, -24.70498 ], [ -47.48555, -24.70559 ], [ -47.51186, -24.70055 ], [ -47.54109, -24.70607 ], [ -47.55084, -24.72099 ], [ -47.58248, -24.73819 ], [ -47.59023, -24.74648 ], [ -47.60496, -24.7509 ], [ -47.62801, -24.76303 ], [ -47.63905, -24.77408 ], [ -47.66834, -24.79417 ], [ -47.68682, -24.81433 ], [ -47.71928, -24.8318 ], [ -47.73401, -24.83516 ], [ -47.73862, -24.82944 ], [ -47.74807, -24.83144 ], [ -47.74651, -24.83752 ], [ -47.75039, -24.8414 ], [ -47.75657, -24.84078 ], [ -47.75682, -24.83506 ], [ -47.76298, -24.83282 ], [ -47.7647, -24.83506 ], [ -47.76158, -24.83699 ], [ -47.76763, -24.84035 ], [ -47.77151, -24.8391 ], [ -47.76954, -24.8445 ], [ -47.77379, -24.84221 ], [ -47.77453, -24.84688 ] ] ] } },
{ "type": "Feature", "properties": { "rc": "RC 14.02", "uba": "Bebedouro", "regional": "DR 14", "regional_cgr": "CGR 14" }, "geometry": { "type": "Polygon", "coordinates": [ [ [ -48.45258, -21.21167 ], [ -48.45919, -21.20188 ], [ -48.45321, -21.18337 ], [ -48.47745, -21.17897 ], [ -48.49799, -21.18368 ], [ -48.50827, -21.18232 ], [ -48.51356, -21.18534 ], [ -48.51486, -21.18975 ], [ -48.51981, -21.1873 ], [ -48.52782, -21.189 ], [ -48.53602, -21.18488 ], [ -48.53927, -21.16858 ], [ -48.57176, -21.16191 ], [ -48.58103, -21.16521 ], [ -48.58436, -21.18461 ], [ -48.58123, -21.20468 ], [ -48.58473, -21.21332 ], [ -48.59971, -21.21131 ], [ -48.60853, -21.20135 ], [ -48.62591, -21.19595 ], [ -48.63307, -21.19947 ], [ -48.63862, -21.20662 ], [ -48.65231, -21.21038 ], [ -48.66087, -21.20601 ], [ -48.66762, -21.20548 ], [ -48.67295, -21.20647 ], [ -48.67858, -21.21154 ], [ -48.68251, -21.20848 ], [ -48.69528, -21.21154 ], [ -48.70106, -21.20992 ], [ -48.72393, -21.18938 ], [ -48.7249, -21.18057 ], [ -48.72856, -21.17798 ], [ -48.72659, -21.17264 ], [ -48.72786, -21.16658 ], [ -48.73596, -21.14893 ], [ -48.74598, -21.14777 ], [ -48.74865, -21.14549 ], [ -48.74883, -21.13991 ], [ -48.75452, -21.13474 ], [ -48.75994, -21.13403 ], [ -48.75819, -21.12002 ], [ -48.76471, -21.11923 ], [ -48.77031, -21.10826 ], [ -48.77659, -21.1091 ], [ -48.7779, -21.10575 ], [ -48.77482, -21.10412 ], [ -48.77716, -21.09875 ], [ -48.78389, -21.09959 ], [ -48.78642, -21.09683 ], [ -48.78528, -21.09032 ], [ -48.79255, -21.08583 ], [ -48.79007, -21.07976 ], [ -48.796, -21.07676 ], [ -48.8015, -21.07837 ], [ -48.80549, -21.07262 ], [ -48.80903, -21.07142 ], [ -48.80451, -21.05863 ], [ -48.82014, -21.0548 ], [ -48.81611, -21.04251 ], [ -48.81936, -21.04113 ], [ -48.81677, -21.03633 ], [ -48.81761, -21.0321 ], [ -48.82602, -21.02873 ], [ -48.831, -21.03003 ], [ -48.83031, -21.02113 ], [ -48.83564, -21.01619 ], [ -48.84442, -21.01518 ], [ -48.83429, -21.00485 ], [ -48.81606, -20.99915 ], [ -48.81492, -20.99131 ], [ -48.80954, -20.99113 ], [ -48.80475, -20.98695 ], [ -48.80086, -20.97 ], [ -48.79467, -20.95975 ], [ -48.79078, -20.94496 ], [ -48.79597, -20.93403 ], [ -48.78935, -20.93254 ], [ -48.78706, -20.93414 ], [ -48.77292, -20.92622 ], [ -48.76627, -20.91702 ], [ -48.75954, -20.91313 ], [ -48.75299, -20.90272 ], [ -48.75042, -20.9018 ], [ -48.74771, -20.90447 ], [ -48.74404, -20.90246 ], [ -48.74472, -20.89347 ], [ -48.7517, -20.88585 ], [ -48.75433, -20.87673 ], [ -48.74477, -20.86856 ], [ -48.74998, -20.85132 ], [ -48.74452, -20.84255 ], [ -48.74668, -20.83066 ], [ -48.73891, -20.8217 ], [ -48.72772, -20.82118 ], [ -48.71927, -20.81196 ], [ -48.71265, -20.82277 ], [ -48.70346, -20.82753 ], [ -48.70315, -20.8314 ], [ -48.69712, -20.83669 ], [ -48.68868, -20.84052 ], [ -48.68251, -20.83431 ], [ -48.66837, -20.82933 ], [ -48.66073, -20.8334 ], [ -48.65027, -20.83333 ], [ -48.64587, -20.83007 ], [ -48.64498, -20.8197 ], [ -48.64179, -20.81836 ], [ -48.63625, -20.81848 ], [ -48.63326, -20.82298 ], [ -48.62045, -20.82507 ], [ -48.61112, -20.83417 ], [ -48.59124, -20.81865 ], [ -48.57901, -20.81445 ], [ -48.57308, -20.80976 ], [ -48.56291, -20.80818 ], [ -48.55753, -20.80232 ], [ -48.54616, -20.79583 ], [ -48.53494, -20.79771 ], [ -48.52483, -20.79219 ], [ -48.52003, -20.79371 ], [ -48.51563, -20.79157 ], [ -48.49875, -20.79394 ], [ -48.49226, -20.80091 ], [ -48.48421, -20.79763 ], [ -48.46831, -20.79919 ], [ -48.46698, -20.79508 ], [ -48.46157, -20.79342 ], [ -48.4606, -20.78825 ], [ -48.45394, -20.78571 ], [ -48.4491, -20.7882 ], [ -48.44537, -20.78588 ], [ -48.45107, -20.7766 ], [ -48.44523, -20.77506 ], [ -48.44531, -20.77071 ], [ -48.43936, -20.77314 ], [ -48.43194, -20.77087 ], [ -48.42562, -20.76256 ], [ -48.42795, -20.76023 ], [ -48.43155, -20.76179 ], [ -48.43185, -20.75679 ], [ -48.43683, -20.75788 ], [ -48.44172, -20.7521 ], [ -48.42791, -20.7513 ], [ -48.42462, -20.75053 ], [ -48.42353, -20.74748 ], [ -48.41972, -20.74921 ], [ -48.41328, -20.74614 ], [ -48.41115, -20.74173 ], [ -48.40612, -20.7418 ], [ -48.39824, -20.73678 ], [ -48.39654, -20.7328 ], [ -48.38928, -20.73074 ], [ -48.38959, -20.72806 ], [ -48.38476, -20.72643 ], [ -48.38441, -20.7236 ], [ -48.3739, -20.72227 ], [ -48.37263, -20.71844 ], [ -48.36858, -20.71952 ], [ -48.36737, -20.71535 ], [ -48.36503, -20.71684 ], [ -48.36163, -20.71285 ], [ -48.35821, -20.71315 ], [ -48.35786, -20.70573 ], [ -48.34055, -20.70162 ], [ -48.33877, -20.69426 ], [ -48.32088, -20.72465 ], [ -48.31667, -20.72552 ], [ -48.29532, -20.72007 ], [ -48.29026, -20.7229 ], [ -48.28323, -20.73746 ], [ -48.27899, -20.74116 ], [ -48.27105, -20.74346 ], [ -48.26231, -20.73781 ], [ -48.257, -20.74058 ], [ -48.24876, -20.75802 ], [ -48.24337, -20.77649 ], [ -48.2504, -20.78889 ], [ -48.25694, -20.79512 ], [ -48.25663, -20.80331 ], [ -48.25158, -20.80928 ], [ -48.23618, -20.81377 ], [ -48.2325, -20.81873 ], [ -48.23441, -20.83036 ], [ -48.24395, -20.84214 ], [ -48.24263, -20.84895 ], [ -48.22801, -20.85723 ], [ -48.20782, -20.87526 ], [ -48.21867, -20.8919 ], [ -48.22982, -20.90016 ], [ -48.25798, -20.9307 ], [ -48.26837, -20.93816 ], [ -48.27349, -20.93917 ], [ -48.27511, -20.94355 ], [ -48.28442, -20.95238 ], [ -48.31582, -20.95161 ], [ -48.3385, -20.9551 ], [ -48.36725, -20.94866 ], [ -48.37374, -20.95951 ], [ -48.37324, -20.96301 ], [ -48.37837, -20.96809 ], [ -48.37902, -20.97617 ], [ -48.38267, -20.98355 ], [ -48.3807, -21.00129 ], [ -48.37675, -21.00714 ], [ -48.38575, -21.00847 ], [ -48.40125, -21.00525 ], [ -48.4059, -21.01671 ], [ -48.43308, -21.03709 ], [ -48.43005, -21.04946 ], [ -48.42268, -21.04784 ], [ -48.41517, -21.04927 ], [ -48.39705, -21.04271 ], [ -48.38816, -21.04408 ], [ -48.38304, -21.05304 ], [ -48.37302, -21.05801 ], [ -48.35888, -21.05606 ], [ -48.34636, -21.05865 ], [ -48.32184, -21.05216 ], [ -48.31688, -21.05832 ], [ -48.31808, -21.06051 ], [ -48.32048, -21.05895 ], [ -48.32533, -21.06261 ], [ -48.33284, -21.06401 ], [ -48.34177, -21.07419 ], [ -48.35379, -21.08153 ], [ -48.34518, -21.10487 ], [ -48.35957, -21.1032 ], [ -48.37451, -21.10925 ], [ -48.37387, -21.11292 ], [ -48.36472, -21.11876 ], [ -48.35342, -21.11987 ], [ -48.34748, -21.13005 ], [ -48.36203, -21.13948 ], [ -48.38601, -21.16822 ], [ -48.4028, -21.1727 ], [ -48.41729, -21.17039 ], [ -48.4206, -21.17197 ], [ -48.4245, -21.17906 ], [ -48.42697, -21.19507 ], [ -48.43525, -21.20045 ], [ -48.43853, -21.19978 ], [ -48.44318, -21.20877 ], [ -48.45258, -21.21167 ] ] ] } },
{ "type": "Feature", "properties": { "rc": "RC 03.02", "uba": "Jaú", "regional": "DR 03", "regional_cgr": "CGR 03" }, "geometry": { "type": "Polygon", "coordinates": [ [ [ -48.34041, -22.18039 ], [ -48.33299, -22.18425 ], [ -48.33112, -22.18871 ], [ -48.32331, -22.1888 ], [ -48.32219, -22.19368 ], [ -48.31619, -22.19347 ], [ -48.31285, -22.19998 ], [ -48.31989, -22.21275 ], [ -48.32568, -22.21475 ], [ -48.32658, -22.21736 ], [ -48.32093, -22.23347 ], [ -48.32692, -22.24711 ], [ -48.32484, -22.25009 ], [ -48.32668, -22.26074 ], [ -48.32993, -22.26609 ], [ -48.3301, -22.26813 ], [ -48.32266, -22.26399 ], [ -48.32148, -22.27002 ], [ -48.31712, -22.26619 ], [ -48.3135, -22.2698 ], [ -48.31446, -22.27602 ], [ -48.31082, -22.27059 ], [ -48.31097, -22.26531 ], [ -48.29784, -22.26817 ], [ -48.29357, -22.26613 ], [ -48.29178, -22.26803 ], [ -48.29413, -22.27541 ], [ -48.29982, -22.27684 ], [ -48.29686, -22.28179 ], [ -48.29989, -22.28606 ], [ -48.29643, -22.28764 ], [ -48.29165, -22.28085 ], [ -48.28736, -22.28074 ], [ -48.28372, -22.28565 ], [ -48.28452, -22.28838 ], [ -48.28033, -22.29155 ], [ -48.28143, -22.29669 ], [ -48.27659, -22.29973 ], [ -48.27604, -22.30434 ], [ -48.27204, -22.30348 ], [ -48.26857, -22.30812 ], [ -48.26528, -22.32014 ], [ -48.25901, -22.32611 ], [ -48.25645, -22.33544 ], [ -48.24406, -22.35001 ], [ -48.2393, -22.36642 ], [ -48.24291, -22.3727 ], [ -48.24256, -22.37698 ], [ -48.23705, -22.39052 ], [ -48.23899, -22.39264 ], [ -48.24421, -22.39189 ], [ -48.25194, -22.38763 ], [ -48.26866, -22.40672 ], [ -48.26711, -22.41283 ], [ -48.27782, -22.42301 ], [ -48.27871, -22.42655 ], [ -48.26895, -22.44751 ], [ -48.25691, -22.45732 ], [ -48.25444, -22.46272 ], [ -48.24414, -22.46757 ], [ -48.24487, -22.47631 ], [ -48.24302, -22.47895 ], [ -48.25747, -22.4916 ], [ -48.27041, -22.49233 ], [ -48.27672, -22.49523 ], [ -48.28228, -22.50692 ], [ -48.28354, -22.51947 ], [ -48.28949, -22.52504 ], [ -48.27222, -22.5282 ], [ -48.2454, -22.51405 ], [ -48.23505, -22.52006 ], [ -48.23931, -22.5198 ], [ -48.2479, -22.52537 ], [ -48.25273, -22.53511 ], [ -48.2605, -22.5408 ], [ -48.25306, -22.55036 ], [ -48.25632, -22.55544 ], [ -48.24859, -22.56975 ], [ -48.24801, -22.57896 ], [ -48.25696, -22.59994 ], [ -48.26149, -22.60493 ], [ -48.26905, -22.59624 ], [ -48.28135, -22.59622 ], [ -48.31039, -22.60795 ], [ -48.33178, -22.62472 ], [ -48.34191, -22.62199 ], [ -48.35234, -22.61252 ], [ -48.36434, -22.60962 ], [ -48.37227, -22.59397 ], [ -48.38426, -22.57942 ], [ -48.41284, -22.55704 ], [ -48.43605, -22.54415 ], [ -48.45137, -22.53915 ], [ -48.48817, -22.54647 ], [ -48.49233, -22.5427 ], [ -48.50017, -22.52688 ], [ -48.50475, -22.52551 ], [ -48.51937, -22.52914 ], [ -48.52801, -22.52725 ], [ -48.54798, -22.50504 ], [ -48.55899, -22.49944 ], [ -48.59975, -22.50962 ], [ -48.62106, -22.5017 ], [ -48.62946, -22.50487 ], [ -48.62844, -22.5105 ], [ -48.63029, -22.5116 ], [ -48.63621, -22.51033 ], [ -48.64351, -22.5122 ], [ -48.63928, -22.52009 ], [ -48.64339, -22.52011 ], [ -48.64595, -22.5159 ], [ -48.64759, -22.52565 ], [ -48.65388, -22.52686 ], [ -48.65415, -22.52939 ], [ -48.65127, -22.5311 ], [ -48.65685, -22.53657 ], [ -48.65544, -22.5395 ], [ -48.65978, -22.53962 ], [ -48.65979, -22.54492 ], [ -48.66405, -22.54342 ], [ -48.66943, -22.54581 ], [ -48.6703, -22.54751 ], [ -48.66673, -22.54897 ], [ -48.6675, -22.55148 ], [ -48.67306, -22.55054 ], [ -48.67621, -22.55528 ], [ -48.68157, -22.55713 ], [ -48.69851, -22.55863 ], [ -48.70796, -22.55501 ], [ -48.73015, -22.55602 ], [ -48.74525, -22.55338 ], [ -48.75212, -22.55693 ], [ -48.75728, -22.55546 ], [ -48.76224, -22.55866 ], [ -48.78011, -22.54558 ], [ -48.78714, -22.53633 ], [ -48.79488, -22.53771 ], [ -48.80317, -22.54442 ], [ -48.81347, -22.54278 ], [ -48.8181, -22.53647 ], [ -48.82068, -22.51353 ], [ -48.81583, -22.49973 ], [ -48.81667, -22.49478 ], [ -48.82717, -22.4881 ], [ -48.84442, -22.48999 ], [ -48.86109, -22.48367 ], [ -48.85584, -22.46806 ], [ -48.85008, -22.46181 ], [ -48.85649, -22.46127 ], [ -48.86271, -22.45526 ], [ -48.86056, -22.43902 ], [ -48.86234, -22.43002 ], [ -48.85906, -22.42531 ], [ -48.85463, -22.40807 ], [ -48.85451, -22.39865 ], [ -48.85817, -22.39236 ], [ -48.87442, -22.38835 ], [ -48.88581, -22.38021 ], [ -48.89347, -22.39182 ], [ -48.91612, -22.39773 ], [ -48.91731, -22.38924 ], [ -48.91299, -22.38208 ], [ -48.91457, -22.36613 ], [ -48.9117, -22.33735 ], [ -48.93157, -22.34127 ], [ -48.93821, -22.34019 ], [ -48.95278, -22.32597 ], [ -48.95887, -22.32919 ], [ -48.96118, -22.33517 ], [ -48.97116, -22.33264 ], [ -48.974, -22.32741 ], [ -48.97255, -22.31821 ], [ -48.9741, -22.31342 ], [ -48.99612, -22.29969 ], [ -48.99787, -22.29169 ], [ -49.01275, -22.28832 ], [ -49.01803, -22.28179 ], [ -49.02843, -22.27911 ], [ -49.03649, -22.27385 ], [ -49.0452, -22.2609 ], [ -49.05494, -22.23127 ], [ -49.05416, -22.22722 ], [ -49.04658, -22.22266 ], [ -49.04864, -22.21805 ], [ -49.04438, -22.21151 ], [ -49.04012, -22.20912 ], [ -49.03403, -22.20804 ], [ -49.03018, -22.21655 ], [ -49.01588, -22.21372 ], [ -49.00945, -22.21893 ], [ -48.98959, -22.21432 ], [ -48.97223, -22.20114 ], [ -48.95126, -22.17767 ], [ -48.93564, -22.16653 ], [ -48.92797, -22.15621 ], [ -48.91661, -22.14665 ], [ -48.90453, -22.12086 ], [ -48.88681, -22.11052 ], [ -48.87972, -22.10951 ], [ -48.86843, -22.09206 ], [ -48.86463, -22.08908 ], [ -48.8587, -22.089 ], [ -48.85181, -22.05734 ], [ -48.85455, -22.03588 ], [ -48.86515, -22.02422 ], [ -48.87851, -22.02197 ], [ -48.88289, -22.01996 ], [ -48.886, -22.01501 ], [ -48.88486, -22.00035 ], [ -48.86377, -21.96804 ], [ -48.86355, -21.95899 ], [ -48.87844, -21.94065 ], [ -48.9046, -21.93273 ], [ -48.90869, -21.92641 ], [ -48.90842, -21.91962 ], [ -48.90496, -21.91505 ], [ -48.89618, -21.91102 ], [ -48.89422, -21.90669 ], [ -48.87744, -21.92098 ], [ -48.87126, -21.91386 ], [ -48.85925, -21.91436 ], [ -48.84856, -21.9099 ], [ -48.84084, -21.90282 ], [ -48.83994, -21.89901 ], [ -48.83247, -21.8974 ], [ -48.83499, -21.89289 ], [ -48.83072, -21.88994 ], [ -48.82767, -21.89239 ], [ -48.82226, -21.88908 ], [ -48.82093, -21.89202 ], [ -48.81908, -21.89 ], [ -48.81028, -21.89315 ], [ -48.80804, -21.89283 ], [ -48.80932, -21.89014 ], [ -48.80653, -21.89278 ], [ -48.80578, -21.89134 ], [ -48.80022, -21.89372 ], [ -48.79939, -21.89186 ], [ -48.79908, -21.89475 ], [ -48.79313, -21.89139 ], [ -48.78575, -21.89597 ], [ -48.78568, -21.89362 ], [ -48.78063, -21.8934 ], [ -48.77928, -21.89533 ], [ -48.76784, -21.88896 ], [ -48.7473, -21.89267 ], [ -48.73321, -21.88942 ], [ -48.72704, -21.8913 ], [ -48.72583, -21.8968 ], [ -48.72062, -21.9012 ], [ -48.72116, -21.90876 ], [ -48.71974, -21.90734 ], [ -48.71869, -21.90953 ], [ -48.71606, -21.90993 ], [ -48.71645, -21.90821 ], [ -48.71263, -21.91037 ], [ -48.71096, -21.90848 ], [ -48.70657, -21.91004 ], [ -48.70542, -21.91309 ], [ -48.69932, -21.91052 ], [ -48.69687, -21.91292 ], [ -48.69204, -21.91175 ], [ -48.68651, -21.9137 ], [ -48.68376, -21.9195 ], [ -48.68616, -21.92088 ], [ -48.67725, -21.93017 ], [ -48.67839, -21.93267 ], [ -48.67534, -21.93639 ], [ -48.67004, -21.93918 ], [ -48.66898, -21.94166 ], [ -48.67223, -21.94381 ], [ -48.66974, -21.94956 ], [ -48.6654, -21.94951 ], [ -48.65758, -21.95432 ], [ -48.65664, -21.95976 ], [ -48.65403, -21.95979 ], [ -48.651, -21.96397 ], [ -48.6485, -21.96325 ], [ -48.64641, -21.96917 ], [ -48.63505, -21.96995 ], [ -48.63368, -21.96776 ], [ -48.62814, -21.96993 ], [ -48.62368, -21.97577 ], [ -48.61971, -21.97666 ], [ -48.62034, -21.97824 ], [ -48.61271, -21.97776 ], [ -48.61142, -21.98143 ], [ -48.61345, -21.9837 ], [ -48.61159, -21.98542 ], [ -48.59607, -21.98794 ], [ -48.59289, -21.99277 ], [ -48.59346, -21.99622 ], [ -48.58993, -21.99631 ], [ -48.58727, -22.00004 ], [ -48.56945, -22.00204 ], [ -48.5647, -22.00452 ], [ -48.55445, -22.01604 ], [ -48.55297, -22.02342 ], [ -48.54789, -22.02402 ], [ -48.5466, -22.03265 ], [ -48.54224, -22.03507 ], [ -48.53716, -22.03458 ], [ -48.53111, -22.0285 ], [ -48.50465, -22.01985 ], [ -48.49619, -22.01075 ], [ -48.48549, -22.01341 ], [ -48.48074, -22.01204 ], [ -48.48719, -22.02668 ], [ -48.48099, -22.03189 ], [ -48.47693, -22.04147 ], [ -48.46697, -22.04513 ], [ -48.46376, -22.04877 ], [ -48.45738, -22.048 ], [ -48.45288, -22.0509 ], [ -48.45039, -22.05801 ], [ -48.44482, -22.06307 ], [ -48.44508, -22.07337 ], [ -48.4385, -22.07447 ], [ -48.43947, -22.07738 ], [ -48.43728, -22.07854 ], [ -48.43391, -22.07735 ], [ -48.43604, -22.08333 ], [ -48.43361, -22.08339 ], [ -48.43322, -22.08756 ], [ -48.42471, -22.08937 ], [ -48.4224, -22.09376 ], [ -48.41986, -22.08987 ], [ -48.41528, -22.08893 ], [ -48.41388, -22.09315 ], [ -48.40863, -22.09376 ], [ -48.40552, -22.09749 ], [ -48.40688, -22.09892 ], [ -48.40204, -22.10239 ], [ -48.40323, -22.10772 ], [ -48.39591, -22.11165 ], [ -48.39874, -22.11277 ], [ -48.39466, -22.11412 ], [ -48.39783, -22.11619 ], [ -48.39517, -22.12068 ], [ -48.39729, -22.12373 ], [ -48.39522, -22.1293 ], [ -48.39767, -22.1316 ], [ -48.39232, -22.13831 ], [ -48.39286, -22.14513 ], [ -48.39547, -22.14714 ], [ -48.39018, -22.14752 ], [ -48.39268, -22.15129 ], [ -48.38615, -22.15254 ], [ -48.38765, -22.15909 ], [ -48.37596, -22.16191 ], [ -48.37334, -22.16406 ], [ -48.3747, -22.16655 ], [ -48.37157, -22.16783 ], [ -48.36825, -22.1666 ], [ -48.36829, -22.16434 ], [ -48.35556, -22.16644 ], [ -48.35398, -22.17004 ], [ -48.34402, -22.1721 ], [ -48.34508, -22.17778 ], [ -48.34041, -22.18039 ] ] ] } },
{ "type": "Feature", "properties": { "rc": "RC 09.03", "uba": "São José do Rio Preto", "regional": "DR 09", "regional_cgr": "CGR 09" }, "geometry": { "type": "Polygon", "coordinates": [ [ [ -49.58961, -21.36212 ], [ -49.60727, -21.36023 ], [ -49.63915, -21.35225 ], [ -49.65924, -21.35202 ], [ -49.67026, -21.34893 ], [ -49.67843, -21.35236 ], [ -49.68591, -21.36327 ], [ -49.69447, -21.36374 ], [ -49.69995, -21.35834 ], [ -49.69636, -21.34291 ], [ -49.69992, -21.33676 ], [ -49.71268, -21.33496 ], [ -49.71911, -21.33835 ], [ -49.72445, -21.34547 ], [ -49.72792, -21.34447 ], [ -49.74608, -21.31465 ], [ -49.74317, -21.30164 ], [ -49.74533, -21.29674 ], [ -49.75291, -21.2963 ], [ -49.76719, -21.30583 ], [ -49.77102, -21.30586 ], [ -49.79057, -21.29475 ], [ -49.80217, -21.29305 ], [ -49.81731, -21.27919 ], [ -49.8465, -21.2721 ], [ -49.85596, -21.25984 ], [ -49.84762, -21.25843 ], [ -49.84098, -21.25035 ], [ -49.8248, -21.23778 ], [ -49.8152, -21.21107 ], [ -49.81491, -21.20333 ], [ -49.80284, -21.20333 ], [ -49.78932, -21.2089 ], [ -49.78397, -21.2085 ], [ -49.78564, -21.20016 ], [ -49.78391, -21.19259 ], [ -49.77333, -21.17777 ], [ -49.76396, -21.15352 ], [ -49.74965, -21.15094 ], [ -49.74731, -21.14514 ], [ -49.73614, -21.13457 ], [ -49.72701, -21.13317 ], [ -49.71967, -21.13715 ], [ -49.68936, -21.13087 ], [ -49.6754, -21.13492 ], [ -49.67129, -21.12994 ], [ -49.6616, -21.12652 ], [ -49.66238, -21.13119 ], [ -49.6598, -21.13479 ], [ -49.66185, -21.15559 ], [ -49.65965, -21.15858 ], [ -49.66074, -21.161 ], [ -49.65526, -21.16393 ], [ -49.65136, -21.15671 ], [ -49.64662, -21.15693 ], [ -49.64149, -21.14989 ], [ -49.63764, -21.15044 ], [ -49.63765, -21.147 ], [ -49.6282, -21.14212 ], [ -49.62033, -21.13327 ], [ -49.61801, -21.12609 ], [ -49.61133, -21.11976 ], [ -49.60471, -21.12057 ], [ -49.60013, -21.1166 ], [ -49.59342, -21.11872 ], [ -49.58909, -21.11555 ], [ -49.58438, -21.11766 ], [ -49.57746, -21.11648 ], [ -49.57449, -21.11017 ], [ -49.57552, -21.10228 ], [ -49.57127, -21.09311 ], [ -49.5718, -21.08538 ], [ -49.56909, -21.08175 ], [ -49.57406, -21.07341 ], [ -49.5682, -21.06684 ], [ -49.56291, -21.06505 ], [ -49.56353, -21.05807 ], [ -49.56179, -21.05714 ], [ -49.56735, -21.04905 ], [ -49.56354, -21.03883 ], [ -49.55992, -21.03819 ], [ -49.55745, -21.0247 ], [ -49.55895, -21.02297 ], [ -49.57323, -21.01654 ], [ -49.58426, -21.02431 ], [ -49.60303, -21.02511 ], [ -49.60377, -21.00278 ], [ -49.61241, -21.00252 ], [ -49.61116, -20.99552 ], [ -49.61304, -20.99195 ], [ -49.62062, -20.99105 ], [ -49.62786, -20.98605 ], [ -49.62789, -20.97874 ], [ -49.63519, -20.97125 ], [ -49.64015, -20.97224 ], [ -49.65349, -20.99434 ], [ -49.65548, -20.99061 ], [ -49.65361, -20.98082 ], [ -49.65859, -20.97558 ], [ -49.65811, -20.96991 ], [ -49.66756, -20.96489 ], [ -49.68302, -20.96639 ], [ -49.68656, -20.97002 ], [ -49.69586, -20.96584 ], [ -49.70621, -20.97235 ], [ -49.71459, -20.97238 ], [ -49.72072, -20.97577 ], [ -49.71818, -20.95952 ], [ -49.71277, -20.95296 ], [ -49.70555, -20.95047 ], [ -49.72622, -20.93234 ], [ -49.728, -20.93709 ], [ -49.75178, -20.93586 ], [ -49.7628, -20.93805 ], [ -49.76618, -20.94116 ], [ -49.77606, -20.93638 ], [ -49.78947, -20.93373 ], [ -49.80246, -20.93668 ], [ -49.80716, -20.9349 ], [ -49.81744, -20.93909 ], [ -49.82154, -20.93735 ], [ -49.82228, -20.94007 ], [ -49.82721, -20.94162 ], [ -49.82731, -20.95276 ], [ -49.82996, -20.94899 ], [ -49.84513, -20.94311 ], [ -49.85098, -20.93162 ], [ -49.85634, -20.93286 ], [ -49.86953, -20.92445 ], [ -49.87243, -20.91672 ], [ -49.92002, -20.9179 ], [ -49.92434, -20.92049 ], [ -49.92352, -20.92705 ], [ -49.92614, -20.93001 ], [ -49.94112, -20.93465 ], [ -49.94888, -20.92646 ], [ -49.95248, -20.91284 ], [ -49.95748, -20.90619 ], [ -49.96195, -20.9089 ], [ -49.97136, -20.90742 ], [ -49.97591, -20.90972 ], [ -49.97537, -20.91448 ], [ -49.98346, -20.93282 ], [ -49.99352, -20.94913 ], [ -50.00239, -20.95337 ], [ -50.00354, -20.95754 ], [ -50.00711, -20.95935 ], [ -50.00402, -20.96301 ], [ -50.00533, -20.96568 ], [ -50.01603, -20.96434 ], [ -50.01974, -20.96892 ], [ -50.01659, -20.97496 ], [ -50.01794, -20.97654 ], [ -50.02743, -20.97593 ], [ -50.03305, -20.978 ], [ -50.02245, -20.94317 ], [ -50.0293, -20.93567 ], [ -50.03229, -20.93468 ], [ -50.03526, -20.93979 ], [ -50.04598, -20.94038 ], [ -50.05146, -20.93103 ], [ -50.05637, -20.93976 ], [ -50.0615, -20.93955 ], [ -50.06286, -20.93571 ], [ -50.06109, -20.93314 ], [ -50.0648, -20.9216 ], [ -50.07247, -20.91381 ], [ -50.07125, -20.91016 ], [ -50.09264, -20.88652 ], [ -50.10384, -20.88685 ], [ -50.11257, -20.87624 ], [ -50.11542, -20.87718 ], [ -50.11644, -20.88077 ], [ -50.12345, -20.87961 ], [ -50.133, -20.88186 ], [ -50.14861, -20.87369 ], [ -50.15813, -20.87602 ], [ -50.16414, -20.87368 ], [ -50.16284, -20.87003 ], [ -50.15895, -20.8699 ], [ -50.1589, -20.86584 ], [ -50.15487, -20.86371 ], [ -50.15182, -20.85079 ], [ -50.14865, -20.85399 ], [ -50.14728, -20.84952 ], [ -50.14536, -20.85047 ], [ -50.14511, -20.84721 ], [ -50.14247, -20.84713 ], [ -50.1438, -20.84508 ], [ -50.13715, -20.84392 ], [ -50.1333, -20.83966 ], [ -50.13028, -20.84042 ], [ -50.12529, -20.83438 ], [ -50.12192, -20.83443 ], [ -50.12044, -20.82472 ], [ -50.12524, -20.82238 ], [ -50.12719, -20.81832 ], [ -50.12467, -20.81791 ], [ -50.12311, -20.81345 ], [ -50.12701, -20.80657 ], [ -50.11729, -20.79563 ], [ -50.1163, -20.7848 ], [ -50.11031, -20.77813 ], [ -50.11515, -20.76679 ], [ -50.11422, -20.76303 ], [ -50.1249, -20.74691 ], [ -50.12422, -20.73901 ], [ -50.12056, -20.73304 ], [ -50.12152, -20.72467 ], [ -50.11805, -20.72146 ], [ -50.12266, -20.71399 ], [ -50.12609, -20.69824 ], [ -50.12188, -20.69281 ], [ -50.12325, -20.68289 ], [ -50.12062, -20.67891 ], [ -50.10855, -20.67051 ], [ -50.1012, -20.67157 ], [ -50.10184, -20.66083 ], [ -50.09453, -20.64689 ], [ -50.09358, -20.6375 ], [ -50.08827, -20.6307 ], [ -50.08844, -20.62334 ], [ -50.09185, -20.61658 ], [ -50.10438, -20.61074 ], [ -50.11415, -20.59987 ], [ -50.11821, -20.59059 ], [ -50.11922, -20.57918 ], [ -50.1248, -20.57022 ], [ -50.12452, -20.56427 ], [ -50.12887, -20.55645 ], [ -50.12827, -20.55243 ], [ -50.1245, -20.55133 ], [ -50.12696, -20.54661 ], [ -50.12134, -20.5354 ], [ -50.12351, -20.52558 ], [ -50.1216, -20.52244 ], [ -50.11723, -20.52211 ], [ -50.11486, -20.51894 ], [ -50.10996, -20.52287 ], [ -50.10775, -20.51576 ], [ -50.10239, -20.51388 ], [ -50.09972, -20.51578 ], [ -50.1012, -20.52284 ], [ -50.09693, -20.52242 ], [ -50.09178, -20.52574 ], [ -50.08429, -20.52183 ], [ -50.08388, -20.52504 ], [ -50.08717, -20.52771 ], [ -50.08476, -20.53297 ], [ -50.0797, -20.53045 ], [ -50.07086, -20.54144 ], [ -50.06826, -20.53802 ], [ -50.06767, -20.54169 ], [ -50.05853, -20.54349 ], [ -50.05682, -20.54622 ], [ -50.05869, -20.53986 ], [ -50.05322, -20.53921 ], [ -50.05417, -20.53393 ], [ -50.04692, -20.53648 ], [ -50.04358, -20.53502 ], [ -50.04091, -20.53862 ], [ -50.03049, -20.53733 ], [ -50.03097, -20.53938 ], [ -50.02745, -20.54184 ], [ -50.02588, -20.53681 ], [ -50.01441, -20.53876 ], [ -50.01379, -20.54367 ], [ -50.01021, -20.54465 ], [ -50.00679, -20.54176 ], [ -50.0056, -20.54173 ], [ -50.0049, -20.54216 ], [ -50.00669, -20.54332 ], [ -50.00469, -20.54406 ], [ -50.00471, -20.5499 ], [ -50.00256, -20.54803 ], [ -50.00016, -20.55203 ], [ -49.99522, -20.55032 ], [ -49.98968, -20.55868 ], [ -49.98459, -20.55898 ], [ -49.98486, -20.565 ], [ -49.98247, -20.5677 ], [ -49.97752, -20.56757 ], [ -49.97737, -20.57014 ], [ -49.96451, -20.57416 ], [ -49.9627, -20.57229 ], [ -49.95719, -20.57595 ], [ -49.95368, -20.57402 ], [ -49.95461, -20.5723 ], [ -49.95218, -20.57246 ], [ -49.95388, -20.5695 ], [ -49.95104, -20.56476 ], [ -49.94529, -20.56593 ], [ -49.94375, -20.56223 ], [ -49.9456, -20.55832 ], [ -49.94064, -20.56075 ], [ -49.94126, -20.56657 ], [ -49.93835, -20.56703 ], [ -49.93541, -20.56159 ], [ -49.93294, -20.56369 ], [ -49.91858, -20.56011 ], [ -49.91946, -20.56644 ], [ -49.91524, -20.56999 ], [ -49.90654, -20.56633 ], [ -49.90259, -20.56749 ], [ -49.89375, -20.57324 ], [ -49.88041, -20.5759 ], [ -49.87777, -20.58108 ], [ -49.87043, -20.58377 ], [ -49.86915, -20.58672 ], [ -49.85448, -20.57654 ], [ -49.84873, -20.57732 ], [ -49.83924, -20.57376 ], [ -49.83254, -20.5595 ], [ -49.82566, -20.55563 ], [ -49.8232, -20.5502 ], [ -49.8127, -20.54157 ], [ -49.80373, -20.53761 ], [ -49.8018, -20.53141 ], [ -49.79256, -20.52731 ], [ -49.77074, -20.5297 ], [ -49.75621, -20.52546 ], [ -49.74929, -20.52718 ], [ -49.74242, -20.53402 ], [ -49.73977, -20.50994 ], [ -49.71851, -20.50115 ], [ -49.70501, -20.48584 ], [ -49.69164, -20.4414 ], [ -49.68114, -20.42846 ], [ -49.68063, -20.42398 ], [ -49.68551, -20.4142 ], [ -49.68051, -20.40539 ], [ -49.68118, -20.391 ], [ -49.67287, -20.385 ], [ -49.6676, -20.37202 ], [ -49.66832, -20.36802 ], [ -49.65523, -20.35402 ], [ -49.63764, -20.34401 ], [ -49.63483, -20.33519 ], [ -49.62716, -20.33089 ], [ -49.62072, -20.3228 ], [ -49.61291, -20.32164 ], [ -49.61422, -20.31619 ], [ -49.61934, -20.31811 ], [ -49.62277, -20.31513 ], [ -49.61726, -20.30514 ], [ -49.62356, -20.30073 ], [ -49.6256, -20.30679 ], [ -49.63007, -20.30694 ], [ -49.63373, -20.30249 ], [ -49.63172, -20.30141 ], [ -49.63622, -20.29734 ], [ -49.63849, -20.2872 ], [ -49.6425, -20.28785 ], [ -49.63896, -20.28449 ], [ -49.63895, -20.27933 ], [ -49.64168, -20.2777 ], [ -49.63916, -20.27486 ], [ -49.64351, -20.26939 ], [ -49.64148, -20.26335 ], [ -49.64817, -20.26014 ], [ -49.64945, -20.25576 ], [ -49.64647, -20.24681 ], [ -49.65027, -20.24696 ], [ -49.65366, -20.24403 ], [ -49.65767, -20.24592 ], [ -49.66541, -20.23643 ], [ -49.66697, -20.24082 ], [ -49.67197, -20.24174 ], [ -49.67358, -20.23922 ], [ -49.67704, -20.23959 ], [ -49.68198, -20.23325 ], [ -49.68025, -20.23136 ], [ -49.6867, -20.22396 ], [ -49.68229, -20.22359 ], [ -49.68194, -20.22037 ], [ -49.67855, -20.21827 ], [ -49.67406, -20.2212 ], [ -49.67025, -20.2151 ], [ -49.67236, -20.21083 ], [ -49.67594, -20.20944 ], [ -49.67471, -20.20542 ], [ -49.6792, -20.20624 ], [ -49.68172, -20.20329 ], [ -49.67839, -20.20292 ], [ -49.68007, -20.19961 ], [ -49.68455, -20.19913 ], [ -49.68691, -20.20188 ], [ -49.69198, -20.1961 ], [ -49.69031, -20.18631 ], [ -49.68788, -20.18442 ], [ -49.68663, -20.18723 ], [ -49.68218, -20.18672 ], [ -49.67581, -20.18035 ], [ -49.6758, -20.17564 ], [ -49.66764, -20.17723 ], [ -49.66308, -20.17139 ], [ -49.65798, -20.1778 ], [ -49.65466, -20.17038 ], [ -49.65229, -20.17992 ], [ -49.64066, -20.17371 ], [ -49.63265, -20.18138 ], [ -49.62622, -20.17679 ], [ -49.62223, -20.17696 ], [ -49.61939, -20.18844 ], [ -49.60809, -20.18635 ], [ -49.59898, -20.19582 ], [ -49.58734, -20.19711 ], [ -49.58587, -20.20305 ], [ -49.58101, -20.20334 ], [ -49.57491, -20.20802 ], [ -49.56279, -20.20766 ], [ -49.55588, -20.21473 ], [ -49.54884, -20.21069 ], [ -49.53411, -20.22321 ], [ -49.52416, -20.22007 ], [ -49.51599, -20.21344 ], [ -49.5096, -20.21353 ], [ -49.50631, -20.2228 ], [ -49.49474, -20.23068 ], [ -49.49383, -20.23409 ], [ -49.4975, -20.23781 ], [ -49.49505, -20.24188 ], [ -49.48445, -20.23497 ], [ -49.48704, -20.23113 ], [ -49.48332, -20.23037 ], [ -49.48189, -20.2231 ], [ -49.47825, -20.22628 ], [ -49.47656, -20.2237 ], [ -49.47893, -20.22166 ], [ -49.46956, -20.22093 ], [ -49.47041, -20.21906 ], [ -49.46834, -20.21807 ], [ -49.46503, -20.22129 ], [ -49.45964, -20.21766 ], [ -49.45807, -20.22009 ], [ -49.46231, -20.22088 ], [ -49.46508, -20.22591 ], [ -49.46211, -20.22718 ], [ -49.45613, -20.22153 ], [ -49.45311, -20.2245 ], [ -49.45721, -20.22596 ], [ -49.45572, -20.2301 ], [ -49.44212, -20.24006 ], [ -49.44176, -20.23748 ], [ -49.43872, -20.23771 ], [ -49.43926, -20.23268 ], [ -49.43671, -20.23393 ], [ -49.4328, -20.23087 ], [ -49.43563, -20.22713 ], [ -49.43359, -20.22324 ], [ -49.4297, -20.21815 ], [ -49.42532, -20.21719 ], [ -49.42533, -20.22003 ], [ -49.42113, -20.21864 ], [ -49.4096, -20.22416 ], [ -49.4065, -20.23323 ], [ -49.4019, -20.23715 ], [ -49.40363, -20.23824 ], [ -49.3915, -20.24173 ], [ -49.3872, -20.23932 ], [ -49.3885, -20.24621 ], [ -49.38578, -20.24801 ], [ -49.38705, -20.24525 ], [ -49.38412, -20.24657 ], [ -49.38541, -20.24454 ], [ -49.38282, -20.24479 ], [ -49.38134, -20.2481 ], [ -49.37855, -20.24747 ], [ -49.37964, -20.25036 ], [ -49.37746, -20.25213 ], [ -49.37738, -20.24925 ], [ -49.37065, -20.24863 ], [ -49.37558, -20.24794 ], [ -49.37493, -20.24448 ], [ -49.36768, -20.24708 ], [ -49.35807, -20.24648 ], [ -49.34929, -20.2501 ], [ -49.35441, -20.26753 ], [ -49.3499, -20.26796 ], [ -49.35169, -20.27292 ], [ -49.34808, -20.27146 ], [ -49.33537, -20.27326 ], [ -49.32735, -20.27689 ], [ -49.33104, -20.28045 ], [ -49.32587, -20.27959 ], [ -49.32809, -20.28518 ], [ -49.32591, -20.28346 ], [ -49.32515, -20.28692 ], [ -49.32077, -20.285 ], [ -49.32277, -20.2895 ], [ -49.3203, -20.29314 ], [ -49.3162, -20.29055 ], [ -49.31791, -20.2926 ], [ -49.31561, -20.29241 ], [ -49.31777, -20.29658 ], [ -49.316, -20.29883 ], [ -49.30639, -20.30198 ], [ -49.31101, -20.30963 ], [ -49.30802, -20.31102 ], [ -49.30941, -20.31637 ], [ -49.30444, -20.31996 ], [ -49.30679, -20.31991 ], [ -49.30365, -20.32827 ], [ -49.30059, -20.32651 ], [ -49.29887, -20.32798 ], [ -49.29799, -20.33043 ], [ -49.30002, -20.33103 ], [ -49.29629, -20.33642 ], [ -49.29396, -20.33437 ], [ -49.28889, -20.33849 ], [ -49.2843, -20.3361 ], [ -49.2831, -20.34058 ], [ -49.27953, -20.33885 ], [ -49.28072, -20.34108 ], [ -49.27772, -20.34452 ], [ -49.27663, -20.34125 ], [ -49.27263, -20.34154 ], [ -49.27067, -20.34581 ], [ -49.27352, -20.3539 ], [ -49.27925, -20.35522 ], [ -49.29313, -20.37006 ], [ -49.29615, -20.38132 ], [ -49.29084, -20.38285 ], [ -49.27437, -20.37743 ], [ -49.27137, -20.37943 ], [ -49.26504, -20.39162 ], [ -49.26961, -20.40588 ], [ -49.26654, -20.4123 ], [ -49.26846, -20.41352 ], [ -49.26633, -20.42108 ], [ -49.26092, -20.42544 ], [ -49.25581, -20.42339 ], [ -49.24982, -20.42638 ], [ -49.22855, -20.41239 ], [ -49.22193, -20.41392 ], [ -49.22463, -20.41554 ], [ -49.2232, -20.42163 ], [ -49.22707, -20.42104 ], [ -49.23773, -20.4297 ], [ -49.23485, -20.43323 ], [ -49.22693, -20.43538 ], [ -49.22619, -20.43871 ], [ -49.23009, -20.43796 ], [ -49.24094, -20.44745 ], [ -49.23064, -20.45521 ], [ -49.22492, -20.45554 ], [ -49.2252, -20.46059 ], [ -49.21876, -20.46569 ], [ -49.21929, -20.47295 ], [ -49.21185, -20.47789 ], [ -49.21467, -20.48305 ], [ -49.21221, -20.48824 ], [ -49.21503, -20.49049 ], [ -49.2111, -20.49308 ], [ -49.21084, -20.50267 ], [ -49.18917, -20.51152 ], [ -49.20242, -20.52956 ], [ -49.20011, -20.53564 ], [ -49.17544, -20.54611 ], [ -49.1682, -20.55179 ], [ -49.16622, -20.55501 ], [ -49.16818, -20.56082 ], [ -49.15989, -20.57168 ], [ -49.16122, -20.57454 ], [ -49.14989, -20.5768 ], [ -49.146, -20.58256 ], [ -49.13601, -20.58337 ], [ -49.13336, -20.58723 ], [ -49.13655, -20.59406 ], [ -49.12558, -20.59509 ], [ -49.1192, -20.59956 ], [ -49.11861, -20.60367 ], [ -49.12399, -20.61106 ], [ -49.12408, -20.62321 ], [ -49.11576, -20.62377 ], [ -49.12353, -20.63111 ], [ -49.12465, -20.63754 ], [ -49.10956, -20.64683 ], [ -49.10632, -20.6513 ], [ -49.12933, -20.65779 ], [ -49.12743, -20.66295 ], [ -49.12119, -20.66661 ], [ -49.12633, -20.66957 ], [ -49.12935, -20.67473 ], [ -49.12084, -20.68318 ], [ -49.12401, -20.69189 ], [ -49.12179, -20.70269 ], [ -49.12698, -20.7108 ], [ -49.12403, -20.71379 ], [ -49.12608, -20.71585 ], [ -49.12642, -20.7265 ], [ -49.12175, -20.73039 ], [ -49.11823, -20.73927 ], [ -49.11145, -20.73684 ], [ -49.108, -20.73904 ], [ -49.10995, -20.74247 ], [ -49.10627, -20.74098 ], [ -49.10397, -20.74254 ], [ -49.10503, -20.7449 ], [ -49.10237, -20.74427 ], [ -49.09916, -20.74719 ], [ -49.0948, -20.76233 ], [ -49.09786, -20.77095 ], [ -49.10513, -20.77916 ], [ -49.09585, -20.78592 ], [ -49.09702, -20.79134 ], [ -49.10324, -20.80044 ], [ -49.11225, -20.8037 ], [ -49.11917, -20.8122 ], [ -49.14181, -20.82435 ], [ -49.14829, -20.82075 ], [ -49.15654, -20.82421 ], [ -49.16313, -20.82362 ], [ -49.16898, -20.81525 ], [ -49.17525, -20.81403 ], [ -49.19671, -20.82494 ], [ -49.20812, -20.84056 ], [ -49.22323, -20.83856 ], [ -49.22893, -20.84284 ], [ -49.24125, -20.84368 ], [ -49.25719, -20.85113 ], [ -49.25585, -20.86123 ], [ -49.26923, -20.87145 ], [ -49.27404, -20.88166 ], [ -49.29167, -20.87565 ], [ -49.30059, -20.88249 ], [ -49.30309, -20.88961 ], [ -49.31287, -20.89333 ], [ -49.31602, -20.90988 ], [ -49.32082, -20.91202 ], [ -49.32768, -20.92201 ], [ -49.3337, -20.92462 ], [ -49.33193, -20.93193 ], [ -49.35048, -20.93264 ], [ -49.36152, -20.93996 ], [ -49.36413, -20.94531 ], [ -49.37252, -20.95222 ], [ -49.37493, -20.95974 ], [ -49.38685, -20.96035 ], [ -49.4006, -20.97116 ], [ -49.43195, -20.97519 ], [ -49.43423, -20.97914 ], [ -49.44143, -20.97993 ], [ -49.44747, -20.98588 ], [ -49.44897, -20.99493 ], [ -49.45665, -21.00336 ], [ -49.46055, -21.02471 ], [ -49.4588, -21.03382 ], [ -49.46359, -21.03934 ], [ -49.46052, -21.05355 ], [ -49.46098, -21.06499 ], [ -49.46427, -21.06974 ], [ -49.46284, -21.08061 ], [ -49.45859, -21.08617 ], [ -49.46241, -21.08929 ], [ -49.46654, -21.08814 ], [ -49.47188, -21.09418 ], [ -49.47341, -21.09808 ], [ -49.47188, -21.10924 ], [ -49.47562, -21.11233 ], [ -49.47764, -21.12009 ], [ -49.48285, -21.12384 ], [ -49.48272, -21.1324 ], [ -49.49577, -21.13784 ], [ -49.48654, -21.14485 ], [ -49.48399, -21.14992 ], [ -49.47898, -21.15056 ], [ -49.4658, -21.15906 ], [ -49.46064, -21.15955 ], [ -49.45933, -21.16211 ], [ -49.46238, -21.1753 ], [ -49.45443, -21.18716 ], [ -49.45906, -21.1897 ], [ -49.45862, -21.19336 ], [ -49.46097, -21.19338 ], [ -49.4616, -21.19593 ], [ -49.46778, -21.19862 ], [ -49.47042, -21.20362 ], [ -49.47726, -21.20134 ], [ -49.48273, -21.20753 ], [ -49.48628, -21.20774 ], [ -49.49125, -21.20205 ], [ -49.49315, -21.2073 ], [ -49.49957, -21.2056 ], [ -49.50531, -21.20694 ], [ -49.50409, -21.2092 ], [ -49.5071, -21.2161 ], [ -49.51296, -21.21846 ], [ -49.51231, -21.22274 ], [ -49.51738, -21.223 ], [ -49.51787, -21.2277 ], [ -49.52832, -21.22843 ], [ -49.52621, -21.22905 ], [ -49.52956, -21.23093 ], [ -49.52711, -21.23606 ], [ -49.53062, -21.23762 ], [ -49.53112, -21.24037 ], [ -49.53343, -21.23994 ], [ -49.53295, -21.24172 ], [ -49.53814, -21.24121 ], [ -49.53959, -21.25326 ], [ -49.54775, -21.25243 ], [ -49.54838, -21.26221 ], [ -49.55974, -21.26091 ], [ -49.56083, -21.26314 ], [ -49.55745, -21.26698 ], [ -49.55914, -21.26988 ], [ -49.57164, -21.26734 ], [ -49.57471, -21.27456 ], [ -49.5713, -21.27473 ], [ -49.56978, -21.27835 ], [ -49.5728, -21.27951 ], [ -49.56769, -21.2885 ], [ -49.57044, -21.2893 ], [ -49.56959, -21.29422 ], [ -49.57413, -21.29761 ], [ -49.57516, -21.30224 ], [ -49.58413, -21.30418 ], [ -49.5799, -21.31248 ], [ -49.58448, -21.31397 ], [ -49.57961, -21.32484 ], [ -49.58232, -21.3355 ], [ -49.58811, -21.33759 ], [ -49.59036, -21.34157 ], [ -49.59103, -21.34699 ], [ -49.58782, -21.34722 ], [ -49.59071, -21.35273 ], [ -49.58502, -21.35861 ], [ -49.58961, -21.36212 ] ] ] } }
]
}
