{
"type": "FeatureCollection",
"name": "regioes_estudo",
"crs": { "type": "name", "properties": { "name": "urn:ogc:def:crs:OGC:1.3:CRS84" } },
"features": [
{ "type": "Feature", "properties": { "regiao_id": 1, "regiao_nome": "Mogi-Bertioga", "sigla_rodovia": "SP-098", "km_inicial": 62.9, "km_final": 98.1, "extensao_oficial_km": 35.2, "n_subtrechos_der": 3, "municipios": "Bertioga;Biritiba Mirim;Mogi das Cruzes", "ubas": "Cubatão;Mogi das Cruzes", "ubas_codigo": "RC 05.04;RC 10.04", "residencias_dr": "DR 05;DR 10", "regionais": "Cubatão;São Paulo", "jurisdicoes": "Estadual", "conservado_por": "Novo Litoral", "subtrechos_der": "098SPE6252;098SPE5684;098SPE2328", "area_km2": 67.791, "perimetro_km": 68.041, "buffer_lateral_m": 1000, "tampas_round": "inicio,fim", "n_caps_round_adicionadas": 2, "k_geo": 1000, "cpc_breaks": "1;3;6;15", "hid24h_breaks": "110;160;200;280" }, "geometry": { "type": "MultiPolygon", "coordinates": [ [ [ [ -46.164447810932892, -23.614764584533116 ], [ -46.165227709695287, -23.614585982224575 ], [ -46.165989104833926, -23.614349103013552 ], [ -46.166726876712453, -23.614055539754627 ], [ -46.167649099889523, -23.613646459751408 ], [ -46.167643982661829, -23.613636664772258 ], [ -46.168088448843484, -23.613438851557241 ], [ -46.16890936374805, -23.612977019395281 ], [ -46.1696771934295, -23.612443263666918 ], [ -46.170384542826071, -23.61184272557864 ], [ -46.171024599702946, -23.61118118950321 ], [ -46.1715912002606, -23.610465027239801 ], [ -46.172078888484045, -23.60970113661757 ], [ -46.172482968661896, -23.608896875035271 ], [ -46.172799550570382, -23.608059988577988 ], [ -46.173025586888812, -23.607198537394815 ], [ -46.173158902487778, -23.606320818056993 ], [ -46.173198215310578, -23.605435283644894 ], [ -46.173143148649196, -23.604550462334007 ], [ -46.172994234699338, -23.603674875264172 ], [ -46.172752909363069, -23.602816954483007 ], [ -46.17242149835198, -23.601984961753615 ], [ -46.17200319472721, -23.601186909007815 ], [ -46.171502028095091, -23.600430481210481 ], [ -46.170922825757089, -23.599722962376788 ], [ -46.170271166189821, -23.599071165453754 ], [ -46.169553325304413, -23.598481366740408 ], [ -46.168776216003231, -23.597959245476702 ], [ -46.16794732161636, -23.597509829181657 ], [ -46.167074623858305, -23.597137445266167 ], [ -46.166166525997824, -23.596845679385023 ], [ -46.165231771979336, -23.596637340928346 ], [ -46.164279362272879, -23.59651443598387 ], [ -46.163318467260808, -23.596478148029682 ], [ -46.162358338992796, -23.596528826542922 ], [ -46.161408222156268, -23.596665983634047 ], [ -46.16047726511696, -23.596888298738808 ], [ -46.159574431883406, -23.597193631323165 ], [ -46.159363656736332, -23.59728743494216 ], [ -46.157986440839224, -23.597548069597014 ], [ -46.157746215056555, -23.597596432609546 ], [ -46.156063320263094, -23.597955670124982 ], [ -46.155600719360599, -23.598065428335545 ], [ -46.154625539713919, -23.5983203067094 ], [ -46.153637846574782, -23.598631706275309 ], [ -46.152691693997454, -23.599038153001519 ], [ -46.152023295968434, -23.599366288683523 ], [ -46.151097529823232, -23.599883183656775 ], [ -46.150239260115484, -23.60049100797238 ], [ -46.149718740079841, -23.600903706838899 ], [ -46.148925594599348, -23.601607771559273 ], [ -46.14830574112117, -23.602223522865025 ], [ -46.147317106405829, -23.602289356085233 ], [ -46.146398134930656, -23.602397501572863 ], [ -46.145324031541598, -23.602580446422781 ], [ -46.144278687261867, -23.602872397825564 ], [ -46.143019035361434, -23.603296149337208 ], [ -46.142108826208776, -23.603651235200935 ], [ -46.141242052945813, -23.604088997769345 ], [ -46.14051581855756, -23.604500966450431 ], [ -46.139394283459907, -23.605242339167543 ], [ -46.139057056077519, -23.605500252349948 ], [ -46.1388054114, -23.605699433595614 ], [ -46.13842819164514, -23.606008383488618 ], [ -46.137521163463532, -23.606856237394592 ], [ -46.137042132532038, -23.607367422929993 ], [ -46.136456102901654, -23.608057866317786 ], [ -46.135945463720653, -23.608797407409963 ], [ -46.135552417297014, -23.609432747919382 ], [ -46.135474277102894, -23.609559058496679 ], [ -46.13431888777793, -23.609950256708693 ], [ -46.133626169471341, -23.610212897305015 ], [ -46.132957239022765, -23.610523518478214 ], [ -46.132543703558412, -23.610734175780678 ], [ -46.131679827344335, -23.611229862762166 ], [ -46.130876381286939, -23.611805417820459 ], [ -46.130142027298703, -23.61245463659948 ], [ -46.129484682837344, -23.613170520548664 ], [ -46.129129929742213, -23.61360025985271 ], [ -46.128767559951697, -23.613802718526124 ], [ -46.128052531233905, -23.614288941463407 ], [ -46.127544414680315, -23.614668414720107 ], [ -46.126686274361703, -23.615391057197698 ], [ -46.12592701713676, -23.61620223561269 ], [ -46.125608501841725, -23.616586428900359 ], [ -46.125079519493887, -23.617291483896821 ], [ -46.124625453503619, -23.618039569851355 ], [ -46.123520608936161, -23.620081610681211 ], [ -46.122780705234625, -23.621414075996441 ], [ -46.122437718489401, -23.622101276903237 ], [ -46.122047296789567, -23.622978537711997 ], [ -46.12185476033067, -23.623489106147115 ], [ -46.121814757588574, -23.623523508273571 ], [ -46.121147030137784, -23.624230632282284 ], [ -46.121040332034205, -23.624356234390316 ], [ -46.120800242903286, -23.624651062974113 ], [ -46.120626761249326, -23.624873407655386 ], [ -46.120124999612948, -23.625584756131758 ], [ -46.119697892142241, -23.626336345133549 ], [ -46.119349208773983, -23.627121542984163 ], [ -46.119224379143901, -23.627500861678204 ], [ -46.118778942212145, -23.627716600320749 ], [ -46.118460812545543, -23.627886909548451 ], [ -46.117671171646109, -23.628357720137004 ], [ -46.116934135964939, -23.628896089204087 ], [ -46.116256491152271, -23.629497060712843 ], [ -46.115644476377611, -23.630155102245411 ], [ -46.115048416382152, -23.630861981319939 ], [ -46.114440763318598, -23.631669765816568 ], [ -46.113931973615479, -23.632533600259247 ], [ -46.113800398761633, -23.632789268888018 ], [ -46.113424343951188, -23.633625969274355 ], [ -46.113141125766226, -23.634493160126521 ], [ -46.112953593627033, -23.635382122505597 ], [ -46.112863635029576, -23.636283918395883 ], [ -46.112867041969601, -23.636645973546294 ], [ -46.112741257906343, -23.636776947676445 ], [ -46.112186051529278, -23.637410447809433 ], [ -46.111695027022385, -23.638087439985057 ], [ -46.111272176089365, -23.63880242215463 ], [ -46.110920936543934, -23.639549583419299 ], [ -46.110326820667176, -23.640987932891456 ], [ -46.109673875218725, -23.641690114887925 ], [ -46.10939357903348, -23.642031938449346 ], [ -46.108806209650389, -23.642834248779408 ], [ -46.108315391248951, -23.643689850259044 ], [ -46.107926760799309, -23.644588919885969 ], [ -46.107850091887855, -23.644842387151972 ], [ -46.107614800796028, -23.64528081841134 ], [ -46.107461216028391, -23.645593706880149 ], [ -46.107424917461671, -23.645623023014114 ], [ -46.106715041701534, -23.646333435766373 ], [ -46.106091546740863, -23.647109603061256 ], [ -46.105629849610082, -23.647835315126336 ], [ -46.105582497906859, -23.647867476109148 ], [ -46.104866372621359, -23.648462266621774 ], [ -46.104217130039316, -23.649118981938535 ], [ -46.103641050614044, -23.649831270432422 ], [ -46.103143707449171, -23.650592242864537 ], [ -46.102655757010837, -23.651429428435058 ], [ -46.102303572806228, -23.652098358101703 ], [ -46.101911745434876, -23.652927905428129 ], [ -46.10158404614608, -23.653721772988437 ], [ -46.101509928671256, -23.653930361006029 ], [ -46.101272872233594, -23.654715774249304 ], [ -46.101113663621575, -23.655517678384967 ], [ -46.101033601421442, -23.656329539940039 ], [ -46.101033339421058, -23.6571447441926 ], [ -46.101048592425876, -23.657457791992275 ], [ -46.101130161343427, -23.658283348321959 ], [ -46.101293566202557, -23.659098537284351 ], [ -46.101464089655835, -23.659656508801394 ], [ -46.101219790704043, -23.660314503204262 ], [ -46.101159107989204, -23.660483357494343 ], [ -46.1008860696273, -23.66126894895406 ], [ -46.100711552788056, -23.661864752236326 ], [ -46.100703977249921, -23.661871339420198 ], [ -46.098749724254496, -23.663530222947266 ], [ -46.098125248947305, -23.663821688615034 ], [ -46.097376627949416, -23.664253136901863 ], [ -46.097149169157362, -23.664397748774565 ], [ -46.096331828683098, -23.664978175653228 ], [ -46.095585245221478, -23.66563451650768 ], [ -46.094917690328792, -23.666359500649694 ], [ -46.094600572588384, -23.666743128198856 ], [ -46.094013249904769, -23.667538130078377 ], [ -46.093521020441415, -23.668386141227085 ], [ -46.093129465906081, -23.669277548824532 ], [ -46.092941828803426, -23.669780160400752 ], [ -46.092665064874609, -23.670666246159893 ], [ -46.092487829478024, -23.671573704620084 ], [ -46.092411971942852, -23.67249307776946 ], [ -46.092438285047997, -23.673414783216149 ], [ -46.092566496670635, -23.674329214060851 ], [ -46.09277344067641, -23.675379646954919 ], [ -46.092789662722346, -23.67574262639306 ], [ -46.092802315085009, -23.675878162411802 ], [ -46.09216875804448, -23.676365558006935 ], [ -46.091544130782758, -23.676941599876198 ], [ -46.090978358848211, -23.677567104620287 ], [ -46.090476039929463, -23.678236990144068 ], [ -46.089643034702149, -23.679462532700864 ], [ -46.08907972596279, -23.680413767050187 ], [ -46.088973268382908, -23.680659770805232 ], [ -46.08868580116242, -23.680793735646269 ], [ -46.087897972933476, -23.681252180472971 ], [ -46.087564373658189, -23.681467386439703 ], [ -46.086829670538847, -23.681990806279423 ], [ -46.086152030637706, -23.682575895251112 ], [ -46.085537533800796, -23.683217404624859 ], [ -46.085315066829914, -23.683473106074214 ], [ -46.084796067735446, -23.684127812715527 ], [ -46.084342898144257, -23.684822738785019 ], [ -46.083959209624879, -23.685552286364597 ], [ -46.083648094204378, -23.686310578545097 ], [ -46.083550673895431, -23.68658463655229 ], [ -46.083321142537208, -23.687339755352287 ], [ -46.083163600240852, -23.688110363737096 ], [ -46.08307923591596, -23.688890652508956 ], [ -46.083058442484187, -23.689233370600604 ], [ -46.083054314244457, -23.689518437628497 ], [ -46.08286504869875, -23.689969618288696 ], [ -46.082596705687003, -23.690885343433408 ], [ -46.082434127192272, -23.69182193533295 ], [ -46.082263751149071, -23.693296848408025 ], [ -46.082248048467406, -23.693401597058159 ], [ -46.081583297855644, -23.693827903979315 ], [ -46.080832861356882, -23.694420897165525 ], [ -46.080497972458382, -23.694713775661501 ], [ -46.08026863248449, -23.694696765231683 ], [ -46.079349128232344, -23.694668428505722 ], [ -46.078430785750641, -23.694719556714588 ], [ -46.077521685032458, -23.69484970006847 ], [ -46.076629824819527, -23.695057713560516 ], [ -46.074835802592261, -23.695559670298355 ], [ -46.074439416757805, -23.695679108281965 ], [ -46.071790032019095, -23.696535227539883 ], [ -46.071719412813941, -23.696558326014475 ], [ -46.070810996412227, -23.696859055924872 ], [ -46.070367520522758, -23.696984127546099 ], [ -46.069818296700809, -23.697155532374072 ], [ -46.065488568255674, -23.698639495289331 ], [ -46.064649402594306, -23.698862986132383 ], [ -46.064072827146532, -23.699034480526407 ], [ -46.061343988721738, -23.699932723624809 ], [ -46.061240225184584, -23.699966875065275 ], [ -46.060012265253796, -23.700347502069992 ], [ -46.059989131052888, -23.700354702332056 ], [ -46.058931444321232, -23.700685242624818 ], [ -46.057989493329096, -23.700964712727043 ], [ -46.057517082134908, -23.701117231049977 ], [ -46.056615392866135, -23.701432354464671 ], [ -46.055402038094307, -23.701951438473429 ], [ -46.055042475618208, -23.701880960268877 ], [ -46.054717536066704, -23.701829142565305 ], [ -46.05382410993095, -23.701725299318699 ], [ -46.052924106746509, -23.701697344275789 ], [ -46.052550789671905, -23.701701538463773 ], [ -46.05215064521942, -23.701517429474443 ], [ -46.051187452184259, -23.701185137305249 ], [ -46.050944953458853, -23.70111458935579 ], [ -46.049932958900534, -23.700873954781223 ], [ -46.048898904152225, -23.70073384539451 ], [ -46.047854530059759, -23.70069585210782 ], [ -46.046811694584179, -23.700760406389477 ], [ -46.04655130870519, -23.70078942193738 ], [ -46.045668704878757, -23.700925639728613 ], [ -46.04514582076353, -23.701052351939754 ], [ -46.044581918136004, -23.700684599908559 ], [ -46.043725897928141, -23.700237608117224 ], [ -46.043177825596437, -23.699983989795683 ], [ -46.04238964679211, -23.69965846211015 ], [ -46.04157342269437, -23.699398054644735 ], [ -46.040735483899752, -23.699204787115686 ], [ -46.039882329327753, -23.69908015850978 ], [ -46.039356876794891, -23.69902511182659 ], [ -46.03851082926397, -23.698970461699432 ], [ -46.038363634978623, -23.698972693789493 ], [ -46.037723104045973, -23.698859035643327 ], [ -46.036710863229537, -23.698777994602644 ], [ -46.035694949092616, -23.698793817513344 ], [ -46.035109828186499, -23.698830907391219 ], [ -46.034111792144827, -23.698941718810858 ], [ -46.033131313611861, -23.699146016757126 ], [ -46.032664610527569, -23.699266714226344 ], [ -46.031755122755541, -23.699546761857846 ], [ -46.031585515386475, -23.699616604181251 ], [ -46.031527012430566, -23.699605601054468 ], [ -46.030519928107218, -23.699514189994225 ], [ -46.029507975617612, -23.699518816538429 ], [ -46.029089517830286, -23.699560667296353 ], [ -46.028527533434293, -23.69953071445768 ], [ -46.028276775040325, -23.699528464903665 ], [ -46.027238805633175, -23.699569822890808 ], [ -46.026211408719831, -23.699712048228278 ], [ -46.025206110633441, -23.699953545379248 ], [ -46.024234189949127, -23.700291605064859 ], [ -46.023306551016717, -23.70072243463855 ], [ -46.023087167748351, -23.700838132875951 ], [ -46.022237663409236, -23.70134133306297 ], [ -46.021448861250796, -23.701922315252499 ], [ -46.020729127163953, -23.702574918345572 ], [ -46.020086094932509, -23.703292221617236 ], [ -46.019526585264728, -23.704066618077832 ], [ -46.019385824351431, -23.704285050323659 ], [ -46.018916852777188, -23.705106169849792 ], [ -46.018541833299636, -23.705967257030164 ], [ -46.018264724864864, -23.706859226061113 ], [ -46.018088453496077, -23.707772665095369 ], [ -46.018014881337535, -23.708697935539114 ], [ -46.018044786917201, -23.70962527374969 ], [ -46.018177856839962, -23.710544894061336 ], [ -46.018228215086609, -23.710794263545377 ], [ -46.018424771439356, -23.711573686643533 ], [ -46.018695483612333, -23.712334031493931 ], [ -46.019038227760674, -23.713069329381128 ], [ -46.019211067691032, -23.713399006264378 ], [ -46.019621100255961, -23.714100312882994 ], [ -46.020096649207851, -23.714765629089868 ], [ -46.020634016591593, -23.715389779969957 ], [ -46.020913123604949, -23.715686116837745 ], [ -46.021482380275195, -23.716241253978986 ], [ -46.021595008338281, -23.71633397380635 ], [ -46.021757071679581, -23.716555497067549 ], [ -46.022055199491298, -23.716940823372017 ], [ -46.022811822279628, -23.717866439005729 ], [ -46.023189554926425, -23.718360753756709 ], [ -46.023727683465587, -23.719001804286311 ], [ -46.024326050245634, -23.719595870617809 ], [ -46.024979839827502, -23.720138171203317 ], [ -46.025209570359344, -23.720312188688087 ], [ -46.025343563129589, -23.720777131804208 ], [ -46.025451629968956, -23.721092918637396 ], [ -46.025800417498587, -23.721955912467589 ], [ -46.02624284078783, -23.722781721733849 ], [ -46.026774302092413, -23.723561761349607 ], [ -46.026810406421475, -23.723604393484262 ], [ -46.026768454649293, -23.724071617154035 ], [ -46.026781899323709, -23.724944192353277 ], [ -46.026831083777594, -23.725351022507169 ], [ -46.026734198323297, -23.725801455763268 ], [ -46.026641614999527, -23.726770533364164 ], [ -46.026559941911223, -23.728991176954974 ], [ -46.02636695768819, -23.729530226047572 ], [ -46.026164876024971, -23.73033676782935 ], [ -46.026043849542035, -23.731156954770928 ], [ -46.025974755229292, -23.731868335340607 ], [ -46.025937199505762, -23.732826807230314 ], [ -46.026010264398835, -23.733783540798207 ], [ -46.026193128295667, -23.734727746189815 ], [ -46.026483731175169, -23.735648774617115 ], [ -46.026848243928086, -23.736610190826418 ], [ -46.027223187673911, -23.73745825837134 ], [ -46.027689487165567, -23.73826701775657 ], [ -46.028242350756742, -23.739028155490011 ], [ -46.028607343751631, -23.739434585628434 ], [ -46.028602394648686, -23.740043052137267 ], [ -46.028641277162428, -23.740916769117788 ], [ -46.028771769299759, -23.741782928846799 ], [ -46.028992649467007, -23.74263341094634 ], [ -46.029301848557665, -23.743460241868199 ], [ -46.029696469289782, -23.744255669660689 ], [ -46.030148054825077, -23.744972913546881 ], [ -46.030046601993888, -23.745134457765509 ], [ -46.029638170861368, -23.745970450236605 ], [ -46.029323896896223, -23.746840245765025 ], [ -46.029107019282058, -23.747734884801105 ], [ -46.028989774095862, -23.748645151699829 ], [ -46.028973371193466, -23.749561669640464 ], [ -46.029005330798455, -23.75041906936811 ], [ -46.02908608981236, -23.751306165792197 ], [ -46.029261337535146, -23.752181634187469 ], [ -46.029670178289599, -23.753777936072449 ], [ -46.027102822148137, -23.76185751652207 ], [ -46.026897689732941, -23.762626766439833 ], [ -46.026766575412488, -23.763409600391434 ], [ -46.026710489023642, -23.764199997033508 ], [ -46.026729863338652, -23.764991876743682 ], [ -46.026820193403346, -23.766242460271037 ], [ -46.026927518644882, -23.767102630030259 ], [ -46.027123849147287, -23.767949387776671 ], [ -46.027407382075857, -23.768774950738173 ], [ -46.027775512955635, -23.769571730811204 ], [ -46.028224859556445, -23.770332404320335 ], [ -46.028935142813751, -23.771408430671329 ], [ -46.029425363604709, -23.772081112508282 ], [ -46.029979104155842, -23.772710665536803 ], [ -46.030591910836634, -23.77329202543838 ], [ -46.031258854670895, -23.77382051551929 ], [ -46.041959988490575, -23.781558099786505 ], [ -46.042526638753436, -23.782100472046626 ], [ -46.043115559829452, -23.782619198034656 ], [ -46.043749236054765, -23.78309115260387 ], [ -46.044423294792999, -23.783513078772881 ], [ -46.045069936403422, -23.783882651996528 ], [ -46.04665475868218, -23.785216565978281 ], [ -46.04735349660757, -23.785752126419485 ], [ -46.048061603748877, -23.786199638983817 ], [ -46.048027339271961, -23.787219225670043 ], [ -46.048022947638117, -23.78756876074689 ], [ -46.048083415562353, -23.794707699796401 ], [ -46.048089765980805, -23.794969662522305 ], [ -46.048154207862204, -23.796579799224361 ], [ -46.048253089948204, -23.797568222312709 ], [ -46.048469262731039, -23.798540690174253 ], [ -46.04858067773138, -23.798931179038181 ], [ -46.048592040289734, -23.798928434238952 ], [ -46.048702903035547, -23.799323276072855 ], [ -46.049034094659881, -23.800155523590561 ], [ -46.049452352608881, -23.800953892862264 ], [ -46.049953649966376, -23.801710694435258 ], [ -46.050533159778141, -23.802418639095212 ], [ -46.051185301506827, -23.803070908096071 ], [ -46.051903794757855, -23.803661218861031 ], [ -46.05268171975969, -23.804183885520683 ], [ -46.0535115840161, -23.804633873703867 ], [ -46.05438539448803, -23.805006849052408 ], [ -46.055294734609127, -23.805299218991294 ], [ -46.056230845391603, -23.805508167350947 ], [ -46.057184709839461, -23.805631681507212 ], [ -46.058147139853951, -23.805668571777023 ], [ -46.059108864791611, -23.805618482882412 ], [ -46.060060620819321, -23.805481897372196 ], [ -46.060993240203004, -23.805260130968421 ], [ -46.061897739667302, -23.804955319882581 ], [ -46.062765406972503, -23.804570400224264 ], [ -46.063587884872582, -23.804109079701238 ], [ -46.064357251643742, -23.803575801884506 ], [ -46.065066097406117, -23.80297570338336 ], [ -46.065707595502502, -23.8023145643443 ], [ -46.066275568246077, -23.801598752751541 ], [ -46.066764546403611, -23.800835163067063 ], [ -46.067169821842043, -23.800031149802216 ], [ -46.067487492832058, -23.799194456661844 ], [ -46.067714501574073, -23.798333141944511 ], [ -46.067848663587071, -23.797455500917959 ], [ -46.067888688679567, -23.796569985918268 ], [ -46.067834193303241, -23.795685124942661 ], [ -46.067739076015094, -23.795124191006309 ], [ -46.067711374767015, -23.794434629313905 ], [ -46.06765247136051, -23.787601564359118 ], [ -46.067787107175604, -23.78357725271735 ], [ -46.067776498691281, -23.782795963036026 ], [ -46.06769254666721, -23.782018441065595 ], [ -46.067535880771686, -23.781250506490853 ], [ -46.067307674872964, -23.780497907137438 ], [ -46.06687428993272, -23.779275563068083 ], [ -46.066578235973566, -23.778548214504109 ], [ -46.066215371118886, -23.777846964348974 ], [ -46.06578837999939, -23.777176998777055 ], [ -46.06530042135465, -23.776543272522922 ], [ -46.064488673901685, -23.775579696413988 ], [ -46.063982084074283, -23.775025715278232 ], [ -46.063428905348765, -23.774510859624574 ], [ -46.061387092025917, -23.772756992273106 ], [ -46.060654644601556, -23.772186849282971 ], [ -46.059865214462164, -23.771685244108905 ], [ -46.059227543008134, -23.771321084092527 ], [ -46.057643847030739, -23.769988200048257 ], [ -46.05694630704361, -23.769453485980804 ], [ -46.056198066164065, -23.768980382428637 ], [ -46.055822196156022, -23.768765573678738 ], [ -46.055633757556222, -23.768585223115434 ], [ -46.05462210927972, -23.767742896800403 ], [ -46.047350069289337, -23.762485301717042 ], [ -46.048641050772552, -23.758420518223296 ], [ -46.048788827205684, -23.758314614238966 ], [ -46.049517151186677, -23.757671758658542 ], [ -46.05005217213359, -23.757148314671934 ], [ -46.050387019850412, -23.756789165636047 ], [ -46.051080527093745, -23.756448237570428 ], [ -46.051841819530608, -23.755985568923702 ], [ -46.052553131217856, -23.755459817694895 ], [ -46.053208313026772, -23.754875529401332 ], [ -46.053794527966858, -23.754301756518416 ], [ -46.054410616899574, -23.753637039929931 ], [ -46.054954031756424, -23.752920633645235 ], [ -46.055419686958928, -23.752159243868114 ], [ -46.055803225059513, -23.751359997759742 ], [ -46.056101057488718, -23.750530376704493 ], [ -46.05631039809554, -23.749678146263999 ], [ -46.056610787525287, -23.748104855026096 ], [ -46.05673599635535, -23.747158163610099 ], [ -46.056752055742933, -23.746204596703201 ], [ -46.05672146453486, -23.745450439432393 ], [ -46.056632326820022, -23.744527309923779 ], [ -46.056440887612979, -23.743617449443555 ], [ -46.056149164830401, -23.742730438706651 ], [ -46.055760232186699, -23.741875617640371 ], [ -46.05527818675241, -23.741061987057456 ], [ -46.054708105748851, -23.740298113906082 ], [ -46.054055993036599, -23.739592041093616 ], [ -46.053328715863174, -23.738951202831686 ], [ -46.052533932537294, -23.738382346392825 ], [ -46.051891174812553, -23.737969196710779 ], [ -46.051287267619301, -23.737628628257813 ], [ -46.05100588741584, -23.737204625029651 ], [ -46.050387496919079, -23.736459334287122 ], [ -46.049688491087345, -23.735777093595022 ], [ -46.048916407510212, -23.735165258689342 ], [ -46.048238229753785, -23.734681922185182 ], [ -46.048089725813881, -23.7342317439035 ], [ -46.04767811127995, -23.733340695811204 ], [ -46.04633694843443, -23.730821593162691 ], [ -46.046136319493741, -23.730486794092585 ], [ -46.046177543197238, -23.729361372132932 ], [ -46.046406554970837, -23.728705818606016 ], [ -46.046616865853984, -23.727782078108277 ], [ -46.046721313096981, -23.726843175170103 ], [ -46.046718758287923, -23.72589936383358 ], [ -46.046702664430171, -23.725761474443065 ], [ -46.046867248536167, -23.725227645636075 ], [ -46.04703655824833, -23.724372349612914 ], [ -46.047084528211421, -23.723847630222398 ], [ -46.047300132574286, -23.723159486995506 ], [ -46.04746770836239, -23.722360095869139 ], [ -46.04756646086576, -23.721739925247736 ], [ -46.047665696842763, -23.720703700909198 ], [ -46.047635658503808, -23.71969096797374 ], [ -46.047647839080213, -23.719690066740771 ], [ -46.048202670828495, -23.719625853989385 ], [ -46.048573471732993, -23.719710454687313 ], [ -46.049606277137514, -23.719841143783864 ], [ -46.050420880936805, -23.719903847524836 ], [ -46.051323535297733, -23.719934899152953 ], [ -46.05204491069518, -23.719898481703908 ], [ -46.0524348935378, -23.720019273397686 ], [ -46.053565582400509, -23.72030152643428 ], [ -46.054724758067991, -23.720457652105932 ], [ -46.05548164693807, -23.720517380439151 ], [ -46.056301081566424, -23.720550352399172 ], [ -46.057120643086478, -23.720520176008918 ], [ -46.05770627386714, -23.720475974313494 ], [ -46.058685383194849, -23.720356130963296 ], [ -46.059646435676655, -23.720146234118843 ], [ -46.060579685362264, -23.719848412416383 ], [ -46.061475668431036, -23.71946568611585 ], [ -46.061801383647165, -23.719307741075369 ], [ -46.062266115052694, -23.719090345256021 ], [ -46.062587218268149, -23.718933174103427 ], [ -46.064239810626056, -23.718087716721477 ], [ -46.064244254622139, -23.71808616357184 ], [ -46.065020218785122, -23.71785593299446 ], [ -46.065164354116732, -23.717812030664895 ], [ -46.066282478843782, -23.717462592801247 ], [ -46.067585303164599, -23.717058747929936 ], [ -46.067757348278136, -23.717003774672854 ], [ -46.067946992618779, -23.71694135566371 ], [ -46.070391060140757, -23.716136828078579 ], [ -46.071291493154988, -23.715897011269014 ], [ -46.071987629337457, -23.715685343005074 ], [ -46.076389702432927, -23.714176548810585 ], [ -46.076780560241176, -23.714066312941636 ], [ -46.077226458019808, -23.713929712244717 ], [ -46.078320879075918, -23.713567395812603 ], [ -46.080571080333655, -23.712840249241847 ], [ -46.081867453774244, -23.712936375683714 ], [ -46.081994582674341, -23.712945036553233 ], [ -46.082590083663149, -23.712982023822551 ], [ -46.083557640383439, -23.712998061671218 ], [ -46.084522203584683, -23.712926229844136 ], [ -46.08547438267766, -23.712767227735675 ], [ -46.085982818870527, -23.712658224924567 ], [ -46.086998329378055, -23.712386614440373 ], [ -46.087976175402858, -23.712015915509973 ], [ -46.089059638670498, -23.711540750983495 ], [ -46.090043559182995, -23.711120763386031 ], [ -46.090600399078838, -23.710862974797692 ], [ -46.091566923478815, -23.710379499689257 ], [ -46.092346857187692, -23.709944963832211 ], [ -46.093079602836198, -23.709445629592846 ], [ -46.093173986739316, -23.709367838951781 ], [ -46.093553543661372, -23.709269626835379 ], [ -46.094328957781663, -23.709002183137059 ], [ -46.094971391072946, -23.708751645194091 ], [ -46.095781474194261, -23.708394605345415 ], [ -46.096552688020395, -23.707970830699654 ], [ -46.09727856577868, -23.707483874957305 ], [ -46.097953021073188, -23.7069378215892 ], [ -46.098570398928786, -23.706337249576389 ], [ -46.098980636116174, -23.705899675988437 ], [ -46.099545758184149, -23.705236710817839 ], [ -46.100041297951577, -23.704528123567083 ], [ -46.100462940703835, -23.703780085683789 ], [ -46.100807015524396, -23.702999112096389 ], [ -46.101070527228558, -23.702192004458354 ], [ -46.101184437060013, -23.701773125830755 ], [ -46.10137796276446, -23.700867163975602 ], [ -46.101470021122594, -23.699947741571243 ], [ -46.101459652045008, -23.699024468807593 ], [ -46.101438706987274, -23.698711158462554 ], [ -46.10140570902896, -23.698217536863293 ], [ -46.101401614237233, -23.698109635552111 ], [ -46.101425302641424, -23.697885441191424 ], [ -46.101445542138549, -23.697666212672015 ], [ -46.101485733461871, -23.697157528315696 ], [ -46.101715079773612, -23.695626107902022 ], [ -46.10171692991495, -23.695612147836513 ], [ -46.101725945133005, -23.695608462471835 ], [ -46.102624533264105, -23.695188986760918 ], [ -46.103471642234361, -23.694686828921618 ], [ -46.104258332195116, -23.694107288853651 ], [ -46.104466902695982, -23.6939367422824 ], [ -46.105135009533448, -23.693335654309166 ], [ -46.105737984470665, -23.692678760277733 ], [ -46.106270358450736, -23.691972019456628 ], [ -46.10672730313479, -23.691221843209721 ], [ -46.107104674673998, -23.690435036814556 ], [ -46.107240492023358, -23.690110911971896 ], [ -46.107558120411021, -23.689216793179472 ], [ -46.107711339234676, -23.688561082685965 ], [ -46.108045244609329, -23.688321802132442 ], [ -46.108736667218395, -23.687777056079426 ], [ -46.10937028189948, -23.687175634981259 ], [ -46.109940633842847, -23.686522717327644 ], [ -46.110442813175979, -23.685823924925366 ], [ -46.110834821846538, -23.685219229772269 ], [ -46.111376824198842, -23.684256043674516 ], [ -46.111467317123875, -23.684068430927475 ], [ -46.111633042068881, -23.683768670587856 ], [ -46.111661940136941, -23.683715337055563 ], [ -46.112037987981914, -23.683083057561113 ], [ -46.112387477227713, -23.682346726386172 ], [ -46.11266450774567, -23.681584698203686 ], [ -46.112893648476927, -23.680846851161359 ], [ -46.113133005395355, -23.67987689706797 ], [ -46.113255088609563, -23.67888858343952 ], [ -46.11325841982471, -23.67789389925397 ], [ -46.113218769336839, -23.677192432546555 ], [ -46.113049251215401, -23.675955470317913 ], [ -46.114037690415131, -23.675116339265326 ], [ -46.114123681135126, -23.675042453712329 ], [ -46.114922196957686, -23.674348046186307 ], [ -46.115188848377421, -23.67417019868817 ], [ -46.115886673011644, -23.673658644585405 ], [ -46.116531139208561, -23.673090806000168 ], [ -46.117116915328822, -23.672471381319184 ], [ -46.117639155547629, -23.671805495681941 ], [ -46.118093539935103, -23.671098658558495 ], [ -46.118353015027488, -23.670649609761199 ], [ -46.11887307382446, -23.669590314717524 ], [ -46.119306016796649, -23.668531740824516 ], [ -46.119557880660388, -23.667830151665264 ], [ -46.119746626848183, -23.667111945481512 ], [ -46.119870992755182, -23.666381930671257 ], [ -46.119936986620004, -23.665854411738348 ], [ -46.119950484937604, -23.665685091028376 ], [ -46.120762300949046, -23.663497662963017 ], [ -46.121057136851135, -23.662530479446414 ], [ -46.121233526675958, -23.661539117544311 ], [ -46.121346980476744, -23.660564326979351 ], [ -46.121401551904064, -23.659748166804693 ], [ -46.121381498021591, -23.659112717009723 ], [ -46.12144806923763, -23.659038927656727 ], [ -46.122015673631239, -23.658344299593836 ], [ -46.122173855968406, -23.658106064230353 ], [ -46.12254921550791, -23.657757101491853 ], [ -46.123137431402412, -23.657095282379096 ], [ -46.123655034604965, -23.656385171850125 ], [ -46.124097383162123, -23.655633139966273 ], [ -46.124460367865026, -23.654939483190397 ], [ -46.124696361583695, -23.654452199304302 ], [ -46.125342000800181, -23.653005647610247 ], [ -46.125728076761312, -23.652286062417314 ], [ -46.125834651210198, -23.652184739574352 ], [ -46.126504477805682, -23.651477868866099 ], [ -46.127091066451229, -23.65071079152321 ], [ -46.127588086339891, -23.649891788331956 ], [ -46.127990173885628, -23.649029700459792 ], [ -46.128206972651618, -23.648489025187338 ], [ -46.128614693301124, -23.647501618784656 ], [ -46.129663218675248, -23.646395465403842 ], [ -46.130203069416559, -23.645772443947294 ], [ -46.130681174398681, -23.645107993029335 ], [ -46.131093809134661, -23.644407290170324 ], [ -46.13143775944927, -23.643675795281734 ], [ -46.131749526160512, -23.642923306478867 ], [ -46.131868551159272, -23.642619859167894 ], [ -46.131900276604497, -23.64253422042724 ], [ -46.132366355729573, -23.642305961603281 ], [ -46.133803981066698, -23.641514187201047 ], [ -46.134552211309355, -23.641058018262608 ], [ -46.135252030018947, -23.640540733687967 ], [ -46.135897574648361, -23.639966667386791 ], [ -46.136483437577517, -23.639340628926117 ], [ -46.137004711411798, -23.638667863217862 ], [ -46.137457030080789, -23.637954006560236 ], [ -46.137642432123343, -23.637627989784274 ], [ -46.138061419751253, -23.636789591674756 ], [ -46.13838533097644, -23.635916172952076 ], [ -46.138610784338276, -23.63501685689225 ], [ -46.138703592519263, -23.634334943808749 ], [ -46.138953386097313, -23.634010685418612 ], [ -46.139444622652825, -23.633305893885069 ], [ -46.139862869840755, -23.632562203291037 ], [ -46.140204531095513, -23.631786011034734 ], [ -46.140466668821617, -23.630983993980571 ], [ -46.140647029620148, -23.630163051012389 ], [ -46.14074406362419, -23.629330243680887 ], [ -46.140789561109379, -23.628638795536435 ], [ -46.140996619896356, -23.62826581675942 ], [ -46.141042756151812, -23.62818162899174 ], [ -46.141148013513281, -23.627987040069982 ], [ -46.14155215508049, -23.627722404071001 ], [ -46.142399429049803, -23.627099880174516 ], [ -46.143166931620442, -23.626394983735743 ], [ -46.143410672048944, -23.626115204907613 ], [ -46.143659535747858, -23.626030936772292 ], [ -46.144114703895433, -23.625864808493869 ], [ -46.144692764432619, -23.625638277259434 ], [ -46.145855424160331, -23.625095904788271 ], [ -46.146308107832937, -23.624848597434802 ], [ -46.147401816295002, -23.624154730341488 ], [ -46.148434366814655, -23.623399763790228 ], [ -46.149186625700928, -23.622789445895233 ], [ -46.149867296954554, -23.622111530638755 ], [ -46.150425714926421, -23.621494899831958 ], [ -46.151036442607406, -23.620744468712257 ], [ -46.151375557254738, -23.620279269362946 ], [ -46.151415304550852, -23.620220164273761 ], [ -46.15194477066143, -23.620189665777442 ], [ -46.152819304414706, -23.62006561732203 ], [ -46.153763460484612, -23.619891166401754 ], [ -46.154693444774807, -23.61967523390528 ], [ -46.155596069801241, -23.619376584884062 ], [ -46.156476078715976, -23.619039770480367 ], [ -46.157359891590978, -23.618652756300509 ], [ -46.157783933023303, -23.618442548127028 ], [ -46.158621183362392, -23.617976421115081 ], [ -46.159245783318589, -23.617588203660308 ], [ -46.160277163674493, -23.616850483689216 ], [ -46.160770837716662, -23.616446041885066 ], [ -46.161723484818417, -23.615548860524701 ], [ -46.162023350992584, -23.61522407814919 ], [ -46.162049989814442, -23.615218391409847 ], [ -46.164447810932892, -23.614764584533116 ] ] ] ] } },
{ "type": "Feature", "properties": { "regiao_id": 2, "regiao_nome": "Caraguatatuba-Ubatuba", "sigla_rodovia": "SP-055", "km_inicial": 53.6, "km_final": 112.55, "extensao_oficial_km": 58.95, "n_subtrechos_der": 6, "municipios": "Caraguatatuba;Ubatuba", "ubas": "Caraguatatuba", "ubas_codigo": "RC 06.04", "residencias_dr": "DR 06", "regionais": "Taubaté", "jurisdicoes": "Estadual", "conservado_por": "05.04", "subtrechos_der": "055SPE7722;055SPE0266;055SPE3711;055SPE8406;055SPE9681;055SPE4299", "area_km2": 116.222, "perimetro_km": 118.066, "buffer_lateral_m": 1000, "tampas_round": "inicio", "n_caps_round_adicionadas": 1, "k_geo": 400, "cpc_breaks": "1;6;12;24", "hid24h_breaks": "70;80;120;143" }, "geometry": { "type": "MultiPolygon", "coordinates": [ [ [ [ -45.453284908876682, -23.692368530466691 ], [ -45.45334355072616, -23.691476075966161 ], [ -45.453346676636812, -23.691212552938577 ], [ -45.453259536115354, -23.689908535007927 ], [ -45.453177290500925, -23.689346037919815 ], [ -45.453031360221793, -23.688591583406097 ], [ -45.452816513530735, -23.6878512355335 ], [ -45.452534297995776, -23.687130323184093 ], [ -45.452297585899792, -23.686597634912125 ], [ -45.451950470190418, -23.68590212614895 ], [ -45.451540661089574, -23.685236180046395 ], [ -45.451127545904406, -23.684680501137446 ], [ -45.450975371913799, -23.684459049463623 ], [ -45.450456951013102, -23.683832860909561 ], [ -45.449881285162931, -23.683250633019899 ], [ -45.449512079940931, -23.682908447164458 ], [ -45.449171677729765, -23.682619336003711 ], [ -45.447758129030355, -23.67506673749719 ], [ -45.447748502126096, -23.675016157068033 ], [ -45.447672768326413, -23.674624789744058 ], [ -45.447669943005103, -23.67456748916214 ], [ -45.4475677236763, -23.673614154669874 ], [ -45.447484006470361, -23.673242461689934 ], [ -45.447474411648834, -23.673145438561377 ], [ -45.44735844551672, -23.672358073997493 ], [ -45.447167800533165, -23.671583142425071 ], [ -45.446986699286533, -23.671063890594766 ], [ -45.445569643630002, -23.663890649185788 ], [ -45.445574662026324, -23.663700926519407 ], [ -45.445527876924345, -23.662958597099319 ], [ -45.445414962104309, -23.662222327547244 ], [ -45.445330207946888, -23.661796947897326 ], [ -45.44510885255422, -23.660929474408139 ], [ -45.44496068033088, -23.660530421555279 ], [ -45.444866537662442, -23.659965044573006 ], [ -45.444740629600133, -23.659404568335468 ], [ -45.444363348950695, -23.657707383253591 ], [ -45.443807302159421, -23.654808685130931 ], [ -45.443794291495358, -23.654742305743799 ], [ -45.440993232198458, -23.640748913791601 ], [ -45.440795872669277, -23.639009177162382 ], [ -45.44068962473095, -23.638326138557833 ], [ -45.440527091612914, -23.637652564917754 ], [ -45.440449766404981, -23.637381449754898 ], [ -45.440177166086251, -23.63657948784596 ], [ -45.439824849296713, -23.635804336596738 ], [ -45.439621602944975, -23.635409761261421 ], [ -45.435959588417255, -23.627980699524773 ], [ -45.435617804205116, -23.627353259142918 ], [ -45.434909436327345, -23.62616991055226 ], [ -45.434843836500953, -23.625986154860229 ], [ -45.434750988324112, -23.62575997712338 ], [ -45.434464438712077, -23.625134133249535 ], [ -45.434220552946798, -23.624696566821832 ], [ -45.434116294833515, -23.624040736759554 ], [ -45.433895618675948, -23.623210318525338 ], [ -45.433590722359362, -23.622402843308585 ], [ -45.433204338787029, -23.621625544831986 ], [ -45.432739930685003, -23.620885386360996 ], [ -45.432201659540425, -23.620188998341021 ], [ -45.431594348288961, -23.6195426190191 ], [ -45.430923438086921, -23.61895203858144 ], [ -45.430756167624175, -23.618818156892797 ], [ -45.429997563285092, -23.618268916161171 ], [ -45.429184044711782, -23.617791041092115 ], [ -45.428323490886001, -23.617389159654518 ], [ -45.427424236056808, -23.617067163827297 ], [ -45.426494989058902, -23.616828171927637 ], [ -45.425708902043191, -23.616663939181329 ], [ -45.425239034119294, -23.616576840384177 ], [ -45.417784666282884, -23.615368737996874 ], [ -45.417728679070422, -23.615353519506403 ], [ -45.416876097542854, -23.614815481925969 ], [ -45.41425967610099, -23.613365520933996 ], [ -45.413498644549449, -23.612984884868393 ], [ -45.412704131771072, -23.612667615686277 ], [ -45.411882336605231, -23.612416188682069 ], [ -45.409649957493073, -23.611832679576231 ], [ -45.409321001043352, -23.611734624663374 ], [ -45.409224122606112, -23.61170625756143 ], [ -45.408684053585986, -23.611550954210571 ], [ -45.40861615515842, -23.611513264200187 ], [ -45.408260226800692, -23.611334762566933 ], [ -45.4073033517802, -23.610914976825253 ], [ -45.406302893051311, -23.610592827715497 ], [ -45.406007305112126, -23.610513885525172 ], [ -45.405671591514221, -23.610430145807555 ], [ -45.405310254418708, -23.610346324165477 ], [ -45.40444550982555, -23.610183478716767 ], [ -45.403568375754993, -23.610092965028958 ], [ -45.403491997140257, -23.610091454972103 ], [ -45.4026821099066, -23.609866329750105 ], [ -45.402137862800053, -23.609620525775405 ], [ -45.401701219771958, -23.609445479123814 ], [ -45.40088063787308, -23.609156081566109 ], [ -45.400035233055831, -23.608935552130845 ], [ -45.399171796535207, -23.608785662349028 ], [ -45.398618088370519, -23.60871304210011 ], [ -45.397909513464128, -23.608481689545677 ], [ -45.397433736654037, -23.608351942832936 ], [ -45.396620188460268, -23.608164551650869 ], [ -45.396241925535122, -23.608108525239221 ], [ -45.391808940335025, -23.606881654062533 ], [ -45.391740060501384, -23.606857820453115 ], [ -45.391529840949914, -23.606775856265891 ], [ -45.390725323875451, -23.606499789653508 ], [ -45.38989768204803, -23.606289645732158 ], [ -45.389408195490908, -23.606186378250197 ], [ -45.389382214576258, -23.606182039334037 ], [ -45.389362072374119, -23.606168369739809 ], [ -45.388719110975401, -23.605779529493411 ], [ -45.388013739148889, -23.60539091430244 ], [ -45.387275523537554, -23.60505811208343 ], [ -45.386509652792789, -23.604783461903157 ], [ -45.385407187077931, -23.604436390582286 ], [ -45.38444019999595, -23.604182190945359 ], [ -45.38345004229442, -23.604020619106048 ], [ -45.382485115570766, -23.603955922035691 ], [ -45.382337232233972, -23.603863089336375 ], [ -45.381327157874615, -23.603307705181379 ], [ -45.380853974985257, -23.603081835153784 ], [ -45.380314581240846, -23.602857195999793 ], [ -45.380259412550558, -23.602562437559968 ], [ -45.380116099404603, -23.601979419567094 ], [ -45.379818227287089, -23.601018065662178 ], [ -45.379639113584801, -23.600615222317426 ], [ -45.37953386615284, -23.60011154114304 ], [ -45.379261692858762, -23.599264931144312 ], [ -45.37890112586323, -23.598446855244898 ], [ -45.378455612104403, -23.59766513045092 ], [ -45.377929409997414, -23.596927226290504 ], [ -45.377629258502694, -23.596548082352456 ], [ -45.376938922360047, -23.595770812650368 ], [ -45.376244519106223, -23.595145762828931 ], [ -45.376010167047362, -23.594800470556766 ], [ -45.375376720689708, -23.594054280611331 ], [ -45.374661957167156, -23.593373339180388 ], [ -45.37410534199114, -23.592943845888012 ], [ -45.37339157287154, -23.592326176603017 ], [ -45.372874553988005, -23.591922702820696 ], [ -45.372108155782605, -23.591382002080525 ], [ -45.371287773156105, -23.590913391849391 ], [ -45.37042136133919, -23.590521415963909 ], [ -45.369517321639499, -23.590209875152087 ], [ -45.368928226623957, -23.59003681936548 ], [ -45.368028615771614, -23.589815327537295 ], [ -45.367110259802111, -23.589673512590313 ], [ -45.366181446738466, -23.589612654401531 ], [ -45.365250558923698, -23.589633302226069 ], [ -45.364325997417914, -23.58973526974253 ], [ -45.3634161062269, -23.589917636732665 ], [ -45.362529097043762, -23.590178757380514 ], [ -45.36167297518103, -23.590516275116272 ], [ -45.361143245872164, -23.590753149507986 ], [ -45.360864282848276, -23.590893626533695 ], [ -45.360066988340527, -23.590966062978389 ], [ -45.359703431658431, -23.591015347392329 ], [ -45.356723209478261, -23.59123247831841 ], [ -45.355980880503722, -23.591312901966329 ], [ -45.355247358964732, -23.591445224360346 ], [ -45.354602138631748, -23.591585352195651 ], [ -45.353790501820917, -23.591795960907817 ], [ -45.35300150763063, -23.592070079491947 ], [ -45.352240994861191, -23.592405679449815 ], [ -45.351514591667836, -23.592800277295058 ], [ -45.350804737416524, -23.593224821137319 ], [ -45.350121523989159, -23.592309096130009 ], [ -45.348166201261037, -23.589684789860797 ], [ -45.347894172510593, -23.58933761350842 ], [ -45.347605387884578, -23.588986877449496 ], [ -45.347214244784411, -23.588541856014885 ], [ -45.346863022814077, -23.588167188889983 ], [ -45.346326806491234, -23.587639435312465 ], [ -45.344946742291413, -23.586385698957226 ], [ -45.344251981006416, -23.585650896467147 ], [ -45.343413065750759, -23.584947440232359 ], [ -45.343136839311242, -23.58474143246357 ], [ -45.338561613267593, -23.580584714577853 ], [ -45.337144937113422, -23.579297568908352 ], [ -45.336316501043505, -23.578544870054344 ], [ -45.336159769551791, -23.578277524891583 ], [ -45.335610065276285, -23.577449569735251 ], [ -45.334688273908441, -23.576215397790548 ], [ -45.334054139916908, -23.575455996685587 ], [ -45.333188264888648, -23.574525663263859 ], [ -45.332670599478242, -23.574011301217119 ], [ -45.332111187586186, -23.573535522568861 ], [ -45.331122387841226, -23.57275784968515 ], [ -45.330437287166134, -23.572265666628976 ], [ -45.329707599164301, -23.571831332457066 ], [ -45.32859933287012, -23.571234073001641 ], [ -45.32822181289027, -23.571030620291054 ], [ -45.327416024051679, -23.570641445460744 ], [ -45.326574558983495, -23.570322819009387 ], [ -45.326042528481416, -23.570147492866141 ], [ -45.32561782232743, -23.570017534973069 ], [ -45.325475058438649, -23.569977161216539 ], [ -45.325401067589645, -23.569800359217211 ], [ -45.324975599819567, -23.569018681625852 ], [ -45.324470122549094, -23.568278592692899 ], [ -45.32388937494985, -23.567587029352282 ], [ -45.323415286203605, -23.567075668407046 ], [ -45.322726949455891, -23.566405747322509 ], [ -45.321080444138033, -23.564958996614781 ], [ -45.320241523195953, -23.564300708480921 ], [ -45.319327748238059, -23.563733383706349 ], [ -45.318645293915417, -23.563359277878146 ], [ -45.317862869546367, -23.562973453784203 ], [ -45.317045794120894, -23.562654453261505 ], [ -45.316419857391892, -23.562440334995593 ], [ -45.315488159905271, -23.562169500133571 ], [ -45.314531840179079, -23.561985525464049 ], [ -45.313560402008868, -23.561890239317762 ], [ -45.312583499347724, -23.561884588651179 ], [ -45.311888724319104, -23.561912523443429 ], [ -45.310960623004874, -23.56199072888317 ], [ -45.310044777462466, -23.562149854535171 ], [ -45.309149470933605, -23.562388461232356 ], [ -45.308282801012631, -23.562704390944152 ], [ -45.307873698096323, -23.562896770629695 ], [ -45.306596589469081, -23.562673206792898 ], [ -45.305080531987414, -23.562395099810221 ], [ -45.304028187558863, -23.562174611582812 ], [ -45.303466468129606, -23.562072725831861 ], [ -45.30192942153046, -23.561836687529834 ], [ -45.300950002146379, -23.561643794676677 ], [ -45.298768025192338, -23.561056591250701 ], [ -45.297765342663048, -23.560838743737808 ], [ -45.297208668259223, -23.56074595804855 ], [ -45.296234980547503, -23.560629738601882 ], [ -45.295253564596592, -23.560603919095303 ], [ -45.294274271608366, -23.560668758719526 ], [ -45.293306931492317, -23.560823606648423 ], [ -45.29279955331598, -23.560954144700187 ], [ -45.292341163374012, -23.560590806917293 ], [ -45.291759937557948, -23.560194860918966 ], [ -45.291191402393579, -23.559836664973435 ], [ -45.290366722952115, -23.559370407704929 ], [ -45.289496191518921, -23.558981384110478 ], [ -45.288985472507051, -23.558781216330033 ], [ -45.288015719063146, -23.558455579317979 ], [ -45.287724744970305, -23.55837359185367 ], [ -45.28682475797681, -23.558162422035863 ], [ -45.286470868326923, -23.558095668253461 ], [ -45.285530854028771, -23.557961790248008 ], [ -45.285395692184231, -23.557948692869015 ], [ -45.284612983443189, -23.557800898551683 ], [ -45.284161968730778, -23.557725820006755 ], [ -45.282351855732124, -23.55746462248467 ], [ -45.282255675840275, -23.557451193757004 ], [ -45.281847660863768, -23.557396134106025 ], [ -45.281271883552584, -23.557277372066952 ], [ -45.280044056172358, -23.557098591360091 ], [ -45.27888889733223, -23.55699906485507 ], [ -45.278271408257389, -23.556963942606369 ], [ -45.275314661726114, -23.556881982657611 ], [ -45.2751517822918, -23.556878715201218 ], [ -45.273461458783203, -23.556857754833853 ], [ -45.273432667963526, -23.556857404881644 ], [ -45.266469713214114, -23.556772609114855 ], [ -45.266345320138939, -23.556677315492891 ], [ -45.266276554512281, -23.556619475937403 ], [ -45.265768898588277, -23.556220799507319 ], [ -45.265237870007518, -23.555831718712142 ], [ -45.264712056695167, -23.555472207843657 ], [ -45.264508881466448, -23.555342760716204 ], [ -45.262921351962284, -23.554306019586555 ], [ -45.26272346327675, -23.554180118354509 ], [ -45.261843199506714, -23.553634645516233 ], [ -45.260774069991541, -23.552960709245696 ], [ -45.259208075282956, -23.549785459628765 ], [ -45.259144478744147, -23.549659101202057 ], [ -45.258128021785012, -23.547679613087013 ], [ -45.257842482609902, -23.547105508545126 ], [ -45.257675334141879, -23.546786137276271 ], [ -45.257348518424635, -23.546191783191535 ], [ -45.257088690272042, -23.545750151740766 ], [ -45.256990283185985, -23.545593449529555 ], [ -45.256440297334542, -23.544813296130833 ], [ -45.25580618476819, -23.544089440809135 ], [ -45.255298094582358, -23.543566958034962 ], [ -45.25459688671932, -23.542915704024033 ], [ -45.253827634532904, -23.542333398460013 ], [ -45.253190629821724, -23.541899196898768 ], [ -45.252236937440649, -23.541325036506876 ], [ -45.251217419232177, -23.540856799069481 ], [ -45.250479796672167, -23.540566054482408 ], [ -45.249747867850559, -23.540308943257841 ], [ -45.248996003475852, -23.540106556413527 ], [ -45.247634772901399, -23.539793988015667 ], [ -45.247533448860544, -23.539771248585303 ], [ -45.246877856558044, -23.539627520032202 ], [ -45.246785026917529, -23.539607607649188 ], [ -45.240914114914482, -23.538375868440784 ], [ -45.240870540747579, -23.538366821774542 ], [ -45.239092637244838, -23.53800161430069 ], [ -45.239028135288827, -23.537791151496155 ], [ -45.238970548960253, -23.537633087579003 ], [ -45.238952089024465, -23.537582906465648 ], [ -45.237695145539689, -23.534198627761882 ], [ -45.236586359217021, -23.531157936270581 ], [ -45.236071586349894, -23.530013015367462 ], [ -45.235766666418726, -23.529447901004989 ], [ -45.235458049727185, -23.528920552165246 ], [ -45.235000121055002, -23.528196596952149 ], [ -45.234892997974981, -23.528027240709569 ], [ -45.234223895301206, -23.52710473576203 ], [ -45.233793268693937, -23.526583428966305 ], [ -45.23337595378333, -23.526112056664033 ], [ -45.233232089745272, -23.525960292070611 ], [ -45.232478483183264, -23.525248518537285 ], [ -45.232147463638199, -23.524968518666501 ], [ -45.231313606259313, -23.52422718896727 ], [ -45.231269639139079, -23.524188342646486 ], [ -45.23095802241707, -23.523914726462017 ], [ -45.230883800642779, -23.523850231467534 ], [ -45.230475379889455, -23.523499015901248 ], [ -45.230435555174907, -23.523464958910527 ], [ -45.23011854958154, -23.523195367068851 ], [ -45.229333805127524, -23.522594595105897 ], [ -45.228777211289376, -23.522211804606556 ], [ -45.228122430628879, -23.521798454005975 ], [ -45.227203145315272, -23.521267222199832 ], [ -45.226893948394547, -23.521095773426499 ], [ -45.210534790059931, -23.512397375089535 ], [ -45.209479657802945, -23.511911809575693 ], [ -45.206474150218, -23.5107312993375 ], [ -45.205624060170408, -23.510356000252216 ], [ -45.205401264033732, -23.51026957494398 ], [ -45.204739025399391, -23.510049745793133 ], [ -45.199176399048149, -23.507864631214211 ], [ -45.199086285764238, -23.507348649830732 ], [ -45.198991841867745, -23.50688526008781 ], [ -45.198911699365105, -23.506541691507543 ], [ -45.198903958590996, -23.506508805007634 ], [ -45.198841175051321, -23.506244446423722 ], [ -45.198611249821667, -23.505450873571583 ], [ -45.19830410820849, -23.504679843601117 ], [ -45.197922291239102, -23.503937732054403 ], [ -45.197561648969319, -23.503311936217536 ], [ -45.197068951386562, -23.502549838675574 ], [ -45.196497563419399, -23.501835995030824 ], [ -45.195852998773965, -23.501177292138941 ], [ -45.195274567526013, -23.500641587396416 ], [ -45.194710000758086, -23.500158306137642 ], [ -45.194106003688027, -23.499717434480992 ], [ -45.193959900431963, -23.499619153296379 ], [ -45.193838371625887, -23.499123913535293 ], [ -45.193528561399816, -23.49826867692531 ], [ -45.193127845091979, -23.497446187804918 ], [ -45.192640217173349, -23.496664641653126 ], [ -45.192046295475073, -23.495813972065051 ], [ -45.191957361995669, -23.495526314674109 ], [ -45.191632708183434, -23.494649499019904 ], [ -45.191212379734687, -23.493807967705976 ], [ -45.191034319914465, -23.493494817270694 ], [ -45.190620523342922, -23.492836142965302 ], [ -45.190148067414349, -23.492211941547474 ], [ -45.189620308139411, -23.491626645882167 ], [ -45.189443035839147, -23.491446097744941 ], [ -45.188797908592953, -23.490847761604797 ], [ -45.188095065307948, -23.490307557479426 ], [ -45.187340639329705, -23.489830198958884 ], [ -45.186541213870001, -23.489419851224461 ], [ -45.186132794601072, -23.489232690709319 ], [ -45.185293004031962, -23.488892099724442 ], [ -45.184422348570841, -23.488625475594269 ], [ -45.184252468369017, -23.488589306505233 ], [ -45.183936677719736, -23.48819774883825 ], [ -45.183325188112555, -23.487571210927786 ], [ -45.182653040927235, -23.486999977582812 ], [ -45.181926090262131, -23.486489023378581 ], [ -45.181038058729648, -23.485923243278361 ], [ -45.180265778349408, -23.485478636482007 ], [ -45.17920546860082, -23.484929648297609 ], [ -45.179134597781982, -23.484893308728477 ], [ -45.178531048722427, -23.484586842098309 ], [ -45.177131987908247, -23.483872106593228 ], [ -45.17709904856342, -23.48385535485474 ], [ -45.176115389162497, -23.483357366453134 ], [ -45.174993057283586, -23.482871722606578 ], [ -45.174533222395944, -23.482704616191572 ], [ -45.174385501052384, -23.482652201102471 ], [ -45.174116333998356, -23.482558989828057 ], [ -45.174039205919307, -23.482532620984692 ], [ -45.173733719315102, -23.482429523453117 ], [ -45.172692290183626, -23.48213746626859 ], [ -45.172118468361667, -23.482008189504583 ], [ -45.171475039478167, -23.481884174758473 ], [ -45.170943359469987, -23.481798763886413 ], [ -45.170059315636195, -23.481694712244494 ], [ -45.169837125469833, -23.481677992191702 ], [ -45.169612984315158, -23.481661309222805 ], [ -45.169298297410045, -23.481636136978569 ], [ -45.168807413915438, -23.481608303124819 ], [ -45.168548356631554, -23.481599629028224 ], [ -45.167945217534275, -23.481605340752509 ], [ -45.167945095868056, -23.481600267083085 ], [ -45.167426596807665, -23.481610844697212 ], [ -45.166203462555906, -23.481706773376494 ], [ -45.166193255971642, -23.481708172508256 ], [ -45.166162236963579, -23.481710862452516 ], [ -45.165250192339869, -23.481830088953313 ], [ -45.16490732355679, -23.481890200600716 ], [ -45.164833741302566, -23.481899365509726 ], [ -45.164633810255218, -23.48192620719767 ], [ -45.164399207657183, -23.481959986412956 ], [ -45.164063394512915, -23.482013875636351 ], [ -45.163725934344733, -23.482073627220569 ], [ -45.163454190770871, -23.482120855867308 ], [ -45.162993058032868, -23.482211653800224 ], [ -45.161068880265923, -23.482635431081516 ], [ -45.160574468535593, -23.482756991409641 ], [ -45.159921049059392, -23.482934632104531 ], [ -45.159573304825585, -23.483045757105682 ], [ -45.159224436685868, -23.482913121877612 ], [ -45.158022761382675, -23.482538222323875 ], [ -45.157403440230816, -23.482385432678779 ], [ -45.156535251711588, -23.4822097550088 ], [ -45.155653371877861, -23.482107403975512 ], [ -45.154765064070098, -23.482079222570889 ], [ -45.153877644540053, -23.48212544291038 ], [ -45.152998422229444, -23.482245684321985 ], [ -45.152666816216062, -23.482305329742726 ], [ -45.151937524434118, -23.482465417696094 ], [ -45.151862197086281, -23.482464352843316 ], [ -45.15116780785079, -23.48248369042706 ], [ -45.150309952408378, -23.482542440155168 ], [ -45.149460994523182, -23.482670396782385 ], [ -45.148627483380281, -23.482866573211272 ], [ -45.147566018510823, -23.483162758730746 ], [ -45.147295757575911, -23.483242127542351 ], [ -45.146787585159906, -23.483398874593128 ], [ -45.145928723031822, -23.483705919637512 ], [ -45.145698600283531, -23.483812103028963 ], [ -45.145587337711198, -23.483851824478066 ], [ -45.144699566673118, -23.484268875790725 ], [ -45.144124681693377, -23.48457385585283 ], [ -45.143843599947715, -23.484742566599017 ], [ -45.14380518831004, -23.484748016937573 ], [ -45.143602505505214, -23.484785973761763 ], [ -45.142556368463673, -23.485038060175999 ], [ -45.141889887387649, -23.485273668514079 ], [ -45.141690022225745, -23.485314890905233 ], [ -45.141093836649134, -23.485492372748627 ], [ -45.141068749748733, -23.485493958028599 ], [ -45.140736676794525, -23.485532271325233 ], [ -45.139901085107773, -23.485662761661384 ], [ -45.139080851375788, -23.485859392697055 ], [ -45.138282117038962, -23.486120692192415 ], [ -45.137510862659198, -23.486444703701761 ], [ -45.137223848781971, -23.486579401981576 ], [ -45.136492754825788, -23.486959732138725 ], [ -45.135799650645822, -23.487396404099133 ], [ -45.1352215024164, -23.487832051486432 ], [ -45.135058800159669, -23.487862677263426 ], [ -45.134361556393564, -23.488044342399661 ], [ -45.133647140410751, -23.488257093725572 ], [ -45.132704057407238, -23.488588327972813 ], [ -45.131802931831864, -23.489007310764311 ], [ -45.129934684627052, -23.48999039978786 ], [ -45.129674861733506, -23.49008720697438 ], [ -45.129174416926425, -23.490261898523617 ], [ -45.129154672963011, -23.490268813013564 ], [ -45.128840194904562, -23.490379303222806 ], [ -45.12781528659086, -23.490802955241868 ], [ -45.127379212310757, -23.491011679082199 ], [ -45.126659864609557, -23.491392480527786 ], [ -45.126383453104999, -23.491553525614165 ], [ -45.125884344489506, -23.491891085447804 ], [ -45.125818002002489, -23.491868058466867 ], [ -45.125006445945772, -23.491657805770643 ], [ -45.124838983925791, -23.491621512568091 ], [ -45.12457542627255, -23.491578664496927 ], [ -45.124519514284451, -23.491535169663528 ], [ -45.123653118647624, -23.490995628054058 ], [ -45.122729311958807, -23.490544330171915 ], [ -45.121404497180002, -23.489978444833003 ], [ -45.120676137747878, -23.489499293522559 ], [ -45.119814345770997, -23.489046056305479 ], [ -45.118907266882282, -23.488675552666184 ], [ -45.117811620066938, -23.488287970828214 ], [ -45.117357162598509, -23.488156967602205 ], [ -45.117032861238087, -23.487964877618083 ], [ -45.11697259601091, -23.487900968798026 ], [ -45.116956594301115, -23.487708948927441 ], [ -45.116827807835953, -23.486787271109336 ], [ -45.116597036744565, -23.48588267506042 ], [ -45.116413929378993, -23.485300948218626 ], [ -45.116120489458083, -23.484508046995124 ], [ -45.115748667777602, -23.483743632888476 ], [ -45.115301664196373, -23.483014281661571 ], [ -45.114783325130041, -23.482326267350793 ], [ -45.114198110432142, -23.48168550831144 ], [ -45.113551055006937, -23.481097516324883 ], [ -45.112847725484784, -23.480567349204897 ], [ -45.112433055698432, -23.480283303713584 ], [ -45.111713128198289, -23.47983444883759 ], [ -45.110952902371231, -23.479446224431143 ], [ -45.110158363343196, -23.479121686765495 ], [ -45.109335766219509, -23.478863390723216 ], [ -45.108491586862918, -23.478673369696075 ], [ -45.107836661288303, -23.478554067403657 ], [ -45.106940710413092, -23.478430255835256 ], [ -45.106036190121927, -23.478383342726204 ], [ -45.105130840283181, -23.478413729513079 ], [ -45.104550708401185, -23.4784580519398 ], [ -45.103250951826467, -23.478639000930162 ], [ -45.101745685323309, -23.478945051147964 ], [ -45.101477717213072, -23.478992581640611 ], [ -45.100732324575475, -23.479177989156035 ], [ -45.100731318840253, -23.479174131040619 ], [ -45.100309017819484, -23.479267794698881 ], [ -45.093663679352751, -23.480711732399556 ], [ -45.093595725642658, -23.480723568319387 ], [ -45.093456726816804, -23.480739223068344 ], [ -45.093357048006041, -23.480750928367417 ], [ -45.092686990183694, -23.48083283610088 ], [ -45.092614661045729, -23.480841930572577 ], [ -45.091344815398202, -23.481006040831531 ], [ -45.090796833192769, -23.481073333953411 ], [ -45.085150921369788, -23.481549784118986 ], [ -45.084168250378866, -23.481691234458427 ], [ -45.083987417031338, -23.481069838445364 ], [ -45.083811380162132, -23.480552769261411 ], [ -45.083192032973862, -23.478458892802571 ], [ -45.082849880026423, -23.477511729876337 ], [ -45.082396505631515, -23.476605179990734 ], [ -45.081837449857126, -23.475750316448057 ], [ -45.081528669101338, -23.475332268518834 ], [ -45.080963671281317, -23.474641006991039 ], [ -45.080329535256091, -23.474002809816081 ], [ -45.079680082574662, -23.473463402488711 ], [ -45.079402186726689, -23.473011660316857 ], [ -45.079036049112659, -23.472471399086768 ], [ -45.07880164641761, -23.472141748699354 ], [ -45.077798666481044, -23.470796166387981 ], [ -45.077268944530154, -23.470021232349442 ], [ -45.075525818065628, -23.467250949698101 ], [ -45.075223453029366, -23.466801274251445 ], [ -45.074610708529704, -23.465946918144656 ], [ -45.07404625644854, -23.465237563359445 ], [ -45.073523419617011, -23.464643486462297 ], [ -45.073284585374388, -23.46433987858131 ], [ -45.072725444208693, -23.463693534377754 ], [ -45.072204794778301, -23.463145171719901 ], [ -45.070830720963194, -23.461583819997575 ], [ -45.070325675550407, -23.461002805845954 ], [ -45.070321778446107, -23.461005688866049 ], [ -45.070252801868314, -23.460919976901089 ], [ -45.069607167667321, -23.460263451591771 ], [ -45.068894894644828, -23.45966846555288 ], [ -45.068122842188316, -23.459140747977525 ], [ -45.067298445032776, -23.458685380260363 ], [ -45.066429641681395, -23.458306747092283 ], [ -45.065524797987713, -23.458008494262145 ], [ -45.064592626633896, -23.457793493570993 ], [ -45.063642103278802, -23.457663815195723 ], [ -45.062682380181286, -23.457620707767258 ], [ -45.061722698128051, -23.45766458635498 ], [ -45.060772297511718, -23.457795028472336 ], [ -45.059840329412587, -23.458010778142278 ], [ -45.058935767537726, -23.458309757983269 ], [ -45.05806732186285, -23.458689089200131 ], [ -45.057243354806182, -23.459145119287481 ], [ -45.056471800739409, -23.459673457179928 ], [ -45.055760089609265, -23.460269015511631 ], [ -45.055115075403862, -23.460926059578892 ], [ -45.05454297015195, -23.461638262536024 ], [ -45.054049284090475, -23.462398766293749 ], [ -45.053638772576861, -23.463200247535006 ], [ -45.05331539025817, -23.464034988213733 ], [ -45.053082252939717, -23.464894949858618 ], [ -45.052941607522285, -23.465771850967293 ], [ -45.052894810299371, -23.466657246746404 ], [ -45.052942313826229, -23.467542610430144 ], [ -45.05308366248952, -23.468419415394631 ], [ -45.053317496823183, -23.469279217277283 ], [ -45.053641566531709, -23.470113735310246 ], [ -45.054052752097959, -23.470914932084291 ], [ -45.054547094770065, -23.471675090974383 ], [ -45.055050861930098, -23.47230117190934 ], [ -45.055046964161932, -23.472304054544992 ], [ -45.055570445259896, -23.47290635598646 ], [ -45.055607502349815, -23.472948730177542 ], [ -45.057115507758418, -23.474662485527222 ], [ -45.057351530581165, -23.474920686818791 ], [ -45.057697182060316, -23.475284780233821 ], [ -45.057828312938412, -23.475451498955252 ], [ -45.058151345987319, -23.475839629541404 ], [ -45.058540417745519, -23.476281774069193 ], [ -45.058731341201806, -23.476548025539781 ], [ -45.060420341324033, -23.479232818939856 ], [ -45.060606233717301, -23.479516202081228 ], [ -45.061243015583358, -23.480447924549551 ], [ -45.061264724520413, -23.480744367885841 ], [ -45.061410565656097, -23.481574744199648 ], [ -45.06163952259957, -23.482389005361931 ], [ -45.061949611112787, -23.483180089285309 ], [ -45.062338143169484, -23.483941134776753 ], [ -45.062571551012034, -23.484348010877238 ], [ -45.063087512119779, -23.485145370491395 ], [ -45.06368950412574, -23.485889656127874 ], [ -45.064371165843554, -23.486573001300197 ], [ -45.065125293707531, -23.487188183498951 ], [ -45.065555918469379, -23.487472515343221 ], [ -45.067638493980887, -23.494516360649229 ], [ -45.067742286044997, -23.494843015741456 ], [ -45.067985105732262, -23.495557074054084 ], [ -45.068382820904915, -23.496527529415758 ], [ -45.068898573181912, -23.497449522426095 ], [ -45.069067655007771, -23.497713391110935 ], [ -45.069717458166878, -23.498602399509441 ], [ -45.070476904294544, -23.499414135142025 ], [ -45.070876054991047, -23.499792788111012 ], [ -45.071562508921367, -23.500384365641075 ], [ -45.072307269683982, -23.500912559868439 ], [ -45.073103484013323, -23.501372509919481 ], [ -45.073943824885177, -23.501759982913612 ], [ -45.074467267450181, -23.501973039135269 ], [ -45.075433321277309, -23.502311295189156 ], [ -45.076432644391318, -23.502553797546177 ], [ -45.07745411156943, -23.502697846464354 ], [ -45.077986528715229, -23.502746594517713 ], [ -45.078911335470963, -23.502790693727906 ], [ -45.079836524441319, -23.502754041953359 ], [ -45.080753823527893, -23.502636966900489 ], [ -45.081139278507308, -23.502570510549173 ], [ -45.081640760147266, -23.502655884868499 ], [ -45.082748475249204, -23.502726599701759 ], [ -45.083857750569571, -23.502681225886288 ], [ -45.084292071165351, -23.502640615133579 ], [ -45.085203880336309, -23.502515134759545 ], [ -45.086098855412828, -23.502311142502649 ], [ -45.086969065896525, -23.502030445987298 ], [ -45.087806800862893, -23.501675532517325 ], [ -45.088604637322142, -23.501249547022908 ], [ -45.08935550602132, -23.500756264177713 ], [ -45.089676690537161, -23.500523491699678 ], [ -45.090414107654169, -23.499931852979714 ], [ -45.091083907435319, -23.499275373575511 ], [ -45.09116011355551, -23.499183905442582 ], [ -45.092782350890566, -23.499046983294367 ], [ -45.093182342070477, -23.499005560424752 ], [ -45.093963143053472, -23.498909676855032 ], [ -45.094029536415896, -23.498901310177651 ], [ -45.095296580084707, -23.498737561715213 ], [ -45.095880725550629, -23.498666155653261 ], [ -45.09628658621574, -23.498620444918821 ], [ -45.09691684043441, -23.498530163758407 ], [ -45.097513428934249, -23.498426251905741 ], [ -45.097941586525707, -23.498342496419657 ], [ -45.099966647364901, -23.497902512683329 ], [ -45.100168163348691, -23.498144574320541 ], [ -45.100785216336412, -23.49875851684202 ], [ -45.100866804216231, -23.498825934575898 ], [ -45.101140622604099, -23.4991409948111 ], [ -45.101330081385946, -23.499329809771535 ], [ -45.10211487345164, -23.500029352186534 ], [ -45.102737207457643, -23.500471927316305 ], [ -45.103176811172013, -23.50098804102392 ], [ -45.103857593338795, -23.501640537602871 ], [ -45.104605797127789, -23.502226891608441 ], [ -45.105413903282376, -23.502741209695134 ], [ -45.105831291698081, -23.502979288989305 ], [ -45.106457138164423, -23.503302368622407 ], [ -45.107072120749805, -23.503759467508843 ], [ -45.107867479469505, -23.504241252468592 ], [ -45.108709784516705, -23.504649580502953 ], [ -45.109591084406439, -23.504980596760877 ], [ -45.110503059314183, -23.505231176234972 ], [ -45.110609394225392, -23.505250276953277 ], [ -45.110995275093686, -23.505496306459222 ], [ -45.111730142390343, -23.505882976393512 ], [ -45.112007980156875, -23.506014837506498 ], [ -45.112813946717168, -23.50634709340466 ], [ -45.113219745833945, -23.506717528216324 ], [ -45.113985210782914, -23.507288103280093 ], [ -45.114808910177686, -23.507784947988288 ], [ -45.115016509495419, -23.50789685462016 ], [ -45.115948547804592, -23.508339343461483 ], [ -45.116926532447131, -23.508687433372703 ], [ -45.117939259494861, -23.50893713649695 ], [ -45.118975126764454, -23.509085592119959 ], [ -45.11921475591339, -23.509107905429708 ], [ -45.119251239352003, -23.509126537652236 ], [ -45.119424016587082, -23.509204795556911 ], [ -45.120455015306476, -23.509606092117625 ], [ -45.12152892538964, -23.509896313907689 ], [ -45.122468592702923, -23.510045732317693 ], [ -45.122661292653056, -23.510124604384547 ], [ -45.123567081413299, -23.510401644037891 ], [ -45.124497808334134, -23.510596078158454 ], [ -45.125140866346747, -23.510700338703455 ], [ -45.125513493413074, -23.510753954295026 ], [ -45.125689587555968, -23.51077609800922 ], [ -45.125958435430263, -23.510823573708702 ], [ -45.126760840911011, -23.510933724046605 ], [ -45.127559121575089, -23.511012307877376 ], [ -45.128546835975179, -23.51106320496152 ], [ -45.12953507975552, -23.511021962308906 ], [ -45.130513770806651, -23.510889000686792 ], [ -45.131472924537618, -23.510665676578068 ], [ -45.131945196080814, -23.510531985474117 ], [ -45.132801666186943, -23.510248765003698 ], [ -45.133625939163281, -23.509893473857176 ], [ -45.134410901584445, -23.509469178296879 ], [ -45.135149779469501, -23.508979540078958 ], [ -45.135836196759378, -23.508428784835104 ], [ -45.136192328197787, -23.508115074289826 ], [ -45.136828030864315, -23.507499801116857 ], [ -45.137398212523671, -23.50683215319631 ], [ -45.137548727387298, -23.506637746082575 ], [ -45.137697263259383, -23.50658240150025 ], [ -45.137824872001119, -23.506535647910642 ], [ -45.139062635275714, -23.505986581253843 ], [ -45.140263996592736, -23.505354401444595 ], [ -45.140439951814017, -23.505327675546003 ], [ -45.141219136663338, -23.505179116941747 ], [ -45.141981066291841, -23.504973153974898 ], [ -45.142177022165775, -23.50495086041327 ], [ -45.143040545824455, -23.504778640866885 ], [ -45.143883726336085, -23.504535357831088 ], [ -45.14469970220847, -23.504222991091943 ], [ -45.145481833462625, -23.503844082605994 ], [ -45.14563728091656, -23.503760315623026 ], [ -45.146544000442098, -23.503207262183455 ], [ -45.146632305409476, -23.503146645402364 ], [ -45.146929639681183, -23.503051998496453 ], [ -45.147108792015104, -23.502985885135171 ], [ -45.147557383415588, -23.502808252738227 ], [ -45.147938037734441, -23.502647043323126 ], [ -45.148219624037665, -23.502512267381299 ], [ -45.148629751046116, -23.502444825164247 ], [ -45.14981643148559, -23.50217834130645 ], [ -45.150140673947014, -23.502085432892887 ], [ -45.1509848457831, -23.501874003352938 ], [ -45.151807046120418, -23.501593137894599 ], [ -45.152598712571404, -23.501245581728472 ], [ -45.153353500024743, -23.500834120590426 ], [ -45.153652087370105, -23.500636113688763 ], [ -45.154325204355985, -23.500590831849092 ], [ -45.154362841805202, -23.50060514059129 ], [ -45.155578928545935, -23.500983573164021 ], [ -45.155599813027301, -23.500988693945743 ], [ -45.155677666187614, -23.501012168037398 ], [ -45.157066690035322, -23.501329541234103 ], [ -45.157579708438206, -23.501410627770721 ], [ -45.158940328535479, -23.501536357856729 ], [ -45.159324067784837, -23.501546975922487 ], [ -45.159503684252719, -23.501564587087667 ], [ -45.160349023778132, -23.501579839563199 ], [ -45.160516541752756, -23.501576190104696 ], [ -45.160672791902627, -23.501572786050307 ], [ -45.161086629776882, -23.501555687943139 ], [ -45.161703683167808, -23.501518118936584 ], [ -45.162745209995542, -23.501402779432123 ], [ -45.163767384609677, -23.501185364871706 ], [ -45.164758479364856, -23.500868369734448 ], [ -45.165331391333559, -23.500652778541994 ], [ -45.1661980192182, -23.500280163446011 ], [ -45.166815731645173, -23.499943367222365 ], [ -45.167313065710779, -23.499833832613152 ], [ -45.167369487703674, -23.499824026434396 ], [ -45.167402326412777, -23.499818265500437 ], [ -45.167576378412079, -23.49978744729507 ], [ -45.1677888806189, -23.499760979014411 ], [ -45.167804147341656, -23.499758691681645 ], [ -45.168455438665553, -23.500091427953095 ], [ -45.168771754791287, -23.500523444523516 ], [ -45.169085986814487, -23.500910233066371 ], [ -45.169717927846392, -23.50161134709646 ], [ -45.170316981287947, -23.502153861699792 ], [ -45.170724889788083, -23.502568149050607 ], [ -45.171350746666242, -23.503102072834107 ], [ -45.172024584318578, -23.503583776699834 ], [ -45.172475256547152, -23.503877904978975 ], [ -45.173390280211194, -23.504407754543976 ], [ -45.174363023597081, -23.504841429587959 ], [ -45.174693397679405, -23.504949181364911 ], [ -45.174978879663371, -23.505105236533414 ], [ -45.175103140523724, -23.505557722245097 ], [ -45.175421178920594, -23.506375706452793 ], [ -45.175729198929908, -23.507062055064853 ], [ -45.175990219766717, -23.507586671840233 ], [ -45.176006529040436, -23.50764021121763 ], [ -45.176356379411935, -23.508466786368487 ], [ -45.176792486340247, -23.50925771785257 ], [ -45.177134292991781, -23.509808820237492 ], [ -45.177630993169359, -23.510528512997574 ], [ -45.17819910739864, -23.511201782391339 ], [ -45.178833568729331, -23.511822622382248 ], [ -45.179528718107491, -23.512385494562963 ], [ -45.180201369955768, -23.512834041806887 ], [ -45.180488829220032, -23.514483120715457 ], [ -45.180655648352264, -23.515234788907105 ], [ -45.18080106628247, -23.515772609722372 ], [ -45.181087271398191, -23.516642169872018 ], [ -45.181466779170329, -23.517480810901858 ], [ -45.181935750022532, -23.518280044267183 ], [ -45.182126256807301, -23.518568966975078 ], [ -45.182158202412886, -23.518617076490845 ], [ -45.182303768307946, -23.518834766306469 ], [ -45.182785117001906, -23.519488723243541 ], [ -45.183326621830517, -23.520101374577003 ], [ -45.183924137244276, -23.520668029195821 ], [ -45.184260072401045, -23.520959900332851 ], [ -45.185148671948248, -23.521645159185617 ], [ -45.186118792928468, -23.522228895291867 ], [ -45.186484197506232, -23.52242136563553 ], [ -45.187594070183742, -23.522923144197872 ], [ -45.18774342159135, -23.522980191352865 ], [ -45.18791416057423, -23.523058858058938 ], [ -45.188452902534038, -23.523288542507544 ], [ -45.197411943543457, -23.526808008831157 ], [ -45.197865109788147, -23.526959500792227 ], [ -45.198382643922216, -23.527189306303423 ], [ -45.201258668522449, -23.528318990380377 ], [ -45.216951078731903, -23.536663132455054 ], [ -45.21727395073151, -23.536849720303199 ], [ -45.217482880904512, -23.537029401577531 ], [ -45.217735522461155, -23.537251253526467 ], [ -45.218329426633709, -23.537779303640082 ], [ -45.219131125496297, -23.539978677237656 ], [ -45.219148656922606, -23.540026331919506 ], [ -45.220329791674921, -23.543207698852989 ], [ -45.220352008222321, -23.543288276012067 ], [ -45.220414950933659, -23.543496925441008 ], [ -45.220576941719131, -23.543980909751379 ], [ -45.222054282201924, -23.5479918653715 ], [ -45.222420374149337, -23.548841792401813 ], [ -45.222877811399634, -23.549653236673084 ], [ -45.223421906505983, -23.550417880292255 ], [ -45.223812335110722, -23.550910274129325 ], [ -45.22435864028968, -23.551538441401817 ], [ -45.224963455712405, -23.552119263889537 ], [ -45.225621976125353, -23.552648126275852 ], [ -45.226328969333075, -23.553120826078143 ], [ -45.227078817774846, -23.553533607056931 ], [ -45.227636702927327, -23.553810393654313 ], [ -45.22844425776551, -23.554168159231534 ], [ -45.229283890153198, -23.554456420742973 ], [ -45.230148578289658, -23.554672767428666 ], [ -45.236587288171087, -23.555995478734022 ], [ -45.241215739703961, -23.556966564031136 ], [ -45.241399729136738, -23.557324960342829 ], [ -45.243622990589238, -23.561834067762135 ], [ -45.243947868288515, -23.562432961122557 ], [ -45.244366693164558, -23.563138388363527 ], [ -45.244842819554115, -23.563858345375234 ], [ -45.245389705084541, -23.564534238035549 ], [ -45.246002584700982, -23.565160175972899 ], [ -45.246594383245593, -23.565710592224139 ], [ -45.247280131958924, -23.566290514693012 ], [ -45.248022474615539, -23.566807854248491 ], [ -45.250813139670633, -23.568567091818778 ], [ -45.250877499113201, -23.568607318379051 ], [ -45.251690296764217, -23.569111008854872 ], [ -45.253226155498233, -23.570114056792924 ], [ -45.253297945538471, -23.57016036732055 ], [ -45.253318742688528, -23.570175606212793 ], [ -45.253644765765024, -23.570437368125223 ], [ -45.253667501597143, -23.570454786608622 ], [ -45.25368579190193, -23.570470874824544 ], [ -45.255390658302048, -23.571948472730085 ], [ -45.256177823327235, -23.572562079601695 ], [ -45.257030574359831, -23.573096062553905 ], [ -45.257542803543977, -23.573381719499871 ], [ -45.258442636604407, -23.573826235928056 ], [ -45.259387764999282, -23.574182044920811 ], [ -45.260367929398804, -23.574445284096456 ], [ -45.260883802312932, -23.574557322616421 ], [ -45.261935419137018, -23.574730569935639 ], [ -45.263001248165843, -23.5747972724939 ], [ -45.273173025698867, -23.57492123777806 ], [ -45.274806850667098, -23.574941489442796 ], [ -45.277373155471047, -23.575012624916383 ], [ -45.277600125993224, -23.57503218022228 ], [ -45.27792582526159, -23.575099358950915 ], [ -45.278646161916917, -23.575222073185898 ], [ -45.279368757075318, -23.575319584017205 ], [ -45.280904559567439, -23.575541197919524 ], [ -45.281097002057322, -23.575577535668437 ], [ -45.281685297263358, -23.576039328179654 ], [ -45.282220586441376, -23.576426841882896 ], [ -45.283107835546154, -23.576999024811041 ], [ -45.283650574104215, -23.577309335775762 ], [ -45.28429949682937, -23.577649511979775 ], [ -45.284782987196614, -23.577880959415548 ], [ -45.285653774076877, -23.578249163361569 ], [ -45.289493140363085, -23.579667498539823 ], [ -45.29006731544608, -23.579860671926486 ], [ -45.290228490508454, -23.57990970331085 ], [ -45.291046513082584, -23.580122769610373 ], [ -45.291881493005064, -23.580269692925825 ], [ -45.292727146865396, -23.580349367634991 ], [ -45.293577110882246, -23.58036119417719 ], [ -45.293899748741197, -23.580352778619165 ], [ -45.294783550040115, -23.58029277753138 ], [ -45.295657855645565, -23.580159431432406 ], [ -45.296515514956504, -23.579953830924648 ], [ -45.297349513600281, -23.579677657545155 ], [ -45.297780784349172, -23.579492761938315 ], [ -45.298051960504765, -23.579546167758419 ], [ -45.298489036938058, -23.57962272715562 ], [ -45.299963255612809, -23.579849117972906 ], [ -45.30086571895292, -23.580038201230167 ], [ -45.301124997778622, -23.580089134855445 ], [ -45.302813344356132, -23.580398845734219 ], [ -45.302897575287943, -23.580413943527478 ], [ -45.308449610017597, -23.58138576716561 ], [ -45.309434680817716, -23.581508149390238 ], [ -45.309752189785421, -23.581921785331069 ], [ -45.310110604968052, -23.58234790079586 ], [ -45.310671074025315, -23.582956641042024 ], [ -45.311287679868542, -23.583517387185207 ], [ -45.311816854871147, -23.583957817787862 ], [ -45.31251745483933, -23.584488791889907 ], [ -45.313268322247431, -23.584957789973231 ], [ -45.313859561914185, -23.585291362227846 ], [ -45.314577557339469, -23.585659239241487 ], [ -45.315326461690979, -23.585970401435336 ], [ -45.316101012447596, -23.586222662221566 ], [ -45.318973748057957, -23.587035128026184 ], [ -45.319165727854369, -23.587292207567838 ], [ -45.31963154089734, -23.588086934429743 ], [ -45.320156596856478, -23.588881855787559 ], [ -45.320767619239767, -23.589622765288784 ], [ -45.321369034370584, -23.590278894207607 ], [ -45.321974842562035, -23.590881879895466 ], [ -45.323383940277921, -23.59216227920286 ], [ -45.32480050178232, -23.593449437464624 ], [ -45.329717580343541, -23.597917126765907 ], [ -45.330337623352712, -23.598427821154889 ], [ -45.33074188370297, -23.598847776137855 ], [ -45.332205267706819, -23.600177337258945 ], [ -45.333962992829321, -23.602536814821956 ], [ -45.337155456355653, -23.606816293490059 ], [ -45.337724416000839, -23.607642720478957 ], [ -45.338411574386164, -23.608519882179049 ], [ -45.338796692062502, -23.608954104527392 ], [ -45.339422708443792, -23.609594906004812 ], [ -45.340112182717128, -23.610177783522509 ], [ -45.340858832498185, -23.610697425348508 ], [ -45.341368670954424, -23.611018225464456 ], [ -45.342255337548032, -23.61151484872147 ], [ -45.343194011886546, -23.611922319651427 ], [ -45.344174174724145, -23.61223607178912 ], [ -45.344736858448456, -23.612385944738786 ], [ -45.345686492900413, -23.612592303178836 ], [ -45.34665368807633, -23.612710643920142 ], [ -45.347628859998856, -23.612739794342357 ], [ -45.348191815793761, -23.612730786088608 ], [ -45.349037633297016, -23.612683493852415 ], [ -45.349875856769636, -23.61256906310081 ], [ -45.354451964150364, -23.611756634328092 ], [ -45.354550927669067, -23.611746742103776 ], [ -45.355290686882924, -23.611619280423142 ], [ -45.355745284563696, -23.611524175233956 ], [ -45.356725313952552, -23.611269156741052 ], [ -45.357671337357544, -23.610921817188437 ], [ -45.358573142914295, -23.610485906066828 ], [ -45.359420996351773, -23.609966128936421 ], [ -45.359685672263787, -23.609784910338522 ], [ -45.359856013889477, -23.610316949585034 ], [ -45.360044787964902, -23.610809374088394 ], [ -45.360398907916007, -23.611609111821188 ], [ -45.360834311707173, -23.612374023850766 ], [ -45.361347018873651, -23.613097114959963 ], [ -45.361932341773972, -23.613771772282348 ], [ -45.36258492842996, -23.614391825798783 ], [ -45.363298811453213, -23.614951604786174 ], [ -45.363701255266697, -23.615237763506176 ], [ -45.3648844084545, -23.615959509238369 ], [ -45.365325654180239, -23.616188184220753 ], [ -45.365736186819277, -23.616381185554967 ], [ -45.36639171773426, -23.616980408322355 ], [ -45.367133315359801, -23.617537265408203 ], [ -45.367930295173352, -23.618024860147322 ], [ -45.367972755172978, -23.618048169681334 ], [ -45.368324321279502, -23.618253901235111 ], [ -45.369423978049639, -23.618809807712527 ], [ -45.37014239075144, -23.619119645267652 ], [ -45.371181866326786, -23.619502898042178 ], [ -45.372261994578366, -23.619774432958753 ], [ -45.372832898139578, -23.619855050726226 ], [ -45.373061669610266, -23.619997504903527 ], [ -45.37420403817891, -23.620609772521899 ], [ -45.374643826114323, -23.620810224880334 ], [ -45.375951227141904, -23.621301588312349 ], [ -45.376259325386762, -23.621394155744071 ], [ -45.377062660276991, -23.621601118863101 ], [ -45.377882184385001, -23.621744402886716 ], [ -45.378358559912215, -23.621808480444592 ], [ -45.378547986443998, -23.621832224199959 ], [ -45.379035976078121, -23.62188893082881 ], [ -45.379445411578708, -23.622159240844482 ], [ -45.380160774300407, -23.622589337036175 ], [ -45.380914060295048, -23.622960419206279 ], [ -45.381699549656282, -23.623269669506502 ], [ -45.382511277802401, -23.623514739600903 ], [ -45.383018557042931, -23.623645637660168 ], [ -45.383975336643914, -23.623845547861446 ], [ -45.38494901302964, -23.623956338894633 ], [ -45.385437846409275, -23.623966587660906 ], [ -45.385852301937049, -23.624095484937971 ], [ -45.391319797287075, -23.625608662526645 ], [ -45.392123213596179, -23.625796091867969 ], [ -45.39294538733833, -23.626048822782614 ], [ -45.394257848534515, -23.626374437330391 ], [ -45.394906181323776, -23.626506632130798 ], [ -45.395225364203334, -23.626637224437541 ], [ -45.396031188583684, -23.626892332656976 ], [ -45.397026101150772, -23.627163370924563 ], [ -45.399215917925872, -23.627772066622232 ], [ -45.400220211629758, -23.627998738952144 ], [ -45.400519784433762, -23.628036148388048 ], [ -45.401788243655297, -23.628492393027944 ], [ -45.40333460945412, -23.628937077370868 ], [ -45.403785249946637, -23.6290714039629 ], [ -45.404127162410994, -23.629167014463537 ], [ -45.405274222456683, -23.629466844500172 ], [ -45.405773957781335, -23.6297437961647 ], [ -45.406220351834314, -23.630148812655701 ], [ -45.406953057450139, -23.630750100234014 ], [ -45.407747336480533, -23.631280892675949 ], [ -45.408595231909558, -23.631735872129074 ], [ -45.409488249275199, -23.632110480244975 ], [ -45.410417441799879, -23.632400963871845 ], [ -45.41137350006489, -23.632604412676969 ], [ -45.412252204284094, -23.632749156142488 ], [ -45.412678435344326, -23.632829134564329 ], [ -45.412758976110354, -23.632840934075492 ], [ -45.412939022644814, -23.632892576556223 ], [ -45.413753588571772, -23.633057805580201 ], [ -45.416992663716165, -23.633582806323961 ], [ -45.417339242800395, -23.63422451378014 ], [ -45.418263749012311, -23.635769272020291 ], [ -45.421444688512857, -23.642224158504696 ], [ -45.4215299738322, -23.642976924824634 ], [ -45.421639300269703, -23.643675925499263 ], [ -45.424501261223782, -23.657984050757246 ], [ -45.425073614942235, -23.660970031869834 ], [ -45.425123311861164, -23.661210255649756 ], [ -45.425515289819828, -23.662974713529312 ], [ -45.425568470537186, -23.663400185439119 ], [ -45.425725530796008, -23.664275653997102 ], [ -45.425824650225856, -23.664697973027533 ], [ -45.425967360120474, -23.665203537224819 ], [ -45.425978603733476, -23.665428413860912 ], [ -45.426096519238151, -23.666226622522405 ], [ -45.427831058198102, -23.675013507323733 ], [ -45.428021064445922, -23.675783182341956 ], [ -45.428071002399555, -23.675926281037011 ], [ -45.428141784349947, -23.676402043621451 ], [ -45.428161856341468, -23.676482028968287 ], [ -45.428249749408373, -23.677210015369354 ], [ -45.428433321484746, -23.678159378527393 ], [ -45.43004384803934, -23.686771100315319 ], [ -45.43005649366598, -23.686837242613745 ], [ -45.430262241918051, -23.687890445749272 ], [ -45.430446908340969, -23.688647499679441 ], [ -45.430573359348863, -23.689078414816084 ], [ -45.430879043141786, -23.689944225155731 ], [ -45.431094256971825, -23.690463232673267 ], [ -45.43133388065111, -23.69099041946701 ], [ -45.431764784152811, -23.691860098752819 ], [ -45.431967324635508, -23.692220427258736 ], [ -45.43174881551483, -23.69249816952598 ], [ -45.431235087754281, -23.69322165507127 ], [ -45.429095847062214, -23.696574241225079 ], [ -45.428717892732081, -23.697226228006151 ], [ -45.428522112793708, -23.697642746766494 ], [ -45.428202730519914, -23.69802770330692 ], [ -45.427532581606464, -23.698927412701153 ], [ -45.427213360002334, -23.699384919782794 ], [ -45.426533956049724, -23.700426278534461 ], [ -45.4261372003863, -23.701097119173756 ], [ -45.4261223793212, -23.701128170870646 ], [ -45.426113045818319, -23.701140529010409 ], [ -45.421818552935967, -23.707778643118125 ], [ -45.421414932309865, -23.708468973578611 ], [ -45.421077843033409, -23.709188931029846 ], [ -45.42080982572989, -23.709933091581053 ], [ -45.420733326341455, -23.710181031984689 ], [ -45.4208498238633, -23.710211505611674 ], [ -45.421925627942045, -23.707968391954378 ], [ -45.438496470800409, -23.717424857825872 ], [ -45.438508322350557, -23.717407249755446 ], [ -45.438950887024795, -23.716676090841897 ], [ -45.439099142523681, -23.716366883041069 ], [ -45.442710265650312, -23.71078394310673 ], [ -45.442818650401307, -23.710648899236805 ], [ -45.443247006023086, -23.710010328002081 ], [ -45.443353335149162, -23.709836009214275 ], [ -45.443619344782803, -23.709318034332604 ], [ -45.443878822873366, -23.708920239083827 ], [ -45.444097526110966, -23.708626570164071 ], [ -45.444231836501856, -23.708480779347777 ], [ -45.444950158251224, -23.707596734316638 ], [ -45.445229564494511, -23.707205052196866 ], [ -45.445725392792276, -23.706428087969361 ], [ -45.445967648605581, -23.706001025685858 ], [ -45.446411026537525, -23.705097504277678 ], [ -45.447905275566683, -23.702755258097632 ], [ -45.448250004181681, -23.702387377742191 ], [ -45.448685014034204, -23.701846416239544 ], [ -45.448964700129217, -23.701470050836505 ], [ -45.449609835481525, -23.700469096704488 ], [ -45.449835241155142, -23.70006163615739 ], [ -45.449860039337096, -23.700016496807002 ], [ -45.449907527523045, -23.699929451164547 ], [ -45.450089045178046, -23.699647929407814 ], [ -45.450386960780776, -23.699243955813728 ], [ -45.451080287536946, -23.698144522795026 ], [ -45.452109489471809, -23.696210608796537 ], [ -45.452506158252675, -23.695356734261285 ], [ -45.452633653067998, -23.695037869399208 ], [ -45.452914552003342, -23.694216539184549 ], [ -45.453109239312056, -23.693374308593075 ], [ -45.453169367633151, -23.693035614719424 ], [ -45.453168429648322, -23.693035473505166 ], [ -45.453284908876682, -23.692368530466691 ] ] ] ] } },
{ "type": "Feature", "properties": { "regiao_id": 3, "regiao_nome": "São Sebastião", "sigla_rodovia": "SP-055", "km_inicial": 112.55, "km_final": 191.4, "extensao_oficial_km": 78.85, "n_subtrechos_der": 9, "municipios": "São Sebastião", "ubas": "Caraguatatuba", "ubas_codigo": "RC 06.04", "residencias_dr": "DR 06", "regionais": "Taubaté", "jurisdicoes": "Estadual", "conservado_por": "05.04", "subtrechos_der": "055SPE3919;055SPE4543;055SPE6135;055SPE2091;055SPE2885;055SPE8937;055SPE6259;055SPE0018;055SPE0834", "area_km2": 141.496, "perimetro_km": 138.247, "buffer_lateral_m": 1000, "tampas_round": "—", "n_caps_round_adicionadas": 0, "k_geo": 200, "cpc_breaks": "1;8;16;24", "hid24h_breaks": "60;85;110;126" }, "geometry": { "type": "MultiPolygon", "coordinates": [ [ [ [ -45.807417547683258, -23.747063170882473 ], [ -45.806239188883453, -23.746301239971064 ], [ -45.802166675969012, -23.743590252246918 ], [ -45.801163264990741, -23.743004033602023 ], [ -45.800365635384566, -23.742598206725923 ], [ -45.79939109709894, -23.74216512967995 ], [ -45.798370681308178, -23.741833473948518 ], [ -45.797541717516964, -23.741610531952446 ], [ -45.796702472572271, -23.741421307220854 ], [ -45.79584839862715, -23.741300781321005 ], [ -45.795081934855347, -23.741224229920316 ], [ -45.794149994729658, -23.741172278902365 ], [ -45.793216909522336, -23.741202100955366 ], [ -45.792851729491062, -23.741229829301929 ], [ -45.792088435632678, -23.741315616965718 ], [ -45.791784823420542, -23.741360916861026 ], [ -45.791357479218654, -23.741433652509549 ], [ -45.790065899652973, -23.741680827119215 ], [ -45.789957325512979, -23.74168311376123 ], [ -45.788887989909711, -23.74175961061577 ], [ -45.787834111526784, -23.741943089743113 ], [ -45.787125631453939, -23.742103795272357 ], [ -45.786470255531363, -23.742298126920254 ], [ -45.783437443785154, -23.742904270320118 ], [ -45.777418162470632, -23.744107078851634 ], [ -45.775431686797582, -23.74450396612578 ], [ -45.773842257452159, -23.744749105587783 ], [ -45.773249176967745, -23.744840571716001 ], [ -45.770099045757057, -23.745017008505041 ], [ -45.769585118170113, -23.744997286886495 ], [ -45.768664061548243, -23.744823509399225 ], [ -45.767664733679325, -23.744683879070489 ], [ -45.766655103788125, -23.744639621992516 ], [ -45.765748965226607, -23.744642908748745 ], [ -45.764768966255176, -23.744691640416047 ], [ -45.76410304495424, -23.74478681277504 ], [ -45.760940299916577, -23.744665299562921 ], [ -45.755627577279959, -23.743648960521703 ], [ -45.754146253853868, -23.743183958187714 ], [ -45.752142066988107, -23.742322414951182 ], [ -45.745712875397508, -23.739559383945558 ], [ -45.745296692839133, -23.739070217467891 ], [ -45.744612734146465, -23.738414506084908 ], [ -45.743860645478151, -23.737825403110509 ], [ -45.743048045280517, -23.737308875382109 ], [ -45.739774024284486, -23.73544440834192 ], [ -45.739046683026018, -23.73506856994058 ], [ -45.738287297214214, -23.734750958500076 ], [ -45.737807540379123, -23.734594026077271 ], [ -45.737756475412397, -23.734571982242898 ], [ -45.736941741898413, -23.734260597855002 ], [ -45.736099922692297, -23.734017838541838 ], [ -45.734059297312228, -23.733520898599316 ], [ -45.733160659283158, -23.733343051551653 ], [ -45.732247887280941, -23.733243400902168 ], [ -45.731328991428271, -23.733222821186668 ], [ -45.73065583706618, -23.733236787016121 ], [ -45.729547205962042, -23.733317823131653 ], [ -45.728455656434782, -23.733513835211486 ], [ -45.727395211403575, -23.733822305210211 ], [ -45.7268064590031, -23.734028020689788 ], [ -45.725874559422536, -23.734405652502751 ], [ -45.724990185590627, -23.734870158133592 ], [ -45.724162861283453, -23.735416535676002 ], [ -45.723401496273013, -23.736038901525557 ], [ -45.72271429039607, -23.736730553705105 ], [ -45.722088645907178, -23.737429890839579 ], [ -45.721499919783845, -23.738159939974441 ], [ -45.720993903015767, -23.738940776994419 ], [ -45.72057572456734, -23.739764489749117 ], [ -45.720399771024994, -23.740162115500752 ], [ -45.720014423634623, -23.741213645352847 ], [ -45.719250581457494, -23.743816046538811 ], [ -45.718272911806523, -23.745115286629368 ], [ -45.717762209919862, -23.745870954223168 ], [ -45.717286092788449, -23.746659587655632 ], [ -45.716899140901326, -23.747372977975257 ], [ -45.716576300914454, -23.748040352871541 ], [ -45.716262129190461, -23.748774539202124 ], [ -45.716018770492518, -23.749531164602057 ], [ -45.715848083486357, -23.750304454185653 ], [ -45.715810164295888, -23.750525296797708 ], [ -45.715400606114969, -23.752352839539743 ], [ -45.714883555781455, -23.752738570656074 ], [ -45.714283605132444, -23.753269737024233 ], [ -45.71373471950897, -23.753845795847131 ], [ -45.713439118866425, -23.75418394821639 ], [ -45.712911415352004, -23.754847301085398 ], [ -45.712451428265283, -23.75555207315551 ], [ -45.712176436568178, -23.756020453688159 ], [ -45.711798637197091, -23.756737961734885 ], [ -45.711491055521755, -23.757483341404992 ], [ -45.711140534805622, -23.758460714112701 ], [ -45.710821051889063, -23.759593365843926 ], [ -45.71068285235436, -23.760257681651112 ], [ -45.71056687995857, -23.761093575961308 ], [ -45.710248429824674, -23.761092897773914 ], [ -45.708657638962372, -23.761154510682768 ], [ -45.707437079377158, -23.761272470427208 ], [ -45.704856274202434, -23.761673322019934 ], [ -45.704409570495713, -23.761462323210868 ], [ -45.704342046766797, -23.761430730896691 ], [ -45.701529465706528, -23.760127317270616 ], [ -45.701365229169582, -23.760052962884274 ], [ -45.700722422974238, -23.759768765896801 ], [ -45.700044042860206, -23.759497305439094 ], [ -45.699257839510615, -23.759214622477103 ], [ -45.698276874194086, -23.758915667260474 ], [ -45.697267195421738, -23.758713309056734 ], [ -45.696253903867913, -23.758561140509052 ], [ -45.695457555740902, -23.758472125192942 ], [ -45.69465596950694, -23.758443273060486 ], [ -45.693873685318557, -23.7584445651053 ], [ -45.692910694550498, -23.758489754437861 ], [ -45.691957169582622, -23.758621709814395 ], [ -45.690933879873384, -23.758811043391312 ], [ -45.689924688510047, -23.759049696698558 ], [ -45.688948674632286, -23.759385489858669 ], [ -45.688907639479176, -23.759401942666365 ], [ -45.688321196502912, -23.758132223819633 ], [ -45.688096755787221, -23.757681110142347 ], [ -45.687659482918669, -23.756862390141723 ], [ -45.687214554665907, -23.756119602627184 ], [ -45.686695891966345, -23.755418505092091 ], [ -45.68608668501458, -23.754672838703868 ], [ -45.685552135535922, -23.754073885154661 ], [ -45.6850913555445, -23.753600547396967 ], [ -45.684530602859276, -23.753069959817307 ], [ -45.683924535172885, -23.752583417317954 ], [ -45.683263060779773, -23.752094835279966 ], [ -45.68263230881373, -23.751665922621491 ], [ -45.681966364528932, -23.751284739830538 ], [ -45.681312255241778, -23.750942905973908 ], [ -45.680577564748084, -23.75059574080548 ], [ -45.679316791983787, -23.750060426746 ], [ -45.678331130024944, -23.749700014797348 ], [ -45.67730897060283, -23.749439623568058 ], [ -45.676262253186621, -23.749282294614719 ], [ -45.675075362478665, -23.749164062343748 ], [ -45.673787979135675, -23.749114139695308 ], [ -45.672969185635118, -23.749131926606072 ], [ -45.671583694801313, -23.749252887124111 ], [ -45.670737314199563, -23.749383041147262 ], [ -45.669389562838539, -23.749681669191869 ], [ -45.666936813967617, -23.750397179108546 ], [ -45.666817567726135, -23.750432737218471 ], [ -45.665463948852867, -23.750845177733783 ], [ -45.662746876801897, -23.751640448428567 ], [ -45.662587896870008, -23.751688356396535 ], [ -45.658231971831889, -23.753038866571352 ], [ -45.656519378497627, -23.753560882460516 ], [ -45.655358751989539, -23.753904536167834 ], [ -45.655309812420896, -23.753919157047459 ], [ -45.651648694761271, -23.755022650715144 ], [ -45.650860803557507, -23.755295072921225 ], [ -45.650101168731091, -23.755628633766037 ], [ -45.648968300981529, -23.756182167749085 ], [ -45.648523764885752, -23.75641320870529 ], [ -45.647783839750538, -23.756821489594799 ], [ -45.646962137074155, -23.757328391449061 ], [ -45.646200047527188, -23.75790885763691 ], [ -45.644427471393058, -23.759403717950445 ], [ -45.6415985911569, -23.759517185825306 ], [ -45.641317657316641, -23.759532168639616 ], [ -45.641044505180808, -23.759550356236012 ], [ -45.640749747217455, -23.759570210237808 ], [ -45.639747691371774, -23.759685668416626 ], [ -45.638763831038666, -23.759895298302784 ], [ -45.638121711629552, -23.760064580331385 ], [ -45.637320180230951, -23.760310712612693 ], [ -45.636544621198546, -23.760619392495439 ], [ -45.635800783746397, -23.760988331838899 ], [ -45.635743427750562, -23.761019785153525 ], [ -45.635697463084959, -23.761045148364055 ], [ -45.635214065886139, -23.761313538829896 ], [ -45.634336460952568, -23.761862454272837 ], [ -45.633528369452485, -23.762495367257809 ], [ -45.633489383757656, -23.762529412652672 ], [ -45.633303105862176, -23.762696457366243 ], [ -45.633061285555812, -23.762919133479141 ], [ -45.63245369810479, -23.763532570403804 ], [ -45.631849555163221, -23.764201872299243 ], [ -45.631324299585273, -23.764839204749709 ], [ -45.630700855872249, -23.765669628038548 ], [ -45.630231196316608, -23.766359782184967 ], [ -45.63010919911806, -23.766581175060875 ], [ -45.629996290924318, -23.766766815303427 ], [ -45.629540855582718, -23.767617561582433 ], [ -45.629184853769658, -23.768507569756995 ], [ -45.628932212483285, -23.769427027483175 ], [ -45.628785719364409, -23.770365797525049 ], [ -45.628738470064135, -23.770847035729041 ], [ -45.628702589545597, -23.771915845319466 ], [ -45.628804212611854, -23.772981066896037 ], [ -45.628879500915552, -23.773449648299625 ], [ -45.629034296176663, -23.774195085749039 ], [ -45.62908647699296, -23.774366677134136 ], [ -45.628557332923428, -23.77445996098232 ], [ -45.628183643232084, -23.774548267088981 ], [ -45.627626956091511, -23.774696065013508 ], [ -45.626256347564336, -23.775100641095406 ], [ -45.62567783495178, -23.77528996466275 ], [ -45.625628153017765, -23.775307853421971 ], [ -45.625289462218404, -23.775167702470579 ], [ -45.624420806366288, -23.774894774213372 ], [ -45.624221156761656, -23.774841497232408 ], [ -45.623284779060903, -23.774636835944605 ], [ -45.622331123965104, -23.774517557601346 ], [ -45.621369360421063, -23.774484809047578 ], [ -45.620408735294596, -23.774538905184794 ], [ -45.619458484521473, -23.774679325943712 ], [ -45.619025863997159, -23.774784093513542 ], [ -45.618938071014114, -23.774741704462645 ], [ -45.618645707695826, -23.774619486847495 ], [ -45.617746626771982, -23.774291792280223 ], [ -45.616816871876907, -23.774047112399519 ], [ -45.616290991156184, -23.773959066866343 ], [ -45.616160969581685, -23.773900720815021 ], [ -45.615327763865729, -23.773609603913595 ], [ -45.614538264804878, -23.773406947369509 ], [ -45.614346784402315, -23.773281399167466 ], [ -45.613506955071976, -23.772838487481515 ], [ -45.612623807500761, -23.772473862334675 ], [ -45.611705931131375, -23.772191069967313 ], [ -45.610762252975995, -23.771992860728737 ], [ -45.60980195084047, -23.77188116234262 ], [ -45.609151250659359, -23.771864955019105 ], [ -45.608987392927169, -23.77180629632527 ], [ -45.60808135473038, -23.771571017390389 ], [ -45.607154992579126, -23.771416710297903 ], [ -45.606216828804058, -23.771344794671503 ], [ -45.605275494248318, -23.771355932152506 ], [ -45.604339648914873, -23.771450020315292 ], [ -45.604000416204002, -23.771499374964783 ], [ -45.603068106795561, -23.771678062452139 ], [ -45.602159001052584, -23.771939064338312 ], [ -45.601281657493516, -23.772279923571233 ], [ -45.600669605071289, -23.772585107594054 ], [ -45.600285884720265, -23.772655951725408 ], [ -45.599338276382497, -23.772924825574776 ], [ -45.599266001122395, -23.772952959019413 ], [ -45.5992059633015, -23.772954555407633 ], [ -45.598170705308299, -23.773051559906317 ], [ -45.597560170544178, -23.772967243501267 ], [ -45.596611483745718, -23.772921696731714 ], [ -45.595662456051315, -23.772960770521856 ], [ -45.594721977584207, -23.773084098879188 ], [ -45.593798858438632, -23.773290526541469 ], [ -45.592901746198734, -23.773578119791068 ], [ -45.59203904497506, -23.773944184557489 ], [ -45.591218836714717, -23.774385291639309 ], [ -45.590448805520786, -23.774897308809681 ], [ -45.59019343779844, -23.775085069829203 ], [ -45.589491406245884, -23.775653727692887 ], [ -45.588851370567184, -23.776281297125131 ], [ -45.588516195649163, -23.776680058011785 ], [ -45.587871636269718, -23.77670975432412 ], [ -45.586917819123926, -23.776840909514036 ], [ -45.585982591084786, -23.7770575760592 ], [ -45.58507498077811, -23.777357662333159 ], [ -45.584462608545756, -23.777591992470963 ], [ -45.583645465287873, -23.777946096020376 ], [ -45.582867149649545, -23.778367827247827 ], [ -45.582134252412168, -23.778853615171023 ], [ -45.581452979978913, -23.779399346362215 ], [ -45.581114880522378, -23.779696419988905 ], [ -45.580264033523747, -23.78054621005364 ], [ -45.579752138875769, -23.781128138402554 ], [ -45.574229956546453, -23.781092710789405 ], [ -45.574105519092029, -23.781092636138609 ], [ -45.571441784463993, -23.781106553915649 ], [ -45.567630001542092, -23.78111050962832 ], [ -45.566464620434886, -23.781175604402243 ], [ -45.563810564183669, -23.781470411353219 ], [ -45.563260886001913, -23.78150277114467 ], [ -45.562765384735627, -23.781588717797177 ], [ -45.561654812417224, -23.78170758887979 ], [ -45.5607053448309, -23.781852933808942 ], [ -45.559774190111661, -23.782039056373691 ], [ -45.559076516157752, -23.782203386592137 ], [ -45.558435169701902, -23.78237775198512 ], [ -45.557485604535778, -23.78262064199884 ], [ -45.556600009044189, -23.78288947611744 ], [ -45.556189499160944, -23.783034328643787 ], [ -45.555864856827107, -23.7831550362888 ], [ -45.555137123033042, -23.783439615439388 ], [ -45.554871926145339, -23.783372297649745 ], [ -45.553850288862201, -23.783217095551297 ], [ -45.553381465815349, -23.783169079852179 ], [ -45.552329109532202, -23.78311370291684 ], [ -45.551276368132449, -23.783162491164632 ], [ -45.550235380944855, -23.783314882055191 ], [ -45.549218151852237, -23.783569118380399 ], [ -45.548236410953209, -23.783922268512949 ], [ -45.548154281267038, -23.783956597518788 ], [ -45.547234640324, -23.784396289314177 ], [ -45.546370499026594, -23.784922758282153 ], [ -45.546292710144868, -23.784981891039479 ], [ -45.545858090755232, -23.785145186142547 ], [ -45.544982353523402, -23.785521513360184 ], [ -45.544151077687417, -23.78597527130567 ], [ -45.543372322961751, -23.786502060822031 ], [ -45.542653640133906, -23.787096774650092 ], [ -45.542001997867871, -23.787753646919157 ], [ -45.541921350574704, -23.787843448414744 ], [ -45.541736113908577, -23.787856753989455 ], [ -45.54080060914211, -23.788008710933838 ], [ -45.539885446161769, -23.788243170119493 ], [ -45.538999195790922, -23.788557935813294 ], [ -45.538150158244598, -23.788950060171988 ], [ -45.5373462854309, -23.789415870833064 ], [ -45.536595106504997, -23.789951005288319 ], [ -45.53622099818579, -23.790245228368345 ], [ -45.535554614302519, -23.790820817895899 ], [ -45.534949293940613, -23.791450945105147 ], [ -45.534410285553669, -23.792130147426441 ], [ -45.533942262956216, -23.792852536766457 ], [ -45.533549284782744, -23.793611850534866 ], [ -45.533490087242974, -23.79374145410732 ], [ -45.533125572527418, -23.794681939033946 ], [ -45.53302958296397, -23.794980894410081 ], [ -45.532827520817442, -23.795725190063497 ], [ -45.532715427264847, -23.796228029974465 ], [ -45.53258447868798, -23.796971882257033 ], [ -45.532521370919177, -23.797723189457489 ], [ -45.532526544382364, -23.798476722230617 ], [ -45.532549642813393, -23.79891875897356 ], [ -45.532649559850903, -23.799840916862429 ], [ -45.532851647592061, -23.800748799951137 ], [ -45.532856095962245, -23.800761816111386 ], [ -45.532341425882208, -23.801230635803989 ], [ -45.531700028075583, -23.801949469569827 ], [ -45.531142363397947, -23.802725178954539 ], [ -45.530784730426468, -23.803283085383772 ], [ -45.530339140757675, -23.804062749121734 ], [ -45.530059642693885, -23.804694560819652 ], [ -45.529238780358519, -23.804767529037608 ], [ -45.528340528085295, -23.804926057723026 ], [ -45.527748226846469, -23.805057175387766 ], [ -45.526912596892366, -23.80527860335016 ], [ -45.526101539592794, -23.805567198667919 ], [ -45.525321418277187, -23.8059206971853 ], [ -45.524578353707568, -23.806336325525368 ], [ -45.523018159745007, -23.80729856666651 ], [ -45.522762669263237, -23.80743703999088 ], [ -45.521892277101756, -23.807968101240267 ], [ -45.521088122264281, -23.808581228623822 ], [ -45.520359305842071, -23.809269483800865 ], [ -45.51998887260126, -23.809658733996816 ], [ -45.519468950625473, -23.81025407400298 ], [ -45.519005546482546, -23.810887695091409 ], [ -45.518472241571097, -23.811687971447533 ], [ -45.517991612056576, -23.812499681548534 ], [ -45.517603665229572, -23.813352334440324 ], [ -45.517312465692477, -23.814237000784722 ], [ -45.517121065069709, -23.81514441580023 ], [ -45.51703146997103, -23.816065076272572 ], [ -45.517026648321114, -23.816181442077148 ], [ -45.516691191705327, -23.8170340701705 ], [ -45.516475969553035, -23.817822099300709 ], [ -45.516028047077462, -23.817935838525749 ], [ -45.515191255505201, -23.81822597479621 ], [ -45.514386626436604, -23.8185849517936 ], [ -45.513620834574809, -23.819009791814882 ], [ -45.513451077264342, -23.819113951031696 ], [ -45.512636702964116, -23.819671675014423 ], [ -45.512620834080316, -23.819685095757748 ], [ -45.511584742509811, -23.82011906982725 ], [ -45.511584767106889, -23.82011911952965 ], [ -45.511285582428428, -23.820234874081617 ], [ -45.510890039774026, -23.820430442496157 ], [ -45.510368162069611, -23.820289981818313 ], [ -45.510142894848947, -23.820239983991669 ], [ -45.509866922470927, -23.820182589969853 ], [ -45.509766383859379, -23.820163077267001 ], [ -45.50860751019291, -23.820003896708094 ], [ -45.507436277451468, -23.81997285340768 ], [ -45.507384547998406, -23.819974324494144 ], [ -45.506528847065113, -23.82003317108601 ], [ -45.505681998197112, -23.82016052685896 ], [ -45.504850469129856, -23.820355419169104 ], [ -45.504555630261322, -23.820437299070555 ], [ -45.503637914755558, -23.820738621746873 ], [ -45.502757181359399, -23.821122145232998 ], [ -45.502368897854602, -23.821336936531662 ], [ -45.501819098802002, -23.821475227255835 ], [ -45.501539497939795, -23.821576249260751 ], [ -45.501282582525739, -23.821504318747344 ], [ -45.500361742643946, -23.821332856554175 ], [ -45.499735690666654, -23.821272753694675 ], [ -45.499432905871018, -23.820952081174109 ], [ -45.498757469480637, -23.820360805287532 ], [ -45.498024118660624, -23.819831135254439 ], [ -45.497239466587139, -23.819367847071646 ], [ -45.496988029053462, -23.819234452966484 ], [ -45.496862911661729, -23.819169193517968 ], [ -45.496553462348423, -23.819010532698254 ], [ -45.495854971048004, -23.818685272775863 ], [ -45.495638616123223, -23.818594303339889 ], [ -45.495141628968341, -23.818335571479629 ], [ -45.49498539863378, -23.818255954503247 ], [ -45.494537344998136, -23.818032494597421 ], [ -45.493683962982793, -23.817654679374733 ], [ -45.492794986779003, -23.817354263266751 ], [ -45.491878687175422, -23.817134041228012 ], [ -45.491620244936279, -23.817084038603241 ], [ -45.491380566123397, -23.817047233673019 ], [ -45.490900430559932, -23.816871231214336 ], [ -45.48974010617529, -23.816590798730562 ], [ -45.489259138062629, -23.816503050807988 ], [ -45.488682171162743, -23.816414134182569 ], [ -45.488232501595441, -23.816357447945563 ], [ -45.488142566098638, -23.816288157852416 ], [ -45.487393801338889, -23.815812381546241 ], [ -45.486600375410106, -23.815402427787806 ], [ -45.485946748946468, -23.815100469032277 ], [ -45.485078110415721, -23.814746496538231 ], [ -45.484574924015661, -23.814567705358694 ], [ -45.484163814459642, -23.814065049575913 ], [ -45.483456217394526, -23.813367321997937 ], [ -45.48267256481342, -23.812742168395875 ], [ -45.481821603679727, -23.812196565840278 ], [ -45.481061720853972, -23.811762342403799 ], [ -45.480736691836299, -23.811594730221998 ], [ -45.480535483026088, -23.811417525792784 ], [ -45.479893265933171, -23.810940261102765 ], [ -45.479765500750105, -23.810853217178195 ], [ -45.478960309065791, -23.810359260262167 ], [ -45.478813896229966, -23.810287502158587 ], [ -45.478439622525102, -23.80998916323658 ], [ -45.477574505095625, -23.809436851448201 ], [ -45.477320802416514, -23.809292785315055 ], [ -45.476853181445236, -23.809054475519932 ], [ -45.476812539839173, -23.809005042779333 ], [ -45.476190639142501, -23.808321526012904 ], [ -45.475498545214954, -23.807697735424274 ], [ -45.474742998872024, -23.807139745758366 ], [ -45.474372198050922, -23.806917371024351 ], [ -45.474017964673536, -23.806678577288992 ], [ -45.473142727855155, -23.806207822479962 ], [ -45.472219395078824, -23.805822625656081 ], [ -45.4712578124646, -23.805527094320631 ], [ -45.470268233771222, -23.805324379825201 ], [ -45.46973232663899, -23.80526704679081 ], [ -45.469697675111576, -23.805252232959308 ], [ -45.468876521627053, -23.804979847078975 ], [ -45.468032319427749, -23.804775647418023 ], [ -45.467171741895221, -23.804641248171464 ], [ -45.466448723720433, -23.804558558033307 ], [ -45.465397913335075, -23.804490773949617 ], [ -45.46434525848229, -23.804526970806709 ], [ -45.463302877455121, -23.804666731939509 ], [ -45.462282770354697, -23.804908448429835 ], [ -45.461296681024713, -23.805249337615738 ], [ -45.460555409557188, -23.805548268697251 ], [ -45.459704268234411, -23.805937735255839 ], [ -45.458898052525633, -23.806401114198419 ], [ -45.458144321193984, -23.806934061377582 ], [ -45.457450141214437, -23.807531580385206 ], [ -45.456822021526484, -23.808188069371351 ], [ -45.456480146366935, -23.808624076922371 ], [ -45.456154266688841, -23.808746128342321 ], [ -45.451947140756289, -23.810554371294227 ], [ -45.451472589269571, -23.810741638421558 ], [ -45.449609095619913, -23.811588327769151 ], [ -45.448745620098194, -23.812031745341098 ], [ -45.447935003393013, -23.812552828664174 ], [ -45.447185469405817, -23.813146291675437 ], [ -45.446755565352603, -23.813522967558043 ], [ -45.446490031475861, -23.813781629543687 ], [ -45.446057586938757, -23.81335131045747 ], [ -45.445302393287001, -23.812739424813959 ], [ -45.445206346336427, -23.812669307100229 ], [ -45.44446456588097, -23.812177764104444 ], [ -45.443676311501342, -23.81175182756251 ], [ -45.442848417052673, -23.811395189985181 ], [ -45.441988059846885, -23.811110943098033 ], [ -45.441102698457684, -23.810901551053277 ], [ -45.440200008094273, -23.810768829079681 ], [ -45.440105108561959, -23.810759018306658 ], [ -45.439133362770718, -23.810703255096563 ], [ -45.438160392117339, -23.810736319306692 ], [ -45.437195764676339, -23.81085788581564 ], [ -45.436248966532865, -23.811066759175464 ], [ -45.436194796552776, -23.811081357672077 ], [ -45.435433474750397, -23.811318059723035 ], [ -45.435300685727974, -23.811364998866921 ], [ -45.435213297618709, -23.811393448770406 ], [ -45.43412671002573, -23.811816379627434 ], [ -45.43177730960079, -23.812888212129511 ], [ -45.430934890416218, -23.813321225582719 ], [ -45.430142740401216, -23.813828232662271 ], [ -45.429408512218053, -23.814404335779734 ], [ -45.428947396671866, -23.814845071217157 ], [ -45.428678962265487, -23.814834209925678 ], [ -45.427579633607806, -23.814903437895872 ], [ -45.427387230053476, -23.814925588043302 ], [ -45.427006373298042, -23.814987091600695 ], [ -45.426991586694768, -23.814975509831665 ], [ -45.42612545539189, -23.814432159366437 ], [ -45.42562118040189, -23.814150868579638 ], [ -45.42465222678895, -23.813676387341591 ], [ -45.423631764066073, -23.81330437983603 ], [ -45.422572546565732, -23.813039495543073 ], [ -45.421861148900881, -23.812900351700659 ], [ -45.420831128471725, -23.812750968066766 ], [ -45.419789697728071, -23.812702931094002 ], [ -45.41924057951865, -23.812731335590151 ], [ -45.419131154389326, -23.811908342699631 ], [ -45.419216044282535, -23.811297942903781 ], [ -45.41925072094503, -23.810519234530233 ], [ -45.419249871314342, -23.810165345846666 ], [ -45.419154893456387, -23.808931766581242 ], [ -45.419107924501411, -23.808623397797376 ], [ -45.418926482292072, -23.807748550035978 ], [ -45.418652280198209, -23.806894395764918 ], [ -45.418287985899745, -23.806069239416452 ], [ -45.417837142798781, -23.805281103344303 ], [ -45.417304135513902, -23.804537649847031 ], [ -45.416694147206925, -23.803846106696248 ], [ -45.416013109158499, -23.803213196892859 ], [ -45.415760860307167, -23.80300081753796 ], [ -45.415080012725248, -23.802477567395041 ], [ -45.41474596035011, -23.802264806227203 ], [ -45.414131150995395, -23.801288081616534 ], [ -45.413512303776749, -23.800292916257181 ], [ -45.413266192812557, -23.799918484735652 ], [ -45.412981577934751, -23.799508251581788 ], [ -45.412382541491652, -23.798737227912625 ], [ -45.411898445818828, -23.798235083732653 ], [ -45.411650222685573, -23.797554478851911 ], [ -45.410105827379347, -23.793112559060031 ], [ -45.409626010300151, -23.791699209170353 ], [ -45.409554359099069, -23.791496580010907 ], [ -45.409406401444279, -23.791094343458315 ], [ -45.409309837988381, -23.790779511396153 ], [ -45.409240040581828, -23.790566724407572 ], [ -45.409199183207022, -23.790338895938252 ], [ -45.408959165679263, -23.789505439904339 ], [ -45.40863388263466, -23.788696840014268 ], [ -45.408505931487149, -23.788420118516431 ], [ -45.408423940690064, -23.788265457248027 ], [ -45.408452717999936, -23.788136328260538 ], [ -45.408524689138105, -23.787776491859777 ], [ -45.408674007186576, -23.786934472427252 ], [ -45.408711415649201, -23.786705016779916 ], [ -45.408818194833529, -23.785987341403093 ], [ -45.408904773998103, -23.785024556945174 ], [ -45.408879114264884, -23.784058770087295 ], [ -45.408839446543602, -23.783591412608544 ], [ -45.4090310474094, -23.783377093723885 ], [ -45.409577687387269, -23.782622485018685 ], [ -45.410039335307829, -23.781821233441416 ], [ -45.410259855804043, -23.781387130155565 ], [ -45.410693221366529, -23.780380877947309 ], [ -45.410992671401196, -23.779334144443116 ], [ -45.411167400538766, -23.778530476776265 ], [ -45.411188215282955, -23.778437498530298 ], [ -45.411230768654001, -23.778316149862448 ], [ -45.411528834312769, -23.77724627731719 ], [ -45.411627211382992, -23.776775025916862 ], [ -45.411728964644595, -23.77604623693076 ], [ -45.412169333740742, -23.775091050540617 ], [ -45.412242041424442, -23.774928984740267 ], [ -45.412865852339088, -23.773499305541272 ], [ -45.413766165157568, -23.772562483972294 ], [ -45.414058217918722, -23.772210271524806 ], [ -45.414490993346512, -23.771607669356346 ], [ -45.414563881881008, -23.771523200401194 ], [ -45.414712021108542, -23.77143387210382 ], [ -45.415045942626897, -23.771254707333298 ], [ -45.415811764837763, -23.77079864434381 ], [ -45.416352795441014, -23.770442561483353 ], [ -45.417151696164794, -23.769856594513964 ], [ -45.417880077492363, -23.769197368249543 ], [ -45.418530047383314, -23.768472026462518 ], [ -45.418910594146311, -23.767999213653844 ], [ -45.419488374197734, -23.76719487290482 ], [ -45.420450988485861, -23.765685363545728 ], [ -45.4208574715311, -23.764977884801027 ], [ -45.421194312832142, -23.764240066736907 ], [ -45.421458868948534, -23.763477702187149 ], [ -45.421603649848493, -23.76298635664687 ], [ -45.421858418317193, -23.761824724361176 ], [ -45.422027074852025, -23.760669152486621 ], [ -45.422325796635448, -23.758637361406699 ], [ -45.422355609379139, -23.758471012657576 ], [ -45.422436730460397, -23.757909075134755 ], [ -45.422451248105304, -23.757776845053396 ], [ -45.42257722714244, -23.756877060227659 ], [ -45.4226576691877, -23.755748714896633 ], [ -45.42265862618445, -23.755443816329414 ], [ -45.422612320659205, -23.75468118778905 ], [ -45.422622342425882, -23.754680521855715 ], [ -45.422543342054595, -23.753673258667373 ], [ -45.42253265270628, -23.753468624040156 ], [ -45.42244533203764, -23.752624914014952 ], [ -45.422272483783452, -23.75179245144416 ], [ -45.422136902484716, -23.751272985806153 ], [ -45.421765404362695, -23.750167124001717 ], [ -45.42175749562395, -23.750148016408851 ], [ -45.421631098320979, -23.749410653319249 ], [ -45.421596734703243, -23.749167745396569 ], [ -45.421471273478659, -23.748485904122422 ], [ -45.421305008324204, -23.747753760935652 ], [ -45.421035158818889, -23.746818704615546 ], [ -45.420658211322099, -23.745915579716428 ], [ -45.420178492458888, -23.745054747225335 ], [ -45.419601507573255, -23.744246082744084 ], [ -45.419326494814783, -23.743902290294823 ], [ -45.418706338276259, -23.743203092123544 ], [ -45.418013473410205, -23.742564360588744 ], [ -45.417272813535043, -23.742006037860918 ], [ -45.417150952664137, -23.741731792566505 ], [ -45.416896802297039, -23.741218999546614 ], [ -45.416533041694599, -23.740558224860738 ], [ -45.416292343871156, -23.740162160576368 ], [ -45.415790368560529, -23.739422415489788 ], [ -45.415213231767858, -23.738730687315027 ], [ -45.414953526976028, -23.738448717479578 ], [ -45.414570255805799, -23.738056413972995 ], [ -45.414549431078271, -23.738036311655069 ], [ -45.414472158870545, -23.737925847489727 ], [ -45.414259082982738, -23.737633893462579 ], [ -45.413925950732683, -23.737196098300569 ], [ -45.413419692842524, -23.736611460210899 ], [ -45.413043469366521, -23.736007924199718 ], [ -45.41292634082938, -23.735853464508626 ], [ -45.413493059353286, -23.735976307878527 ], [ -45.414385568256144, -23.736130030706274 ], [ -45.415289693282737, -23.736207136091465 ], [ -45.415708478904463, -23.736224914891103 ], [ -45.416752712867996, -23.736218029549537 ], [ -45.417790236218437, -23.736109009571631 ], [ -45.418192752628023, -23.736026094641847 ], [ -45.418280489652922, -23.736042542363002 ], [ -45.419152121765272, -23.736132357262591 ], [ -45.420028984363611, -23.73615015192048 ], [ -45.420904069171634, -23.736095784134708 ], [ -45.421401823368932, -23.736044200355025 ], [ -45.422392749339174, -23.735893888013063 ], [ -45.423361790074551, -23.735651106673441 ], [ -45.424298791151223, -23.735318400463044 ], [ -45.425193934090586, -23.734899255803299 ], [ -45.425636130786913, -23.734665236272825 ], [ -45.426396201421575, -23.734219010674366 ], [ -45.427108569986004, -23.733710443834724 ], [ -45.427767222434497, -23.733143829670812 ], [ -45.428366598467441, -23.732523952140557 ], [ -45.428718086897931, -23.732124942073597 ], [ -45.429489157790442, -23.731115830651031 ], [ -45.432937696531056, -23.72587506053253 ], [ -45.433091910420821, -23.72563223572833 ], [ -45.433367872052479, -23.725181749681202 ], [ -45.433708512737738, -23.724819060025872 ], [ -45.434233194629812, -23.724143872431696 ], [ -45.434688320152361, -23.723427183377765 ], [ -45.434933197183135, -23.722997378020843 ], [ -45.435254099479508, -23.722378011349278 ], [ -45.435396409147181, -23.722039301147166 ], [ -45.437101707772008, -23.719441570464696 ], [ -45.437164801614706, -23.719361512583635 ], [ -45.437194262068715, -23.71932392856527 ], [ -45.437692882171028, -23.718684360843589 ], [ -45.43810054482725, -23.718117587707486 ], [ -45.438460752891174, -23.717524190621994 ], [ -45.438791008894448, -23.716928546385013 ], [ -45.438683138182064, -23.7168778453449 ], [ -45.438386653640215, -23.717362008643942 ], [ -45.421819924163259, -23.707908252841818 ], [ -45.421715721906367, -23.7080630446839 ], [ -45.421326183502842, -23.708699030199092 ], [ -45.42127069856538, -23.708770187818331 ], [ -45.42098004334143, -23.709138933221745 ], [ -45.420524252716177, -23.709771482294453 ], [ -45.418172148133934, -23.713353797111967 ], [ -45.417592414311834, -23.714379836680852 ], [ -45.417572332149049, -23.714421731377296 ], [ -45.416829170868418, -23.715420158094684 ], [ -45.416607607452676, -23.715770560550087 ], [ -45.416541332393251, -23.715877031005931 ], [ -45.416142552127482, -23.716527873419565 ], [ -45.415936491434643, -23.716473554140446 ], [ -45.414984058888798, -23.716313864288452 ], [ -45.414019170439857, -23.716241377862801 ], [ -45.41383667688941, -23.716235989953542 ], [ -45.412784537572115, -23.716256921452562 ], [ -45.412698583350519, -23.716267181570011 ], [ -45.412545619425089, -23.716227438462028 ], [ -45.411584039379612, -23.716025037857762 ], [ -45.410605246693905, -23.715912561188691 ], [ -45.409619134787569, -23.715891145372797 ], [ -45.408635671021727, -23.715961006904632 ], [ -45.4076647960134, -23.71612143966712 ], [ -45.4067163232192, -23.716370822063489 ], [ -45.405799839800139, -23.716706633397202 ], [ -45.405342798128736, -23.716899135208717 ], [ -45.405274462262248, -23.716891046908046 ], [ -45.405013103566851, -23.716871760734069 ], [ -45.404056658034023, -23.716844286209621 ], [ -45.403101854679946, -23.716902731449363 ], [ -45.402157776118841, -23.71704654051404 ], [ -45.401233403012533, -23.717274345430724 ], [ -45.39973923607419, -23.717715498251753 ], [ -45.398755095106573, -23.718060712738023 ], [ -45.397816811386612, -23.718501063626245 ], [ -45.39693519648722, -23.719031477138909 ], [ -45.396727720189624, -23.719171487459612 ], [ -45.395994727473223, -23.719717872667225 ], [ -45.395322099750196, -23.720326532255662 ], [ -45.394716053208924, -23.720991842014421 ], [ -45.394182189060338, -23.721707654174811 ], [ -45.393725441760999, -23.72246735419629 ], [ -45.393350033386007, -23.723263921868078 ], [ -45.393286555260403, -23.723418577947708 ], [ -45.393032406787647, -23.72412435095729 ], [ -45.392842169271105, -23.724846977688504 ], [ -45.392800910228509, -23.725037678381788 ], [ -45.392658669832045, -23.725921142752821 ], [ -45.392611892540003, -23.726813220958665 ], [ -45.39262085443395, -23.726975877936418 ], [ -45.392617881594212, -23.72697855191328 ], [ -45.391971782833046, -23.727693366303008 ], [ -45.391408933029439, -23.728465549137844 ], [ -45.39115610476243, -23.728854260398794 ], [ -45.390731666994093, -23.729580012611855 ], [ -45.390380856124551, -23.730338362916726 ], [ -45.390106594628939, -23.731122996599257 ], [ -45.389911167693953, -23.731927379971033 ], [ -45.389796204145952, -23.732744814766022 ], [ -45.389762662840361, -23.733568493911505 ], [ -45.389766391780931, -23.733988506555971 ], [ -45.389831271181677, -23.73495430363311 ], [ -45.390008009770192, -23.735908168895794 ], [ -45.390219020786645, -23.736593681913863 ], [ -45.390219213085821, -23.736646629455894 ], [ -45.390323040726408, -23.737556453629836 ], [ -45.390526310493144, -23.738451942568801 ], [ -45.390826939104109, -23.739323909713686 ], [ -45.391058318868076, -23.739893252681167 ], [ -45.391376090536781, -23.740585862701618 ], [ -45.39175533894506, -23.741251743904982 ], [ -45.392193437023671, -23.74188628212034 ], [ -45.392442994249571, -23.742216521964838 ], [ -45.393108997020676, -23.74300164711563 ], [ -45.393864876714588, -23.743714483958911 ], [ -45.393945648415624, -23.743775493339101 ], [ -45.394094442449159, -23.744067686929188 ], [ -45.3946581616744, -23.744916775903018 ], [ -45.395319934452992, -23.745703627227769 ], [ -45.396071729208877, -23.746418689365612 ], [ -45.396551888469048, -23.746827683768061 ], [ -45.397253302794887, -23.747371397517565 ], [ -45.398006798841926, -23.747852462144898 ], [ -45.398070970666936, -23.747885730168871 ], [ -45.398166086567713, -23.747982615193113 ], [ -45.398468091594346, -23.748414417835939 ], [ -45.399036395762899, -23.74914447426071 ], [ -45.399316181112852, -23.749468555303618 ], [ -45.39932014442811, -23.749478557347146 ], [ -45.39987735563426, -23.750717360843325 ], [ -45.400201728086849, -23.751364920021267 ], [ -45.400435189442646, -23.751786385710609 ], [ -45.401063277918531, -23.752763232807357 ], [ -45.401303481410572, -23.753088307863379 ], [ -45.4018363444983, -23.7537435077159 ], [ -45.402431459121622, -23.754351617878626 ], [ -45.402709306851186, -23.754588393550815 ], [ -45.402756710079593, -23.754786360171781 ], [ -45.402927222149657, -23.755337334998604 ], [ -45.402983578239827, -23.755484064824135 ], [ -45.402968775727899, -23.755589676204394 ], [ -45.402942221896062, -23.755802062341054 ], [ -45.402938084810046, -23.755825127250702 ], [ -45.402895833618551, -23.756083965978721 ], [ -45.402774820851548, -23.756906224842471 ], [ -45.402648276933213, -23.756985221452982 ], [ -45.401909887609413, -23.757494402958823 ], [ -45.401226709801641, -23.758065158795031 ], [ -45.400604782377897, -23.758692444477965 ], [ -45.399884211589395, -23.759491639908109 ], [ -45.399751710411287, -23.759641842317933 ], [ -45.398796223111397, -23.760748986982499 ], [ -45.398346887272147, -23.761313186682582 ], [ -45.398282925739579, -23.761408120919533 ], [ -45.397935661579218, -23.761758740502259 ], [ -45.397444668753877, -23.762315526864715 ], [ -45.397265943853284, -23.762524409078456 ], [ -45.396925295330803, -23.762934820975023 ], [ -45.396639784405636, -23.763297062957697 ], [ -45.396283077374711, -23.763774061249528 ], [ -45.395599968164703, -23.764836278470813 ], [ -45.395259950978726, -23.765458408561209 ], [ -45.394920515204944, -23.766150495042627 ], [ -45.394844148938866, -23.766325463821154 ], [ -45.394063096555413, -23.76811495064457 ], [ -45.393258130001897, -23.769860431354928 ], [ -45.392806887273302, -23.771070920552297 ], [ -45.392700771656685, -23.771438635324806 ], [ -45.392590203874107, -23.771862809924666 ], [ -45.39250627447224, -23.772222911412495 ], [ -45.39244935519671, -23.772486136012759 ], [ -45.392378643444474, -23.772840572950738 ], [ -45.392285047722034, -23.773533076707285 ], [ -45.392147307102675, -23.773667183865342 ], [ -45.391986175509544, -23.773824063446394 ], [ -45.391501915848714, -23.774163586023882 ], [ -45.390816951135733, -23.774746265105914 ], [ -45.390195178087652, -23.775386152390116 ], [ -45.389642212960716, -23.776077469003678 ], [ -45.38916305083962, -23.776813971514034 ], [ -45.388909949755629, -23.777248615765401 ], [ -45.388479928751586, -23.778087996086313 ], [ -45.388145757743743, -23.778963550410328 ], [ -45.387910965856278, -23.779866037291054 ], [ -45.387778033441059, -23.780785930817061 ], [ -45.387748365812996, -23.781713521146273 ], [ -45.387822278326489, -23.78263901698978 ], [ -45.387862220754393, -23.782932118784782 ], [ -45.38791984547634, -23.783295105565596 ], [ -45.387960811041225, -23.783520982821962 ], [ -45.388256469498614, -23.784676945192153 ], [ -45.38843090135088, -23.785201520607451 ], [ -45.38858411955998, -23.785586326049373 ], [ -45.388342709381661, -23.786402851623823 ], [ -45.388180076681465, -23.787305580041526 ], [ -45.388117532501852, -23.788218817833709 ], [ -45.388155720844473, -23.789133192270967 ], [ -45.38819956337155, -23.78958484268545 ], [ -45.388205721411623, -23.789584336512988 ], [ -45.388225462544071, -23.789876275545016 ], [ -45.388395438606238, -23.790806354041788 ], [ -45.388669887372934, -23.7917150518882 ], [ -45.389045818470358, -23.792592460930919 ], [ -45.389246441131483, -23.792997359071535 ], [ -45.390192487760537, -23.795021588482001 ], [ -45.390199556406429, -23.795046121866768 ], [ -45.390342863918455, -23.795496022737975 ], [ -45.39046381123994, -23.795842173560011 ], [ -45.390580557959531, -23.796222987710181 ], [ -45.390729624260317, -23.796665465516089 ], [ -45.390921121392203, -23.797186269546987 ], [ -45.391376254776944, -23.798527472475779 ], [ -45.391396496384317, -23.798586410870421 ], [ -45.392971685149995, -23.803118749193995 ], [ -45.393014872441867, -23.803240047533119 ], [ -45.393509812567636, -23.804597647803963 ], [ -45.393877100167018, -23.805709900772246 ], [ -45.393988185021293, -23.806025355699578 ], [ -45.394364400229087, -23.807030401227763 ], [ -45.394753507876707, -23.807915046732042 ], [ -45.395241898219219, -23.808756979312221 ], [ -45.395824120334275, -23.809546799001456 ], [ -45.39649367534355, -23.810275687503097 ], [ -45.397243088925954, -23.810935506680465 ], [ -45.397734794111642, -23.81128494176437 ], [ -45.398643325638986, -23.812728554020875 ], [ -45.398662612025582, -23.812908922686635 ], [ -45.398836309451397, -23.813734529130624 ], [ -45.398939927479951, -23.814060721628874 ], [ -45.398801605886852, -23.814759671828355 ], [ -45.398675292366065, -23.815645161677018 ], [ -45.398595291816008, -23.816580326542258 ], [ -45.398621147119144, -23.817518081527112 ], [ -45.398752581667942, -23.818448311943865 ], [ -45.398988180000238, -23.819360984054942 ], [ -45.399300777954124, -23.820342143300525 ], [ -45.399323585194352, -23.82041639897346 ], [ -45.3994503253669, -23.82104613137323 ], [ -45.399556366434467, -23.821482671308207 ], [ -45.399970100366197, -23.822744779819551 ], [ -45.400154697942668, -23.823187944894858 ], [ -45.400580254695051, -23.824066463161852 ], [ -45.401104949501573, -23.824898370216154 ], [ -45.401722834064699, -23.825674232136503 ], [ -45.402063757175789, -23.826057687383418 ], [ -45.402774910074257, -23.826775123959088 ], [ -45.403565674380545, -23.827418188145987 ], [ -45.403977591636924, -23.827686631614345 ], [ -45.404006965266234, -23.827729161653178 ], [ -45.404708970495186, -23.828620519801614 ], [ -45.404837601428362, -23.828764490688872 ], [ -45.405438604230639, -23.829377726845628 ], [ -45.40609797576456, -23.829937911474708 ], [ -45.406810206000024, -23.830440362825986 ], [ -45.407569342926827, -23.830880881609524 ], [ -45.408369042305374, -23.831255786108461 ], [ -45.409202620703823, -23.831561942965283 ], [ -45.409340567169124, -23.831605996606935 ], [ -45.410329428205671, -23.831869240101007 ], [ -45.411342818634715, -23.832035791155469 ], [ -45.412369597017417, -23.832103818697558 ], [ -45.413398474640424, -23.832072574845796 ], [ -45.413595882778779, -23.8320570198807 ], [ -45.414506759468622, -23.831945544763297 ], [ -45.41492037563264, -23.831858106244169 ], [ -45.415464392596228, -23.831999427576399 ], [ -45.416351309303863, -23.832150694103628 ], [ -45.417249575280898, -23.832226444634003 ], [ -45.417406078298463, -23.832232994478829 ], [ -45.417991972642803, -23.832231042563929 ], [ -45.418258227236343, -23.832362222795588 ], [ -45.418329070267198, -23.832389275148728 ], [ -45.418654656661218, -23.8326857836093 ], [ -45.419348414375747, -23.833211225233637 ], [ -45.419546156015578, -23.833347517284505 ], [ -45.420530844515319, -23.833944771416689 ], [ -45.421586288334574, -23.834429099493597 ], [ -45.421810370824424, -23.834516888621064 ], [ -45.422688393145066, -23.83481622752808 ], [ -45.423593423654523, -23.835037264878832 ], [ -45.42451723016476, -23.83517799011338 ], [ -45.425451409599269, -23.835237123196947 ], [ -45.425663232078811, -23.835241215826294 ], [ -45.42668109414727, -23.835212291686876 ], [ -45.427690223793554, -23.835086542417592 ], [ -45.428679764653666, -23.834865320880251 ], [ -45.428959161922101, -23.834788543341116 ], [ -45.42996463755594, -23.834456440861942 ], [ -45.430924933150784, -23.834025815139391 ], [ -45.431324719890448, -23.833793994161134 ], [ -45.431697430746226, -23.833611092303993 ], [ -45.432419309611525, -23.833168315174063 ], [ -45.432637734668965, -23.833162811315798 ], [ -45.433614711198196, -23.833047374015258 ], [ -45.434574196004249, -23.832842469674926 ], [ -45.435506531501218, -23.83255016078154 ], [ -45.43570549936252, -23.832477340356011 ], [ -45.436582587694375, -23.832105471803899 ], [ -45.437070099038891, -23.832418454150776 ], [ -45.437827912110315, -23.832817899697563 ], [ -45.438621318861401, -23.833153813653489 ], [ -45.439444040573889, -23.833423537647036 ], [ -45.439556538151727, -23.833455307612439 ], [ -45.440405950461681, -23.833657463451996 ], [ -45.44127159112282, -23.833789058066316 ], [ -45.44214654705771, -23.833849040549062 ], [ -45.442223594406798, -23.833851145579178 ], [ -45.443281735195839, -23.833827550253602 ], [ -45.444330965327261, -23.833699312157133 ], [ -45.445042205411177, -23.833539240857124 ], [ -45.445273499816984, -23.833607007534418 ], [ -45.446204355185088, -23.833790722099192 ], [ -45.447150178204211, -23.833890640978584 ], [ -45.448102075263833, -23.83390582465978 ], [ -45.448143362571621, -23.833904640701963 ], [ -45.448662888567256, -23.833918801665089 ], [ -45.449661003752425, -23.833892593597795 ], [ -45.450003693478294, -23.833935711598631 ], [ -45.45110930102242, -23.833959354928702 ], [ -45.452210785098494, -23.833868475019571 ], [ -45.452862628469326, -23.83378042322753 ], [ -45.453805857452942, -23.833609244580824 ], [ -45.454726362838095, -23.833354027080965 ], [ -45.455615318046846, -23.833017218032431 ], [ -45.456464199217358, -23.832602047095836 ], [ -45.457264866974235, -23.832112495300745 ], [ -45.458009644501566, -23.831553256850942 ], [ -45.458178520874561, -23.831413232892885 ], [ -45.458508850685739, -23.83112632203051 ], [ -45.458851762960464, -23.830814364656689 ], [ -45.459478353534969, -23.830187910032365 ], [ -45.460038042589254, -23.829509970352696 ], [ -45.460526193673331, -23.828856922761826 ], [ -45.4608539910842, -23.828388026706573 ], [ -45.461166743311104, -23.827908754571045 ], [ -45.461685605924501, -23.827000365990813 ], [ -45.461735358059478, -23.82688240924448 ], [ -45.462553108356659, -23.827015942595281 ], [ -45.463574569145223, -23.827083076364492 ], [ -45.46373287939798, -23.827085864838828 ], [ -45.464645864718236, -23.82706285754794 ], [ -45.465552574799851, -23.826961901784387 ], [ -45.466445162243957, -23.826783871325681 ], [ -45.467315901960248, -23.826530307009747 ], [ -45.468157258063705, -23.826203403390501 ], [ -45.468375236036685, -23.826107485367057 ], [ -45.468520419285426, -23.82603404121754 ], [ -45.468928273241396, -23.826727425350764 ], [ -45.469439326424769, -23.827430132238181 ], [ -45.470019571028708, -23.828085799418115 ], [ -45.470663923219128, -23.828688681145131 ], [ -45.471167617224047, -23.829117792306103 ], [ -45.471889955185766, -23.829676314374659 ], [ -45.472667245505335, -23.830168466884775 ], [ -45.473492308403564, -23.830589703530634 ], [ -45.474357522563054, -23.830936133064778 ], [ -45.475254895555231, -23.831204555262918 ], [ -45.476176137705203, -23.831392490502726 ], [ -45.476409930111515, -23.831418878708831 ], [ -45.477072904742755, -23.831888454403519 ], [ -45.477846688719161, -23.832337627897591 ], [ -45.47866257006978, -23.832718589684461 ], [ -45.479279709307129, -23.832974216363652 ], [ -45.480293773134122, -23.833333578807579 ], [ -45.481344801048607, -23.833587650585773 ], [ -45.482755492151703, -23.833852870212084 ], [ -45.483500337983678, -23.833965656943036 ], [ -45.483957716244397, -23.834018393943687 ], [ -45.484816665228117, -23.834154649460142 ], [ -45.484909570819568, -23.834167870212539 ], [ -45.485011771853749, -23.834204571247298 ], [ -45.48550617466249, -23.834770782845631 ], [ -45.486183596867086, -23.835406626343548 ], [ -45.486925784967923, -23.835978030768445 ], [ -45.487725527833319, -23.836479443759405 ], [ -45.487864594260849, -23.836557689429842 ], [ -45.48868797510454, -23.836972565593484 ], [ -45.48955067047671, -23.837313208258099 ], [ -45.490444792828519, -23.837576502887099 ], [ -45.490600520876377, -23.837607659851226 ], [ -45.490726337786768, -23.837683510550235 ], [ -45.491498889903795, -23.838063386012077 ], [ -45.492305177908463, -23.838378410667769 ], [ -45.492720233209141, -23.838520826374111 ], [ -45.492798189073298, -23.83854722979877 ], [ -45.492961978328076, -23.838601981984905 ], [ -45.493726596281491, -23.838859472501174 ], [ -45.494595210267285, -23.839110627074422 ], [ -45.495485383624604, -23.839286688317138 ], [ -45.496389460816054, -23.839386142111152 ], [ -45.496653349092497, -23.839392518346621 ], [ -45.497392086355546, -23.839691694467959 ], [ -45.498423513263809, -23.839989931239124 ], [ -45.499484337116137, -23.840182047148403 ], [ -45.500561694234086, -23.840265712609714 ], [ -45.501145843108731, -23.840281373903046 ], [ -45.502049716545379, -23.840267309808226 ], [ -45.502948352305793, -23.840176838702629 ], [ -45.503542804673124, -23.840091360829522 ], [ -45.50425770868857, -23.839963413463437 ], [ -45.505334378803774, -23.839732291418393 ], [ -45.506330497651248, -23.839466719975203 ], [ -45.506587518234078, -23.839384431495738 ], [ -45.507434276904029, -23.839072047658249 ], [ -45.507983461519942, -23.838812655274207 ], [ -45.508596166928889, -23.838910061199254 ], [ -45.509518157457244, -23.83901559945447 ], [ -45.51044686534064, -23.839040503342115 ], [ -45.510576744043625, -23.839032665158285 ], [ -45.510874154581828, -23.839135071159362 ], [ -45.511276964635378, -23.839300758429516 ], [ -45.512041387466475, -23.839580457895547 ], [ -45.512828583737651, -23.839800312387649 ], [ -45.513484997295691, -23.839956335268649 ], [ -45.514738278469125, -23.840175487460051 ], [ -45.515341335502789, -23.840243977927337 ], [ -45.516160726875682, -23.840305139645874 ], [ -45.516982808604119, -23.840303037253378 ], [ -45.517801817373687, -23.840237685509521 ], [ -45.518169641411063, -23.840193999893955 ], [ -45.519134146089556, -23.840034082539763 ], [ -45.520076512906385, -23.839786518167291 ], [ -45.520987352655489, -23.839453773433831 ], [ -45.521857590443702, -23.839039163672162 ], [ -45.522678556148868, -23.838546819838413 ], [ -45.523442070833546, -23.837981647330519 ], [ -45.523583806586537, -23.837865547369706 ], [ -45.524272824489465, -23.837242606550898 ], [ -45.524891949607394, -23.836560394470762 ], [ -45.525137547711118, -23.836228157716352 ], [ -45.525688853587397, -23.836291624513841 ], [ -45.526546456696806, -23.836355402283893 ], [ -45.527188671620621, -23.836377174549281 ], [ -45.528234098772174, -23.836361369131136 ], [ -45.529271770319269, -23.836243391739249 ], [ -45.530289917965789, -23.836024580405358 ], [ -45.531276994982314, -23.835707416713316 ], [ -45.531853489037104, -23.835489850059034 ], [ -45.532747417196973, -23.835103068526507 ], [ -45.533594564952608, -23.834635613780645 ], [ -45.534393021227153, -23.834143145111529 ], [ -45.535131831846897, -23.833639786126827 ], [ -45.53581621691216, -23.833075064685318 ], [ -45.536440175945998, -23.832453932721286 ], [ -45.536783351604001, -23.832078469050835 ], [ -45.537339058634124, -23.831409496617944 ], [ -45.537824631598475, -23.830695830233442 ], [ -45.538235852134555, -23.829943671552975 ], [ -45.538569148181949, -23.829159556612474 ], [ -45.538821624984685, -23.828350299016904 ], [ -45.538991090200916, -23.827522930720509 ], [ -45.53907928095289, -23.826945615844146 ], [ -45.539168080507643, -23.826023155812464 ], [ -45.539153736379696, -23.825097179699029 ], [ -45.539036401546348, -23.824177421733928 ], [ -45.538817311604348, -23.823273550579401 ], [ -45.538769257478187, -23.823141025703187 ], [ -45.53882857005528, -23.823131824356146 ], [ -45.53900108531235, -23.823097622692149 ], [ -45.539892088904423, -23.822880251621296 ], [ -45.540757001672041, -23.822586959441285 ], [ -45.54158819807752, -23.822220332064504 ], [ -45.542378350026425, -23.821783601954646 ], [ -45.542506789287117, -23.821704833659211 ], [ -45.54317299367122, -23.821257990411141 ], [ -45.543796091764783, -23.820761297777636 ], [ -45.544371689349099, -23.820218258963781 ], [ -45.544488261220373, -23.820098617074542 ], [ -45.545059507840293, -23.819455066606853 ], [ -45.545212457542981, -23.819265594266994 ], [ -45.545545016571644, -23.818964039697612 ], [ -45.545685311093919, -23.818808601080296 ], [ -45.54633335590637, -23.818306939645407 ], [ -45.547056439075448, -23.817687395961819 ], [ -45.547708161989711, -23.817004119460456 ], [ -45.548281923298376, -23.816264032348382 ], [ -45.548771911769677, -23.815474632248051 ], [ -45.548850229628925, -23.815332264311355 ], [ -45.549257677378449, -23.814486718699055 ], [ -45.549568994384209, -23.813607269647946 ], [ -45.549780917887134, -23.812703139820005 ], [ -45.549792280648873, -23.812608442281931 ], [ -45.550470722045183, -23.812020552688061 ], [ -45.551090657469736, -23.811369548763633 ], [ -45.551640013371326, -23.810666938684342 ], [ -45.553461494795542, -23.808084666598035 ], [ -45.553956312165418, -23.807299366456437 ], [ -45.554362955265461, -23.80647233501146 ], [ -45.554578822851504, -23.80596711676468 ], [ -45.554866413656946, -23.80517892752599 ], [ -45.555130165454507, -23.805042362564329 ], [ -45.555952629668184, -23.804507559334183 ], [ -45.556711204022427, -23.80389803229081 ], [ -45.557397903899137, -23.80322019799231 ], [ -45.557538921211346, -23.803065829015779 ], [ -45.557752739674818, -23.802823377632873 ], [ -45.557771486590831, -23.802801352817735 ], [ -45.557829497991001, -23.802736125781916 ], [ -45.558576919153573, -23.801773367086813 ], [ -45.558639762375364, -23.8016800469338 ], [ -45.558861105865979, -23.801602681300249 ], [ -45.559670428764761, -23.80130709137595 ], [ -45.559971078722121, -23.80119193561427 ], [ -45.561443997673337, -23.800601199625341 ], [ -45.563246394819025, -23.799896368500686 ], [ -45.563769293138826, -23.799762612317053 ], [ -45.563921620393828, -23.799722425445577 ], [ -45.564293429617081, -23.799621338845434 ], [ -45.564401625981638, -23.799599711834034 ], [ -45.565354424839413, -23.799497723185233 ], [ -45.565661664418677, -23.799445791862667 ], [ -45.565927084540753, -23.799430774916051 ], [ -45.568236783833399, -23.799174218658848 ], [ -45.571486434771103, -23.799170831343179 ], [ -45.57153087364744, -23.799170691990913 ], [ -45.574154968067695, -23.799156975115544 ], [ -45.583035999410093, -23.799213827335478 ], [ -45.583627604779579, -23.799201183475567 ], [ -45.584213554179023, -23.79917237949703 ], [ -45.585325607899392, -23.799058951347998 ], [ -45.585573678613358, -23.799006840897896 ], [ -45.585625405779183, -23.799036131011402 ], [ -45.586486101257059, -23.799470459907262 ], [ -45.587389643125341, -23.799823514351178 ], [ -45.588326994168838, -23.800091763026654 ], [ -45.589288778811884, -23.800272522853426 ], [ -45.590265376945403, -23.800363985838764 ], [ -45.591247020206985, -23.800365237171032 ], [ -45.59222388974797, -23.800276264373984 ], [ -45.593186214506872, -23.800097957430044 ], [ -45.594124369002834, -23.799832099871345 ], [ -45.594434999583235, -23.799728159002932 ], [ -45.595190319512859, -23.799442145928445 ], [ -45.595917178978119, -23.799099341286588 ], [ -45.596610544906255, -23.798702118928027 ], [ -45.596909254488224, -23.798514685321315 ], [ -45.597497126803155, -23.798115523983473 ], [ -45.598051101419692, -23.797677233746537 ], [ -45.598324270611052, -23.797444287882374 ], [ -45.599004402154691, -23.796803773013945 ], [ -45.599612253674906, -23.796104433037758 ], [ -45.6001418505762, -23.795353143204011 ], [ -45.6005879878606, -23.794557289357385 ], [ -45.600740623059046, -23.794248301546755 ], [ -45.600866548696189, -23.793941951361838 ], [ -45.600934356000373, -23.793829001416235 ], [ -45.601101636205108, -23.793519197685288 ], [ -45.601899359558331, -23.793241055121992 ], [ -45.602288957747874, -23.793080680136978 ], [ -45.603101373409004, -23.792703743279407 ], [ -45.603872363907911, -23.792259202251536 ], [ -45.604595304179384, -23.791750877246155 ], [ -45.605263982290886, -23.791183136533359 ], [ -45.605504199193724, -23.790937550463259 ], [ -45.605951706635963, -23.79098204249598 ], [ -45.606582849927079, -23.79123848741834 ], [ -45.607465583377802, -23.791508569093939 ], [ -45.608372140763379, -23.791700536971046 ], [ -45.609294377863932, -23.791812666494561 ], [ -45.610224009517594, -23.791843950354156 ], [ -45.611081988143503, -23.791797902052242 ], [ -45.611162687417007, -23.791820286202007 ], [ -45.61203401652002, -23.791977573834881 ], [ -45.612867030622972, -23.792401925445585 ], [ -45.61385283209767, -23.792781881060471 ], [ -45.614877688477762, -23.793060952229585 ], [ -45.615929446631945, -23.793235829629687 ], [ -45.616644965285971, -23.79331808671671 ], [ -45.61728372045453, -23.793372080429148 ], [ -45.617983882161212, -23.793410085244162 ], [ -45.619001053403693, -23.793416709020487 ], [ -45.61943626702805, -23.793377901010306 ], [ -45.619490301717747, -23.793411700588344 ], [ -45.620264158117315, -23.793849014003079 ], [ -45.621078630262303, -23.794218641092332 ], [ -45.621926745416388, -23.794517417360794 ], [ -45.622801242651981, -23.794742784878807 ], [ -45.623694635044103, -23.794892814193538 ], [ -45.624599273804662, -23.794966220856633 ], [ -45.624863321697113, -23.794976353006799 ], [ -45.62583428680054, -23.794969377259108 ], [ -45.626799750968971, -23.79487415705151 ], [ -45.627750264740406, -23.794691624390168 ], [ -45.628676525077672, -23.794423565842138 ], [ -45.629569466472987, -23.794072605037549 ], [ -45.630420349720282, -23.793642176974885 ], [ -45.630671982430208, -23.793499534738412 ], [ -45.631488879784939, -23.792982326333288 ], [ -45.63227578128803, -23.792428197090583 ], [ -45.632515415127926, -23.792248491955839 ], [ -45.632586640453461, -23.792202793778625 ], [ -45.633013955477431, -23.7920766566913 ], [ -45.636202195999623, -23.791701370447569 ], [ -45.636562665982716, -23.791688678498804 ], [ -45.637168161733165, -23.791689497504336 ], [ -45.63745192035406, -23.791686105635861 ], [ -45.637828518860502, -23.791676591403871 ], [ -45.637883722834516, -23.791677439940166 ], [ -45.638424902428788, -23.791723532397874 ], [ -45.639382776147151, -23.791761837034858 ], [ -45.640340140924827, -23.791713959160777 ], [ -45.641287860357167, -23.791580355727053 ], [ -45.642216890152888, -23.791362301782495 ], [ -45.643118364496807, -23.791061878296372 ], [ -45.643983680703833, -23.79068195228631 ], [ -45.644804581354229, -23.790226149441018 ], [ -45.645142312700358, -23.79001726302225 ], [ -45.645912474310833, -23.789488783693375 ], [ -45.646622794402262, -23.788893548774382 ], [ -45.647266467733687, -23.788237261678326 ], [ -45.647837327934333, -23.787526210709991 ], [ -45.64832990657041, -23.786767208789382 ], [ -45.648739485511477, -23.785967528150515 ], [ -45.649062142095737, -23.785134830642885 ], [ -45.649231984120995, -23.78450864184563 ], [ -45.649334348360121, -23.784316053214955 ], [ -45.649686074811953, -23.783430690303703 ], [ -45.649834199988746, -23.782987329807554 ], [ -45.650049545385329, -23.782188956752293 ], [ -45.650104394367688, -23.782064810596022 ], [ -45.650371157583201, -23.781570836118576 ], [ -45.650494339333001, -23.781310880527069 ], [ -45.650815874238369, -23.780537328208148 ], [ -45.651059056442158, -23.779739923386352 ], [ -45.651221842534902, -23.778925371265565 ], [ -45.651302865226057, -23.778100521111231 ], [ -45.651301444791301, -23.777272308651938 ], [ -45.651284833032776, -23.776950318945282 ], [ -45.6512574985925, -23.776650140739044 ], [ -45.651726093252336, -23.776475572471654 ], [ -45.652478055896111, -23.776160921922614 ], [ -45.653198599617561, -23.775789188597447 ], [ -45.653350372795423, -23.775694625997168 ], [ -45.653675363275411, -23.775553648938306 ], [ -45.654544390640545, -23.775126351128328 ], [ -45.65536247828404, -23.774621012656006 ], [ -45.656121380154602, -23.774042727588643 ], [ -45.658630858790822, -23.771926281997214 ], [ -45.661393807352425, -23.771093476637507 ], [ -45.662570000685506, -23.770745205662863 ], [ -45.662649741172579, -23.770721247529256 ], [ -45.664426045797569, -23.770179799585264 ], [ -45.66447340644082, -23.770165239758729 ], [ -45.668774210355117, -23.76883179025716 ], [ -45.671466960709118, -23.76804361949425 ], [ -45.671559646997771, -23.768015934825886 ], [ -45.671817602850076, -23.768574580510755 ], [ -45.672149561430679, -23.769364833012844 ], [ -45.672761356396933, -23.770555074811316 ], [ -45.673157400276828, -23.771199382214085 ], [ -45.673920668502177, -23.772259306556869 ], [ -45.674400343537307, -23.772833150801723 ], [ -45.675155645189676, -23.773634543155595 ], [ -45.675657049802552, -23.774107325519772 ], [ -45.6764584716245, -23.774783624446805 ], [ -45.676942971463461, -23.775149142230216 ], [ -45.67727077347233, -23.77538591405883 ], [ -45.677770979108757, -23.77573167274554 ], [ -45.678426741189298, -23.776147750452722 ], [ -45.679117010164703, -23.776513516435731 ], [ -45.679804639821292, -23.776844440026853 ], [ -45.67994493193239, -23.776910640273098 ], [ -45.680961991978428, -23.777381103163375 ], [ -45.681849510264179, -23.777812885600717 ], [ -45.682544160892974, -23.778119359739556 ], [ -45.683262793982728, -23.778374747304746 ], [ -45.683935660716287, -23.778586336580258 ], [ -45.684856625877678, -23.778830428444834 ], [ -45.685799072443089, -23.778990685774858 ], [ -45.686754011620735, -23.779065580118598 ], [ -45.687397241348698, -23.779086998239208 ], [ -45.688390045242393, -23.779073800282028 ], [ -45.689376318093068, -23.778968350311345 ], [ -45.690345963509486, -23.778771727857301 ], [ -45.690811644833225, -23.778654279249896 ], [ -45.690998552463455, -23.778605303244149 ], [ -45.691749108815578, -23.778401215738903 ], [ -45.692563206744914, -23.778143614336734 ], [ -45.693636929531301, -23.777754602139193 ], [ -45.694490109732023, -23.777401385850034 ], [ -45.694805373652947, -23.777235997465834 ], [ -45.6954811365636, -23.777549161047926 ], [ -45.696939279590651, -23.778237917064736 ], [ -45.697423978170875, -23.778451637576993 ], [ -45.698131899741881, -23.778742123430103 ], [ -45.699070207380466, -23.779075218488657 ], [ -45.69980367025331, -23.779296579997723 ], [ -45.700838120768246, -23.779552169522518 ], [ -45.701582232678561, -23.779696478800229 ], [ -45.702951592544366, -23.779870479375678 ], [ -45.703729273444402, -23.779918299415645 ], [ -45.704876298516773, -23.779926999554284 ], [ -45.706016590998381, -23.779812474160394 ], [ -45.709664232640691, -23.779245947228123 ], [ -45.710581138029227, -23.77947324364694 ], [ -45.711652623732959, -23.77968064160477 ], [ -45.712742546687707, -23.779776905731648 ], [ -45.71311595484034, -23.779790612273278 ], [ -45.7146076209157, -23.780482010769987 ], [ -45.715464899916263, -23.780833135691527 ], [ -45.716354702174435, -23.781107309627696 ], [ -45.717268892616808, -23.781302025921562 ], [ -45.71819911306951, -23.781415504368724 ], [ -45.719136858718542, -23.781446707501487 ], [ -45.720073555914695, -23.78139535007848 ], [ -45.721000640609368, -23.781261901692577 ], [ -45.721546557093959, -23.781158499928992 ], [ -45.722487890913946, -23.780934959565162 ], [ -45.723400570878987, -23.780626808574826 ], [ -45.724275640642524, -23.780237071034186 ], [ -45.725104513162734, -23.779769571632226 ], [ -45.72587905500157, -23.779228898115822 ], [ -45.726591666160267, -23.778620356244431 ], [ -45.727235354666448, -23.777949917697853 ], [ -45.727597745012069, -23.777532498756635 ], [ -45.728262428622685, -23.776667299703174 ], [ -45.728812425794217, -23.775736413624561 ], [ -45.729614807090414, -23.774165139521237 ], [ -45.729986740072889, -23.773330963058321 ], [ -45.730266440336166, -23.772466813712761 ], [ -45.730451121999479, -23.77158130437244 ], [ -45.730538946347863, -23.770683260640993 ], [ -45.730560786470789, -23.770178814340561 ], [ -45.730549610828369, -23.769258092210364 ], [ -45.730436637732659, -23.768343201721752 ], [ -45.730374891173064, -23.768083158059635 ], [ -45.730415140993479, -23.767874164809669 ], [ -45.730507806125026, -23.767202517151006 ], [ -45.730582189976261, -23.766315641725495 ], [ -45.730561426114654, -23.765426333148163 ], [ -45.730479461940845, -23.764361822183044 ], [ -45.730775827222764, -23.764092828473693 ], [ -45.731294365418599, -23.763539158282434 ], [ -45.731655607950728, -23.763120291759137 ], [ -45.732181909929501, -23.762449011943129 ], [ -45.732639219927236, -23.761736199904874 ], [ -45.732931265389162, -23.761229267194523 ], [ -45.733293210796013, -23.760530117231735 ], [ -45.733588747658715, -23.759804997885571 ], [ -45.733777797472456, -23.759272799137346 ], [ -45.734021062807251, -23.75846190360755 ], [ -45.734544395159475, -23.756336000531611 ], [ -45.734584904979997, -23.756163646855644 ], [ -45.734904181746245, -23.754738029509699 ], [ -45.734916250365956, -23.754721988654158 ], [ -45.735675800703788, -23.75513492275817 ], [ -45.736514281729072, -23.755541820073059 ], [ -45.743838524542745, -23.758689593435726 ], [ -45.746323931276834, -23.759758011197807 ], [ -45.747308622858043, -23.760122965432448 ], [ -45.749868467248177, -23.760926526625987 ], [ -45.751038804169674, -23.761220952614938 ], [ -45.75773284938581, -23.762501518703171 ], [ -45.758522429865529, -23.762621863816115 ], [ -45.759320040284905, -23.762682584267434 ], [ -45.764432592947571, -23.762878985185679 ], [ -45.76523626833422, -23.762879527256288 ], [ -45.766037296004875, -23.762819534862103 ], [ -45.766190938270476, -23.762796261505809 ], [ -45.766417581396311, -23.762839020221215 ], [ -45.767194532404524, -23.762955928177778 ], [ -45.767979165980201, -23.763015133028702 ], [ -45.769784193500335, -23.763084394812104 ], [ -45.770788785635297, -23.763075560748419 ], [ -45.774957153893212, -23.762842078451772 ], [ -45.77598251640709, -23.762734590733888 ], [ -45.777085291215052, -23.762564516101364 ], [ -45.778905860719938, -23.762283719128838 ], [ -45.779365572374992, -23.762202391279061 ], [ -45.779583718210198, -23.762158808180196 ], [ -45.781581164559036, -23.761759720089135 ], [ -45.787601276724892, -23.760556718260919 ], [ -45.791160951596623, -23.759845252210347 ], [ -45.791906895615867, -23.75966568784591 ], [ -45.792479701665641, -23.759614644881513 ], [ -45.792703515105224, -23.759583352031576 ], [ -45.794793444339319, -23.76097461442615 ], [ -45.794903043131832, -23.761046524019502 ], [ -45.799298603222489, -23.763888752001844 ], [ -45.800052988122637, -23.764330692921138 ], [ -45.800847956447804, -23.764707589564068 ], [ -45.801676905829936, -23.765016311628298 ], [ -45.80253295151504, -23.765254295023411 ], [ -45.803501749152048, -23.765479840994978 ], [ -45.804535555208105, -23.765666820835193 ], [ -45.805585184690734, -23.765750709456711 ], [ -45.806638536296603, -23.765730539766999 ], [ -45.80768346579881, -23.765606544371984 ], [ -45.808780900663763, -23.765420723717082 ], [ -45.809618130699164, -23.765243771066626 ], [ -45.812706481808554, -23.764458560621453 ], [ -45.816331075676722, -23.764128354638938 ], [ -45.8163595895642, -23.764125717936864 ], [ -45.820677231997429, -23.763720538330386 ], [ -45.820785204920647, -23.763718465590223 ], [ -45.821230875505009, -23.763700575055509 ], [ -45.825540224908998, -23.763437082709967 ], [ -45.826612525338284, -23.763445114519328 ], [ -45.827261666911646, -23.763509288888443 ], [ -45.827678531551378, -23.763542242092672 ], [ -45.8356438827063, -23.764014495331132 ], [ -45.83624417854103, -23.764033115845827 ], [ -45.839055035171619, -23.764041055231726 ], [ -45.839056163129563, -23.764041058380155 ], [ -45.839115638785607, -23.745977622017648 ], [ -45.836605051993423, -23.74597052345484 ], [ -45.829149379629918, -23.745528456464914 ], [ -45.82822568788476, -23.745437134217081 ], [ -45.82725760662737, -23.745385779135951 ], [ -45.825334424712381, -23.745371367349442 ], [ -45.824603999148955, -23.745390936415557 ], [ -45.820153005059645, -23.745663081498435 ], [ -45.819871692194077, -23.745668480197693 ], [ -45.81908088998145, -23.745713105609759 ], [ -45.814383661435627, -23.746153895448384 ], [ -45.809937501690939, -23.746558918421133 ], [ -45.80910776280443, -23.746667598342668 ], [ -45.808291124339028, -23.74684105756215 ], [ -45.807417547683258, -23.747063170882473 ] ] ] ] } },
{ "type": "Feature", "properties": { "regiao_id": 4, "regiao_nome": "Santos-Bertioga", "sigla_rodovia": "SP-055", "km_inicial": 191.4, "km_final": 248.1, "extensao_oficial_km": 56.7, "n_subtrechos_der": 5, "municipios": "Bertioga;Santos", "ubas": "Cubatão", "ubas_codigo": "RC 05.04", "residencias_dr": "DR 05", "regionais": "Cubatão", "jurisdicoes": "Estadual", "conservado_por": "05.04;Novo Litoral", "subtrechos_der": "055SPE3431;055SPE1511;055SPE6283;055SPE7167;055SPE4338", "area_km2": 113.633, "perimetro_km": 114.576, "buffer_lateral_m": 1000, "tampas_round": "fim", "n_caps_round_adicionadas": 1, "k_geo": 1000, "cpc_breaks": "1;4;8;16", "hid24h_breaks": "150;200;230;300" }, "geometry": { "type": "MultiPolygon", "coordinates": [ [ [ [ -46.292340813057784, -23.906863038152441 ], [ -46.292143712747354, -23.906747169257454 ], [ -46.291445026124379, -23.90637275936157 ], [ -46.290621070668401, -23.905972047356922 ], [ -46.289861692863205, -23.90564016426104 ], [ -46.289074227613177, -23.905369199709476 ], [ -46.288264444035626, -23.905161138846349 ], [ -46.286573685247681, -23.904797652624168 ], [ -46.284906596350062, -23.898161664514689 ], [ -46.285005266822743, -23.897699224989449 ], [ -46.285122820326542, -23.897007172037043 ], [ -46.285241092366959, -23.896075007800381 ], [ -46.285307110722115, -23.895076434179114 ], [ -46.285252592249968, -23.894077273884356 ], [ -46.285078208776824, -23.893089789015338 ], [ -46.284881183839872, -23.892265692047303 ], [ -46.284636352552276, -23.89143335207601 ], [ -46.284306305862771, -23.890626274929588 ], [ -46.283894053981662, -23.889851817887784 ], [ -46.283403356300781, -23.889117040748875 ], [ -46.283046556533371, -23.888635889361364 ], [ -46.282595883000148, -23.888024557527178 ], [ -46.281937302079363, -23.88730539787791 ], [ -46.28086470570576, -23.886250808598007 ], [ -46.280750635697494, -23.886140529725555 ], [ -46.2804144108717, -23.885820914837751 ], [ -46.279755654539422, -23.885249882706663 ], [ -46.279042516331323, -23.884737052062817 ], [ -46.27828105580501, -23.884286780088633 ], [ -46.277477808825786, -23.883858576378326 ], [ -46.276518997870923, -23.883410055800681 ], [ -46.275512595140235, -23.88306064736549 ], [ -46.274470673720323, -23.882814542684798 ], [ -46.273405732549683, -23.882674694126383 ], [ -46.272514054160226, -23.882603126757388 ], [ -46.271577908292535, -23.882569231966389 ], [ -46.270642509009633, -23.882617510619006 ], [ -46.269716367105396, -23.882747523522305 ], [ -46.26758222776148, -23.883143691668696 ], [ -46.266491126284762, -23.883406997764649 ], [ -46.260678968658098, -23.885143095741554 ], [ -46.260187588773334, -23.885303236911529 ], [ -46.25963757046194, -23.885497744419943 ], [ -46.259550981500901, -23.885525848790579 ], [ -46.25879474733383, -23.885804239978967 ], [ -46.25806620083349, -23.88613929574506 ], [ -46.257370353355768, -23.886528711533984 ], [ -46.256467688331, -23.887082295374245 ], [ -46.255678958376173, -23.887620262148296 ], [ -46.254952592982058, -23.888227962429237 ], [ -46.254295854411616, -23.888899321218869 ], [ -46.253715309189815, -23.889627627029007 ], [ -46.253347149939501, -23.890141528775636 ], [ -46.253220442191598, -23.889872979520156 ], [ -46.252838271540099, -23.889152398253479 ], [ -46.252388108196556, -23.888465819826003 ], [ -46.251873500553287, -23.887818654635279 ], [ -46.251267493954536, -23.887123536688126 ], [ -46.25050761544987, -23.886348320660701 ], [ -46.24965555170224, -23.885658887794698 ], [ -46.248902888311235, -23.885117504048264 ], [ -46.247957636186555, -23.884516110623931 ], [ -46.246942448957597, -23.884020383135539 ], [ -46.246050043495281, -23.8836444102364 ], [ -46.245282961089814, -23.883356575926918 ], [ -46.244175679926435, -23.882990372328294 ], [ -46.243668101782298, -23.882836707923136 ], [ -46.238827295738432, -23.881504185035997 ], [ -46.238131759763498, -23.881337949001946 ], [ -46.237041737089349, -23.881116228884171 ], [ -46.23578440316362, -23.880938065434428 ], [ -46.233186252309046, -23.880727051842563 ], [ -46.232248647871153, -23.880692275102966 ], [ -46.226629576792853, -23.880730794589841 ], [ -46.226600676071556, -23.880726953263263 ], [ -46.224929136514149, -23.880381961656472 ], [ -46.224019964956931, -23.880235191012737 ], [ -46.223099824744047, -23.880167555744983 ], [ -46.222176843118689, -23.880179653319662 ], [ -46.221120865742932, -23.880239211617496 ], [ -46.220066216995058, -23.880351558462078 ], [ -46.219030916630139, -23.880567930669876 ], [ -46.218241150914238, -23.880818009752915 ], [ -46.218192403141799, -23.880755579485196 ], [ -46.217607895184727, -23.880134870708709 ], [ -46.217366983803174, -23.879901388024486 ], [ -46.217142077514112, -23.879683587037878 ], [ -46.217079296628874, -23.879623349376111 ], [ -46.216899752560174, -23.87945266351387 ], [ -46.216236555178753, -23.878878088989001 ], [ -46.215518306852282, -23.878362505493325 ], [ -46.214751190079731, -23.877910350674497 ], [ -46.213992007256692, -23.87750728486515 ], [ -46.213088418616401, -23.877083181539799 ], [ -46.212142077241687, -23.876747054705557 ], [ -46.211163079961921, -23.876502490609756 ], [ -46.210164135124501, -23.876303245379823 ], [ -46.209073273046322, -23.876144102554463 ], [ -46.207969877946539, -23.876098600382036 ], [ -46.206867903984701, -23.876167314427065 ], [ -46.20586948240188, -23.876281713295633 ], [ -46.20482085516781, -23.8764554219286 ], [ -46.204540336950799, -23.876531494688315 ], [ -46.204337883930798, -23.876424342392898 ], [ -46.203569913590634, -23.876058294183654 ], [ -46.197764041325861, -23.873582700049976 ], [ -46.197344468529515, -23.873414594081993 ], [ -46.196877771690879, -23.873239388022881 ], [ -46.195588980877908, -23.872848673150919 ], [ -46.195502010836343, -23.872828310484579 ], [ -46.19516198307948, -23.872740993061178 ], [ -46.194346328351422, -23.872565642569572 ], [ -46.193922574524819, -23.872491911959191 ], [ -46.1931526054966, -23.872357939853877 ], [ -46.192407626694433, -23.872255351740723 ], [ -46.191656289270483, -23.872205573775457 ], [ -46.184951322989662, -23.871998420320399 ], [ -46.184581142259994, -23.871821902923831 ], [ -46.183944033634738, -23.871557424010181 ], [ -46.18396268794875, -23.870773936455691 ], [ -46.183903749013808, -23.869970221325314 ], [ -46.183767166727534, -23.869174533230833 ], [ -46.183554029159254, -23.868393202788674 ], [ -46.183266033377301, -23.867632446275845 ], [ -46.182862105070363, -23.866701408033503 ], [ -46.182472646743975, -23.86591522084235 ], [ -46.182003287980415, -23.865166853816298 ], [ -46.181458325019356, -23.864463155026947 ], [ -46.180842745689027, -23.863810563705457 ], [ -46.180162183740713, -23.863215051341491 ], [ -46.17944124384735, -23.862642055596236 ], [ -46.178595470827638, -23.86204058028671 ], [ -46.177718826148777, -23.861547050601832 ], [ -46.177576324259427, -23.861437523987146 ], [ -46.176948040360074, -23.86087484841352 ], [ -46.17685565697348, -23.86027616683473 ], [ -46.176830739134388, -23.860050441601242 ], [ -46.176843876337109, -23.858566323129626 ], [ -46.177986344341996, -23.852755975988995 ], [ -46.178217848911217, -23.851800094693559 ], [ -46.178379947681329, -23.850934191225036 ], [ -46.178470998451537, -23.850250268024681 ], [ -46.17852618067149, -23.849916397099587 ], [ -46.178609065570377, -23.849248378496835 ], [ -46.178637684973943, -23.848576539427494 ], [ -46.178639030870215, -23.847934145382403 ], [ -46.178592675194892, -23.847040050290939 ], [ -46.178468414435024, -23.845868248773467 ], [ -46.17836097096805, -23.845152649417013 ], [ -46.178191689730795, -23.844447238108856 ], [ -46.177860501591468, -23.843289300892565 ], [ -46.177566261053528, -23.842435209870885 ], [ -46.177181466186767, -23.841612138579084 ], [ -46.176495042145682, -23.840323992248255 ], [ -46.176039899502271, -23.839564470062808 ], [ -46.175521744683323, -23.838790219714667 ], [ -46.174993428004811, -23.838079121709505 ], [ -46.174393875495156, -23.837417550506231 ], [ -46.168462617844533, -23.831473179710464 ], [ -46.167723502033652, -23.830806606446661 ], [ -46.166742410038609, -23.830010629358252 ], [ -46.166079585109408, -23.829518205047982 ], [ -46.1653728489446, -23.829080498148581 ], [ -46.164627523888235, -23.828700804782194 ], [ -46.162650498100945, -23.827794408214231 ], [ -46.161692385608362, -23.827412225425558 ], [ -46.160695566757504, -23.827125825587313 ], [ -46.159383226096764, -23.826818181557531 ], [ -46.1587262371037, -23.826686030806762 ], [ -46.148676504139594, -23.824993721373996 ], [ -46.148365060059341, -23.824902871370721 ], [ -46.147466385023812, -23.824269092291832 ], [ -46.146200989944866, -23.82308609803658 ], [ -46.145259473815557, -23.822205881606113 ], [ -46.13802698682052, -23.815443914731102 ], [ -46.137204016312374, -23.814756924804357 ], [ -46.135452919464427, -23.813453511198034 ], [ -46.134748983244513, -23.812975661436447 ], [ -46.134001605390232, -23.812557366178599 ], [ -46.132996433703283, -23.8120498003424 ], [ -46.132210250130839, -23.811693850204545 ], [ -46.131392701321538, -23.81140381665454 ], [ -46.121897600767774, -23.808475671314365 ], [ -46.121495461561139, -23.808278591154355 ], [ -46.120234968349827, -23.807761951806381 ], [ -46.119402693705979, -23.807483518093356 ], [ -46.118657194626003, -23.807264647989673 ], [ -46.117718690481254, -23.807026585534441 ], [ -46.116751952957401, -23.806829031858484 ], [ -46.116361044208574, -23.806767998486748 ], [ -46.115740206771697, -23.806576497353429 ], [ -46.108981572291903, -23.804491146842604 ], [ -46.100165509098346, -23.801771275801812 ], [ -46.099512051277301, -23.801462003934848 ], [ -46.096472517717842, -23.799481680335461 ], [ -46.095732254118772, -23.799043842082455 ], [ -46.093811568497593, -23.798016732308788 ], [ -46.092999714317401, -23.797627982746022 ], [ -46.092152041039277, -23.797310499090216 ], [ -46.087021545760535, -23.79564087406937 ], [ -46.086795473041548, -23.795570132975325 ], [ -46.079106768067028, -23.79325962080696 ], [ -46.078366894333591, -23.79294876473584 ], [ -46.077577197903793, -23.792689368535989 ], [ -46.076367794777447, -23.79234493747223 ], [ -46.075220871526966, -23.792086705329812 ], [ -46.075194396485301, -23.792083777839096 ], [ -46.063376852729498, -23.788531448780248 ], [ -46.062534259433235, -23.788315846769851 ], [ -46.060725770840961, -23.787932055929275 ], [ -46.033633704281073, -23.779670627169448 ], [ -46.032675034265409, -23.77926003779681 ], [ -46.032315826161167, -23.779114162477928 ], [ -46.031648432597088, -23.778857682274484 ], [ -46.03083341615686, -23.778582751503709 ], [ -46.029995191540792, -23.778375169284416 ], [ -46.029140315603108, -23.778236559419934 ], [ -46.028652214606105, -23.778177760240858 ], [ -46.001613655682711, -23.770090497492998 ], [ -46.000949145067828, -23.769915230429074 ], [ -45.99095859053039, -23.767626950293209 ], [ -45.990737523404128, -23.767578801784286 ], [ -45.988731412421728, -23.767164362151949 ], [ -45.987769197527129, -23.767011395519503 ], [ -45.983582558576948, -23.766541748444652 ], [ -45.982985467161932, -23.766491740888963 ], [ -45.981039244142991, -23.766383771569064 ], [ -45.980206719945961, -23.766370150982898 ], [ -45.979375937605077, -23.766421532810977 ], [ -45.978276215192388, -23.766532838924416 ], [ -45.978187856818764, -23.766542154747832 ], [ -45.977353311497559, -23.766633668370169 ], [ -45.976311365238686, -23.766800746641465 ], [ -45.968834186205228, -23.768385802718793 ], [ -45.968173418936978, -23.767968714765114 ], [ -45.967468893145814, -23.76756326033734 ], [ -45.966729627393633, -23.767214111097005 ], [ -45.96402282809278, -23.766066195829406 ], [ -45.963105209171552, -23.765727501538702 ], [ -45.96215522208761, -23.765475500863918 ], [ -45.961182508091724, -23.765312751348652 ], [ -45.956613974638245, -23.764765385268841 ], [ -45.955672895828663, -23.764694776768675 ], [ -45.95472880013795, -23.764707733937495 ], [ -45.95472407854853, -23.764708008233288 ], [ -45.954434020661651, -23.764686153390077 ], [ -45.954234732704876, -23.764682103815606 ], [ -45.953212938467715, -23.764613852449187 ], [ -45.94970322640156, -23.764303221448092 ], [ -45.938891367748546, -23.760313725184893 ], [ -45.906627798527552, -23.748404485285704 ], [ -45.906289978928122, -23.747885156872954 ], [ -45.905591200182776, -23.747050005124336 ], [ -45.904839173921218, -23.746252218995025 ], [ -45.90413408721259, -23.745578178681253 ], [ -45.903357029072929, -23.744974905472105 ], [ -45.902516340028022, -23.744448873939824 ], [ -45.901621043177435, -23.744005729611263 ], [ -45.900574601785472, -23.743550429648646 ], [ -45.899654628431264, -23.743201516248408 ], [ -45.898701000124511, -23.742940162840632 ], [ -45.894053110620732, -23.741899217378748 ], [ -45.892970531232351, -23.741715251775144 ], [ -45.891872379718386, -23.741644078345999 ], [ -45.890677743988597, -23.74162849777203 ], [ -45.889633009065122, -23.741666151689714 ], [ -45.888598556845537, -23.741805924564442 ], [ -45.887586132262179, -23.742046229521694 ], [ -45.886371450419702, -23.74239904822787 ], [ -45.885609081276606, -23.742652810122699 ], [ -45.884872069145636, -23.742963638934071 ], [ -45.884165444997372, -23.743329413002158 ], [ -45.878281075240231, -23.746676970408171 ], [ -45.877856188479441, -23.74668897953784 ], [ -45.876971275201441, -23.746788507497818 ], [ -45.876099826436331, -23.746961555035362 ], [ -45.875249035164053, -23.747206693860985 ], [ -45.87442592396777, -23.747521900631909 ], [ -45.87362284556977, -23.747869627019476 ], [ -45.872707832017653, -23.748321718403378 ], [ -45.871849846687255, -23.748860294099043 ], [ -45.871189264258582, -23.749377032841199 ], [ -45.864923394339648, -23.748745747253988 ], [ -45.851143390520029, -23.747355318436139 ], [ -45.848448640075311, -23.746851619360303 ], [ -45.848436921330091, -23.746849435639323 ], [ -45.844761269326753, -23.746166596948495 ], [ -45.843810277972246, -23.746034181625472 ], [ -45.842849772337303, -23.74598810537746 ], [ -45.83911593756438, -23.745977622855875 ], [ -45.83905586430955, -23.764041057542975 ], [ -45.841824794778837, -23.764048828994426 ], [ -45.844548731672745, -23.76455484598338 ], [ -45.847676320536593, -23.765139435117888 ], [ -45.848559289805038, -23.765266246216875 ], [ -45.862786246779883, -23.76670173670329 ], [ -45.871051071507047, -23.76753432794019 ], [ -45.871646292753368, -23.767577455941854 ], [ -45.872537903048389, -23.767616985264514 ], [ -45.873328958462352, -23.767652051958024 ], [ -45.874560307066908, -23.767635430049939 ], [ -45.875233046552488, -23.767587374069983 ], [ -45.876052104340729, -23.767496853777086 ], [ -45.87686000552992, -23.767343335706215 ], [ -45.8776510397864, -23.767127904980946 ], [ -45.878252424980062, -23.766938477204985 ], [ -45.879350721567349, -23.766522615178783 ], [ -45.880386383619722, -23.765987683372796 ], [ -45.881357164264891, -23.765412520861386 ], [ -45.881961508443339, -23.765102261089631 ], [ -45.882002165418115, -23.765076045405351 ], [ -45.882834461997192, -23.764986150982022 ], [ -45.883797937461054, -23.764790258640737 ], [ -45.884735164332135, -23.764506299958576 ], [ -45.88563666528583, -23.764137146464634 ], [ -45.886493324487283, -23.763686531169316 ], [ -45.887135436144405, -23.763308129621127 ], [ -45.88800632976217, -23.762730746866826 ], [ -45.888803493179886, -23.762069272426125 ], [ -45.889205252220627, -23.76169727255639 ], [ -45.891505209050592, -23.760388814332725 ], [ -45.89205876375739, -23.76098642710312 ], [ -45.892805781379018, -23.761723038600156 ], [ -45.893478493561396, -23.762325790053854 ], [ -45.89421071706829, -23.762866609134303 ], [ -45.894995748942506, -23.763340544601721 ], [ -45.895826402518658, -23.763743257502522 ], [ -45.897813049423426, -23.764597271274091 ], [ -45.898311590592598, -23.764796292384098 ], [ -45.9315871460172, -23.777079299992316 ], [ -45.943202760735737, -23.781365360426459 ], [ -45.943915064608724, -23.781599264625559 ], [ -45.944644828000193, -23.781781994377081 ], [ -45.945787401265392, -23.782024989143441 ], [ -45.947057438483249, -23.782215404780352 ], [ -45.951448694987683, -23.782604047513644 ], [ -45.951677577213992, -23.782621815982644 ], [ -45.953060633351996, -23.782714191187956 ], [ -45.953554355770699, -23.782735680143212 ], [ -45.953568036764999, -23.782735958113044 ], [ -45.954211648034558, -23.782789533646749 ], [ -45.954949692253706, -23.782781411577847 ], [ -45.957166337207219, -23.783046987364511 ], [ -45.957758685807342, -23.783298195611629 ], [ -45.959899904032781, -23.784649789313967 ], [ -45.960816357021578, -23.785162841634001 ], [ -45.961788188989338, -23.785580782440569 ], [ -45.962268044402336, -23.785758430986334 ], [ -45.962605630152702, -23.7858768130912 ], [ -45.963762392660591, -23.786260166817854 ], [ -45.964975223157516, -23.78658267461698 ], [ -45.965349094165298, -23.786658504129989 ], [ -45.966140723018086, -23.786788026045102 ], [ -45.966941217487289, -23.786857479879831 ], [ -45.967745203888853, -23.786866399430497 ], [ -45.968316791554479, -23.78685118216837 ], [ -45.969282283074769, -23.786781485158411 ], [ -45.970235607263305, -23.786624558296882 ], [ -45.980201476832491, -23.784512003350837 ], [ -45.980466030520603, -23.784482991601458 ], [ -45.980691671884301, -23.784460153350484 ], [ -45.981505232316437, -23.784505281492397 ], [ -45.984909373026056, -23.784887136197671 ], [ -45.986327863732832, -23.785180172998167 ], [ -45.995873800380657, -23.787366591800776 ], [ -46.023447775101182, -23.795613828083827 ], [ -46.02431805319091, -23.795833877545626 ], [ -46.025187202905656, -23.795976252268563 ], [ -46.025865558058712, -23.79626678493203 ], [ -46.026918652313427, -23.796651432126069 ], [ -46.054987233609346, -23.805210611664656 ], [ -46.055868006116427, -23.805437779098522 ], [ -46.057696299379536, -23.805825771292575 ], [ -46.070041082648004, -23.809536500444686 ], [ -46.070848366930782, -23.809744470737151 ], [ -46.071185802472257, -23.809803397910301 ], [ -46.071577041007792, -23.809969469320357 ], [ -46.072291957177498, -23.810212986042373 ], [ -46.08058777286881, -23.812705952842634 ], [ -46.084740528641781, -23.814057400399786 ], [ -46.085486601447094, -23.814456381081339 ], [ -46.088732696275457, -23.816571359591094 ], [ -46.089915116111676, -23.817231849406181 ], [ -46.091847824625482, -23.81814658803545 ], [ -46.092521428340753, -23.818436256844794 ], [ -46.093216934434061, -23.8186781849695 ], [ -46.102739239336557, -23.82161595363597 ], [ -46.109498523667725, -23.823701494247764 ], [ -46.110844820761535, -23.824116761877072 ], [ -46.111576613627584, -23.824313747913436 ], [ -46.112322819482053, -23.824457887480794 ], [ -46.112950645367363, -23.824555910833269 ], [ -46.113388015317206, -23.824770258096446 ], [ -46.114122133973019, -23.82509481338468 ], [ -46.114882974809774, -23.825362263965065 ], [ -46.124026583998095, -23.82818206998407 ], [ -46.124421915495802, -23.828476347576061 ], [ -46.13126393225216, -23.834873799583377 ], [ -46.132205329109659, -23.835753984319606 ], [ -46.133951387489354, -23.837386481123488 ], [ -46.134975973751374, -23.838219500991581 ], [ -46.137198951103997, -23.839787307163721 ], [ -46.137997987421485, -23.840295148769336 ], [ -46.138847668100972, -23.840727883766455 ], [ -46.140363395498667, -23.841412010298463 ], [ -46.141031689972763, -23.841685715366143 ], [ -46.141720287639025, -23.841912887248878 ], [ -46.143331599609496, -23.842382913088837 ], [ -46.144531041600423, -23.842657698333344 ], [ -46.154674270858749, -23.84436574075583 ], [ -46.158878895482751, -23.848580107554341 ], [ -46.158775878700958, -23.849005200091657 ], [ -46.15869764854142, -23.849361664501949 ], [ -46.157369440692598, -23.856111487132807 ], [ -46.157255505087228, -23.856875202706956 ], [ -46.157212800146553, -23.857645072433552 ], [ -46.157188031986351, -23.86039625406352 ], [ -46.157237776851147, -23.861381946985588 ], [ -46.157336567528063, -23.862278085249002 ], [ -46.157383713404748, -23.862634849920369 ], [ -46.157885402917778, -23.865889061826142 ], [ -46.158067074678684, -23.8667583743831 ], [ -46.158340422498533, -23.867607152901769 ], [ -46.158702821555288, -23.868427241598248 ], [ -46.15912548687588, -23.869263631954436 ], [ -46.15959101443989, -23.870074394102712 ], [ -46.160143539857621, -23.870837568564241 ], [ -46.160777368948494, -23.871545288324462 ], [ -46.161104410212815, -23.871874828004071 ], [ -46.161506075371356, -23.872256394747343 ], [ -46.162348284234312, -23.873010746485395 ], [ -46.162183282292283, -23.873740050128955 ], [ -46.162080204809399, -23.874667666785122 ], [ -46.162081690149655, -23.875600112797848 ], [ -46.162187724717477, -23.876527447478189 ], [ -46.162349767718624, -23.877472339469609 ], [ -46.162571916998886, -23.87842815827339 ], [ -46.162905101565293, -23.879356301453502 ], [ -46.163345420639857, -23.88024589635182 ], [ -46.163887718120044, -23.881086521678263 ], [ -46.164454187478825, -23.881865232757335 ], [ -46.165056964345297, -23.882608271073753 ], [ -46.165739409150135, -23.883290571814836 ], [ -46.166494331362244, -23.883904944876544 ], [ -46.167313776336648, -23.884444915900492 ], [ -46.17015470429866, -23.886120898483995 ], [ -46.171382226824093, -23.886736318157105 ], [ -46.172466955500525, -23.887191261196524 ], [ -46.173225638107908, -23.887474940158448 ], [ -46.174007390210186, -23.887699506278143 ], [ -46.176490213785648, -23.88830946933728 ], [ -46.176503702929438, -23.888315901526475 ], [ -46.177126102404983, -23.888587653414234 ], [ -46.177852336111783, -23.888876486123799 ], [ -46.179114554404066, -23.889287054254162 ], [ -46.179987222257225, -23.889510680598633 ], [ -46.180634449640849, -23.889654980383863 ], [ -46.181582562348424, -23.889835300792203 ], [ -46.182407950985912, -23.889958848184445 ], [ -46.183241778705188, -23.890017384020975 ], [ -46.190114029253714, -23.890229710904816 ], [ -46.193849889790243, -23.891822694638343 ], [ -46.194171207622439, -23.892228536428494 ], [ -46.195202800319208, -23.893402739635228 ], [ -46.195830434166311, -23.894050781489895 ], [ -46.196522822546399, -23.894640442613326 ], [ -46.19727357256766, -23.895166277979083 ], [ -46.198075752158118, -23.89562343189106 ], [ -46.198921954088412, -23.8960076828434 ], [ -46.199804364393437, -23.896315482522667 ], [ -46.20071483455979, -23.896543988590984 ], [ -46.201644956811123, -23.896691090946756 ], [ -46.202068905562825, -23.896720073197507 ], [ -46.202068637962292, -23.896722706306587 ], [ -46.202080504461293, -23.896723725779694 ], [ -46.202100883165606, -23.896787763258342 ], [ -46.202458806077544, -23.89760608480448 ], [ -46.202901851422894, -23.89838839945341 ], [ -46.203425794013114, -23.899127243957825 ], [ -46.204457773652642, -23.900437807161659 ], [ -46.205039798222018, -23.90110754987462 ], [ -46.205688279202782, -23.901723532492191 ], [ -46.206397372974777, -23.902280203472227 ], [ -46.207160689393604, -23.902772545764964 ], [ -46.207971349386092, -23.903196122050442 ], [ -46.208744311613906, -23.903556494561059 ], [ -46.209620822669528, -23.903916766299155 ], [ -46.210531407792551, -23.90419663789422 ], [ -46.211467365496929, -23.904393434939752 ], [ -46.212119798152692, -23.904500069828792 ], [ -46.21274102587639, -23.904580024652919 ], [ -46.21317381817564, -23.904807223695038 ], [ -46.213935398828674, -23.905131192352457 ], [ -46.214243460040628, -23.905247820937735 ], [ -46.214977265329246, -23.90549472584318 ], [ -46.215421523617664, -23.905626032682623 ], [ -46.216368851322784, -23.905858759333292 ], [ -46.217336699381093, -23.906003486564494 ], [ -46.218315421051727, -23.906058771929231 ], [ -46.21929526116427, -23.906024064467651 ], [ -46.220266453411355, -23.905899710198732 ], [ -46.221064816333559, -23.905759826045649 ], [ -46.221942924195581, -23.905567137698409 ], [ -46.222798077738418, -23.905301140710442 ], [ -46.223623052434434, -23.904964082391416 ], [ -46.224410878877329, -23.904558810380642 ], [ -46.225154901685372, -23.904088748574225 ], [ -46.22584883574401, -23.903557868182347 ], [ -46.22701510979573, -23.902578813554538 ], [ -46.227648968972048, -23.901995744681216 ], [ -46.228222349410991, -23.901361960866389 ], [ -46.228730473473995, -23.900682744120086 ], [ -46.22916910757403, -23.899963754999877 ], [ -46.229494569888836, -23.899368069957969 ], [ -46.229780943382615, -23.898771057082005 ], [ -46.231925770382645, -23.898756324160097 ], [ -46.233421276123721, -23.89887777651975 ], [ -46.233537856663261, -23.89890148932605 ], [ -46.236300386334406, -23.899661933368037 ], [ -46.236952854000876, -23.901286963180983 ], [ -46.2372658267955, -23.90197705832254 ], [ -46.237502199893719, -23.902442949975988 ], [ -46.237994473387701, -23.903291970251189 ], [ -46.238582206178577, -23.90408801960395 ], [ -46.239026173982317, -23.904625338336547 ], [ -46.239027370598343, -23.904624502621402 ], [ -46.239401667199203, -23.905083712175649 ], [ -46.240053111106619, -23.905737856886891 ], [ -46.240771214462171, -23.906330094211519 ], [ -46.241525538780259, -23.906893261157204 ], [ -46.242192838535203, -23.907349743793393 ], [ -46.242899756818332, -23.907752685339879 ], [ -46.243641224327121, -23.908099196170959 ], [ -46.244510039528301, -23.908463518072693 ], [ -46.24525502149411, -23.908742621025702 ], [ -46.246022349965074, -23.908964740427791 ], [ -46.246806877431077, -23.909128386245609 ], [ -46.247561356622903, -23.909256145494016 ], [ -46.248340989950258, -23.90935864651285 ], [ -46.249127049982626, -23.909403394321263 ], [ -46.249787417937149, -23.909416593910443 ], [ -46.250907490904673, -23.909380180617923 ], [ -46.251509687938714, -23.909328861279089 ], [ -46.252417128197159, -23.90921206715581 ], [ -46.253308780198772, -23.909018041808565 ], [ -46.260998511806491, -23.906992023355006 ], [ -46.262295905654057, -23.906557328284276 ], [ -46.263405062628479, -23.906102149259503 ], [ -46.264144910081761, -23.905763517043344 ], [ -46.264851170656847, -23.905368900816097 ], [ -46.265132763811209, -23.905196242551149 ], [ -46.265927075905644, -23.904654158715871 ], [ -46.266297734144295, -23.90434342799016 ], [ -46.268082839166446, -23.911453013851034 ], [ -46.268193621985304, -23.911852387116095 ], [ -46.268434618384504, -23.9126451553525 ], [ -46.268680385494008, -23.913342943574854 ], [ -46.268986942674395, -23.914020094258749 ], [ -46.269332632969999, -23.914703974859393 ], [ -46.269811276355405, -23.915534746464111 ], [ -46.270381283650316, -23.916315269369356 ], [ -46.270597998698015, -23.916581003802129 ], [ -46.270918030858866, -23.91698486687164 ], [ -46.271482729698548, -23.917632675459682 ], [ -46.272109759623206, -23.918230074128349 ], [ -46.272662610140678, -23.918710498128036 ], [ -46.273247742981887, -23.919180121420094 ], [ -46.273871414092973, -23.919605775132897 ], [ -46.274482012703999, -23.919989034432803 ], [ -46.275571287982856, -23.92058194673454 ], [ -46.276125324616523, -23.920840736686891 ], [ -46.276891262528167, -23.921161328805923 ], [ -46.277684243083506, -23.92142047617935 ], [ -46.27849844528663, -23.921616276509418 ], [ -46.278898562885253, -23.921695833640406 ], [ -46.281558464014552, -23.922267709523851 ], [ -46.281627550837975, -23.922329130093292 ], [ -46.282274501942005, -23.922813710935635 ], [ -46.282500544831066, -23.922968814067399 ], [ -46.28323579887401, -23.923427234809214 ], [ -46.284013104596319, -23.923822716746972 ], [ -46.284826103929944, -23.924152024881032 ], [ -46.285668146676358, -23.924412465499223 ], [ -46.285818726904651, -23.924452168791785 ], [ -46.286632385064109, -23.924632604246906 ], [ -46.287459800222209, -23.924748714076294 ], [ -46.288294964943411, -23.924799655319074 ], [ -46.288447718731682, -23.92480297560455 ], [ -46.289502865273604, -23.924773757371113 ], [ -46.290548507617807, -23.924640629776025 ], [ -46.291572570012285, -23.924405130371976 ], [ -46.292563226101052, -23.924069978951245 ], [ -46.292731923552672, -23.924003240496944 ], [ -46.293447423576502, -23.923688117300536 ], [ -46.294132923256612, -23.923320944887887 ], [ -46.294541525506752, -23.923081260338421 ], [ -46.294536099308175, -23.923073443866567 ], [ -46.294789357264605, -23.922930990170514 ], [ -46.295558401636505, -23.922396574841819 ], [ -46.296266752483604, -23.921795437733682 ], [ -46.296907587936488, -23.921133369001126 ], [ -46.297474736713724, -23.92041674558455 ], [ -46.297962737542584, -23.919652469763356 ], [ -46.298366891727831, -23.918847902652335 ], [ -46.298683308363557, -23.918010793282374 ], [ -46.298908941753893, -23.917149203949673 ], [ -46.299041620684392, -23.916271432553145 ], [ -46.299080069264427, -23.915385932668737 ], [ -46.299023919142392, -23.914501232130867 ], [ -46.298873712978995, -23.913625850905287 ], [ -46.298630899147994, -23.912768219044203 ], [ -46.298297817718179, -23.911936595513726 ], [ -46.297877677854252, -23.911138988674612 ], [ -46.297374526856771, -23.910383079181535 ], [ -46.296793211141299, -23.9096761460425 ], [ -46.296139329534235, -23.909024996549203 ], [ -46.295419179336243, -23.90843590075221 ], [ -46.294639695673425, -23.907914531110546 ], [ -46.293808384720379, -23.907465907895638 ], [ -46.292933251437745, -23.907094350874228 ], [ -46.292467401107267, -23.906945512978439 ], [ -46.292340813057784, -23.906863038152441 ] ] ] ] } }
]
}
