{
"type": "FeatureCollection",
"name": "ua_hidro",
"crs": { "type": "name", "properties": { "name": "urn:ogc:def:crs:OGC:1.3:CRS84" } },
"features": [
{ "type": "Feature", "properties": { "ua_id": "UA-R1-BER-10K-001", "regiao_id": 1, "regiao_nome": "Mogi-Bertioga", "sigla_rodovia": "SP-098", "escala": "10K", "tipo": "UTB", "extensao_km": 0.5056, "ordem_no_grupo": 1, "km_inicial": 82.4, "km_final": 83.115, "subtrecho_der": "098SPE2328", "municipio": "Bertioga", "regional": "Cubatão", "residencia_dr": "DR 05", "uba_nome": "Cubatão", "uba_codigo": "RC 05.04", "jurisdicao": "Estadual", "conservado_por": "Novo Litoral", "centroide_lon": -46.036982, "centroide_lat": -23.723444, "buffer_lateral_m": 1000, "icc_hid_thresholds": "110;160;200;280", "trecho_critico_hid": false, "RAHID": 1, "hazard": "hidro" }, "geometry": { "type": "LineString", "coordinates": [ [ -46.037508237011622, -23.721393939453037, 0.0 ], [ -46.037002763763731, -23.722079291154952, 0.0 ], [ -46.037312518046434, -23.723182291426554, 0.0 ], [ -46.036572384722668, -23.724379641602923, 0.0 ], [ -46.036782710355617, -23.725585289576919, 0.0 ] ] } },
{ "type": "Feature", "properties": { "ua_id": "UA-R1-BER-10K-002", "regiao_id": 1, "regiao_nome": "Mogi-Bertioga", "sigla_rodovia": "SP-098", "escala": "10K", "tipo": "UTB", "extensao_km": 0.5056, "ordem_no_grupo": 2, "km_inicial": 83.115, "km_final": 83.83, "subtrecho_der": "098SPE2328", "municipio": "Bertioga", "regional": "Cubatão", "residencia_dr": "DR 05", "uba_nome": "Cubatão", "uba_codigo": "RC 05.04", "jurisdicao": "Estadual", "conservado_por": "Novo Litoral", "centroide_lon": -46.036527, "centroide_lat": -23.727764, "buffer_lateral_m": 1000, "icc_hid_thresholds": "110;160;200;280", "trecho_critico_hid": false, "RAHID": 1, "hazard": "hidro" }, "geometry": { "type": "LineString", "coordinates": [ [ -46.036782710355617, -23.725585289576919, 0.0 ], [ -46.036923694119658, -23.726393435516897, 0.0 ], [ -46.036445847077829, -23.727075850954051, 0.0 ], [ -46.036338143886653, -23.730010207084533, 0.0 ] ] } },
{ "type": "Feature", "properties": { "ua_id": "UA-R1-BER-10K-003", "regiao_id": 1, "regiao_nome": "Mogi-Bertioga", "sigla_rodovia": "SP-098", "escala": "10K", "tipo": "UTB", "extensao_km": 0.5056, "ordem_no_grupo": 3, "km_inicial": 83.83, "km_final": 84.545, "subtrecho_der": "098SPE2328", "municipio": "Bertioga", "regional": "Cubatão", "residencia_dr": "DR 05", "uba_nome": "Cubatão", "uba_codigo": "RC 05.04", "jurisdicao": "Estadual", "conservado_por": "Novo Litoral", "centroide_lon": -46.036118, "centroide_lat": -23.732166, "buffer_lateral_m": 1000, "icc_hid_thresholds": "110;160;200;280", "trecho_critico_hid": false, "RAHID": 1, "hazard": "hidro" }, "geometry": { "type": "LineString", "coordinates": [ [ -46.036338143886653, -23.730010207084533, 0.0 ], [ -46.036288042039089, -23.731375203810547, 0.0 ], [ -46.035815083758891, -23.73196098657667, 0.0 ], [ -46.035746042430809, -23.732672369613933, 0.0 ], [ -46.036110613085008, -23.733633762274504, 0.0 ], [ -46.036709405431353, -23.734124893244143, 0.0 ] ] } },
{ "type": "Feature", "properties": { "ua_id": "UA-R1-BER-10K-004", "regiao_id": 1, "regiao_nome": "Mogi-Bertioga", "sigla_rodovia": "SP-098", "escala": "10K", "tipo": "UTB", "extensao_km": 0.5056, "ordem_no_grupo": 4, "km_inicial": 84.545, "km_final": 85.26, "subtrecho_der": "098SPE2328", "municipio": "Bertioga", "regional": "Cubatão", "residencia_dr": "DR 05", "uba_nome": "Cubatão", "uba_codigo": "RC 05.04", "jurisdicao": "Estadual", "conservado_por": "Novo Litoral", "centroide_lon": -46.038065, "centroide_lat": -23.735972, "buffer_lateral_m": 1000, "icc_hid_thresholds": "110;160;200;280", "trecho_critico_hid": false, "RAHID": 1, "hazard": "hidro" }, "geometry": { "type": "LineString", "coordinates": [ [ -46.036709405431353, -23.734124893244143, 0.0 ], [ -46.037527731879436, -23.734796076647083, 0.0 ], [ -46.038868772346603, -23.737315258959466, 0.0 ], [ -46.038802949202726, -23.73806488753403, 0.0 ] ] } },
{ "type": "Feature", "properties": { "ua_id": "UA-R1-BER-10K-005", "regiao_id": 1, "regiao_nome": "Mogi-Bertioga", "sigla_rodovia": "SP-098", "escala": "10K", "tipo": "UTB", "extensao_km": 0.5056, "ordem_no_grupo": 5, "km_inicial": 85.26, "km_final": 85.975, "subtrecho_der": "098SPE2328", "municipio": "Bertioga", "regional": "Cubatão", "residencia_dr": "DR 05", "uba_nome": "Cubatão", "uba_codigo": "RC 05.04", "jurisdicao": "Estadual", "conservado_por": "Novo Litoral", "centroide_lon": -46.039074, "centroide_lat": -23.73999, "buffer_lateral_m": 1000, "icc_hid_thresholds": "110;160;200;280", "trecho_critico_hid": false, "RAHID": 1, "hazard": "hidro" }, "geometry": { "type": "LineString", "coordinates": [ [ -46.038802949202726, -23.73806488753403, 0.0 ], [ -46.038774912542642, -23.738384181741413, 0.0 ], [ -46.038419798697632, -23.739259449366148, 0.0 ], [ -46.03841294134736, -23.740110360705614, 0.0 ], [ -46.039190919748108, -23.74072152933973, 0.0 ], [ -46.040736995228144, -23.741253381122213, 0.0 ] ] } },
{ "type": "Feature", "properties": { "ua_id": "UA-R1-BER-10K-006", "regiao_id": 1, "regiao_nome": "Mogi-Bertioga", "sigla_rodovia": "SP-098", "escala": "10K", "tipo": "UTB", "extensao_km": 0.2882, "ordem_no_grupo": 6, "km_inicial": 94.117, "km_final": 94.525, "subtrecho_der": "098SPE2328", "municipio": "Bertioga", "regional": "Cubatão", "residencia_dr": "DR 05", "uba_nome": "Cubatão", "uba_codigo": "RC 05.04", "jurisdicao": "Estadual", "conservado_por": "Novo Litoral", "centroide_lon": -46.049809, "centroide_lat": -23.77589, "buffer_lateral_m": 1000, "icc_hid_thresholds": "110;160;200;280", "trecho_critico_hid": false, "RAHID": 1, "hazard": "hidro" }, "geometry": { "type": "LineString", "coordinates": [ [ -46.048756951646233, -23.775033269741893, 0.0 ], [ -46.049600833877733, -23.775840960264055, 0.0 ], [ -46.050968885234532, -23.776622819915019, 0.0 ] ] } },
{ "type": "Feature", "properties": { "ua_id": "UA-R1-BER-10K-007", "regiao_id": 1, "regiao_nome": "Mogi-Bertioga", "sigla_rodovia": "SP-098", "escala": "10K", "tipo": "UTB", "extensao_km": 0.5056, "ordem_no_grupo": 7, "km_inicial": 94.525, "km_final": 95.24, "subtrecho_der": "098SPE2328", "municipio": "Bertioga", "regional": "Cubatão", "residencia_dr": "DR 05", "uba_nome": "Cubatão", "uba_codigo": "RC 05.04", "jurisdicao": "Estadual", "conservado_por": "Novo Litoral", "centroide_lon": -46.052844, "centroide_lat": -23.778109, "buffer_lateral_m": 1000, "icc_hid_thresholds": "110;160;200;280", "trecho_critico_hid": false, "RAHID": 1, "hazard": "hidro" }, "geometry": { "type": "LineString", "coordinates": [ [ -46.050968885234532, -23.776622819915019, 0.0 ], [ -46.051021178323694, -23.776652705679421, 0.0 ], [ -46.05327807338923, -23.778552231763662, 0.0 ], [ -46.054690900463171, -23.779359085745725, 0.0 ], [ -46.05482193212768, -23.779471645425936, 0.0 ] ] } },
{ "type": "Feature", "properties": { "ua_id": "UA-R1-BER-10K-008", "regiao_id": 1, "regiao_nome": "Mogi-Bertioga", "sigla_rodovia": "SP-098", "escala": "10K", "tipo": "UTB", "extensao_km": 0.5056, "ordem_no_grupo": 8, "km_inicial": 95.24, "km_final": 95.955, "subtrecho_der": "098SPE2328", "municipio": "Bertioga", "regional": "Cubatão", "residencia_dr": "DR 05", "uba_nome": "Cubatão", "uba_codigo": "RC 05.04", "jurisdicao": "Estadual", "conservado_por": "Novo Litoral", "centroide_lon": -46.056538, "centroide_lat": -23.7811, "buffer_lateral_m": 1000, "icc_hid_thresholds": "110;160;200;280", "trecho_critico_hid": false, "RAHID": 1, "hazard": "hidro" }, "geometry": { "type": "LineString", "coordinates": [ [ -46.05482193212768, -23.779471645425936, 0.0 ], [ -46.056732734492833, -23.781113039718367, 0.0 ], [ -46.057544462563641, -23.782076656745524, 0.0 ], [ -46.057861815451069, -23.78297191718044, 0.0 ] ] } },
{ "type": "Feature", "properties": { "ua_id": "UA-R1-BER-10K-009", "regiao_id": 1, "regiao_nome": "Mogi-Bertioga", "sigla_rodovia": "SP-098", "escala": "10K", "tipo": "UTB", "extensao_km": 0.5056, "ordem_no_grupo": 9, "km_inicial": 95.955, "km_final": 96.67, "subtrecho_der": "098SPE2328", "municipio": "Bertioga", "regional": "Cubatão", "residencia_dr": "DR 05", "uba_nome": "Cubatão", "uba_codigo": "RC 05.04", "jurisdicao": "Estadual", "conservado_por": "Novo Litoral", "centroide_lon": -46.057908, "centroide_lat": -23.785238, "buffer_lateral_m": 1000, "icc_hid_thresholds": "110;160;200;280", "trecho_critico_hid": false, "RAHID": 1, "hazard": "hidro" }, "geometry": { "type": "LineString", "coordinates": [ [ -46.057861815451069, -23.78297191718044, 0.0 ], [ -46.057977771748888, -23.783299029350268, 0.0 ], [ -46.057836974595645, -23.787498071656088, 0.0 ], [ -46.057837156439085, -23.787519355732996, 0.0 ] ] } },
{ "type": "Feature", "properties": { "ua_id": "UA-R1-BER-10K-010", "regiao_id": 1, "regiao_nome": "Mogi-Bertioga", "sigla_rodovia": "SP-098", "escala": "10K", "tipo": "UTB", "extensao_km": 0.5056, "ordem_no_grupo": 10, "km_inicial": 96.67, "km_final": 97.385, "subtrecho_der": "098SPE2328", "municipio": "Bertioga", "regional": "Cubatão", "residencia_dr": "DR 05", "uba_nome": "Cubatão", "uba_codigo": "RC 05.04", "jurisdicao": "Estadual", "conservado_por": "Novo Litoral", "centroide_lon": -46.057857, "centroide_lat": -23.789802, "buffer_lateral_m": 1000, "icc_hid_thresholds": "110;160;200;280", "trecho_critico_hid": false, "RAHID": 1, "hazard": "hidro" }, "geometry": { "type": "LineString", "coordinates": [ [ -46.057837156439085, -23.787519355732996, 0.0 ], [ -46.057876173637624, -23.792085614445, 0.0 ] ] } },
{ "type": "Feature", "properties": { "ua_id": "UA-R1-BER-10K-011", "regiao_id": 1, "regiao_nome": "Mogi-Bertioga", "sigla_rodovia": "SP-098", "escala": "10K", "tipo": "UTB", "extensao_km": 0.5056, "ordem_no_grupo": 11, "km_inicial": 97.385, "km_final": 98.1, "subtrecho_der": "098SPE2328", "municipio": "Bertioga", "regional": "Cubatão", "residencia_dr": "DR 05", "uba_nome": "Cubatão", "uba_codigo": "RC 05.04", "jurisdicao": "Estadual", "conservado_por": "Novo Litoral", "centroide_lon": -46.057914, "centroide_lat": -23.794368, "buffer_lateral_m": 1000, "icc_hid_thresholds": "110;160;200;280", "trecho_critico_hid": false, "RAHID": 1, "hazard": "hidro" }, "geometry": { "type": "LineString", "coordinates": [ [ -46.057876173637624, -23.792085614445, 0.0 ], [ -46.057897978403901, -23.794636987985005, 0.0 ], [ -46.057962540675597, -23.79624711639519, 0.0 ], [ -46.058073981528359, -23.796637597584073, 0.0 ] ] } },
{ "type": "Feature", "properties": { "ua_id": "UA-R1-BER-1K-001", "regiao_id": 1, "regiao_nome": "Mogi-Bertioga", "sigla_rodovia": "SP-098", "escala": "1K", "tipo": "SR", "extensao_km": 0.1731, "ordem_no_grupo": 1, "km_inicial": 86.283, "km_final": 86.528, "subtrecho_der": "098SPE2328", "municipio": "Bertioga", "regional": "Cubatão", "residencia_dr": "DR 05", "uba_nome": "Cubatão", "uba_codigo": "RC 05.04", "jurisdicao": "Estadual", "conservado_por": "Novo Litoral", "centroide_lon": -46.043137, "centroide_lat": -23.742719, "buffer_lateral_m": 1000, "icc_hid_thresholds": "110;160;200;280", "trecho_critico_hid": false, "RAHID": 0, "hazard": "hidro" }, "geometry": { "type": "LineString", "coordinates": [ [ -46.042633604909078, -23.742109146524548, 0.0 ], [ -46.042910505264459, -23.742306497698316, 0.0 ], [ -46.043552676838473, -23.743397868467568, 0.0 ] ] } },
{ "type": "Feature", "properties": { "ua_id": "UA-R1-BER-1K-002", "regiao_id": 1, "regiao_nome": "Mogi-Bertioga", "sigla_rodovia": "SP-098", "escala": "1K", "tipo": "SR", "extensao_km": 0.1731, "ordem_no_grupo": 2, "km_inicial": 86.528, "km_final": 86.772, "subtrecho_der": "098SPE2328", "municipio": "Bertioga", "regional": "Cubatão", "residencia_dr": "DR 05", "uba_nome": "Cubatão", "uba_codigo": "RC 05.04", "jurisdicao": "Estadual", "conservado_por": "Novo Litoral", "centroide_lon": -46.043994, "centroide_lat": -23.744062, "buffer_lateral_m": 1000, "icc_hid_thresholds": "110;160;200;280", "trecho_critico_hid": false, "RAHID": 0, "hazard": "hidro" }, "geometry": { "type": "LineString", "coordinates": [ [ -46.043552676838473, -23.743397868467568, 0.0 ], [ -46.043942809711908, -23.744060888731283, 0.0 ], [ -46.044505523149716, -23.744682981919127, 0.0 ] ] } },
{ "type": "Feature", "properties": { "ua_id": "UA-R1-BER-1K-003", "regiao_id": 1, "regiao_nome": "Mogi-Bertioga", "sigla_rodovia": "SP-098", "escala": "1K", "tipo": "SR", "extensao_km": 0.1731, "ordem_no_grupo": 3, "km_inicial": 86.772, "km_final": 87.017, "subtrecho_der": "098SPE2328", "municipio": "Bertioga", "regional": "Cubatão", "residencia_dr": "DR 05", "uba_nome": "Cubatão", "uba_codigo": "RC 05.04", "jurisdicao": "Estadual", "conservado_por": "Novo Litoral", "centroide_lon": -46.045262, "centroide_lat": -23.745011, "buffer_lateral_m": 1000, "icc_hid_thresholds": "110;160;200;280", "trecho_critico_hid": false, "RAHID": 0, "hazard": "hidro" }, "geometry": { "type": "LineString", "coordinates": [ [ -46.044505523149716, -23.744682981919127, 0.0 ], [ -46.044585100306058, -23.744770955707207, 0.0 ], [ -46.046052803221485, -23.745294868961967, 0.0 ] ] } },
{ "type": "Feature", "properties": { "ua_id": "UA-R1-BER-1K-004", "regiao_id": 1, "regiao_nome": "Mogi-Bertioga", "sigla_rodovia": "SP-098", "escala": "1K", "tipo": "SR", "extensao_km": 0.1731, "ordem_no_grupo": 4, "km_inicial": 87.017, "km_final": 87.262, "subtrecho_der": "098SPE2328", "municipio": "Bertioga", "regional": "Cubatão", "residencia_dr": "DR 05", "uba_nome": "Cubatão", "uba_codigo": "RC 05.04", "jurisdicao": "Estadual", "conservado_por": "Novo Litoral", "centroide_lon": -46.046668, "centroide_lat": -23.745753, "buffer_lateral_m": 1000, "icc_hid_thresholds": "110;160;200;280", "trecho_critico_hid": false, "RAHID": 0, "hazard": "hidro" }, "geometry": { "type": "LineString", "coordinates": [ [ -46.046052803221485, -23.745294868961967, 0.0 ], [ -46.046274319535527, -23.745373940132122, 0.0 ], [ -46.046917097828022, -23.74578711212871, 0.0 ], [ -46.046942311918059, -23.7464098575166, 0.0 ] ] } },
{ "type": "Feature", "properties": { "ua_id": "UA-R1-BER-1K-005", "regiao_id": 1, "regiao_nome": "Mogi-Bertioga", "sigla_rodovia": "SP-098", "escala": "1K", "tipo": "SR", "extensao_km": 0.1731, "ordem_no_grupo": 5, "km_inicial": 87.262, "km_final": 87.507, "subtrecho_der": "098SPE2328", "municipio": "Bertioga", "regional": "Cubatão", "residencia_dr": "DR 05", "uba_nome": "Cubatão", "uba_codigo": "RC 05.04", "jurisdicao": "Estadual", "conservado_por": "Novo Litoral", "centroide_lon": -46.046824, "centroide_lat": -23.747182, "buffer_lateral_m": 1000, "icc_hid_thresholds": "110;160;200;280", "trecho_critico_hid": false, "RAHID": 0, "hazard": "hidro" }, "geometry": { "type": "LineString", "coordinates": [ [ -46.046942311918059, -23.7464098575166, 0.0 ], [ -46.046947632806038, -23.746541273299883, 0.0 ], [ -46.046678238760812, -23.747951678914959, 0.0 ] ] } },
{ "type": "Feature", "properties": { "ua_id": "UA-R1-BER-1K-006", "regiao_id": 1, "regiao_nome": "Mogi-Bertioga", "sigla_rodovia": "SP-098", "escala": "1K", "tipo": "SR", "extensao_km": 0.1731, "ordem_no_grupo": 6, "km_inicial": 87.507, "km_final": 87.752, "subtrecho_der": "098SPE2328", "municipio": "Bertioga", "regional": "Cubatão", "residencia_dr": "DR 05", "uba_nome": "Cubatão", "uba_codigo": "RC 05.04", "jurisdicao": "Estadual", "conservado_por": "Novo Litoral", "centroide_lon": -46.046151, "centroide_lat": -23.748515, "buffer_lateral_m": 1000, "icc_hid_thresholds": "110;160;200;280", "trecho_critico_hid": false, "RAHID": 0, "hazard": "hidro" }, "geometry": { "type": "LineString", "coordinates": [ [ -46.046678238760812, -23.747951678914959, 0.0 ], [ -46.046647129276451, -23.748114550038096, 0.0 ], [ -46.046060908458522, -23.74868829638104, 0.0 ], [ -46.045438066214324, -23.748898224880833, 0.0 ] ] } },
{ "type": "Feature", "properties": { "ua_id": "UA-R1-BER-1K-007", "regiao_id": 1, "regiao_nome": "Mogi-Bertioga", "sigla_rodovia": "SP-098", "escala": "1K", "tipo": "SR", "extensao_km": 0.1731, "ordem_no_grupo": 7, "km_inicial": 87.752, "km_final": 87.997, "subtrecho_der": "098SPE2328", "municipio": "Bertioga", "regional": "Cubatão", "residencia_dr": "DR 05", "uba_nome": "Cubatão", "uba_codigo": "RC 05.04", "jurisdicao": "Estadual", "conservado_por": "Novo Litoral", "centroide_lon": -46.044649, "centroide_lat": -23.749182, "buffer_lateral_m": 1000, "icc_hid_thresholds": "110;160;200;280", "trecho_critico_hid": false, "RAHID": 0, "hazard": "hidro" }, "geometry": { "type": "LineString", "coordinates": [ [ -46.045438066214324, -23.748898224880833, 0.0 ], [ -46.044304499128273, -23.749280284713375, 0.0 ], [ -46.043901154655764, -23.749538727250791, 0.0 ] ] } },
{ "type": "Feature", "properties": { "ua_id": "UA-R1-BER-1K-008", "regiao_id": 1, "regiao_nome": "Mogi-Bertioga", "sigla_rodovia": "SP-098", "escala": "1K", "tipo": "SR", "extensao_km": 0.1731, "ordem_no_grupo": 8, "km_inicial": 87.997, "km_final": 88.241, "subtrecho_der": "098SPE2328", "municipio": "Bertioga", "regional": "Cubatão", "residencia_dr": "DR 05", "uba_nome": "Cubatão", "uba_codigo": "RC 05.04", "jurisdicao": "Estadual", "conservado_por": "Novo Litoral", "centroide_lon": -46.043392, "centroide_lat": -23.750138, "buffer_lateral_m": 1000, "icc_hid_thresholds": "110;160;200;280", "trecho_critico_hid": false, "RAHID": 0, "hazard": "hidro" }, "geometry": { "type": "LineString", "coordinates": [ [ -46.043901154655764, -23.749538727250791, 0.0 ], [ -46.043603068614118, -23.749729724250589, 0.0 ], [ -46.042985417755013, -23.75081957910901, 0.0 ] ] } },
{ "type": "Feature", "properties": { "ua_id": "UA-R1-BER-1K-009", "regiao_id": 1, "regiao_nome": "Mogi-Bertioga", "sigla_rodovia": "SP-098", "escala": "1K", "tipo": "SR", "extensao_km": 0.1731, "ordem_no_grupo": 9, "km_inicial": 88.241, "km_final": 88.486, "subtrecho_der": "098SPE2328", "municipio": "Bertioga", "regional": "Cubatão", "residencia_dr": "DR 05", "uba_nome": "Cubatão", "uba_codigo": "RC 05.04", "jurisdicao": "Estadual", "conservado_por": "Novo Litoral", "centroide_lon": -46.042389, "centroide_lat": -23.751286, "buffer_lateral_m": 1000, "icc_hid_thresholds": "110;160;200;280", "trecho_critico_hid": false, "RAHID": 0, "hazard": "hidro" }, "geometry": { "type": "LineString", "coordinates": [ [ -46.042985417755013, -23.75081957910901, 0.0 ], [ -46.042905957630424, -23.750959786328242, 0.0 ], [ -46.042370931348493, -23.751483206093326, 0.0 ], [ -46.041629387462649, -23.751407724309832, 0.0 ] ] } },
{ "type": "Feature", "properties": { "ua_id": "UA-R1-BER-1K-010", "regiao_id": 1, "regiao_nome": "Mogi-Bertioga", "sigla_rodovia": "SP-098", "escala": "1K", "tipo": "SR", "extensao_km": 0.1731, "ordem_no_grupo": 10, "km_inicial": 88.486, "km_final": 88.731, "subtrecho_der": "098SPE2328", "municipio": "Bertioga", "regional": "Cubatão", "residencia_dr": "DR 05", "uba_nome": "Cubatão", "uba_codigo": "RC 05.04", "jurisdicao": "Estadual", "conservado_por": "Novo Litoral", "centroide_lon": -46.040978, "centroide_lat": -23.750977, "buffer_lateral_m": 1000, "icc_hid_thresholds": "110;160;200;280", "trecho_critico_hid": false, "RAHID": 0, "hazard": "hidro" }, "geometry": { "type": "LineString", "coordinates": [ [ -46.041629387462649, -23.751407724309832, 0.0 ], [ -46.041432644998729, -23.751387697271429, 0.0 ], [ -46.040685822318594, -23.750828349263994, 0.0 ], [ -46.040574897430098, -23.750343887660247, 0.0 ] ] } },
{ "type": "Feature", "properties": { "ua_id": "UA-R1-BER-1K-011", "regiao_id": 1, "regiao_nome": "Mogi-Bertioga", "sigla_rodovia": "SP-098", "escala": "1K", "tipo": "SR", "extensao_km": 0.1731, "ordem_no_grupo": 11, "km_inicial": 88.731, "km_final": 88.976, "subtrecho_der": "098SPE2328", "municipio": "Bertioga", "regional": "Cubatão", "residencia_dr": "DR 05", "uba_nome": "Cubatão", "uba_codigo": "RC 05.04", "jurisdicao": "Estadual", "conservado_por": "Novo Litoral", "centroide_lon": -46.040368, "centroide_lat": -23.749602, "buffer_lateral_m": 1000, "icc_hid_thresholds": "110;160;200;280", "trecho_critico_hid": false, "RAHID": 0, "hazard": "hidro" }, "geometry": { "type": "LineString", "coordinates": [ [ -46.040574897430098, -23.750343887660247, 0.0 ], [ -46.040305935200102, -23.749169185279737, 0.0 ], [ -46.039949768634031, -23.749013251431098, 0.0 ] ] } },
{ "type": "Feature", "properties": { "ua_id": "UA-R1-BER-1K-012", "regiao_id": 1, "regiao_nome": "Mogi-Bertioga", "sigla_rodovia": "SP-098", "escala": "1K", "tipo": "SR", "extensao_km": 0.1731, "ordem_no_grupo": 12, "km_inicial": 88.976, "km_final": 89.221, "subtrecho_der": "098SPE2328", "municipio": "Bertioga", "regional": "Cubatão", "residencia_dr": "DR 05", "uba_nome": "Cubatão", "uba_codigo": "RC 05.04", "jurisdicao": "Estadual", "conservado_por": "Novo Litoral", "centroide_lon": -46.039241, "centroide_lat": -23.74907, "buffer_lateral_m": 1000, "icc_hid_thresholds": "110;160;200;280", "trecho_critico_hid": false, "RAHID": 0, "hazard": "hidro" }, "geometry": { "type": "LineString", "coordinates": [ [ -46.039949768634031, -23.749013251431098, 0.0 ], [ -46.039491699807122, -23.748812701807893, 0.0 ], [ -46.03877910678618, -23.749251669625551, 0.0 ], [ -46.03879058024949, -23.749558860741523, 0.0 ] ] } },
{ "type": "Feature", "properties": { "ua_id": "UA-R1-BER-1K-013", "regiao_id": 1, "regiao_nome": "Mogi-Bertioga", "sigla_rodovia": "SP-098", "escala": "1K", "tipo": "SR", "extensao_km": 0.1731, "ordem_no_grupo": 13, "km_inicial": 89.221, "km_final": 89.466, "subtrecho_der": "098SPE2328", "municipio": "Bertioga", "regional": "Cubatão", "residencia_dr": "DR 05", "uba_nome": "Cubatão", "uba_codigo": "RC 05.04", "jurisdicao": "Estadual", "conservado_por": "Novo Litoral", "centroide_lon": -46.038889, "centroide_lat": -23.750332, "buffer_lateral_m": 1000, "icc_hid_thresholds": "110;160;200;280", "trecho_critico_hid": false, "RAHID": 0, "hazard": "hidro" }, "geometry": { "type": "LineString", "coordinates": [ [ -46.03879058024949, -23.749558860741523, 0.0 ], [ -46.03881113036978, -23.750109065128331, 0.0 ], [ -46.039063725895829, -23.751095041154951, 0.0 ] ] } },
{ "type": "Feature", "properties": { "ua_id": "UA-R1-BER-1K-014", "regiao_id": 1, "regiao_nome": "Mogi-Bertioga", "sigla_rodovia": "SP-098", "escala": "1K", "tipo": "SR", "extensao_km": 0.1731, "ordem_no_grupo": 14, "km_inicial": 89.466, "km_final": 89.71, "subtrecho_der": "098SPE2328", "municipio": "Bertioga", "regional": "Cubatão", "residencia_dr": "DR 05", "uba_nome": "Cubatão", "uba_codigo": "RC 05.04", "jurisdicao": "Estadual", "conservado_por": "Novo Litoral", "centroide_lon": -46.039259, "centroide_lat": -23.751856, "buffer_lateral_m": 1000, "icc_hid_thresholds": "110;160;200;280", "trecho_critico_hid": false, "RAHID": 0, "hazard": "hidro" }, "geometry": { "type": "LineString", "coordinates": [ [ -46.039063725895829, -23.751095041154951, 0.0 ], [ -46.039453603466939, -23.752616848326525, 0.0 ] ] } },
{ "type": "Feature", "properties": { "ua_id": "UA-R1-BER-1K-015", "regiao_id": 1, "regiao_nome": "Mogi-Bertioga", "sigla_rodovia": "SP-098", "escala": "1K", "tipo": "SR", "extensao_km": 0.1731, "ordem_no_grupo": 15, "km_inicial": 89.71, "km_final": 89.955, "subtrecho_der": "098SPE2328", "municipio": "Bertioga", "regional": "Cubatão", "residencia_dr": "DR 05", "uba_nome": "Cubatão", "uba_codigo": "RC 05.04", "jurisdicao": "Estadual", "conservado_por": "Novo Litoral", "centroide_lon": -46.039612, "centroide_lat": -23.753382, "buffer_lateral_m": 1000, "icc_hid_thresholds": "110;160;200;280", "trecho_critico_hid": false, "RAHID": 0, "hazard": "hidro" }, "geometry": { "type": "LineString", "coordinates": [ [ -46.039453603466939, -23.752616848326525, 0.0 ], [ -46.039659669931424, -23.753421170502374, 0.0 ], [ -46.03968726001753, -23.754157896789163, 0.0 ] ] } },
{ "type": "Feature", "properties": { "ua_id": "UA-R1-BER-1K-016", "regiao_id": 1, "regiao_nome": "Mogi-Bertioga", "sigla_rodovia": "SP-098", "escala": "1K", "tipo": "SR", "extensao_km": 0.1731, "ordem_no_grupo": 16, "km_inicial": 89.955, "km_final": 90.2, "subtrecho_der": "098SPE2328", "municipio": "Bertioga", "regional": "Cubatão", "residencia_dr": "DR 05", "uba_nome": "Cubatão", "uba_codigo": "RC 05.04", "jurisdicao": "Estadual", "conservado_por": "Novo Litoral", "centroide_lon": -46.039525, "centroide_lat": -23.754917, "buffer_lateral_m": 1000, "icc_hid_thresholds": "110;160;200;280", "trecho_critico_hid": false, "RAHID": 0, "hazard": "hidro" }, "geometry": { "type": "LineString", "coordinates": [ [ -46.03968726001753, -23.754157896789163, 0.0 ], [ -46.03969622177766, -23.754397196059251, 0.0 ], [ -46.039292508499514, -23.755668091347715, 0.0 ] ] } },
{ "type": "Feature", "properties": { "ua_id": "UA-R1-BER-1K-017", "regiao_id": 1, "regiao_nome": "Mogi-Bertioga", "sigla_rodovia": "SP-098", "escala": "1K", "tipo": "SR", "extensao_km": 0.1731, "ordem_no_grupo": 17, "km_inicial": 90.2, "km_final": 90.445, "subtrecho_der": "098SPE2328", "municipio": "Bertioga", "regional": "Cubatão", "residencia_dr": "DR 05", "uba_nome": "Cubatão", "uba_codigo": "RC 05.04", "jurisdicao": "Estadual", "conservado_por": "Novo Litoral", "centroide_lon": -46.039054, "centroide_lat": -23.756418, "buffer_lateral_m": 1000, "icc_hid_thresholds": "110;160;200;280", "trecho_critico_hid": false, "RAHID": 0, "hazard": "hidro" }, "geometry": { "type": "LineString", "coordinates": [ [ -46.039292508499514, -23.755668091347715, 0.0 ], [ -46.038815781271062, -23.757168804449808, 0.0 ] ] } },
{ "type": "Feature", "properties": { "ua_id": "UA-R1-BER-1K-018", "regiao_id": 1, "regiao_nome": "Mogi-Bertioga", "sigla_rodovia": "SP-098", "escala": "1K", "tipo": "SR", "extensao_km": 0.1731, "ordem_no_grupo": 18, "km_inicial": 90.445, "km_final": 90.69, "subtrecho_der": "098SPE2328", "municipio": "Bertioga", "regional": "Cubatão", "residencia_dr": "DR 05", "uba_nome": "Cubatão", "uba_codigo": "RC 05.04", "jurisdicao": "Estadual", "conservado_por": "Novo Litoral", "centroide_lon": -46.038577, "centroide_lat": -23.757919, "buffer_lateral_m": 1000, "icc_hid_thresholds": "110;160;200;280", "trecho_critico_hid": false, "RAHID": 0, "hazard": "hidro" }, "geometry": { "type": "LineString", "coordinates": [ [ -46.038815781271062, -23.757168804449808, 0.0 ], [ -46.038339043757034, -23.75866951617553, 0.0 ] ] } },
{ "type": "Feature", "properties": { "ua_id": "UA-R1-BER-1K-019", "regiao_id": 1, "regiao_nome": "Mogi-Bertioga", "sigla_rodovia": "SP-098", "escala": "1K", "tipo": "SR", "extensao_km": 0.1731, "ordem_no_grupo": 19, "km_inicial": 90.69, "km_final": 90.934, "subtrecho_der": "098SPE2328", "municipio": "Bertioga", "regional": "Cubatão", "residencia_dr": "DR 05", "uba_nome": "Cubatão", "uba_codigo": "RC 05.04", "jurisdicao": "Estadual", "conservado_por": "Novo Litoral", "centroide_lon": -46.038101, "centroide_lat": -23.75942, "buffer_lateral_m": 1000, "icc_hid_thresholds": "110;160;200;280", "trecho_critico_hid": false, "RAHID": 0, "hazard": "hidro" }, "geometry": { "type": "LineString", "coordinates": [ [ -46.038339043757034, -23.75866951617553, 0.0 ], [ -46.037862295956145, -23.76017022652454, 0.0 ] ] } },
{ "type": "Feature", "properties": { "ua_id": "UA-R1-BER-1K-020", "regiao_id": 1, "regiao_nome": "Mogi-Bertioga", "sigla_rodovia": "SP-098", "escala": "1K", "tipo": "SR", "extensao_km": 0.1731, "ordem_no_grupo": 20, "km_inicial": 90.934, "km_final": 91.179, "subtrecho_der": "098SPE2328", "municipio": "Bertioga", "regional": "Cubatão", "residencia_dr": "DR 05", "uba_nome": "Cubatão", "uba_codigo": "RC 05.04", "jurisdicao": "Estadual", "conservado_por": "Novo Litoral", "centroide_lon": -46.037624, "centroide_lat": -23.760921, "buffer_lateral_m": 1000, "icc_hid_thresholds": "110;160;200;280", "trecho_critico_hid": false, "RAHID": 0, "hazard": "hidro" }, "geometry": { "type": "LineString", "coordinates": [ [ -46.037862295956145, -23.76017022652454, 0.0 ], [ -46.037385537867088, -23.761670935496522, 0.0 ] ] } },
{ "type": "Feature", "properties": { "ua_id": "UA-R1-BER-1K-021", "regiao_id": 1, "regiao_nome": "Mogi-Bertioga", "sigla_rodovia": "SP-098", "escala": "1K", "tipo": "SR", "extensao_km": 0.1731, "ordem_no_grupo": 21, "km_inicial": 91.179, "km_final": 91.424, "subtrecho_der": "098SPE2328", "municipio": "Bertioga", "regional": "Cubatão", "residencia_dr": "DR 05", "uba_nome": "Cubatão", "uba_codigo": "RC 05.04", "jurisdicao": "Estadual", "conservado_por": "Novo Litoral", "centroide_lon": -46.037147, "centroide_lat": -23.762421, "buffer_lateral_m": 1000, "icc_hid_thresholds": "110;160;200;280", "trecho_critico_hid": false, "RAHID": 0, "hazard": "hidro" }, "geometry": { "type": "LineString", "coordinates": [ [ -46.037385537867088, -23.761670935496522, 0.0 ], [ -46.036908769488562, -23.763171643091123, 0.0 ] ] } },
{ "type": "Feature", "properties": { "ua_id": "UA-R1-BER-1K-022", "regiao_id": 1, "regiao_nome": "Mogi-Bertioga", "sigla_rodovia": "SP-098", "escala": "1K", "tipo": "SR", "extensao_km": 0.1731, "ordem_no_grupo": 22, "km_inicial": 91.424, "km_final": 91.669, "subtrecho_der": "098SPE2328", "municipio": "Bertioga", "regional": "Cubatão", "residencia_dr": "DR 05", "uba_nome": "Cubatão", "uba_codigo": "RC 05.04", "jurisdicao": "Estadual", "conservado_por": "Novo Litoral", "centroide_lon": -46.036681, "centroide_lat": -23.763923, "buffer_lateral_m": 1000, "icc_hid_thresholds": "110;160;200;280", "trecho_critico_hid": false, "RAHID": 0, "hazard": "hidro" }, "geometry": { "type": "LineString", "coordinates": [ [ -46.036908769488562, -23.763171643091123, 0.0 ], [ -46.036520899058246, -23.764392504729731, 0.0 ], [ -46.036541933789174, -23.764683424244257, 0.0 ] ] } },
{ "type": "Feature", "properties": { "ua_id": "UA-R1-BER-1K-023", "regiao_id": 1, "regiao_nome": "Mogi-Bertioga", "sigla_rodovia": "SP-098", "escala": "1K", "tipo": "SR", "extensao_km": 0.1731, "ordem_no_grupo": 23, "km_inicial": 91.669, "km_final": 91.914, "subtrecho_der": "098SPE2328", "municipio": "Bertioga", "regional": "Cubatão", "residencia_dr": "DR 05", "uba_nome": "Cubatão", "uba_codigo": "RC 05.04", "jurisdicao": "Estadual", "conservado_por": "Novo Litoral", "centroide_lon": -46.036655, "centroide_lat": -23.765447, "buffer_lateral_m": 1000, "icc_hid_thresholds": "110;160;200;280", "trecho_critico_hid": false, "RAHID": 0, "hazard": "hidro" }, "geometry": { "type": "LineString", "coordinates": [ [ -46.036541933789174, -23.764683424244257, 0.0 ], [ -46.036611321839608, -23.765643079395552, 0.0 ], [ -46.036950829652497, -23.766157363148508, 0.0 ] ] } },
{ "type": "Feature", "properties": { "ua_id": "UA-R1-BER-1K-024", "regiao_id": 1, "regiao_nome": "Mogi-Bertioga", "sigla_rodovia": "SP-098", "escala": "1K", "tipo": "SR", "extensao_km": 0.1731, "ordem_no_grupo": 24, "km_inicial": 91.914, "km_final": 92.159, "subtrecho_der": "098SPE2328", "municipio": "Bertioga", "regional": "Cubatão", "residencia_dr": "DR 05", "uba_nome": "Cubatão", "uba_codigo": "RC 05.04", "jurisdicao": "Estadual", "conservado_por": "Novo Litoral", "centroide_lon": -46.037468, "centroide_lat": -23.766763, "buffer_lateral_m": 1000, "icc_hid_thresholds": "110;160;200;280", "trecho_critico_hid": false, "RAHID": 0, "hazard": "hidro" }, "geometry": { "type": "LineString", "coordinates": [ [ -46.036950829652497, -23.766157363148508, 0.0 ], [ -46.037321645465084, -23.766719066303693, 0.0 ], [ -46.038095954183675, -23.767278980769138, 0.0 ] ] } },
{ "type": "Feature", "properties": { "ua_id": "UA-R1-BER-1K-025", "regiao_id": 1, "regiao_nome": "Mogi-Bertioga", "sigla_rodovia": "SP-098", "escala": "1K", "tipo": "SR", "extensao_km": 0.1731, "ordem_no_grupo": 25, "km_inicial": 92.159, "km_final": 92.403, "subtrecho_der": "098SPE2328", "municipio": "Bertioga", "regional": "Cubatão", "residencia_dr": "DR 05", "uba_nome": "Cubatão", "uba_codigo": "RC 05.04", "jurisdicao": "Estadual", "conservado_por": "Novo Litoral", "centroide_lon": -46.038764, "centroide_lat": -23.767762, "buffer_lateral_m": 1000, "icc_hid_thresholds": "110;160;200;280", "trecho_critico_hid": false, "RAHID": 0, "hazard": "hidro" }, "geometry": { "type": "LineString", "coordinates": [ [ -46.038095954183675, -23.767278980769138, 0.0 ], [ -46.039431819401983, -23.768244944391313, 0.0 ] ] } },
{ "type": "Feature", "properties": { "ua_id": "UA-R1-BER-1K-026", "regiao_id": 1, "regiao_nome": "Mogi-Bertioga", "sigla_rodovia": "SP-098", "escala": "1K", "tipo": "SR", "extensao_km": 0.1731, "ordem_no_grupo": 26, "km_inicial": 92.403, "km_final": 92.648, "subtrecho_der": "098SPE2328", "municipio": "Bertioga", "regional": "Cubatão", "residencia_dr": "DR 05", "uba_nome": "Cubatão", "uba_codigo": "RC 05.04", "jurisdicao": "Estadual", "conservado_por": "Novo Litoral", "centroide_lon": -46.0401, "centroide_lat": -23.768728, "buffer_lateral_m": 1000, "icc_hid_thresholds": "110;160;200;280", "trecho_critico_hid": false, "RAHID": 0, "hazard": "hidro" }, "geometry": { "type": "LineString", "coordinates": [ [ -46.039431819401983, -23.768244944391313, 0.0 ], [ -46.040767704169006, -23.76921089564982, 0.0 ] ] } },
{ "type": "Feature", "properties": { "ua_id": "UA-R1-BER-1K-027", "regiao_id": 1, "regiao_nome": "Mogi-Bertioga", "sigla_rodovia": "SP-098", "escala": "1K", "tipo": "SR", "extensao_km": 0.1731, "ordem_no_grupo": 27, "km_inicial": 92.648, "km_final": 92.893, "subtrecho_der": "098SPE2328", "municipio": "Bertioga", "regional": "Cubatão", "residencia_dr": "DR 05", "uba_nome": "Cubatão", "uba_codigo": "RC 05.04", "jurisdicao": "Estadual", "conservado_por": "Novo Litoral", "centroide_lon": -46.041436, "centroide_lat": -23.769694, "buffer_lateral_m": 1000, "icc_hid_thresholds": "110;160;200;280", "trecho_critico_hid": false, "RAHID": 0, "hazard": "hidro" }, "geometry": { "type": "LineString", "coordinates": [ [ -46.040767704169006, -23.76921089564982, 0.0 ], [ -46.042103608485462, -23.770176834543083, 0.0 ] ] } },
{ "type": "Feature", "properties": { "ua_id": "UA-R1-BER-1K-028", "regiao_id": 1, "regiao_nome": "Mogi-Bertioga", "sigla_rodovia": "SP-098", "escala": "1K", "tipo": "SR", "extensao_km": 0.1731, "ordem_no_grupo": 28, "km_inicial": 92.893, "km_final": 93.138, "subtrecho_der": "098SPE2328", "municipio": "Bertioga", "regional": "Cubatão", "residencia_dr": "DR 05", "uba_nome": "Cubatão", "uba_codigo": "RC 05.04", "jurisdicao": "Estadual", "conservado_por": "Novo Litoral", "centroide_lon": -46.042772, "centroide_lat": -23.77066, "buffer_lateral_m": 1000, "icc_hid_thresholds": "110;160;200;280", "trecho_critico_hid": false, "RAHID": 0, "hazard": "hidro" }, "geometry": { "type": "LineString", "coordinates": [ [ -46.042103608485462, -23.770176834543083, 0.0 ], [ -46.043439532352053, -23.771142761069523, 0.0 ] ] } },
{ "type": "Feature", "properties": { "ua_id": "UA-R1-BER-1K-029", "regiao_id": 1, "regiao_nome": "Mogi-Bertioga", "sigla_rodovia": "SP-098", "escala": "1K", "tipo": "SR", "extensao_km": 0.1731, "ordem_no_grupo": 29, "km_inicial": 93.138, "km_final": 93.383, "subtrecho_der": "098SPE2328", "municipio": "Bertioga", "regional": "Cubatão", "residencia_dr": "DR 05", "uba_nome": "Cubatão", "uba_codigo": "RC 05.04", "jurisdicao": "Estadual", "conservado_por": "Novo Litoral", "centroide_lon": -46.044108, "centroide_lat": -23.771626, "buffer_lateral_m": 1000, "icc_hid_thresholds": "110;160;200;280", "trecho_critico_hid": false, "RAHID": 0, "hazard": "hidro" }, "geometry": { "type": "LineString", "coordinates": [ [ -46.043439532352053, -23.771142761069523, 0.0 ], [ -46.044775475769477, -23.772108675227571, 0.0 ] ] } },
{ "type": "Feature", "properties": { "ua_id": "UA-R1-BER-1K-030", "regiao_id": 1, "regiao_nome": "Mogi-Bertioga", "sigla_rodovia": "SP-098", "escala": "1K", "tipo": "SR", "extensao_km": 0.1731, "ordem_no_grupo": 30, "km_inicial": 93.383, "km_final": 93.628, "subtrecho_der": "098SPE2328", "municipio": "Bertioga", "regional": "Cubatão", "residencia_dr": "DR 05", "uba_nome": "Cubatão", "uba_codigo": "RC 05.04", "jurisdicao": "Estadual", "conservado_por": "Novo Litoral", "centroide_lon": -46.045443, "centroide_lat": -23.772592, "buffer_lateral_m": 1000, "icc_hid_thresholds": "110;160;200;280", "trecho_critico_hid": false, "RAHID": 0, "hazard": "hidro" }, "geometry": { "type": "LineString", "coordinates": [ [ -46.044775475769477, -23.772108675227571, 0.0 ], [ -46.046111438738436, -23.773074577015652, 0.0 ] ] } },
{ "type": "Feature", "properties": { "ua_id": "UA-R1-BER-1K-031", "regiao_id": 1, "regiao_nome": "Mogi-Bertioga", "sigla_rodovia": "SP-098", "escala": "1K", "tipo": "SR", "extensao_km": 0.1731, "ordem_no_grupo": 31, "km_inicial": 93.628, "km_final": 93.872, "subtrecho_der": "098SPE2328", "municipio": "Bertioga", "regional": "Cubatão", "residencia_dr": "DR 05", "uba_nome": "Cubatão", "uba_codigo": "RC 05.04", "jurisdicao": "Estadual", "conservado_por": "Novo Litoral", "centroide_lon": -46.046779, "centroide_lat": -23.773558, "buffer_lateral_m": 1000, "icc_hid_thresholds": "110;160;200;280", "trecho_critico_hid": false, "RAHID": 0, "hazard": "hidro" }, "geometry": { "type": "LineString", "coordinates": [ [ -46.046111438738436, -23.773074577015652, 0.0 ], [ -46.047447421259648, -23.774040466432201, 0.0 ] ] } },
{ "type": "Feature", "properties": { "ua_id": "UA-R1-BER-1K-032", "regiao_id": 1, "regiao_nome": "Mogi-Bertioga", "sigla_rodovia": "SP-098", "escala": "1K", "tipo": "SR", "extensao_km": 0.1731, "ordem_no_grupo": 32, "km_inicial": 93.872, "km_final": 94.117, "subtrecho_der": "098SPE2328", "municipio": "Bertioga", "regional": "Cubatão", "residencia_dr": "DR 05", "uba_nome": "Cubatão", "uba_codigo": "RC 05.04", "jurisdicao": "Estadual", "conservado_por": "Novo Litoral", "centroide_lon": -46.048113, "centroide_lat": -23.774526, "buffer_lateral_m": 1000, "icc_hid_thresholds": "110;160;200;280", "trecho_critico_hid": false, "RAHID": 0, "hazard": "hidro" }, "geometry": { "type": "LineString", "coordinates": [ [ -46.047447421259648, -23.774040466432201, 0.0 ], [ -46.048560240844267, -23.774844993143031, 0.0 ], [ -46.048756951646233, -23.775033269741893, 0.0 ] ] } },
{ "type": "Feature", "properties": { "ua_id": "UA-R1-BIR-1K-001", "regiao_id": 1, "regiao_nome": "Mogi-Bertioga", "sigla_rodovia": "SP-098", "escala": "1K", "tipo": "SR", "extensao_km": 0.132, "ordem_no_grupo": 1, "km_inicial": 79.437, "km_final": 79.542, "subtrecho_der": "098SPE5684", "municipio": "Biritiba Mirim", "regional": "São Paulo", "residencia_dr": "DR 10", "uba_nome": "Mogi das Cruzes", "uba_codigo": "RC 10.04", "jurisdicao": "Estadual", "conservado_por": "Novo Litoral", "centroide_lon": -46.041461, "centroide_lat": -23.710236, "buffer_lateral_m": 1000, "icc_hid_thresholds": "110;160;200;280", "trecho_critico_hid": false, "RAHID": 0, "hazard": "hidro" }, "geometry": { "type": "LineString", "coordinates": [ [ -46.042087397019408, -23.710341706456212, 0.0 ], [ -46.041508375549768, -23.710301650047377, 0.0 ], [ -46.041062862814677, -23.710137875246719, 0.0 ], [ -46.040903560494982, -23.70997958895796, 0.0 ] ] } },
{ "type": "Feature", "properties": { "ua_id": "UA-R1-BIR-1K-002", "regiao_id": 1, "regiao_nome": "Mogi-Bertioga", "sigla_rodovia": "SP-098", "escala": "1K", "tipo": "SR", "extensao_km": 0.132, "ordem_no_grupo": 2, "km_inicial": 79.542, "km_final": 79.647, "subtrecho_der": "098SPE5684", "municipio": "Biritiba Mirim", "regional": "São Paulo", "residencia_dr": "DR 10", "uba_nome": "Mogi das Cruzes", "uba_codigo": "RC 10.04", "jurisdicao": "Estadual", "conservado_por": "Novo Litoral", "centroide_lon": -46.040482, "centroide_lat": -23.709528, "buffer_lateral_m": 1000, "icc_hid_thresholds": "110;160;200;280", "trecho_critico_hid": false, "RAHID": 0, "hazard": "hidro" }, "geometry": { "type": "LineString", "coordinates": [ [ -46.040903560494982, -23.70997958895796, 0.0 ], [ -46.040658888296896, -23.709736476182254, 0.0 ], [ -46.040075050244376, -23.709064314882998, 0.0 ] ] } },
{ "type": "Feature", "properties": { "ua_id": "UA-R1-BIR-1K-003", "regiao_id": 1, "regiao_nome": "Mogi-Bertioga", "sigla_rodovia": "SP-098", "escala": "1K", "tipo": "SR", "extensao_km": 0.132, "ordem_no_grupo": 3, "km_inicial": 79.647, "km_final": 79.753, "subtrecho_der": "098SPE5684", "municipio": "Biritiba Mirim", "regional": "São Paulo", "residencia_dr": "DR 10", "uba_nome": "Mogi das Cruzes", "uba_codigo": "RC 10.04", "jurisdicao": "Estadual", "conservado_por": "Novo Litoral", "centroide_lon": -46.039647, "centroide_lat": -23.708619, "buffer_lateral_m": 1000, "icc_hid_thresholds": "110;160;200;280", "trecho_critico_hid": false, "RAHID": 0, "hazard": "hidro" }, "geometry": { "type": "LineString", "coordinates": [ [ -46.040075050244376, -23.709064314882998, 0.0 ], [ -46.039739190470115, -23.708677641844574, 0.0 ], [ -46.039321748963388, -23.708307289531582, 0.0 ], [ -46.039163331627165, -23.708233982201197, 0.0 ] ] } },
{ "type": "Feature", "properties": { "ua_id": "UA-R1-BIR-1K-004", "regiao_id": 1, "regiao_nome": "Mogi-Bertioga", "sigla_rodovia": "SP-098", "escala": "1K", "tipo": "SR", "extensao_km": 0.132, "ordem_no_grupo": 4, "km_inicial": 79.753, "km_final": 79.858, "subtrecho_der": "098SPE5684", "municipio": "Biritiba Mirim", "regional": "São Paulo", "residencia_dr": "DR 10", "uba_nome": "Mogi das Cruzes", "uba_codigo": "RC 10.04", "jurisdicao": "Estadual", "conservado_por": "Novo Litoral", "centroide_lon": -46.038556, "centroide_lat": -23.708061, "buffer_lateral_m": 1000, "icc_hid_thresholds": "110;160;200;280", "trecho_critico_hid": false, "RAHID": 0, "hazard": "hidro" }, "geometry": { "type": "LineString", "coordinates": [ [ -46.039163331627165, -23.708233982201197, 0.0 ], [ -46.038773650143078, -23.708053656754245, 0.0 ], [ -46.038248161825166, -23.707998607610968, 0.0 ], [ -46.037919042766596, -23.708016726323695, 0.0 ] ] } },
{ "type": "Feature", "properties": { "ua_id": "UA-R1-BIR-1K-005", "regiao_id": 1, "regiao_nome": "Mogi-Bertioga", "sigla_rodovia": "SP-098", "escala": "1K", "tipo": "SR", "extensao_km": 0.132, "ordem_no_grupo": 5, "km_inicial": 79.858, "km_final": 79.963, "subtrecho_der": "098SPE5684", "municipio": "Biritiba Mirim", "regional": "São Paulo", "residencia_dr": "DR 10", "uba_nome": "Mogi das Cruzes", "uba_codigo": "RC 10.04", "jurisdicao": "Estadual", "conservado_por": "Novo Litoral", "centroide_lon": -46.03728, "centroide_lat": -23.707987, "buffer_lateral_m": 1000, "icc_hid_thresholds": "110;160;200;280", "trecho_critico_hid": false, "RAHID": 0, "hazard": "hidro" }, "geometry": { "type": "LineString", "coordinates": [ [ -46.037919042766596, -23.708016726323695, 0.0 ], [ -46.037384433327034, -23.708046156224665, 0.0 ], [ -46.036768334967718, -23.707894818125148, 0.0 ], [ -46.03665038006536, -23.707867986806377, 0.0 ] ] } },
{ "type": "Feature", "properties": { "ua_id": "UA-R1-BIR-25K-001", "regiao_id": 1, "regiao_nome": "Mogi-Bertioga", "sigla_rodovia": "SP-098", "escala": "25K", "tipo": "UTB", "extensao_km": 0.3927, "ordem_no_grupo": 1, "km_inicial": 75.0, "km_final": 75.312, "subtrecho_der": "098SPE5684", "municipio": "Biritiba Mirim", "regional": "São Paulo", "residencia_dr": "DR 10", "uba_nome": "Mogi das Cruzes", "uba_codigo": "RC 10.04", "jurisdicao": "Estadual", "conservado_por": "Novo Litoral", "centroide_lon": -46.090563, "centroide_lat": -23.700431, "buffer_lateral_m": 1000, "icc_hid_thresholds": "110;160;200;280", "trecho_critico_hid": false, "RAHID": 0, "hazard": "hidro" }, "geometry": { "type": "LineString", "coordinates": [ [ -46.091649640526576, -23.699265748233845, 0.0 ], [ -46.091670562851917, -23.699579067270076, 0.0 ], [ -46.091556623943788, -23.699997940061955, 0.0 ], [ -46.091146378737164, -23.700435494527216, 0.0 ], [ -46.090503977484822, -23.700686015622885, 0.0 ], [ -46.089673968857511, -23.700866346425098, 0.0 ], [ -46.088811930009619, -23.70090891112207, 0.0 ] ] } },
{ "type": "Feature", "properties": { "ua_id": "UA-R1-BIR-25K-002", "regiao_id": 1, "regiao_nome": "Mogi-Bertioga", "sigla_rodovia": "SP-098", "escala": "25K", "tipo": "UTB", "extensao_km": 0.3927, "ordem_no_grupo": 2, "km_inicial": 75.312, "km_final": 75.625, "subtrecho_der": "098SPE5684", "municipio": "Biritiba Mirim", "regional": "São Paulo", "residencia_dr": "DR 10", "uba_nome": "Mogi das Cruzes", "uba_codigo": "RC 10.04", "jurisdicao": "Estadual", "conservado_por": "Novo Litoral", "centroide_lon": -46.087367, "centroide_lat": -23.701641, "buffer_lateral_m": 1000, "icc_hid_thresholds": "110;160;200;280", "trecho_critico_hid": false, "RAHID": 0, "hazard": "hidro" }, "geometry": { "type": "LineString", "coordinates": [ [ -46.088811930009619, -23.70090891112207, 0.0 ], [ -46.087586837917527, -23.700969393925057, 0.0 ], [ -46.087251758175441, -23.701262453432623, 0.0 ], [ -46.08708715940616, -23.702029262877332, 0.0 ], [ -46.086884920653588, -23.702443656083553, 0.0 ], [ -46.08616425738753, -23.702804139218927, 0.0 ] ] } },
{ "type": "Feature", "properties": { "ua_id": "UA-R1-BIR-25K-003", "regiao_id": 1, "regiao_nome": "Mogi-Bertioga", "sigla_rodovia": "SP-098", "escala": "25K", "tipo": "UTB", "extensao_km": 0.3927, "ordem_no_grupo": 3, "km_inicial": 75.625, "km_final": 75.937, "subtrecho_der": "098SPE5684", "municipio": "Biritiba Mirim", "regional": "São Paulo", "residencia_dr": "DR 10", "uba_nome": "Mogi das Cruzes", "uba_codigo": "RC 10.04", "jurisdicao": "Estadual", "conservado_por": "Novo Litoral", "centroide_lon": -46.084414, "centroide_lat": -23.703521, "buffer_lateral_m": 1000, "icc_hid_thresholds": "110;160;200;280", "trecho_critico_hid": false, "RAHID": 0, "hazard": "hidro" }, "geometry": { "type": "LineString", "coordinates": [ [ -46.08616425738753, -23.702804139218927, 0.0 ], [ -46.085918434937497, -23.702927100919208, 0.0 ], [ -46.084888175667324, -23.703366859740143, 0.0 ], [ -46.083758603838447, -23.703862236290345, 0.0 ], [ -46.083250199261194, -23.70397123073559, 0.0 ], [ -46.082654739212217, -23.703934244479683, 0.0 ], [ -46.08258882212764, -23.703929356807027, 0.0 ] ] } },
{ "type": "Feature", "properties": { "ua_id": "UA-R1-BIR-25K-004", "regiao_id": 1, "regiao_nome": "Mogi-Bertioga", "sigla_rodovia": "SP-098", "escala": "25K", "tipo": "UTB", "extensao_km": 0.3927, "ordem_no_grupo": 4, "km_inicial": 75.937, "km_final": 76.25, "subtrecho_der": "098SPE5684", "municipio": "Biritiba Mirim", "regional": "São Paulo", "residencia_dr": "DR 10", "uba_nome": "Mogi das Cruzes", "uba_codigo": "RC 10.04", "jurisdicao": "Estadual", "conservado_por": "Novo Litoral", "centroide_lon": -46.080672, "centroide_lat": -23.703811, "buffer_lateral_m": 1000, "icc_hid_thresholds": "110;160;200;280", "trecho_critico_hid": false, "RAHID": 0, "hazard": "hidro" }, "geometry": { "type": "LineString", "coordinates": [ [ -46.08258882212764, -23.703929356807027, 0.0 ], [ -46.079481211001351, -23.703698898787199, 0.0 ], [ -46.078779162989477, -23.703895333359707, 0.0 ] ] } },
{ "type": "Feature", "properties": { "ua_id": "UA-R1-BIR-25K-005", "regiao_id": 1, "regiao_nome": "Mogi-Bertioga", "sigla_rodovia": "SP-098", "escala": "25K", "tipo": "UTB", "extensao_km": 0.3927, "ordem_no_grupo": 5, "km_inicial": 76.25, "km_final": 76.562, "subtrecho_der": "098SPE5684", "municipio": "Biritiba Mirim", "regional": "São Paulo", "residencia_dr": "DR 10", "uba_nome": "Mogi das Cruzes", "uba_codigo": "RC 10.04", "jurisdicao": "Estadual", "conservado_por": "Novo Litoral", "centroide_lon": -46.076949, "centroide_lat": -23.704446, "buffer_lateral_m": 1000, "icc_hid_thresholds": "110;160;200;280", "trecho_critico_hid": false, "RAHID": 0, "hazard": "hidro" }, "geometry": { "type": "LineString", "coordinates": [ [ -46.078779162989477, -23.703895333359707, 0.0 ], [ -46.077687084370687, -23.704200891923694, 0.0 ], [ -46.075129921269728, -23.705027224196254, 0.0 ] ] } },
{ "type": "Feature", "properties": { "ua_id": "UA-R1-BIR-25K-006", "regiao_id": 1, "regiao_nome": "Mogi-Bertioga", "sigla_rodovia": "SP-098", "escala": "25K", "tipo": "UTB", "extensao_km": 0.3927, "ordem_no_grupo": 6, "km_inicial": 76.562, "km_final": 76.875, "subtrecho_der": "098SPE5684", "municipio": "Biritiba Mirim", "regional": "São Paulo", "residencia_dr": "DR 10", "uba_nome": "Mogi das Cruzes", "uba_codigo": "RC 10.04", "jurisdicao": "Estadual", "conservado_por": "Novo Litoral", "centroide_lon": -46.073313, "centroide_lat": -23.705614, "buffer_lateral_m": 1000, "icc_hid_thresholds": "110;160;200;280", "trecho_critico_hid": false, "RAHID": 0, "hazard": "hidro" }, "geometry": { "type": "LineString", "coordinates": [ [ -46.075129921269728, -23.705027224196254, 0.0 ], [ -46.075037553507215, -23.705057071322511, 0.0 ], [ -46.073907928569497, -23.705431036702834, 0.0 ], [ -46.073239713269224, -23.705619493890932, 0.0 ], [ -46.071501889122757, -23.706215140109038, 0.0 ] ] } },
{ "type": "Feature", "properties": { "ua_id": "UA-R1-BIR-25K-007", "regiao_id": 1, "regiao_nome": "Mogi-Bertioga", "sigla_rodovia": "SP-098", "escala": "25K", "tipo": "UTB", "extensao_km": 0.3927, "ordem_no_grupo": 7, "km_inicial": 76.875, "km_final": 77.187, "subtrecho_der": "098SPE5684", "municipio": "Biritiba Mirim", "regional": "São Paulo", "residencia_dr": "DR 10", "uba_nome": "Mogi das Cruzes", "uba_codigo": "RC 10.04", "jurisdicao": "Estadual", "conservado_por": "Novo Litoral", "centroide_lon": -46.069696, "centroide_lat": -23.706829, "buffer_lateral_m": 1000, "icc_hid_thresholds": "110;160;200;280", "trecho_critico_hid": false, "RAHID": 0, "hazard": "hidro" }, "geometry": { "type": "LineString", "coordinates": [ [ -46.071501889122757, -23.706215140109038, 0.0 ], [ -46.068566002204719, -23.707221371166728, 0.0 ], [ -46.067875461747121, -23.707405284189292, 0.0 ] ] } },
{ "type": "Feature", "properties": { "ua_id": "UA-R1-BIR-25K-008", "regiao_id": 1, "regiao_nome": "Mogi-Bertioga", "sigla_rodovia": "SP-098", "escala": "25K", "tipo": "UTB", "extensao_km": 0.3927, "ordem_no_grupo": 8, "km_inicial": 77.187, "km_final": 77.5, "subtrecho_der": "098SPE5684", "municipio": "Biritiba Mirim", "regional": "São Paulo", "residencia_dr": "DR 10", "uba_nome": "Mogi das Cruzes", "uba_codigo": "RC 10.04", "jurisdicao": "Estadual", "conservado_por": "Novo Litoral", "centroide_lon": -46.066053, "centroide_lat": -23.707976, "buffer_lateral_m": 1000, "icc_hid_thresholds": "110;160;200;280", "trecho_critico_hid": false, "RAHID": 0, "hazard": "hidro" }, "geometry": { "type": "LineString", "coordinates": [ [ -46.067875461747121, -23.707405284189292, 0.0 ], [ -46.067374440313493, -23.707538719999583, 0.0 ], [ -46.064645328484119, -23.708437066719597, 0.0 ], [ -46.064455694526806, -23.708499481363383, 0.0 ], [ -46.064237382712982, -23.708567152819267, 0.0 ] ] } },
{ "type": "Feature", "properties": { "ua_id": "UA-R1-BIR-25K-009", "regiao_id": 1, "regiao_nome": "Mogi-Bertioga", "sigla_rodovia": "SP-098", "escala": "25K", "tipo": "UTB", "extensao_km": 0.3927, "ordem_no_grupo": 9, "km_inicial": 77.5, "km_final": 77.812, "subtrecho_der": "098SPE5684", "municipio": "Biritiba Mirim", "regional": "São Paulo", "residencia_dr": "DR 10", "uba_nome": "Mogi das Cruzes", "uba_codigo": "RC 10.04", "jurisdicao": "Estadual", "conservado_por": "Novo Litoral", "centroide_lon": -46.062412, "centroide_lat": -23.709132, "buffer_lateral_m": 1000, "icc_hid_thresholds": "110;160;200;280", "trecho_critico_hid": false, "RAHID": 0, "hazard": "hidro" }, "geometry": { "type": "LineString", "coordinates": [ [ -46.064237382712982, -23.708567152819267, 0.0 ], [ -46.063141370750017, -23.708906884737978, 0.0 ], [ -46.062011745731432, -23.709259911526534, 0.0 ], [ -46.060997492882898, -23.709560837692802, 0.0 ], [ -46.060589290103543, -23.70970349994646, 0.0 ] ] } },
{ "type": "Feature", "properties": { "ua_id": "UA-R1-BIR-25K-010", "regiao_id": 1, "regiao_nome": "Mogi-Bertioga", "sigla_rodovia": "SP-098", "escala": "25K", "tipo": "UTB", "extensao_km": 0.3927, "ordem_no_grupo": 10, "km_inicial": 77.812, "km_final": 78.125, "subtrecho_der": "098SPE5684", "municipio": "Biritiba Mirim", "regional": "São Paulo", "residencia_dr": "DR 10", "uba_nome": "Mogi das Cruzes", "uba_codigo": "RC 10.04", "jurisdicao": "Estadual", "conservado_por": "Novo Litoral", "centroide_lon": -46.058875, "centroide_lat": -23.710503, "buffer_lateral_m": 1000, "icc_hid_thresholds": "110;160;200;280", "trecho_critico_hid": false, "RAHID": 0, "hazard": "hidro" }, "geometry": { "type": "LineString", "coordinates": [ [ -46.060589290103543, -23.70970349994646, 0.0 ], [ -46.060095755644916, -23.709875982824759, 0.0 ], [ -46.057823156366659, -23.711038612840088, 0.0 ], [ -46.057294259040134, -23.711286019422761, 0.0 ], [ -46.057178626976132, -23.711342090426985, 0.0 ] ] } },
{ "type": "Feature", "properties": { "ua_id": "UA-R1-BIR-25K-011", "regiao_id": 1, "regiao_nome": "Mogi-Bertioga", "sigla_rodovia": "SP-098", "escala": "25K", "tipo": "UTB", "extensao_km": 0.3927, "ordem_no_grupo": 11, "km_inicial": 78.125, "km_final": 78.437, "subtrecho_der": "098SPE5684", "municipio": "Biritiba Mirim", "regional": "São Paulo", "residencia_dr": "DR 10", "uba_nome": "Mogi das Cruzes", "uba_codigo": "RC 10.04", "jurisdicao": "Estadual", "conservado_por": "Novo Litoral", "centroide_lon": -46.055323, "centroide_lat": -23.711283, "buffer_lateral_m": 1000, "icc_hid_thresholds": "110;160;200;280", "trecho_critico_hid": false, "RAHID": 0, "hazard": "hidro" }, "geometry": { "type": "LineString", "coordinates": [ [ -46.057178626976132, -23.711342090426985, 0.0 ], [ -46.056904856938367, -23.711474843396395, 0.0 ], [ -46.056319265832855, -23.711519040687033, 0.0 ], [ -46.055562428864611, -23.711459314551863, 0.0 ], [ -46.05348191374231, -23.710814888859215, 0.0 ] ] } },
{ "type": "Feature", "properties": { "ua_id": "UA-R1-BIR-25K-012", "regiao_id": 1, "regiao_nome": "Mogi-Bertioga", "sigla_rodovia": "SP-098", "escala": "25K", "tipo": "UTB", "extensao_km": 0.3927, "ordem_no_grupo": 12, "km_inicial": 78.437, "km_final": 78.75, "subtrecho_der": "098SPE5684", "municipio": "Biritiba Mirim", "regional": "São Paulo", "residencia_dr": "DR 10", "uba_nome": "Mogi das Cruzes", "uba_codigo": "RC 10.04", "jurisdicao": "Estadual", "conservado_por": "Novo Litoral", "centroide_lon": -46.051582, "centroide_lat": -23.710792, "buffer_lateral_m": 1000, "icc_hid_thresholds": "110;160;200;280", "trecho_critico_hid": false, "RAHID": 0, "hazard": "hidro" }, "geometry": { "type": "LineString", "coordinates": [ [ -46.05348191374231, -23.710814888859215, 0.0 ], [ -46.05336875866616, -23.710779838831588, 0.0 ], [ -46.053043797438264, -23.710728018430764, 0.0 ], [ -46.052533898545683, -23.710733748118496, 0.0 ], [ -46.051727230605707, -23.71085833191885, 0.0 ], [ -46.051238060151306, -23.710903901823826, 0.0 ], [ -46.050423512228811, -23.710841200351023, 0.0 ], [ -46.049719123544989, -23.71056515201267, 0.0 ] ] } },
{ "type": "Feature", "properties": { "ua_id": "UA-R1-BIR-25K-013", "regiao_id": 1, "regiao_nome": "Mogi-Bertioga", "sigla_rodovia": "SP-098", "escala": "25K", "tipo": "UTB", "extensao_km": 0.3927, "ordem_no_grupo": 13, "km_inicial": 78.75, "km_final": 79.062, "subtrecho_der": "098SPE5684", "municipio": "Biritiba Mirim", "regional": "São Paulo", "residencia_dr": "DR 10", "uba_nome": "Mogi das Cruzes", "uba_codigo": "RC 10.04", "jurisdicao": "Estadual", "conservado_por": "Novo Litoral", "centroide_lon": -46.048101, "centroide_lat": -23.71018, "buffer_lateral_m": 1000, "icc_hid_thresholds": "110;160;200;280", "trecho_critico_hid": false, "RAHID": 0, "hazard": "hidro" }, "geometry": { "type": "LineString", "coordinates": [ [ -46.049719123544989, -23.71056515201267, 0.0 ], [ -46.049658172003468, -23.710541265032099, 0.0 ], [ -46.048232593832225, -23.709796901699654, 0.0 ], [ -46.04799008039052, -23.709726349702972, 0.0 ], [ -46.047729677141149, -23.709755367819717, 0.0 ], [ -46.047507512926728, -23.709916799262885, 0.0 ], [ -46.047323584962783, -23.710274090129886, 0.0 ], [ -46.047149508084722, -23.710533157361589, 0.0 ], [ -46.04686214321999, -23.710687735789381, 0.0 ], [ -46.046609142145122, -23.710706454372925, 0.0 ] ] } },
{ "type": "Feature", "properties": { "ua_id": "UA-R1-BIR-25K-014", "regiao_id": 1, "regiao_nome": "Mogi-Bertioga", "sigla_rodovia": "SP-098", "escala": "25K", "tipo": "UTB", "extensao_km": 0.3927, "ordem_no_grupo": 14, "km_inicial": 79.062, "km_final": 79.375, "subtrecho_der": "098SPE5684", "municipio": "Biritiba Mirim", "regional": "São Paulo", "residencia_dr": "DR 10", "uba_nome": "Mogi das Cruzes", "uba_codigo": "RC 10.04", "jurisdicao": "Estadual", "conservado_por": "Novo Litoral", "centroide_lon": -46.044753, "centroide_lat": -23.710502, "buffer_lateral_m": 1000, "icc_hid_thresholds": "110;160;200;280", "trecho_critico_hid": false, "RAHID": 0, "hazard": "hidro" }, "geometry": { "type": "LineString", "coordinates": [ [ -46.046609142145122, -23.710706454372925, 0.0 ], [ -46.045931475223156, -23.710756590302459, 0.0 ], [ -46.045248900649206, -23.710429123447323, 0.0 ], [ -46.044831791320171, -23.71036905802152, 0.0 ], [ -46.043866280916369, -23.71043964718319, 0.0 ], [ -46.042856431227982, -23.710388098676031, 0.0 ] ] } },
{ "type": "Feature", "properties": { "ua_id": "UA-R1-BIR-25K-015", "regiao_id": 1, "regiao_nome": "Mogi-Bertioga", "sigla_rodovia": "SP-098", "escala": "25K", "tipo": "UTB", "extensao_km": 0.3141, "ordem_no_grupo": 15, "km_inicial": 79.963, "km_final": 80.213, "subtrecho_der": "098SPE5684", "municipio": "Biritiba Mirim", "regional": "São Paulo", "residencia_dr": "DR 10", "uba_nome": "Mogi das Cruzes", "uba_codigo": "RC 10.04", "jurisdicao": "Estadual", "conservado_por": "Novo Litoral", "centroide_lon": -46.035309, "centroide_lat": -23.70825, "buffer_lateral_m": 1000, "icc_hid_thresholds": "110;160;200;280", "trecho_critico_hid": false, "RAHID": 0, "hazard": "hidro" }, "geometry": { "type": "LineString", "coordinates": [ [ -46.03665038006536, -23.707867986806377, 0.0 ], [ -46.036368570411845, -23.707803882872142, 0.0 ], [ -46.035783409722889, -23.707840976650619, 0.0 ], [ -46.035316678806026, -23.707961682978524, 0.0 ], [ -46.035033986282819, -23.708165829554254, 0.0 ], [ -46.034394496612244, -23.709092128171608, 0.0 ], [ -46.034348081630064, -23.709240752824734, 0.0 ] ] } },
{ "type": "Feature", "properties": { "ua_id": "UA-R1-BIR-25K-016", "regiao_id": 1, "regiao_nome": "Mogi-Bertioga", "sigla_rodovia": "SP-098", "escala": "25K", "tipo": "UTB", "extensao_km": 0.3927, "ordem_no_grupo": 16, "km_inicial": 80.213, "km_final": 80.525, "subtrecho_der": "098SPE5684", "municipio": "Biritiba Mirim", "regional": "São Paulo", "residencia_dr": "DR 10", "uba_nome": "Mogi das Cruzes", "uba_codigo": "RC 10.04", "jurisdicao": "Estadual", "conservado_por": "Novo Litoral", "centroide_lon": -46.032914, "centroide_lat": -23.709525, "buffer_lateral_m": 1000, "icc_hid_thresholds": "110;160;200;280", "trecho_critico_hid": false, "RAHID": 0, "hazard": "hidro" }, "geometry": { "type": "LineString", "coordinates": [ [ -46.034348081630064, -23.709240752824734, 0.0 ], [ -46.034226515908273, -23.709630014866701, 0.0 ], [ -46.03411679857669, -23.709783060306304, 0.0 ], [ -46.033862780105579, -23.709897003875618, 0.0 ], [ -46.033316974418732, -23.709858534357519, 0.0 ], [ -46.032720617101553, -23.709447287722817, 0.0 ], [ -46.03242240723911, -23.709336847144346, 0.0 ], [ -46.031881505720939, -23.709344460437723, 0.0 ], [ -46.03132441368286, -23.709174956555096, 0.0 ], [ -46.031169515505567, -23.709076137022745, 0.0 ] ] } },
{ "type": "Feature", "properties": { "ua_id": "UA-R1-BIR-25K-017", "regiao_id": 1, "regiao_nome": "Mogi-Bertioga", "sigla_rodovia": "SP-098", "escala": "25K", "tipo": "UTB", "extensao_km": 0.3927, "ordem_no_grupo": 17, "km_inicial": 80.525, "km_final": 80.838, "subtrecho_der": "098SPE5684", "municipio": "Biritiba Mirim", "regional": "São Paulo", "residencia_dr": "DR 10", "uba_nome": "Mogi das Cruzes", "uba_codigo": "RC 10.04", "jurisdicao": "Estadual", "conservado_por": "Novo Litoral", "centroide_lon": -46.029416, "centroide_lat": -23.708686, "buffer_lateral_m": 1000, "icc_hid_thresholds": "110;160;200;280", "trecho_critico_hid": false, "RAHID": 0, "hazard": "hidro" }, "geometry": { "type": "LineString", "coordinates": [ [ -46.031169515505567, -23.709076137022745, 0.0 ], [ -46.030477319900768, -23.708634537023283, 0.0 ], [ -46.030062597416702, -23.708535770838452, 0.0 ], [ -46.029073124946706, -23.708682616208634, 0.0 ], [ -46.028432003258949, -23.708561694336701, 0.0 ], [ -46.028181227592704, -23.708559445228552, 0.0 ], [ -46.027961836081595, -23.708675150566531, 0.0 ], [ -46.027821084893397, -23.708893590044188, 0.0 ], [ -46.027847600547389, -23.709024845884638, 0.0 ] ] } },
{ "type": "Feature", "properties": { "ua_id": "UA-R1-BIR-25K-018", "regiao_id": 1, "regiao_nome": "Mogi-Bertioga", "sigla_rodovia": "SP-098", "escala": "25K", "tipo": "UTB", "extensao_km": 0.3927, "ordem_no_grupo": 18, "km_inicial": 80.838, "km_final": 81.15, "subtrecho_der": "098SPE5684", "municipio": "Biritiba Mirim", "regional": "São Paulo", "residencia_dr": "DR 10", "uba_nome": "Mogi das Cruzes", "uba_codigo": "RC 10.04", "jurisdicao": "Estadual", "conservado_por": "Novo Litoral", "centroide_lon": -46.028986, "centroide_lat": -23.710408, "buffer_lateral_m": 1000, "icc_hid_thresholds": "110;160;200;280", "trecho_critico_hid": false, "RAHID": 0, "hazard": "hidro" }, "geometry": { "type": "LineString", "coordinates": [ [ -46.027847600547389, -23.709024845884638, 0.0 ], [ -46.02787146058435, -23.709142955831176, 0.0 ], [ -46.028044316740754, -23.709472622422538, 0.0 ], [ -46.028323426816598, -23.709768946, 0.0 ], [ -46.029124107614258, -23.710373991503076, 0.0 ], [ -46.029589518611743, -23.711095857779213, 0.0 ], [ -46.029892333532025, -23.711509740634853, 0.0 ], [ -46.030137757624622, -23.711809961704041, 0.0 ] ] } },
{ "type": "Feature", "properties": { "ua_id": "UA-R1-BIR-25K-019", "regiao_id": 1, "regiao_nome": "Mogi-Bertioga", "sigla_rodovia": "SP-098", "escala": "25K", "tipo": "UTB", "extensao_km": 0.3927, "ordem_no_grupo": 19, "km_inicial": 81.15, "km_final": 81.463, "subtrecho_der": "098SPE5684", "municipio": "Biritiba Mirim", "regional": "São Paulo", "residencia_dr": "DR 10", "uba_nome": "Mogi das Cruzes", "uba_codigo": "RC 10.04", "jurisdicao": "Estadual", "conservado_por": "Novo Litoral", "centroide_lon": -46.031446, "centroide_lat": -23.713028, "buffer_lateral_m": 1000, "icc_hid_thresholds": "110;160;200;280", "trecho_critico_hid": false, "RAHID": 0, "hazard": "hidro" }, "geometry": { "type": "LineString", "coordinates": [ [ -46.030137757624622, -23.711809961704041, 0.0 ], [ -46.030743554601578, -23.712551009954545, 0.0 ], [ -46.031211801754033, -23.713163729302217, 0.0 ], [ -46.031466372710703, -23.713356557007355, 0.0 ], [ -46.032803797209567, -23.713706971192849, 0.0 ], [ -46.033111649709653, -23.713744500012712, 0.0 ] ] } },
{ "type": "Feature", "properties": { "ua_id": "UA-R1-BIR-25K-020", "regiao_id": 1, "regiao_nome": "Mogi-Bertioga", "sigla_rodovia": "SP-098", "escala": "25K", "tipo": "UTB", "extensao_km": 0.3927, "ordem_no_grupo": 20, "km_inicial": 81.463, "km_final": 81.775, "subtrecho_der": "098SPE5684", "municipio": "Biritiba Mirim", "regional": "São Paulo", "residencia_dr": "DR 10", "uba_nome": "Mogi das Cruzes", "uba_codigo": "RC 10.04", "jurisdicao": "Estadual", "conservado_por": "Novo Litoral", "centroide_lon": -46.034306, "centroide_lat": -23.714489, "buffer_lateral_m": 1000, "icc_hid_thresholds": "110;160;200;280", "trecho_critico_hid": false, "RAHID": 0, "hazard": "hidro" }, "geometry": { "type": "LineString", "coordinates": [ [ -46.033111649709653, -23.713744500012712, 0.0 ], [ -46.033252112514568, -23.713761622946937, 0.0 ], [ -46.034275793785554, -23.713750482902707, 0.0 ], [ -46.034593235325303, -23.713925358497587, 0.0 ], [ -46.034723344108052, -23.714259898056294, 0.0 ], [ -46.034488651950667, -23.71551008323258, 0.0 ], [ -46.03449242426445, -23.715764118420502, 0.0 ], [ -46.034593265426885, -23.716001260169953, 0.0 ] ] } },
{ "type": "Feature", "properties": { "ua_id": "UA-R1-BIR-25K-021", "regiao_id": 1, "regiao_nome": "Mogi-Bertioga", "sigla_rodovia": "SP-098", "escala": "25K", "tipo": "UTB", "extensao_km": 0.3927, "ordem_no_grupo": 21, "km_inicial": 81.775, "km_final": 82.088, "subtrecho_der": "098SPE5684", "municipio": "Biritiba Mirim", "regional": "São Paulo", "residencia_dr": "DR 10", "uba_nome": "Mogi das Cruzes", "uba_codigo": "RC 10.04", "jurisdicao": "Estadual", "conservado_por": "Novo Litoral", "centroide_lon": -46.034937, "centroide_lat": -23.717657, "buffer_lateral_m": 1000, "icc_hid_thresholds": "110;160;200;280", "trecho_critico_hid": false, "RAHID": 0, "hazard": "hidro" }, "geometry": { "type": "LineString", "coordinates": [ [ -46.034593265426885, -23.716001260169953, 0.0 ], [ -46.034775945484384, -23.716430854753241, 0.0 ], [ -46.034845738081167, -23.716868077072231, 0.0 ], [ -46.034808942009029, -23.717659469459015, 0.0 ], [ -46.034699353844871, -23.71806283804904, 0.0 ], [ -46.034807440446777, -23.71837861774949, 0.0 ], [ -46.035244161734596, -23.718686517460259, 0.0 ], [ -46.035281690882179, -23.718706694426682, 0.0 ], [ -46.035460187683611, -23.718802660552015, 0.0 ], [ -46.035474188958723, -23.718810453630304, 0.0 ], [ -46.035801681423003, -23.718992784209767, 0.0 ] ] } },
{ "type": "Feature", "properties": { "ua_id": "UA-R1-BIR-25K-022", "regiao_id": 1, "regiao_nome": "Mogi-Bertioga", "sigla_rodovia": "SP-098", "escala": "25K", "tipo": "UTB", "extensao_km": 0.3927, "ordem_no_grupo": 22, "km_inicial": 82.088, "km_final": 82.4, "subtrecho_der": "098SPE5684", "municipio": "Biritiba Mirim", "regional": "São Paulo", "residencia_dr": "DR 10", "uba_nome": "Mogi das Cruzes", "uba_codigo": "RC 10.04", "jurisdicao": "Estadual", "conservado_por": "Novo Litoral", "centroide_lon": -46.037117, "centroide_lat": -23.720089, "buffer_lateral_m": 1000, "icc_hid_thresholds": "110;160;200;280", "trecho_critico_hid": false, "RAHID": 0, "hazard": "hidro" }, "geometry": { "type": "LineString", "coordinates": [ [ -46.035801681423003, -23.718992784209767, 0.0 ], [ -46.036251699738045, -23.719243328737967, 0.0 ], [ -46.036625809926605, -23.719659721509025, 0.0 ], [ -46.036939989531, -23.719949444373086, 0.0 ], [ -46.037843625858528, -23.720242816699994, 0.0 ], [ -46.037860881549975, -23.720429593314261, 0.0 ], [ -46.037762083604981, -23.721049759416811, 0.0 ], [ -46.037508237011622, -23.721393939453037, 0.0 ] ] } },
{ "type": "Feature", "properties": { "ua_id": "UA-R1-MOG-25K-001", "regiao_id": 1, "regiao_nome": "Mogi-Bertioga", "sigla_rodovia": "SP-098", "escala": "25K", "tipo": "UTB", "extensao_km": 0.3513, "ordem_no_grupo": 1, "km_inicial": 62.9, "km_final": 63.195, "subtrecho_der": "098SPE6252", "municipio": "Mogi das Cruzes", "regional": "São Paulo", "residencia_dr": "DR 10", "uba_nome": "Mogi das Cruzes", "uba_codigo": "RC 10.04", "jurisdicao": "Estadual", "conservado_por": "Novo Litoral", "centroide_lon": -46.16178, "centroide_lat": -23.606015, "buffer_lateral_m": 1000, "icc_hid_thresholds": "110;160;200;280", "trecho_critico_hid": false, "RAHID": 1, "hazard": "hidro" }, "geometry": { "type": "LineString", "coordinates": [ [ -46.163398142385169, -23.605509032469907, 0.0 ], [ -46.162475960609378, -23.605918085904943, 0.0 ], [ -46.160106223557058, -23.606366570574981, 0.0 ] ] } },
{ "type": "Feature", "properties": { "ua_id": "UA-R1-MOG-25K-002", "regiao_id": 1, "regiao_nome": "Mogi-Bertioga", "sigla_rodovia": "SP-098", "escala": "25K", "tipo": "UTB", "extensao_km": 0.3513, "ordem_no_grupo": 2, "km_inicial": 63.195, "km_final": 63.49, "subtrecho_der": "098SPE6252", "municipio": "Mogi das Cruzes", "regional": "São Paulo", "residencia_dr": "DR 10", "uba_nome": "Mogi das Cruzes", "uba_codigo": "RC 10.04", "jurisdicao": "Estadual", "conservado_por": "Novo Litoral", "centroide_lon": -46.158436, "centroide_lat": -23.606745, "buffer_lateral_m": 1000, "icc_hid_thresholds": "110;160;200;280", "trecho_critico_hid": false, "RAHID": 1, "hazard": "hidro" }, "geometry": { "type": "LineString", "coordinates": [ [ -46.160106223557058, -23.606366570574981, 0.0 ], [ -46.159957841203251, -23.606394651387593, 0.0 ], [ -46.158274842333427, -23.606753916655411, 0.0 ], [ -46.157299605133581, -23.607008813867399, 0.0 ], [ -46.156814262413143, -23.607247088236736, 0.0 ] ] } },
{ "type": "Feature", "properties": { "ua_id": "UA-R1-MOG-25K-003", "regiao_id": 1, "regiao_nome": "Mogi-Bertioga", "sigla_rodovia": "SP-098", "escala": "25K", "tipo": "UTB", "extensao_km": 0.3513, "ordem_no_grupo": 3, "km_inicial": 63.49, "km_final": 63.785, "subtrecho_der": "098SPE6252", "municipio": "Mogi das Cruzes", "regional": "São Paulo", "residencia_dr": "DR 10", "uba_nome": "Mogi das Cruzes", "uba_codigo": "RC 10.04", "jurisdicao": "Estadual", "conservado_por": "Novo Litoral", "centroide_lon": -46.15557, "centroide_lat": -23.608328, "buffer_lateral_m": 1000, "icc_hid_thresholds": "110;160;200;280", "trecho_critico_hid": false, "RAHID": 1, "hazard": "hidro" }, "geometry": { "type": "LineString", "coordinates": [ [ -46.156814262413143, -23.607247088236736, 0.0 ], [ -46.156631179988814, -23.607336970194506, 0.0 ], [ -46.156110654906129, -23.607749690413705, 0.0 ], [ -46.155454487015142, -23.608401552931422, 0.0 ], [ -46.154428208609332, -23.609513047184016, 0.0 ] ] } },
{ "type": "Feature", "properties": { "ua_id": "UA-R1-MOG-25K-004", "regiao_id": 1, "regiao_nome": "Mogi-Bertioga", "sigla_rodovia": "SP-098", "escala": "25K", "tipo": "UTB", "extensao_km": 0.3513, "ordem_no_grupo": 4, "km_inicial": 63.785, "km_final": 64.08, "subtrecho_der": "098SPE6252", "municipio": "Mogi das Cruzes", "regional": "São Paulo", "residencia_dr": "DR 10", "uba_nome": "Mogi das Cruzes", "uba_codigo": "RC 10.04", "jurisdicao": "Estadual", "conservado_por": "Novo Litoral", "centroide_lon": -46.153057, "centroide_lat": -23.610442, "buffer_lateral_m": 1000, "icc_hid_thresholds": "110;160;200;280", "trecho_critico_hid": false, "RAHID": 1, "hazard": "hidro" }, "geometry": { "type": "LineString", "coordinates": [ [ -46.154428208609332, -23.609513047184016, 0.0 ], [ -46.154258686993821, -23.609696642437136, 0.0 ], [ -46.153765016337509, -23.610101063660409, 0.0 ], [ -46.153140433690197, -23.610489258663243, 0.0 ], [ -46.152716409276721, -23.610699453646429, 0.0 ], [ -46.151836444494627, -23.611036245280182, 0.0 ], [ -46.151510027939125, -23.611096556701522, 0.0 ] ] } },
{ "type": "Feature", "properties": { "ua_id": "UA-R1-MOG-25K-005", "regiao_id": 1, "regiao_nome": "Mogi-Bertioga", "sigla_rodovia": "SP-098", "escala": "25K", "tipo": "UTB", "extensao_km": 0.3513, "ordem_no_grupo": 5, "km_inicial": 64.08, "km_final": 64.376, "subtrecho_der": "098SPE6252", "municipio": "Mogi das Cruzes", "regional": "São Paulo", "residencia_dr": "DR 10", "uba_nome": "Mogi das Cruzes", "uba_codigo": "RC 10.04", "jurisdicao": "Estadual", "conservado_por": "Novo Litoral", "centroide_lon": -46.1498, "centroide_lat": -23.611222, "buffer_lateral_m": 1000, "icc_hid_thresholds": "110;160;200;280", "trecho_critico_hid": false, "RAHID": 1, "hazard": "hidro" }, "geometry": { "type": "LineString", "coordinates": [ [ -46.151510027939125, -23.611096556701522, 0.0 ], [ -46.150892348252519, -23.611210682292295, 0.0 ], [ -46.148558657305657, -23.611247813105212, 0.0 ], [ -46.148083725631665, -23.611303705515652, 0.0 ] ] } },
{ "type": "Feature", "properties": { "ua_id": "UA-R1-MOG-25K-006", "regiao_id": 1, "regiao_nome": "Mogi-Bertioga", "sigla_rodovia": "SP-098", "escala": "25K", "tipo": "UTB", "extensao_km": 0.3513, "ordem_no_grupo": 6, "km_inicial": 64.376, "km_final": 64.671, "subtrecho_der": "098SPE6252", "municipio": "Mogi das Cruzes", "regional": "São Paulo", "residencia_dr": "DR 10", "uba_nome": "Mogi das Cruzes", "uba_codigo": "RC 10.04", "jurisdicao": "Estadual", "conservado_por": "Novo Litoral", "centroide_lon": -46.146488, "centroide_lat": -23.611841, "buffer_lateral_m": 1000, "icc_hid_thresholds": "110;160;200;280", "trecho_critico_hid": false, "RAHID": 1, "hazard": "hidro" }, "geometry": { "type": "LineString", "coordinates": [ [ -46.148083725631665, -23.611303705515652, 0.0 ], [ -46.147639625057664, -23.611355968212102, 0.0 ], [ -46.146379905373429, -23.611779749276412, 0.0 ], [ -46.145653646860467, -23.612191742619377, 0.0 ], [ -46.145316415185917, -23.612449669390553, 0.0 ], [ -46.145045137188141, -23.612671861041147, 0.0 ] ] } },
{ "type": "Feature", "properties": { "ua_id": "UA-R1-MOG-25K-007", "regiao_id": 1, "regiao_nome": "Mogi-Bertioga", "sigla_rodovia": "SP-098", "escala": "25K", "tipo": "UTB", "extensao_km": 0.3513, "ordem_no_grupo": 7, "km_inicial": 64.671, "km_final": 64.966, "subtrecho_der": "098SPE6252", "municipio": "Mogi das Cruzes", "regional": "São Paulo", "residencia_dr": "DR 10", "uba_nome": "Mogi das Cruzes", "uba_codigo": "RC 10.04", "jurisdicao": "Estadual", "conservado_por": "Novo Litoral", "centroide_lon": -46.144059, "centroide_lat": -23.613959, "buffer_lateral_m": 1000, "icc_hid_thresholds": "110;160;200;280", "trecho_critico_hid": false, "RAHID": 1, "hazard": "hidro" }, "geometry": { "type": "LineString", "coordinates": [ [ -46.145045137188141, -23.612671861041147, 0.0 ], [ -46.144939192816381, -23.612758635002827, 0.0 ], [ -46.144460171290952, -23.613269842770901, 0.0 ], [ -46.144067154544786, -23.613905203415239, 0.0 ], [ -46.143239317842038, -23.615243498820234, 0.0 ], [ -46.143182021992054, -23.615322090975422, 0.0 ] ] } },
{ "type": "Feature", "properties": { "ua_id": "UA-R1-MOG-25K-008", "regiao_id": 1, "regiao_nome": "Mogi-Bertioga", "sigla_rodovia": "SP-098", "escala": "25K", "tipo": "UTB", "extensao_km": 0.3513, "ordem_no_grupo": 8, "km_inicial": 64.966, "km_final": 65.261, "subtrecho_der": "098SPE6252", "municipio": "Mogi das Cruzes", "regional": "São Paulo", "residencia_dr": "DR 10", "uba_nome": "Mogi das Cruzes", "uba_codigo": "RC 10.04", "jurisdicao": "Estadual", "conservado_por": "Novo Litoral", "centroide_lon": -46.142023, "centroide_lat": -23.616474, "buffer_lateral_m": 1000, "icc_hid_thresholds": "110;160;200;280", "trecho_critico_hid": false, "RAHID": 1, "hazard": "hidro" }, "geometry": { "type": "LineString", "coordinates": [ [ -46.143182021992054, -23.615322090975422, 0.0 ], [ -46.142900185798176, -23.615708681294539, 0.0 ], [ -46.142341754650054, -23.616325285880848, 0.0 ], [ -46.14130922096362, -23.617080211761138, 0.0 ], [ -46.140856553273352, -23.617327504100444, 0.0 ], [ -46.140652626203249, -23.617407418261983, 0.0 ] ] } },
{ "type": "Feature", "properties": { "ua_id": "UA-R1-MOG-25K-009", "regiao_id": 1, "regiao_nome": "Mogi-Bertioga", "sigla_rodovia": "SP-098", "escala": "25K", "tipo": "UTB", "extensao_km": 0.3513, "ordem_no_grupo": 9, "km_inicial": 65.261, "km_final": 65.556, "subtrecho_der": "098SPE6252", "municipio": "Mogi das Cruzes", "regional": "São Paulo", "residencia_dr": "DR 10", "uba_nome": "Mogi das Cruzes", "uba_codigo": "RC 10.04", "jurisdicao": "Estadual", "conservado_por": "Novo Litoral", "centroide_lon": -46.139045, "centroide_lat": -23.617972, "buffer_lateral_m": 1000, "icc_hid_thresholds": "110;160;200;280", "trecho_critico_hid": false, "RAHID": 1, "hazard": "hidro" }, "geometry": { "type": "LineString", "coordinates": [ [ -46.140652626203249, -23.617407418261983, 0.0 ], [ -46.140278521310279, -23.617554020122562, 0.0 ], [ -46.137699307206603, -23.61842733368773, 0.0 ], [ -46.137446726359457, -23.618556002998165, 0.0 ] ] } },
{ "type": "Feature", "properties": { "ua_id": "UA-R1-MOG-25K-010", "regiao_id": 1, "regiao_nome": "Mogi-Bertioga", "sigla_rodovia": "SP-098", "escala": "25K", "tipo": "UTB", "extensao_km": 0.3513, "ordem_no_grupo": 10, "km_inicial": 65.556, "km_final": 65.851, "subtrecho_der": "098SPE6252", "municipio": "Mogi das Cruzes", "regional": "São Paulo", "residencia_dr": "DR 10", "uba_nome": "Mogi das Cruzes", "uba_codigo": "RC 10.04", "jurisdicao": "Estadual", "conservado_por": "Novo Litoral", "centroide_lon": -46.136333, "centroide_lat": -23.619744, "buffer_lateral_m": 1000, "icc_hid_thresholds": "110;160;200;280", "trecho_critico_hid": false, "RAHID": 1, "hazard": "hidro" }, "geometry": { "type": "LineString", "coordinates": [ [ -46.137446726359457, -23.618556002998165, 0.0 ], [ -46.137285755660969, -23.618638004080434, 0.0 ], [ -46.13603983744472, -23.620147376349948, 0.0 ], [ -46.13587404276192, -23.6203608527927, 0.0 ], [ -46.135127278353949, -23.620849824303473, 0.0 ] ] } },
{ "type": "Feature", "properties": { "ua_id": "UA-R1-MOG-25K-011", "regiao_id": 1, "regiao_nome": "Mogi-Bertioga", "sigla_rodovia": "SP-098", "escala": "25K", "tipo": "UTB", "extensao_km": 0.3513, "ordem_no_grupo": 11, "km_inicial": 65.851, "km_final": 66.146, "subtrecho_der": "098SPE6252", "municipio": "Mogi das Cruzes", "regional": "São Paulo", "residencia_dr": "DR 10", "uba_nome": "Mogi das Cruzes", "uba_codigo": "RC 10.04", "jurisdicao": "Estadual", "conservado_por": "Novo Litoral", "centroide_lon": -46.133814, "centroide_lat": -23.621817, "buffer_lateral_m": 1000, "icc_hid_thresholds": "110;160;200;280", "trecho_critico_hid": false, "RAHID": 1, "hazard": "hidro" }, "geometry": { "type": "LineString", "coordinates": [ [ -46.135127278353949, -23.620849824303473, 0.0 ], [ -46.135121739208429, -23.620853451236584, 0.0 ], [ -46.13422420249784, -23.621304976277528, 0.0 ], [ -46.133716078484682, -23.621684469765253, 0.0 ], [ -46.133397574093607, -23.622068678415026, 0.0 ], [ -46.132846680258545, -23.623087010481854, 0.0 ] ] } },
{ "type": "Feature", "properties": { "ua_id": "UA-R1-MOG-25K-012", "regiao_id": 1, "regiao_nome": "Mogi-Bertioga", "sigla_rodovia": "SP-098", "escala": "25K", "tipo": "UTB", "extensao_km": 0.3513, "ordem_no_grupo": 12, "km_inicial": 66.146, "km_final": 66.441, "subtrecho_der": "098SPE6252", "municipio": "Mogi das Cruzes", "regional": "São Paulo", "residencia_dr": "DR 10", "uba_nome": "Mogi das Cruzes", "uba_codigo": "RC 10.04", "jurisdicao": "Estadual", "conservado_por": "Novo Litoral", "centroide_lon": -46.132075, "centroide_lat": -23.624505, "buffer_lateral_m": 1000, "icc_hid_thresholds": "110;160;200;280", "trecho_critico_hid": false, "RAHID": 1, "hazard": "hidro" }, "geometry": { "type": "LineString", "coordinates": [ [ -46.132846680258545, -23.623087010481854, 0.0 ], [ -46.132270005576707, -23.624152980442275, 0.0 ], [ -46.131506861922283, -23.625527465887057, 0.0 ], [ -46.131326737894739, -23.625932262055109, 0.0 ] ] } },
{ "type": "Feature", "properties": { "ua_id": "UA-R1-MOG-25K-013", "regiao_id": 1, "regiao_nome": "Mogi-Bertioga", "sigla_rodovia": "SP-098", "escala": "25K", "tipo": "UTB", "extensao_km": 0.3513, "ordem_no_grupo": 13, "km_inicial": 66.441, "km_final": 66.737, "subtrecho_der": "098SPE6252", "municipio": "Mogi das Cruzes", "regional": "São Paulo", "residencia_dr": "DR 10", "uba_nome": "Mogi das Cruzes", "uba_codigo": "RC 10.04", "jurisdicao": "Estadual", "conservado_por": "Novo Litoral", "centroide_lon": -46.131053, "centroide_lat": -23.627479, "buffer_lateral_m": 1000, "icc_hid_thresholds": "110;160;200;280", "trecho_critico_hid": false, "RAHID": 1, "hazard": "hidro" }, "geometry": { "type": "LineString", "coordinates": [ [ -46.131326737894739, -23.625932262055109, 0.0 ], [ -46.131116492532378, -23.626404747222185, 0.0 ], [ -46.13095979913399, -23.628783422801686, 0.0 ], [ -46.130784683792825, -23.629010722610051, 0.0 ] ] } },
{ "type": "Feature", "properties": { "ua_id": "UA-R1-MOG-25K-014", "regiao_id": 1, "regiao_nome": "Mogi-Bertioga", "sigla_rodovia": "SP-098", "escala": "25K", "tipo": "UTB", "extensao_km": 0.3513, "ordem_no_grupo": 14, "km_inicial": 66.737, "km_final": 67.032, "subtrecho_der": "098SPE6252", "municipio": "Mogi das Cruzes", "regional": "São Paulo", "residencia_dr": "DR 10", "uba_nome": "Mogi das Cruzes", "uba_codigo": "RC 10.04", "jurisdicao": "Estadual", "conservado_por": "Novo Litoral", "centroide_lon": -46.129406, "centroide_lat": -23.629798, "buffer_lateral_m": 1000, "icc_hid_thresholds": "110;160;200;280", "trecho_critico_hid": false, "RAHID": 1, "hazard": "hidro" }, "geometry": { "type": "LineString", "coordinates": [ [ -46.130784683792825, -23.629010722610051, 0.0 ], [ -46.130696585690934, -23.629125073633489, 0.0 ], [ -46.130250551358799, -23.629413153173651, 0.0 ], [ -46.129337204970199, -23.629670291104425, 0.0 ], [ -46.128866074107691, -23.629796881913489, 0.0 ], [ -46.128759379333502, -23.629922489134206, 0.0 ], [ -46.128585904973356, -23.630144842321716, 0.0 ], [ -46.128519916771637, -23.630538130563338, 0.0 ], [ -46.128694632527832, -23.630867934107048, 0.0 ] ] } },
{ "type": "Feature", "properties": { "ua_id": "UA-R1-MOG-25K-015", "regiao_id": 1, "regiao_nome": "Mogi-Bertioga", "sigla_rodovia": "SP-098", "escala": "25K", "tipo": "UTB", "extensao_km": 0.3513, "ordem_no_grupo": 15, "km_inicial": 67.032, "km_final": 67.327, "subtrecho_der": "098SPE6252", "municipio": "Mogi das Cruzes", "regional": "São Paulo", "residencia_dr": "DR 10", "uba_nome": "Mogi das Cruzes", "uba_codigo": "RC 10.04", "jurisdicao": "Estadual", "conservado_por": "Novo Litoral", "centroide_lon": -46.128955, "centroide_lat": -23.632378, "buffer_lateral_m": 1000, "icc_hid_thresholds": "110;160;200;280", "trecho_critico_hid": false, "RAHID": 1, "hazard": "hidro" }, "geometry": { "type": "LineString", "coordinates": [ [ -46.128694632527832, -23.630867934107048, 0.0 ], [ -46.128893735430132, -23.631243769857896, 0.0 ], [ -46.129031625289812, -23.631473205763939, 0.0 ], [ -46.129074827185605, -23.631810729963139, 0.0 ], [ -46.129001851959664, -23.632906596397429, 0.0 ], [ -46.12895939560515, -23.63343649252602, 0.0 ], [ -46.128773977021602, -23.633762499690906, 0.0 ], [ -46.12862976595455, -23.633841923140963, 0.0 ] ] } },
{ "type": "Feature", "properties": { "ua_id": "UA-R1-MOG-25K-016", "regiao_id": 1, "regiao_nome": "Mogi-Bertioga", "sigla_rodovia": "SP-098", "escala": "25K", "tipo": "UTB", "extensao_km": 0.3513, "ordem_no_grupo": 16, "km_inicial": 67.327, "km_final": 67.622, "subtrecho_der": "098SPE6252", "municipio": "Mogi das Cruzes", "regional": "São Paulo", "residencia_dr": "DR 10", "uba_nome": "Mogi das Cruzes", "uba_codigo": "RC 10.04", "jurisdicao": "Estadual", "conservado_por": "Novo Litoral", "centroide_lon": -46.127101, "centroide_lat": -23.634552, "buffer_lateral_m": 1000, "icc_hid_thresholds": "110;160;200;280", "trecho_critico_hid": false, "RAHID": 1, "hazard": "hidro" }, "geometry": { "type": "LineString", "coordinates": [ [ -46.12862976595455, -23.633841923140963, 0.0 ], [ -46.127336401896464, -23.634554226151717, 0.0 ], [ -46.126638404092837, -23.634780232646087, 0.0 ], [ -46.125483756527217, -23.635070119381254, 0.0 ] ] } },
{ "type": "Feature", "properties": { "ua_id": "UA-R1-MOG-25K-017", "regiao_id": 1, "regiao_nome": "Mogi-Bertioga", "sigla_rodovia": "SP-098", "escala": "25K", "tipo": "UTB", "extensao_km": 0.3513, "ordem_no_grupo": 17, "km_inicial": 67.622, "km_final": 67.917, "subtrecho_der": "098SPE6252", "municipio": "Mogi das Cruzes", "regional": "São Paulo", "residencia_dr": "DR 10", "uba_nome": "Mogi das Cruzes", "uba_codigo": "RC 10.04", "jurisdicao": "Estadual", "conservado_por": "Novo Litoral", "centroide_lon": -46.123918, "centroide_lat": -23.635633, "buffer_lateral_m": 1000, "icc_hid_thresholds": "110;160;200;280", "trecho_critico_hid": false, "RAHID": 1, "hazard": "hidro" }, "geometry": { "type": "LineString", "coordinates": [ [ -46.125483756527217, -23.635070119381254, 0.0 ], [ -46.125098179792033, -23.63516692040432, 0.0 ], [ -46.123703808479085, -23.635525293117883, 0.0 ], [ -46.123385667216638, -23.635695612754258, 0.0 ], [ -46.12278962636011, -23.636402520462465, 0.0 ], [ -46.122679682949119, -23.636616184699118, 0.0 ] ] } },
{ "type": "Feature", "properties": { "ua_id": "UA-R1-MOG-25K-018", "regiao_id": 1, "regiao_nome": "Mogi-Bertioga", "sigla_rodovia": "SP-098", "escala": "25K", "tipo": "UTB", "extensao_km": 0.3513, "ordem_no_grupo": 18, "km_inicial": 67.917, "km_final": 68.212, "subtrecho_der": "098SPE6252", "municipio": "Mogi das Cruzes", "regional": "São Paulo", "residencia_dr": "DR 10", "uba_nome": "Mogi das Cruzes", "uba_codigo": "RC 10.04", "jurisdicao": "Estadual", "conservado_por": "Novo Litoral", "centroide_lon": -46.122867, "centroide_lat": -23.638147, "buffer_lateral_m": 1000, "icc_hid_thresholds": "110;160;200;280", "trecho_critico_hid": false, "RAHID": 1, "hazard": "hidro" }, "geometry": { "type": "LineString", "coordinates": [ [ -46.122679682949119, -23.636616184699118, 0.0 ], [ -46.122658065514358, -23.636658195976366, 0.0 ], [ -46.123076332490321, -23.638109490906249, 0.0 ], [ -46.122990715343533, -23.638623550199192, 0.0 ], [ -46.122603483352229, -23.63966863942769, 0.0 ] ] } },
{ "type": "Feature", "properties": { "ua_id": "UA-R1-MOG-25K-019", "regiao_id": 1, "regiao_nome": "Mogi-Bertioga", "sigla_rodovia": "SP-098", "escala": "25K", "tipo": "UTB", "extensao_km": 0.3513, "ordem_no_grupo": 19, "km_inicial": 68.212, "km_final": 68.507, "subtrecho_der": "098SPE6252", "municipio": "Mogi das Cruzes", "regional": "São Paulo", "residencia_dr": "DR 10", "uba_nome": "Mogi das Cruzes", "uba_codigo": "RC 10.04", "jurisdicao": "Estadual", "conservado_por": "Novo Litoral", "centroide_lon": -46.121711, "centroide_lat": -23.640996, "buffer_lateral_m": 1000, "icc_hid_thresholds": "110;160;200;280", "trecho_critico_hid": false, "RAHID": 1, "hazard": "hidro" }, "geometry": { "type": "LineString", "coordinates": [ [ -46.122603483352229, -23.63966863942769, 0.0 ], [ -46.122590907323357, -23.639702580230427, 0.0 ], [ -46.122279094213297, -23.64045505262704, 0.0 ], [ -46.120826977216794, -23.641986877433265, 0.0 ], [ -46.120613074584512, -23.642209622412501, 0.0 ] ] } },
{ "type": "Feature", "properties": { "ua_id": "UA-R1-MOG-25K-020", "regiao_id": 1, "regiao_nome": "Mogi-Bertioga", "sigla_rodovia": "SP-098", "escala": "25K", "tipo": "UTB", "extensao_km": 0.3513, "ordem_no_grupo": 20, "km_inicial": 68.507, "km_final": 68.802, "subtrecho_der": "098SPE6252", "municipio": "Mogi das Cruzes", "regional": "São Paulo", "residencia_dr": "DR 10", "uba_nome": "Mogi das Cruzes", "uba_codigo": "RC 10.04", "jurisdicao": "Estadual", "conservado_por": "Novo Litoral", "centroide_lon": -46.119784, "centroide_lat": -23.643571, "buffer_lateral_m": 1000, "icc_hid_thresholds": "110;160;200;280", "trecho_critico_hid": false, "RAHID": 0, "hazard": "hidro" }, "geometry": { "type": "LineString", "coordinates": [ [ -46.120613074584512, -23.642209622412501, 0.0 ], [ -46.120083317485978, -23.642761274299158, 0.0 ], [ -46.119143073673456, -23.645037971504212, 0.0 ] ] } },
{ "type": "Feature", "properties": { "ua_id": "UA-R1-MOG-25K-021", "regiao_id": 1, "regiao_nome": "Mogi-Bertioga", "sigla_rodovia": "SP-098", "escala": "25K", "tipo": "UTB", "extensao_km": 0.3513, "ordem_no_grupo": 21, "km_inicial": 68.802, "km_final": 69.098, "subtrecho_der": "098SPE6252", "municipio": "Mogi das Cruzes", "regional": "São Paulo", "residencia_dr": "DR 10", "uba_nome": "Mogi das Cruzes", "uba_codigo": "RC 10.04", "jurisdicao": "Estadual", "conservado_por": "Novo Litoral", "centroide_lon": -46.118246, "centroide_lat": -23.646353, "buffer_lateral_m": 1000, "icc_hid_thresholds": "110;160;200;280", "trecho_critico_hid": false, "RAHID": 0, "hazard": "hidro" }, "geometry": { "type": "LineString", "coordinates": [ [ -46.119143073673456, -23.645037971504212, 0.0 ], [ -46.11902718898294, -23.645318568007561, 0.0 ], [ -46.118793963121455, -23.645900108146687, 0.0 ], [ -46.117496383702111, -23.647133665607122, 0.0 ], [ -46.117216097499295, -23.64747550274793, 0.0 ], [ -46.117191162095985, -23.647579153518873, 0.0 ] ] } },
{ "type": "Feature", "properties": { "ua_id": "UA-R1-MOG-25K-022", "regiao_id": 1, "regiao_nome": "Mogi-Bertioga", "sigla_rodovia": "SP-098", "escala": "25K", "tipo": "UTB", "extensao_km": 0.3513, "ordem_no_grupo": 22, "km_inicial": 69.098, "km_final": 69.393, "subtrecho_der": "098SPE6252", "municipio": "Mogi das Cruzes", "regional": "São Paulo", "residencia_dr": "DR 10", "uba_nome": "Mogi das Cruzes", "uba_codigo": "RC 10.04", "jurisdicao": "Estadual", "conservado_por": "Novo Litoral", "centroide_lon": -46.116547, "centroide_lat": -23.649041, "buffer_lateral_m": 1000, "icc_hid_thresholds": "110;160;200;280", "trecho_critico_hid": false, "RAHID": 0, "hazard": "hidro" }, "geometry": { "type": "LineString", "coordinates": [ [ -46.117191162095985, -23.647579153518873, 0.0 ], [ -46.117088435651475, -23.648006162251743, 0.0 ], [ -46.116403232520526, -23.649283111263415, 0.0 ], [ -46.115862129611429, -23.650495267155566, 0.0 ] ] } },
{ "type": "Feature", "properties": { "ua_id": "UA-R1-MOG-25K-023", "regiao_id": 1, "regiao_nome": "Mogi-Bertioga", "sigla_rodovia": "SP-098", "escala": "25K", "tipo": "UTB", "extensao_km": 0.3513, "ordem_no_grupo": 23, "km_inicial": 69.393, "km_final": 69.688, "subtrecho_der": "098SPE6252", "municipio": "Mogi das Cruzes", "regional": "São Paulo", "residencia_dr": "DR 10", "uba_nome": "Mogi das Cruzes", "uba_codigo": "RC 10.04", "jurisdicao": "Estadual", "conservado_por": "Novo Litoral", "centroide_lon": -46.114932, "centroide_lat": -23.651712, "buffer_lateral_m": 1000, "icc_hid_thresholds": "110;160;200;280", "trecho_critico_hid": false, "RAHID": 0, "hazard": "hidro" }, "geometry": { "type": "LineString", "coordinates": [ [ -46.115862129611429, -23.650495267155566, 0.0 ], [ -46.115628912569704, -23.651017702997652, 0.0 ], [ -46.115265890264808, -23.651711340785727, 0.0 ], [ -46.114956722598805, -23.651851862360719, 0.0 ], [ -46.114591487840705, -23.65190211879489, 0.0 ], [ -46.114272878287977, -23.652085879003167, 0.0 ], [ -46.114119703792809, -23.652359190701155, 0.0 ], [ -46.113999628130081, -23.652873331170053, 0.0 ] ] } },
{ "type": "Feature", "properties": { "ua_id": "UA-R1-MOG-25K-024", "regiao_id": 1, "regiao_nome": "Mogi-Bertioga", "sigla_rodovia": "SP-098", "escala": "25K", "tipo": "UTB", "extensao_km": 0.3513, "ordem_no_grupo": 24, "km_inicial": 69.688, "km_final": 69.983, "subtrecho_der": "098SPE6252", "municipio": "Mogi das Cruzes", "regional": "São Paulo", "residencia_dr": "DR 10", "uba_nome": "Mogi das Cruzes", "uba_codigo": "RC 10.04", "jurisdicao": "Estadual", "conservado_por": "Novo Litoral", "centroide_lon": -46.112987, "centroide_lat": -23.654072, "buffer_lateral_m": 1000, "icc_hid_thresholds": "110;160;200;280", "trecho_critico_hid": false, "RAHID": 0, "hazard": "hidro" }, "geometry": { "type": "LineString", "coordinates": [ [ -46.113999628130081, -23.652873331170053, 0.0 ], [ -46.113907791190549, -23.653266556428584, 0.0 ], [ -46.113336533040332, -23.653899708920822, 0.0 ], [ -46.113013832957094, -23.654264376020787, 0.0 ], [ -46.11266189724622, -23.65443395890599, 0.0 ], [ -46.111781667459567, -23.654864132814755, 0.0 ], [ -46.111682706509875, -23.655033942475246, 0.0 ] ] } },
{ "type": "Feature", "properties": { "ua_id": "UA-R1-MOG-25K-025", "regiao_id": 1, "regiao_nome": "Mogi-Bertioga", "sigla_rodovia": "SP-098", "escala": "25K", "tipo": "UTB", "extensao_km": 0.3513, "ordem_no_grupo": 25, "km_inicial": 69.983, "km_final": 70.278, "subtrecho_der": "098SPE6252", "municipio": "Mogi das Cruzes", "regional": "São Paulo", "residencia_dr": "DR 10", "uba_nome": "Mogi das Cruzes", "uba_codigo": "RC 10.04", "jurisdicao": "Estadual", "conservado_por": "Novo Litoral", "centroide_lon": -46.111122, "centroide_lat": -23.656482, "buffer_lateral_m": 1000, "icc_hid_thresholds": "110;160;200;280", "trecho_critico_hid": false, "RAHID": 0, "hazard": "hidro" }, "geometry": { "type": "LineString", "coordinates": [ [ -46.111682706509875, -23.655033942475246, 0.0 ], [ -46.111293758559896, -23.655701343662532, 0.0 ], [ -46.110901979169768, -23.656530911619374, 0.0 ], [ -46.11082787528504, -23.656739503525372, 0.0 ], [ -46.110843151476843, -23.657052549506467, 0.0 ], [ -46.111177337437283, -23.657980268748247, 0.0 ] ] } },
{ "type": "Feature", "properties": { "ua_id": "UA-R1-MOG-25K-026", "regiao_id": 1, "regiao_nome": "Mogi-Bertioga", "sigla_rodovia": "SP-098", "escala": "25K", "tipo": "UTB", "extensao_km": 0.3513, "ordem_no_grupo": 26, "km_inicial": 70.278, "km_final": 70.573, "subtrecho_der": "098SPE6252", "municipio": "Mogi das Cruzes", "regional": "São Paulo", "residencia_dr": "DR 10", "uba_nome": "Mogi das Cruzes", "uba_codigo": "RC 10.04", "jurisdicao": "Estadual", "conservado_por": "Novo Litoral", "centroide_lon": -46.111454, "centroide_lat": -23.659521, "buffer_lateral_m": 1000, "icc_hid_thresholds": "110;160;200;280", "trecho_critico_hid": false, "RAHID": 0, "hazard": "hidro" }, "geometry": { "type": "LineString", "coordinates": [ [ -46.111177337437283, -23.657980268748247, 0.0 ], [ -46.111434343179255, -23.658693721234854, 0.0 ], [ -46.111598262829389, -23.659601329630565, 0.0 ], [ -46.111484736939609, -23.660576115869233, 0.0 ], [ -46.111301995892674, -23.661068420773855, 0.0 ] ] } },
{ "type": "Feature", "properties": { "ua_id": "UA-R1-MOG-25K-027", "regiao_id": 1, "regiao_nome": "Mogi-Bertioga", "sigla_rodovia": "SP-098", "escala": "25K", "tipo": "UTB", "extensao_km": 0.3513, "ordem_no_grupo": 27, "km_inicial": 70.573, "km_final": 70.868, "subtrecho_der": "098SPE6252", "municipio": "Mogi das Cruzes", "regional": "São Paulo", "residencia_dr": "DR 10", "uba_nome": "Mogi das Cruzes", "uba_codigo": "RC 10.04", "jurisdicao": "Estadual", "conservado_por": "Novo Litoral", "centroide_lon": -46.110747, "centroide_lat": -23.66257, "buffer_lateral_m": 1000, "icc_hid_thresholds": "110;160;200;280", "trecho_critico_hid": false, "RAHID": 0, "hazard": "hidro" }, "geometry": { "type": "LineString", "coordinates": [ [ -46.111301995892674, -23.661068420773855, 0.0 ], [ -46.110497135049251, -23.663236674302311, 0.0 ], [ -46.110224148223956, -23.664022280071528, 0.0 ], [ -46.110222203446519, -23.664078344027352, 0.0 ] ] } },
{ "type": "Feature", "properties": { "ua_id": "UA-R1-MOG-25K-028", "regiao_id": 1, "regiao_nome": "Mogi-Bertioga", "sigla_rodovia": "SP-098", "escala": "25K", "tipo": "UTB", "extensao_km": 0.3513, "ordem_no_grupo": 28, "km_inicial": 70.868, "km_final": 71.163, "subtrecho_der": "098SPE6252", "municipio": "Mogi das Cruzes", "regional": "São Paulo", "residencia_dr": "DR 10", "uba_nome": "Mogi das Cruzes", "uba_codigo": "RC 10.04", "jurisdicao": "Estadual", "conservado_por": "Novo Litoral", "centroide_lon": -46.109921, "centroide_lat": -23.665617, "buffer_lateral_m": 1000, "icc_hid_thresholds": "110;160;200;280", "trecho_critico_hid": false, "RAHID": 0, "hazard": "hidro" }, "geometry": { "type": "LineString", "coordinates": [ [ -46.110222203446519, -23.664078344027352, 0.0 ], [ -46.110196466525068, -23.664820285159408, 0.0 ], [ -46.110130433716719, -23.665347801463675, 0.0 ], [ -46.109697425051607, -23.666406352524568, 0.0 ], [ -46.10943792747571, -23.666855387861148, 0.0 ], [ -46.10920996179091, -23.667007428313109, 0.0 ] ] } },
{ "type": "Feature", "properties": { "ua_id": "UA-R1-MOG-25K-029", "regiao_id": 1, "regiao_nome": "Mogi-Bertioga", "sigla_rodovia": "SP-098", "escala": "25K", "tipo": "UTB", "extensao_km": 0.3513, "ordem_no_grupo": 29, "km_inicial": 71.163, "km_final": 71.459, "subtrecho_der": "098SPE6252", "municipio": "Mogi das Cruzes", "regional": "São Paulo", "residencia_dr": "DR 10", "uba_nome": "Mogi das Cruzes", "uba_codigo": "RC 10.04", "jurisdicao": "Estadual", "conservado_por": "Novo Litoral", "centroide_lon": -46.107905, "centroide_lat": -23.668038, "buffer_lateral_m": 1000, "icc_hid_thresholds": "110;160;200;280", "trecho_critico_hid": false, "RAHID": 0, "hazard": "hidro" }, "geometry": { "type": "LineString", "coordinates": [ [ -46.10920996179091, -23.667007428313109, 0.0 ], [ -46.108815631249257, -23.667270423291797, 0.0 ], [ -46.108654539281595, -23.667377860611019, 0.0 ], [ -46.107392114712958, -23.66847564641553, 0.0 ], [ -46.106640301825394, -23.669113866631584, 0.0 ] ] } },
{ "type": "Feature", "properties": { "ua_id": "UA-R1-MOG-25K-030", "regiao_id": 1, "regiao_nome": "Mogi-Bertioga", "sigla_rodovia": "SP-098", "escala": "25K", "tipo": "UTB", "extensao_km": 0.3513, "ordem_no_grupo": 30, "km_inicial": 71.459, "km_final": 71.754, "subtrecho_der": "098SPE6252", "municipio": "Mogi das Cruzes", "regional": "São Paulo", "residencia_dr": "DR 10", "uba_nome": "Mogi das Cruzes", "uba_codigo": "RC 10.04", "jurisdicao": "Estadual", "conservado_por": "Novo Litoral", "centroide_lon": -46.105371, "centroide_lat": -23.670185, "buffer_lateral_m": 1000, "icc_hid_thresholds": "110;160;200;280", "trecho_critico_hid": false, "RAHID": 0, "hazard": "hidro" }, "geometry": { "type": "LineString", "coordinates": [ [ -46.106640301825394, -23.669113866631584, 0.0 ], [ -46.104712017857679, -23.670750758832945, 0.0 ], [ -46.104138656242917, -23.671190142164296, 0.0 ], [ -46.104069230017785, -23.671219005558427, 0.0 ] ] } },
{ "type": "Feature", "properties": { "ua_id": "UA-R1-MOG-25K-031", "regiao_id": 1, "regiao_nome": "Mogi-Bertioga", "sigla_rodovia": "SP-098", "escala": "25K", "tipo": "UTB", "extensao_km": 0.3513, "ordem_no_grupo": 31, "km_inicial": 71.754, "km_final": 72.049, "subtrecho_der": "098SPE6252", "municipio": "Mogi das Cruzes", "regional": "São Paulo", "residencia_dr": "DR 10", "uba_nome": "Mogi das Cruzes", "uba_codigo": "RC 10.04", "jurisdicao": "Estadual", "conservado_por": "Novo Litoral", "centroide_lon": -46.102813, "centroide_lat": -23.672132, "buffer_lateral_m": 1000, "icc_hid_thresholds": "110;160;200;280", "trecho_critico_hid": false, "RAHID": 0, "hazard": "hidro" }, "geometry": { "type": "LineString", "coordinates": [ [ -46.104069230017785, -23.671219005558427, 0.0 ], [ -46.102946749336809, -23.67168566186588, 0.0 ], [ -46.102719284526259, -23.671830282031593, 0.0 ], [ -46.102402177756701, -23.672213924930873, 0.0 ], [ -46.102214572911578, -23.672716546392774, 0.0 ], [ -46.102363872053509, -23.673474099931031, 0.0 ] ] } },
{ "type": "Feature", "properties": { "ua_id": "UA-R1-MOG-25K-032", "regiao_id": 1, "regiao_nome": "Mogi-Bertioga", "sigla_rodovia": "SP-098", "escala": "25K", "tipo": "UTB", "extensao_km": 0.3513, "ordem_no_grupo": 32, "km_inicial": 72.049, "km_final": 72.344, "subtrecho_der": "098SPE6252", "municipio": "Mogi das Cruzes", "regional": "São Paulo", "residencia_dr": "DR 10", "uba_nome": "Mogi das Cruzes", "uba_codigo": "RC 10.04", "jurisdicao": "Estadual", "conservado_por": "Novo Litoral", "centroide_lon": -46.102666, "centroide_lat": -23.675019, "buffer_lateral_m": 1000, "icc_hid_thresholds": "110;160;200;280", "trecho_critico_hid": false, "RAHID": 0, "hazard": "hidro" }, "geometry": { "type": "LineString", "coordinates": [ [ -46.102363872053509, -23.673474099931031, 0.0 ], [ -46.102517918860755, -23.674255732994506, 0.0 ], [ -46.10256391808884, -23.674851364422118, 0.0 ], [ -46.102587175134325, -23.675370892262247, 0.0 ], [ -46.103131493739035, -23.676316494656255, 0.0 ], [ -46.103172424908408, -23.676503398039227, 0.0 ] ] } },
{ "type": "Feature", "properties": { "ua_id": "UA-R1-MOG-25K-033", "regiao_id": 1, "regiao_nome": "Mogi-Bertioga", "sigla_rodovia": "SP-098", "escala": "25K", "tipo": "UTB", "extensao_km": 0.3513, "ordem_no_grupo": 33, "km_inicial": 72.344, "km_final": 72.639, "subtrecho_der": "098SPE6252", "municipio": "Mogi das Cruzes", "regional": "São Paulo", "residencia_dr": "DR 10", "uba_nome": "Mogi das Cruzes", "uba_codigo": "RC 10.04", "jurisdicao": "Estadual", "conservado_por": "Novo Litoral", "centroide_lon": -46.10331, "centroide_lat": -23.678056, "buffer_lateral_m": 1000, "icc_hid_thresholds": "110;160;200;280", "trecho_critico_hid": false, "RAHID": 0, "hazard": "hidro" }, "geometry": { "type": "LineString", "coordinates": [ [ -46.103172424908408, -23.676503398039227, 0.0 ], [ -46.103426080209893, -23.677661646989126, 0.0 ], [ -46.103465678765829, -23.678363118111548, 0.0 ], [ -46.103236488174971, -23.679100953251723, 0.0 ], [ -46.103033291555882, -23.679409173691855, 0.0 ], [ -46.102956763450798, -23.679553302148388, 0.0 ] ] } },
{ "type": "Feature", "properties": { "ua_id": "UA-R1-MOG-25K-034", "regiao_id": 1, "regiao_nome": "Mogi-Bertioga", "sigla_rodovia": "SP-098", "escala": "25K", "tipo": "UTB", "extensao_km": 0.3513, "ordem_no_grupo": 34, "km_inicial": 72.639, "km_final": 72.934, "subtrecho_der": "098SPE6252", "municipio": "Mogi das Cruzes", "regional": "São Paulo", "residencia_dr": "DR 10", "uba_nome": "Mogi das Cruzes", "uba_codigo": "RC 10.04", "jurisdicao": "Estadual", "conservado_por": "Novo Litoral", "centroide_lon": -46.102065, "centroide_lat": -23.68088, "buffer_lateral_m": 1000, "icc_hid_thresholds": "110;160;200;280", "trecho_critico_hid": false, "RAHID": 0, "hazard": "hidro" }, "geometry": { "type": "LineString", "coordinates": [ [ -46.102956763450798, -23.679553302148388, 0.0 ], [ -46.102894433311796, -23.679670690753003, 0.0 ], [ -46.102610926778254, -23.680183428386478, 0.0 ], [ -46.102415053654184, -23.680589460856844, 0.0 ], [ -46.102023018158462, -23.681194135977936, 0.0 ], [ -46.101379943109016, -23.681654952977937, 0.0 ], [ -46.10083765361113, -23.681924249844425, 0.0 ] ] } },
{ "type": "Feature", "properties": { "ua_id": "UA-R1-MOG-25K-035", "regiao_id": 1, "regiao_nome": "Mogi-Bertioga", "sigla_rodovia": "SP-098", "escala": "25K", "tipo": "UTB", "extensao_km": 0.3513, "ordem_no_grupo": 35, "km_inicial": 72.934, "km_final": 73.229, "subtrecho_der": "098SPE6252", "municipio": "Mogi das Cruzes", "regional": "São Paulo", "residencia_dr": "DR 10", "uba_nome": "Mogi das Cruzes", "uba_codigo": "RC 10.04", "jurisdicao": "Estadual", "conservado_por": "Novo Litoral", "centroide_lon": -46.0994, "centroide_lat": -23.682767, "buffer_lateral_m": 1000, "icc_hid_thresholds": "110;160;200;280", "trecho_critico_hid": false, "RAHID": 0, "hazard": "hidro" }, "geometry": { "type": "LineString", "coordinates": [ [ -46.10083765361113, -23.681924249844425, 0.0 ], [ -46.099850656815619, -23.682414377399201, 0.0 ], [ -46.098788127898516, -23.683028798734661, 0.0 ], [ -46.098221082512808, -23.683863135881047, 0.0 ] ] } },
{ "type": "Feature", "properties": { "ua_id": "UA-R1-MOG-25K-036", "regiao_id": 1, "regiao_nome": "Mogi-Bertioga", "sigla_rodovia": "SP-098", "escala": "25K", "tipo": "UTB", "extensao_km": 0.3513, "ordem_no_grupo": 36, "km_inicial": 73.229, "km_final": 73.524, "subtrecho_der": "098SPE6252", "municipio": "Mogi das Cruzes", "regional": "São Paulo", "residencia_dr": "DR 10", "uba_nome": "Mogi das Cruzes", "uba_codigo": "RC 10.04", "jurisdicao": "Estadual", "conservado_por": "Novo Litoral", "centroide_lon": -46.097955, "centroide_lat": -23.685349, "buffer_lateral_m": 1000, "icc_hid_thresholds": "110;160;200;280", "trecho_critico_hid": false, "RAHID": 0, "hazard": "hidro" }, "geometry": { "type": "LineString", "coordinates": [ [ -46.098221082512808, -23.683863135881047, 0.0 ], [ -46.097955173737084, -23.684254383520173, 0.0 ], [ -46.097789426351298, -23.684716287111868, 0.0 ], [ -46.097768394808597, -23.685194195206574, 0.0 ], [ -46.098120422967263, -23.686379879595066, 0.0 ], [ -46.098091394671833, -23.686859294532301, 0.0 ], [ -46.098077027798638, -23.686893575018651, 0.0 ] ] } },
{ "type": "Feature", "properties": { "ua_id": "UA-R1-MOG-25K-037", "regiao_id": 1, "regiao_nome": "Mogi-Bertioga", "sigla_rodovia": "SP-098", "escala": "25K", "tipo": "UTB", "extensao_km": 0.3513, "ordem_no_grupo": 37, "km_inicial": 73.524, "km_final": 73.82, "subtrecho_der": "098SPE6252", "municipio": "Mogi das Cruzes", "regional": "São Paulo", "residencia_dr": "DR 10", "uba_nome": "Mogi das Cruzes", "uba_codigo": "RC 10.04", "jurisdicao": "Estadual", "conservado_por": "Novo Litoral", "centroide_lon": -46.09672, "centroide_lat": -23.68775, "buffer_lateral_m": 1000, "icc_hid_thresholds": "110;160;200;280", "trecho_critico_hid": false, "RAHID": 0, "hazard": "hidro" }, "geometry": { "type": "LineString", "coordinates": [ [ -46.098077027798638, -23.686893575018651, 0.0 ], [ -46.097955557395693, -23.687183412195981, 0.0 ], [ -46.09774698839712, -23.687353950055638, 0.0 ], [ -46.095286676705499, -23.688359664986429, 0.0 ], [ -46.095160305781434, -23.688407912163584, 0.0 ] ] } },
{ "type": "Feature", "properties": { "ua_id": "UA-R1-MOG-25K-038", "regiao_id": 1, "regiao_nome": "Mogi-Bertioga", "sigla_rodovia": "SP-098", "escala": "25K", "tipo": "UTB", "extensao_km": 0.3513, "ordem_no_grupo": 38, "km_inicial": 73.82, "km_final": 74.115, "subtrecho_der": "098SPE6252", "municipio": "Mogi das Cruzes", "regional": "São Paulo", "residencia_dr": "DR 10", "uba_nome": "Mogi das Cruzes", "uba_codigo": "RC 10.04", "jurisdicao": "Estadual", "conservado_por": "Novo Litoral", "centroide_lon": -46.093679, "centroide_lat": -23.688935, "buffer_lateral_m": 1000, "icc_hid_thresholds": "110;160;200;280", "trecho_critico_hid": false, "RAHID": 0, "hazard": "hidro" }, "geometry": { "type": "LineString", "coordinates": [ [ -46.095160305781434, -23.688407912163584, 0.0 ], [ -46.094637662565169, -23.688607450754404, 0.0 ], [ -46.093524317121009, -23.688649174977076, 0.0 ], [ -46.093190709326457, -23.688864393217262, 0.0 ], [ -46.092968248644986, -23.68912010528447, 0.0 ], [ -46.092870846213643, -23.68939416842089, 0.0 ], [ -46.092850078376415, -23.689736886870044, 0.0 ], [ -46.092912564107188, -23.69002202540932, 0.0 ] ] } },
{ "type": "Feature", "properties": { "ua_id": "UA-R1-MOG-25K-039", "regiao_id": 1, "regiao_nome": "Mogi-Bertioga", "sigla_rodovia": "SP-098", "escala": "25K", "tipo": "UTB", "extensao_km": 0.3513, "ordem_no_grupo": 39, "km_inicial": 74.115, "km_final": 74.41, "subtrecho_der": "098SPE6252", "municipio": "Mogi das Cruzes", "regional": "São Paulo", "residencia_dr": "DR 10", "uba_nome": "Mogi das Cruzes", "uba_codigo": "RC 10.04", "jurisdicao": "Estadual", "conservado_por": "Novo Litoral", "centroide_lon": -46.092781, "centroide_lat": -23.691523, "buffer_lateral_m": 1000, "icc_hid_thresholds": "110;160;200;280", "trecho_critico_hid": false, "RAHID": 0, "hazard": "hidro" }, "geometry": { "type": "LineString", "coordinates": [ [ -46.092912564107188, -23.69002202540932, 0.0 ], [ -46.093115967749561, -23.690950199090473, 0.0 ], [ -46.093067829160567, -23.691379165951972, 0.0 ], [ -46.092186241677695, -23.692776957940026, 0.0 ], [ -46.092165823916567, -23.692953826282235, 0.0 ] ] } },
{ "type": "Feature", "properties": { "ua_id": "UA-R1-MOG-25K-040", "regiao_id": 1, "regiao_nome": "Mogi-Bertioga", "sigla_rodovia": "SP-098", "escala": "25K", "tipo": "UTB", "extensao_km": 0.3513, "ordem_no_grupo": 40, "km_inicial": 74.41, "km_final": 74.705, "subtrecho_der": "098SPE6252", "municipio": "Mogi das Cruzes", "regional": "São Paulo", "residencia_dr": "DR 10", "uba_nome": "Mogi das Cruzes", "uba_codigo": "RC 10.04", "jurisdicao": "Estadual", "conservado_por": "Novo Litoral", "centroide_lon": -46.091968, "centroide_lat": -23.694529, "buffer_lateral_m": 1000, "icc_hid_thresholds": "110;160;200;280", "trecho_critico_hid": false, "RAHID": 0, "hazard": "hidro" }, "geometry": { "type": "LineString", "coordinates": [ [ -46.092165823916567, -23.692953826282235, 0.0 ], [ -46.091999799410203, -23.694391994815664, 0.0 ], [ -46.091743584103355, -23.696101976567558, 0.0 ] ] } },
{ "type": "Feature", "properties": { "ua_id": "UA-R1-MOG-25K-041", "regiao_id": 1, "regiao_nome": "Mogi-Bertioga", "sigla_rodovia": "SP-098", "escala": "25K", "tipo": "UTB", "extensao_km": 0.3513, "ordem_no_grupo": 41, "km_inicial": 74.705, "km_final": 75.0, "subtrecho_der": "098SPE6252", "municipio": "Mogi das Cruzes", "regional": "São Paulo", "residencia_dr": "DR 10", "uba_nome": "Mogi das Cruzes", "uba_codigo": "RC 10.04", "jurisdicao": "Estadual", "conservado_por": "Novo Litoral", "centroide_lon": -46.091638, "centroide_lat": -23.697683, "buffer_lateral_m": 1000, "icc_hid_thresholds": "110;160;200;280", "trecho_critico_hid": false, "RAHID": 0, "hazard": "hidro" }, "geometry": { "type": "LineString", "coordinates": [ [ -46.091743584103355, -23.696101976567558, 0.0 ], [ -46.091727155968762, -23.696211616665956, 0.0 ], [ -46.091727042020942, -23.696213010335335, 0.0 ], [ -46.091714439584948, -23.696372378373862, 0.0 ], [ -46.091663969988666, -23.697010547170422, 0.0 ], [ -46.091577481943283, -23.697828515715045, 0.0 ], [ -46.091608688284119, -23.698652453882385, 0.0 ], [ -46.091649640526576, -23.699265748233845, 0.0 ] ] } },
{ "type": "Feature", "properties": { "ua_id": "UA-R2-CAR-10K-001", "regiao_id": 2, "regiao_nome": "Caraguatatuba-Ubatuba", "sigla_rodovia": "SP-055", "escala": "10K", "tipo": "UTB", "extensao_km": 0.328, "ordem_no_grupo": 1, "km_inicial": 81.97, "km_final": 82.302, "subtrecho_der": "055SPE0266", "municipio": "Caraguatatuba", "regional": "Taubaté", "residencia_dr": "DR 06", "uba_nome": "Caraguatatuba", "uba_codigo": "RC 06.04", "jurisdicao": "Estadual", "conservado_por": "05.04", "centroide_lon": -45.27491, "centroide_lat": -23.565915, "buffer_lateral_m": 1000, "icc_hid_thresholds": "70;80;120;143", "trecho_critico_hid": true, "RAHID": 1, "hazard": "hidro" }, "geometry": { "type": "LineString", "coordinates": [ [ -45.273303542102752, -23.565889334924623, 0.0 ], [ -45.273329605185673, -23.565889651370401, 0.0 ], [ -45.275020044254894, -23.565910612068762, 0.0 ], [ -45.276517057694413, -23.56595211477719, 0.0 ] ] } },
{ "type": "Feature", "properties": { "ua_id": "UA-R2-CAR-10K-002", "regiao_id": 2, "regiao_nome": "Caraguatatuba-Ubatuba", "sigla_rodovia": "SP-055", "escala": "10K", "tipo": "UTB", "extensao_km": 0.328, "ordem_no_grupo": 2, "km_inicial": 82.302, "km_final": 82.635, "subtrecho_der": "055SPE0266", "municipio": "Caraguatatuba", "regional": "Taubaté", "residencia_dr": "DR 06", "uba_nome": "Caraguatatuba", "uba_codigo": "RC 06.04", "jurisdicao": "Estadual", "conservado_por": "05.04", "centroide_lon": -45.278121, "centroide_lat": -23.566031, "buffer_lateral_m": 1000, "icc_hid_thresholds": "70;80;120;143", "trecho_critico_hid": true, "RAHID": 1, "hazard": "hidro" }, "geometry": { "type": "LineString", "coordinates": [ [ -45.276517057694413, -23.56595211477719, 0.0 ], [ -45.277976992777404, -23.565992575623923, 0.0 ], [ -45.279132229713326, -23.566092108049123, 0.0 ], [ -45.279711390221827, -23.566211567789363, 0.0 ] ] } },
{ "type": "Feature", "properties": { "ua_id": "UA-R2-CAR-10K-003", "regiao_id": 2, "regiao_nome": "Caraguatatuba-Ubatuba", "sigla_rodovia": "SP-055", "escala": "10K", "tipo": "UTB", "extensao_km": 0.328, "ordem_no_grupo": 3, "km_inicial": 82.635, "km_final": 82.967, "subtrecho_der": "055SPE0266", "municipio": "Caraguatatuba", "regional": "Taubaté", "residencia_dr": "DR 06", "uba_nome": "Caraguatatuba", "uba_codigo": "RC 06.04", "jurisdicao": "Estadual", "conservado_por": "05.04", "centroide_lon": -45.281296, "centroide_lat": -23.566456, "buffer_lateral_m": 1000, "icc_hid_thresholds": "70;80;120;143", "trecho_critico_hid": true, "RAHID": 1, "hazard": "hidro" }, "geometry": { "type": "LineString", "coordinates": [ [ -45.279711390221827, -23.566211567789363, 0.0 ], [ -45.280065698960627, -23.566284647617003, 0.0 ], [ -45.280836375411297, -23.566388647143818, 0.0 ], [ -45.282646608077954, -23.566649860863436, 0.0 ], [ -45.282881842499087, -23.566694279170445, 0.0 ] ] } },
{ "type": "Feature", "properties": { "ua_id": "UA-R2-CAR-10K-004", "regiao_id": 2, "regiao_nome": "Caraguatatuba-Ubatuba", "sigla_rodovia": "SP-055", "escala": "10K", "tipo": "UTB", "extensao_km": 0.328, "ordem_no_grupo": 4, "km_inicial": 82.967, "km_final": 83.299, "subtrecho_der": "055SPE0266", "municipio": "Caraguatatuba", "regional": "Taubaté", "residencia_dr": "DR 06", "uba_nome": "Caraguatatuba", "uba_codigo": "RC 06.04", "jurisdicao": "Estadual", "conservado_por": "05.04", "centroide_lon": -45.28445, "centroide_lat": -23.566993, "buffer_lateral_m": 1000, "icc_hid_thresholds": "70;80;120;143", "trecho_critico_hid": true, "RAHID": 1, "hazard": "hidro" }, "geometry": { "type": "LineString", "coordinates": [ [ -45.282881842499087, -23.566694279170445, 0.0 ], [ -45.283896778690142, -23.566885920783822, 0.0 ], [ -45.284506452069401, -23.56694499954185, 0.0 ], [ -45.284860364533102, -23.567011757499042, 0.0 ], [ -45.285151355996248, -23.567093750065052, 0.0 ], [ -45.28566210162289, -23.567293929969168, 0.0 ], [ -45.285946760377705, -23.567473279227226, 0.0 ] ] } },
{ "type": "Feature", "properties": { "ua_id": "UA-R2-CAR-10K-005", "regiao_id": 2, "regiao_nome": "Caraguatatuba-Ubatuba", "sigla_rodovia": "SP-055", "escala": "10K", "tipo": "UTB", "extensao_km": 0.328, "ordem_no_grupo": 5, "km_inicial": 83.299, "km_final": 83.631, "subtrecho_der": "055SPE0266", "municipio": "Caraguatatuba", "regional": "Taubaté", "residencia_dr": "DR 06", "uba_nome": "Caraguatatuba", "uba_codigo": "RC 06.04", "jurisdicao": "Estadual", "conservado_por": "05.04", "centroide_lon": -45.287162, "centroide_lat": -23.568438, "buffer_lateral_m": 1000, "icc_hid_thresholds": "70;80;120;143", "trecho_critico_hid": true, "RAHID": 1, "hazard": "hidro" }, "geometry": { "type": "LineString", "coordinates": [ [ -45.285946760377705, -23.567473279227226, 0.0 ], [ -45.286230654354789, -23.567652145623232, 0.0 ], [ -45.286731825454396, -23.568080032098912, 0.0 ], [ -45.287738122935806, -23.568935626495449, 0.0 ], [ -45.288273400605327, -23.569323119814129, 0.0 ], [ -45.288390486277891, -23.569390062535852, 0.0 ] ] } },
{ "type": "Feature", "properties": { "ua_id": "UA-R2-CAR-10K-006", "regiao_id": 2, "regiao_nome": "Caraguatatuba-Ubatuba", "sigla_rodovia": "SP-055", "escala": "10K", "tipo": "UTB", "extensao_km": 0.328, "ordem_no_grupo": 6, "km_inicial": 83.631, "km_final": 83.964, "subtrecho_der": "055SPE0266", "municipio": "Caraguatatuba", "regional": "Taubaté", "residencia_dr": "DR 06", "uba_nome": "Caraguatatuba", "uba_codigo": "RC 06.04", "jurisdicao": "Estadual", "conservado_por": "05.04", "centroide_lon": -45.289829, "centroide_lat": -23.570041, "buffer_lateral_m": 1000, "icc_hid_thresholds": "70;80;120;143", "trecho_critico_hid": true, "RAHID": 1, "hazard": "hidro" }, "geometry": { "type": "LineString", "coordinates": [ [ -45.288390486277891, -23.569390062535852, 0.0 ], [ -45.288816119341348, -23.569633413236218, 0.0 ], [ -45.289299587952634, -23.569864847069521, 0.0 ], [ -45.291312731349549, -23.570608551048831, 0.0 ] ] } },
{ "type": "Feature", "properties": { "ua_id": "UA-R2-CAR-10K-007", "regiao_id": 2, "regiao_nome": "Caraguatatuba-Ubatuba", "sigla_rodovia": "SP-055", "escala": "10K", "tipo": "UTB", "extensao_km": 0.328, "ordem_no_grupo": 7, "km_inicial": 83.964, "km_final": 84.296, "subtrecho_der": "055SPE0266", "municipio": "Caraguatatuba", "regional": "Taubaté", "residencia_dr": "DR 06", "uba_nome": "Caraguatatuba", "uba_codigo": "RC 06.04", "jurisdicao": "Estadual", "conservado_por": "05.04", "centroide_lon": -45.292802, "centroide_lat": -23.571045, "buffer_lateral_m": 1000, "icc_hid_thresholds": "70;80;120;143", "trecho_critico_hid": true, "RAHID": 1, "hazard": "hidro" }, "geometry": { "type": "LineString", "coordinates": [ [ -45.291312731349549, -23.570608551048831, 0.0 ], [ -45.29313874753062, -23.571283095729985, 0.0 ], [ -45.293299913189067, -23.571332124075706, 0.0 ], [ -45.293622529016893, -23.571323709303297, 0.0 ], [ -45.294029559923104, -23.571082679621977, 0.0 ], [ -45.294181756074828, -23.570875976725151, 0.0 ] ] } },
{ "type": "Feature", "properties": { "ua_id": "UA-R2-CAR-10K-008", "regiao_id": 2, "regiao_nome": "Caraguatatuba-Ubatuba", "sigla_rodovia": "SP-055", "escala": "10K", "tipo": "UTB", "extensao_km": 0.328, "ordem_no_grupo": 8, "km_inicial": 84.296, "km_final": 84.628, "subtrecho_der": "055SPE0266", "municipio": "Caraguatatuba", "regional": "Taubaté", "residencia_dr": "DR 06", "uba_nome": "Caraguatatuba", "uba_codigo": "RC 06.04", "jurisdicao": "Estadual", "conservado_por": "05.04", "centroide_lon": -45.295264, "centroide_lat": -23.569999, "buffer_lateral_m": 1000, "icc_hid_thresholds": "70;80;120;143", "trecho_critico_hid": true, "RAHID": 1, "hazard": "hidro" }, "geometry": { "type": "LineString", "coordinates": [ [ -45.294181756074828, -23.570875976725151, 0.0 ], [ -45.29441029383414, -23.570565590139704, 0.0 ], [ -45.294641755779566, -23.570130458348014, 0.0 ], [ -45.294976367420986, -23.569784946430726, 0.0 ], [ -45.2954650735686, -23.569634510159826, 0.0 ], [ -45.296021784353073, -23.569727301621068, 0.0 ], [ -45.296692081164124, -23.569907692916843, 0.0 ] ] } },
{ "type": "Feature", "properties": { "ua_id": "UA-R2-CAR-10K-009", "regiao_id": 2, "regiao_nome": "Caraguatatuba-Ubatuba", "sigla_rodovia": "SP-055", "escala": "10K", "tipo": "UTB", "extensao_km": 0.328, "ordem_no_grupo": 9, "km_inicial": 84.628, "km_final": 84.961, "subtrecho_der": "055SPE0266", "municipio": "Caraguatatuba", "regional": "Taubaté", "residencia_dr": "DR 06", "uba_nome": "Caraguatatuba", "uba_codigo": "RC 06.04", "jurisdicao": "Estadual", "conservado_por": "05.04", "centroide_lon": -45.298239, "centroide_lat": -23.570306, "buffer_lateral_m": 1000, "icc_hid_thresholds": "70;80;120;143", "trecho_critico_hid": true, "RAHID": 1, "hazard": "hidro" }, "geometry": { "type": "LineString", "coordinates": [ [ -45.296692081164124, -23.569907692916843, 0.0 ], [ -45.298549974418194, -23.570407674212383, 0.0 ], [ -45.299800736591642, -23.57065400846648, 0.0 ] ] } },
{ "type": "Feature", "properties": { "ua_id": "UA-R2-CAR-10K-010", "regiao_id": 2, "regiao_nome": "Caraguatatuba-Ubatuba", "sigla_rodovia": "SP-055", "escala": "10K", "tipo": "UTB", "extensao_km": 0.328, "ordem_no_grupo": 10, "km_inicial": 84.961, "km_final": 85.293, "subtrecho_der": "055SPE0266", "municipio": "Caraguatatuba", "regional": "Taubaté", "residencia_dr": "DR 06", "uba_nome": "Caraguatatuba", "uba_codigo": "RC 06.04", "jurisdicao": "Estadual", "conservado_por": "05.04", "centroide_lon": -45.301381, "centroide_lat": -23.57092, "buffer_lateral_m": 1000, "icc_hid_thresholds": "70;80;120;143", "trecho_critico_hid": true, "RAHID": 1, "hazard": "hidro" }, "geometry": { "type": "LineString", "coordinates": [ [ -45.299800736591642, -23.57065400846648, 0.0 ], [ -45.300099608148734, -23.570712868787126, 0.0 ], [ -45.301856222831887, -23.570982625569055, 0.0 ], [ -45.302956183884667, -23.571213090029108, 0.0 ] ] } },
{ "type": "Feature", "properties": { "ua_id": "UA-R2-CAR-10K-011", "regiao_id": 2, "regiao_nome": "Caraguatatuba-Ubatuba", "sigla_rodovia": "SP-055", "escala": "10K", "tipo": "UTB", "extensao_km": 0.328, "ordem_no_grupo": 11, "km_inicial": 85.293, "km_final": 85.625, "subtrecho_der": "055SPE0266", "municipio": "Caraguatatuba", "regional": "Taubaté", "residencia_dr": "DR 06", "uba_nome": "Caraguatatuba", "uba_codigo": "RC 06.04", "jurisdicao": "Estadual", "conservado_por": "05.04", "centroide_lon": -45.304533, "centroide_lat": -23.571502, "buffer_lateral_m": 1000, "icc_hid_thresholds": "70;80;120;143", "trecho_critico_hid": true, "RAHID": 1, "hazard": "hidro" }, "geometry": { "type": "LineString", "coordinates": [ [ -45.302956183884667, -23.571213090029108, 0.0 ], [ -45.30303789153011, -23.571230209117282, 0.0 ], [ -45.304726128815204, -23.571539900688865, 0.0 ], [ -45.306110720213191, -23.571782279084111, 0.0 ] ] } },
{ "type": "Feature", "properties": { "ua_id": "UA-R2-CAR-10K-012", "regiao_id": 2, "regiao_nome": "Caraguatatuba-Ubatuba", "sigla_rodovia": "SP-055", "escala": "10K", "tipo": "UTB", "extensao_km": 0.328, "ordem_no_grupo": 12, "km_inicial": 85.625, "km_final": 85.957, "subtrecho_der": "055SPE0266", "municipio": "Caraguatatuba", "regional": "Taubaté", "residencia_dr": "DR 06", "uba_nome": "Caraguatatuba", "uba_codigo": "RC 06.04", "jurisdicao": "Estadual", "conservado_por": "05.04", "centroide_lon": -45.30769, "centroide_lat": -23.572059, "buffer_lateral_m": 1000, "icc_hid_thresholds": "70;80;120;143", "trecho_critico_hid": true, "RAHID": 1, "hazard": "hidro" }, "geometry": { "type": "LineString", "coordinates": [ [ -45.306110720213191, -23.571782279084111, 0.0 ], [ -45.309268771902502, -23.572335059360075, 0.0 ] ] } },
{ "type": "Feature", "properties": { "ua_id": "UA-R2-CAR-10K-013", "regiao_id": 2, "regiao_nome": "Caraguatatuba-Ubatuba", "sigla_rodovia": "SP-055", "escala": "10K", "tipo": "UTB", "extensao_km": 0.328, "ordem_no_grupo": 13, "km_inicial": 85.957, "km_final": 86.29, "subtrecho_der": "055SPE0266", "municipio": "Caraguatatuba", "regional": "Taubaté", "residencia_dr": "DR 06", "uba_nome": "Caraguatatuba", "uba_codigo": "RC 06.04", "jurisdicao": "Estadual", "conservado_por": "05.04", "centroide_lon": -45.31072, "centroide_lat": -23.572193, "buffer_lateral_m": 1000, "icc_hid_thresholds": "70;80;120;143", "trecho_critico_hid": true, "RAHID": 1, "hazard": "hidro" }, "geometry": { "type": "LineString", "coordinates": [ [ -45.309268771902502, -23.572335059360075, 0.0 ], [ -45.310277802251591, -23.572511663865743, 0.0 ], [ -45.310739737379897, -23.572500152985459, 0.0 ], [ -45.31113410773294, -23.572313828457457, 0.0 ], [ -45.311325215691873, -23.572113951053037, 0.0 ], [ -45.311483814586268, -23.571859605017917, 0.0 ], [ -45.311605604193524, -23.571577801799432, 0.0 ], [ -45.311791676964411, -23.571309176162945, 0.0 ] ] } },
{ "type": "Feature", "properties": { "ua_id": "UA-R2-CAR-10K-014", "regiao_id": 2, "regiao_nome": "Caraguatatuba-Ubatuba", "sigla_rodovia": "SP-055", "escala": "10K", "tipo": "UTB", "extensao_km": 0.328, "ordem_no_grupo": 14, "km_inicial": 86.29, "km_final": 86.622, "subtrecho_der": "055SPE0266", "municipio": "Caraguatatuba", "regional": "Taubaté", "residencia_dr": "DR 06", "uba_nome": "Caraguatatuba", "uba_codigo": "RC 06.04", "jurisdicao": "Estadual", "conservado_por": "05.04", "centroide_lon": -45.313215, "centroide_lat": -23.571162, "buffer_lateral_m": 1000, "icc_hid_thresholds": "70;80;120;143", "trecho_critico_hid": true, "RAHID": 1, "hazard": "hidro" }, "geometry": { "type": "LineString", "coordinates": [ [ -45.311791676964411, -23.571309176162945, 0.0 ], [ -45.311831664040966, -23.571251448287541, 0.0 ], [ -45.312315719993599, -23.570936625968596, 0.0 ], [ -45.313010542349488, -23.570908688797008, 0.0 ], [ -45.313636514027444, -23.571122820186876, 0.0 ], [ -45.314318994832817, -23.571496947352045, 0.0 ], [ -45.314601645155648, -23.571745320651122, 0.0 ] ] } },
{ "type": "Feature", "properties": { "ua_id": "UA-R2-CAR-10K-015", "regiao_id": 2, "regiao_nome": "Caraguatatuba-Ubatuba", "sigla_rodovia": "SP-055", "escala": "10K", "tipo": "UTB", "extensao_km": 0.328, "ordem_no_grupo": 15, "km_inicial": 86.622, "km_final": 86.954, "subtrecho_der": "055SPE0266", "municipio": "Caraguatatuba", "regional": "Taubaté", "residencia_dr": "DR 06", "uba_nome": "Caraguatatuba", "uba_codigo": "RC 06.04", "jurisdicao": "Estadual", "conservado_por": "05.04", "centroide_lon": -45.315721, "centroide_lat": -23.572796, "buffer_lateral_m": 1000, "icc_hid_thresholds": "70;80;120;143", "trecho_critico_hid": true, "RAHID": 1, "hazard": "hidro" }, "geometry": { "type": "LineString", "coordinates": [ [ -45.314601645155648, -23.571745320651122, 0.0 ], [ -45.315965509414632, -23.572943768381425, 0.0 ], [ -45.3164395909616, -23.57345515174703, 0.0 ], [ -45.316572271421983, -23.573994904840394, 0.0 ] ] } },
{ "type": "Feature", "properties": { "ua_id": "UA-R2-CAR-10K-016", "regiao_id": 2, "regiao_nome": "Caraguatatuba-Ubatuba", "sigla_rodovia": "SP-055", "escala": "10K", "tipo": "UTB", "extensao_km": 0.328, "ordem_no_grupo": 16, "km_inicial": 86.954, "km_final": 87.29, "subtrecho_der": "055SPE0266", "municipio": "Caraguatatuba", "regional": "Taubaté", "residencia_dr": "DR 06", "uba_nome": "Caraguatatuba", "uba_codigo": "RC 06.04", "jurisdicao": "Estadual", "conservado_por": "05.04", "centroide_lon": -45.317076, "centroide_lat": -23.575394, "buffer_lateral_m": 1000, "icc_hid_thresholds": "70;80;120;143", "trecho_critico_hid": true, "RAHID": 1, "hazard": "hidro" }, "geometry": { "type": "LineString", "coordinates": [ [ -45.316572271421983, -23.573994904840394, 0.0 ], [ -45.316764651630102, -23.574777512231112, 0.0 ], [ -45.317497229647294, -23.576387369235743, 0.0 ], [ -45.317772955800393, -23.576715154736508, 0.0 ] ] } },
{ "type": "Feature", "properties": { "ua_id": "UA-R2-CAR-10K-017", "regiao_id": 2, "regiao_nome": "Caraguatatuba-Ubatuba", "sigla_rodovia": "SP-055", "escala": "10K", "tipo": "UTB", "extensao_km": 0.328, "ordem_no_grupo": 17, "km_inicial": 87.29, "km_final": 87.644, "subtrecho_der": "055SPE3711", "municipio": "Caraguatatuba", "regional": "Taubaté", "residencia_dr": "DR 06", "uba_nome": "Caraguatatuba", "uba_codigo": "RC 06.04", "jurisdicao": "Estadual", "conservado_por": "05.04", "centroide_lon": -45.31909, "centroide_lat": -23.577512, "buffer_lateral_m": 1000, "icc_hid_thresholds": "70;80;120;143", "trecho_critico_hid": true, "RAHID": 1, "hazard": "hidro" }, "geometry": { "type": "LineString", "coordinates": [ [ -45.317772955800393, -23.576715154736508, 0.0 ], [ -45.317855654354581, -23.576813467033386, 0.0 ], [ -45.318384823833171, -23.5772538757018, 0.0 ], [ -45.318976041431434, -23.577587429050649, 0.0 ], [ -45.320575917136495, -23.578039911960825, 0.0 ] ] } },
{ "type": "Feature", "properties": { "ua_id": "UA-R2-CAR-10K-018", "regiao_id": 2, "regiao_nome": "Caraguatatuba-Ubatuba", "sigla_rodovia": "SP-055", "escala": "10K", "tipo": "UTB", "extensao_km": 0.328, "ordem_no_grupo": 18, "km_inicial": 87.644, "km_final": 87.998, "subtrecho_der": "055SPE3711", "municipio": "Caraguatatuba", "regional": "Taubaté", "residencia_dr": "DR 06", "uba_nome": "Caraguatatuba", "uba_codigo": "RC 06.04", "jurisdicao": "Estadual", "conservado_por": "05.04", "centroide_lon": -45.322109, "centroide_lat": -23.578484, "buffer_lateral_m": 1000, "icc_hid_thresholds": "70;80;120;143", "trecho_critico_hid": true, "RAHID": 1, "hazard": "hidro" }, "geometry": { "type": "LineString", "coordinates": [ [ -45.320575917136495, -23.578039911960825, 0.0 ], [ -45.322743387846323, -23.578652892875688, 0.0 ], [ -45.323275448531923, -23.578828229791377, 0.0 ], [ -45.323605550393907, -23.579006131183995, 0.0 ] ] } },
{ "type": "Feature", "properties": { "ua_id": "UA-R2-CAR-10K-019", "regiao_id": 2, "regiao_nome": "Caraguatatuba-Ubatuba", "sigla_rodovia": "SP-055", "escala": "10K", "tipo": "UTB", "extensao_km": 0.328, "ordem_no_grupo": 19, "km_inicial": 87.998, "km_final": 88.351, "subtrecho_der": "055SPE3711", "municipio": "Caraguatatuba", "regional": "Taubaté", "residencia_dr": "DR 06", "uba_nome": "Caraguatatuba", "uba_codigo": "RC 06.04", "jurisdicao": "Estadual", "conservado_por": "05.04", "centroide_lon": -45.324931, "centroide_lat": -23.579832, "buffer_lateral_m": 1000, "icc_hid_thresholds": "70;80;120;143", "trecho_critico_hid": true, "RAHID": 1, "hazard": "hidro" }, "geometry": { "type": "LineString", "coordinates": [ [ -45.323605550393907, -23.579006131183995, 0.0 ], [ -45.323652967258411, -23.579031685398917, 0.0 ], [ -45.324761277550451, -23.579628979050849, 0.0 ], [ -45.325750092349764, -23.580406691564935, 0.0 ], [ -45.326125097107393, -23.580809638708793, 0.0 ] ] } },
{ "type": "Feature", "properties": { "ua_id": "UA-R2-CAR-10K-020", "regiao_id": 2, "regiao_nome": "Caraguatatuba-Ubatuba", "sigla_rodovia": "SP-055", "escala": "10K", "tipo": "UTB", "extensao_km": 0.3247, "ordem_no_grupo": 20, "km_inicial": 95.581, "km_final": 95.923, "subtrecho_der": "055SPE8406", "municipio": "Caraguatatuba", "regional": "Taubaté", "residencia_dr": "DR 06", "uba_nome": "Caraguatatuba", "uba_codigo": "RC 06.04", "jurisdicao": "Estadual", "conservado_por": "05.04", "centroide_lon": -45.37204, "centroide_lat": -23.608896, "buffer_lateral_m": 1000, "icc_hid_thresholds": "70;80;120;143", "trecho_critico_hid": true, "RAHID": 1, "hazard": "hidro" }, "geometry": { "type": "LineString", "coordinates": [ [ -45.37072028003567, -23.608433716400064, 0.0 ], [ -45.370991496332714, -23.608450713371102, 0.0 ], [ -45.371674649326643, -23.608474357831188, 0.0 ], [ -45.372235698913357, -23.608597737737462, 0.0 ], [ -45.37255935259234, -23.609036887807669, 0.0 ], [ -45.372643836074225, -23.609682460358062, 0.0 ], [ -45.372803323851237, -23.609988468231553, 0.0 ] ] } },
{ "type": "Feature", "properties": { "ua_id": "UA-R2-CAR-10K-021", "regiao_id": 2, "regiao_nome": "Caraguatatuba-Ubatuba", "sigla_rodovia": "SP-055", "escala": "10K", "tipo": "UTB", "extensao_km": 0.328, "ordem_no_grupo": 21, "km_inicial": 95.923, "km_final": 96.268, "subtrecho_der": "055SPE8406", "municipio": "Caraguatatuba", "regional": "Taubaté", "residencia_dr": "DR 06", "uba_nome": "Caraguatatuba", "uba_codigo": "RC 06.04", "jurisdicao": "Estadual", "conservado_por": "05.04", "centroide_lon": -45.374102, "centroide_lat": -23.610726, "buffer_lateral_m": 1000, "icc_hid_thresholds": "70;80;120;143", "trecho_critico_hid": true, "RAHID": 1, "hazard": "hidro" }, "geometry": { "type": "LineString", "coordinates": [ [ -45.372803323851237, -23.609988468231553, 0.0 ], [ -45.372947472803709, -23.610265044234602, 0.0 ], [ -45.37310995791654, -23.610354242991718, 0.0 ], [ -45.37357945174724, -23.61062897885861, 0.0 ], [ -45.374297829052672, -23.610938797945707, 0.0 ], [ -45.375498686238203, -23.611044149039962, 0.0 ], [ -45.375636080729393, -23.611035715802085, 0.0 ] ] } },
{ "type": "Feature", "properties": { "ua_id": "UA-R2-CAR-10K-022", "regiao_id": 2, "regiao_nome": "Caraguatatuba-Ubatuba", "sigla_rodovia": "SP-055", "escala": "10K", "tipo": "UTB", "extensao_km": 0.328, "ordem_no_grupo": 22, "km_inicial": 96.268, "km_final": 96.613, "subtrecho_der": "055SPE8406", "municipio": "Caraguatatuba", "regional": "Taubaté", "residencia_dr": "DR 06", "uba_nome": "Caraguatatuba", "uba_codigo": "RC 06.04", "jurisdicao": "Estadual", "conservado_por": "05.04", "centroide_lon": -45.377079, "centroide_lat": -23.611578, "buffer_lateral_m": 1000, "icc_hid_thresholds": "70;80;120;143", "trecho_critico_hid": true, "RAHID": 1, "hazard": "hidro" }, "geometry": { "type": "LineString", "coordinates": [ [ -45.375636080729393, -23.611035715802085, 0.0 ], [ -45.37576127760353, -23.611028031144006, 0.0 ], [ -45.376104506043681, -23.611091076278612, 0.0 ], [ -45.376345391333984, -23.611102208946889, 0.0 ], [ -45.3768185957016, -23.611328092212503, 0.0 ], [ -45.377372885023249, -23.611676050144503, 0.0 ], [ -45.377797300005604, -23.611978857197801, 0.0 ], [ -45.378044975107777, -23.612198864854079, 0.0 ], [ -45.378388317726788, -23.612412657536378, 0.0 ] ] } },
{ "type": "Feature", "properties": { "ua_id": "UA-R2-CAR-10K-023", "regiao_id": 2, "regiao_nome": "Caraguatatuba-Ubatuba", "sigla_rodovia": "SP-055", "escala": "10K", "tipo": "UTB", "extensao_km": 0.328, "ordem_no_grupo": 23, "km_inicial": 96.613, "km_final": 96.958, "subtrecho_der": "055SPE8406", "municipio": "Caraguatatuba", "regional": "Taubaté", "residencia_dr": "DR 06", "uba_nome": "Caraguatatuba", "uba_codigo": "RC 06.04", "jurisdicao": "Estadual", "conservado_por": "05.04", "centroide_lon": -45.379902, "centroide_lat": -23.612828, "buffer_lateral_m": 1000, "icc_hid_thresholds": "70;80;120;143", "trecho_critico_hid": true, "RAHID": 1, "hazard": "hidro" }, "geometry": { "type": "LineString", "coordinates": [ [ -45.378388317726788, -23.612412657536378, 0.0 ], [ -45.378550373904332, -23.612513566213941, 0.0 ], [ -45.378990141061408, -23.612714006726286, 0.0 ], [ -45.379298221181358, -23.61280656845749, 0.0 ], [ -45.37977456495549, -23.612870642148856, 0.0 ], [ -45.380446133779209, -23.612948681711121, 0.0 ], [ -45.381492822631927, -23.612969253987657, 0.0 ] ] } },
{ "type": "Feature", "properties": { "ua_id": "UA-R2-CAR-10K-024", "regiao_id": 2, "regiao_nome": "Caraguatatuba-Ubatuba", "sigla_rodovia": "SP-055", "escala": "10K", "tipo": "UTB", "extensao_km": 0.328, "ordem_no_grupo": 24, "km_inicial": 96.958, "km_final": 97.303, "subtrecho_der": "055SPE8406", "municipio": "Caraguatatuba", "regional": "Taubaté", "residencia_dr": "DR 06", "uba_nome": "Caraguatatuba", "uba_codigo": "RC 06.04", "jurisdicao": "Estadual", "conservado_por": "05.04", "centroide_lon": -45.383011, "centroide_lat": -23.61333, "buffer_lateral_m": 1000, "icc_hid_thresholds": "70;80;120;143", "trecho_critico_hid": true, "RAHID": 1, "hazard": "hidro" }, "geometry": { "type": "LineString", "coordinates": [ [ -45.381492822631927, -23.612969253987657, 0.0 ], [ -45.382238190227028, -23.612983899600195, 0.0 ], [ -45.383340719774417, -23.61333099222156, 0.0 ], [ -45.383983702828296, -23.613719854091734, 0.0 ], [ -45.384314679323204, -23.614108029368694, 0.0 ] ] } },
{ "type": "Feature", "properties": { "ua_id": "UA-R2-CAR-10K-025", "regiao_id": 2, "regiao_nome": "Caraguatatuba-Ubatuba", "sigla_rodovia": "SP-055", "escala": "10K", "tipo": "UTB", "extensao_km": 0.328, "ordem_no_grupo": 25, "km_inicial": 97.303, "km_final": 97.649, "subtrecho_der": "055SPE8406", "municipio": "Caraguatatuba", "regional": "Taubaté", "residencia_dr": "DR 06", "uba_nome": "Caraguatatuba", "uba_codigo": "RC 06.04", "jurisdicao": "Estadual", "conservado_por": "05.04", "centroide_lon": -45.385646, "centroide_lat": -23.61477, "buffer_lateral_m": 1000, "icc_hid_thresholds": "70;80;120;143", "trecho_critico_hid": true, "RAHID": 1, "hazard": "hidro" }, "geometry": { "type": "LineString", "coordinates": [ [ -45.384314679323204, -23.614108029368694, 0.0 ], [ -45.384615288594837, -23.614460586772946, 0.0 ], [ -45.385154882471497, -23.614816818769164, 0.0 ], [ -45.385662130587413, -23.614947708735698, 0.0 ], [ -45.386665620825212, -23.614922446569611, 0.0 ], [ -45.387195372144539, -23.614988011825584, 0.0 ] ] } },
{ "type": "Feature", "properties": { "ua_id": "UA-R2-CAR-10K-026", "regiao_id": 2, "regiao_nome": "Caraguatatuba-Ubatuba", "sigla_rodovia": "SP-055", "escala": "10K", "tipo": "UTB", "extensao_km": 0.328, "ordem_no_grupo": 26, "km_inicial": 97.649, "km_final": 97.994, "subtrecho_der": "055SPE8406", "municipio": "Caraguatatuba", "regional": "Taubaté", "residencia_dr": "DR 06", "uba_nome": "Caraguatatuba", "uba_codigo": "RC 06.04", "jurisdicao": "Estadual", "conservado_por": "05.04", "centroide_lon": -45.388724, "centroide_lat": -23.615436, "buffer_lateral_m": 1000, "icc_hid_thresholds": "70;80;120;143", "trecho_critico_hid": true, "RAHID": 1, "hazard": "hidro" }, "geometry": { "type": "LineString", "coordinates": [ [ -45.387195372144539, -23.614988011825584, 0.0 ], [ -45.387220548005715, -23.614991127697063, 0.0 ], [ -45.387710065759897, -23.615094401552145, 0.0 ], [ -45.388105690066027, -23.615248655552222, 0.0 ], [ -45.388672509616754, -23.615444785611793, 0.0 ], [ -45.390255524403209, -23.61588292181802, 0.0 ] ] } },
{ "type": "Feature", "properties": { "ua_id": "UA-R2-CAR-10K-027", "regiao_id": 2, "regiao_nome": "Caraguatatuba-Ubatuba", "sigla_rodovia": "SP-055", "escala": "10K", "tipo": "UTB", "extensao_km": 0.328, "ordem_no_grupo": 27, "km_inicial": 97.994, "km_final": 98.339, "subtrecho_der": "055SPE8406", "municipio": "Caraguatatuba", "regional": "Taubaté", "residencia_dr": "DR 06", "uba_nome": "Caraguatatuba", "uba_codigo": "RC 06.04", "jurisdicao": "Estadual", "conservado_por": "05.04", "centroide_lon": -45.391795, "centroide_lat": -23.616309, "buffer_lateral_m": 1000, "icc_hid_thresholds": "70;80;120;143", "trecho_critico_hid": true, "RAHID": 1, "hazard": "hidro" }, "geometry": { "type": "LineString", "coordinates": [ [ -45.390255524403209, -23.61588292181802, 0.0 ], [ -45.39333515671612, -23.616735226885123, 0.0 ] ] } },
{ "type": "Feature", "properties": { "ua_id": "UA-R2-CAR-10K-028", "regiao_id": 2, "regiao_nome": "Caraguatatuba-Ubatuba", "sigla_rodovia": "SP-055", "escala": "10K", "tipo": "UTB", "extensao_km": 0.328, "ordem_no_grupo": 28, "km_inicial": 98.339, "km_final": 98.684, "subtrecho_der": "055SPE8406", "municipio": "Caraguatatuba", "regional": "Taubaté", "residencia_dr": "DR 06", "uba_nome": "Caraguatatuba", "uba_codigo": "RC 06.04", "jurisdicao": "Estadual", "conservado_por": "05.04", "centroide_lon": -45.394876, "centroide_lat": -23.61713, "buffer_lateral_m": 1000, "icc_hid_thresholds": "70;80;120;143", "trecho_critico_hid": true, "RAHID": 1, "hazard": "hidro" }, "geometry": { "type": "LineString", "coordinates": [ [ -45.39333515671612, -23.616735226885123, 0.0 ], [ -45.394139675282553, -23.61695786984777, 0.0 ], [ -45.394651952771284, -23.617013156950271, 0.0 ], [ -45.395127758378855, -23.617142911661862, 0.0 ], [ -45.395494245242887, -23.617326924982361, 0.0 ], [ -45.396407895879058, -23.61755359816415, 0.0 ] ] } },
{ "type": "Feature", "properties": { "ua_id": "UA-R2-CAR-10K-029", "regiao_id": 2, "regiao_nome": "Caraguatatuba-Ubatuba", "sigla_rodovia": "SP-055", "escala": "10K", "tipo": "UTB", "extensao_km": 0.328, "ordem_no_grupo": 29, "km_inicial": 98.684, "km_final": 99.03, "subtrecho_der": "055SPE8406", "municipio": "Caraguatatuba", "regional": "Taubaté", "residencia_dr": "DR 06", "uba_nome": "Caraguatatuba", "uba_codigo": "RC 06.04", "jurisdicao": "Estadual", "conservado_por": "05.04", "centroide_lon": -45.397944, "centroide_lat": -23.617901, "buffer_lateral_m": 1000, "icc_hid_thresholds": "70;80;120;143", "trecho_critico_hid": true, "RAHID": 1, "hazard": "hidro" }, "geometry": { "type": "LineString", "coordinates": [ [ -45.396407895879058, -23.61755359816415, 0.0 ], [ -45.396806625172616, -23.617652519417131, 0.0 ], [ -45.397191610257238, -23.617649546749931, 0.0 ], [ -45.397790531145958, -23.61772809631282, 0.0 ], [ -45.398227196772474, -23.617903153477567, 0.0 ], [ -45.398599122214335, -23.618133525972095, 0.0 ], [ -45.398810757126768, -23.618230470208115, 0.0 ], [ -45.399435997598196, -23.61840080154051, 0.0 ] ] } },
{ "type": "Feature", "properties": { "ua_id": "UA-R2-CAR-10K-030", "regiao_id": 2, "regiao_nome": "Caraguatatuba-Ubatuba", "sigla_rodovia": "SP-055", "escala": "10K", "tipo": "UTB", "extensao_km": 0.328, "ordem_no_grupo": 30, "km_inicial": 99.03, "km_final": 99.375, "subtrecho_der": "055SPE8406", "municipio": "Caraguatatuba", "regional": "Taubaté", "residencia_dr": "DR 06", "uba_nome": "Caraguatatuba", "uba_codigo": "RC 06.04", "jurisdicao": "Estadual", "conservado_por": "05.04", "centroide_lon": -45.400977, "centroide_lat": -23.618816, "buffer_lateral_m": 1000, "icc_hid_thresholds": "70;80;120;143", "trecho_critico_hid": true, "RAHID": 1, "hazard": "hidro" }, "geometry": { "type": "LineString", "coordinates": [ [ -45.399435997598196, -23.61840080154051, 0.0 ], [ -45.399831624735356, -23.618508578851262, 0.0 ], [ -45.402047281913731, -23.619124456688279, 0.0 ], [ -45.402535909504465, -23.619113839911215, 0.0 ] ] } },
{ "type": "Feature", "properties": { "ua_id": "UA-R2-CAR-10K-031", "regiao_id": 2, "regiao_nome": "Caraguatatuba-Ubatuba", "sigla_rodovia": "SP-055", "escala": "10K", "tipo": "UTB", "extensao_km": 0.328, "ordem_no_grupo": 31, "km_inicial": 99.375, "km_final": 99.728, "subtrecho_der": "055SPE8406", "municipio": "Caraguatatuba", "regional": "Taubaté", "residencia_dr": "DR 06", "uba_nome": "Caraguatatuba", "uba_codigo": "RC 06.04", "jurisdicao": "Estadual", "conservado_por": "05.04", "centroide_lon": -45.404034, "centroide_lat": -23.619546, "buffer_lateral_m": 1000, "icc_hid_thresholds": "70;80;120;143", "trecho_critico_hid": true, "RAHID": 1, "hazard": "hidro" }, "geometry": { "type": "LineString", "coordinates": [ [ -45.402535909504465, -23.619113839911215, 0.0 ], [ -45.402917081974785, -23.61910555682293, 0.0 ], [ -45.403278441744717, -23.619189383633749, 0.0 ], [ -45.40357404767613, -23.619268330688417, 0.0 ], [ -45.403929991462405, -23.619446842678457, 0.0 ], [ -45.404209495347004, -23.619652355773241, 0.0 ], [ -45.404709020015396, -23.619870064044648, 0.0 ], [ -45.405509444657056, -23.620100241937656, 0.0 ] ] } },
{ "type": "Feature", "properties": { "ua_id": "UA-R2-CAR-10K-032", "regiao_id": 2, "regiao_nome": "Caraguatatuba-Ubatuba", "sigla_rodovia": "SP-055", "escala": "10K", "tipo": "UTB", "extensao_km": 0.328, "ordem_no_grupo": 32, "km_inicial": 99.728, "km_final": 100.105, "subtrecho_der": "055SPE9681", "municipio": "Caraguatatuba", "regional": "Taubaté", "residencia_dr": "DR 06", "uba_nome": "Caraguatatuba", "uba_codigo": "RC 06.04", "jurisdicao": "Estadual", "conservado_por": "05.04", "centroide_lon": -45.407047, "centroide_lat": -23.620532, "buffer_lateral_m": 1000, "icc_hid_thresholds": "70;80;120;143", "trecho_critico_hid": true, "RAHID": 1, "hazard": "hidro" }, "geometry": { "type": "LineString", "coordinates": [ [ -45.405509444657056, -23.620100241937656, 0.0 ], [ -45.406303815430952, -23.620328674017252, 0.0 ], [ -45.406802791593933, -23.620477408207616, 0.0 ], [ -45.408591264558616, -23.620944892653309, 0.0 ] ] } },
{ "type": "Feature", "properties": { "ua_id": "UA-R2-CAR-10K-033", "regiao_id": 2, "regiao_nome": "Caraguatatuba-Ubatuba", "sigla_rodovia": "SP-055", "escala": "10K", "tipo": "UTB", "extensao_km": 0.328, "ordem_no_grupo": 33, "km_inicial": 100.105, "km_final": 100.482, "subtrecho_der": "055SPE9681", "municipio": "Caraguatatuba", "regional": "Taubaté", "residencia_dr": "DR 06", "uba_nome": "Caraguatatuba", "uba_codigo": "RC 06.04", "jurisdicao": "Estadual", "conservado_por": "05.04", "centroide_lon": -45.41003, "centroide_lat": -23.62158, "buffer_lateral_m": 1000, "icc_hid_thresholds": "70;80;120;143", "trecho_critico_hid": true, "RAHID": 1, "hazard": "hidro" }, "geometry": { "type": "LineString", "coordinates": [ [ -45.408591264558616, -23.620944892653309, 0.0 ], [ -45.409207198923276, -23.621105884618292, 0.0 ], [ -45.411414179566847, -23.622328970248496, 0.0 ] ] } },
{ "type": "Feature", "properties": { "ua_id": "UA-R2-CAR-10K-034", "regiao_id": 2, "regiao_nome": "Caraguatatuba-Ubatuba", "sigla_rodovia": "SP-055", "escala": "10K", "tipo": "UTB", "extensao_km": 0.328, "ordem_no_grupo": 34, "km_inicial": 100.482, "km_final": 100.858, "subtrecho_der": "055SPE9681", "municipio": "Caraguatatuba", "regional": "Taubaté", "residencia_dr": "DR 06", "uba_nome": "Caraguatatuba", "uba_codigo": "RC 06.04", "jurisdicao": "Estadual", "conservado_por": "05.04", "centroide_lon": -45.412662, "centroide_lat": -23.623225, "buffer_lateral_m": 1000, "icc_hid_thresholds": "70;80;120;143", "trecho_critico_hid": true, "RAHID": 1, "hazard": "hidro" }, "geometry": { "type": "LineString", "coordinates": [ [ -45.411414179566847, -23.622328970248496, 0.0 ], [ -45.411823721273912, -23.622555927972055, 0.0 ], [ -45.413098916995374, -23.623712880101401, 0.0 ], [ -45.414032269156642, -23.623866625958652, 0.0 ] ] } },
{ "type": "Feature", "properties": { "ua_id": "UA-R2-CAR-10K-035", "regiao_id": 2, "regiao_nome": "Caraguatatuba-Ubatuba", "sigla_rodovia": "SP-055", "escala": "10K", "tipo": "UTB", "extensao_km": 0.328, "ordem_no_grupo": 35, "km_inicial": 100.858, "km_final": 101.235, "subtrecho_der": "055SPE9681", "municipio": "Caraguatatuba", "regional": "Taubaté", "residencia_dr": "DR 06", "uba_nome": "Caraguatatuba", "uba_codigo": "RC 06.04", "jurisdicao": "Estadual", "conservado_por": "05.04", "centroide_lon": -45.415603, "centroide_lat": -23.624163, "buffer_lateral_m": 1000, "icc_hid_thresholds": "70;80;120;143", "trecho_critico_hid": true, "RAHID": 1, "hazard": "hidro" }, "geometry": { "type": "LineString", "coordinates": [ [ -45.414032269156642, -23.623866625958652, 0.0 ], [ -45.414093375335554, -23.623876691427185, 0.0 ], [ -45.414634860439499, -23.623978296814506, 0.0 ], [ -45.415020124081266, -23.624019105589841, 0.0 ], [ -45.415452281002551, -23.624161907797902, 0.0 ], [ -45.4171798936176, -23.6244419357465, 0.0 ] ] } },
{ "type": "Feature", "properties": { "ua_id": "UA-R2-CAR-10K-036", "regiao_id": 2, "regiao_nome": "Caraguatatuba-Ubatuba", "sigla_rodovia": "SP-055", "escala": "10K", "tipo": "UTB", "extensao_km": 0.328, "ordem_no_grupo": 36, "km_inicial": 101.235, "km_final": 101.612, "subtrecho_der": "055SPE9681", "municipio": "Caraguatatuba", "regional": "Taubaté", "residencia_dr": "DR 06", "uba_nome": "Caraguatatuba", "uba_codigo": "RC 06.04", "jurisdicao": "Estadual", "conservado_por": "05.04", "centroide_lon": -45.418763, "centroide_lat": -23.624699, "buffer_lateral_m": 1000, "icc_hid_thresholds": "70;80;120;143", "trecho_critico_hid": true, "RAHID": 1, "hazard": "hidro" }, "geometry": { "type": "LineString", "coordinates": [ [ -45.4171798936176, -23.6244419357465, 0.0 ], [ -45.420347007561766, -23.62495523860591, 0.0 ] ] } },
{ "type": "Feature", "properties": { "ua_id": "UA-R2-CAR-10K-037", "regiao_id": 2, "regiao_nome": "Caraguatatuba-Ubatuba", "sigla_rodovia": "SP-055", "escala": "10K", "tipo": "UTB", "extensao_km": 0.328, "ordem_no_grupo": 37, "km_inicial": 101.612, "km_final": 101.989, "subtrecho_der": "055SPE9681", "municipio": "Caraguatatuba", "regional": "Taubaté", "residencia_dr": "DR 06", "uba_nome": "Caraguatatuba", "uba_codigo": "RC 06.04", "jurisdicao": "Estadual", "conservado_por": "05.04", "centroide_lon": -45.421931, "centroide_lat": -23.625212, "buffer_lateral_m": 1000, "icc_hid_thresholds": "70;80;120;143", "trecho_critico_hid": true, "RAHID": 1, "hazard": "hidro" }, "geometry": { "type": "LineString", "coordinates": [ [ -45.420347007561766, -23.62495523860591, 0.0 ], [ -45.423514145136984, -23.625468476435159, 0.0 ] ] } },
{ "type": "Feature", "properties": { "ua_id": "UA-R2-CAR-10K-038", "regiao_id": 2, "regiao_nome": "Caraguatatuba-Ubatuba", "sigla_rodovia": "SP-055", "escala": "10K", "tipo": "UTB", "extensao_km": 0.328, "ordem_no_grupo": 38, "km_inicial": 101.989, "km_final": 102.357, "subtrecho_der": "055SPE9681", "municipio": "Caraguatatuba", "regional": "Taubaté", "residencia_dr": "DR 06", "uba_nome": "Caraguatatuba", "uba_codigo": "RC 06.04", "jurisdicao": "Estadual", "conservado_por": "05.04", "centroide_lon": -45.424248, "centroide_lat": -23.626349, "buffer_lateral_m": 1000, "icc_hid_thresholds": "70;80;120;143", "trecho_critico_hid": true, "RAHID": 1, "hazard": "hidro" }, "geometry": { "type": "LineString", "coordinates": [ [ -45.423514145136984, -23.625468476435159, 0.0 ], [ -45.423541093665762, -23.625472843175896, 0.0 ], [ -45.424327230912475, -23.625637085999632, 0.0 ], [ -45.424494503736184, -23.625770974470136, 0.0 ], [ -45.424474071279526, -23.625976487320262, 0.0 ], [ -45.424241410354774, -23.62648523984754, 0.0 ], [ -45.424292566071536, -23.627202200494235, 0.0 ], [ -45.424578368407282, -23.627643471428488, 0.0 ] ] } },
{ "type": "Feature", "properties": { "ua_id": "UA-R2-CAR-10K-039", "regiao_id": 2, "regiao_nome": "Caraguatatuba-Ubatuba", "sigla_rodovia": "SP-055", "escala": "10K", "tipo": "UTB", "extensao_km": 0.328, "ordem_no_grupo": 39, "km_inicial": 102.357, "km_final": 102.685, "subtrecho_der": "055SPE4299", "municipio": "Caraguatatuba", "regional": "Taubaté", "residencia_dr": "DR 06", "uba_nome": "Caraguatatuba", "uba_codigo": "RC 06.04", "jurisdicao": "Estadual", "conservado_por": "05.04", "centroide_lon": -45.42542, "centroide_lat": -23.628888, "buffer_lateral_m": 1000, "icc_hid_thresholds": "70;80;120;143", "trecho_critico_hid": false, "RAHID": 1, "hazard": "hidro" }, "geometry": { "type": "LineString", "coordinates": [ [ -45.424578368407282, -23.627643471428488, 0.0 ], [ -45.424810201254822, -23.628001412343821, 0.0 ], [ -45.425236572738136, -23.62846793336632, 0.0 ], [ -45.425404012235802, -23.628664413743202, 0.0 ], [ -45.425581331184731, -23.628955136612738, 0.0 ], [ -45.425674166055273, -23.629181319940354, 0.0 ], [ -45.425732515131585, -23.629466633906784, 0.0 ], [ -45.425924422657232, -23.629862994732452, 0.0 ], [ -45.42612711631736, -23.630201643112024, 0.0 ] ] } },
{ "type": "Feature", "properties": { "ua_id": "UA-R2-CAR-10K-040", "regiao_id": 2, "regiao_nome": "Caraguatatuba-Ubatuba", "sigla_rodovia": "SP-055", "escala": "10K", "tipo": "UTB", "extensao_km": 0.328, "ordem_no_grupo": 40, "km_inicial": 102.685, "km_final": 103.014, "subtrecho_der": "055SPE4299", "municipio": "Caraguatatuba", "regional": "Taubaté", "residencia_dr": "DR 06", "uba_nome": "Caraguatatuba", "uba_codigo": "RC 06.04", "jurisdicao": "Estadual", "conservado_por": "05.04", "centroide_lon": -45.426884, "centroide_lat": -23.631508, "buffer_lateral_m": 1000, "icc_hid_thresholds": "70;80;120;143", "trecho_critico_hid": false, "RAHID": 1, "hazard": "hidro" }, "geometry": { "type": "LineString", "coordinates": [ [ -45.42612711631736, -23.630201643112024, 0.0 ], [ -45.427033116731039, -23.631715309023075, 0.0 ], [ -45.427587011883929, -23.632839199596525, 0.0 ] ] } },
{ "type": "Feature", "properties": { "ua_id": "UA-R2-CAR-10K-041", "regiao_id": 2, "regiao_nome": "Caraguatatuba-Ubatuba", "sigla_rodovia": "SP-055", "escala": "10K", "tipo": "UTB", "extensao_km": 0.328, "ordem_no_grupo": 41, "km_inicial": 103.014, "km_final": 103.342, "subtrecho_der": "055SPE4299", "municipio": "Caraguatatuba", "regional": "Taubaté", "residencia_dr": "DR 06", "uba_nome": "Caraguatatuba", "uba_codigo": "RC 06.04", "jurisdicao": "Estadual", "conservado_por": "05.04", "centroide_lon": -45.428252, "centroide_lat": -23.634188, "buffer_lateral_m": 1000, "icc_hid_thresholds": "70;80;120;143", "trecho_critico_hid": false, "RAHID": 1, "hazard": "hidro" }, "geometry": { "type": "LineString", "coordinates": [ [ -45.427587011883929, -23.632839199596525, 0.0 ], [ -45.428916631495788, -23.635536998673668, 0.0 ] ] } },
{ "type": "Feature", "properties": { "ua_id": "UA-R2-CAR-10K-042", "regiao_id": 2, "regiao_nome": "Caraguatatuba-Ubatuba", "sigla_rodovia": "SP-055", "escala": "10K", "tipo": "UTB", "extensao_km": 0.328, "ordem_no_grupo": 42, "km_inicial": 103.342, "km_final": 103.67, "subtrecho_der": "055SPE4299", "municipio": "Caraguatatuba", "regional": "Taubaté", "residencia_dr": "DR 06", "uba_nome": "Caraguatatuba", "uba_codigo": "RC 06.04", "jurisdicao": "Estadual", "conservado_por": "05.04", "centroide_lon": -45.429581, "centroide_lat": -23.636886, "buffer_lateral_m": 1000, "icc_hid_thresholds": "70;80;120;143", "trecho_critico_hid": false, "RAHID": 1, "hazard": "hidro" }, "geometry": { "type": "LineString", "coordinates": [ [ -45.428916631495788, -23.635536998673668, 0.0 ], [ -45.430246306349744, -23.638234784626409, 0.0 ] ] } },
{ "type": "Feature", "properties": { "ua_id": "UA-R2-CAR-10K-043", "regiao_id": 2, "regiao_nome": "Caraguatatuba-Ubatuba", "sigla_rodovia": "SP-055", "escala": "10K", "tipo": "UTB", "extensao_km": 0.328, "ordem_no_grupo": 43, "km_inicial": 103.67, "km_final": 103.999, "subtrecho_der": "055SPE4299", "municipio": "Caraguatatuba", "regional": "Taubaté", "residencia_dr": "DR 06", "uba_nome": "Caraguatatuba", "uba_codigo": "RC 06.04", "jurisdicao": "Estadual", "conservado_por": "05.04", "centroide_lon": -45.430828, "centroide_lat": -23.639605, "buffer_lateral_m": 1000, "icc_hid_thresholds": "70;80;120;143", "trecho_critico_hid": false, "RAHID": 1, "hazard": "hidro" }, "geometry": { "type": "LineString", "coordinates": [ [ -45.430246306349744, -23.638234784626409, 0.0 ], [ -45.430728744445354, -23.639213575454821, 0.0 ], [ -45.430967227925308, -23.639676618880618, 0.0 ], [ -45.431044535115568, -23.63994773895871, 0.0 ], [ -45.431168008747214, -23.641036882564531, 0.0 ] ] } },
{ "type": "Feature", "properties": { "ua_id": "UA-R2-CAR-10K-044", "regiao_id": 2, "regiao_nome": "Caraguatatuba-Ubatuba", "sigla_rodovia": "SP-055", "escala": "10K", "tipo": "UTB", "extensao_km": 0.328, "ordem_no_grupo": 44, "km_inicial": 103.999, "km_final": 104.327, "subtrecho_der": "055SPE4299", "municipio": "Caraguatatuba", "regional": "Taubaté", "residencia_dr": "DR 06", "uba_nome": "Caraguatatuba", "uba_codigo": "RC 06.04", "jurisdicao": "Estadual", "conservado_por": "05.04", "centroide_lon": -45.431389, "centroide_lat": -23.642503, "buffer_lateral_m": 1000, "icc_hid_thresholds": "70;80;120;143", "trecho_critico_hid": false, "RAHID": 1, "hazard": "hidro" }, "geometry": { "type": "LineString", "coordinates": [ [ -45.431168008747214, -23.641036882564531, 0.0 ], [ -45.431281613564387, -23.642038957377707, 0.0 ], [ -45.43166635383345, -23.64396192457296, 0.0 ] ] } },
{ "type": "Feature", "properties": { "ua_id": "UA-R2-CAR-10K-045", "regiao_id": 2, "regiao_nome": "Caraguatatuba-Ubatuba", "sigla_rodovia": "SP-055", "escala": "10K", "tipo": "UTB", "extensao_km": 0.328, "ordem_no_grupo": 45, "km_inicial": 104.327, "km_final": 104.655, "subtrecho_der": "055SPE4299", "municipio": "Caraguatatuba", "regional": "Taubaté", "residencia_dr": "DR 06", "uba_nome": "Caraguatatuba", "uba_codigo": "RC 06.04", "jurisdicao": "Estadual", "conservado_por": "05.04", "centroide_lon": -45.431958, "centroide_lat": -23.645419, "buffer_lateral_m": 1000, "icc_hid_thresholds": "70;80;120;143", "trecho_critico_hid": false, "RAHID": 1, "hazard": "hidro" }, "geometry": { "type": "LineString", "coordinates": [ [ -45.43166635383345, -23.64396192457296, 0.0 ], [ -45.432249359014989, -23.646875723427502, 0.0 ] ] } },
{ "type": "Feature", "properties": { "ua_id": "UA-R2-CAR-10K-046", "regiao_id": 2, "regiao_nome": "Caraguatatuba-Ubatuba", "sigla_rodovia": "SP-055", "escala": "10K", "tipo": "UTB", "extensao_km": 0.328, "ordem_no_grupo": 46, "km_inicial": 104.655, "km_final": 104.984, "subtrecho_der": "055SPE4299", "municipio": "Caraguatatuba", "regional": "Taubaté", "residencia_dr": "DR 06", "uba_nome": "Caraguatatuba", "uba_codigo": "RC 06.04", "jurisdicao": "Estadual", "conservado_por": "05.04", "centroide_lon": -45.432541, "centroide_lat": -23.648333, "buffer_lateral_m": 1000, "icc_hid_thresholds": "70;80;120;143", "trecho_critico_hid": false, "RAHID": 1, "hazard": "hidro" }, "geometry": { "type": "LineString", "coordinates": [ [ -45.432249359014989, -23.646875723427502, 0.0 ], [ -45.432832391090635, -23.649789518620892, 0.0 ] ] } },
{ "type": "Feature", "properties": { "ua_id": "UA-R2-CAR-10K-047", "regiao_id": 2, "regiao_nome": "Caraguatatuba-Ubatuba", "sigla_rodovia": "SP-055", "escala": "10K", "tipo": "UTB", "extensao_km": 0.328, "ordem_no_grupo": 47, "km_inicial": 104.984, "km_final": 105.312, "subtrecho_der": "055SPE4299", "municipio": "Caraguatatuba", "regional": "Taubaté", "residencia_dr": "DR 06", "uba_nome": "Caraguatatuba", "uba_codigo": "RC 06.04", "jurisdicao": "Estadual", "conservado_por": "05.04", "centroide_lon": -45.433124, "centroide_lat": -23.651246, "buffer_lateral_m": 1000, "icc_hid_thresholds": "70;80;120;143", "trecho_critico_hid": false, "RAHID": 1, "hazard": "hidro" }, "geometry": { "type": "LineString", "coordinates": [ [ -45.432832391090635, -23.649789518620892, 0.0 ], [ -45.433415450066569, -23.652703310152091, 0.0 ] ] } },
{ "type": "Feature", "properties": { "ua_id": "UA-R2-CAR-10K-048", "regiao_id": 2, "regiao_nome": "Caraguatatuba-Ubatuba", "sigla_rodovia": "SP-055", "escala": "10K", "tipo": "UTB", "extensao_km": 0.328, "ordem_no_grupo": 48, "km_inicial": 105.312, "km_final": 105.641, "subtrecho_der": "055SPE4299", "municipio": "Caraguatatuba", "regional": "Taubaté", "residencia_dr": "DR 06", "uba_nome": "Caraguatatuba", "uba_codigo": "RC 06.04", "jurisdicao": "Estadual", "conservado_por": "05.04", "centroide_lon": -45.433707, "centroide_lat": -23.65416, "buffer_lateral_m": 1000, "icc_hid_thresholds": "70;80;120;143", "trecho_critico_hid": false, "RAHID": 1, "hazard": "hidro" }, "geometry": { "type": "LineString", "coordinates": [ [ -45.433415450066569, -23.652703310152091, 0.0 ], [ -45.433998535948987, -23.655617098020109, 0.0 ] ] } },
{ "type": "Feature", "properties": { "ua_id": "UA-R2-CAR-10K-049", "regiao_id": 2, "regiao_nome": "Caraguatatuba-Ubatuba", "sigla_rodovia": "SP-055", "escala": "10K", "tipo": "UTB", "extensao_km": 0.328, "ordem_no_grupo": 49, "km_inicial": 105.641, "km_final": 105.969, "subtrecho_der": "055SPE4299", "municipio": "Caraguatatuba", "regional": "Taubaté", "residencia_dr": "DR 06", "uba_nome": "Caraguatatuba", "uba_codigo": "RC 06.04", "jurisdicao": "Estadual", "conservado_por": "05.04", "centroide_lon": -45.434284, "centroide_lat": -23.657075, "buffer_lateral_m": 1000, "icc_hid_thresholds": "70;80;120;143", "trecho_critico_hid": false, "RAHID": 1, "hazard": "hidro" }, "geometry": { "type": "LineString", "coordinates": [ [ -45.433998535948987, -23.655617098020109, 0.0 ], [ -45.434151219021267, -23.656380060715467, 0.0 ], [ -45.434564199734233, -23.658533783133731, 0.0 ] ] } },
{ "type": "Feature", "properties": { "ua_id": "UA-R2-CAR-10K-050", "regiao_id": 2, "regiao_nome": "Caraguatatuba-Ubatuba", "sigla_rodovia": "SP-055", "escala": "10K", "tipo": "UTB", "extensao_km": 0.328, "ordem_no_grupo": 50, "km_inicial": 105.969, "km_final": 106.297, "subtrecho_der": "055SPE4299", "municipio": "Caraguatatuba", "regional": "Taubaté", "residencia_dr": "DR 06", "uba_nome": "Caraguatatuba", "uba_codigo": "RC 06.04", "jurisdicao": "Estadual", "conservado_por": "05.04", "centroide_lon": -45.434865, "centroide_lat": -23.659989, "buffer_lateral_m": 1000, "icc_hid_thresholds": "70;80;120;143", "trecho_critico_hid": false, "RAHID": 1, "hazard": "hidro" }, "geometry": { "type": "LineString", "coordinates": [ [ -45.434564199734233, -23.658533783133731, 0.0 ], [ -45.434730152382464, -23.659399216175739, 0.0 ], [ -45.435135972911638, -23.661225386261332, 0.0 ], [ -45.435184356792369, -23.66144083613754, 0.0 ] ] } },
{ "type": "Feature", "properties": { "ua_id": "UA-R2-CAR-10K-051", "regiao_id": 2, "regiao_nome": "Caraguatatuba-Ubatuba", "sigla_rodovia": "SP-055", "escala": "10K", "tipo": "UTB", "extensao_km": 0.328, "ordem_no_grupo": 51, "km_inicial": 106.297, "km_final": 106.626, "subtrecho_der": "055SPE4299", "municipio": "Caraguatatuba", "regional": "Taubaté", "residencia_dr": "DR 06", "uba_nome": "Caraguatatuba", "uba_codigo": "RC 06.04", "jurisdicao": "Estadual", "conservado_por": "05.04", "centroide_lon": -45.435487, "centroide_lat": -23.662884, "buffer_lateral_m": 1000, "icc_hid_thresholds": "70;80;120;143", "trecho_critico_hid": false, "RAHID": 1, "hazard": "hidro" }, "geometry": { "type": "LineString", "coordinates": [ [ -45.435184356792369, -23.66144083613754, 0.0 ], [ -45.435263898262264, -23.661795026833669, 0.0 ], [ -45.435251747773769, -23.661899081305393, 0.0 ], [ -45.435310242488534, -23.662366791312397, 0.0 ], [ -45.435409391054606, -23.662789103888365, 0.0 ], [ -45.435685101267509, -23.663427094909618, 0.0 ], [ -45.435769825456887, -23.663852480193068, 0.0 ], [ -45.435744012036565, -23.66421440130398, 0.0 ], [ -45.435744191860657, -23.664326191733469, 0.0 ] ] } },
{ "type": "Feature", "properties": { "ua_id": "UA-R2-CAR-10K-052", "regiao_id": 2, "regiao_nome": "Caraguatatuba-Ubatuba", "sigla_rodovia": "SP-055", "escala": "10K", "tipo": "UTB", "extensao_km": 0.328, "ordem_no_grupo": 52, "km_inicial": 106.626, "km_final": 106.954, "subtrecho_der": "055SPE4299", "municipio": "Caraguatatuba", "regional": "Taubaté", "residencia_dr": "DR 06", "uba_nome": "Caraguatatuba", "uba_codigo": "RC 06.04", "jurisdicao": "Estadual", "conservado_por": "05.04", "centroide_lon": -45.43598, "centroide_lat": -23.665788, "buffer_lateral_m": 1000, "icc_hid_thresholds": "70;80;120;143", "trecho_critico_hid": false, "RAHID": 1, "hazard": "hidro" }, "geometry": { "type": "LineString", "coordinates": [ [ -45.435744191860657, -23.664326191733469, 0.0 ], [ -45.435744649411369, -23.664610629721174, 0.0 ], [ -45.436265007696662, -23.667245833537621, 0.0 ] ] } },
{ "type": "Feature", "properties": { "ua_id": "UA-R2-CAR-10K-053", "regiao_id": 2, "regiao_nome": "Caraguatatuba-Ubatuba", "sigla_rodovia": "SP-055", "escala": "10K", "tipo": "UTB", "extensao_km": 0.328, "ordem_no_grupo": 53, "km_inicial": 106.954, "km_final": 107.282, "subtrecho_der": "055SPE4299", "municipio": "Caraguatatuba", "regional": "Taubaté", "residencia_dr": "DR 06", "uba_nome": "Caraguatatuba", "uba_codigo": "RC 06.04", "jurisdicao": "Estadual", "conservado_por": "05.04", "centroide_lon": -45.436553, "centroide_lat": -23.668703, "buffer_lateral_m": 1000, "icc_hid_thresholds": "70;80;120;143", "trecho_critico_hid": false, "RAHID": 1, "hazard": "hidro" }, "geometry": { "type": "LineString", "coordinates": [ [ -45.436265007696662, -23.667245833537621, 0.0 ], [ -45.436840651102834, -23.670160881088275, 0.0 ] ] } },
{ "type": "Feature", "properties": { "ua_id": "UA-R2-CAR-10K-054", "regiao_id": 2, "regiao_nome": "Caraguatatuba-Ubatuba", "sigla_rodovia": "SP-055", "escala": "10K", "tipo": "UTB", "extensao_km": 0.328, "ordem_no_grupo": 54, "km_inicial": 107.282, "km_final": 107.611, "subtrecho_der": "055SPE4299", "municipio": "Caraguatatuba", "regional": "Taubaté", "residencia_dr": "DR 06", "uba_nome": "Caraguatatuba", "uba_codigo": "RC 06.04", "jurisdicao": "Estadual", "conservado_por": "05.04", "centroide_lon": -45.437128, "centroide_lat": -23.671618, "buffer_lateral_m": 1000, "icc_hid_thresholds": "70;80;120;143", "trecho_critico_hid": false, "RAHID": 1, "hazard": "hidro" }, "geometry": { "type": "LineString", "coordinates": [ [ -45.436840651102834, -23.670160881088275, 0.0 ], [ -45.437416321129639, -23.673075925030265, 0.0 ] ] } },
{ "type": "Feature", "properties": { "ua_id": "UA-R2-CAR-10K-055", "regiao_id": 2, "regiao_nome": "Caraguatatuba-Ubatuba", "sigla_rodovia": "SP-055", "escala": "10K", "tipo": "UTB", "extensao_km": 0.328, "ordem_no_grupo": 55, "km_inicial": 107.611, "km_final": 107.939, "subtrecho_der": "055SPE4299", "municipio": "Caraguatatuba", "regional": "Taubaté", "residencia_dr": "DR 06", "uba_nome": "Caraguatatuba", "uba_codigo": "RC 06.04", "jurisdicao": "Estadual", "conservado_por": "05.04", "centroide_lon": -45.437743, "centroide_lat": -23.674515, "buffer_lateral_m": 1000, "icc_hid_thresholds": "70;80;120;143", "trecho_critico_hid": false, "RAHID": 1, "hazard": "hidro" }, "geometry": { "type": "LineString", "coordinates": [ [ -45.437416321129639, -23.673075925030265, 0.0 ], [ -45.437479808315189, -23.673397399222495, 0.0 ], [ -45.437707864678849, -23.673964435808891, 0.0 ], [ -45.437787465834894, -23.674769964709402, 0.0 ], [ -45.437872989676336, -23.674976944299598, 0.0 ], [ -45.437904948313793, -23.675626077404765, 0.0 ], [ -45.437971851189275, -23.675971943696805, 0.0 ] ] } },
{ "type": "Feature", "properties": { "ua_id": "UA-R2-CAR-10K-056", "regiao_id": 2, "regiao_nome": "Caraguatatuba-Ubatuba", "sigla_rodovia": "SP-055", "escala": "10K", "tipo": "UTB", "extensao_km": 0.328, "ordem_no_grupo": 56, "km_inicial": 107.939, "km_final": 108.267, "subtrecho_der": "055SPE4299", "municipio": "Caraguatatuba", "regional": "Taubaté", "residencia_dr": "DR 06", "uba_nome": "Caraguatatuba", "uba_codigo": "RC 06.04", "jurisdicao": "Estadual", "conservado_por": "05.04", "centroide_lon": -45.438248, "centroide_lat": -23.677431, "buffer_lateral_m": 1000, "icc_hid_thresholds": "70;80;120;143", "trecho_critico_hid": false, "RAHID": 1, "hazard": "hidro" }, "geometry": { "type": "LineString", "coordinates": [ [ -45.437971851189275, -23.675971943696805, 0.0 ], [ -45.438093477259272, -23.676600706264011, 0.0 ], [ -45.438521974081731, -23.678891162617262, 0.0 ] ] } },
{ "type": "Feature", "properties": { "ua_id": "UA-R2-CAR-10K-057", "regiao_id": 2, "regiao_nome": "Caraguatatuba-Ubatuba", "sigla_rodovia": "SP-055", "escala": "10K", "tipo": "UTB", "extensao_km": 0.328, "ordem_no_grupo": 57, "km_inicial": 108.267, "km_final": 108.596, "subtrecho_der": "055SPE4299", "municipio": "Caraguatatuba", "regional": "Taubaté", "residencia_dr": "DR 06", "uba_nome": "Caraguatatuba", "uba_codigo": "RC 06.04", "jurisdicao": "Estadual", "conservado_por": "05.04", "centroide_lon": -45.438795, "centroide_lat": -23.680351, "buffer_lateral_m": 1000, "icc_hid_thresholds": "70;80;120;143", "trecho_critico_hid": false, "RAHID": 1, "hazard": "hidro" }, "geometry": { "type": "LineString", "coordinates": [ [ -45.438521974081731, -23.678891162617262, 0.0 ], [ -45.439068239139338, -23.681811004841624, 0.0 ] ] } },
{ "type": "Feature", "properties": { "ua_id": "UA-R2-CAR-10K-058", "regiao_id": 2, "regiao_nome": "Caraguatatuba-Ubatuba", "sigla_rodovia": "SP-055", "escala": "10K", "tipo": "UTB", "extensao_km": 0.328, "ordem_no_grupo": 58, "km_inicial": 108.596, "km_final": 108.924, "subtrecho_der": "055SPE4299", "municipio": "Caraguatatuba", "regional": "Taubaté", "residencia_dr": "DR 06", "uba_nome": "Caraguatatuba", "uba_codigo": "RC 06.04", "jurisdicao": "Estadual", "conservado_por": "05.04", "centroide_lon": -45.439341, "centroide_lat": -23.683271, "buffer_lateral_m": 1000, "icc_hid_thresholds": "70;80;120;143", "trecho_critico_hid": false, "RAHID": 1, "hazard": "hidro" }, "geometry": { "type": "LineString", "coordinates": [ [ -45.439068239139338, -23.681811004841624, 0.0 ], [ -45.439614529580759, -23.684730843682232, 0.0 ] ] } },
{ "type": "Feature", "properties": { "ua_id": "UA-R2-CAR-10K-059", "regiao_id": 2, "regiao_nome": "Caraguatatuba-Ubatuba", "sigla_rodovia": "SP-055", "escala": "10K", "tipo": "UTB", "extensao_km": 0.328, "ordem_no_grupo": 59, "km_inicial": 108.924, "km_final": 109.253, "subtrecho_der": "055SPE4299", "municipio": "Caraguatatuba", "regional": "Taubaté", "residencia_dr": "DR 06", "uba_nome": "Caraguatatuba", "uba_codigo": "RC 06.04", "jurisdicao": "Estadual", "conservado_por": "05.04", "centroide_lon": -45.439942, "centroide_lat": -23.686178, "buffer_lateral_m": 1000, "icc_hid_thresholds": "70;80;120;143", "trecho_critico_hid": false, "RAHID": 1, "hazard": "hidro" }, "geometry": { "type": "LineString", "coordinates": [ [ -45.439614529580759, -23.684730843682232, 0.0 ], [ -45.439709348728421, -23.685237623357025, 0.0 ], [ -45.43991517143629, -23.686290812782779, 0.0 ], [ -45.440041650973399, -23.686721719894745, 0.0 ], [ -45.440256895291576, -23.687240714437646, 0.0 ], [ -45.440426659585448, -23.68758329964761, 0.0 ] ] } },
{ "type": "Feature", "properties": { "ua_id": "UA-R2-CAR-10K-060", "regiao_id": 2, "regiao_nome": "Caraguatatuba-Ubatuba", "sigla_rodovia": "SP-055", "escala": "10K", "tipo": "UTB", "extensao_km": 0.328, "ordem_no_grupo": 60, "km_inicial": 109.253, "km_final": 109.581, "subtrecho_der": "055SPE4299", "municipio": "Caraguatatuba", "regional": "Taubaté", "residencia_dr": "DR 06", "uba_nome": "Caraguatatuba", "uba_codigo": "RC 06.04", "jurisdicao": "Estadual", "conservado_por": "05.04", "centroide_lon": -45.441489, "centroide_lat": -23.688617, "buffer_lateral_m": 1000, "icc_hid_thresholds": "70;80;120;143", "trecho_critico_hid": false, "RAHID": 1, "hazard": "hidro" }, "geometry": { "type": "LineString", "coordinates": [ [ -45.440426659585448, -23.68758329964761, 0.0 ], [ -45.440687844720152, -23.688110368622478, 0.0 ], [ -45.441057130871904, -23.688493722690268, 0.0 ], [ -45.442155331241786, -23.689015539617994, 0.0 ], [ -45.442554729355521, -23.689274886435399, 0.0 ], [ -45.442771292043894, -23.689475610222015, 0.0 ] ] } },
{ "type": "Feature", "properties": { "ua_id": "UA-R2-CAR-10K-061", "regiao_id": 2, "regiao_nome": "Caraguatatuba-Ubatuba", "sigla_rodovia": "SP-055", "escala": "10K", "tipo": "UTB", "extensao_km": 0.328, "ordem_no_grupo": 61, "km_inicial": 109.581, "km_final": 109.909, "subtrecho_der": "055SPE4299", "municipio": "Caraguatatuba", "regional": "Taubaté", "residencia_dr": "DR 06", "uba_nome": "Caraguatatuba", "uba_codigo": "RC 06.04", "jurisdicao": "Estadual", "conservado_por": "05.04", "centroide_lon": -45.443338, "centroide_lat": -23.690795, "buffer_lateral_m": 1000, "icc_hid_thresholds": "70;80;120;143", "trecho_critico_hid": false, "RAHID": 1, "hazard": "hidro" }, "geometry": { "type": "LineString", "coordinates": [ [ -45.442771292043894, -23.689475610222015, 0.0 ], [ -45.442923934936225, -23.689617088601132, 0.0 ], [ -45.443022205397369, -23.689774942064549, 0.0 ], [ -45.443220126197296, -23.690018375537345, 0.0 ], [ -45.443456808132204, -23.690551077913575, 0.0 ], [ -45.443539013046653, -23.691113580694708, 0.0 ], [ -45.443535867448247, -23.691377103824717, 0.0 ], [ -45.443489587933492, -23.691577997529151, 0.0 ], [ -45.443429435176853, -23.691916688073853, 0.0 ], [ -45.443308551690841, -23.692218964783926, 0.0 ] ] } },
{ "type": "Feature", "properties": { "ua_id": "UA-R2-CAR-10K-062", "regiao_id": 2, "regiao_nome": "Caraguatatuba-Ubatuba", "sigla_rodovia": "SP-055", "escala": "10K", "tipo": "UTB", "extensao_km": 0.328, "ordem_no_grupo": 62, "km_inicial": 109.909, "km_final": 110.238, "subtrecho_der": "055SPE4299", "municipio": "Caraguatatuba", "regional": "Taubaté", "residencia_dr": "DR 06", "uba_nome": "Caraguatatuba", "uba_codigo": "RC 06.04", "jurisdicao": "Estadual", "conservado_por": "05.04", "centroide_lon": -45.442588, "centroide_lat": -23.693542, "buffer_lateral_m": 1000, "icc_hid_thresholds": "70;80;120;143", "trecho_critico_hid": false, "RAHID": 1, "hazard": "hidro" }, "geometry": { "type": "LineString", "coordinates": [ [ -45.443308551690841, -23.692218964783926, 0.0 ], [ -45.443301920769066, -23.692235545775819, 0.0 ], [ -45.442272618174862, -23.694169403695273, 0.0 ], [ -45.441807230755337, -23.694800414425092, 0.0 ], [ -45.441791293892358, -23.694825129114605, 0.0 ] ] } },
{ "type": "Feature", "properties": { "ua_id": "UA-R2-CAR-10K-063", "regiao_id": 2, "regiao_nome": "Caraguatatuba-Ubatuba", "sigla_rodovia": "SP-055", "escala": "10K", "tipo": "UTB", "extensao_km": 0.328, "ordem_no_grupo": 63, "km_inicial": 110.238, "km_final": 110.566, "subtrecho_der": "055SPE4299", "municipio": "Caraguatatuba", "regional": "Taubaté", "residencia_dr": "DR 06", "uba_nome": "Caraguatatuba", "uba_codigo": "RC 06.04", "jurisdicao": "Estadual", "conservado_por": "05.04", "centroide_lon": -45.440977, "centroide_lat": -23.696099, "buffer_lateral_m": 1000, "icc_hid_thresholds": "70;80;120;143", "trecho_critico_hid": false, "RAHID": 1, "hazard": "hidro" }, "geometry": { "type": "LineString", "coordinates": [ [ -45.441791293892358, -23.694825129114605, 0.0 ], [ -45.441297519447353, -23.695590863024798, 0.0 ], [ -45.441095264655651, -23.695961550448125, 0.0 ], [ -45.440869838442815, -23.696368998785054, 0.0 ], [ -45.440590139489764, -23.696745349994163, 0.0 ], [ -45.44027091623618, -23.69706137368825, 0.0 ], [ -45.440071820833339, -23.697314461502806, 0.0 ] ] } },
{ "type": "Feature", "properties": { "ua_id": "UA-R2-CAR-10K-064", "regiao_id": 2, "regiao_nome": "Caraguatatuba-Ubatuba", "sigla_rodovia": "SP-055", "escala": "10K", "tipo": "UTB", "extensao_km": 0.328, "ordem_no_grupo": 64, "km_inicial": 110.566, "km_final": 110.894, "subtrecho_der": "055SPE4299", "municipio": "Caraguatatuba", "regional": "Taubaté", "residencia_dr": "DR 06", "uba_nome": "Caraguatatuba", "uba_codigo": "RC 06.04", "jurisdicao": "Estadual", "conservado_por": "05.04", "centroide_lon": -45.43921, "centroide_lat": -23.698564, "buffer_lateral_m": 1000, "icc_hid_thresholds": "70;80;120;143", "trecho_critico_hid": false, "RAHID": 1, "hazard": "hidro" }, "geometry": { "type": "LineString", "coordinates": [ [ -45.440071820833339, -23.697314461502806, 0.0 ], [ -45.439691991935042, -23.697797292289799, 0.0 ], [ -45.438390095209421, -23.699837836572065, 0.0 ] ] } },
{ "type": "Feature", "properties": { "ua_id": "UA-R2-CAR-10K-065", "regiao_id": 2, "regiao_nome": "Caraguatatuba-Ubatuba", "sigla_rodovia": "SP-055", "escala": "10K", "tipo": "UTB", "extensao_km": 0.328, "ordem_no_grupo": 65, "km_inicial": 110.894, "km_final": 111.223, "subtrecho_der": "055SPE4299", "municipio": "Caraguatatuba", "regional": "Taubaté", "residencia_dr": "DR 06", "uba_nome": "Caraguatatuba", "uba_codigo": "RC 06.04", "jurisdicao": "Estadual", "conservado_por": "05.04", "centroide_lon": -45.43762, "centroide_lat": -23.701135, "buffer_lateral_m": 1000, "icc_hid_thresholds": "70;80;120;143", "trecho_critico_hid": false, "RAHID": 1, "hazard": "hidro" }, "geometry": { "type": "LineString", "coordinates": [ [ -45.438390095209421, -23.699837836572065, 0.0 ], [ -45.437552896704233, -23.701149991258458, 0.0 ], [ -45.437273191952443, -23.701818984818164, 0.0 ], [ -45.437030915087789, -23.70224603402821, 0.0 ], [ -45.436886425814826, -23.702448566967597, 0.0 ] ] } },
{ "type": "Feature", "properties": { "ua_id": "UA-R2-CAR-10K-066", "regiao_id": 2, "regiao_nome": "Caraguatatuba-Ubatuba", "sigla_rodovia": "SP-055", "escala": "10K", "tipo": "UTB", "extensao_km": 0.328, "ordem_no_grupo": 66, "km_inicial": 111.223, "km_final": 111.551, "subtrecho_der": "055SPE4299", "municipio": "Caraguatatuba", "regional": "Taubaté", "residencia_dr": "DR 06", "uba_nome": "Caraguatatuba", "uba_codigo": "RC 06.04", "jurisdicao": "Estadual", "conservado_por": "05.04", "centroide_lon": -45.435943, "centroide_lat": -23.703645, "buffer_lateral_m": 1000, "icc_hid_thresholds": "70;80;120;143", "trecho_critico_hid": false, "RAHID": 1, "hazard": "hidro" }, "geometry": { "type": "LineString", "coordinates": [ [ -45.436886425814826, -23.702448566967597, 0.0 ], [ -45.436751494413535, -23.702637701803255, 0.0 ], [ -45.436291969527595, -23.703136472388209, 0.0 ], [ -45.435621851185246, -23.704036215784406, 0.0 ], [ -45.435067395408758, -23.704886145272873, 0.0 ] ] } },
{ "type": "Feature", "properties": { "ua_id": "UA-R2-CAR-10K-067", "regiao_id": 2, "regiao_nome": "Caraguatatuba-Ubatuba", "sigla_rodovia": "SP-055", "escala": "10K", "tipo": "UTB", "extensao_km": 0.2965, "ordem_no_grupo": 67, "km_inicial": 111.551, "km_final": 111.848, "subtrecho_der": "055SPE4299", "municipio": "Caraguatatuba", "regional": "Taubaté", "residencia_dr": "DR 06", "uba_nome": "Caraguatatuba", "uba_codigo": "RC 06.04", "jurisdicao": "Estadual", "conservado_por": "05.04", "centroide_lon": -45.434356, "centroide_lat": -23.706048, "buffer_lateral_m": 1000, "icc_hid_thresholds": "70;80;120;143", "trecho_critico_hid": true, "RAHID": 1, "hazard": "hidro" }, "geometry": { "type": "LineString", "coordinates": [ [ -45.435067395408758, -23.704886145272873, 0.0 ], [ -45.434942491139928, -23.705077610200149, 0.0 ], [ -45.434800619921873, -23.705412686135386, 0.0 ], [ -45.434694282812664, -23.705586999260902, 0.0 ], [ -45.434540489234003, -23.705762823905197, 0.0 ], [ -45.433612728951715, -23.707197097903908, 0.0 ] ] } },
{ "type": "Feature", "properties": { "ua_id": "UA-R2-CAR-10K-068", "regiao_id": 2, "regiao_nome": "Caraguatatuba-Ubatuba", "sigla_rodovia": "SP-055", "escala": "10K", "tipo": "UTB", "extensao_km": 0.328, "ordem_no_grupo": 68, "km_inicial": 112.222, "km_final": 112.55, "subtrecho_der": "055SPE4299", "municipio": "Caraguatatuba", "regional": "Taubaté", "residencia_dr": "DR 06", "uba_nome": "Caraguatatuba", "uba_codigo": "RC 06.04", "jurisdicao": "Estadual", "conservado_por": "05.04", "centroide_lon": -45.430918, "centroide_lat": -23.711369, "buffer_lateral_m": 1000, "icc_hid_thresholds": "70;80;120;143", "trecho_critico_hid": true, "RAHID": 1, "hazard": "hidro" }, "geometry": { "type": "LineString", "coordinates": [ [ -45.431738216756429, -23.710094894340166, 0.0 ], [ -45.430246279391518, -23.712401163945419, 0.0 ], [ -45.430169796556939, -23.712649108699921, 0.0 ], [ -45.430157944295296, -23.712666716152473, 0.0 ] ] } },
{ "type": "Feature", "properties": { "ua_id": "UA-R2-CAR-1K-001", "regiao_id": 2, "regiao_nome": "Caraguatatuba-Ubatuba", "sigla_rodovia": "SP-055", "escala": "1K", "tipo": "SR", "extensao_km": 0.2397, "ordem_no_grupo": 1, "km_inicial": 88.355, "km_final": 88.614, "subtrecho_der": "055SPE3711", "municipio": "Caraguatatuba", "regional": "Taubaté", "residencia_dr": "DR 06", "uba_nome": "Caraguatatuba", "uba_codigo": "RC 06.04", "jurisdicao": "Estadual", "conservado_por": "05.04", "centroide_lon": -45.326864, "centroide_lat": -23.581688, "buffer_lateral_m": 1000, "icc_hid_thresholds": "70;80;120;143", "trecho_critico_hid": true, "RAHID": 0, "hazard": "hidro" }, "geometry": { "type": "LineString", "coordinates": [ [ -45.326146548090762, -23.580832687946369, 0.0 ], [ -45.326615954625957, -23.581337065882646, 0.0 ], [ -45.32753770755496, -23.582571285345129, 0.0 ], [ -45.327538720698151, -23.582573013710888, 0.0 ] ] } },
{ "type": "Feature", "properties": { "ua_id": "UA-R2-CAR-1K-002", "regiao_id": 2, "regiao_nome": "Caraguatatuba-Ubatuba", "sigla_rodovia": "SP-055", "escala": "1K", "tipo": "SR", "extensao_km": 0.2397, "ordem_no_grupo": 2, "km_inicial": 88.614, "km_final": 88.872, "subtrecho_der": "055SPE3711", "municipio": "Caraguatatuba", "regional": "Taubaté", "residencia_dr": "DR 06", "uba_nome": "Caraguatatuba", "uba_codigo": "RC 06.04", "jurisdicao": "Estadual", "conservado_por": "05.04", "centroide_lon": -45.328123, "centroide_lat": -23.583509, "buffer_lateral_m": 1000, "icc_hid_thresholds": "70;80;120;143", "trecho_critico_hid": true, "RAHID": 0, "hazard": "hidro" }, "geometry": { "type": "LineString", "coordinates": [ [ -45.327538720698151, -23.582573013710888, 0.0 ], [ -45.328254223798595, -23.583793608860894, 0.0 ], [ -45.328798627168879, -23.584387504079121, 0.0 ] ] } },
{ "type": "Feature", "properties": { "ua_id": "UA-R2-CAR-1K-003", "regiao_id": 2, "regiao_nome": "Caraguatatuba-Ubatuba", "sigla_rodovia": "SP-055", "escala": "1K", "tipo": "SR", "extensao_km": 0.2397, "ordem_no_grupo": 3, "km_inicial": 88.872, "km_final": 89.13, "subtrecho_der": "055SPE3711", "municipio": "Caraguatatuba", "regional": "Taubaté", "residencia_dr": "DR 06", "uba_nome": "Caraguatatuba", "uba_codigo": "RC 06.04", "jurisdicao": "Estadual", "conservado_por": "05.04", "centroide_lon": -45.329629, "centroide_lat": -23.585152, "buffer_lateral_m": 1000, "icc_hid_thresholds": "70;80;120;143", "trecho_critico_hid": true, "RAHID": 0, "hazard": "hidro" }, "geometry": { "type": "LineString", "coordinates": [ [ -45.328798627168879, -23.584387504079121, 0.0 ], [ -45.328855648833404, -23.584449709171569, 0.0 ], [ -45.330264763489005, -23.585730065763467, 0.0 ], [ -45.330465395764563, -23.585912364301212, 0.0 ] ] } },
{ "type": "Feature", "properties": { "ua_id": "UA-R2-CAR-1K-004", "regiao_id": 2, "regiao_nome": "Caraguatatuba-Ubatuba", "sigla_rodovia": "SP-055", "escala": "1K", "tipo": "SR", "extensao_km": 0.2397, "ordem_no_grupo": 4, "km_inicial": 89.13, "km_final": 89.382, "subtrecho_der": "055SPE8406", "municipio": "Caraguatatuba", "regional": "Taubaté", "residencia_dr": "DR 06", "uba_nome": "Caraguatatuba", "uba_codigo": "RC 06.04", "jurisdicao": "Estadual", "conservado_por": "05.04", "centroide_lon": -45.331302, "centroide_lat": -23.586672, "buffer_lateral_m": 1000, "icc_hid_thresholds": "70;80;120;143", "trecho_critico_hid": true, "RAHID": 0, "hazard": "hidro" }, "geometry": { "type": "LineString", "coordinates": [ [ -45.330465395764563, -23.585912364301212, 0.0 ], [ -45.331681375921953, -23.587017211888927, 0.0 ], [ -45.332138087923738, -23.58743218409727, 0.0 ] ] } },
{ "type": "Feature", "properties": { "ua_id": "UA-R2-CAR-1K-005", "regiao_id": 2, "regiao_nome": "Caraguatatuba-Ubatuba", "sigla_rodovia": "SP-055", "escala": "1K", "tipo": "SR", "extensao_km": 0.2397, "ordem_no_grupo": 5, "km_inicial": 89.382, "km_final": 89.635, "subtrecho_der": "055SPE8406", "municipio": "Caraguatatuba", "regional": "Taubaté", "residencia_dr": "DR 06", "uba_nome": "Caraguatatuba", "uba_codigo": "RC 06.04", "jurisdicao": "Estadual", "conservado_por": "05.04", "centroide_lon": -45.332974, "centroide_lat": -23.588192, "buffer_lateral_m": 1000, "icc_hid_thresholds": "70;80;120;143", "trecho_critico_hid": true, "RAHID": 0, "hazard": "hidro" }, "geometry": { "type": "LineString", "coordinates": [ [ -45.332138087923738, -23.58743218409727, 0.0 ], [ -45.333810807038134, -23.588951995966191, 0.0 ] ] } },
{ "type": "Feature", "properties": { "ua_id": "UA-R2-CAR-1K-006", "regiao_id": 2, "regiao_nome": "Caraguatatuba-Ubatuba", "sigla_rodovia": "SP-055", "escala": "1K", "tipo": "SR", "extensao_km": 0.2397, "ordem_no_grupo": 6, "km_inicial": 89.635, "km_final": 89.887, "subtrecho_der": "055SPE8406", "municipio": "Caraguatatuba", "regional": "Taubaté", "residencia_dr": "DR 06", "uba_nome": "Caraguatatuba", "uba_codigo": "RC 06.04", "jurisdicao": "Estadual", "conservado_por": "05.04", "centroide_lon": -45.334647, "centroide_lat": -23.589712, "buffer_lateral_m": 1000, "icc_hid_thresholds": "70;80;120;143", "trecho_critico_hid": true, "RAHID": 0, "hazard": "hidro" }, "geometry": { "type": "LineString", "coordinates": [ [ -45.333810807038134, -23.588951995966191, 0.0 ], [ -45.335483564678235, -23.590471789090262, 0.0 ] ] } },
{ "type": "Feature", "properties": { "ua_id": "UA-R2-CAR-1K-007", "regiao_id": 2, "regiao_nome": "Caraguatatuba-Ubatuba", "sigla_rodovia": "SP-055", "escala": "1K", "tipo": "SR", "extensao_km": 0.2397, "ordem_no_grupo": 7, "km_inicial": 89.887, "km_final": 90.139, "subtrecho_der": "055SPE8406", "municipio": "Caraguatatuba", "regional": "Taubaté", "residencia_dr": "DR 06", "uba_nome": "Caraguatatuba", "uba_codigo": "RC 06.04", "jurisdicao": "Estadual", "conservado_por": "05.04", "centroide_lon": -45.336328, "centroide_lat": -23.591223, "buffer_lateral_m": 1000, "icc_hid_thresholds": "70;80;120;143", "trecho_critico_hid": true, "RAHID": 0, "hazard": "hidro" }, "geometry": { "type": "LineString", "coordinates": [ [ -45.335483564678235, -23.590471789090262, 0.0 ], [ -45.336598475848703, -23.591484717893643, 0.0 ], [ -45.337207434987278, -23.591938892100451, 0.0 ] ] } },
{ "type": "Feature", "properties": { "ua_id": "UA-R2-CAR-1K-008", "regiao_id": 2, "regiao_nome": "Caraguatatuba-Ubatuba", "sigla_rodovia": "SP-055", "escala": "1K", "tipo": "SR", "extensao_km": 0.2397, "ordem_no_grupo": 8, "km_inicial": 90.139, "km_final": 90.391, "subtrecho_der": "055SPE8406", "municipio": "Caraguatatuba", "regional": "Taubaté", "residencia_dr": "DR 06", "uba_nome": "Caraguatatuba", "uba_codigo": "RC 06.04", "jurisdicao": "Estadual", "conservado_por": "05.04", "centroide_lon": -45.337995, "centroide_lat": -23.592738, "buffer_lateral_m": 1000, "icc_hid_thresholds": "70;80;120;143", "trecho_critico_hid": true, "RAHID": 0, "hazard": "hidro" }, "geometry": { "type": "LineString", "coordinates": [ [ -45.337207434987278, -23.591938892100451, 0.0 ], [ -45.337247868933105, -23.591969048368419, 0.0 ], [ -45.33762288020219, -23.592415416801114, 0.0 ], [ -45.338822426661693, -23.593505221275546, 0.0 ] ] } },
{ "type": "Feature", "properties": { "ua_id": "UA-R2-CAR-1K-009", "regiao_id": 2, "regiao_nome": "Caraguatatuba-Ubatuba", "sigla_rodovia": "SP-055", "escala": "1K", "tipo": "SR", "extensao_km": 0.2397, "ordem_no_grupo": 9, "km_inicial": 90.391, "km_final": 90.644, "subtrecho_der": "055SPE8406", "municipio": "Caraguatatuba", "regional": "Taubaté", "residencia_dr": "DR 06", "uba_nome": "Caraguatatuba", "uba_codigo": "RC 06.04", "jurisdicao": "Estadual", "conservado_por": "05.04", "centroide_lon": -45.339621, "centroide_lat": -23.594296, "buffer_lateral_m": 1000, "icc_hid_thresholds": "70;80;120;143", "trecho_critico_hid": true, "RAHID": 0, "hazard": "hidro" }, "geometry": { "type": "LineString", "coordinates": [ [ -45.338822426661693, -23.593505221275546, 0.0 ], [ -45.33944648555282, -23.594072176437908, 0.0 ], [ -45.339797702641064, -23.594446860109809, 0.0 ], [ -45.340086478860407, -23.594797610540738, 0.0 ], [ -45.340345542981872, -23.595145344994926, 0.0 ] ] } },
{ "type": "Feature", "properties": { "ua_id": "UA-R2-CAR-1K-010", "regiao_id": 2, "regiao_nome": "Caraguatatuba-Ubatuba", "sigla_rodovia": "SP-055", "escala": "1K", "tipo": "SR", "extensao_km": 0.2397, "ordem_no_grupo": 10, "km_inicial": 90.644, "km_final": 90.896, "subtrecho_der": "055SPE8406", "municipio": "Caraguatatuba", "regional": "Taubaté", "residencia_dr": "DR 06", "uba_nome": "Caraguatatuba", "uba_codigo": "RC 06.04", "jurisdicao": "Estadual", "conservado_por": "05.04", "centroide_lon": -45.34101, "centroide_lat": -23.596038, "buffer_lateral_m": 1000, "icc_hid_thresholds": "70;80;120;143", "trecho_critico_hid": true, "RAHID": 0, "hazard": "hidro" }, "geometry": { "type": "LineString", "coordinates": [ [ -45.340345542981872, -23.595145344994926, 0.0 ], [ -45.341675149112206, -23.596930001472703, 0.0 ] ] } },
{ "type": "Feature", "properties": { "ua_id": "UA-R2-CAR-1K-011", "regiao_id": 2, "regiao_nome": "Caraguatatuba-Ubatuba", "sigla_rodovia": "SP-055", "escala": "1K", "tipo": "SR", "extensao_km": 0.2397, "ordem_no_grupo": 11, "km_inicial": 90.896, "km_final": 91.148, "subtrecho_der": "055SPE8406", "municipio": "Caraguatatuba", "regional": "Taubaté", "residencia_dr": "DR 06", "uba_nome": "Caraguatatuba", "uba_codigo": "RC 06.04", "jurisdicao": "Estadual", "conservado_por": "05.04", "centroide_lon": -45.34234, "centroide_lat": -23.597822, "buffer_lateral_m": 1000, "icc_hid_thresholds": "70;80;120;143", "trecho_critico_hid": true, "RAHID": 0, "hazard": "hidro" }, "geometry": { "type": "LineString", "coordinates": [ [ -45.341675149112206, -23.596930001472703, 0.0 ], [ -45.342043426891898, -23.597424309545659, 0.0 ], [ -45.343005653065148, -23.59871410015603, 0.0 ] ] } },
{ "type": "Feature", "properties": { "ua_id": "UA-R2-CAR-1K-012", "regiao_id": 2, "regiao_nome": "Caraguatatuba-Ubatuba", "sigla_rodovia": "SP-055", "escala": "1K", "tipo": "SR", "extensao_km": 0.2397, "ordem_no_grupo": 12, "km_inicial": 91.148, "km_final": 91.4, "subtrecho_der": "055SPE8406", "municipio": "Caraguatatuba", "regional": "Taubaté", "residencia_dr": "DR 06", "uba_nome": "Caraguatatuba", "uba_codigo": "RC 06.04", "jurisdicao": "Estadual", "conservado_por": "05.04", "centroide_lon": -45.343671, "centroide_lat": -23.599606, "buffer_lateral_m": 1000, "icc_hid_thresholds": "70;80;120;143", "trecho_critico_hid": true, "RAHID": 0, "hazard": "hidro" }, "geometry": { "type": "LineString", "coordinates": [ [ -45.343005653065148, -23.59871410015603, 0.0 ], [ -45.344336523281747, -23.60049797760492, 0.0 ] ] } },
{ "type": "Feature", "properties": { "ua_id": "UA-R2-CAR-1K-013", "regiao_id": 2, "regiao_nome": "Caraguatatuba-Ubatuba", "sigla_rodovia": "SP-055", "escala": "1K", "tipo": "SR", "extensao_km": 0.2397, "ordem_no_grupo": 13, "km_inicial": 91.4, "km_final": 91.653, "subtrecho_der": "055SPE8406", "municipio": "Caraguatatuba", "regional": "Taubaté", "residencia_dr": "DR 06", "uba_nome": "Caraguatatuba", "uba_codigo": "RC 06.04", "jurisdicao": "Estadual", "conservado_por": "05.04", "centroide_lon": -45.345, "centroide_lat": -23.601391, "buffer_lateral_m": 1000, "icc_hid_thresholds": "70;80;120;143", "trecho_critico_hid": true, "RAHID": 0, "hazard": "hidro" }, "geometry": { "type": "LineString", "coordinates": [ [ -45.344336523281747, -23.60049797760492, 0.0 ], [ -45.345335144858261, -23.601836474337603, 0.0 ], [ -45.345649361761915, -23.602292843526158, 0.0 ] ] } },
{ "type": "Feature", "properties": { "ua_id": "UA-R2-CAR-1K-014", "regiao_id": 2, "regiao_nome": "Caraguatatuba-Ubatuba", "sigla_rodovia": "SP-055", "escala": "1K", "tipo": "SR", "extensao_km": 0.2397, "ordem_no_grupo": 14, "km_inicial": 91.653, "km_final": 91.905, "subtrecho_der": "055SPE8406", "municipio": "Caraguatatuba", "regional": "Taubaté", "residencia_dr": "DR 06", "uba_nome": "Caraguatatuba", "uba_codigo": "RC 06.04", "jurisdicao": "Estadual", "conservado_por": "05.04", "centroide_lon": -45.346392, "centroide_lat": -23.603107, "buffer_lateral_m": 1000, "icc_hid_thresholds": "70;80;120;143", "trecho_critico_hid": true, "RAHID": 0, "hazard": "hidro" }, "geometry": { "type": "LineString", "coordinates": [ [ -45.345649361761915, -23.602292843526158, 0.0 ], [ -45.346001096573183, -23.602803699204625, 0.0 ], [ -45.34638622203255, -23.603237902950294, 0.0 ], [ -45.34689604459291, -23.603558685402671, 0.0 ], [ -45.347344451119582, -23.603678120231027, 0.0 ] ] } },
{ "type": "Feature", "properties": { "ua_id": "UA-R2-CAR-1K-015", "regiao_id": 2, "regiao_nome": "Caraguatatuba-Ubatuba", "sigla_rodovia": "SP-055", "escala": "1K", "tipo": "SR", "extensao_km": 0.2397, "ordem_no_grupo": 15, "km_inicial": 91.905, "km_final": 92.157, "subtrecho_der": "055SPE8406", "municipio": "Caraguatatuba", "regional": "Taubaté", "residencia_dr": "DR 06", "uba_nome": "Caraguatatuba", "uba_codigo": "RC 06.04", "jurisdicao": "Estadual", "conservado_por": "05.04", "centroide_lon": -45.348504, "centroide_lat": -23.603597, "buffer_lateral_m": 1000, "icc_hid_thresholds": "70;80;120;143", "trecho_critico_hid": true, "RAHID": 0, "hazard": "hidro" }, "geometry": { "type": "LineString", "coordinates": [ [ -45.347344451119582, -23.603678120231027, 0.0 ], [ -45.347458694103615, -23.603708549052985, 0.0 ], [ -45.348021611362697, -23.603699541860568, 0.0 ], [ -45.349658759475759, -23.603408905720816, 0.0 ] ] } },
{ "type": "Feature", "properties": { "ua_id": "UA-R2-CAR-1K-016", "regiao_id": 2, "regiao_nome": "Caraguatatuba-Ubatuba", "sigla_rodovia": "SP-055", "escala": "1K", "tipo": "SR", "extensao_km": 0.2397, "ordem_no_grupo": 16, "km_inicial": 92.157, "km_final": 92.409, "subtrecho_der": "055SPE8406", "municipio": "Caraguatatuba", "regional": "Taubaté", "residencia_dr": "DR 06", "uba_nome": "Caraguatatuba", "uba_codigo": "RC 06.04", "jurisdicao": "Estadual", "conservado_por": "05.04", "centroide_lon": -45.350812, "centroide_lat": -23.603204, "buffer_lateral_m": 1000, "icc_hid_thresholds": "70;80;120;143", "trecho_critico_hid": true, "RAHID": 0, "hazard": "hidro" }, "geometry": { "type": "LineString", "coordinates": [ [ -45.349658759475759, -23.603408905720816, 0.0 ], [ -45.351965503523424, -23.602999367569254, 0.0 ] ] } },
{ "type": "Feature", "properties": { "ua_id": "UA-R2-CAR-1K-017", "regiao_id": 2, "regiao_nome": "Caraguatatuba-Ubatuba", "sigla_rodovia": "SP-055", "escala": "1K", "tipo": "SR", "extensao_km": 0.2397, "ordem_no_grupo": 17, "km_inicial": 92.409, "km_final": 92.662, "subtrecho_der": "055SPE8406", "municipio": "Caraguatatuba", "regional": "Taubaté", "residencia_dr": "DR 06", "uba_nome": "Caraguatatuba", "uba_codigo": "RC 06.04", "jurisdicao": "Estadual", "conservado_por": "05.04", "centroide_lon": -45.3531, "centroide_lat": -23.602757, "buffer_lateral_m": 1000, "icc_hid_thresholds": "70;80;120;143", "trecho_critico_hid": true, "RAHID": 0, "hazard": "hidro" }, "geometry": { "type": "LineString", "coordinates": [ [ -45.351965503523424, -23.602999367569254, 0.0 ], [ -45.352974525842782, -23.602820214713805, 0.0 ], [ -45.353120567013676, -23.602810826345362, 0.0 ], [ -45.353575136067754, -23.602715727748773, 0.0 ], [ -45.354106669326193, -23.60235180726524, 0.0 ], [ -45.354134767904576, -23.602317243073859, 0.0 ] ] } },
{ "type": "Feature", "properties": { "ua_id": "UA-R2-CAR-1K-018", "regiao_id": 2, "regiao_nome": "Caraguatatuba-Ubatuba", "sigla_rodovia": "SP-055", "escala": "1K", "tipo": "SR", "extensao_km": 0.2397, "ordem_no_grupo": 18, "km_inicial": 92.662, "km_final": 92.914, "subtrecho_der": "055SPE8406", "municipio": "Caraguatatuba", "regional": "Taubaté", "residencia_dr": "DR 06", "uba_nome": "Caraguatatuba", "uba_codigo": "RC 06.04", "jurisdicao": "Estadual", "conservado_por": "05.04", "centroide_lon": -45.354965, "centroide_lat": -23.601568, "buffer_lateral_m": 1000, "icc_hid_thresholds": "70;80;120;143", "trecho_critico_hid": true, "RAHID": 0, "hazard": "hidro" }, "geometry": { "type": "LineString", "coordinates": [ [ -45.354134767904576, -23.602317243073859, 0.0 ], [ -45.354447052314555, -23.601933099019202, 0.0 ], [ -45.354643046286959, -23.601741633731681, 0.0 ], [ -45.355068718813953, -23.601442667752398, 0.0 ], [ -45.355913797021053, -23.60093724774552, 0.0 ] ] } },
{ "type": "Feature", "properties": { "ua_id": "UA-R2-CAR-1K-019", "regiao_id": 2, "regiao_nome": "Caraguatatuba-Ubatuba", "sigla_rodovia": "SP-055", "escala": "1K", "tipo": "SR", "extensao_km": 0.2397, "ordem_no_grupo": 19, "km_inicial": 92.914, "km_final": 93.166, "subtrecho_der": "055SPE8406", "municipio": "Caraguatatuba", "regional": "Taubaté", "residencia_dr": "DR 06", "uba_nome": "Caraguatatuba", "uba_codigo": "RC 06.04", "jurisdicao": "Estadual", "conservado_por": "05.04", "centroide_lon": -45.356944, "centroide_lat": -23.600451, "buffer_lateral_m": 1000, "icc_hid_thresholds": "70;80;120;143", "trecho_critico_hid": true, "RAHID": 0, "hazard": "hidro" }, "geometry": { "type": "LineString", "coordinates": [ [ -45.355913797021053, -23.60093724774552, 0.0 ], [ -45.356850297070757, -23.600377140764479, 0.0 ], [ -45.357495557755357, -23.600237003256762, 0.0 ], [ -45.358063519789987, -23.600195627097428, 0.0 ] ] } },
{ "type": "Feature", "properties": { "ua_id": "UA-R2-CAR-1K-020", "regiao_id": 2, "regiao_nome": "Caraguatatuba-Ubatuba", "sigla_rodovia": "SP-055", "escala": "1K", "tipo": "SR", "extensao_km": 0.2397, "ordem_no_grupo": 20, "km_inicial": 93.166, "km_final": 93.418, "subtrecho_der": "055SPE8406", "municipio": "Caraguatatuba", "regional": "Taubaté", "residencia_dr": "DR 06", "uba_nome": "Caraguatatuba", "uba_codigo": "RC 06.04", "jurisdicao": "Estadual", "conservado_por": "05.04", "centroide_lon": -45.359234, "centroide_lat": -23.60011, "buffer_lateral_m": 1000, "icc_hid_thresholds": "70;80;120;143", "trecho_critico_hid": true, "RAHID": 0, "hazard": "hidro" }, "geometry": { "type": "LineString", "coordinates": [ [ -45.358063519789987, -23.600195627097428, 0.0 ], [ -45.360405319065492, -23.600025004311263, 0.0 ] ] } },
{ "type": "Feature", "properties": { "ua_id": "UA-R2-CAR-1K-021", "regiao_id": 2, "regiao_nome": "Caraguatatuba-Ubatuba", "sigla_rodovia": "SP-055", "escala": "1K", "tipo": "SR", "extensao_km": 0.2397, "ordem_no_grupo": 21, "km_inicial": 93.418, "km_final": 93.671, "subtrecho_der": "055SPE8406", "municipio": "Caraguatatuba", "regional": "Taubaté", "residencia_dr": "DR 06", "uba_nome": "Caraguatatuba", "uba_codigo": "RC 06.04", "jurisdicao": "Estadual", "conservado_por": "05.04", "centroide_lon": -45.361573, "centroide_lat": -23.59993, "buffer_lateral_m": 1000, "icc_hid_thresholds": "70;80;120;143", "trecho_critico_hid": true, "RAHID": 0, "hazard": "hidro" }, "geometry": { "type": "LineString", "coordinates": [ [ -45.360405319065492, -23.600025004311263, 0.0 ], [ -45.360804133375375, -23.599995943261575, 0.0 ], [ -45.361493385250292, -23.599902507146318, 0.0 ], [ -45.361870905045421, -23.59991820335717, 0.0 ], [ -45.36274265408651, -23.599854669012714, 0.0 ] ] } },
{ "type": "Feature", "properties": { "ua_id": "UA-R2-CAR-1K-022", "regiao_id": 2, "regiao_nome": "Caraguatatuba-Ubatuba", "sigla_rodovia": "SP-055", "escala": "1K", "tipo": "SR", "extensao_km": 0.2397, "ordem_no_grupo": 22, "km_inicial": 93.671, "km_final": 93.923, "subtrecho_der": "055SPE8406", "municipio": "Caraguatatuba", "regional": "Taubaté", "residencia_dr": "DR 06", "uba_nome": "Caraguatatuba", "uba_codigo": "RC 06.04", "jurisdicao": "Estadual", "conservado_por": "05.04", "centroide_lon": -45.363895, "centroide_lat": -23.599692, "buffer_lateral_m": 1000, "icc_hid_thresholds": "70;80;120;143", "trecho_critico_hid": true, "RAHID": 0, "hazard": "hidro" }, "geometry": { "type": "LineString", "coordinates": [ [ -45.36274265408651, -23.599854669012714, 0.0 ], [ -45.363719647335216, -23.599783458433912, 0.0 ], [ -45.364394901553204, -23.599635679132231, 0.0 ], [ -45.364568125914431, -23.599563578124005, 0.0 ], [ -45.364980939647133, -23.599329065365563, 0.0 ] ] } },
{ "type": "Feature", "properties": { "ua_id": "UA-R2-CAR-1K-023", "regiao_id": 2, "regiao_nome": "Caraguatatuba-Ubatuba", "sigla_rodovia": "SP-055", "escala": "1K", "tipo": "SR", "extensao_km": 0.2397, "ordem_no_grupo": 23, "km_inicial": 93.923, "km_final": 94.175, "subtrecho_der": "055SPE8406", "municipio": "Caraguatatuba", "regional": "Taubaté", "residencia_dr": "DR 06", "uba_nome": "Caraguatatuba", "uba_codigo": "RC 06.04", "jurisdicao": "Estadual", "conservado_por": "05.04", "centroide_lon": -45.365912, "centroide_lat": -23.59889, "buffer_lateral_m": 1000, "icc_hid_thresholds": "70;80;120;143", "trecho_critico_hid": true, "RAHID": 0, "hazard": "hidro" }, "geometry": { "type": "LineString", "coordinates": [ [ -45.364980939647133, -23.599329065365563, 0.0 ], [ -45.364986453911648, -23.599325932788666, 0.0 ], [ -45.365421811443007, -23.598879666069951, 0.0 ], [ -45.365951565278912, -23.598642777024867, 0.0 ], [ -45.366540695153432, -23.598815843479343, 0.0 ], [ -45.366910247257046, -23.599104246966252, 0.0 ] ] } },
{ "type": "Feature", "properties": { "ua_id": "UA-R2-CAR-1K-024", "regiao_id": 2, "regiao_nome": "Caraguatatuba-Ubatuba", "sigla_rodovia": "SP-055", "escala": "1K", "tipo": "SR", "extensao_km": 0.2397, "ordem_no_grupo": 24, "km_inicial": 94.175, "km_final": 94.427, "subtrecho_der": "055SPE8406", "municipio": "Caraguatatuba", "regional": "Taubaté", "residencia_dr": "DR 06", "uba_nome": "Caraguatatuba", "uba_codigo": "RC 06.04", "jurisdicao": "Estadual", "conservado_por": "05.04", "centroide_lon": -45.367709, "centroide_lat": -23.59987, "buffer_lateral_m": 1000, "icc_hid_thresholds": "70;80;120;143", "trecho_critico_hid": true, "RAHID": 0, "hazard": "hidro" }, "geometry": { "type": "LineString", "coordinates": [ [ -45.366910247257046, -23.599104246966252, 0.0 ], [ -45.367057722304239, -23.599219337893086, 0.0 ], [ -45.367462498044461, -23.599697170097972, 0.0 ], [ -45.367984313855303, -23.599985222086808, 0.0 ], [ -45.368250476725308, -23.600427430923602, 0.0 ], [ -45.368360340012117, -23.6007249755305, 0.0 ] ] } },
{ "type": "Feature", "properties": { "ua_id": "UA-R2-CAR-1K-025", "regiao_id": 2, "regiao_nome": "Caraguatatuba-Ubatuba", "sigla_rodovia": "SP-055", "escala": "1K", "tipo": "SR", "extensao_km": 0.2397, "ordem_no_grupo": 25, "km_inicial": 94.427, "km_final": 94.679, "subtrecho_der": "055SPE8406", "municipio": "Caraguatatuba", "regional": "Taubaté", "residencia_dr": "DR 06", "uba_nome": "Caraguatatuba", "uba_codigo": "RC 06.04", "jurisdicao": "Estadual", "conservado_por": "05.04", "centroide_lon": -45.369144, "centroide_lat": -23.601491, "buffer_lateral_m": 1000, "icc_hid_thresholds": "70;80;120;143", "trecho_critico_hid": true, "RAHID": 0, "hazard": "hidro" }, "geometry": { "type": "LineString", "coordinates": [ [ -45.368360340012117, -23.6007249755305, 0.0 ], [ -45.368444063605651, -23.600951724580533, 0.0 ], [ -45.368877827133865, -23.601338617261749, 0.0 ], [ -45.369710937475574, -23.60187153866174, 0.0 ], [ -45.36998875683684, -23.602222499265757, 0.0 ] ] } },
{ "type": "Feature", "properties": { "ua_id": "UA-R2-CAR-1K-026", "regiao_id": 2, "regiao_nome": "Caraguatatuba-Ubatuba", "sigla_rodovia": "SP-055", "escala": "1K", "tipo": "SR", "extensao_km": 0.2397, "ordem_no_grupo": 26, "km_inicial": 94.679, "km_final": 94.932, "subtrecho_der": "055SPE8406", "municipio": "Caraguatatuba", "regional": "Taubaté", "residencia_dr": "DR 06", "uba_nome": "Caraguatatuba", "uba_codigo": "RC 06.04", "jurisdicao": "Estadual", "conservado_por": "05.04", "centroide_lon": -45.370248, "centroide_lat": -23.603262, "buffer_lateral_m": 1000, "icc_hid_thresholds": "70;80;120;143", "trecho_critico_hid": true, "RAHID": 0, "hazard": "hidro" }, "geometry": { "type": "LineString", "coordinates": [ [ -45.36998875683684, -23.602222499265757, 0.0 ], [ -45.370011078778596, -23.602250697779688, 0.0 ], [ -45.370193973385796, -23.603435792133357, 0.0 ], [ -45.370556466833584, -23.60397466388271, 0.0 ], [ -45.370628099196701, -23.604266160690411, 0.0 ] ] } },
{ "type": "Feature", "properties": { "ua_id": "UA-R2-CAR-1K-027", "regiao_id": 2, "regiao_nome": "Caraguatatuba-Ubatuba", "sigla_rodovia": "SP-055", "escala": "1K", "tipo": "SR", "extensao_km": 0.2397, "ordem_no_grupo": 27, "km_inicial": 94.932, "km_final": 95.184, "subtrecho_der": "055SPE8406", "municipio": "Caraguatatuba", "regional": "Taubaté", "residencia_dr": "DR 06", "uba_nome": "Caraguatatuba", "uba_codigo": "RC 06.04", "jurisdicao": "Estadual", "conservado_por": "05.04", "centroide_lon": -45.370213, "centroide_lat": -23.605177, "buffer_lateral_m": 1000, "icc_hid_thresholds": "70;80;120;143", "trecho_critico_hid": true, "RAHID": 0, "hazard": "hidro" }, "geometry": { "type": "LineString", "coordinates": [ [ -45.370628099196701, -23.604266160690411, 0.0 ], [ -45.370699740144595, -23.604557691058677, 0.0 ], [ -45.370424425137756, -23.60515624636858, 0.0 ], [ -45.369813317266235, -23.605567047779687, 0.0 ], [ -45.369467712082894, -23.605976512936262, 0.0 ] ] } },
{ "type": "Feature", "properties": { "ua_id": "UA-R2-CAR-1K-028", "regiao_id": 2, "regiao_nome": "Caraguatatuba-Ubatuba", "sigla_rodovia": "SP-055", "escala": "1K", "tipo": "SR", "extensao_km": 0.2397, "ordem_no_grupo": 28, "km_inicial": 95.184, "km_final": 95.436, "subtrecho_der": "055SPE8406", "municipio": "Caraguatatuba", "regional": "Taubaté", "residencia_dr": "DR 06", "uba_nome": "Caraguatatuba", "uba_codigo": "RC 06.04", "jurisdicao": "Estadual", "conservado_por": "05.04", "centroide_lon": -45.369253, "centroide_lat": -23.607, "buffer_lateral_m": 1000, "icc_hid_thresholds": "70;80;120;143", "trecho_critico_hid": true, "RAHID": 0, "hazard": "hidro" }, "geometry": { "type": "LineString", "coordinates": [ [ -45.369467712082894, -23.605976512936262, 0.0 ], [ -45.3693731990899, -23.606088489205248, 0.0 ], [ -45.369220160181762, -23.606715580664641, 0.0 ], [ -45.369098387850805, -23.607308093462414, 0.0 ], [ -45.369287191813818, -23.607800506543434, 0.0 ], [ -45.369506198959286, -23.607956227778743, 0.0 ] ] } },
{ "type": "Feature", "properties": { "ua_id": "UA-R2-CAR-1K-029", "regiao_id": 2, "regiao_nome": "Caraguatatuba-Ubatuba", "sigla_rodovia": "SP-055", "escala": "1K", "tipo": "SR", "extensao_km": 0.1374, "ordem_no_grupo": 29, "km_inicial": 95.436, "km_final": 95.581, "subtrecho_der": "055SPE8406", "municipio": "Caraguatatuba", "regional": "Taubaté", "residencia_dr": "DR 06", "uba_nome": "Caraguatatuba", "uba_codigo": "RC 06.04", "jurisdicao": "Estadual", "conservado_por": "05.04", "centroide_lon": -45.370088, "centroide_lat": -23.608257, "buffer_lateral_m": 1000, "icc_hid_thresholds": "70;80;120;143", "trecho_critico_hid": true, "RAHID": 0, "hazard": "hidro" }, "geometry": { "type": "LineString", "coordinates": [ [ -45.369506198959286, -23.607956227778743, 0.0 ], [ -45.36968962633977, -23.608086650111574, 0.0 ], [ -45.370130853645833, -23.608315311891289, 0.0 ], [ -45.370428404645985, -23.608415424200693, 0.0 ], [ -45.37072028003567, -23.608433716400064, 0.0 ] ] } },
{ "type": "Feature", "properties": { "ua_id": "UA-R2-CAR-1K-030", "regiao_id": 2, "regiao_nome": "Caraguatatuba-Ubatuba", "sigla_rodovia": "SP-055", "escala": "1K", "tipo": "SR", "extensao_km": 0.2397, "ordem_no_grupo": 30, "km_inicial": 111.95, "km_final": 112.19, "subtrecho_der": "055SPE4299", "municipio": "Caraguatatuba", "regional": "Taubaté", "residencia_dr": "DR 06", "uba_nome": "Caraguatatuba", "uba_codigo": "RC 06.04", "jurisdicao": "Estadual", "conservado_por": "05.04", "centroide_lon": -45.432498, "centroide_lat": -23.70892, "buffer_lateral_m": 1000, "icc_hid_thresholds": "70;80;120;143", "trecho_critico_hid": true, "RAHID": 0, "hazard": "hidro" }, "geometry": { "type": "LineString", "coordinates": [ [ -45.433099577975931, -23.707990389581486, 0.0 ], [ -45.431896480832663, -23.709850240692965, 0.0 ] ] } },
{ "type": "Feature", "properties": { "ua_id": "UA-R2-UBA-10K-001", "regiao_id": 2, "regiao_nome": "Caraguatatuba-Ubatuba", "sigla_rodovia": "SP-055", "escala": "10K", "tipo": "UTB", "extensao_km": 0.5446, "ordem_no_grupo": 1, "km_inicial": 53.6, "km_final": 54.129, "subtrecho_der": "055SPE7722", "municipio": "Ubatuba", "regional": "Taubaté", "residencia_dr": "DR 06", "uba_nome": "Caraguatatuba", "uba_codigo": "RC 06.04", "jurisdicao": "Estadual", "conservado_por": "05.04", "centroide_lon": -45.064368, "centroide_lat": -23.468563, "buffer_lateral_m": 1000, "icc_hid_thresholds": "70;80;120;143", "trecho_critico_hid": false, "RAHID": 2, "hazard": "hidro" }, "geometry": { "type": "LineString", "coordinates": [ [ -45.062686645250686, -23.466653618630662, 0.0 ], [ -45.063210138609861, -23.467255894839344, 0.0 ], [ -45.064718177150169, -23.468969577852818, 0.0 ], [ -45.065359449938569, -23.469645024141975, 0.0 ], [ -45.065754096588002, -23.470146738601624, 0.0 ], [ -45.066042919133444, -23.47047493836584, 0.0 ] ] } },
{ "type": "Feature", "properties": { "ua_id": "UA-R2-UBA-10K-002", "regiao_id": 2, "regiao_nome": "Caraguatatuba-Ubatuba", "sigla_rodovia": "SP-055", "escala": "10K", "tipo": "UTB", "extensao_km": 0.5446, "ordem_no_grupo": 2, "km_inicial": 54.129, "km_final": 54.659, "subtrecho_der": "055SPE7722", "municipio": "Ubatuba", "regional": "Taubaté", "residencia_dr": "DR 06", "uba_nome": "Caraguatatuba", "uba_codigo": "RC 06.04", "jurisdicao": "Estadual", "conservado_por": "05.04", "centroide_lon": -45.067501, "centroide_lat": -23.472529, "buffer_lateral_m": 1000, "icc_hid_thresholds": "70;80;120;143", "trecho_critico_hid": false, "RAHID": 2, "hazard": "hidro" }, "geometry": { "type": "LineString", "coordinates": [ [ -45.066042919133444, -23.47047493836584, 0.0 ], [ -45.066444143339588, -23.47093086069226, 0.0 ], [ -45.067056858458905, -23.471785248409734, 0.0 ], [ -45.068856954299022, -23.474646355876576, 0.0 ] ] } },
{ "type": "Feature", "properties": { "ua_id": "UA-R2-UBA-10K-003", "regiao_id": 2, "regiao_nome": "Caraguatatuba-Ubatuba", "sigla_rodovia": "SP-055", "escala": "10K", "tipo": "UTB", "extensao_km": 0.5446, "ordem_no_grupo": 3, "km_inicial": 54.659, "km_final": 55.188, "subtrecho_der": "055SPE7722", "municipio": "Ubatuba", "regional": "Taubaté", "residencia_dr": "DR 06", "uba_nome": "Caraguatatuba", "uba_codigo": "RC 06.04", "jurisdicao": "Estadual", "conservado_por": "05.04", "centroide_lon": -45.070259, "centroide_lat": -23.476724, "buffer_lateral_m": 1000, "icc_hid_thresholds": "70;80;120;143", "trecho_critico_hid": false, "RAHID": 2, "hazard": "hidro" }, "geometry": { "type": "LineString", "coordinates": [ [ -45.068856954299022, -23.474646355876576, 0.0 ], [ -45.068890003368693, -23.474698883352151, 0.0 ], [ -45.069619272795997, -23.475765833252979, 0.0 ], [ -45.07073247854526, -23.477259415421521, 0.0 ], [ -45.071098595676659, -23.477799695870274, 0.0 ], [ -45.071229783012015, -23.478186388422365, 0.0 ], [ -45.071242310190421, -23.478685819740406, 0.0 ], [ -45.071172235966188, -23.478920325598036, 0.0 ] ] } },
{ "type": "Feature", "properties": { "ua_id": "UA-R2-UBA-10K-004", "regiao_id": 2, "regiao_nome": "Caraguatatuba-Ubatuba", "sigla_rodovia": "SP-055", "escala": "10K", "tipo": "UTB", "extensao_km": 0.5446, "ordem_no_grupo": 4, "km_inicial": 55.188, "km_final": 55.717, "subtrecho_der": "055SPE7722", "municipio": "Ubatuba", "regional": "Taubaté", "residencia_dr": "DR 06", "uba_nome": "Caraguatatuba", "uba_codigo": "RC 06.04", "jurisdicao": "Estadual", "conservado_por": "05.04", "centroide_lon": -45.072465, "centroide_lat": -23.480334, "buffer_lateral_m": 1000, "icc_hid_thresholds": "70;80;120;143", "trecho_critico_hid": false, "RAHID": 2, "hazard": "hidro" }, "geometry": { "type": "LineString", "coordinates": [ [ -45.071172235966188, -23.478920325598036, 0.0 ], [ -45.071085350277095, -23.479211090415529, 0.0 ], [ -45.070993929202437, -23.479716310774403, 0.0 ], [ -45.071227356093253, -23.480123174091318, 0.0 ], [ -45.071722437721988, -23.480297224154278, 0.0 ], [ -45.072917187612852, -23.480217316504408, 0.0 ], [ -45.073435709069138, -23.480418126922135, 0.0 ], [ -45.073744476258618, -23.480836190642666, 0.0 ], [ -45.074037569935534, -23.481827322645252, 0.0 ] ] } },
{ "type": "Feature", "properties": { "ua_id": "UA-R2-UBA-10K-005", "regiao_id": 2, "regiao_nome": "Caraguatatuba-Ubatuba", "sigla_rodovia": "SP-055", "escala": "10K", "tipo": "UTB", "extensao_km": 0.5446, "ordem_no_grupo": 5, "km_inicial": 55.717, "km_final": 56.247, "subtrecho_der": "055SPE7722", "municipio": "Ubatuba", "regional": "Taubaté", "residencia_dr": "DR 06", "uba_nome": "Caraguatatuba", "uba_codigo": "RC 06.04", "jurisdicao": "Estadual", "conservado_por": "05.04", "centroide_lon": -45.074743, "centroide_lat": -23.484199, "buffer_lateral_m": 1000, "icc_hid_thresholds": "70;80;120;143", "trecho_critico_hid": false, "RAHID": 2, "hazard": "hidro" }, "geometry": { "type": "LineString", "coordinates": [ [ -45.074037569935534, -23.481827322645252, 0.0 ], [ -45.074412554352485, -23.483095355466563, 0.0 ], [ -45.074644184371643, -23.483775858494315, 0.0 ], [ -45.074782987572448, -23.484347998677148, 0.0 ], [ -45.075440815682413, -23.486572531243471, 0.0 ] ] } },
{ "type": "Feature", "properties": { "ua_id": "UA-R2-UBA-10K-006", "regiao_id": 2, "regiao_nome": "Caraguatatuba-Ubatuba", "sigla_rodovia": "SP-055", "escala": "10K", "tipo": "UTB", "extensao_km": 0.5446, "ordem_no_grupo": 6, "km_inicial": 56.247, "km_final": 56.776, "subtrecho_der": "055SPE7722", "municipio": "Ubatuba", "regional": "Taubaté", "residencia_dr": "DR 06", "uba_nome": "Caraguatatuba", "uba_codigo": "RC 06.04", "jurisdicao": "Estadual", "conservado_por": "05.04", "centroide_lon": -45.076143, "centroide_lat": -23.488946, "buffer_lateral_m": 1000, "icc_hid_thresholds": "70;80;120;143", "trecho_critico_hid": false, "RAHID": 2, "hazard": "hidro" }, "geometry": { "type": "LineString", "coordinates": [ [ -45.075440815682413, -23.486572531243471, 0.0 ], [ -45.076844446314787, -23.491318831153094, 0.0 ] ] } },
{ "type": "Feature", "properties": { "ua_id": "UA-R2-UBA-10K-007", "regiao_id": 2, "regiao_nome": "Caraguatatuba-Ubatuba", "sigla_rodovia": "SP-055", "escala": "10K", "tipo": "UTB", "extensao_km": 0.5446, "ordem_no_grupo": 7, "km_inicial": 56.776, "km_final": 57.305, "subtrecho_der": "055SPE7722", "municipio": "Ubatuba", "regional": "Taubaté", "residencia_dr": "DR 06", "uba_nome": "Caraguatatuba", "uba_codigo": "RC 06.04", "jurisdicao": "Estadual", "conservado_por": "05.04", "centroide_lon": -45.078233, "centroide_lat": -23.493053, "buffer_lateral_m": 1000, "icc_hid_thresholds": "70;80;120;143", "trecho_critico_hid": false, "RAHID": 2, "hazard": "hidro" }, "geometry": { "type": "LineString", "coordinates": [ [ -45.076844446314787, -23.491318831153094, 0.0 ], [ -45.077087180023526, -23.492139585629442, 0.0 ], [ -45.077330045012033, -23.49285362951451, 0.0 ], [ -45.077499137705892, -23.493117489178513, 0.0 ], [ -45.07789828939385, -23.493496124462162, 0.0 ], [ -45.078421705596803, -23.493709167693645, 0.0 ], [ -45.078954086968196, -23.493757912592503, 0.0 ], [ -45.079525808834873, -23.493659341800196, 0.0 ], [ -45.080497059603793, -23.493415202695896, 0.0 ] ] } },
{ "type": "Feature", "properties": { "ua_id": "UA-R2-UBA-10K-008", "regiao_id": 2, "regiao_nome": "Caraguatatuba-Ubatuba", "sigla_rodovia": "SP-055", "escala": "10K", "tipo": "UTB", "extensao_km": 0.5446, "ordem_no_grupo": 8, "km_inicial": 57.305, "km_final": 57.835, "subtrecho_der": "055SPE7722", "municipio": "Ubatuba", "regional": "Taubaté", "residencia_dr": "DR 06", "uba_nome": "Caraguatatuba", "uba_codigo": "RC 06.04", "jurisdicao": "Estadual", "conservado_por": "05.04", "centroide_lon": -45.082729, "centroide_lat": -23.493115, "buffer_lateral_m": 1000, "icc_hid_thresholds": "70;80;120;143", "trecho_critico_hid": false, "RAHID": 1, "hazard": "hidro" }, "geometry": { "type": "LineString", "coordinates": [ [ -45.080497059603793, -23.493415202695896, 0.0 ], [ -45.08069900197026, -23.493364440443418, 0.0 ], [ -45.081259583420014, -23.493332159915482, 0.0 ], [ -45.0828698531583, -23.493694426845778, 0.0 ], [ -45.083304144625068, -23.493653818883157, 0.0 ], [ -45.083625322643549, -23.49342105868611, 0.0 ], [ -45.083786980192521, -23.493073867173159, 0.0 ], [ -45.083787073718902, -23.49297744827571, 0.0 ], [ -45.083702017061348, -23.491904530930071, 0.0 ], [ -45.083735607234374, -23.491578481751429, 0.0 ], [ -45.08374605876525, -23.491557590548663, 0.0 ] ] } },
{ "type": "Feature", "properties": { "ua_id": "UA-R2-UBA-10K-009", "regiao_id": 2, "regiao_nome": "Caraguatatuba-Ubatuba", "sigla_rodovia": "SP-055", "escala": "10K", "tipo": "UTB", "extensao_km": 0.5446, "ordem_no_grupo": 9, "km_inicial": 57.835, "km_final": 58.364, "subtrecho_der": "055SPE7722", "municipio": "Ubatuba", "regional": "Taubaté", "residencia_dr": "DR 06", "uba_nome": "Caraguatatuba", "uba_codigo": "RC 06.04", "jurisdicao": "Estadual", "conservado_por": "05.04", "centroide_lon": -45.086051, "centroide_lat": -23.490664, "buffer_lateral_m": 1000, "icc_hid_thresholds": "70;80;120;143", "trecho_critico_hid": false, "RAHID": 1, "hazard": "hidro" }, "geometry": { "type": "LineString", "coordinates": [ [ -45.08374605876525, -23.491557590548663, 0.0 ], [ -45.083887417937994, -23.491275031879987, 0.0 ], [ -45.084129689688609, -23.491027477940953, 0.0 ], [ -45.084273204751128, -23.490936030973351, 0.0 ], [ -45.084584477662254, -23.490843684570116, 0.0 ], [ -45.086043010375583, -23.490545109730395, 0.0 ], [ -45.088671641615015, -23.49032330887708, 0.0 ] ] } },
{ "type": "Feature", "properties": { "ua_id": "UA-R2-UBA-10K-010", "regiao_id": 2, "regiao_nome": "Caraguatatuba-Ubatuba", "sigla_rodovia": "SP-055", "escala": "10K", "tipo": "UTB", "extensao_km": 0.5446, "ordem_no_grupo": 10, "km_inicial": 58.364, "km_final": 58.894, "subtrecho_der": "055SPE7722", "municipio": "Ubatuba", "regional": "Taubaté", "residencia_dr": "DR 06", "uba_nome": "Caraguatatuba", "uba_codigo": "RC 06.04", "jurisdicao": "Estadual", "conservado_por": "05.04", "centroide_lon": -45.091325, "centroide_lat": -23.490083, "buffer_lateral_m": 1000, "icc_hid_thresholds": "70;80;120;143", "trecho_critico_hid": false, "RAHID": 1, "hazard": "hidro" }, "geometry": { "type": "LineString", "coordinates": [ [ -45.088671641615015, -23.49032330887708, 0.0 ], [ -45.091889745502193, -23.490051707641083, 0.0 ], [ -45.092670494727713, -23.489955830602302, 0.0 ], [ -45.093972581447446, -23.489787553458825, 0.0 ] ] } },
{ "type": "Feature", "properties": { "ua_id": "UA-R2-UBA-10K-011", "regiao_id": 2, "regiao_nome": "Caraguatatuba-Ubatuba", "sigla_rodovia": "SP-055", "escala": "10K", "tipo": "UTB", "extensao_km": 0.5446, "ordem_no_grupo": 11, "km_inicial": 58.894, "km_final": 59.423, "subtrecho_der": "055SPE7722", "municipio": "Ubatuba", "regional": "Taubaté", "residencia_dr": "DR 06", "uba_nome": "Caraguatatuba", "uba_codigo": "RC 06.04", "jurisdicao": "Estadual", "conservado_por": "05.04", "centroide_lon": -45.096591, "centroide_lat": -23.489337, "buffer_lateral_m": 1000, "icc_hid_thresholds": "70;80;120;143", "trecho_critico_hid": false, "RAHID": 1, "hazard": "hidro" }, "geometry": { "type": "LineString", "coordinates": [ [ -45.093972581447446, -23.489787553458825, 0.0 ], [ -45.093973603241416, -23.48978742140131, 0.0 ], [ -45.094643705474617, -23.489705508088608, 0.0 ], [ -45.095099414391782, -23.489654183281473, 0.0 ], [ -45.09569596442357, -23.489550278394958, 0.0 ], [ -45.099191079098659, -23.488790881397552, 0.0 ] ] } },
{ "type": "Feature", "properties": { "ua_id": "UA-R2-UBA-10K-012", "regiao_id": 2, "regiao_nome": "Caraguatatuba-Ubatuba", "sigla_rodovia": "SP-055", "escala": "10K", "tipo": "UTB", "extensao_km": 0.5446, "ordem_no_grupo": 12, "km_inicial": 59.423, "km_final": 59.952, "subtrecho_der": "055SPE7722", "municipio": "Ubatuba", "regional": "Taubaté", "residencia_dr": "DR 06", "uba_nome": "Caraguatatuba", "uba_codigo": "RC 06.04", "jurisdicao": "Estadual", "conservado_por": "05.04", "centroide_lon": -45.101786, "centroide_lat": -23.488223, "buffer_lateral_m": 1000, "icc_hid_thresholds": "70;80;120;143", "trecho_critico_hid": false, "RAHID": 1, "hazard": "hidro" }, "geometry": { "type": "LineString", "coordinates": [ [ -45.099191079098659, -23.488790881397552, 0.0 ], [ -45.102576689068719, -23.488055193877546, 0.0 ], [ -45.103020912780948, -23.487956667567271, 0.0 ], [ -45.103170072420902, -23.487913639428584, 0.0 ], [ -45.103327043295565, -23.487862939658775, 0.0 ], [ -45.103724732393744, -23.487792399707182, 0.0 ], [ -45.104380151057789, -23.487659142345496, 0.0 ] ] } },
{ "type": "Feature", "properties": { "ua_id": "UA-R2-UBA-10K-013", "regiao_id": 2, "regiao_nome": "Caraguatatuba-Ubatuba", "sigla_rodovia": "SP-055", "escala": "10K", "tipo": "UTB", "extensao_km": 0.5446, "ordem_no_grupo": 13, "km_inicial": 59.952, "km_final": 60.482, "subtrecho_der": "055SPE7722", "municipio": "Ubatuba", "regional": "Taubaté", "residencia_dr": "DR 06", "uba_nome": "Caraguatatuba", "uba_codigo": "RC 06.04", "jurisdicao": "Estadual", "conservado_por": "05.04", "centroide_lon": -45.106417, "centroide_lat": -23.488225, "buffer_lateral_m": 1000, "icc_hid_thresholds": "70;80;120;143", "trecho_critico_hid": false, "RAHID": 1, "hazard": "hidro" }, "geometry": { "type": "LineString", "coordinates": [ [ -45.104380151057789, -23.487659142345496, 0.0 ], [ -45.105359077831174, -23.487460104849582, 0.0 ], [ -45.105939248795629, -23.487415779324831, 0.0 ], [ -45.106594216494109, -23.487535089299353, 0.0 ], [ -45.107008896586358, -23.487819150020851, 0.0 ], [ -45.107191966267379, -23.488400887866725, 0.0 ], [ -45.107235119380142, -23.488919179986674, 0.0 ], [ -45.107166253356269, -23.489199297393608, 0.0 ], [ -45.107096921811277, -23.489421536609424, 0.0 ], [ -45.107069010153346, -23.489594840550591, 0.0 ], [ -45.107286575356426, -23.490103378403223, 0.0 ] ] } },
{ "type": "Feature", "properties": { "ua_id": "UA-R2-UBA-10K-014", "regiao_id": 2, "regiao_nome": "Caraguatatuba-Ubatuba", "sigla_rodovia": "SP-055", "escala": "10K", "tipo": "UTB", "extensao_km": 0.5446, "ordem_no_grupo": 14, "km_inicial": 60.482, "km_final": 61.011, "subtrecho_der": "055SPE7722", "municipio": "Ubatuba", "regional": "Taubaté", "residencia_dr": "DR 06", "uba_nome": "Caraguatatuba", "uba_codigo": "RC 06.04", "jurisdicao": "Estadual", "conservado_por": "05.04", "centroide_lon": -45.108106, "centroide_lat": -23.492224, "buffer_lateral_m": 1000, "icc_hid_thresholds": "70;80;120;143", "trecho_critico_hid": false, "RAHID": 1, "hazard": "hidro" }, "geometry": { "type": "LineString", "coordinates": [ [ -45.107286575356426, -23.490103378403223, 0.0 ], [ -45.107544580697102, -23.490706435687198, 0.0 ], [ -45.107642086647601, -23.49104712828888, 0.0 ], [ -45.107636073861926, -23.491206625233961, 0.0 ], [ -45.107464806710126, -23.49151945364196, 0.0 ], [ -45.107445344653456, -23.491981856289222, 0.0 ], [ -45.107651584200916, -23.492317355250957, 0.0 ], [ -45.107910430122352, -23.492447393890846, 0.0 ], [ -45.108328767497703, -23.493005682302847, 0.0 ], [ -45.108518227675745, -23.493194488666649, 0.0 ], [ -45.109387716428181, -23.493621802027572, 0.0 ], [ -45.109703710496447, -23.493956920801615, 0.0 ] ] } },
{ "type": "Feature", "properties": { "ua_id": "UA-R2-UBA-10K-015", "regiao_id": 2, "regiao_nome": "Caraguatatuba-Ubatuba", "sigla_rodovia": "SP-055", "escala": "10K", "tipo": "UTB", "extensao_km": 0.5446, "ordem_no_grupo": 15, "km_inicial": 61.011, "km_final": 61.54, "subtrecho_der": "055SPE7722", "municipio": "Ubatuba", "regional": "Taubaté", "residencia_dr": "DR 06", "uba_nome": "Caraguatatuba", "uba_codigo": "RC 06.04", "jurisdicao": "Estadual", "conservado_por": "05.04", "centroide_lon": -45.111636, "centroide_lat": -23.495535, "buffer_lateral_m": 1000, "icc_hid_thresholds": "70;80;120;143", "trecho_critico_hid": false, "RAHID": 1, "hazard": "hidro" }, "geometry": { "type": "LineString", "coordinates": [ [ -45.109703710496447, -23.493956920801615, 0.0 ], [ -45.109792657925951, -23.494051251114172, 0.0 ], [ -45.110565683219043, -23.49505891722638, 0.0 ], [ -45.110983056574554, -23.495296983009506, 0.0 ], [ -45.111108216781268, -23.495355136395986, 0.0 ], [ -45.111712542027426, -23.495534215992283, 0.0 ], [ -45.112840310002944, -23.496459279163616, 0.0 ], [ -45.113350918440453, -23.496527447462221, 0.0 ], [ -45.113554958874012, -23.496552900884044, 0.0 ], [ -45.113908120705275, -23.49663247844348, 0.0 ] ] } },
{ "type": "Feature", "properties": { "ua_id": "UA-R2-UBA-10K-016", "regiao_id": 2, "regiao_nome": "Caraguatatuba-Ubatuba", "sigla_rodovia": "SP-055", "escala": "10K", "tipo": "UTB", "extensao_km": 0.5446, "ordem_no_grupo": 16, "km_inicial": 74.03, "km_final": 74.559, "subtrecho_der": "055SPE7722", "municipio": "Ubatuba", "regional": "Taubaté", "residencia_dr": "DR 06", "uba_nome": "Caraguatatuba", "uba_codigo": "RC 06.04", "jurisdicao": "Estadual", "conservado_por": "05.04", "centroide_lon": -45.217467, "centroide_lat": -23.52651, "buffer_lateral_m": 1000, "icc_hid_thresholds": "70;80;120;143", "trecho_critico_hid": false, "RAHID": 2, "hazard": "hidro" }, "geometry": { "type": "LineString", "coordinates": [ [ -45.215155654185914, -23.525281624105681, 0.0 ], [ -45.219777736647906, -23.527739113079313, 0.0 ] ] } },
{ "type": "Feature", "properties": { "ua_id": "UA-R2-UBA-10K-017", "regiao_id": 2, "regiao_nome": "Caraguatatuba-Ubatuba", "sigla_rodovia": "SP-055", "escala": "10K", "tipo": "UTB", "extensao_km": 0.5446, "ordem_no_grupo": 17, "km_inicial": 74.559, "km_final": 75.088, "subtrecho_der": "055SPE7722", "municipio": "Ubatuba", "regional": "Taubaté", "residencia_dr": "DR 06", "uba_nome": "Caraguatatuba", "uba_codigo": "RC 06.04", "jurisdicao": "Estadual", "conservado_por": "05.04", "centroide_lon": -45.222057, "centroide_lat": -23.529012, "buffer_lateral_m": 1000, "icc_hid_thresholds": "70;80;120;143", "trecho_critico_hid": false, "RAHID": 2, "hazard": "hidro" }, "geometry": { "type": "LineString", "coordinates": [ [ -45.219777736647906, -23.527739113079313, 0.0 ], [ -45.222000963046177, -23.528921085823296, 0.0 ], [ -45.22292028119525, -23.529452347580992, 0.0 ], [ -45.223476888923031, -23.529835158562392, 0.0 ], [ -45.22379389713717, -23.530104763681571, 0.0 ], [ -45.224202320863995, -23.530455996460194, 0.0 ], [ -45.224202402070595, -23.530456067767258, 0.0 ] ] } },
{ "type": "Feature", "properties": { "ua_id": "UA-R2-UBA-10K-018", "regiao_id": 2, "regiao_nome": "Caraguatatuba-Ubatuba", "sigla_rodovia": "SP-055", "escala": "10K", "tipo": "UTB", "extensao_km": 0.5446, "ordem_no_grupo": 18, "km_inicial": 75.088, "km_final": 75.618, "subtrecho_der": "055SPE7722", "municipio": "Ubatuba", "regional": "Taubaté", "residencia_dr": "DR 06", "uba_nome": "Caraguatatuba", "uba_codigo": "RC 06.04", "jurisdicao": "Estadual", "conservado_por": "05.04", "centroide_lon": -45.225987, "centroide_lat": -23.532263, "buffer_lateral_m": 1000, "icc_hid_thresholds": "70;80;120;143", "trecho_critico_hid": false, "RAHID": 1, "hazard": "hidro" }, "geometry": { "type": "LineString", "coordinates": [ [ -45.224202402070595, -23.530456067767258, 0.0 ], [ -45.22451393926756, -23.530729625928071, 0.0 ], [ -45.225435358118077, -23.531548836285232, 0.0 ], [ -45.225856007733036, -23.53190466642554, 0.0 ], [ -45.225999869899525, -23.53205643773622, 0.0 ], [ -45.226430484012106, -23.53257776582813, 0.0 ], [ -45.226537602169522, -23.532747131199233, 0.0 ], [ -45.226995502644151, -23.533471114123042, 0.0 ], [ -45.227300394703335, -23.534036245599417, 0.0 ], [ -45.227402060347849, -23.534315109098753, 0.0 ] ] } },
{ "type": "Feature", "properties": { "ua_id": "UA-R2-UBA-10K-019", "regiao_id": 2, "regiao_nome": "Caraguatatuba-Ubatuba", "sigla_rodovia": "SP-055", "escala": "10K", "tipo": "UTB", "extensao_km": 0.5446, "ordem_no_grupo": 19, "km_inicial": 75.618, "km_final": 76.147, "subtrecho_der": "055SPE7722", "municipio": "Ubatuba", "regional": "Taubaté", "residencia_dr": "DR 06", "uba_nome": "Caraguatatuba", "uba_codigo": "RC 06.04", "jurisdicao": "Estadual", "conservado_por": "05.04", "centroide_lon": -45.228254, "centroide_lat": -23.536646, "buffer_lateral_m": 1000, "icc_hid_thresholds": "70;80;120;143", "trecho_critico_hid": false, "RAHID": 1, "hazard": "hidro" }, "geometry": { "type": "LineString", "coordinates": [ [ -45.227402060347849, -23.534315109098753, 0.0 ], [ -45.228417688150046, -23.537100852953067, 0.0 ], [ -45.229113540612147, -23.538974788178184, 0.0 ] ] } },
{ "type": "Feature", "properties": { "ua_id": "UA-R2-UBA-10K-020", "regiao_id": 2, "regiao_nome": "Caraguatatuba-Ubatuba", "sigla_rodovia": "SP-055", "escala": "10K", "tipo": "UTB", "extensao_km": 0.5446, "ordem_no_grupo": 20, "km_inicial": 76.147, "km_final": 76.676, "subtrecho_der": "055SPE7722", "municipio": "Ubatuba", "regional": "Taubaté", "residencia_dr": "DR 06", "uba_nome": "Caraguatatuba", "uba_codigo": "RC 06.04", "jurisdicao": "Estadual", "conservado_por": "05.04", "centroide_lon": -45.229954, "centroide_lat": -23.541309, "buffer_lateral_m": 1000, "icc_hid_thresholds": "70;80;120;143", "trecho_critico_hid": false, "RAHID": 1, "hazard": "hidro" }, "geometry": { "type": "LineString", "coordinates": [ [ -45.229113540612147, -23.538974788178184, 0.0 ], [ -45.229683262871724, -23.540509011213633, 0.0 ], [ -45.229740839418191, -23.540667078587855, 0.0 ], [ -45.229791007429441, -23.540867644767491, 0.0 ], [ -45.229853963811436, -23.541076290336981, 0.0 ], [ -45.230798865063967, -23.543641226266384, 0.0 ] ] } },
{ "type": "Feature", "properties": { "ua_id": "UA-R2-UBA-10K-021", "regiao_id": 2, "regiao_nome": "Caraguatatuba-Ubatuba", "sigla_rodovia": "SP-055", "escala": "10K", "tipo": "UTB", "extensao_km": 0.5446, "ordem_no_grupo": 21, "km_inicial": 76.676, "km_final": 77.206, "subtrecho_der": "055SPE7722", "municipio": "Ubatuba", "regional": "Taubaté", "residencia_dr": "DR 06", "uba_nome": "Caraguatatuba", "uba_codigo": "RC 06.04", "jurisdicao": "Estadual", "conservado_por": "05.04", "centroide_lon": -45.232296, "centroide_lat": -23.545419, "buffer_lateral_m": 1000, "icc_hid_thresholds": "70;80;120;143", "trecho_critico_hid": false, "RAHID": 1, "hazard": "hidro" }, "geometry": { "type": "LineString", "coordinates": [ [ -45.230798865063967, -23.543641226266384, 0.0 ], [ -45.231331551637709, -23.545087157434441, 0.0 ], [ -45.231721993595436, -23.545579531649725, 0.0 ], [ -45.232279854597479, -23.54585630206352, 0.0 ], [ -45.234607532586715, -23.54633451368543, 0.0 ] ] } },
{ "type": "Feature", "properties": { "ua_id": "UA-R2-UBA-10K-022", "regiao_id": 2, "regiao_nome": "Caraguatatuba-Ubatuba", "sigla_rodovia": "SP-055", "escala": "10K", "tipo": "UTB", "extensao_km": 0.5446, "ordem_no_grupo": 22, "km_inicial": 77.206, "km_final": 77.735, "subtrecho_der": "055SPE7722", "municipio": "Ubatuba", "regional": "Taubaté", "residencia_dr": "DR 06", "uba_nome": "Caraguatatuba", "uba_codigo": "RC 06.04", "jurisdicao": "Estadual", "conservado_por": "05.04", "centroide_lon": -45.237212, "centroide_lat": -23.54687, "buffer_lateral_m": 1000, "icc_hid_thresholds": "70;80;120;143", "trecho_critico_hid": false, "RAHID": 1, "hazard": "hidro" }, "geometry": { "type": "LineString", "coordinates": [ [ -45.234607532586715, -23.54633451368543, 0.0 ], [ -45.238739954388649, -23.54718340773843, 0.0 ], [ -45.239814951650303, -23.547408964407989, 0.0 ] ] } },
{ "type": "Feature", "properties": { "ua_id": "UA-R2-UBA-10K-023", "regiao_id": 2, "regiao_nome": "Caraguatatuba-Ubatuba", "sigla_rodovia": "SP-055", "escala": "10K", "tipo": "UTB", "extensao_km": 0.5446, "ordem_no_grupo": 23, "km_inicial": 77.735, "km_final": 78.265, "subtrecho_der": "055SPE7722", "municipio": "Ubatuba", "regional": "Taubaté", "residencia_dr": "DR 06", "uba_nome": "Caraguatatuba", "uba_codigo": "RC 06.04", "jurisdicao": "Estadual", "conservado_por": "05.04", "centroide_lon": -45.242417, "centroide_lat": -23.547955, "buffer_lateral_m": 1000, "icc_hid_thresholds": "70;80;120;143", "trecho_critico_hid": false, "RAHID": 1, "hazard": "hidro" }, "geometry": { "type": "LineString", "coordinates": [ [ -45.239814951650303, -23.547408964407989, 0.0 ], [ -45.244611238765359, -23.548415224528483, 0.0 ], [ -45.245017293829648, -23.548504246229825, 0.0 ] ] } },
{ "type": "Feature", "properties": { "ua_id": "UA-R2-UBA-10K-024", "regiao_id": 2, "regiao_nome": "Caraguatatuba-Ubatuba", "sigla_rodovia": "SP-055", "escala": "10K", "tipo": "UTB", "extensao_km": 0.5446, "ordem_no_grupo": 24, "km_inicial": 78.265, "km_final": 78.794, "subtrecho_der": "055SPE7722", "municipio": "Ubatuba", "regional": "Taubaté", "residencia_dr": "DR 06", "uba_nome": "Caraguatatuba", "uba_codigo": "RC 06.04", "jurisdicao": "Estadual", "conservado_por": "05.04", "centroide_lon": -45.247364, "centroide_lat": -23.549495, "buffer_lateral_m": 1000, "icc_hid_thresholds": "70;80;120;143", "trecho_critico_hid": false, "RAHID": 1, "hazard": "hidro" }, "geometry": { "type": "LineString", "coordinates": [ [ -45.245017293829648, -23.548504246229825, 0.0 ], [ -45.245266872360709, -23.548558962126734, 0.0 ], [ -45.246628187977556, -23.548871550179435, 0.0 ], [ -45.247365848764076, -23.549162312397844, 0.0 ], [ -45.24800286981705, -23.549596537269938, 0.0 ], [ -45.248510954825221, -23.550119043515402, 0.0 ], [ -45.248609355338111, -23.550275751057008, 0.0 ], [ -45.248936142234456, -23.550870123441683, 0.0 ], [ -45.249103683002851, -23.551207026517638, 0.0 ] ] } },
{ "type": "Feature", "properties": { "ua_id": "UA-R2-UBA-10K-025", "regiao_id": 2, "regiao_nome": "Caraguatatuba-Ubatuba", "sigla_rodovia": "SP-055", "escala": "10K", "tipo": "UTB", "extensao_km": 0.5446, "ordem_no_grupo": 25, "km_inicial": 78.794, "km_final": 79.323, "subtrecho_der": "055SPE7722", "municipio": "Ubatuba", "regional": "Taubaté", "residencia_dr": "DR 06", "uba_nome": "Caraguatatuba", "uba_codigo": "RC 06.04", "jurisdicao": "Estadual", "conservado_por": "05.04", "centroide_lon": -45.250233, "centroide_lat": -23.553436, "buffer_lateral_m": 1000, "icc_hid_thresholds": "70;80;120;143", "trecho_critico_hid": false, "RAHID": 1, "hazard": "hidro" }, "geometry": { "type": "LineString", "coordinates": [ [ -45.249103683002851, -23.551207026517638, 0.0 ], [ -45.249246579420493, -23.551494371425914, 0.0 ], [ -45.250288524921338, -23.553523760100632, 0.0 ], [ -45.251347178673072, -23.555670622616116, 0.0 ] ] } },
{ "type": "Feature", "properties": { "ua_id": "UA-R2-UBA-10K-026", "regiao_id": 2, "regiao_nome": "Caraguatatuba-Ubatuba", "sigla_rodovia": "SP-055", "escala": "10K", "tipo": "UTB", "extensao_km": 0.5446, "ordem_no_grupo": 26, "km_inicial": 79.323, "km_final": 79.853, "subtrecho_der": "055SPE7722", "municipio": "Ubatuba", "regional": "Taubaté", "residencia_dr": "DR 06", "uba_nome": "Caraguatatuba", "uba_codigo": "RC 06.04", "jurisdicao": "Estadual", "conservado_por": "05.04", "centroide_lon": -45.252547, "centroide_lat": -23.55785, "buffer_lateral_m": 1000, "icc_hid_thresholds": "70;80;120;143", "trecho_critico_hid": false, "RAHID": 1, "hazard": "hidro" }, "geometry": { "type": "LineString", "coordinates": [ [ -45.251347178673072, -23.555670622616116, 0.0 ], [ -45.252543291840894, -23.558096147160413, 0.0 ], [ -45.252962148397742, -23.558801551369793, 0.0 ], [ -45.253553946923923, -23.559351941577081, 0.0 ], [ -45.254159356591458, -23.559733591363386, 0.0 ] ] } },
{ "type": "Feature", "properties": { "ua_id": "UA-R2-UBA-10K-027", "regiao_id": 2, "regiao_nome": "Caraguatatuba-Ubatuba", "sigla_rodovia": "SP-055", "escala": "10K", "tipo": "UTB", "extensao_km": 0.5446, "ordem_no_grupo": 27, "km_inicial": 79.853, "km_final": 80.382, "subtrecho_der": "055SPE7722", "municipio": "Ubatuba", "regional": "Taubaté", "residencia_dr": "DR 06", "uba_nome": "Caraguatatuba", "uba_codigo": "RC 06.04", "jurisdicao": "Estadual", "conservado_por": "05.04", "centroide_lon": -45.256362, "centroide_lat": -23.561122, "buffer_lateral_m": 1000, "icc_hid_thresholds": "70;80;120;143", "trecho_critico_hid": false, "RAHID": 1, "hazard": "hidro" }, "geometry": { "type": "LineString", "coordinates": [ [ -45.254159356591458, -23.559733591363386, 0.0 ], [ -45.256344526137489, -23.561111082268173, 0.0 ], [ -45.25725708320671, -23.561676579756327, 0.0 ], [ -45.258554475338443, -23.562523870163066, 0.0 ] ] } },
{ "type": "Feature", "properties": { "ua_id": "UA-R2-UBA-10K-028", "regiao_id": 2, "regiao_nome": "Caraguatatuba-Ubatuba", "sigla_rodovia": "SP-055", "escala": "10K", "tipo": "UTB", "extensao_km": 0.5446, "ordem_no_grupo": 28, "km_inicial": 80.382, "km_final": 80.911, "subtrecho_der": "055SPE7722", "municipio": "Ubatuba", "regional": "Taubaté", "residencia_dr": "DR 06", "uba_nome": "Caraguatatuba", "uba_codigo": "RC 06.04", "jurisdicao": "Estadual", "conservado_por": "05.04", "centroide_lon": -45.260604, "centroide_lat": -23.564092, "buffer_lateral_m": 1000, "icc_hid_thresholds": "70;80;120;143", "trecho_critico_hid": false, "RAHID": 1, "hazard": "hidro" }, "geometry": { "type": "LineString", "coordinates": [ [ -45.258554475338443, -23.562523870163066, 0.0 ], [ -45.258891007506158, -23.562743646305158, 0.0 ], [ -45.259140915919872, -23.562902872122574, 0.0 ], [ -45.259671955402503, -23.563291973292404, 0.0 ], [ -45.259908193108387, -23.563490683175448, 0.0 ], [ -45.260208231708667, -23.563720541613019, 0.0 ], [ -45.260398247385581, -23.563890157954145, 0.0 ], [ -45.262103102415388, -23.56536768358087, 0.0 ], [ -45.262615312250539, -23.565653324263799, 0.0 ], [ -45.262643767128168, -23.565659504214185, 0.0 ] ] } },
{ "type": "Feature", "properties": { "ua_id": "UA-R2-UBA-10K-029", "regiao_id": 2, "regiao_nome": "Caraguatatuba-Ubatuba", "sigla_rodovia": "SP-055", "escala": "10K", "tipo": "UTB", "extensao_km": 0.5446, "ordem_no_grupo": 29, "km_inicial": 80.911, "km_final": 81.441, "subtrecho_der": "055SPE7722", "municipio": "Ubatuba", "regional": "Taubaté", "residencia_dr": "DR 06", "uba_nome": "Caraguatatuba", "uba_codigo": "RC 06.04", "jurisdicao": "Estadual", "conservado_por": "05.04", "centroide_lon": -45.265299, "centroide_lat": -23.565787, "buffer_lateral_m": 1000, "icc_hid_thresholds": "70;80;120;143", "trecho_critico_hid": false, "RAHID": 1, "hazard": "hidro" }, "geometry": { "type": "LineString", "coordinates": [ [ -45.262643767128168, -23.565659504214185, 0.0 ], [ -45.263131152574779, -23.565765355740798, 0.0 ], [ -45.26796700235311, -23.565824377212614, 0.0 ] ] } },
{ "type": "Feature", "properties": { "ua_id": "UA-R2-UBA-10K-030", "regiao_id": 2, "regiao_nome": "Caraguatatuba-Ubatuba", "sigla_rodovia": "SP-055", "escala": "10K", "tipo": "UTB", "extensao_km": 0.5446, "ordem_no_grupo": 30, "km_inicial": 81.441, "km_final": 81.97, "subtrecho_der": "055SPE7722", "municipio": "Ubatuba", "regional": "Taubaté", "residencia_dr": "DR 06", "uba_nome": "Caraguatatuba", "uba_codigo": "RC 06.04", "jurisdicao": "Estadual", "conservado_por": "05.04", "centroide_lon": -45.270635, "centroide_lat": -23.565857, "buffer_lateral_m": 1000, "icc_hid_thresholds": "70;80;120;143", "trecho_critico_hid": false, "RAHID": 1, "hazard": "hidro" }, "geometry": { "type": "LineString", "coordinates": [ [ -45.26796700235311, -23.565824377212614, 0.0 ], [ -45.273303542102752, -23.565889334924623, 0.0 ] ] } },
{ "type": "Feature", "properties": { "ua_id": "UA-R2-UBA-1K-001", "regiao_id": 2, "regiao_nome": "Caraguatatuba-Ubatuba", "sigla_rodovia": "SP-055", "escala": "1K", "tipo": "SR", "extensao_km": 0.2142, "ordem_no_grupo": 1, "km_inicial": 61.54, "km_final": 61.748, "subtrecho_der": "055SPE7722", "municipio": "Ubatuba", "regional": "Taubaté", "residencia_dr": "DR 06", "uba_nome": "Caraguatatuba", "uba_codigo": "RC 06.04", "jurisdicao": "Estadual", "conservado_por": "05.04", "centroide_lon": -45.114891, "centroide_lat": -23.496954, "buffer_lateral_m": 1000, "icc_hid_thresholds": "70;80;120;143", "trecho_critico_hid": false, "RAHID": 0, "hazard": "hidro" }, "geometry": { "type": "LineString", "coordinates": [ [ -45.113908120705275, -23.49663247844348, 0.0 ], [ -45.114304358536501, -23.49672176120108, 0.0 ], [ -45.115400065035871, -23.497109367041961, 0.0 ], [ -45.115676251564011, -23.497311282474925, 0.0 ], [ -45.115788112507708, -23.497421504267002, 0.0 ] ] } },
{ "type": "Feature", "properties": { "ua_id": "UA-R2-UBA-1K-002", "regiao_id": 2, "regiao_nome": "Caraguatatuba-Ubatuba", "sigla_rodovia": "SP-055", "escala": "1K", "tipo": "SR", "extensao_km": 0.2142, "ordem_no_grupo": 2, "km_inicial": 61.748, "km_final": 61.957, "subtrecho_der": "055SPE7722", "municipio": "Ubatuba", "regional": "Taubaté", "residencia_dr": "DR 06", "uba_nome": "Caraguatatuba", "uba_codigo": "RC 06.04", "jurisdicao": "Estadual", "conservado_por": "05.04", "centroide_lon": -45.116621, "centroide_lat": -23.497938, "buffer_lateral_m": 1000, "icc_hid_thresholds": "70;80;120;143", "trecho_critico_hid": false, "RAHID": 0, "hazard": "hidro" }, "geometry": { "type": "LineString", "coordinates": [ [ -45.115788112507708, -23.497421504267002, 0.0 ], [ -45.115864927874462, -23.497497193867606, 0.0 ], [ -45.116039783570152, -23.497731084496074, 0.0 ], [ -45.1162118294938, -23.497851225002648, 0.0 ], [ -45.116489654806252, -23.497983078307268, 0.0 ], [ -45.117001877799026, -23.498052450921971, 0.0 ], [ -45.117574594063129, -23.498297088963959, 0.0 ] ] } },
{ "type": "Feature", "properties": { "ua_id": "UA-R2-UBA-1K-003", "regiao_id": 2, "regiao_nome": "Caraguatatuba-Ubatuba", "sigla_rodovia": "SP-055", "escala": "1K", "tipo": "SR", "extensao_km": 0.2142, "ordem_no_grupo": 3, "km_inicial": 61.957, "km_final": 62.165, "subtrecho_der": "055SPE7722", "municipio": "Ubatuba", "regional": "Taubaté", "residencia_dr": "DR 06", "uba_nome": "Caraguatatuba", "uba_codigo": "RC 06.04", "jurisdicao": "Estadual", "conservado_por": "05.04", "centroide_lon": -45.118471, "centroide_lat": -23.498771, "buffer_lateral_m": 1000, "icc_hid_thresholds": "70;80;120;143", "trecho_critico_hid": false, "RAHID": 0, "hazard": "hidro" }, "geometry": { "type": "LineString", "coordinates": [ [ -45.117574594063129, -23.498297088963959, 0.0 ], [ -45.118613474327823, -23.498740843111996, 0.0 ], [ -45.119234399277893, -23.499407227099461, 0.0 ] ] } },
{ "type": "Feature", "properties": { "ua_id": "UA-R2-UBA-1K-004", "regiao_id": 2, "regiao_nome": "Caraguatatuba-Ubatuba", "sigla_rodovia": "SP-055", "escala": "1K", "tipo": "SR", "extensao_km": 0.2142, "ordem_no_grupo": 4, "km_inicial": 62.165, "km_final": 62.373, "subtrecho_der": "055SPE7722", "municipio": "Ubatuba", "regional": "Taubaté", "residencia_dr": "DR 06", "uba_nome": "Caraguatatuba", "uba_codigo": "RC 06.04", "jurisdicao": "Estadual", "conservado_por": "05.04", "centroide_lon": -45.120027, "centroide_lat": -23.499937, "buffer_lateral_m": 1000, "icc_hid_thresholds": "70;80;120;143", "trecho_critico_hid": false, "RAHID": 0, "hazard": "hidro" }, "geometry": { "type": "LineString", "coordinates": [ [ -45.119234399277893, -23.499407227099461, 0.0 ], [ -45.119604842685455, -23.499804786926422, 0.0 ], [ -45.119751494217837, -23.499986536868416, 0.0 ], [ -45.119959085429123, -23.50009843705794, 0.0 ], [ -45.120211395667468, -23.500121931251016, 0.0 ], [ -45.120988565867599, -23.500081880754287, 0.0 ], [ -45.120999228778629, -23.500084915564301, 0.0 ] ] } },
{ "type": "Feature", "properties": { "ua_id": "UA-R2-UBA-1K-005", "regiao_id": 2, "regiao_nome": "Caraguatatuba-Ubatuba", "sigla_rodovia": "SP-055", "escala": "1K", "tipo": "SR", "extensao_km": 0.2142, "ordem_no_grupo": 5, "km_inicial": 62.373, "km_final": 62.581, "subtrecho_der": "055SPE7722", "municipio": "Ubatuba", "regional": "Taubaté", "residencia_dr": "DR 06", "uba_nome": "Caraguatatuba", "uba_codigo": "RC 06.04", "jurisdicao": "Estadual", "conservado_por": "05.04", "centroide_lon": -45.122008, "centroide_lat": -23.500332, "buffer_lateral_m": 1000, "icc_hid_thresholds": "70;80;120;143", "trecho_critico_hid": false, "RAHID": 0, "hazard": "hidro" }, "geometry": { "type": "LineString", "coordinates": [ [ -45.120999228778629, -23.500084915564301, 0.0 ], [ -45.122150449207865, -23.50041256348759, 0.0 ], [ -45.122598545377485, -23.500414853570462, 0.0 ], [ -45.122766017918266, -23.500451149095586, 0.0 ], [ -45.123008167590285, -23.500546360509162, 0.0 ], [ -45.123015587202055, -23.500551752427082, 0.0 ] ] } },
{ "type": "Feature", "properties": { "ua_id": "UA-R2-UBA-1K-006", "regiao_id": 2, "regiao_nome": "Caraguatatuba-Ubatuba", "sigla_rodovia": "SP-055", "escala": "1K", "tipo": "SR", "extensao_km": 0.2142, "ordem_no_grupo": 6, "km_inicial": 62.581, "km_final": 62.789, "subtrecho_der": "055SPE7722", "municipio": "Ubatuba", "regional": "Taubaté", "residencia_dr": "DR 06", "uba_nome": "Caraguatatuba", "uba_codigo": "RC 06.04", "jurisdicao": "Estadual", "conservado_por": "05.04", "centroide_lon": -45.12389, "centroide_lat": -23.500987, "buffer_lateral_m": 1000, "icc_hid_thresholds": "70;80;120;143", "trecho_critico_hid": false, "RAHID": 0, "hazard": "hidro" }, "geometry": { "type": "LineString", "coordinates": [ [ -45.123015587202055, -23.500551752427082, 0.0 ], [ -45.123090856893391, -23.500606451739646, 0.0 ], [ -45.12356910958524, -23.501018777979475, 0.0 ], [ -45.123741878750785, -23.501097031209792, 0.0 ], [ -45.124012098163135, -23.501125459219697, 0.0 ], [ -45.124203937170293, -23.501099383065192, 0.0 ], [ -45.124346724360727, -23.501088226660816, 0.0 ], [ -45.124765700368911, -23.501115747745171, 0.0 ], [ -45.124884818480488, -23.501151924744256, 0.0 ] ] } },
{ "type": "Feature", "properties": { "ua_id": "UA-R2-UBA-1K-007", "regiao_id": 2, "regiao_nome": "Caraguatatuba-Ubatuba", "sigla_rodovia": "SP-055", "escala": "1K", "tipo": "SR", "extensao_km": 0.2142, "ordem_no_grupo": 7, "km_inicial": 62.789, "km_final": 62.997, "subtrecho_der": "055SPE7722", "municipio": "Ubatuba", "regional": "Taubaté", "residencia_dr": "DR 06", "uba_nome": "Caraguatatuba", "uba_codigo": "RC 06.04", "jurisdicao": "Estadual", "conservado_por": "05.04", "centroide_lon": -45.125851, "centroide_lat": -23.501516, "buffer_lateral_m": 1000, "icc_hid_thresholds": "70;80;120;143", "trecho_critico_hid": false, "RAHID": 0, "hazard": "hidro" }, "geometry": { "type": "LineString", "coordinates": [ [ -45.124884818480488, -23.501151924744256, 0.0 ], [ -45.125258714891274, -23.501265478963081, 0.0 ], [ -45.126193811205198, -23.501699675243817, 0.0 ], [ -45.126836827299599, -23.501803929086044, 0.0 ], [ -45.126840967595172, -23.501804449728837, 0.0 ] ] } },
{ "type": "Feature", "properties": { "ua_id": "UA-R2-UBA-1K-008", "regiao_id": 2, "regiao_nome": "Caraguatatuba-Ubatuba", "sigla_rodovia": "SP-055", "escala": "1K", "tipo": "SR", "extensao_km": 0.2142, "ordem_no_grupo": 8, "km_inicial": 62.997, "km_final": 63.206, "subtrecho_der": "055SPE7722", "municipio": "Ubatuba", "regional": "Taubaté", "residencia_dr": "DR 06", "uba_nome": "Caraguatatuba", "uba_codigo": "RC 06.04", "jurisdicao": "Estadual", "conservado_por": "05.04", "centroide_lon": -45.127877, "centroide_lat": -23.501935, "buffer_lateral_m": 1000, "icc_hid_thresholds": "70;80;120;143", "trecho_critico_hid": false, "RAHID": 0, "hazard": "hidro" }, "geometry": { "type": "LineString", "coordinates": [ [ -45.126840967595172, -23.501804449728837, 0.0 ], [ -45.127273431659184, -23.501858831520682, 0.0 ], [ -45.127800503180985, -23.501951907298469, 0.0 ], [ -45.128598730286065, -23.502030486125175, 0.0 ], [ -45.128906331145352, -23.501943410893237, 0.0 ] ] } },
{ "type": "Feature", "properties": { "ua_id": "UA-R2-UBA-1K-009", "regiao_id": 2, "regiao_nome": "Caraguatatuba-Ubatuba", "sigla_rodovia": "SP-055", "escala": "1K", "tipo": "SR", "extensao_km": 0.2142, "ordem_no_grupo": 9, "km_inicial": 63.206, "km_final": 63.414, "subtrecho_der": "055SPE7722", "municipio": "Ubatuba", "regional": "Taubaté", "residencia_dr": "DR 06", "uba_nome": "Caraguatatuba", "uba_codigo": "RC 06.04", "jurisdicao": "Estadual", "conservado_por": "05.04", "centroide_lon": -45.129634, "centroide_lat": -23.50128, "buffer_lateral_m": 1000, "icc_hid_thresholds": "70;80;120;143", "trecho_critico_hid": false, "RAHID": 0, "hazard": "hidro" }, "geometry": { "type": "LineString", "coordinates": [ [ -45.128906331145352, -23.501943410893237, 0.0 ], [ -45.129070974038029, -23.501896803711055, 0.0 ], [ -45.129427104101545, -23.501583108376405, 0.0 ], [ -45.130259821002895, -23.500507633814834, 0.0 ] ] } },
{ "type": "Feature", "properties": { "ua_id": "UA-R2-UBA-1K-010", "regiao_id": 2, "regiao_nome": "Caraguatatuba-Ubatuba", "sigla_rodovia": "SP-055", "escala": "1K", "tipo": "SR", "extensao_km": 0.2142, "ordem_no_grupo": 10, "km_inicial": 63.414, "km_final": 63.622, "subtrecho_der": "055SPE7722", "municipio": "Ubatuba", "regional": "Taubaté", "residencia_dr": "DR 06", "uba_nome": "Caraguatatuba", "uba_codigo": "RC 06.04", "jurisdicao": "Estadual", "conservado_por": "05.04", "centroide_lon": -45.130931, "centroide_lat": -23.499774, "buffer_lateral_m": 1000, "icc_hid_thresholds": "70;80;120;143", "trecho_critico_hid": false, "RAHID": 0, "hazard": "hidro" }, "geometry": { "type": "LineString", "coordinates": [ [ -45.130259821002895, -23.500507633814834, 0.0 ], [ -45.130348887032525, -23.500392601524819, 0.0 ], [ -45.130516533556523, -23.500137416082254, 0.0 ], [ -45.130795809806408, -23.499828630228752, 0.0 ], [ -45.131614205706342, -23.499190207496117, 0.0 ], [ -45.1317096712785, -23.499134585420737, 0.0 ] ] } },
{ "type": "Feature", "properties": { "ua_id": "UA-R2-UBA-1K-011", "regiao_id": 2, "regiao_nome": "Caraguatatuba-Ubatuba", "sigla_rodovia": "SP-055", "escala": "1K", "tipo": "SR", "extensao_km": 0.2142, "ordem_no_grupo": 11, "km_inicial": 63.622, "km_final": 63.83, "subtrecho_der": "055SPE7722", "municipio": "Ubatuba", "regional": "Taubaté", "residencia_dr": "DR 06", "uba_nome": "Caraguatatuba", "uba_codigo": "RC 06.04", "jurisdicao": "Estadual", "conservado_por": "05.04", "centroide_lon": -45.132654, "centroide_lat": -23.49872, "buffer_lateral_m": 1000, "icc_hid_thresholds": "70;80;120;143", "trecho_critico_hid": false, "RAHID": 0, "hazard": "hidro" }, "geometry": { "type": "LineString", "coordinates": [ [ -45.1317096712785, -23.499134585420737, 0.0 ], [ -45.131890626684772, -23.49902915324645, 0.0 ], [ -45.132326720106128, -23.49882041690994, 0.0 ], [ -45.132641215211336, -23.498709919707469, 0.0 ], [ -45.133242951034561, -23.49849986810592, 0.0 ], [ -45.133625213853769, -23.49835743981928, 0.0 ] ] } },
{ "type": "Feature", "properties": { "ua_id": "UA-R2-UBA-1K-012", "regiao_id": 2, "regiao_nome": "Caraguatatuba-Ubatuba", "sigla_rodovia": "SP-055", "escala": "1K", "tipo": "SR", "extensao_km": 0.2142, "ordem_no_grupo": 12, "km_inicial": 63.83, "km_final": 64.038, "subtrecho_der": "055SPE7722", "municipio": "Ubatuba", "regional": "Taubaté", "residencia_dr": "DR 06", "uba_nome": "Caraguatatuba", "uba_codigo": "RC 06.04", "jurisdicao": "Estadual", "conservado_por": "05.04", "centroide_lon": -45.134568, "centroide_lat": -23.497938, "buffer_lateral_m": 1000, "icc_hid_thresholds": "70;80;120;143", "trecho_critico_hid": false, "RAHID": 0, "hazard": "hidro" }, "geometry": { "type": "LineString", "coordinates": [ [ -45.133625213853769, -23.49835743981928, 0.0 ], [ -45.134054666846446, -23.498197427340248, 0.0 ], [ -45.134208716986613, -23.498140986662388, 0.0 ], [ -45.135484331433702, -23.497469745634426, 0.0 ] ] } },
{ "type": "Feature", "properties": { "ua_id": "UA-R2-UBA-1K-013", "regiao_id": 2, "regiao_nome": "Caraguatatuba-Ubatuba", "sigla_rodovia": "SP-055", "escala": "1K", "tipo": "SR", "extensao_km": 0.2142, "ordem_no_grupo": 13, "km_inicial": 64.038, "km_final": 64.246, "subtrecho_der": "055SPE7722", "municipio": "Ubatuba", "regional": "Taubaté", "residencia_dr": "DR 06", "uba_nome": "Caraguatatuba", "uba_codigo": "RC 06.04", "jurisdicao": "Estadual", "conservado_por": "05.04", "centroide_lon": -45.136406, "centroide_lat": -23.497014, "buffer_lateral_m": 1000, "icc_hid_thresholds": "70;80;120;143", "trecho_critico_hid": false, "RAHID": 0, "hazard": "hidro" }, "geometry": { "type": "LineString", "coordinates": [ [ -45.135484331433702, -23.497469745634426, 0.0 ], [ -45.136656370663495, -23.496852991702021, 0.0 ], [ -45.137368338493914, -23.496640968001223, 0.0 ] ] } },
{ "type": "Feature", "properties": { "ua_id": "UA-R2-UBA-1K-014", "regiao_id": 2, "regiao_nome": "Caraguatatuba-Ubatuba", "sigla_rodovia": "SP-055", "escala": "1K", "tipo": "SR", "extensao_km": 0.2142, "ordem_no_grupo": 14, "km_inicial": 64.246, "km_final": 64.455, "subtrecho_der": "055SPE7722", "municipio": "Ubatuba", "regional": "Taubaté", "residencia_dr": "DR 06", "uba_nome": "Caraguatatuba", "uba_codigo": "RC 06.04", "jurisdicao": "Estadual", "conservado_por": "05.04", "centroide_lon": -45.1384, "centroide_lat": -23.49647, "buffer_lateral_m": 1000, "icc_hid_thresholds": "70;80;120;143", "trecho_critico_hid": false, "RAHID": 0, "hazard": "hidro" }, "geometry": { "type": "LineString", "coordinates": [ [ -45.137368338493914, -23.496640968001223, 0.0 ], [ -45.137370827992513, -23.496640226622759, 0.0 ], [ -45.1382417888059, -23.496507019391458, 0.0 ], [ -45.138848309557055, -23.496414895893118, 0.0 ], [ -45.139279636400751, -23.496280528637261, 0.0 ], [ -45.139414613139074, -23.49623948833635, 0.0 ] ] } },
{ "type": "Feature", "properties": { "ua_id": "UA-R2-UBA-1K-015", "regiao_id": 2, "regiao_nome": "Caraguatatuba-Ubatuba", "sigla_rodovia": "SP-055", "escala": "1K", "tipo": "SR", "extensao_km": 0.2142, "ordem_no_grupo": 15, "km_inicial": 64.455, "km_final": 64.663, "subtrecho_der": "055SPE7722", "municipio": "Ubatuba", "regional": "Taubaté", "residencia_dr": "DR 06", "uba_nome": "Caraguatatuba", "uba_codigo": "RC 06.04", "jurisdicao": "Estadual", "conservado_por": "05.04", "centroide_lon": -45.140383, "centroide_lat": -23.495957, "buffer_lateral_m": 1000, "icc_hid_thresholds": "70;80;120;143", "trecho_critico_hid": false, "RAHID": 0, "hazard": "hidro" }, "geometry": { "type": "LineString", "coordinates": [ [ -45.139414613139074, -23.49623948833635, 0.0 ], [ -45.139542427826171, -23.496200625558991, 0.0 ], [ -45.140270075049706, -23.496064375480778, 0.0 ], [ -45.140540720879542, -23.496044962735745, 0.0 ], [ -45.140696162364968, -23.495961200628233, 0.0 ], [ -45.140857967088294, -23.495850133324023, 0.0 ], [ -45.140965841539909, -23.495669428446668, 0.0 ], [ -45.141093069046327, -23.495469856018559, 0.0 ], [ -45.141121954410487, -23.49538871971065, 0.0 ] ] } },
{ "type": "Feature", "properties": { "ua_id": "UA-R2-UBA-1K-016", "regiao_id": 2, "regiao_nome": "Caraguatatuba-Ubatuba", "sigla_rodovia": "SP-055", "escala": "1K", "tipo": "SR", "extensao_km": 0.2142, "ordem_no_grupo": 16, "km_inicial": 64.663, "km_final": 64.871, "subtrecho_der": "055SPE7722", "municipio": "Ubatuba", "regional": "Taubaté", "residencia_dr": "DR 06", "uba_nome": "Caraguatatuba", "uba_codigo": "RC 06.04", "jurisdicao": "Estadual", "conservado_por": "05.04", "centroide_lon": -45.141784, "centroide_lat": -23.494737, "buffer_lateral_m": 1000, "icc_hid_thresholds": "70;80;120;143", "trecho_critico_hid": false, "RAHID": 0, "hazard": "hidro" }, "geometry": { "type": "LineString", "coordinates": [ [ -45.141121954410487, -23.49538871971065, 0.0 ], [ -45.141196091705652, -23.495180474448034, 0.0 ], [ -45.141468512478717, -23.49479169539633, 0.0 ], [ -45.141665261940467, -23.494629984937323, 0.0 ], [ -45.141952288642287, -23.494495278555366, 0.0 ], [ -45.142284383665981, -23.494456962605707, 0.0 ], [ -45.142712303975678, -23.494541818584665, 0.0 ] ] } },
{ "type": "Feature", "properties": { "ua_id": "UA-R2-UBA-1K-017", "regiao_id": 2, "regiao_nome": "Caraguatatuba-Ubatuba", "sigla_rodovia": "SP-055", "escala": "1K", "tipo": "SR", "extensao_km": 0.2142, "ordem_no_grupo": 17, "km_inicial": 64.871, "km_final": 65.079, "subtrecho_der": "055SPE7722", "municipio": "Ubatuba", "regional": "Taubaté", "residencia_dr": "DR 06", "uba_nome": "Caraguatatuba", "uba_codigo": "RC 06.04", "jurisdicao": "Estadual", "conservado_por": "05.04", "centroide_lon": -45.143662, "centroide_lat": -23.494404, "buffer_lateral_m": 1000, "icc_hid_thresholds": "70;80;120;143", "trecho_critico_hid": false, "RAHID": 0, "hazard": "hidro" }, "geometry": { "type": "LineString", "coordinates": [ [ -45.142712303975678, -23.494541818584665, 0.0 ], [ -45.142848053758875, -23.49456873730178, 0.0 ], [ -45.143107725184478, -23.494648258660508, 0.0 ], [ -45.143291103122188, -23.494665601550174, 0.0 ], [ -45.143470245983245, -23.494599492348623, 0.0 ], [ -45.143850881813094, -23.494438292841462, 0.0 ], [ -45.143984980428833, -23.494306725072299, 0.0 ], [ -45.14426548315425, -23.49402981578513, 0.0 ], [ -45.144543476259791, -23.493984772279294, 0.0 ] ] } },
{ "type": "Feature", "properties": { "ua_id": "UA-R2-UBA-1K-018", "regiao_id": 2, "regiao_nome": "Caraguatatuba-Ubatuba", "sigla_rodovia": "SP-055", "escala": "1K", "tipo": "SR", "extensao_km": 0.2142, "ordem_no_grupo": 18, "km_inicial": 65.079, "km_final": 65.287, "subtrecho_der": "055SPE7722", "municipio": "Ubatuba", "regional": "Taubaté", "residencia_dr": "DR 06", "uba_nome": "Caraguatatuba", "uba_codigo": "RC 06.04", "jurisdicao": "Estadual", "conservado_por": "05.04", "centroide_lon": -45.145536, "centroide_lat": -23.493736, "buffer_lateral_m": 1000, "icc_hid_thresholds": "70;80;120;143", "trecho_critico_hid": false, "RAHID": 0, "hazard": "hidro" }, "geometry": { "type": "LineString", "coordinates": [ [ -45.144543476259791, -23.493984772279294, 0.0 ], [ -45.144603114133524, -23.493975109025346, 0.0 ], [ -45.144936584383174, -23.493935982292047, 0.0 ], [ -45.145240935549403, -23.493806544303681, 0.0 ], [ -45.145551220420771, -23.493638207640664, 0.0 ], [ -45.145753916171003, -23.493600248261124, 0.0 ], [ -45.146139613825731, -23.493596820831211, 0.0 ], [ -45.146491546966949, -23.493621126919486, 0.0 ], [ -45.146550809900972, -23.49361138169284, 0.0 ] ] } },
{ "type": "Feature", "properties": { "ua_id": "UA-R2-UBA-1K-019", "regiao_id": 2, "regiao_nome": "Caraguatatuba-Ubatuba", "sigla_rodovia": "SP-055", "escala": "1K", "tipo": "SR", "extensao_km": 0.2142, "ordem_no_grupo": 19, "km_inicial": 65.287, "km_final": 65.495, "subtrecho_der": "055SPE7722", "municipio": "Ubatuba", "regional": "Taubaté", "residencia_dr": "DR 06", "uba_nome": "Caraguatatuba", "uba_codigo": "RC 06.04", "jurisdicao": "Estadual", "conservado_por": "05.04", "centroide_lon": -45.14755, "centroide_lat": -23.493346, "buffer_lateral_m": 1000, "icc_hid_thresholds": "70;80;120;143", "trecho_critico_hid": false, "RAHID": 0, "hazard": "hidro" }, "geometry": { "type": "LineString", "coordinates": [ [ -45.146550809900972, -23.49361138169284, 0.0 ], [ -45.146910548193141, -23.493552225633184, 0.0 ], [ -45.14761195181606, -23.493351245766917, 0.0 ], [ -45.14799757746615, -23.493271568657711, 0.0 ], [ -45.148311343951939, -23.493043176710454, 0.0 ], [ -45.148453627979485, -23.49290999854632, 0.0 ] ] } },
{ "type": "Feature", "properties": { "ua_id": "UA-R2-UBA-1K-020", "regiao_id": 2, "regiao_nome": "Caraguatatuba-Ubatuba", "sigla_rodovia": "SP-055", "escala": "1K", "tipo": "SR", "extensao_km": 0.2142, "ordem_no_grupo": 20, "km_inicial": 65.495, "km_final": 65.703, "subtrecho_der": "055SPE7722", "municipio": "Ubatuba", "regional": "Taubaté", "residencia_dr": "DR 06", "uba_nome": "Caraguatatuba", "uba_codigo": "RC 06.04", "jurisdicao": "Estadual", "conservado_por": "05.04", "centroide_lon": -45.149268, "centroide_lat": -23.492322, "buffer_lateral_m": 1000, "icc_hid_thresholds": "70;80;120;143", "trecho_critico_hid": false, "RAHID": 0, "hazard": "hidro" }, "geometry": { "type": "LineString", "coordinates": [ [ -45.148453627979485, -23.49290999854632, 0.0 ], [ -45.148610054651058, -23.492763582376487, 0.0 ], [ -45.148744239960031, -23.492681273347181, 0.0 ], [ -45.149007549531788, -23.492403901212413, 0.0 ], [ -45.149582457017267, -23.492098903331733, 0.0 ], [ -45.14971096625726, -23.492059830909721, 0.0 ], [ -45.149893609870979, -23.491965399483441, 0.0 ], [ -45.150183642240272, -23.491875937869327, 0.0 ] ] } },
{ "type": "Feature", "properties": { "ua_id": "UA-R2-UBA-1K-021", "regiao_id": 2, "regiao_nome": "Caraguatatuba-Ubatuba", "sigla_rodovia": "SP-055", "escala": "1K", "tipo": "SR", "extensao_km": 0.2142, "ordem_no_grupo": 21, "km_inicial": 65.703, "km_final": 65.912, "subtrecho_der": "055SPE7722", "municipio": "Ubatuba", "regional": "Taubaté", "residencia_dr": "DR 06", "uba_nome": "Caraguatatuba", "uba_codigo": "RC 06.04", "jurisdicao": "Estadual", "conservado_por": "05.04", "centroide_lon": -45.151191, "centroide_lat": -23.491623, "buffer_lateral_m": 1000, "icc_hid_thresholds": "70;80;120;143", "trecho_critico_hid": false, "RAHID": 0, "hazard": "hidro" }, "geometry": { "type": "LineString", "coordinates": [ [ -45.150183642240272, -23.491875937869327, 0.0 ], [ -45.150401811326226, -23.491808642329641, 0.0 ], [ -45.151463338842724, -23.491512437504223, 0.0 ], [ -45.152157775301767, -23.491493098381316, 0.0 ], [ -45.1522206732322, -23.491501975958553, 0.0 ] ] } },
{ "type": "Feature", "properties": { "ua_id": "UA-R2-UBA-1K-022", "regiao_id": 2, "regiao_nome": "Caraguatatuba-Ubatuba", "sigla_rodovia": "SP-055", "escala": "1K", "tipo": "SR", "extensao_km": 0.2142, "ordem_no_grupo": 22, "km_inicial": 65.912, "km_final": 66.12, "subtrecho_der": "055SPE7722", "municipio": "Ubatuba", "regional": "Taubaté", "residencia_dr": "DR 06", "uba_nome": "Caraguatatuba", "uba_codigo": "RC 06.04", "jurisdicao": "Estadual", "conservado_por": "05.04", "centroide_lon": -45.153248, "centroide_lat": -23.491526, "buffer_lateral_m": 1000, "icc_hid_thresholds": "70;80;120;143", "trecho_critico_hid": false, "RAHID": 0, "hazard": "hidro" }, "geometry": { "type": "LineString", "coordinates": [ [ -45.1522206732322, -23.491501975958553, 0.0 ], [ -45.152338276716129, -23.491518574748305, 0.0 ], [ -45.152850314761665, -23.491607169037966, 0.0 ], [ -45.153114297182682, -23.491628080909202, 0.0 ], [ -45.153333607738951, -23.491602533322347, 0.0 ], [ -45.153470092636681, -23.491566312720625, 0.0 ], [ -45.154031213642988, -23.491392045827538, 0.0 ], [ -45.154246130840455, -23.491298988230472, 0.0 ] ] } },
{ "type": "Feature", "properties": { "ua_id": "UA-R2-UBA-1K-023", "regiao_id": 2, "regiao_nome": "Caraguatatuba-Ubatuba", "sigla_rodovia": "SP-055", "escala": "1K", "tipo": "SR", "extensao_km": 0.2142, "ordem_no_grupo": 23, "km_inicial": 66.12, "km_final": 66.328, "subtrecho_der": "055SPE7722", "municipio": "Ubatuba", "regional": "Taubaté", "residencia_dr": "DR 06", "uba_nome": "Caraguatatuba", "uba_codigo": "RC 06.04", "jurisdicao": "Estadual", "conservado_por": "05.04", "centroide_lon": -45.155239, "centroide_lat": -23.491269, "buffer_lateral_m": 1000, "icc_hid_thresholds": "70;80;120;143", "trecho_critico_hid": false, "RAHID": 0, "hazard": "hidro" }, "geometry": { "type": "LineString", "coordinates": [ [ -45.154246130840455, -23.491298988230472, 0.0 ], [ -45.154541293410752, -23.491171184269323, 0.0 ], [ -45.154872920703838, -23.491111534816245, 0.0 ], [ -45.155492279823321, -23.4912643341431, 0.0 ], [ -45.156224870601072, -23.491542857014259, 0.0 ] ] } },
{ "type": "Feature", "properties": { "ua_id": "UA-R2-UBA-1K-024", "regiao_id": 2, "regiao_nome": "Caraguatatuba-Ubatuba", "sigla_rodovia": "SP-055", "escala": "1K", "tipo": "SR", "extensao_km": 0.2142, "ordem_no_grupo": 24, "km_inicial": 66.328, "km_final": 66.536, "subtrecho_der": "055SPE7722", "municipio": "Ubatuba", "regional": "Taubaté", "residencia_dr": "DR 06", "uba_nome": "Caraguatatuba", "uba_codigo": "RC 06.04", "jurisdicao": "Estadual", "conservado_por": "05.04", "centroide_lon": -45.157195, "centroide_lat": -23.491911, "buffer_lateral_m": 1000, "icc_hid_thresholds": "70;80;120;143", "trecho_critico_hid": false, "RAHID": 0, "hazard": "hidro" }, "geometry": { "type": "LineString", "coordinates": [ [ -45.156224870601072, -23.491542857014259, 0.0 ], [ -45.158095329250322, -23.49225396358456, 0.0 ], [ -45.158167180875942, -23.492271581234242, 0.0 ] ] } },
{ "type": "Feature", "properties": { "ua_id": "UA-R2-UBA-1K-025", "regiao_id": 2, "regiao_nome": "Caraguatatuba-Ubatuba", "sigla_rodovia": "SP-055", "escala": "1K", "tipo": "SR", "extensao_km": 0.2142, "ordem_no_grupo": 25, "km_inicial": 66.536, "km_final": 66.744, "subtrecho_der": "055SPE7722", "municipio": "Ubatuba", "regional": "Taubaté", "residencia_dr": "DR 06", "uba_nome": "Caraguatatuba", "uba_codigo": "RC 06.04", "jurisdicao": "Estadual", "conservado_por": "05.04", "centroide_lon": -45.15919, "centroide_lat": -23.492461, "buffer_lateral_m": 1000, "icc_hid_thresholds": "70;80;120;143", "trecho_critico_hid": false, "RAHID": 0, "hazard": "hidro" }, "geometry": { "type": "LineString", "coordinates": [ [ -45.158167180875942, -23.492271581234242, 0.0 ], [ -45.158381904942203, -23.492324230246915, 0.0 ], [ -45.158721065553301, -23.49242649299384, 0.0 ], [ -45.15923405043867, -23.492507574356939, 0.0 ], [ -45.159960016967744, -23.492527661344663, 0.0 ], [ -45.16011774702865, -23.492549512402626, 0.0 ], [ -45.16022994042406, -23.492547068275378, 0.0 ] ] } },
{ "type": "Feature", "properties": { "ua_id": "UA-R2-UBA-1K-026", "regiao_id": 2, "regiao_nome": "Caraguatatuba-Ubatuba", "sigla_rodovia": "SP-055", "escala": "1K", "tipo": "SR", "extensao_km": 0.2142, "ordem_no_grupo": 26, "km_inicial": 66.744, "km_final": 66.952, "subtrecho_der": "055SPE7722", "municipio": "Ubatuba", "regional": "Taubaté", "residencia_dr": "DR 06", "uba_nome": "Caraguatatuba", "uba_codigo": "RC 06.04", "jurisdicao": "Estadual", "conservado_por": "05.04", "centroide_lon": -45.161234, "centroide_lat": -23.492358, "buffer_lateral_m": 1000, "icc_hid_thresholds": "70;80;120;143", "trecho_critico_hid": false, "RAHID": 0, "hazard": "hidro" }, "geometry": { "type": "LineString", "coordinates": [ [ -45.16022994042406, -23.492547068275378, 0.0 ], [ -45.160285253599397, -23.492545863250989, 0.0 ], [ -45.160441499341651, -23.492542459347185, 0.0 ], [ -45.16105851098667, -23.492504893081819, 0.0 ], [ -45.161631393000981, -23.492289315429868, 0.0 ], [ -45.161788977953869, -23.492171690612444, 0.0 ], [ -45.162137022423138, -23.491914379075766, 0.0 ] ] } },
{ "type": "Feature", "properties": { "ua_id": "UA-R2-UBA-1K-027", "regiao_id": 2, "regiao_nome": "Caraguatatuba-Ubatuba", "sigla_rodovia": "SP-055", "escala": "1K", "tipo": "SR", "extensao_km": 0.2142, "ordem_no_grupo": 27, "km_inicial": 66.952, "km_final": 67.161, "subtrecho_der": "055SPE7722", "municipio": "Ubatuba", "regional": "Taubaté", "residencia_dr": "DR 06", "uba_nome": "Caraguatatuba", "uba_codigo": "RC 06.04", "jurisdicao": "Estadual", "conservado_por": "05.04", "centroide_lon": -45.163085, "centroide_lat": -23.491524, "buffer_lateral_m": 1000, "icc_hid_thresholds": "70;80;120;143", "trecho_critico_hid": false, "RAHID": 0, "hazard": "hidro" }, "geometry": { "type": "LineString", "coordinates": [ [ -45.162137022423138, -23.491914379075766, 0.0 ], [ -45.162145471733822, -23.49190813242339, 0.0 ], [ -45.16250681365409, -23.491706689695121, 0.0 ], [ -45.162689858330353, -23.491598960157361, 0.0 ], [ -45.163343316643697, -23.49142130783661, 0.0 ], [ -45.164088399745737, -23.491257214552601, 0.0 ] ] } },
{ "type": "Feature", "properties": { "ua_id": "UA-R2-UBA-1K-028", "regiao_id": 2, "regiao_nome": "Caraguatatuba-Ubatuba", "sigla_rodovia": "SP-055", "escala": "1K", "tipo": "SR", "extensao_km": 0.2142, "ordem_no_grupo": 28, "km_inicial": 67.161, "km_final": 67.369, "subtrecho_der": "055SPE7722", "municipio": "Ubatuba", "regional": "Taubaté", "residencia_dr": "DR 06", "uba_nome": "Caraguatatuba", "uba_codigo": "RC 06.04", "jurisdicao": "Estadual", "conservado_por": "05.04", "centroide_lon": -45.16511, "centroide_lat": -23.491041, "buffer_lateral_m": 1000, "icc_hid_thresholds": "70;80;120;143", "trecho_critico_hid": false, "RAHID": 0, "hazard": "hidro" }, "geometry": { "type": "LineString", "coordinates": [ [ -45.164088399745737, -23.491257214552601, 0.0 ], [ -45.165267614269446, -23.490997502282791, 0.0 ], [ -45.165555798975205, -23.490947416000122, 0.0 ], [ -45.165909693802021, -23.49088475425059, 0.0 ], [ -45.16613840533013, -23.490851823159169, 0.0 ] ] } },
{ "type": "Feature", "properties": { "ua_id": "UA-R2-UBA-1K-029", "regiao_id": 2, "regiao_nome": "Caraguatatuba-Ubatuba", "sigla_rodovia": "SP-055", "escala": "1K", "tipo": "SR", "extensao_km": 0.2142, "ordem_no_grupo": 29, "km_inicial": 67.369, "km_final": 67.577, "subtrecho_der": "055SPE7722", "municipio": "Ubatuba", "regional": "Taubaté", "residencia_dr": "DR 06", "uba_nome": "Caraguatatuba", "uba_codigo": "RC 06.04", "jurisdicao": "Estadual", "conservado_por": "05.04", "centroide_lon": -45.167175, "centroide_lat": -23.490714, "buffer_lateral_m": 1000, "icc_hid_thresholds": "70;80;120;143", "trecho_critico_hid": false, "RAHID": 0, "hazard": "hidro" }, "geometry": { "type": "LineString", "coordinates": [ [ -45.16613840533013, -23.490851823159169, 0.0 ], [ -45.166144311775334, -23.490850972713393, 0.0 ], [ -45.16647810709815, -23.490809396998696, 0.0 ], [ -45.167078949303857, -23.490704057693563, 0.0 ], [ -45.167372300852001, -23.490678618124054, 0.0 ], [ -45.167643132705145, -23.490641492260671, 0.0 ], [ -45.168161667050455, -23.490630913736041, 0.0 ], [ -45.168193070494929, -23.490626538334272, 0.0 ], [ -45.168217236026784, -23.490627347484299, 0.0 ] ] } },
{ "type": "Feature", "properties": { "ua_id": "UA-R2-UBA-1K-030", "regiao_id": 2, "regiao_nome": "Caraguatatuba-Ubatuba", "sigla_rodovia": "SP-055", "escala": "1K", "tipo": "SR", "extensao_km": 0.2142, "ordem_no_grupo": 30, "km_inicial": 67.577, "km_final": 67.785, "subtrecho_der": "055SPE7722", "municipio": "Ubatuba", "regional": "Taubaté", "residencia_dr": "DR 06", "uba_nome": "Caraguatatuba", "uba_codigo": "RC 06.04", "jurisdicao": "Estadual", "conservado_por": "05.04", "centroide_lon": -45.169259, "centroide_lat": -23.490724, "buffer_lateral_m": 1000, "icc_hid_thresholds": "70;80;120;143", "trecho_critico_hid": false, "RAHID": 0, "hazard": "hidro" }, "geometry": { "type": "LineString", "coordinates": [ [ -45.168217236026784, -23.490627347484299, 0.0 ], [ -45.168452145399122, -23.490635212909911, 0.0 ], [ -45.168796136935526, -23.490662729086075, 0.0 ], [ -45.169040776800159, -23.490680933675115, 0.0 ], [ -45.16926298196725, -23.490697654756993, 0.0 ], [ -45.169794696653064, -23.490783071062182, 0.0 ], [ -45.170289172603873, -23.490894472186145, 0.0 ] ] } },
{ "type": "Feature", "properties": { "ua_id": "UA-R2-UBA-1K-031", "regiao_id": 2, "regiao_nome": "Caraguatatuba-Ubatuba", "sigla_rodovia": "SP-055", "escala": "1K", "tipo": "SR", "extensao_km": 0.2142, "ordem_no_grupo": 31, "km_inicial": 67.785, "km_final": 67.993, "subtrecho_der": "055SPE7722", "municipio": "Ubatuba", "regional": "Taubaté", "residencia_dr": "DR 06", "uba_nome": "Caraguatatuba", "uba_codigo": "RC 06.04", "jurisdicao": "Estadual", "conservado_por": "05.04", "centroide_lon": -45.171261, "centroide_lat": -23.491251, "buffer_lateral_m": 1000, "icc_hid_thresholds": "70;80;120;143", "trecho_critico_hid": false, "RAHID": 0, "hazard": "hidro" }, "geometry": { "type": "LineString", "coordinates": [ [ -45.170289172603873, -23.490894472186145, 0.0 ], [ -45.170368554300509, -23.490912356026865, 0.0 ], [ -45.170674057922753, -23.491015459942332, 0.0 ], [ -45.170943239805695, -23.491108676973397, 0.0 ], [ -45.171403099460946, -23.491275793654257, 0.0 ], [ -45.172199629613146, -23.491679053062082, 0.0 ] ] } },
{ "type": "Feature", "properties": { "ua_id": "UA-R2-UBA-1K-032", "regiao_id": 2, "regiao_nome": "Caraguatatuba-Ubatuba", "sigla_rodovia": "SP-055", "escala": "1K", "tipo": "SR", "extensao_km": 0.2142, "ordem_no_grupo": 32, "km_inicial": 67.993, "km_final": 68.201, "subtrecho_der": "055SPE7722", "municipio": "Ubatuba", "regional": "Taubaté", "residencia_dr": "DR 06", "uba_nome": "Caraguatatuba", "uba_codigo": "RC 06.04", "jurisdicao": "Estadual", "conservado_por": "05.04", "centroide_lon": -45.173117, "centroide_lat": -23.492147, "buffer_lateral_m": 1000, "icc_hid_thresholds": "70;80;120;143", "trecho_critico_hid": false, "RAHID": 0, "hazard": "hidro" }, "geometry": { "type": "LineString", "coordinates": [ [ -45.172199629613146, -23.491679053062082, 0.0 ], [ -45.172386800323821, -23.491773811045967, 0.0 ], [ -45.173796893620448, -23.492494194396048, 0.0 ], [ -45.174035172921123, -23.492615188905667, 0.0 ] ] } },
{ "type": "Feature", "properties": { "ua_id": "UA-R2-UBA-1K-033", "regiao_id": 2, "regiao_nome": "Caraguatatuba-Ubatuba", "sigla_rodovia": "SP-055", "escala": "1K", "tipo": "SR", "extensao_km": 0.2142, "ordem_no_grupo": 33, "km_inicial": 68.201, "km_final": 68.409, "subtrecho_der": "055SPE7722", "municipio": "Ubatuba", "regional": "Taubaté", "residencia_dr": "DR 06", "uba_nome": "Caraguatatuba", "uba_codigo": "RC 06.04", "jurisdicao": "Estadual", "conservado_por": "05.04", "centroide_lon": -45.174949, "centroide_lat": -23.49309, "buffer_lateral_m": 1000, "icc_hid_thresholds": "70;80;120;143", "trecho_critico_hid": false, "RAHID": 0, "hazard": "hidro" }, "geometry": { "type": "LineString", "coordinates": [ [ -45.174035172921123, -23.492615188905667, 0.0 ], [ -45.174411457663041, -23.492806259225205, 0.0 ], [ -45.17547181101741, -23.493355279208924, 0.0 ], [ -45.175843650248488, -23.493592191488297, 0.0 ] ] } },
{ "type": "Feature", "properties": { "ua_id": "UA-R2-UBA-1K-034", "regiao_id": 2, "regiao_nome": "Caraguatatuba-Ubatuba", "sigla_rodovia": "SP-055", "escala": "1K", "tipo": "SR", "extensao_km": 0.2142, "ordem_no_grupo": 34, "km_inicial": 68.409, "km_final": 68.618, "subtrecho_der": "055SPE7722", "municipio": "Ubatuba", "regional": "Taubaté", "residencia_dr": "DR 06", "uba_nome": "Caraguatatuba", "uba_codigo": "RC 06.04", "jurisdicao": "Estadual", "conservado_por": "05.04", "centroide_lon": -45.176403, "centroide_lat": -23.494326, "buffer_lateral_m": 1000, "icc_hid_thresholds": "70;80;120;143", "trecho_critico_hid": false, "RAHID": 0, "hazard": "hidro" }, "geometry": { "type": "LineString", "coordinates": [ [ -45.175843650248488, -23.493592191488297, 0.0 ], [ -45.176359869031806, -23.493921090327785, 0.0 ], [ -45.176525420583872, -23.494276166675188, 0.0 ], [ -45.176538201026041, -23.494677027047921, 0.0 ], [ -45.176609704616681, -23.495107021977969, 0.0 ], [ -45.176696372298608, -23.49521369398197, 0.0 ] ] } },
{ "type": "Feature", "properties": { "ua_id": "UA-R2-UBA-1K-035", "regiao_id": 2, "regiao_nome": "Caraguatatuba-Ubatuba", "sigla_rodovia": "SP-055", "escala": "1K", "tipo": "SR", "extensao_km": 0.2142, "ordem_no_grupo": 35, "km_inicial": 68.618, "km_final": 68.826, "subtrecho_der": "055SPE7722", "municipio": "Ubatuba", "regional": "Taubaté", "residencia_dr": "DR 06", "uba_nome": "Caraguatatuba", "uba_codigo": "RC 06.04", "jurisdicao": "Estadual", "conservado_por": "05.04", "centroide_lon": -45.177417, "centroide_lat": -23.4959, "buffer_lateral_m": 1000, "icc_hid_thresholds": "70;80;120;143", "trecho_critico_hid": false, "RAHID": 0, "hazard": "hidro" }, "geometry": { "type": "LineString", "coordinates": [ [ -45.176696372298608, -23.49521369398197, 0.0 ], [ -45.17692394645244, -23.495493794922716, 0.0 ], [ -45.177189164680463, -23.495670197620747, 0.0 ], [ -45.177362279780262, -23.495787266644491, 0.0 ], [ -45.177511341943898, -23.495983320073147, 0.0 ], [ -45.177682204405812, -23.49621039056268, 0.0 ], [ -45.178132863885821, -23.496504502829588, 0.0 ], [ -45.178196867824347, -23.496514900517614, 0.0 ] ] } },
{ "type": "Feature", "properties": { "ua_id": "UA-R2-UBA-1K-036", "regiao_id": 2, "regiao_nome": "Caraguatatuba-Ubatuba", "sigla_rodovia": "SP-055", "escala": "1K", "tipo": "SR", "extensao_km": 0.2142, "ordem_no_grupo": 36, "km_inicial": 68.826, "km_final": 69.034, "subtrecho_der": "055SPE7722", "municipio": "Ubatuba", "regional": "Taubaté", "residencia_dr": "DR 06", "uba_nome": "Caraguatatuba", "uba_codigo": "RC 06.04", "jurisdicao": "Estadual", "conservado_por": "05.04", "centroide_lon": -45.179148, "centroide_lat": -23.496872, "buffer_lateral_m": 1000, "icc_hid_thresholds": "70;80;120;143", "trecho_critico_hid": false, "RAHID": 0, "hazard": "hidro" }, "geometry": { "type": "LineString", "coordinates": [ [ -45.178196867824347, -23.496514900517614, 0.0 ], [ -45.178562079431735, -23.4965742300245, 0.0 ], [ -45.178697181077531, -23.496594789068883, 0.0 ], [ -45.178981220366907, -23.496763131178852, 0.0 ], [ -45.179674031674836, -23.497182399172665, 0.0 ], [ -45.180094296713193, -23.497230725721295, 0.0 ] ] } },
{ "type": "Feature", "properties": { "ua_id": "UA-R2-UBA-1K-037", "regiao_id": 2, "regiao_nome": "Caraguatatuba-Ubatuba", "sigla_rodovia": "SP-055", "escala": "1K", "tipo": "SR", "extensao_km": 0.2142, "ordem_no_grupo": 37, "km_inicial": 69.034, "km_final": 69.242, "subtrecho_der": "055SPE7722", "municipio": "Ubatuba", "regional": "Taubaté", "residencia_dr": "DR 06", "uba_nome": "Caraguatatuba", "uba_codigo": "RC 06.04", "jurisdicao": "Estadual", "conservado_por": "05.04", "centroide_lon": -45.181137, "centroide_lat": -23.497301, "buffer_lateral_m": 1000, "icc_hid_thresholds": "70;80;120;143", "trecho_critico_hid": false, "RAHID": 0, "hazard": "hidro" }, "geometry": { "type": "LineString", "coordinates": [ [ -45.180094296713193, -23.497230725721295, 0.0 ], [ -45.180171065704052, -23.497239553310834, 0.0 ], [ -45.181531989133795, -23.497302642924392, 0.0 ], [ -45.181774905672548, -23.497322029555544, 0.0 ], [ -45.18214542004015, -23.497491822200534, 0.0 ] ] } },
{ "type": "Feature", "properties": { "ua_id": "UA-R2-UBA-1K-038", "regiao_id": 2, "regiao_nome": "Caraguatatuba-Ubatuba", "sigla_rodovia": "SP-055", "escala": "1K", "tipo": "SR", "extensao_km": 0.2142, "ordem_no_grupo": 38, "km_inicial": 69.242, "km_final": 69.45, "subtrecho_der": "055SPE7722", "municipio": "Ubatuba", "regional": "Taubaté", "residencia_dr": "DR 06", "uba_nome": "Caraguatatuba", "uba_codigo": "RC 06.04", "jurisdicao": "Estadual", "conservado_por": "05.04", "centroide_lon": -45.182611, "centroide_lat": -23.498332, "buffer_lateral_m": 1000, "icc_hid_thresholds": "70;80;120;143", "trecho_critico_hid": false, "RAHID": 0, "hazard": "hidro" }, "geometry": { "type": "LineString", "coordinates": [ [ -45.18214542004015, -23.497491822200534, 0.0 ], [ -45.182183343881455, -23.497509201180197, 0.0 ], [ -45.182360614525031, -23.497689757447105, 0.0 ], [ -45.182538659636187, -23.498002917719909, 0.0 ], [ -45.182924583878609, -23.499251474959415, 0.0 ] ] } },
{ "type": "Feature", "properties": { "ua_id": "UA-R2-UBA-1K-039", "regiao_id": 2, "regiao_nome": "Caraguatatuba-Ubatuba", "sigla_rodovia": "SP-055", "escala": "1K", "tipo": "SR", "extensao_km": 0.2142, "ordem_no_grupo": 39, "km_inicial": 69.45, "km_final": 69.658, "subtrecho_der": "055SPE7722", "municipio": "Ubatuba", "regional": "Taubaté", "residencia_dr": "DR 06", "uba_nome": "Caraguatatuba", "uba_codigo": "RC 06.04", "jurisdicao": "Estadual", "conservado_por": "05.04", "centroide_lon": -45.183409, "centroide_lat": -23.500102, "buffer_lateral_m": 1000, "icc_hid_thresholds": "70;80;120;143", "trecho_critico_hid": false, "RAHID": 0, "hazard": "hidro" }, "geometry": { "type": "LineString", "coordinates": [ [ -45.182924583878609, -23.499251474959415, 0.0 ], [ -45.182996471450494, -23.499484045689989, 0.0 ], [ -45.183438013185928, -23.500169017874782, 0.0 ], [ -45.183963837215892, -23.500922225938123, 0.0 ] ] } },
{ "type": "Feature", "properties": { "ua_id": "UA-R2-UBA-1K-040", "regiao_id": 2, "regiao_nome": "Caraguatatuba-Ubatuba", "sigla_rodovia": "SP-055", "escala": "1K", "tipo": "SR", "extensao_km": 0.2142, "ordem_no_grupo": 40, "km_inicial": 69.658, "km_final": 69.867, "subtrecho_der": "055SPE7722", "municipio": "Ubatuba", "regional": "Taubaté", "residencia_dr": "DR 06", "uba_nome": "Caraguatatuba", "uba_codigo": "RC 06.04", "jurisdicao": "Estadual", "conservado_por": "05.04", "centroide_lon": -45.184345, "centroide_lat": -23.501792, "buffer_lateral_m": 1000, "icc_hid_thresholds": "70;80;120;143", "trecho_critico_hid": false, "RAHID": 0, "hazard": "hidro" }, "geometry": { "type": "LineString", "coordinates": [ [ -45.183963837215892, -23.500922225938123, 0.0 ], [ -45.184405404567002, -23.5015547338038, 0.0 ], [ -45.184466356127928, -23.502326553657909, 0.0 ], [ -45.184469681906641, -23.502734941613689, 0.0 ] ] } },
{ "type": "Feature", "properties": { "ua_id": "UA-R2-UBA-1K-041", "regiao_id": 2, "regiao_nome": "Caraguatatuba-Ubatuba", "sigla_rodovia": "SP-055", "escala": "1K", "tipo": "SR", "extensao_km": 0.2142, "ordem_no_grupo": 41, "km_inicial": 69.867, "km_final": 70.075, "subtrecho_der": "055SPE7722", "municipio": "Ubatuba", "regional": "Taubaté", "residencia_dr": "DR 06", "uba_nome": "Caraguatatuba", "uba_codigo": "RC 06.04", "jurisdicao": "Estadual", "conservado_por": "05.04", "centroide_lon": -45.184826, "centroide_lat": -23.503628, "buffer_lateral_m": 1000, "icc_hid_thresholds": "70;80;120;143", "trecho_critico_hid": false, "RAHID": 0, "hazard": "hidro" }, "geometry": { "type": "LineString", "coordinates": [ [ -45.184469681906641, -23.502734941613689, 0.0 ], [ -45.184471198626319, -23.502921185508992, 0.0 ], [ -45.184779257228548, -23.503607516290188, 0.0 ], [ -45.185143572141939, -23.504163519074602, 0.0 ], [ -45.185229579680161, -23.504510406466068, 0.0 ] ] } },
{ "type": "Feature", "properties": { "ua_id": "UA-R2-UBA-1K-042", "regiao_id": 2, "regiao_nome": "Caraguatatuba-Ubatuba", "sigla_rodovia": "SP-055", "escala": "1K", "tipo": "SR", "extensao_km": 0.2142, "ordem_no_grupo": 42, "km_inicial": 70.075, "km_final": 70.283, "subtrecho_der": "055SPE7722", "municipio": "Ubatuba", "regional": "Taubaté", "residencia_dr": "DR 06", "uba_nome": "Caraguatatuba", "uba_codigo": "RC 06.04", "jurisdicao": "Estadual", "conservado_por": "05.04", "centroide_lon": -45.185774, "centroide_lat": -23.505293, "buffer_lateral_m": 1000, "icc_hid_thresholds": "70;80;120;143", "trecho_critico_hid": false, "RAHID": 0, "hazard": "hidro" }, "geometry": { "type": "LineString", "coordinates": [ [ -45.185229579680161, -23.504510406466068, 0.0 ], [ -45.185294636552797, -23.504772793930048, 0.0 ], [ -45.185636466730315, -23.505323877827045, 0.0 ], [ -45.185985201392455, -23.505534031313509, 0.0 ], [ -45.18625691940089, -23.505717826788647, 0.0 ], [ -45.186557269184874, -23.505907217438622, 0.0 ] ] } },
{ "type": "Feature", "properties": { "ua_id": "UA-R2-UBA-1K-043", "regiao_id": 2, "regiao_nome": "Caraguatatuba-Ubatuba", "sigla_rodovia": "SP-055", "escala": "1K", "tipo": "SR", "extensao_km": 0.2142, "ordem_no_grupo": 43, "km_inicial": 70.283, "km_final": 70.491, "subtrecho_der": "055SPE7722", "municipio": "Ubatuba", "regional": "Taubaté", "residencia_dr": "DR 06", "uba_nome": "Caraguatatuba", "uba_codigo": "RC 06.04", "jurisdicao": "Estadual", "conservado_por": "05.04", "centroide_lon": -45.187433, "centroide_lat": -23.506439, "buffer_lateral_m": 1000, "icc_hid_thresholds": "70;80;120;143", "trecho_critico_hid": false, "RAHID": 0, "hazard": "hidro" }, "geometry": { "type": "LineString", "coordinates": [ [ -45.186557269184874, -23.505907217438622, 0.0 ], [ -45.186761163067438, -23.506035785540657, 0.0 ], [ -45.187699542361003, -23.50658831240208, 0.0 ], [ -45.188295264301473, -23.506989057595256, 0.0 ] ] } },
{ "type": "Feature", "properties": { "ua_id": "UA-R2-UBA-1K-044", "regiao_id": 2, "regiao_nome": "Caraguatatuba-Ubatuba", "sigla_rodovia": "SP-055", "escala": "1K", "tipo": "SR", "extensao_km": 0.2142, "ordem_no_grupo": 44, "km_inicial": 70.491, "km_final": 70.699, "subtrecho_der": "055SPE7722", "municipio": "Ubatuba", "regional": "Taubaté", "residencia_dr": "DR 06", "uba_nome": "Caraguatatuba", "uba_codigo": "RC 06.04", "jurisdicao": "Estadual", "conservado_por": "05.04", "centroide_lon": -45.188942, "centroide_lat": -23.507732, "buffer_lateral_m": 1000, "icc_hid_thresholds": "70;80;120;143", "trecho_critico_hid": false, "RAHID": 0, "hazard": "hidro" }, "geometry": { "type": "LineString", "coordinates": [ [ -45.188295264301473, -23.506989057595256, 0.0 ], [ -45.188334071328065, -23.507015163115838, 0.0 ], [ -45.188912502735903, -23.507550893193134, 0.0 ], [ -45.189273115998937, -23.508176708907136, 0.0 ], [ -45.189335881420085, -23.508441071401986, 0.0 ], [ -45.18937119630823, -23.508592512349747, 0.0 ] ] } },
{ "type": "Feature", "properties": { "ua_id": "UA-R2-UBA-1K-045", "regiao_id": 2, "regiao_nome": "Caraguatatuba-Ubatuba", "sigla_rodovia": "SP-055", "escala": "1K", "tipo": "SR", "extensao_km": 0.2142, "ordem_no_grupo": 45, "km_inicial": 70.699, "km_final": 70.907, "subtrecho_der": "055SPE7722", "municipio": "Ubatuba", "regional": "Taubaté", "residencia_dr": "DR 06", "uba_nome": "Caraguatatuba", "uba_codigo": "RC 06.04", "jurisdicao": "Estadual", "conservado_por": "05.04", "centroide_lon": -45.189548, "centroide_lat": -23.509546, "buffer_lateral_m": 1000, "icc_hid_thresholds": "70;80;120;143", "trecho_critico_hid": false, "RAHID": 0, "hazard": "hidro" }, "geometry": { "type": "LineString", "coordinates": [ [ -45.18937119630823, -23.508592512349747, 0.0 ], [ -45.189416000312455, -23.508784644981748, 0.0 ], [ -45.189619981149953, -23.509953103555745, 0.0 ], [ -45.189715449691406, -23.510500569966808, 0.0 ] ] } },
{ "type": "Feature", "properties": { "ua_id": "UA-R2-UBA-1K-046", "regiao_id": 2, "regiao_nome": "Caraguatatuba-Ubatuba", "sigla_rodovia": "SP-055", "escala": "1K", "tipo": "SR", "extensao_km": 0.2142, "ordem_no_grupo": 46, "km_inicial": 70.907, "km_final": 71.115, "subtrecho_der": "055SPE7722", "municipio": "Ubatuba", "regional": "Taubaté", "residencia_dr": "DR 06", "uba_nome": "Caraguatatuba", "uba_codigo": "RC 06.04", "jurisdicao": "Estadual", "conservado_por": "05.04", "centroide_lon": -45.189882, "centroide_lat": -23.511456, "buffer_lateral_m": 1000, "icc_hid_thresholds": "70;80;120;143", "trecho_critico_hid": false, "RAHID": 0, "hazard": "hidro" }, "geometry": { "type": "LineString", "coordinates": [ [ -45.189715449691406, -23.510500569966808, 0.0 ], [ -45.190048524655616, -23.512410558544719, 0.0 ] ] } },
{ "type": "Feature", "properties": { "ua_id": "UA-R2-UBA-1K-047", "regiao_id": 2, "regiao_nome": "Caraguatatuba-Ubatuba", "sigla_rodovia": "SP-055", "escala": "1K", "tipo": "SR", "extensao_km": 0.2142, "ordem_no_grupo": 47, "km_inicial": 71.115, "km_final": 71.324, "subtrecho_der": "055SPE7722", "municipio": "Ubatuba", "regional": "Taubaté", "residencia_dr": "DR 06", "uba_nome": "Caraguatatuba", "uba_codigo": "RC 06.04", "jurisdicao": "Estadual", "conservado_por": "05.04", "centroide_lon": -45.190297, "centroide_lat": -23.513341, "buffer_lateral_m": 1000, "icc_hid_thresholds": "70;80;120;143", "trecho_critico_hid": false, "RAHID": 0, "hazard": "hidro" }, "geometry": { "type": "LineString", "coordinates": [ [ -45.190048524655616, -23.512410558544719, 0.0 ], [ -45.190159900523128, -23.513049220661646, 0.0 ], [ -45.190305354520362, -23.513587032522505, 0.0 ], [ -45.190495872661799, -23.513875945091545, 0.0 ], [ -45.190641446935132, -23.514093627191222, 0.0 ], [ -45.190751544812379, -23.514189279879087, 0.0 ] ] } },
{ "type": "Feature", "properties": { "ua_id": "UA-R2-UBA-1K-048", "regiao_id": 2, "regiao_nome": "Caraguatatuba-Ubatuba", "sigla_rodovia": "SP-055", "escala": "1K", "tipo": "SR", "extensao_km": 0.2142, "ordem_no_grupo": 48, "km_inicial": 71.324, "km_final": 71.532, "subtrecho_der": "055SPE7722", "municipio": "Ubatuba", "regional": "Taubaté", "residencia_dr": "DR 06", "uba_nome": "Caraguatatuba", "uba_codigo": "RC 06.04", "jurisdicao": "Estadual", "conservado_por": "05.04", "centroide_lon": -45.191642, "centroide_lat": -23.514682, "buffer_lateral_m": 1000, "icc_hid_thresholds": "70;80;120;143", "trecho_critico_hid": false, "RAHID": 3, "hazard": "hidro" }, "geometry": { "type": "LineString", "coordinates": [ [ -45.190751544812379, -23.514189279879087, 0.0 ], [ -45.190977380000767, -23.514385484094401, 0.0 ], [ -45.191342769822462, -23.514577943323982, 0.0 ], [ -45.191811996977144, -23.514757169955598, 0.0 ], [ -45.192292458819686, -23.514978536961422, 0.0 ], [ -45.192588496547437, -23.515094842535234, 0.0 ] ] } },
{ "type": "Feature", "properties": { "ua_id": "UA-R2-UBA-1K-049", "regiao_id": 2, "regiao_nome": "Caraguatatuba-Ubatuba", "sigla_rodovia": "SP-055", "escala": "1K", "tipo": "SR", "extensao_km": 0.2142, "ordem_no_grupo": 49, "km_inicial": 71.532, "km_final": 71.74, "subtrecho_der": "055SPE7722", "municipio": "Ubatuba", "regional": "Taubaté", "residencia_dr": "DR 06", "uba_nome": "Caraguatatuba", "uba_codigo": "RC 06.04", "jurisdicao": "Estadual", "conservado_por": "05.04", "centroide_lon": -45.193553, "centroide_lat": -23.515474, "buffer_lateral_m": 1000, "icc_hid_thresholds": "70;80;120;143", "trecho_critico_hid": false, "RAHID": 3, "hazard": "hidro" }, "geometry": { "type": "LineString", "coordinates": [ [ -45.192588496547437, -23.515094842535234, 0.0 ], [ -45.19451849341155, -23.515853069538981, 0.0 ] ] } },
{ "type": "Feature", "properties": { "ua_id": "UA-R2-UBA-1K-050", "regiao_id": 2, "regiao_nome": "Caraguatatuba-Ubatuba", "sigla_rodovia": "SP-055", "escala": "1K", "tipo": "SR", "extensao_km": 0.2142, "ordem_no_grupo": 50, "km_inicial": 71.74, "km_final": 71.948, "subtrecho_der": "055SPE7722", "municipio": "Ubatuba", "regional": "Taubaté", "residencia_dr": "DR 06", "uba_nome": "Caraguatatuba", "uba_codigo": "RC 06.04", "jurisdicao": "Estadual", "conservado_por": "05.04", "centroide_lon": -45.195484, "centroide_lat": -23.516232, "buffer_lateral_m": 1000, "icc_hid_thresholds": "70;80;120;143", "trecho_critico_hid": false, "RAHID": 3, "hazard": "hidro" }, "geometry": { "type": "LineString", "coordinates": [ [ -45.19451849341155, -23.515853069538981, 0.0 ], [ -45.196448512225302, -23.516611272401558, 0.0 ] ] } },
{ "type": "Feature", "properties": { "ua_id": "UA-R2-UBA-1K-051", "regiao_id": 2, "regiao_nome": "Caraguatatuba-Ubatuba", "sigla_rodovia": "SP-055", "escala": "1K", "tipo": "SR", "extensao_km": 0.2142, "ordem_no_grupo": 51, "km_inicial": 71.948, "km_final": 72.156, "subtrecho_der": "055SPE7722", "municipio": "Ubatuba", "regional": "Taubaté", "residencia_dr": "DR 06", "uba_nome": "Caraguatatuba", "uba_codigo": "RC 06.04", "jurisdicao": "Estadual", "conservado_por": "05.04", "centroide_lon": -45.197414, "centroide_lat": -23.51699, "buffer_lateral_m": 1000, "icc_hid_thresholds": "70;80;120;143", "trecho_critico_hid": false, "RAHID": 0, "hazard": "hidro" }, "geometry": { "type": "LineString", "coordinates": [ [ -45.196448512225302, -23.516611272401558, 0.0 ], [ -45.198378552987535, -23.517369451120388, 0.0 ] ] } },
{ "type": "Feature", "properties": { "ua_id": "UA-R2-UBA-1K-052", "regiao_id": 2, "regiao_nome": "Caraguatatuba-Ubatuba", "sigla_rodovia": "SP-055", "escala": "1K", "tipo": "SR", "extensao_km": 0.2142, "ordem_no_grupo": 52, "km_inicial": 72.156, "km_final": 72.364, "subtrecho_der": "055SPE7722", "municipio": "Ubatuba", "regional": "Taubaté", "residencia_dr": "DR 06", "uba_nome": "Caraguatatuba", "uba_codigo": "RC 06.04", "jurisdicao": "Estadual", "conservado_por": "05.04", "centroide_lon": -45.199344, "centroide_lat": -23.517749, "buffer_lateral_m": 1000, "icc_hid_thresholds": "70;80;120;143", "trecho_critico_hid": false, "RAHID": 0, "hazard": "hidro" }, "geometry": { "type": "LineString", "coordinates": [ [ -45.198378552987535, -23.517369451120388, 0.0 ], [ -45.200308615697075, -23.518127605692861, 0.0 ] ] } },
{ "type": "Feature", "properties": { "ua_id": "UA-R2-UBA-1K-053", "regiao_id": 2, "regiao_nome": "Caraguatatuba-Ubatuba", "sigla_rodovia": "SP-055", "escala": "1K", "tipo": "SR", "extensao_km": 0.2142, "ordem_no_grupo": 53, "km_inicial": 72.364, "km_final": 72.573, "subtrecho_der": "055SPE7722", "municipio": "Ubatuba", "regional": "Taubaté", "residencia_dr": "DR 06", "uba_nome": "Caraguatatuba", "uba_codigo": "RC 06.04", "jurisdicao": "Estadual", "conservado_por": "05.04", "centroide_lon": -45.201278, "centroide_lat": -23.518496, "buffer_lateral_m": 1000, "icc_hid_thresholds": "70;80;120;143", "trecho_critico_hid": false, "RAHID": 0, "hazard": "hidro" }, "geometry": { "type": "LineString", "coordinates": [ [ -45.200308615697075, -23.518127605692861, 0.0 ], [ -45.20125103607576, -23.518497789177104, 0.0 ], [ -45.20160312823851, -23.518595696340824, 0.0 ], [ -45.20182593599359, -23.518682126910747, 0.0 ], [ -45.202221806886158, -23.518879110868177, 0.0 ], [ -45.202234900321187, -23.51888425400421, 0.0 ] ] } },
{ "type": "Feature", "properties": { "ua_id": "UA-R2-UBA-1K-054", "regiao_id": 2, "regiao_nome": "Caraguatatuba-Ubatuba", "sigla_rodovia": "SP-055", "escala": "1K", "tipo": "SR", "extensao_km": 0.2142, "ordem_no_grupo": 54, "km_inicial": 72.573, "km_final": 72.781, "subtrecho_der": "055SPE7722", "municipio": "Ubatuba", "regional": "Taubaté", "residencia_dr": "DR 06", "uba_nome": "Caraguatatuba", "uba_codigo": "RC 06.04", "jurisdicao": "Estadual", "conservado_por": "05.04", "centroide_lon": -45.2032, "centroide_lat": -23.519263, "buffer_lateral_m": 1000, "icc_hid_thresholds": "70;80;120;143", "trecho_critico_hid": false, "RAHID": 0, "hazard": "hidro" }, "geometry": { "type": "LineString", "coordinates": [ [ -45.202234900321187, -23.51888425400421, 0.0 ], [ -45.204164995868261, -23.519642384159873, 0.0 ] ] } },
{ "type": "Feature", "properties": { "ua_id": "UA-R2-UBA-1K-055", "regiao_id": 2, "regiao_nome": "Caraguatatuba-Ubatuba", "sigla_rodovia": "SP-055", "escala": "1K", "tipo": "SR", "extensao_km": 0.2142, "ordem_no_grupo": 55, "km_inicial": 72.781, "km_final": 72.989, "subtrecho_der": "055SPE7722", "municipio": "Ubatuba", "regional": "Taubaté", "residencia_dr": "DR 06", "uba_nome": "Caraguatatuba", "uba_codigo": "RC 06.04", "jurisdicao": "Estadual", "conservado_por": "05.04", "centroide_lon": -45.205127, "centroide_lat": -23.520027, "buffer_lateral_m": 1000, "icc_hid_thresholds": "70;80;120;143", "trecho_critico_hid": false, "RAHID": 0, "hazard": "hidro" }, "geometry": { "type": "LineString", "coordinates": [ [ -45.204164995868261, -23.519642384159873, 0.0 ], [ -45.205641150340526, -23.520222186819289, 0.0 ], [ -45.20606858726692, -23.520449501807388, 0.0 ] ] } },
{ "type": "Feature", "properties": { "ua_id": "UA-R2-UBA-1K-056", "regiao_id": 2, "regiao_nome": "Caraguatatuba-Ubatuba", "sigla_rodovia": "SP-055", "escala": "1K", "tipo": "SR", "extensao_km": 0.2142, "ordem_no_grupo": 56, "km_inicial": 72.989, "km_final": 73.197, "subtrecho_der": "055SPE7722", "municipio": "Ubatuba", "regional": "Taubaté", "residencia_dr": "DR 06", "uba_nome": "Caraguatatuba", "uba_codigo": "RC 06.04", "jurisdicao": "Estadual", "conservado_por": "05.04", "centroide_lon": -45.206977, "centroide_lat": -23.520933, "buffer_lateral_m": 1000, "icc_hid_thresholds": "70;80;120;143", "trecho_critico_hid": false, "RAHID": 0, "hazard": "hidro" }, "geometry": { "type": "LineString", "coordinates": [ [ -45.20606858726692, -23.520449501807388, 0.0 ], [ -45.207885947815363, -23.521415969316955, 0.0 ] ] } },
{ "type": "Feature", "properties": { "ua_id": "UA-R2-UBA-1K-057", "regiao_id": 2, "regiao_nome": "Caraguatatuba-Ubatuba", "sigla_rodovia": "SP-055", "escala": "1K", "tipo": "SR", "extensao_km": 0.2142, "ordem_no_grupo": 57, "km_inicial": 73.197, "km_final": 73.405, "subtrecho_der": "055SPE7722", "municipio": "Ubatuba", "regional": "Taubaté", "residencia_dr": "DR 06", "uba_nome": "Caraguatatuba", "uba_codigo": "RC 06.04", "jurisdicao": "Estadual", "conservado_por": "05.04", "centroide_lon": -45.208795, "centroide_lat": -23.521899, "buffer_lateral_m": 1000, "icc_hid_thresholds": "70;80;120;143", "trecho_critico_hid": false, "RAHID": 3, "hazard": "hidro" }, "geometry": { "type": "LineString", "coordinates": [ [ -45.207885947815363, -23.521415969316955, 0.0 ], [ -45.209703334781494, -23.522382415304481, 0.0 ] ] } },
{ "type": "Feature", "properties": { "ua_id": "UA-R2-UBA-1K-058", "regiao_id": 2, "regiao_nome": "Caraguatatuba-Ubatuba", "sigla_rodovia": "SP-055", "escala": "1K", "tipo": "SR", "extensao_km": 0.2142, "ordem_no_grupo": 58, "km_inicial": 73.405, "km_final": 73.613, "subtrecho_der": "055SPE7722", "municipio": "Ubatuba", "regional": "Taubaté", "residencia_dr": "DR 06", "uba_nome": "Caraguatatuba", "uba_codigo": "RC 06.04", "jurisdicao": "Estadual", "conservado_por": "05.04", "centroide_lon": -45.210612, "centroide_lat": -23.522866, "buffer_lateral_m": 1000, "icc_hid_thresholds": "70;80;120;143", "trecho_critico_hid": false, "RAHID": 3, "hazard": "hidro" }, "geometry": { "type": "LineString", "coordinates": [ [ -45.209703334781494, -23.522382415304481, 0.0 ], [ -45.211520748165306, -23.52334883976707, 0.0 ] ] } },
{ "type": "Feature", "properties": { "ua_id": "UA-R2-UBA-1K-059", "regiao_id": 2, "regiao_nome": "Caraguatatuba-Ubatuba", "sigla_rodovia": "SP-055", "escala": "1K", "tipo": "SR", "extensao_km": 0.2142, "ordem_no_grupo": 59, "km_inicial": 73.613, "km_final": 73.822, "subtrecho_der": "055SPE7722", "municipio": "Ubatuba", "regional": "Taubaté", "residencia_dr": "DR 06", "uba_nome": "Caraguatatuba", "uba_codigo": "RC 06.04", "jurisdicao": "Estadual", "conservado_por": "05.04", "centroide_lon": -45.212429, "centroide_lat": -23.523832, "buffer_lateral_m": 1000, "icc_hid_thresholds": "70;80;120;143", "trecho_critico_hid": false, "RAHID": 3, "hazard": "hidro" }, "geometry": { "type": "LineString", "coordinates": [ [ -45.211520748165306, -23.52334883976707, 0.0 ], [ -45.213338187966777, -23.524315242701771, 0.0 ] ] } },
{ "type": "Feature", "properties": { "ua_id": "UA-R2-UBA-1K-060", "regiao_id": 2, "regiao_nome": "Caraguatatuba-Ubatuba", "sigla_rodovia": "SP-055", "escala": "1K", "tipo": "SR", "extensao_km": 0.2142, "ordem_no_grupo": 60, "km_inicial": 73.822, "km_final": 74.03, "subtrecho_der": "055SPE7722", "municipio": "Ubatuba", "regional": "Taubaté", "residencia_dr": "DR 06", "uba_nome": "Caraguatatuba", "uba_codigo": "RC 06.04", "jurisdicao": "Estadual", "conservado_por": "05.04", "centroide_lon": -45.214247, "centroide_lat": -23.524798, "buffer_lateral_m": 1000, "icc_hid_thresholds": "70;80;120;143", "trecho_critico_hid": false, "RAHID": 0, "hazard": "hidro" }, "geometry": { "type": "LineString", "coordinates": [ [ -45.213338187966777, -23.524315242701771, 0.0 ], [ -45.215155654185914, -23.525281624105681, 0.0 ] ] } },
{ "type": "Feature", "properties": { "ua_id": "UA-R3-SSB-10K-001", "regiao_id": 3, "regiao_nome": "São Sebastião", "sigla_rodovia": "SP-055", "escala": "10K", "tipo": "UTB", "extensao_km": 0.3335, "ordem_no_grupo": 1, "km_inicial": 112.55, "km_final": 113.275, "subtrecho_der": "055SPE3919", "municipio": "São Sebastião", "regional": "Taubaté", "residencia_dr": "DR 06", "uba_nome": "Caraguatatuba", "uba_codigo": "RC 06.04", "jurisdicao": "Estadual", "conservado_por": "05.04", "centroide_lon": -45.429301, "centroide_lat": -23.713945, "buffer_lateral_m": 1000, "icc_hid_thresholds": "60;85;110;126", "trecho_critico_hid": false, "RAHID": 1, "hazard": "hidro" }, "geometry": { "type": "LineString", "coordinates": [ [ -45.430157944295296, -23.712666716152473, 0.0 ], [ -45.43005374828725, -23.71282151342735, 0.0 ], [ -45.42972346230377, -23.713417139757322, 0.0 ], [ -45.429224822480073, -23.714056682502765, 0.0 ], [ -45.428919395157351, -23.714444198888192, 0.0 ], [ -45.428416604995959, -23.715210055477407, 0.0 ] ] } },
{ "type": "Feature", "properties": { "ua_id": "UA-R3-SSB-10K-002", "regiao_id": 3, "regiao_nome": "São Sebastião", "sigla_rodovia": "SP-055", "escala": "10K", "tipo": "UTB", "extensao_km": 0.3335, "ordem_no_grupo": 2, "km_inicial": 113.275, "km_final": 114.0, "subtrecho_der": "055SPE3919", "municipio": "São Sebastião", "regional": "Taubaté", "residencia_dr": "DR 06", "uba_nome": "Caraguatatuba", "uba_codigo": "RC 06.04", "jurisdicao": "Estadual", "conservado_por": "05.04", "centroide_lon": -45.42757, "centroide_lat": -23.716499, "buffer_lateral_m": 1000, "icc_hid_thresholds": "60;85;110;126", "trecho_critico_hid": false, "RAHID": 1, "hazard": "hidro" }, "geometry": { "type": "LineString", "coordinates": [ [ -45.428416604995959, -23.715210055477407, 0.0 ], [ -45.426724376760838, -23.717787602685267, 0.0 ] ] } },
{ "type": "Feature", "properties": { "ua_id": "UA-R3-SSB-10K-003", "regiao_id": 3, "regiao_nome": "São Sebastião", "sigla_rodovia": "SP-055", "escala": "10K", "tipo": "UTB", "extensao_km": 0.3335, "ordem_no_grupo": 3, "km_inicial": 114.0, "km_final": 114.598, "subtrecho_der": "055SPE3919", "municipio": "São Sebastião", "regional": "Taubaté", "residencia_dr": "DR 06", "uba_nome": "Caraguatatuba", "uba_codigo": "RC 06.04", "jurisdicao": "Estadual", "conservado_por": "05.04", "centroide_lon": -45.425955, "centroide_lat": -23.7191, "buffer_lateral_m": 1000, "icc_hid_thresholds": "60;85;110;126", "trecho_critico_hid": false, "RAHID": 1, "hazard": "hidro" }, "geometry": { "type": "LineString", "coordinates": [ [ -45.426724376760838, -23.717787602685267, 0.0 ], [ -45.426567440365311, -23.718026637092834, 0.0 ], [ -45.426419855428847, -23.718334567053546, 0.0 ], [ -45.426245506435968, -23.71880144169463, 0.0 ], [ -45.42600060829453, -23.719231233829525, 0.0 ], [ -45.425640650879089, -23.719580630754528, 0.0 ], [ -45.425307457252252, -23.719964399775659, 0.0 ], [ -45.425085909219007, -23.720314813955532, 0.0 ], [ -45.42506532124812, -23.72034841900577, 0.0 ] ] } },
{ "type": "Feature", "properties": { "ua_id": "UA-R3-SSB-10K-004", "regiao_id": 3, "regiao_nome": "São Sebastião", "sigla_rodovia": "SP-055", "escala": "10K", "tipo": "UTB", "extensao_km": 0.3335, "ordem_no_grupo": 4, "km_inicial": 114.598, "km_final": 114.915, "subtrecho_der": "055SPE4543", "municipio": "São Sebastião", "regional": "Taubaté", "residencia_dr": "DR 06", "uba_nome": "Caraguatatuba", "uba_codigo": "RC 06.04", "jurisdicao": "Estadual", "conservado_por": "05.04", "centroide_lon": -45.424242, "centroide_lat": -23.721649, "buffer_lateral_m": 1000, "icc_hid_thresholds": "60;85;110;126", "trecho_critico_hid": false, "RAHID": 1, "hazard": "hidro" }, "geometry": { "type": "LineString", "coordinates": [ [ -45.42506532124812, -23.72034841900577, 0.0 ], [ -45.424546720563022, -23.721194906876505, 0.0 ], [ -45.423398559766738, -23.722939659210283, 0.0 ] ] } },
{ "type": "Feature", "properties": { "ua_id": "UA-R3-SSB-10K-005", "regiao_id": 3, "regiao_nome": "São Sebastião", "sigla_rodovia": "SP-055", "escala": "10K", "tipo": "UTB", "extensao_km": 0.3335, "ordem_no_grupo": 5, "km_inicial": 114.915, "km_final": 115.231, "subtrecho_der": "055SPE4543", "municipio": "São Sebastião", "regional": "Taubaté", "residencia_dr": "DR 06", "uba_nome": "Caraguatatuba", "uba_codigo": "RC 06.04", "jurisdicao": "Estadual", "conservado_por": "05.04", "centroide_lon": -45.422551, "centroide_lat": -23.724228, "buffer_lateral_m": 1000, "icc_hid_thresholds": "60;85;110;126", "trecho_critico_hid": false, "RAHID": 1, "hazard": "hidro" }, "geometry": { "type": "LineString", "coordinates": [ [ -45.423398559766738, -23.722939659210283, 0.0 ], [ -45.421703355166606, -23.725515603025549, 0.0 ] ] } },
{ "type": "Feature", "properties": { "ua_id": "UA-R3-SSB-10K-006", "regiao_id": 3, "regiao_nome": "São Sebastião", "sigla_rodovia": "SP-055", "escala": "10K", "tipo": "UTB", "extensao_km": 0.3335, "ordem_no_grupo": 6, "km_inicial": 115.231, "km_final": 115.548, "subtrecho_der": "055SPE4543", "municipio": "São Sebastião", "regional": "Taubaté", "residencia_dr": "DR 06", "uba_nome": "Caraguatatuba", "uba_codigo": "RC 06.04", "jurisdicao": "Estadual", "conservado_por": "05.04", "centroide_lon": -45.420674, "centroide_lat": -23.726589, "buffer_lateral_m": 1000, "icc_hid_thresholds": "60;85;110;126", "trecho_critico_hid": false, "RAHID": 1, "hazard": "hidro" }, "geometry": { "type": "LineString", "coordinates": [ [ -45.421703355166606, -23.725515603025549, 0.0 ], [ -45.421097963149151, -23.726435496105225, 0.0 ], [ -45.420746466195027, -23.726834489258696, 0.0 ], [ -45.420304286718576, -23.727068494791855, 0.0 ], [ -45.419806566059599, -23.727120074622292, 0.0 ], [ -45.41930111468907, -23.727003434842192, 0.0 ], [ -45.4192891812406, -23.726998224890021, 0.0 ] ] } },
{ "type": "Feature", "properties": { "ua_id": "UA-R3-SSB-10K-007", "regiao_id": 3, "regiao_nome": "São Sebastião", "sigla_rodovia": "SP-055", "escala": "10K", "tipo": "UTB", "extensao_km": 0.3335, "ordem_no_grupo": 7, "km_inicial": 115.548, "km_final": 115.864, "subtrecho_der": "055SPE4543", "municipio": "São Sebastião", "regional": "Taubaté", "residencia_dr": "DR 06", "uba_nome": "Caraguatatuba", "uba_codigo": "RC 06.04", "jurisdicao": "Estadual", "conservado_por": "05.04", "centroide_lon": -45.417797, "centroide_lat": -23.726691, "buffer_lateral_m": 1000, "icc_hid_thresholds": "60;85;110;126", "trecho_critico_hid": false, "RAHID": 1, "hazard": "hidro" }, "geometry": { "type": "LineString", "coordinates": [ [ -45.4192891812406, -23.726998224890021, 0.0 ], [ -45.418203696700061, -23.726524314120901, 0.0 ], [ -45.417604269093204, -23.726413169250467, 0.0 ], [ -45.417032370565472, -23.7266272734796, 0.0 ], [ -45.416571732565949, -23.727001910150594, 0.0 ], [ -45.416371373506003, -23.727099430006881, 0.0 ] ] } },
{ "type": "Feature", "properties": { "ua_id": "UA-R3-SSB-10K-008", "regiao_id": 3, "regiao_nome": "São Sebastião", "sigla_rodovia": "SP-055", "escala": "10K", "tipo": "UTB", "extensao_km": 0.3335, "ordem_no_grupo": 8, "km_inicial": 115.864, "km_final": 116.18, "subtrecho_der": "055SPE4543", "municipio": "São Sebastião", "regional": "Taubaté", "residencia_dr": "DR 06", "uba_nome": "Caraguatatuba", "uba_codigo": "RC 06.04", "jurisdicao": "Estadual", "conservado_por": "05.04", "centroide_lon": -45.414953, "centroide_lat": -23.726738, "buffer_lateral_m": 1000, "icc_hid_thresholds": "60;85;110;126", "trecho_critico_hid": false, "RAHID": 1, "hazard": "hidro" }, "geometry": { "type": "LineString", "coordinates": [ [ -45.416371373506003, -23.727099430006881, 0.0 ], [ -45.41616043086335, -23.727202100726654, 0.0 ], [ -45.415741674051496, -23.727184322727897, 0.0 ], [ -45.415134647671252, -23.727052741775744, 0.0 ], [ -45.414714107385727, -23.726856453518568, 0.0 ], [ -45.414209260268542, -23.726443681611151, 0.0 ], [ -45.414065622356176, -23.725684801323265, 0.0 ], [ -45.414063122728422, -23.725679146760701, 0.0 ] ] } },
{ "type": "Feature", "properties": { "ua_id": "UA-R3-SSB-10K-009", "regiao_id": 3, "regiao_nome": "São Sebastião", "sigla_rodovia": "SP-055", "escala": "10K", "tipo": "UTB", "extensao_km": 0.3335, "ordem_no_grupo": 9, "km_inicial": 116.18, "km_final": 116.497, "subtrecho_der": "055SPE4543", "municipio": "São Sebastião", "regional": "Taubaté", "residencia_dr": "DR 06", "uba_nome": "Caraguatatuba", "uba_codigo": "RC 06.04", "jurisdicao": "Estadual", "conservado_por": "05.04", "centroide_lon": -45.412766, "centroide_lat": -23.72554, "buffer_lateral_m": 1000, "icc_hid_thresholds": "60;85;110;126", "trecho_critico_hid": false, "RAHID": 1, "hazard": "hidro" }, "geometry": { "type": "LineString", "coordinates": [ [ -45.414063122728422, -23.725679146760701, 0.0 ], [ -45.413981176004569, -23.725493769706983, 0.0 ], [ -45.413704749044513, -23.72526915480293, 0.0 ], [ -45.413522242930014, -23.725263766703851, 0.0 ], [ -45.413260096607999, -23.725365024407594, 0.0 ], [ -45.413083346187584, -23.725536251379278, 0.0 ], [ -45.412893209909932, -23.725714456001004, 0.0 ], [ -45.412738485832612, -23.725762328505592, 0.0 ], [ -45.412531437498608, -23.725751767810262, 0.0 ], [ -45.412108311698596, -23.725695082264263, 0.0 ], [ -45.411980053834043, -23.725663091945087, 0.0 ], [ -45.411282717634364, -23.725386004941321, 0.0 ] ] } },
{ "type": "Feature", "properties": { "ua_id": "UA-R3-SSB-10K-010", "regiao_id": 3, "regiao_nome": "São Sebastião", "sigla_rodovia": "SP-055", "escala": "10K", "tipo": "UTB", "extensao_km": 0.2578, "ordem_no_grupo": 10, "km_inicial": 128.837, "km_final": 129.175, "subtrecho_der": "055SPE6135", "municipio": "São Sebastião", "regional": "Taubaté", "residencia_dr": "DR 06", "uba_nome": "Caraguatatuba", "uba_codigo": "RC 06.04", "jurisdicao": "Estadual", "conservado_por": "05.04", "centroide_lon": -45.401354, "centroide_lat": -23.797584, "buffer_lateral_m": 1000, "icc_hid_thresholds": "60;85;110;126", "trecho_critico_hid": false, "RAHID": 1, "hazard": "hidro" }, "geometry": { "type": "LineString", "coordinates": [ [ -45.400968749732208, -23.796475155238262, 0.0 ], [ -45.401739563939771, -23.798692607814218, 0.0 ] ] } },
{ "type": "Feature", "properties": { "ua_id": "UA-R3-SSB-10K-011", "regiao_id": 3, "regiao_nome": "São Sebastião", "sigla_rodovia": "SP-055", "escala": "10K", "tipo": "UTB", "extensao_km": 0.3335, "ordem_no_grupo": 11, "km_inicial": 129.175, "km_final": 129.613, "subtrecho_der": "055SPE6135", "municipio": "São Sebastião", "regional": "Taubaté", "residencia_dr": "DR 06", "uba_nome": "Caraguatatuba", "uba_codigo": "RC 06.04", "jurisdicao": "Estadual", "conservado_por": "05.04", "centroide_lon": -45.402242, "centroide_lat": -23.800126, "buffer_lateral_m": 1000, "icc_hid_thresholds": "60;85;110;126", "trecho_critico_hid": false, "RAHID": 1, "hazard": "hidro" }, "geometry": { "type": "LineString", "coordinates": [ [ -45.401739563939771, -23.798692607814218, 0.0 ], [ -45.402321722711768, -23.800367288608399, 0.0 ], [ -45.40275508600466, -23.8015557572731, 0.0 ] ] } },
{ "type": "Feature", "properties": { "ua_id": "UA-R3-SSB-10K-012", "regiao_id": 3, "regiao_nome": "São Sebastião", "sigla_rodovia": "SP-055", "escala": "10K", "tipo": "UTB", "extensao_km": 0.3335, "ordem_no_grupo": 12, "km_inicial": 129.613, "km_final": 153.98, "subtrecho_der": "055SPE6135", "municipio": "São Sebastião", "regional": "Taubaté", "residencia_dr": "DR 06", "uba_nome": "Caraguatatuba", "uba_codigo": "RC 06.04", "jurisdicao": "Estadual", "conservado_por": "05.04", "centroide_lon": -45.403263, "centroide_lat": -23.802982, "buffer_lateral_m": 1000, "icc_hid_thresholds": "60;85;110;126", "trecho_critico_hid": false, "RAHID": 1, "hazard": "hidro" }, "geometry": { "type": "LineString", "coordinates": [ [ -45.40275508600466, -23.8015557572731, 0.0 ], [ -45.402861528409325, -23.801847664555837, 0.0 ], [ -45.403269822822807, -23.803083831782168, 0.0 ], [ -45.403646100267693, -23.804088854215617, 0.0 ], [ -45.403871384113351, -23.804232128694714, 0.0 ], [ -45.40397674779279, -23.80422927799469, 0.0 ] ] } },
{ "type": "Feature", "properties": { "ua_id": "UA-R3-SSB-10K-013", "regiao_id": 3, "regiao_nome": "São Sebastião", "sigla_rodovia": "SP-055", "escala": "10K", "tipo": "UTB", "extensao_km": 0.3335, "ordem_no_grupo": 13, "km_inicial": 153.678, "km_final": 153.98, "subtrecho_der": "055SPE2091", "municipio": "São Sebastião", "regional": "Taubaté", "residencia_dr": "DR 06", "uba_nome": "Caraguatatuba", "uba_codigo": "RC 06.04", "jurisdicao": "Estadual", "conservado_por": "05.04", "centroide_lon": -45.405118, "centroide_lat": -23.805106, "buffer_lateral_m": 1000, "icc_hid_thresholds": "60;85;110;126", "trecho_critico_hid": false, "RAHID": 1, "hazard": "hidro" }, "geometry": { "type": "LineString", "coordinates": [ [ -45.40397674779279, -23.80422927799469, 0.0 ], [ -45.40429712044066, -23.804220609609544, 0.0 ], [ -45.404707068653799, -23.804368131877318, 0.0 ], [ -45.404991668626963, -23.804778380247921, 0.0 ], [ -45.405623267529045, -23.805794156103531, 0.0 ], [ -45.405980003144968, -23.806360948517828, 0.0 ] ] } },
{ "type": "Feature", "properties": { "ua_id": "UA-R3-SSB-10K-014", "regiao_id": 3, "regiao_nome": "São Sebastião", "sigla_rodovia": "SP-055", "escala": "10K", "tipo": "UTB", "extensao_km": 0.3335, "ordem_no_grupo": 14, "km_inicial": 153.376, "km_final": 153.678, "subtrecho_der": "055SPE2091", "municipio": "São Sebastião", "regional": "Taubaté", "residencia_dr": "DR 06", "uba_nome": "Caraguatatuba", "uba_codigo": "RC 06.04", "jurisdicao": "Estadual", "conservado_por": "05.04", "centroide_lon": -45.4068, "centroide_lat": -23.807664, "buffer_lateral_m": 1000, "icc_hid_thresholds": "60;85;110;126", "trecho_critico_hid": false, "RAHID": 1, "hazard": "hidro" }, "geometry": { "type": "LineString", "coordinates": [ [ -45.405980003144968, -23.806360948517828, 0.0 ], [ -45.407168417356147, -23.808249094869645, 0.0 ], [ -45.407584645158543, -23.808916163791014, 0.0 ], [ -45.40762063891578, -23.808967105688705, 0.0 ] ] } },
{ "type": "Feature", "properties": { "ua_id": "UA-R3-SSB-10K-015", "regiao_id": 3, "regiao_nome": "São Sebastião", "sigla_rodovia": "SP-055", "escala": "10K", "tipo": "UTB", "extensao_km": 0.3335, "ordem_no_grupo": 15, "km_inicial": 153.074, "km_final": 153.376, "subtrecho_der": "055SPE2091", "municipio": "São Sebastião", "regional": "Taubaté", "residencia_dr": "DR 06", "uba_nome": "Caraguatatuba", "uba_codigo": "RC 06.04", "jurisdicao": "Estadual", "conservado_por": "05.04", "centroide_lon": -45.408763, "centroide_lat": -23.809788, "buffer_lateral_m": 1000, "icc_hid_thresholds": "60;85;110;126", "trecho_critico_hid": false, "RAHID": 1, "hazard": "hidro" }, "geometry": { "type": "LineString", "coordinates": [ [ -45.40762063891578, -23.808967105688705, 0.0 ], [ -45.407852718742618, -23.809295566656541, 0.0 ], [ -45.40791405158329, -23.809353798128438, 0.0 ], [ -45.408110323850067, -23.809552786131324, 0.0 ], [ -45.408824333775634, -23.809579612478043, 0.0 ], [ -45.40913348830945, -23.809664222578483, 0.0 ], [ -45.409385739607202, -23.809876612558217, 0.0 ], [ -45.409432686149735, -23.810184984563953, 0.0 ], [ -45.409433509174363, -23.810538873668957, 0.0 ], [ -45.409352111646918, -23.810824061475266, 0.0 ], [ -45.409333192350566, -23.810861525068169, 0.0 ] ] } },
{ "type": "Feature", "properties": { "ua_id": "UA-R3-SSB-10K-016", "regiao_id": 3, "regiao_nome": "São Sebastião", "sigla_rodovia": "SP-055", "escala": "10K", "tipo": "UTB", "extensao_km": 0.3335, "ordem_no_grupo": 16, "km_inicial": 152.772, "km_final": 153.074, "subtrecho_der": "055SPE2091", "municipio": "São Sebastião", "regional": "Taubaté", "residencia_dr": "DR 06", "uba_nome": "Caraguatatuba", "uba_codigo": "RC 06.04", "jurisdicao": "Estadual", "conservado_por": "05.04", "centroide_lon": -45.40893, "centroide_lat": -23.811735, "buffer_lateral_m": 1000, "icc_hid_thresholds": "60;85;110;126", "trecho_critico_hid": false, "RAHID": 1, "hazard": "hidro" }, "geometry": { "type": "LineString", "coordinates": [ [ -45.409333192350566, -23.810861525068169, 0.0 ], [ -45.409182540823345, -23.811159841213737, 0.0 ], [ -45.409115999893849, -23.811194706040656, 0.0 ], [ -45.408981564711944, -23.811309318855887, 0.0 ], [ -45.40889235431338, -23.811337489523321, 0.0 ], [ -45.408773170375099, -23.811349701448137, 0.0 ], [ -45.408638685626329, -23.811340022274234, 0.0 ], [ -45.408453287860176, -23.811360982979032, 0.0 ], [ -45.408370950898821, -23.811491130911357, 0.0 ], [ -45.408377440744047, -23.811606830186729, 0.0 ], [ -45.40846739265244, -23.811687747692861, 0.0 ], [ -45.408611812627704, -23.811737526227613, 0.0 ], [ -45.408872686957643, -23.811789668795054, 0.0 ], [ -45.40912627785864, -23.811944799683069, 0.0 ], [ -45.409277161838425, -23.812834907603232, 0.0 ] ] } },
{ "type": "Feature", "properties": { "ua_id": "UA-R3-SSB-10K-017", "regiao_id": 3, "regiao_nome": "São Sebastião", "sigla_rodovia": "SP-055", "escala": "10K", "tipo": "UTB", "extensao_km": 0.3335, "ordem_no_grupo": 17, "km_inicial": 152.469, "km_final": 152.772, "subtrecho_der": "055SPE2091", "municipio": "São Sebastião", "regional": "Taubaté", "residencia_dr": "DR 06", "uba_nome": "Caraguatatuba", "uba_codigo": "RC 06.04", "jurisdicao": "Estadual", "conservado_por": "05.04", "centroide_lon": -45.409385, "centroide_lat": -23.814295, "buffer_lateral_m": 1000, "icc_hid_thresholds": "60;85;110;126", "trecho_critico_hid": false, "RAHID": 1, "hazard": "hidro" }, "geometry": { "type": "LineString", "coordinates": [ [ -45.409277161838425, -23.812834907603232, 0.0 ], [ -45.409307659060552, -23.813014817896267, 0.0 ], [ -45.40946887603554, -23.813492957697076, 0.0 ], [ -45.409498747617612, -23.813936085601021, 0.0 ], [ -45.409486008755508, -23.814273106531051, 0.0 ], [ -45.409442324623981, -23.815164079993369, 0.0 ], [ -45.408918574201813, -23.815609287787641, 0.0 ] ] } },
{ "type": "Feature", "properties": { "ua_id": "UA-R3-SSB-10K-018", "regiao_id": 3, "regiao_nome": "São Sebastião", "sigla_rodovia": "SP-055", "escala": "10K", "tipo": "UTB", "extensao_km": 0.3335, "ordem_no_grupo": 18, "km_inicial": 152.167, "km_final": 152.469, "subtrecho_der": "055SPE2091", "municipio": "São Sebastião", "regional": "Taubaté", "residencia_dr": "DR 06", "uba_nome": "Caraguatatuba", "uba_codigo": "RC 06.04", "jurisdicao": "Estadual", "conservado_por": "05.04", "centroide_lon": -45.408615, "centroide_lat": -23.81695, "buffer_lateral_m": 1000, "icc_hid_thresholds": "60;85;110;126", "trecho_critico_hid": false, "RAHID": 1, "hazard": "hidro" }, "geometry": { "type": "LineString", "coordinates": [ [ -45.408918574201813, -23.815609287787641, 0.0 ], [ -45.408535788679977, -23.815934667017753, 0.0 ], [ -45.40840954030876, -23.816820163825852, 0.0 ], [ -45.408735647170353, -23.817843493040506, 0.0 ], [ -45.408905009917312, -23.818394772279703, 0.0 ] ] } },
{ "type": "Feature", "properties": { "ua_id": "UA-R3-SSB-10K-019", "regiao_id": 3, "regiao_nome": "São Sebastião", "sigla_rodovia": "SP-055", "escala": "10K", "tipo": "UTB", "extensao_km": 0.3335, "ordem_no_grupo": 19, "km_inicial": 151.865, "km_final": 152.167, "subtrecho_der": "055SPE2091", "municipio": "São Sebastião", "regional": "Taubaté", "residencia_dr": "DR 06", "uba_nome": "Caraguatatuba", "uba_codigo": "RC 06.04", "jurisdicao": "Estadual", "conservado_por": "05.04", "centroide_lon": -45.409448, "centroide_lat": -23.81976, "buffer_lateral_m": 1000, "icc_hid_thresholds": "60;85;110;126", "trecho_critico_hid": false, "RAHID": 1, "hazard": "hidro" }, "geometry": { "type": "LineString", "coordinates": [ [ -45.408905009917312, -23.818394772279703, 0.0 ], [ -45.408942032759676, -23.818515281728342, 0.0 ], [ -45.409031878766534, -23.819075956320813, 0.0 ], [ -45.409137950071575, -23.819512489365124, 0.0 ], [ -45.409322573856642, -23.819955643289884, 0.0 ], [ -45.409663503819871, -23.82033908191616, 0.0 ], [ -45.410493423049601, -23.820820463563813, 0.0 ] ] } },
{ "type": "Feature", "properties": { "ua_id": "UA-R3-SSB-10K-020", "regiao_id": 3, "regiao_nome": "São Sebastião", "sigla_rodovia": "SP-055", "escala": "10K", "tipo": "UTB", "extensao_km": 0.3335, "ordem_no_grupo": 20, "km_inicial": 151.563, "km_final": 151.865, "subtrecho_der": "055SPE2091", "municipio": "São Sebastião", "regional": "Taubaté", "residencia_dr": "DR 06", "uba_nome": "Caraguatatuba", "uba_codigo": "RC 06.04", "jurisdicao": "Estadual", "conservado_por": "05.04", "centroide_lon": -45.411579, "centroide_lat": -23.82191, "buffer_lateral_m": 1000, "icc_hid_thresholds": "60;85;110;126", "trecho_critico_hid": false, "RAHID": 1, "hazard": "hidro" }, "geometry": { "type": "LineString", "coordinates": [ [ -45.410493423049601, -23.820820463563813, 0.0 ], [ -45.410672375184255, -23.82092426088359, 0.0 ], [ -45.411178792650247, -23.821270662511576, 0.0 ], [ -45.412293978994903, -23.82288521770413, 0.0 ], [ -45.41242261243881, -23.823029182332657, 0.0 ], [ -45.412560550875995, -23.823073233250824, 0.0 ], [ -45.412563831834348, -23.823072974729609, 0.0 ] ] } },
{ "type": "Feature", "properties": { "ua_id": "UA-R3-SSB-10K-021", "regiao_id": 3, "regiao_nome": "São Sebastião", "sigla_rodovia": "SP-055", "escala": "10K", "tipo": "UTB", "extensao_km": 0.3335, "ordem_no_grupo": 21, "km_inicial": 151.261, "km_final": 151.563, "subtrecho_der": "055SPE2091", "municipio": "São Sebastião", "regional": "Taubaté", "residencia_dr": "DR 06", "uba_nome": "Caraguatatuba", "uba_codigo": "RC 06.04", "jurisdicao": "Estadual", "conservado_por": "05.04", "centroide_lon": -45.413827, "centroide_lat": -23.822175, "buffer_lateral_m": 1000, "icc_hid_thresholds": "60;85;110;126", "trecho_critico_hid": false, "RAHID": 1, "hazard": "hidro" }, "geometry": { "type": "LineString", "coordinates": [ [ -45.412563831834348, -23.823072974729609, 0.0 ], [ -45.412757945532618, -23.823057679527281, 0.0 ], [ -45.412966967283886, -23.822845554821736, 0.0 ], [ -45.413076346389879, -23.822720323239629, 0.0 ], [ -45.413149904957706, -23.82265287005449, 0.0 ], [ -45.413268871964824, -23.822555466564108, 0.0 ], [ -45.413526226513781, -23.822344667962806, 0.0 ], [ -45.413896231838045, -23.822095452562309, 0.0 ], [ -45.414372441692663, -23.821743619246725, 0.0 ], [ -45.414476988558022, -23.821697228894919, 0.0 ], [ -45.414580635080831, -23.821634470397008, 0.0 ], [ -45.414821072481793, -23.821472521169621, 0.0 ], [ -45.415097886789177, -23.821310869534628, 0.0 ], [ -45.415145172637629, -23.821295574702091, 0.0 ] ] } },
{ "type": "Feature", "properties": { "ua_id": "UA-R3-SSB-10K-022", "regiao_id": 3, "regiao_nome": "São Sebastião", "sigla_rodovia": "SP-055", "escala": "10K", "tipo": "UTB", "extensao_km": 0.3335, "ordem_no_grupo": 22, "km_inicial": 150.959, "km_final": 151.261, "subtrecho_der": "055SPE2091", "municipio": "São Sebastião", "regional": "Taubaté", "residencia_dr": "DR 06", "uba_nome": "Caraguatatuba", "uba_codigo": "RC 06.04", "jurisdicao": "Estadual", "conservado_por": "05.04", "centroide_lon": -45.416429, "centroide_lat": -23.821918, "buffer_lateral_m": 1000, "icc_hid_thresholds": "60;85;110;126", "trecho_critico_hid": false, "RAHID": 1, "hazard": "hidro" }, "geometry": { "type": "LineString", "coordinates": [ [ -45.415145172637629, -23.821295574702091, 0.0 ], [ -45.415330860317461, -23.821235512964652, 0.0 ], [ -45.415501526194731, -23.821221191570348, 0.0 ], [ -45.415803301310525, -23.821295665158747, 0.0 ], [ -45.415941709369072, -23.82137586848695, 0.0 ], [ -45.416055841288063, -23.821479428931866, 0.0 ], [ -45.416139143576807, -23.821631231567505, 0.0 ], [ -45.416263236308822, -23.821807667567608, 0.0 ], [ -45.416398574943301, -23.821941485332108, 0.0 ], [ -45.416512937338204, -23.821999291414084, 0.0 ], [ -45.416946199816174, -23.822121073812664, 0.0 ], [ -45.41703632439684, -23.82218805510394, 0.0 ], [ -45.417081199186974, -23.822279893583911, 0.0 ], [ -45.417155654846866, -23.822386377062578, 0.0 ], [ -45.417201876436444, -23.822623919072193, 0.0 ], [ -45.417233730500904, -23.822752345905538, 0.0 ], [ -45.417288868555957, -23.822888907805705, 0.0 ], [ -45.417399700599503, -23.82297780896074, 0.0 ] ] } },
{ "type": "Feature", "properties": { "ua_id": "UA-R3-SSB-10K-023", "regiao_id": 3, "regiao_nome": "São Sebastião", "sigla_rodovia": "SP-055", "escala": "10K", "tipo": "UTB", "extensao_km": 0.3335, "ordem_no_grupo": 23, "km_inicial": 150.657, "km_final": 150.959, "subtrecho_der": "055SPE2091", "municipio": "São Sebastião", "regional": "Taubaté", "residencia_dr": "DR 06", "uba_nome": "Caraguatatuba", "uba_codigo": "RC 06.04", "jurisdicao": "Estadual", "conservado_por": "05.04", "centroide_lon": -45.418477, "centroide_lat": -23.822464, "buffer_lateral_m": 1000, "icc_hid_thresholds": "60;85;110;126", "trecho_critico_hid": false, "RAHID": 1, "hazard": "hidro" }, "geometry": { "type": "LineString", "coordinates": [ [ -45.417399700599503, -23.82297780896074, 0.0 ], [ -45.417438472083873, -23.823008908490294, 0.0 ], [ -45.417513625948779, -23.823083687946095, 0.0 ], [ -45.417612522281161, -23.823140409448765, 0.0 ], [ -45.417695811151603, -23.823203488968822, 0.0 ], [ -45.417852303353044, -23.823210038519136, 0.0 ], [ -45.417937906177663, -23.823181541270177, 0.0 ], [ -45.418059419525818, -23.823097284995633, 0.0 ], [ -45.418153733882228, -23.823013285241668, 0.0 ], [ -45.418239597859383, -23.8229331622099, 0.0 ], [ -45.418276778601339, -23.822841267304479, 0.0 ], [ -45.418265733402023, -23.82272626267979, 0.0 ], [ -45.418258813241913, -23.822668758492913, 0.0 ], [ -45.418258454732367, -23.822583495848416, 0.0 ], [ -45.418266850021155, -23.822505148459793, 0.0 ], [ -45.418300646387287, -23.822416649216031, 0.0 ], [ -45.418424607631167, -23.822253784839965, 0.0 ], [ -45.418507153056019, -23.822199459185029, 0.0 ], [ -45.419036271498094, -23.821902733869504, 0.0 ], [ -45.419234496203494, -23.821794245505956, 0.0 ], [ -45.419722301148028, -23.821745000714454, 0.0 ] ] } },
{ "type": "Feature", "properties": { "ua_id": "UA-R3-SSB-10K-024", "regiao_id": 3, "regiao_nome": "São Sebastião", "sigla_rodovia": "SP-055", "escala": "10K", "tipo": "UTB", "extensao_km": 0.2276, "ordem_no_grupo": 24, "km_inicial": 150.45, "km_final": 150.657, "subtrecho_der": "055SPE2091", "municipio": "São Sebastião", "regional": "Taubaté", "residencia_dr": "DR 06", "uba_nome": "Caraguatatuba", "uba_codigo": "RC 06.04", "jurisdicao": "Estadual", "conservado_por": "05.04", "centroide_lon": -45.420669, "centroide_lat": -23.822116, "buffer_lateral_m": 1000, "icc_hid_thresholds": "60;85;110;126", "trecho_critico_hid": false, "RAHID": 1, "hazard": "hidro" }, "geometry": { "type": "LineString", "coordinates": [ [ -45.419722301148028, -23.821745000714454, 0.0 ], [ -45.419819498189867, -23.821735188308729, 0.0 ], [ -45.420530942145341, -23.821874340762566, 0.0 ], [ -45.421035236562652, -23.822155647646753, 0.0 ], [ -45.42114692164435, -23.822347553045464, 0.0 ], [ -45.421135438958615, -23.82250263407289, 0.0 ], [ -45.421168914413933, -23.822882368899577, 0.0 ] ] } },
{ "type": "Feature", "properties": { "ua_id": "UA-R3-SSB-10K-025", "regiao_id": 3, "regiao_nome": "São Sebastião", "sigla_rodovia": "SP-055", "escala": "10K", "tipo": "UTB", "extensao_km": 0.3335, "ordem_no_grupo": 25, "km_inicial": 133.07, "km_final": 133.372, "subtrecho_der": "055SPE2091", "municipio": "São Sebastião", "regional": "Taubaté", "residencia_dr": "DR 06", "uba_nome": "Caraguatatuba", "uba_codigo": "RC 06.04", "jurisdicao": "Estadual", "conservado_por": "05.04", "centroide_lon": -45.543389, "centroide_lat": -23.805478, "buffer_lateral_m": 1000, "icc_hid_thresholds": "60;85;110;126", "trecho_critico_hid": false, "RAHID": 1, "hazard": "hidro" }, "geometry": { "type": "LineString", "coordinates": [ [ -45.542081848158972, -23.806293326383756, 0.0 ], [ -45.543405479710835, -23.805749637069734, 0.0 ], [ -45.544398456550518, -23.804342059184481, 0.0 ] ] } },
{ "type": "Feature", "properties": { "ua_id": "UA-R3-SSB-10K-026", "regiao_id": 3, "regiao_nome": "São Sebastião", "sigla_rodovia": "SP-055", "escala": "10K", "tipo": "UTB", "extensao_km": 0.3335, "ordem_no_grupo": 26, "km_inicial": 132.768, "km_final": 133.07, "subtrecho_der": "055SPE2091", "municipio": "São Sebastião", "regional": "Taubaté", "residencia_dr": "DR 06", "uba_nome": "Caraguatatuba", "uba_codigo": "RC 06.04", "jurisdicao": "Estadual", "conservado_por": "05.04", "centroide_lon": -45.54506, "centroide_lat": -23.803038, "buffer_lateral_m": 1000, "icc_hid_thresholds": "60;85;110;126", "trecho_critico_hid": false, "RAHID": 1, "hazard": "hidro" }, "geometry": { "type": "LineString", "coordinates": [ [ -45.544398456550518, -23.804342059184481, 0.0 ], [ -45.54522705959274, -23.803167458848655, 0.0 ], [ -45.54544295761292, -23.802662252620674, 0.0 ], [ -45.545237224755894, -23.802118117380541, 0.0 ], [ -45.545022620386213, -23.801666962256519, 0.0 ] ] } },
{ "type": "Feature", "properties": { "ua_id": "UA-R3-SSB-10K-027", "regiao_id": 3, "regiao_nome": "São Sebastião", "sigla_rodovia": "SP-055", "escala": "10K", "tipo": "UTB", "extensao_km": 0.3335, "ordem_no_grupo": 27, "km_inicial": 132.466, "km_final": 132.768, "subtrecho_der": "055SPE2091", "municipio": "São Sebastião", "regional": "Taubaté", "residencia_dr": "DR 06", "uba_nome": "Caraguatatuba", "uba_codigo": "RC 06.04", "jurisdicao": "Estadual", "conservado_por": "05.04", "centroide_lon": -45.544263, "centroide_lat": -23.800349, "buffer_lateral_m": 1000, "icc_hid_thresholds": "60;85;110;126", "trecho_critico_hid": false, "RAHID": 1, "hazard": "hidro" }, "geometry": { "type": "LineString", "coordinates": [ [ -45.545022620386213, -23.801666962256519, 0.0 ], [ -45.54462032038154, -23.80082121178409, 0.0 ], [ -45.544414747397333, -23.800415460045851, 0.0 ], [ -45.544084951156087, -23.799894630866831, 0.0 ], [ -45.543850554873828, -23.799695968219755, 0.0 ], [ -45.543624259604336, -23.799498746951251, 0.0 ], [ -45.54322382190287, -23.799226538683268, 0.0 ] ] } },
{ "type": "Feature", "properties": { "ua_id": "UA-R3-SSB-10K-028", "regiao_id": 3, "regiao_nome": "São Sebastião", "sigla_rodovia": "SP-055", "escala": "10K", "tipo": "UTB", "extensao_km": 0.3335, "ordem_no_grupo": 28, "km_inicial": 132.164, "km_final": 132.466, "subtrecho_der": "055SPE2091", "municipio": "São Sebastião", "regional": "Taubaté", "residencia_dr": "DR 06", "uba_nome": "Caraguatatuba", "uba_codigo": "RC 06.04", "jurisdicao": "Estadual", "conservado_por": "05.04", "centroide_lon": -45.542607, "centroide_lat": -23.798048, "buffer_lateral_m": 1000, "icc_hid_thresholds": "60;85;110;126", "trecho_critico_hid": false, "RAHID": 1, "hazard": "hidro" }, "geometry": { "type": "LineString", "coordinates": [ [ -45.54322382190287, -23.799226538683268, 0.0 ], [ -45.54265873552982, -23.798842402310427, 0.0 ], [ -45.542354498146992, -23.798484670734176, 0.0 ], [ -45.542331366679299, -23.798042636031266, 0.0 ], [ -45.542443424481604, -23.797539789892543, 0.0 ], [ -45.542539394135211, -23.797240829114195, 0.0 ], [ -45.542598584136151, -23.79711122226232, 0.0 ], [ -45.542972697091933, -23.796816983886821, 0.0 ], [ -45.543027079362865, -23.796815507317312, 0.0 ] ] } },
{ "type": "Feature", "properties": { "ua_id": "UA-R3-SSB-10K-029", "regiao_id": 3, "regiao_nome": "São Sebastião", "sigla_rodovia": "SP-055", "escala": "10K", "tipo": "UTB", "extensao_km": 0.3335, "ordem_no_grupo": 29, "km_inicial": 131.862, "km_final": 132.164, "subtrecho_der": "055SPE2091", "municipio": "São Sebastião", "regional": "Taubaté", "residencia_dr": "DR 06", "uba_nome": "Caraguatatuba", "uba_codigo": "RC 06.04", "jurisdicao": "Estadual", "conservado_por": "05.04", "centroide_lon": -45.544644, "centroide_lat": -23.796991, "buffer_lateral_m": 1000, "icc_hid_thresholds": "60;85;110;126", "trecho_critico_hid": false, "RAHID": 1, "hazard": "hidro" }, "geometry": { "type": "LineString", "coordinates": [ [ -45.543027079362865, -23.796815507317312, 0.0 ], [ -45.543578943484768, -23.796800522199135, 0.0 ], [ -45.544159040647628, -23.796924964290955, 0.0 ], [ -45.544840355429805, -23.797030287471944, 0.0 ], [ -45.545699124469998, -23.797142406133297, 0.0 ], [ -45.546040266084674, -23.797188035825219, 0.0 ], [ -45.54626246921277, -23.797178315509733, 0.0 ] ] } },
{ "type": "Feature", "properties": { "ua_id": "UA-R3-SSB-10K-030", "regiao_id": 3, "regiao_nome": "São Sebastião", "sigla_rodovia": "SP-055", "escala": "10K", "tipo": "UTB", "extensao_km": 0.3335, "ordem_no_grupo": 30, "km_inicial": 131.56, "km_final": 131.862, "subtrecho_der": "055SPE2091", "municipio": "São Sebastião", "regional": "Taubaté", "residencia_dr": "DR 06", "uba_nome": "Caraguatatuba", "uba_codigo": "RC 06.04", "jurisdicao": "Estadual", "conservado_por": "05.04", "centroide_lon": -45.547835, "centroide_lat": -23.797259, "buffer_lateral_m": 1000, "icc_hid_thresholds": "60;85;110;126", "trecho_critico_hid": false, "RAHID": 1, "hazard": "hidro" }, "geometry": { "type": "LineString", "coordinates": [ [ -45.54626246921277, -23.797178315509733, 0.0 ], [ -45.546698021257868, -23.797159261276175, 0.0 ], [ -45.546880567197611, -23.797082346824638, 0.0 ], [ -45.547150007088277, -23.797020476411305, 0.0 ], [ -45.547381005172518, -23.797068342087972, 0.0 ], [ -45.547708613189208, -23.797142828708601, 0.0 ], [ -45.548217682082345, -23.797393127972249, 0.0 ], [ -45.548374466864935, -23.797402238290079, 0.0 ], [ -45.548740067205827, -23.797421170168821, 0.0 ], [ -45.548818164903352, -23.797425398072722, 0.0 ], [ -45.549068252281607, -23.797465925666806, 0.0 ], [ -45.549414486787029, -23.797521446665044, 0.0 ], [ -45.549414801112171, -23.797521370980878, 0.0 ] ] } },
{ "type": "Feature", "properties": { "ua_id": "UA-R3-SSB-10K-031", "regiao_id": 3, "regiao_nome": "São Sebastião", "sigla_rodovia": "SP-055", "escala": "10K", "tipo": "UTB", "extensao_km": 0.3335, "ordem_no_grupo": 31, "km_inicial": 131.257, "km_final": 131.56, "subtrecho_der": "055SPE2091", "municipio": "São Sebastião", "regional": "Taubaté", "residencia_dr": "DR 06", "uba_nome": "Caraguatatuba", "uba_codigo": "RC 06.04", "jurisdicao": "Estadual", "conservado_por": "05.04", "centroide_lon": -45.55028, "centroide_lat": -23.796462, "buffer_lateral_m": 1000, "icc_hid_thresholds": "60;85;110;126", "trecho_critico_hid": false, "RAHID": 2, "hazard": "hidro" }, "geometry": { "type": "LineString", "coordinates": [ [ -45.549414801112171, -23.797521370980878, 0.0 ], [ -45.549883608398417, -23.797408489321221, 0.0 ], [ -45.550024628617365, -23.797254127048468, 0.0 ], [ -45.550108203191634, -23.797155946309378, 0.0 ], [ -45.550232800829299, -23.797015860251133, 0.0 ], [ -45.550333041750541, -23.796867019919539, 0.0 ], [ -45.550494735783587, -23.796628920241698, 0.0 ], [ -45.550589865377034, -23.796281861316334, 0.0 ], [ -45.550530434822406, -23.795965951735685, 0.0 ], [ -45.550462986899994, -23.795372639399879, 0.0 ], [ -45.550361733758031, -23.795058613725114, 0.0 ] ] } },
{ "type": "Feature", "properties": { "ua_id": "UA-R3-SSB-10K-032", "regiao_id": 3, "regiao_nome": "São Sebastião", "sigla_rodovia": "SP-055", "escala": "10K", "tipo": "UTB", "extensao_km": 0.3335, "ordem_no_grupo": 32, "km_inicial": 130.955, "km_final": 131.257, "subtrecho_der": "055SPE2091", "municipio": "São Sebastião", "regional": "Taubaté", "residencia_dr": "DR 06", "uba_nome": "Caraguatatuba", "uba_codigo": "RC 06.04", "jurisdicao": "Estadual", "conservado_por": "05.04", "centroide_lon": -45.549828, "centroide_lat": -23.794001, "buffer_lateral_m": 1000, "icc_hid_thresholds": "60;85;110;126", "trecho_critico_hid": false, "RAHID": 2, "hazard": "hidro" }, "geometry": { "type": "LineString", "coordinates": [ [ -45.550361733758031, -23.795058613725114, 0.0 ], [ -45.550294967376551, -23.794851544110674, 0.0 ], [ -45.549500117710636, -23.794265522392301, 0.0 ], [ -45.549342229216329, -23.794194568312786, 0.0 ], [ -45.549342441867118, -23.793897063286117, 0.0 ], [ -45.549453911742262, -23.793634725474178, 0.0 ], [ -45.549568425462184, -23.793507205099029, 0.0 ], [ -45.550526550945492, -23.793147211478324, 0.0 ] ] } },
{ "type": "Feature", "properties": { "ua_id": "UA-R3-SSB-10K-033", "regiao_id": 3, "regiao_nome": "São Sebastião", "sigla_rodovia": "SP-055", "escala": "10K", "tipo": "UTB", "extensao_km": 0.3335, "ordem_no_grupo": 33, "km_inicial": 130.653, "km_final": 130.955, "subtrecho_der": "055SPE2091", "municipio": "São Sebastião", "regional": "Taubaté", "residencia_dr": "DR 06", "uba_nome": "Caraguatatuba", "uba_codigo": "RC 06.04", "jurisdicao": "Estadual", "conservado_por": "05.04", "centroide_lon": -45.551947, "centroide_lat": -23.792568, "buffer_lateral_m": 1000, "icc_hid_thresholds": "60;85;110;126", "trecho_critico_hid": false, "RAHID": 2, "hazard": "hidro" }, "geometry": { "type": "LineString", "coordinates": [ [ -45.550526550945492, -23.793147211478324, 0.0 ], [ -45.550893708718888, -23.793009258295292, 0.0 ], [ -45.551648697440406, -23.792700642434411, 0.0 ], [ -45.551789370485189, -23.792616333924965, 0.0 ], [ -45.552065104158267, -23.792373099161118, 0.0 ], [ -45.552213598276559, -23.79218016604241, 0.0 ], [ -45.552295731969963, -23.792145834837331, 0.0 ], [ -45.552764586961828, -23.792193853188991, 0.0 ], [ -45.553311875184932, -23.792567692804951, 0.0 ] ] } },
{ "type": "Feature", "properties": { "ua_id": "UA-R3-SSB-10K-034", "regiao_id": 3, "regiao_nome": "São Sebastião", "sigla_rodovia": "SP-055", "escala": "10K", "tipo": "UTB", "extensao_km": 0.3335, "ordem_no_grupo": 34, "km_inicial": 130.351, "km_final": 130.653, "subtrecho_der": "055SPE2091", "municipio": "São Sebastião", "regional": "Taubaté", "residencia_dr": "DR 06", "uba_nome": "Caraguatatuba", "uba_codigo": "RC 06.04", "jurisdicao": "Estadual", "conservado_por": "05.04", "centroide_lon": -45.554709, "centroide_lat": -23.793066, "buffer_lateral_m": 1000, "icc_hid_thresholds": "60;85;110;126", "trecho_critico_hid": false, "RAHID": 2, "hazard": "hidro" }, "geometry": { "type": "LineString", "coordinates": [ [ -45.553311875184932, -23.792567692804951, 0.0 ], [ -45.553994688036617, -23.7930341002745, 0.0 ], [ -45.55436622620276, -23.793309435139303, 0.0 ], [ -45.554527556867207, -23.793322990406296, 0.0 ], [ -45.554826623953836, -23.793345620786376, 0.0 ], [ -45.555239717629959, -23.793207648663106, 0.0 ], [ -45.556048997556204, -23.792912078230454, 0.0 ], [ -45.556207957027929, -23.792848327029674, 0.0 ] ] } },
{ "type": "Feature", "properties": { "ua_id": "UA-R3-SSB-10K-035", "regiao_id": 3, "regiao_nome": "São Sebastião", "sigla_rodovia": "SP-055", "escala": "10K", "tipo": "UTB", "extensao_km": 0.3335, "ordem_no_grupo": 35, "km_inicial": 130.049, "km_final": 130.351, "subtrecho_der": "055SPE2091", "municipio": "São Sebastião", "regional": "Taubaté", "residencia_dr": "DR 06", "uba_nome": "Caraguatatuba", "uba_codigo": "RC 06.04", "jurisdicao": "Estadual", "conservado_por": "05.04", "centroide_lon": -45.55771, "centroide_lat": -23.79225, "buffer_lateral_m": 1000, "icc_hid_thresholds": "60;85;110;126", "trecho_critico_hid": false, "RAHID": 1, "hazard": "hidro" }, "geometry": { "type": "LineString", "coordinates": [ [ -45.556207957027929, -23.792848327029674, 0.0 ], [ -45.557563208268114, -23.792304790091407, 0.0 ], [ -45.559214912712363, -23.791658898411498, 0.0 ] ] } },
{ "type": "Feature", "properties": { "ua_id": "UA-R3-SSB-10K-036", "regiao_id": 3, "regiao_nome": "São Sebastião", "sigla_rodovia": "SP-055", "escala": "10K", "tipo": "UTB", "extensao_km": 0.3335, "ordem_no_grupo": 36, "km_inicial": 130.049, "km_final": 154.3, "subtrecho_der": "055SPE2885", "municipio": "São Sebastião", "regional": "Taubaté", "residencia_dr": "DR 06", "uba_nome": "Caraguatatuba", "uba_codigo": "RC 06.04", "jurisdicao": "Estadual", "conservado_por": "05.04", "centroide_lon": -45.56076, "centroide_lat": -23.791171, "buffer_lateral_m": 1000, "icc_hid_thresholds": "60;85;110;126", "trecho_critico_hid": false, "RAHID": 1, "hazard": "hidro" }, "geometry": { "type": "LineString", "coordinates": [ [ -45.559214912712363, -23.791658898411498, 0.0 ], [ -45.559703725611172, -23.791467745710719, 0.0 ], [ -45.560114257673781, -23.791322883572764, 0.0 ], [ -45.561140215759572, -23.791060450227466, 0.0 ], [ -45.561857583278382, -23.790865415013297, 0.0 ], [ -45.562335762965432, -23.790769834665465, 0.0 ] ] } },
{ "type": "Feature", "properties": { "ua_id": "UA-R3-SSB-10K-037", "regiao_id": 3, "regiao_nome": "São Sebastião", "sigla_rodovia": "SP-055", "escala": "10K", "tipo": "UTB", "extensao_km": 0.3335, "ordem_no_grupo": 37, "km_inicial": 154.3, "km_final": 154.64, "subtrecho_der": "055SPE2885", "municipio": "São Sebastião", "regional": "Taubaté", "residencia_dr": "DR 06", "uba_nome": "Caraguatatuba", "uba_codigo": "RC 06.04", "jurisdicao": "Estadual", "conservado_por": "05.04", "centroide_lon": -45.563952, "centroide_lat": -23.790553, "buffer_lateral_m": 1000, "icc_hid_thresholds": "60;85;110;126", "trecho_critico_hid": false, "RAHID": 1, "hazard": "hidro" }, "geometry": { "type": "LineString", "coordinates": [ [ -45.562335762965432, -23.790769834665465, 0.0 ], [ -45.562788797349938, -23.790679278964543, 0.0 ], [ -45.564220174174011, -23.790526066921899, 0.0 ], [ -45.564485538378719, -23.790464361040588, 0.0 ], [ -45.564750778713815, -23.79046370573592, 0.0 ], [ -45.565574229051172, -23.790372243850069, 0.0 ] ] } },
{ "type": "Feature", "properties": { "ua_id": "UA-R3-SSB-10K-038", "regiao_id": 3, "regiao_nome": "São Sebastião", "sigla_rodovia": "SP-055", "escala": "10K", "tipo": "UTB", "extensao_km": 0.3335, "ordem_no_grupo": 38, "km_inicial": 154.64, "km_final": 154.979, "subtrecho_der": "055SPE2885", "municipio": "São Sebastião", "regional": "Taubaté", "residencia_dr": "DR 06", "uba_nome": "Caraguatatuba", "uba_codigo": "RC 06.04", "jurisdicao": "Estadual", "conservado_por": "05.04", "centroide_lon": -45.5672, "centroide_lat": -23.790215, "buffer_lateral_m": 1000, "icc_hid_thresholds": "60;85;110;126", "trecho_critico_hid": false, "RAHID": 1, "hazard": "hidro" }, "geometry": { "type": "LineString", "coordinates": [ [ -45.565574229051172, -23.790372243850069, 0.0 ], [ -45.567640945677411, -23.790142670609566, 0.0 ], [ -45.568832216837514, -23.790141442900353, 0.0 ] ] } },
{ "type": "Feature", "properties": { "ua_id": "UA-R3-SSB-10K-039", "regiao_id": 3, "regiao_nome": "São Sebastião", "sigla_rodovia": "SP-055", "escala": "10K", "tipo": "UTB", "extensao_km": 0.3335, "ordem_no_grupo": 39, "km_inicial": 154.979, "km_final": 155.319, "subtrecho_der": "055SPE2885", "municipio": "São Sebastião", "regional": "Taubaté", "residencia_dr": "DR 06", "uba_nome": "Caraguatatuba", "uba_codigo": "RC 06.04", "jurisdicao": "Estadual", "conservado_por": "05.04", "centroide_lon": -45.570469, "centroide_lat": -23.790139, "buffer_lateral_m": 1000, "icc_hid_thresholds": "60;85;110;126", "trecho_critico_hid": false, "RAHID": 1, "hazard": "hidro" }, "geometry": { "type": "LineString", "coordinates": [ [ -45.568832216837514, -23.790141442900353, 0.0 ], [ -45.571475210050579, -23.790138686235739, 0.0 ], [ -45.572105193882834, -23.790135398035339, 0.0 ] ] } },
{ "type": "Feature", "properties": { "ua_id": "UA-R3-SSB-10K-040", "regiao_id": 3, "regiao_nome": "São Sebastião", "sigla_rodovia": "SP-055", "escala": "10K", "tipo": "UTB", "extensao_km": 0.3335, "ordem_no_grupo": 40, "km_inicial": 155.319, "km_final": 155.659, "subtrecho_der": "055SPE2885", "municipio": "São Sebastião", "regional": "Taubaté", "residencia_dr": "DR 06", "uba_nome": "Caraguatatuba", "uba_codigo": "RC 06.04", "jurisdicao": "Estadual", "conservado_por": "05.04", "centroide_lon": -45.573742, "centroide_lat": -23.790129, "buffer_lateral_m": 1000, "icc_hid_thresholds": "60;85;110;126", "trecho_critico_hid": false, "RAHID": 1, "hazard": "hidro" }, "geometry": { "type": "LineString", "coordinates": [ [ -45.572105193882834, -23.790135398035339, 0.0 ], [ -45.574161346419011, -23.790124648056413, 0.0 ], [ -45.575378118062538, -23.790132469607613, 0.0 ] ] } },
{ "type": "Feature", "properties": { "ua_id": "UA-R3-SSB-10K-041", "regiao_id": 3, "regiao_nome": "São Sebastião", "sigla_rodovia": "SP-055", "escala": "10K", "tipo": "UTB", "extensao_km": 0.3335, "ordem_no_grupo": 41, "km_inicial": 155.659, "km_final": 155.999, "subtrecho_der": "055SPE2885", "municipio": "São Sebastião", "regional": "Taubaté", "residencia_dr": "DR 06", "uba_nome": "Caraguatatuba", "uba_codigo": "RC 06.04", "jurisdicao": "Estadual", "conservado_por": "05.04", "centroide_lon": -45.577015, "centroide_lat": -23.790143, "buffer_lateral_m": 1000, "icc_hid_thresholds": "60;85;110;126", "trecho_critico_hid": false, "RAHID": 1, "hazard": "hidro" }, "geometry": { "type": "LineString", "coordinates": [ [ -45.575378118062538, -23.790132469607613, 0.0 ], [ -45.578651024379262, -23.79015346061955, 0.0 ] ] } },
{ "type": "Feature", "properties": { "ua_id": "UA-R3-SSB-10K-042", "regiao_id": 3, "regiao_nome": "São Sebastião", "sigla_rodovia": "SP-055", "escala": "10K", "tipo": "UTB", "extensao_km": 0.3335, "ordem_no_grupo": 42, "km_inicial": 155.999, "km_final": 156.339, "subtrecho_der": "055SPE2885", "municipio": "São Sebastião", "regional": "Taubaté", "residencia_dr": "DR 06", "uba_nome": "Caraguatatuba", "uba_codigo": "RC 06.04", "jurisdicao": "Estadual", "conservado_por": "05.04", "centroide_lon": -45.580287, "centroide_lat": -23.790164, "buffer_lateral_m": 1000, "icc_hid_thresholds": "60;85;110;126", "trecho_critico_hid": false, "RAHID": 1, "hazard": "hidro" }, "geometry": { "type": "LineString", "coordinates": [ [ -45.578651024379262, -23.79015346061955, 0.0 ], [ -45.581923930155838, -23.790174382207187, 0.0 ] ] } },
{ "type": "Feature", "properties": { "ua_id": "UA-R3-SSB-10K-043", "regiao_id": 3, "regiao_nome": "São Sebastião", "sigla_rodovia": "SP-055", "escala": "10K", "tipo": "UTB", "extensao_km": 0.3335, "ordem_no_grupo": 43, "km_inicial": 156.339, "km_final": 156.679, "subtrecho_der": "055SPE2885", "municipio": "São Sebastião", "regional": "Taubaté", "residencia_dr": "DR 06", "uba_nome": "Caraguatatuba", "uba_codigo": "RC 06.04", "jurisdicao": "Estadual", "conservado_por": "05.04", "centroide_lon": -45.58353, "centroide_lat": -23.790044, "buffer_lateral_m": 1000, "icc_hid_thresholds": "60;85;110;126", "trecho_critico_hid": false, "RAHID": 1, "hazard": "hidro" }, "geometry": { "type": "LineString", "coordinates": [ [ -45.581923930155838, -23.790174382207187, 0.0 ], [ -45.583103986504305, -23.790181908523355, 0.0 ], [ -45.583689895665565, -23.790153107288344, 0.0 ], [ -45.584091263204066, -23.790046319186409, 0.0 ], [ -45.58438357451324, -23.789937943020973, 0.0 ], [ -45.584776843783708, -23.789703709103957, 0.0 ], [ -45.584991927487181, -23.789505059172015, 0.0 ] ] } },
{ "type": "Feature", "properties": { "ua_id": "UA-R3-SSB-10K-044", "regiao_id": 3, "regiao_nome": "São Sebastião", "sigla_rodovia": "SP-055", "escala": "10K", "tipo": "UTB", "extensao_km": 0.216, "ordem_no_grupo": 44, "km_inicial": 156.679, "km_final": 156.899, "subtrecho_der": "055SPE2885", "municipio": "São Sebastião", "regional": "Taubaté", "residencia_dr": "DR 06", "uba_nome": "Caraguatatuba", "uba_codigo": "RC 06.04", "jurisdicao": "Estadual", "conservado_por": "05.04", "centroide_lon": -45.58567, "centroide_lat": -23.788756, "buffer_lateral_m": 1000, "icc_hid_thresholds": "60;85;110;126", "trecho_critico_hid": false, "RAHID": 1, "hazard": "hidro" }, "geometry": { "type": "LineString", "coordinates": [ [ -45.584991927487181, -23.789505059172015, 0.0 ], [ -45.585094658761214, -23.78941017690871, 0.0 ], [ -45.58633677909738, -23.787998085409797, 0.0 ] ] } },
{ "type": "Feature", "properties": { "ua_id": "UA-R3-SSB-10K-045", "regiao_id": 3, "regiao_nome": "São Sebastião", "sigla_rodovia": "SP-055", "escala": "10K", "tipo": "UTB", "extensao_km": 0.3335, "ordem_no_grupo": 45, "km_inicial": 161.604, "km_final": 161.944, "subtrecho_der": "055SPE2885", "municipio": "São Sebastião", "regional": "Taubaté", "residencia_dr": "DR 06", "uba_nome": "Caraguatatuba", "uba_codigo": "RC 06.04", "jurisdicao": "Estadual", "conservado_por": "05.04", "centroide_lon": -45.611698, "centroide_lat": -23.782448, "buffer_lateral_m": 1000, "icc_hid_thresholds": "60;85;110;126", "trecho_critico_hid": false, "RAHID": 1, "hazard": "hidro" }, "geometry": { "type": "LineString", "coordinates": [ [ -45.610225370418966, -23.782801847722332, 92.531071041528563 ], [ -45.610596732627286, -23.782765603585737, 87.428299999999581 ], [ -45.611146069730914, -23.782444705568562, 83.217499999998836 ], [ -45.611687108420931, -23.782166595093919, 79.195200000001932 ], [ -45.612264379719164, -23.782190473755822, 73.649600000004284 ], [ -45.612767038539104, -23.782442650923269, 66.15230000000156 ], [ -45.612989084552872, -23.782832794427421, 61.03806268891816 ] ] } },
{ "type": "Feature", "properties": { "ua_id": "UA-R3-SSB-10K-046", "regiao_id": 3, "regiao_nome": "São Sebastião", "sigla_rodovia": "SP-055", "escala": "10K", "tipo": "UTB", "extensao_km": 0.3335, "ordem_no_grupo": 46, "km_inicial": 161.944, "km_final": 162.284, "subtrecho_der": "055SPE2885", "municipio": "São Sebastião", "regional": "Taubaté", "residencia_dr": "DR 06", "uba_nome": "Caraguatatuba", "uba_codigo": "RC 06.04", "jurisdicao": "Estadual", "conservado_por": "05.04", "centroide_lon": -45.614496, "centroide_lat": -23.783065, "buffer_lateral_m": 1000, "icc_hid_thresholds": "60;85;110;126", "trecho_critico_hid": false, "RAHID": 1, "hazard": "hidro" }, "geometry": { "type": "LineString", "coordinates": [ [ -45.612989084552872, -23.782832794427421, 61.0380626889174 ], [ -45.613020569216516, -23.78288811398804, 60.312900000004447 ], [ -45.613526657055509, -23.783054059435909, 52.936600000000908 ], [ -45.614108076402864, -23.782916261310316, 43.995299999995041 ], [ -45.614586577093583, -23.782842923365767, 37.525899999993271 ], [ -45.614878955380632, -23.782965148236173, 0.0 ], [ -45.615637346239318, -23.783383482204297, 0.0 ], [ -45.615949700623929, -23.783577514147826, 0.0 ] ] } },
{ "type": "Feature", "properties": { "ua_id": "UA-R3-SSB-10K-047", "regiao_id": 3, "regiao_nome": "São Sebastião", "sigla_rodovia": "SP-055", "escala": "10K", "tipo": "UTB", "extensao_km": 0.3335, "ordem_no_grupo": 47, "km_inicial": 162.284, "km_final": 162.624, "subtrecho_der": "055SPE2885", "municipio": "São Sebastião", "regional": "Taubaté", "residencia_dr": "DR 06", "uba_nome": "Caraguatatuba", "uba_codigo": "RC 06.04", "jurisdicao": "Estadual", "conservado_por": "05.04", "centroide_lon": -45.61741, "centroide_lat": -23.784164, "buffer_lateral_m": 1000, "icc_hid_thresholds": "60;85;110;126", "trecho_critico_hid": false, "RAHID": 1, "hazard": "hidro" }, "geometry": { "type": "LineString", "coordinates": [ [ -45.615949700623929, -23.783577514147826, 0.0 ], [ -45.616073568152046, -23.783654459285454, 0.0 ], [ -45.617146256805299, -23.784273407981129, 0.0 ], [ -45.617861726884989, -23.784355660521346, 0.0 ], [ -45.61856184033045, -23.784393663755729, 0.0 ], [ -45.61898298334296, -23.784293832786844, 0.0 ] ] } },
{ "type": "Feature", "properties": { "ua_id": "UA-R3-SSB-10K-048", "regiao_id": 3, "regiao_nome": "São Sebastião", "sigla_rodovia": "SP-055", "escala": "10K", "tipo": "UTB", "extensao_km": 0.3335, "ordem_no_grupo": 48, "km_inicial": 162.624, "km_final": 162.963, "subtrecho_der": "055SPE2885", "municipio": "São Sebastião", "regional": "Taubaté", "residencia_dr": "DR 06", "uba_nome": "Caraguatatuba", "uba_codigo": "RC 06.04", "jurisdicao": "Estadual", "conservado_por": "05.04", "centroide_lon": -45.620534, "centroide_lat": -23.783866, "buffer_lateral_m": 1000, "icc_hid_thresholds": "60;85;110;126", "trecho_critico_hid": false, "RAHID": 1, "hazard": "hidro" }, "geometry": { "type": "LineString", "coordinates": [ [ -45.61898298334296, -23.784293832786844, 0.0 ], [ -45.619604043889105, -23.784146609468777, 0.0 ], [ -45.621203136586139, -23.783599115707901, 0.0 ], [ -45.621487789864702, -23.783516251669873, 0.0 ], [ -45.621687451775834, -23.783569531872516, 0.0 ], [ -45.621872281313514, -23.783676860510237, 0.0 ], [ -45.622029669592607, -23.78379085959423, 0.0 ] ] } },
{ "type": "Feature", "properties": { "ua_id": "UA-R3-SSB-10K-049", "regiao_id": 3, "regiao_nome": "São Sebastião", "sigla_rodovia": "SP-055", "escala": "10K", "tipo": "UTB", "extensao_km": 0.3335, "ordem_no_grupo": 49, "km_inicial": 162.963, "km_final": 163.303, "subtrecho_der": "055SPE2885", "municipio": "São Sebastião", "regional": "Taubaté", "residencia_dr": "DR 06", "uba_nome": "Caraguatatuba", "uba_codigo": "RC 06.04", "jurisdicao": "Estadual", "conservado_por": "05.04", "centroide_lon": -45.623376, "centroide_lat": -23.784598, "buffer_lateral_m": 1000, "icc_hid_thresholds": "60;85;110;126", "trecho_critico_hid": false, "RAHID": 1, "hazard": "hidro" }, "geometry": { "type": "LineString", "coordinates": [ [ -45.622029669592607, -23.78379085959423, 0.0 ], [ -45.622087417913086, -23.783832687621363, 0.0 ], [ -45.622401127144713, -23.783950608822821, 0.0 ], [ -45.622565918027782, -23.783997889003224, 0.0 ], [ -45.622802988125031, -23.784077967312768, 0.0 ], [ -45.622930814363954, -23.784147916686912, 0.0 ], [ -45.62301855346432, -23.784218600408273, 0.0 ], [ -45.623410260700403, -23.784528819675813, 0.0 ], [ -45.624568971663805, -23.785613913988726, 0.0 ] ] } },
{ "type": "Feature", "properties": { "ua_id": "UA-R3-SSB-10K-050", "regiao_id": 3, "regiao_nome": "São Sebastião", "sigla_rodovia": "SP-055", "escala": "10K", "tipo": "UTB", "extensao_km": 0.3335, "ordem_no_grupo": 50, "km_inicial": 163.303, "km_final": 163.643, "subtrecho_der": "055SPE2885", "municipio": "São Sebastião", "regional": "Taubaté", "residencia_dr": "DR 06", "uba_nome": "Caraguatatuba", "uba_codigo": "RC 06.04", "jurisdicao": "Estadual", "conservado_por": "05.04", "centroide_lon": -45.625909, "centroide_lat": -23.785429, "buffer_lateral_m": 1000, "icc_hid_thresholds": "60;85;110;126", "trecho_critico_hid": false, "RAHID": 1, "hazard": "hidro" }, "geometry": { "type": "LineString", "coordinates": [ [ -45.624568971663805, -23.785613913988726, 0.0 ], [ -45.624740386990617, -23.78577443643027, 0.0 ], [ -45.625008244708816, -23.785941982359173, 0.0 ], [ -45.625272274365685, -23.785952114202743, 0.0 ], [ -45.625523898305346, -23.785809480411558, 0.0 ], [ -45.626310783426213, -23.785255381445801, 0.0 ], [ -45.626580949819449, -23.785039803263871, 0.0 ], [ -45.626840363332718, -23.784884429460512, 0.0 ], [ -45.627230509268358, -23.784616728371713, 0.0 ] ] } },
{ "type": "Feature", "properties": { "ua_id": "UA-R3-SSB-10K-051", "regiao_id": 3, "regiao_nome": "São Sebastião", "sigla_rodovia": "SP-055", "escala": "10K", "tipo": "UTB", "extensao_km": 0.3335, "ordem_no_grupo": 51, "km_inicial": 163.643, "km_final": 163.983, "subtrecho_der": "055SPE2885", "municipio": "São Sebastião", "regional": "Taubaté", "residencia_dr": "DR 06", "uba_nome": "Caraguatatuba", "uba_codigo": "RC 06.04", "jurisdicao": "Estadual", "conservado_por": "05.04", "centroide_lon": -45.628687, "centroide_lat": -23.783945, "buffer_lateral_m": 1000, "icc_hid_thresholds": "60;85;110;126", "trecho_critico_hid": false, "RAHID": 1, "hazard": "hidro" }, "geometry": { "type": "LineString", "coordinates": [ [ -45.627230509268358, -23.784616728371713, 0.0 ], [ -45.627390539757805, -23.784506921846958, 0.0 ], [ -45.627678297213777, -23.784343813435608, 0.0 ], [ -45.628094978091625, -23.784144412512099, 0.0 ], [ -45.628550740811654, -23.783954354927147, 0.0 ], [ -45.6292539599362, -23.783701148472257, 0.0 ], [ -45.630215747791461, -23.783417246483591, 0.0 ] ] } },
{ "type": "Feature", "properties": { "ua_id": "UA-R3-SSB-10K-052", "regiao_id": 3, "regiao_nome": "São Sebastião", "sigla_rodovia": "SP-055", "escala": "10K", "tipo": "UTB", "extensao_km": 0.3335, "ordem_no_grupo": 52, "km_inicial": 163.983, "km_final": 164.323, "subtrecho_der": "055SPE2885", "municipio": "São Sebastião", "regional": "Taubaté", "residencia_dr": "DR 06", "uba_nome": "Caraguatatuba", "uba_codigo": "RC 06.04", "jurisdicao": "Estadual", "conservado_por": "05.04", "centroide_lon": -45.631816, "centroide_lat": -23.783125, "buffer_lateral_m": 1000, "icc_hid_thresholds": "60;85;110;126", "trecho_critico_hid": false, "RAHID": 1, "hazard": "hidro" }, "geometry": { "type": "LineString", "coordinates": [ [ -45.630215747791461, -23.783417246483591, 0.0 ], [ -45.63062464801817, -23.783296544521093, 0.0 ], [ -45.630998360768636, -23.783208232112329, 0.0 ], [ -45.633436025570433, -23.782921318003769, 0.0 ] ] } },
{ "type": "Feature", "properties": { "ua_id": "UA-R3-SSB-10K-053", "regiao_id": 3, "regiao_nome": "São Sebastião", "sigla_rodovia": "SP-055", "escala": "10K", "tipo": "UTB", "extensao_km": 0.3335, "ordem_no_grupo": 53, "km_inicial": 164.323, "km_final": 164.663, "subtrecho_der": "055SPE2885", "municipio": "São Sebastião", "regional": "Taubaté", "residencia_dr": "DR 06", "uba_nome": "Caraguatatuba", "uba_codigo": "RC 06.04", "jurisdicao": "Estadual", "conservado_por": "05.04", "centroide_lon": -45.635061, "centroide_lat": -23.782752, "buffer_lateral_m": 1000, "icc_hid_thresholds": "60;85;110;126", "trecho_critico_hid": false, "RAHID": 1, "hazard": "hidro" }, "geometry": { "type": "LineString", "coordinates": [ [ -45.633436025570433, -23.782921318003769, 0.0 ], [ -45.635390226007445, -23.782691279209846, 0.0 ], [ -45.636382182209438, -23.782656355185441, 0.0 ], [ -45.636692147542618, -23.782656775596621, 0.0 ] ] } },
{ "type": "Feature", "properties": { "ua_id": "UA-R3-SSB-10K-054", "regiao_id": 3, "regiao_nome": "São Sebastião", "sigla_rodovia": "SP-055", "escala": "10K", "tipo": "UTB", "extensao_km": 0.3335, "ordem_no_grupo": 54, "km_inicial": 164.663, "km_final": 165.003, "subtrecho_der": "055SPE2885", "municipio": "São Sebastião", "regional": "Taubaté", "residencia_dr": "DR 06", "uba_nome": "Caraguatatuba", "uba_codigo": "RC 06.04", "jurisdicao": "Estadual", "conservado_por": "05.04", "centroide_lon": -45.638311, "centroide_lat": -23.782643, "buffer_lateral_m": 1000, "icc_hid_thresholds": "60;85;110;126", "trecho_critico_hid": false, "RAHID": 1, "hazard": "hidro" }, "geometry": { "type": "LineString", "coordinates": [ [ -45.636692147542618, -23.782656775596621, 0.0 ], [ -45.637182575989705, -23.782657439501516, 0.0 ], [ -45.637775776200002, -23.782642453575153, 0.0 ], [ -45.638418755431289, -23.782652337402236, 0.0 ], [ -45.639329470135323, -23.782729905804675, 0.0 ], [ -45.639667191471524, -23.782521031392374, 0.0 ], [ -45.639689093173239, -23.782315578432694, 0.0 ] ] } },
{ "type": "Feature", "properties": { "ua_id": "UA-R3-SSB-10K-055", "regiao_id": 3, "regiao_nome": "São Sebastião", "sigla_rodovia": "SP-055", "escala": "10K", "tipo": "UTB", "extensao_km": 0.3335, "ordem_no_grupo": 55, "km_inicial": 165.003, "km_final": 165.343, "subtrecho_der": "055SPE2885", "municipio": "São Sebastião", "regional": "Taubaté", "residencia_dr": "DR 06", "uba_nome": "Caraguatatuba", "uba_codigo": "RC 06.04", "jurisdicao": "Estadual", "conservado_por": "05.04", "centroide_lon": -45.640119, "centroide_lat": -23.780912, "buffer_lateral_m": 1000, "icc_hid_thresholds": "60;85;110;126", "trecho_critico_hid": false, "RAHID": 1, "hazard": "hidro" }, "geometry": { "type": "LineString", "coordinates": [ [ -45.639689093173239, -23.782315578432694, 0.0 ], [ -45.639738710343828, -23.781850133262598, 0.0 ], [ -45.639748393280883, -23.781541098878293, 0.0 ], [ -45.639874955116042, -23.781300081100653, 0.0 ], [ -45.639971148079944, -23.781128979842396, 0.0 ], [ -45.640304760471658, -23.780776111382313, 0.0 ], [ -45.640452914914199, -23.780332759113712, 0.0 ], [ -45.640435000598934, -23.779809673727915, 0.0 ], [ -45.640598236097873, -23.779527506714818, 0.0 ] ] } },
{ "type": "Feature", "properties": { "ua_id": "UA-R3-SSB-10K-056", "regiao_id": 3, "regiao_nome": "São Sebastião", "sigla_rodovia": "SP-055", "escala": "10K", "tipo": "UTB", "extensao_km": 0.3335, "ordem_no_grupo": 56, "km_inicial": 165.343, "km_final": 165.682, "subtrecho_der": "055SPE2885", "municipio": "São Sebastião", "regional": "Taubaté", "residencia_dr": "DR 06", "uba_nome": "Caraguatatuba", "uba_codigo": "RC 06.04", "jurisdicao": "Estadual", "conservado_por": "05.04", "centroide_lon": -45.64113, "centroide_lat": -23.778189, "buffer_lateral_m": 1000, "icc_hid_thresholds": "60;85;110;126", "trecho_critico_hid": false, "RAHID": 1, "hazard": "hidro" }, "geometry": { "type": "LineString", "coordinates": [ [ -45.640598236097873, -23.779527506714818, 0.0 ], [ -45.640680861588272, -23.779384680717968, 0.0 ], [ -45.640888835182949, -23.778980765922022, 0.0 ], [ -45.640985245045641, -23.778137657351486, 0.0 ], [ -45.641374832472117, -23.777960293129599, 0.0 ], [ -45.641498029073382, -23.777700344281765, 0.0 ], [ -45.64148144134586, -23.777378353016591, 0.0 ], [ -45.641417467802768, -23.776888866058808, 0.0 ], [ -45.641399325873913, -23.776835151105946, 0.0 ] ] } },
{ "type": "Feature", "properties": { "ua_id": "UA-R3-SSB-10K-057", "regiao_id": 3, "regiao_nome": "São Sebastião", "sigla_rodovia": "SP-055", "escala": "10K", "tipo": "UTB", "extensao_km": 0.3335, "ordem_no_grupo": 57, "km_inicial": 165.682, "km_final": 166.027, "subtrecho_der": "055SPE2885", "municipio": "São Sebastião", "regional": "Taubaté", "residencia_dr": "DR 06", "uba_nome": "Caraguatatuba", "uba_codigo": "RC 06.04", "jurisdicao": "Estadual", "conservado_por": "05.04", "centroide_lon": -45.640598, "centroide_lat": -23.775536, "buffer_lateral_m": 1000, "icc_hid_thresholds": "60;85;110;126", "trecho_critico_hid": false, "RAHID": 1, "hazard": "hidro" }, "geometry": { "type": "LineString", "coordinates": [ [ -45.641399325873913, -23.776835151105946, 0.0 ], [ -45.641292429551456, -23.776518649546549, 0.0 ], [ -45.641138202940034, -23.776267079380744, 0.0 ], [ -45.640992690392871, -23.776064639215541, 0.0 ], [ -45.640260578071931, -23.775128111888247, 0.0 ], [ -45.640044159288664, -23.774783860641431, 0.0 ], [ -45.639889345910213, -23.774395687322134, 0.0 ], [ -45.639850997280348, -23.774215279208825, 0.0 ] ] } },
{ "type": "Feature", "properties": { "ua_id": "UA-R3-SSB-10K-058", "regiao_id": 3, "regiao_nome": "São Sebastião", "sigla_rodovia": "SP-055", "escala": "10K", "tipo": "UTB", "extensao_km": 0.3335, "ordem_no_grupo": 58, "km_inicial": 166.027, "km_final": 166.382, "subtrecho_der": "055SPE8937", "municipio": "São Sebastião", "regional": "Taubaté", "residencia_dr": "DR 06", "uba_nome": "Caraguatatuba", "uba_codigo": "RC 06.04", "jurisdicao": "Estadual", "conservado_por": "05.04", "centroide_lon": -45.639186, "centroide_lat": -23.77293, "buffer_lateral_m": 1000, "icc_hid_thresholds": "60;85;110;126", "trecho_critico_hid": false, "RAHID": 1, "hazard": "hidro" }, "geometry": { "type": "LineString", "coordinates": [ [ -45.639850997280348, -23.774215279208825, 0.0 ], [ -45.639706372045211, -23.773534896285412, 0.0 ], [ -45.639543541280823, -23.77311377967029, 0.0 ], [ -45.639121176730455, -23.772892932520527, 0.0 ], [ -45.63875321334551, -23.772594812076843, 0.0 ], [ -45.638587995963938, -23.772128137985579, 0.0 ], [ -45.638512673878104, -23.771659561960075, 0.0 ], [ -45.638513529519194, -23.771650840558856, 0.0 ] ] } },
{ "type": "Feature", "properties": { "ua_id": "UA-R3-SSB-10K-059", "regiao_id": 3, "regiao_nome": "São Sebastião", "sigla_rodovia": "SP-055", "escala": "10K", "tipo": "UTB", "extensao_km": 0.3335, "ordem_no_grupo": 59, "km_inicial": 166.382, "km_final": 166.736, "subtrecho_der": "055SPE8937", "municipio": "São Sebastião", "regional": "Taubaté", "residencia_dr": "DR 06", "uba_nome": "Caraguatatuba", "uba_codigo": "RC 06.04", "jurisdicao": "Estadual", "conservado_por": "05.04", "centroide_lon": -45.639197, "centroide_lat": -23.770328, "buffer_lateral_m": 1000, "icc_hid_thresholds": "60;85;110;126", "trecho_critico_hid": false, "RAHID": 1, "hazard": "hidro" }, "geometry": { "type": "LineString", "coordinates": [ [ -45.638513529519194, -23.771650840558856, 0.0 ], [ -45.638559887362057, -23.771178321575547, 0.0 ], [ -45.638721560916302, -23.770912473665586, 0.0 ], [ -45.638774851938585, -23.770803875431604, 0.0 ], [ -45.639398267226568, -23.769973420671686, 0.0 ], [ -45.640002396712802, -23.769304090002329, 0.0 ], [ -45.640182114209352, -23.769138591988074, 0.0 ] ] } },
{ "type": "Feature", "properties": { "ua_id": "UA-R3-SSB-10K-060", "regiao_id": 3, "regiao_nome": "São Sebastião", "sigla_rodovia": "SP-055", "escala": "10K", "tipo": "UTB", "extensao_km": 0.3335, "ordem_no_grupo": 60, "km_inicial": 166.736, "km_final": 167.09, "subtrecho_der": "055SPE8937", "municipio": "São Sebastião", "regional": "Taubaté", "residencia_dr": "DR 06", "uba_nome": "Caraguatatuba", "uba_codigo": "RC 06.04", "jurisdicao": "Estadual", "conservado_por": "05.04", "centroide_lon": -45.641683, "centroide_lat": -23.768652, "buffer_lateral_m": 1000, "icc_hid_thresholds": "60;85;110;126", "trecho_critico_hid": false, "RAHID": 1, "hazard": "hidro" }, "geometry": { "type": "LineString", "coordinates": [ [ -45.640182114209352, -23.769138591988074, 0.0 ], [ -45.640244216458164, -23.769081403205515, 0.0 ], [ -45.6402832022615, -23.769047356130248, 0.0 ], [ -45.640766616832671, -23.76877894967765, 0.0 ], [ -45.640823974927905, -23.768747494482131, 0.0 ], [ -45.641466132882933, -23.768578200568506, 0.0 ], [ -45.641752598872728, -23.768558901511305, 0.0 ], [ -45.642025769652818, -23.768540712280792, 0.0 ], [ -45.643294941844488, -23.768489809702256, 0.0 ] ] } },
{ "type": "Feature", "properties": { "ua_id": "UA-R3-SSB-10K-061", "regiao_id": 3, "regiao_nome": "São Sebastião", "sigla_rodovia": "SP-055", "escala": "10K", "tipo": "UTB", "extensao_km": 0.3335, "ordem_no_grupo": 61, "km_inicial": 167.09, "km_final": 167.445, "subtrecho_der": "055SPE8937", "municipio": "São Sebastião", "regional": "Taubaté", "residencia_dr": "DR 06", "uba_nome": "Caraguatatuba", "uba_codigo": "RC 06.04", "jurisdicao": "Estadual", "conservado_por": "05.04", "centroide_lon": -45.64493, "centroide_lat": -23.768424, "buffer_lateral_m": 1000, "icc_hid_thresholds": "60;85;110;126", "trecho_critico_hid": false, "RAHID": 1, "hazard": "hidro" }, "geometry": { "type": "LineString", "coordinates": [ [ -45.643294941844488, -23.768489809702256, 0.0 ], [ -45.646564244140649, -23.768358639909724, 0.0 ] ] } },
{ "type": "Feature", "properties": { "ua_id": "UA-R3-SSB-10K-062", "regiao_id": 3, "regiao_nome": "São Sebastião", "sigla_rodovia": "SP-055", "escala": "10K", "tipo": "UTB", "extensao_km": 0.3335, "ordem_no_grupo": 62, "km_inicial": 167.445, "km_final": 167.799, "subtrecho_der": "055SPE8937", "municipio": "São Sebastião", "regional": "Taubaté", "residencia_dr": "DR 06", "uba_nome": "Caraguatatuba", "uba_codigo": "RC 06.04", "jurisdicao": "Estadual", "conservado_por": "05.04", "centroide_lon": -45.648108, "centroide_lat": -23.767969, "buffer_lateral_m": 1000, "icc_hid_thresholds": "60;85;110;126", "trecho_critico_hid": false, "RAHID": 1, "hazard": "hidro" }, "geometry": { "type": "LineString", "coordinates": [ [ -45.646564244140649, -23.768358639909724, 0.0 ], [ -45.646990195197198, -23.768341544941876, 0.0 ], [ -45.647571241560996, -23.768279419921747, 0.0 ], [ -45.648043724591453, -23.768103405529054, 0.0 ], [ -45.648415169618453, -23.767850365787382, 0.0 ], [ -45.649491138177794, -23.767383634778898, 0.0 ], [ -45.649564680759212, -23.767321614680732, 0.0 ] ] } },
{ "type": "Feature", "properties": { "ua_id": "UA-R3-SSB-10K-063", "regiao_id": 3, "regiao_nome": "São Sebastião", "sigla_rodovia": "SP-055", "escala": "10K", "tipo": "UTB", "extensao_km": 0.3335, "ordem_no_grupo": 63, "km_inicial": 167.799, "km_final": 168.154, "subtrecho_der": "055SPE8937", "municipio": "São Sebastião", "regional": "Taubaté", "residencia_dr": "DR 06", "uba_nome": "Caraguatatuba", "uba_codigo": "RC 06.04", "jurisdicao": "Estadual", "conservado_por": "05.04", "centroide_lon": -45.650771, "centroide_lat": -23.766304, "buffer_lateral_m": 1000, "icc_hid_thresholds": "60;85;110;126", "trecho_critico_hid": false, "RAHID": 1, "hazard": "hidro" }, "geometry": { "type": "LineString", "coordinates": [ [ -45.649564680759212, -23.767321614680732, 0.0 ], [ -45.65197732899351, -23.765286923123639, 0.0 ] ] } },
{ "type": "Feature", "properties": { "ua_id": "UA-R3-SSB-10K-064", "regiao_id": 3, "regiao_nome": "São Sebastião", "sigla_rodovia": "SP-055", "escala": "10K", "tipo": "UTB", "extensao_km": 0.3335, "ordem_no_grupo": 64, "km_inicial": 168.154, "km_final": 168.508, "subtrecho_der": "055SPE8937", "municipio": "São Sebastião", "regional": "Taubaté", "residencia_dr": "DR 06", "uba_nome": "Caraguatatuba", "uba_codigo": "RC 06.04", "jurisdicao": "Estadual", "conservado_por": "05.04", "centroide_lon": -45.653272, "centroide_lat": -23.764381, "buffer_lateral_m": 1000, "icc_hid_thresholds": "60;85;110;126", "trecho_critico_hid": false, "RAHID": 1, "hazard": "hidro" }, "geometry": { "type": "LineString", "coordinates": [ [ -45.65197732899351, -23.765286923123639, 0.0 ], [ -45.652829633066844, -23.764568113997729, 0.0 ], [ -45.65356958501242, -23.764159808733631, 0.0 ], [ -45.654676765052358, -23.763618815611636, 0.0 ] ] } },
{ "type": "Feature", "properties": { "ua_id": "UA-R3-SSB-10K-065", "regiao_id": 3, "regiao_nome": "São Sebastião", "sigla_rodovia": "SP-055", "escala": "10K", "tipo": "UTB", "extensao_km": 0.3335, "ordem_no_grupo": 65, "km_inicial": 168.508, "km_final": 168.863, "subtrecho_der": "055SPE8937", "municipio": "São Sebastião", "regional": "Taubaté", "residencia_dr": "DR 06", "uba_nome": "Caraguatatuba", "uba_codigo": "RC 06.04", "jurisdicao": "Estadual", "conservado_por": "05.04", "centroide_lon": -45.65623, "centroide_lat": -23.763146, "buffer_lateral_m": 1000, "icc_hid_thresholds": "60;85;110;126", "trecho_critico_hid": false, "RAHID": 1, "hazard": "hidro" }, "geometry": { "type": "LineString", "coordinates": [ [ -45.654676765052358, -23.763618815611636, 0.0 ], [ -45.654702500613332, -23.763606240489995, 0.0 ], [ -45.65778457257705, -23.76267727292996, 0.0 ] ] } },
{ "type": "Feature", "properties": { "ua_id": "UA-R3-SSB-10K-066", "regiao_id": 3, "regiao_nome": "São Sebastião", "sigla_rodovia": "SP-055", "escala": "10K", "tipo": "UTB", "extensao_km": 0.3335, "ordem_no_grupo": 66, "km_inicial": 168.863, "km_final": 169.217, "subtrecho_der": "055SPE8937", "municipio": "São Sebastião", "regional": "Taubaté", "residencia_dr": "DR 06", "uba_nome": "Caraguatatuba", "uba_codigo": "RC 06.04", "jurisdicao": "Estadual", "conservado_por": "05.04", "centroide_lon": -45.65934, "centroide_lat": -23.762211, "buffer_lateral_m": 1000, "icc_hid_thresholds": "60;85;110;126", "trecho_critico_hid": false, "RAHID": 1, "hazard": "hidro" }, "geometry": { "type": "LineString", "coordinates": [ [ -45.65778457257705, -23.76267727292996, 0.0 ], [ -45.658363828878748, -23.762502670951115, 0.0 ], [ -45.659564446135242, -23.762147172120024, 0.0 ], [ -45.660894882572066, -23.761741639349381, 0.0 ] ] } },
{ "type": "Feature", "properties": { "ua_id": "UA-R3-SSB-10K-067", "regiao_id": 3, "regiao_nome": "São Sebastião", "sigla_rodovia": "SP-055", "escala": "10K", "tipo": "UTB", "extensao_km": 0.3335, "ordem_no_grupo": 67, "km_inicial": 169.217, "km_final": 169.571, "subtrecho_der": "055SPE8937", "municipio": "São Sebastião", "regional": "Taubaté", "residencia_dr": "DR 06", "uba_nome": "Caraguatatuba", "uba_codigo": "RC 06.04", "jurisdicao": "Estadual", "conservado_por": "05.04", "centroide_lon": -45.662446, "centroide_lat": -23.761263, "buffer_lateral_m": 1000, "icc_hid_thresholds": "60;85;110;126", "trecho_critico_hid": false, "RAHID": 1, "hazard": "hidro" }, "geometry": { "type": "LineString", "coordinates": [ [ -45.660894882572066, -23.761741639349381, 0.0 ], [ -45.661340648985806, -23.761605761364237, 0.0 ], [ -45.663996653319224, -23.760782303102516, 0.0 ] ] } },
{ "type": "Feature", "properties": { "ua_id": "UA-R3-SSB-10K-068", "regiao_id": 3, "regiao_nome": "São Sebastião", "sigla_rodovia": "SP-055", "escala": "10K", "tipo": "UTB", "extensao_km": 0.3335, "ordem_no_grupo": 68, "km_inicial": 169.571, "km_final": 169.926, "subtrecho_der": "055SPE8937", "municipio": "São Sebastião", "regional": "Taubaté", "residencia_dr": "DR 06", "uba_nome": "Caraguatatuba", "uba_codigo": "RC 06.04", "jurisdicao": "Estadual", "conservado_por": "05.04", "centroide_lon": -45.665549, "centroide_lat": -23.760306, "buffer_lateral_m": 1000, "icc_hid_thresholds": "60;85;110;126", "trecho_critico_hid": false, "RAHID": 1, "hazard": "hidro" }, "geometry": { "type": "LineString", "coordinates": [ [ -45.663996653319224, -23.760782303102516, 0.0 ], [ -45.665720480768442, -23.760247823882931, 0.0 ], [ -45.667105328886841, -23.759842489793922, 0.0 ] ] } },
{ "type": "Feature", "properties": { "ua_id": "UA-R3-SSB-10K-069", "regiao_id": 3, "regiao_nome": "São Sebastião", "sigla_rodovia": "SP-055", "escala": "10K", "tipo": "UTB", "extensao_km": 0.3335, "ordem_no_grupo": 69, "km_inicial": 169.926, "km_final": 170.28, "subtrecho_der": "055SPE8937", "municipio": "São Sebastião", "regional": "Taubaté", "residencia_dr": "DR 06", "uba_nome": "Caraguatatuba", "uba_codigo": "RC 06.04", "jurisdicao": "Estadual", "conservado_por": "05.04", "centroide_lon": -45.668663, "centroide_lat": -23.759381, "buffer_lateral_m": 1000, "icc_hid_thresholds": "60;85;110;126", "trecho_critico_hid": false, "RAHID": 1, "hazard": "hidro" }, "geometry": { "type": "LineString", "coordinates": [ [ -45.667105328886841, -23.759842489793922, 0.0 ], [ -45.668492791043612, -23.759436375714298, 0.0 ], [ -45.669901357648378, -23.759007188314765, 0.0 ], [ -45.670218313129865, -23.758914728426547, 0.0 ] ] } },
{ "type": "Feature", "properties": { "ua_id": "UA-R3-SSB-10K-070", "regiao_id": 3, "regiao_nome": "São Sebastião", "sigla_rodovia": "SP-055", "escala": "10K", "tipo": "UTB", "extensao_km": 0.3335, "ordem_no_grupo": 70, "km_inicial": 170.28, "km_final": 170.635, "subtrecho_der": "055SPE8937", "municipio": "São Sebastião", "regional": "Taubaté", "residencia_dr": "DR 06", "uba_nome": "Caraguatatuba", "uba_codigo": "RC 06.04", "jurisdicao": "Estadual", "conservado_por": "05.04", "centroide_lon": -45.671783, "centroide_lat": -23.758481, "buffer_lateral_m": 1000, "icc_hid_thresholds": "60;85;110;126", "trecho_critico_hid": false, "RAHID": 1, "hazard": "hidro" }, "geometry": { "type": "LineString", "coordinates": [ [ -45.670218313129865, -23.758914728426547, 0.0 ], [ -45.672354249141094, -23.758291628863041, 0.0 ], [ -45.673200685261783, -23.758161464867392, 0.0 ], [ -45.673373961365343, -23.758157700831521, 0.0 ] ] } },
{ "type": "Feature", "properties": { "ua_id": "UA-R3-SSB-10K-071", "regiao_id": 3, "regiao_nome": "São Sebastião", "sigla_rodovia": "SP-055", "escala": "10K", "tipo": "UTB", "extensao_km": 0.3335, "ordem_no_grupo": 71, "km_inicial": 170.635, "km_final": 170.989, "subtrecho_der": "055SPE8937", "municipio": "São Sebastião", "regional": "Taubaté", "residencia_dr": "DR 06", "uba_nome": "Caraguatatuba", "uba_codigo": "RC 06.04", "jurisdicao": "Estadual", "conservado_por": "05.04", "centroide_lon": -45.674977, "centroide_lat": -23.758339, "buffer_lateral_m": 1000, "icc_hid_thresholds": "60;85;110;126", "trecho_critico_hid": false, "RAHID": 1, "hazard": "hidro" }, "geometry": { "type": "LineString", "coordinates": [ [ -45.673373961365343, -23.758157700831521, 0.0 ], [ -45.674019535142918, -23.7581436754731, 0.0 ], [ -45.675206506746939, -23.758261913892721, 0.0 ], [ -45.676467343497222, -23.758797259511262, 0.0 ], [ -45.676505567373944, -23.7588172355197, 0.0 ] ] } },
{ "type": "Feature", "properties": { "ua_id": "UA-R3-SSB-10K-072", "regiao_id": 3, "regiao_nome": "São Sebastião", "sigla_rodovia": "SP-055", "escala": "10K", "tipo": "UTB", "extensao_km": 0.3335, "ordem_no_grupo": 72, "km_inicial": 170.989, "km_final": 171.344, "subtrecho_der": "055SPE8937", "municipio": "São Sebastião", "regional": "Taubaté", "residencia_dr": "DR 06", "uba_nome": "Caraguatatuba", "uba_codigo": "RC 06.04", "jurisdicao": "Estadual", "conservado_por": "05.04", "centroide_lon": -45.677777, "centroide_lat": -23.75974, "buffer_lateral_m": 1000, "icc_hid_thresholds": "60;85;110;126", "trecho_critico_hid": false, "RAHID": 1, "hazard": "hidro" }, "geometry": { "type": "LineString", "coordinates": [ [ -45.676505567373944, -23.7588172355197, 0.0 ], [ -45.677121480485454, -23.759139112927237, 0.0 ], [ -45.677782968971016, -23.759627720527224, 0.0 ], [ -45.678243744928523, -23.760101079834126, 0.0 ], [ -45.678852934136479, -23.760846777073294, 0.0 ], [ -45.678858035869851, -23.76085633046107, 0.0 ] ] } },
{ "type": "Feature", "properties": { "ua_id": "UA-R3-SSB-10K-073", "regiao_id": 3, "regiao_nome": "São Sebastião", "sigla_rodovia": "SP-055", "escala": "10K", "tipo": "UTB", "extensao_km": 0.3335, "ordem_no_grupo": 73, "km_inicial": 171.344, "km_final": 171.698, "subtrecho_der": "055SPE8937", "municipio": "São Sebastião", "regional": "Taubaté", "residencia_dr": "DR 06", "uba_nome": "Caraguatatuba", "uba_codigo": "RC 06.04", "jurisdicao": "Estadual", "conservado_por": "05.04", "centroide_lon": -45.67954, "centroide_lat": -23.762225, "buffer_lateral_m": 1000, "icc_hid_thresholds": "60;85;110;126", "trecho_critico_hid": false, "RAHID": 1, "hazard": "hidro" }, "geometry": { "type": "LineString", "coordinates": [ [ -45.678858035869851, -23.76085633046107, 0.0 ], [ -45.679290166575633, -23.761665522539371, 0.0 ], [ -45.680186963655274, -23.763607469292172, 0.0 ] ] } },
{ "type": "Feature", "properties": { "ua_id": "UA-R3-SSB-10K-074", "regiao_id": 3, "regiao_nome": "São Sebastião", "sigla_rodovia": "SP-055", "escala": "10K", "tipo": "UTB", "extensao_km": 0.3335, "ordem_no_grupo": 74, "km_inicial": 171.698, "km_final": 172.053, "subtrecho_der": "055SPE8937", "municipio": "São Sebastião", "regional": "Taubaté", "residencia_dr": "DR 06", "uba_nome": "Caraguatatuba", "uba_codigo": "RC 06.04", "jurisdicao": "Estadual", "conservado_por": "05.04", "centroide_lon": -45.68082, "centroide_lat": -23.764996, "buffer_lateral_m": 1000, "icc_hid_thresholds": "60;85;110;126", "trecho_critico_hid": false, "RAHID": 1, "hazard": "hidro" }, "geometry": { "type": "LineString", "coordinates": [ [ -45.680186963655274, -23.763607469292172, 0.0 ], [ -45.680912555976668, -23.765178637190772, 0.0 ], [ -45.681302863775677, -23.766107642876815, 0.0 ], [ -45.681467919381276, -23.766376138095701, 0.0 ] ] } },
{ "type": "Feature", "properties": { "ua_id": "UA-R3-SSB-10K-075", "regiao_id": 3, "regiao_nome": "São Sebastião", "sigla_rodovia": "SP-055", "escala": "10K", "tipo": "UTB", "extensao_km": 0.3335, "ordem_no_grupo": 75, "km_inicial": 172.053, "km_final": 172.407, "subtrecho_der": "055SPE8937", "municipio": "São Sebastião", "regional": "Taubaté", "residencia_dr": "DR 06", "uba_nome": "Caraguatatuba", "uba_codigo": "RC 06.04", "jurisdicao": "Estadual", "conservado_por": "05.04", "centroide_lon": -45.682491, "centroide_lat": -23.767535, "buffer_lateral_m": 1000, "icc_hid_thresholds": "60;85;110;126", "trecho_critico_hid": false, "RAHID": 1, "hazard": "hidro" }, "geometry": { "type": "LineString", "coordinates": [ [ -45.681467919381276, -23.766376138095701, 0.0 ], [ -45.681698935083119, -23.766751928093488, 0.0 ], [ -45.682178622745681, -23.767325748268249, 0.0 ], [ -45.682680027332012, -23.767798508186484, 0.0 ], [ -45.683164517631525, -23.768164006972533, 0.0 ], [ -45.683664710199849, -23.768509747164764, 0.0 ], [ -45.683706145529456, -23.768529687923373, 0.0 ] ] } },
{ "type": "Feature", "properties": { "ua_id": "UA-R3-SSB-10K-076", "regiao_id": 3, "regiao_nome": "São Sebastião", "sigla_rodovia": "SP-055", "escala": "10K", "tipo": "UTB", "extensao_km": 0.3335, "ordem_no_grupo": 76, "km_inicial": 172.407, "km_final": 172.761, "subtrecho_der": "055SPE8937", "municipio": "São Sebastião", "regional": "Taubaté", "residencia_dr": "DR 06", "uba_nome": "Caraguatatuba", "uba_codigo": "RC 06.04", "jurisdicao": "Estadual", "conservado_por": "05.04", "centroide_lon": -45.685161, "centroide_lat": -23.769218, "buffer_lateral_m": 1000, "icc_hid_thresholds": "60;85;110;126", "trecho_critico_hid": false, "RAHID": 1, "hazard": "hidro" }, "geometry": { "type": "LineString", "coordinates": [ [ -45.683706145529456, -23.768529687923373, 0.0 ], [ -45.684352308190505, -23.768840651545705, 0.0 ], [ -45.685459431786526, -23.769352769274445, 0.0 ], [ -45.686436071881182, -23.769827904529951, 0.0 ], [ -45.686624807338788, -23.769887254467754, 0.0 ] ] } },
{ "type": "Feature", "properties": { "ua_id": "UA-R3-SSB-10K-077", "regiao_id": 3, "regiao_nome": "São Sebastião", "sigla_rodovia": "SP-055", "escala": "10K", "tipo": "UTB", "extensao_km": 0.3335, "ordem_no_grupo": 77, "km_inicial": 172.761, "km_final": 173.116, "subtrecho_der": "055SPE8937", "municipio": "São Sebastião", "regional": "Taubaté", "residencia_dr": "DR 06", "uba_nome": "Caraguatatuba", "uba_codigo": "RC 06.04", "jurisdicao": "Estadual", "conservado_por": "05.04", "centroide_lon": -45.688206, "centroide_lat": -23.769861, "buffer_lateral_m": 1000, "icc_hid_thresholds": "60;85;110;126", "trecho_critico_hid": false, "RAHID": 1, "hazard": "hidro" }, "geometry": { "type": "LineString", "coordinates": [ [ -45.686624807338788, -23.769887254467754, 0.0 ], [ -45.687108899026548, -23.770039481103609, 0.0 ], [ -45.687752084340069, -23.770060898793169, 0.0 ], [ -45.688217737404415, -23.769943458540187, 0.0 ], [ -45.688968249126724, -23.769739385374415, 0.0 ], [ -45.689760885537638, -23.769452216260021, 0.0 ] ] } },
{ "type": "Feature", "properties": { "ua_id": "UA-R3-SSB-10K-078", "regiao_id": 3, "regiao_nome": "São Sebastião", "sigla_rodovia": "SP-055", "escala": "10K", "tipo": "UTB", "extensao_km": 0.3335, "ordem_no_grupo": 78, "km_inicial": 173.116, "km_final": 173.47, "subtrecho_der": "055SPE8937", "municipio": "São Sebastião", "regional": "Taubaté", "residencia_dr": "DR 06", "uba_nome": "Caraguatatuba", "uba_codigo": "RC 06.04", "jurisdicao": "Estadual", "conservado_por": "05.04", "centroide_lon": -45.691105, "centroide_lat": -23.768611, "buffer_lateral_m": 1000, "icc_hid_thresholds": "60;85;110;126", "trecho_critico_hid": false, "RAHID": 1, "hazard": "hidro" }, "geometry": { "type": "LineString", "coordinates": [ [ -45.689760885537638, -23.769452216260021, 0.0 ], [ -45.690041914980192, -23.769350399105932, 0.0 ], [ -45.691733043307195, -23.768139674064408, 0.0 ], [ -45.692228984843545, -23.767922086825696, 0.0 ], [ -45.692484229218365, -23.767819747612368, 0.0 ] ] } },
{ "type": "Feature", "properties": { "ua_id": "UA-R3-SSB-10K-079", "regiao_id": 3, "regiao_nome": "São Sebastião", "sigla_rodovia": "SP-055", "escala": "10K", "tipo": "UTB", "extensao_km": 0.3335, "ordem_no_grupo": 79, "km_inicial": 173.47, "km_final": 173.825, "subtrecho_der": "055SPE8937", "municipio": "São Sebastião", "regional": "Taubaté", "residencia_dr": "DR 06", "uba_nome": "Caraguatatuba", "uba_codigo": "RC 06.04", "jurisdicao": "Estadual", "conservado_por": "05.04", "centroide_lon": -45.694071, "centroide_lat": -23.767564, "buffer_lateral_m": 1000, "icc_hid_thresholds": "60;85;110;126", "trecho_critico_hid": false, "RAHID": 1, "hazard": "hidro" }, "geometry": { "type": "LineString", "coordinates": [ [ -45.692484229218365, -23.767819747612368, 0.0 ], [ -45.692867921286478, -23.767665906722037, 0.0 ], [ -45.693891276742917, -23.767476559002745, 0.0 ], [ -45.694673614924447, -23.767475265611402, 0.0 ], [ -45.695686974243984, -23.767627442781208, 0.0 ], [ -45.695687818519822, -23.76762774634841, 0.0 ] ] } },
{ "type": "Feature", "properties": { "ua_id": "UA-R3-SSB-10K-080", "regiao_id": 3, "regiao_nome": "São Sebastião", "sigla_rodovia": "SP-055", "escala": "10K", "tipo": "UTB", "extensao_km": 0.3335, "ordem_no_grupo": 80, "km_inicial": 173.825, "km_final": 174.179, "subtrecho_der": "055SPE8937", "municipio": "São Sebastião", "regional": "Taubaté", "residencia_dr": "DR 06", "uba_nome": "Caraguatatuba", "uba_codigo": "RC 06.04", "jurisdicao": "Estadual", "conservado_por": "05.04", "centroide_lon": -45.697181, "centroide_lat": -23.76824, "buffer_lateral_m": 1000, "icc_hid_thresholds": "60;85;110;126", "trecho_critico_hid": false, "RAHID": 1, "hazard": "hidro" }, "geometry": { "type": "LineString", "coordinates": [ [ -45.695687818519822, -23.76762774634841, 0.0 ], [ -45.696473221434154, -23.767910142609434, 0.0 ], [ -45.697116059376761, -23.76819435626123, 0.0 ], [ -45.698648715735786, -23.76890464113686, 0.0 ] ] } },
{ "type": "Feature", "properties": { "ua_id": "UA-R3-SSB-10K-081", "regiao_id": 3, "regiao_nome": "São Sebastião", "sigla_rodovia": "SP-055", "escala": "10K", "tipo": "UTB", "extensao_km": 0.3335, "ordem_no_grupo": 81, "km_inicial": 174.179, "km_final": 174.534, "subtrecho_der": "055SPE8937", "municipio": "São Sebastião", "regional": "Taubaté", "residencia_dr": "DR 06", "uba_nome": "Caraguatatuba", "uba_codigo": "RC 06.04", "jurisdicao": "Estadual", "conservado_por": "05.04", "centroide_lon": -45.700108, "centroide_lat": -23.769585, "buffer_lateral_m": 1000, "icc_hid_thresholds": "60;85;110;126", "trecho_critico_hid": false, "RAHID": 1, "hazard": "hidro" }, "geometry": { "type": "LineString", "coordinates": [ [ -45.698648715735786, -23.76890464113686, 0.0 ], [ -45.69992877435002, -23.769497845856289, 0.0 ], [ -45.70142054626622, -23.770202478817453, 0.0 ], [ -45.701568924294619, -23.770263363639721, 0.0 ] ] } },
{ "type": "Feature", "properties": { "ua_id": "UA-R3-SSB-10K-082", "regiao_id": 3, "regiao_nome": "São Sebastião", "sigla_rodovia": "SP-055", "escala": "10K", "tipo": "UTB", "extensao_km": 0.3335, "ordem_no_grupo": 82, "km_inicial": 174.534, "km_final": 175.02, "subtrecho_der": "055SPE6259", "municipio": "São Sebastião", "regional": "Taubaté", "residencia_dr": "DR 06", "uba_nome": "Caraguatatuba", "uba_codigo": "RC 06.04", "jurisdicao": "Estadual", "conservado_por": "05.04", "centroide_lon": -45.703122, "centroide_lat": -23.7707, "buffer_lateral_m": 1000, "icc_hid_thresholds": "60;85;110;126", "trecho_critico_hid": false, "RAHID": 1, "hazard": "hidro" }, "geometry": { "type": "LineString", "coordinates": [ [ -45.701568924294619, -23.770263363639721, 0.0 ], [ -45.702128431046347, -23.770492947496265, 0.0 ], [ -45.702861850157056, -23.770714295733384, 0.0 ], [ -45.703605913472465, -23.770858596554959, 0.0 ], [ -45.704383540839025, -23.770906414614551, 0.0 ], [ -45.704726907281049, -23.770853089750872, 0.0 ] ] } },
{ "type": "Feature", "properties": { "ua_id": "UA-R3-SSB-10K-083", "regiao_id": 3, "regiao_nome": "São Sebastião", "sigla_rodovia": "SP-055", "escala": "10K", "tipo": "UTB", "extensao_km": 0.3335, "ordem_no_grupo": 83, "km_inicial": 175.02, "km_final": 175.536, "subtrecho_der": "055SPE6259", "municipio": "São Sebastião", "regional": "Taubaté", "residencia_dr": "DR 06", "uba_nome": "Caraguatatuba", "uba_codigo": "RC 06.04", "jurisdicao": "Estadual", "conservado_por": "05.04", "centroide_lon": -45.70634, "centroide_lat": -23.770603, "buffer_lateral_m": 1000, "icc_hid_thresholds": "60;85;110;126", "trecho_critico_hid": false, "RAHID": 1, "hazard": "hidro" }, "geometry": { "type": "LineString", "coordinates": [ [ -45.704726907281049, -23.770853089750872, 0.0 ], [ -45.707953709052887, -23.770351927642004, 0.0 ] ] } },
{ "type": "Feature", "properties": { "ua_id": "UA-R3-SSB-10K-084", "regiao_id": 3, "regiao_nome": "São Sebastião", "sigla_rodovia": "SP-055", "escala": "10K", "tipo": "UTB", "extensao_km": 0.3335, "ordem_no_grupo": 84, "km_inicial": 175.536, "km_final": 176.052, "subtrecho_der": "055SPE6259", "municipio": "São Sebastião", "regional": "Taubaté", "residencia_dr": "DR 06", "uba_nome": "Caraguatatuba", "uba_codigo": "RC 06.04", "jurisdicao": "Estadual", "conservado_por": "05.04", "centroide_lon": -45.709575, "centroide_lat": -23.770193, "buffer_lateral_m": 1000, "icc_hid_thresholds": "60;85;110;126", "trecho_critico_hid": false, "RAHID": 1, "hazard": "hidro" }, "geometry": { "type": "LineString", "coordinates": [ [ -45.707953709052887, -23.770351927642004, 0.0 ], [ -45.709070197892167, -23.770178506624667, 0.0 ], [ -45.710661098044845, -23.770116886927955, 0.0 ], [ -45.711195216511413, -23.770228975812099, 0.0 ] ] } },
{ "type": "Feature", "properties": { "ua_id": "UA-R3-SSB-10K-085", "regiao_id": 3, "regiao_nome": "São Sebastião", "sigla_rodovia": "SP-055", "escala": "10K", "tipo": "UTB", "extensao_km": 0.3335, "ordem_no_grupo": 85, "km_inicial": 176.052, "km_final": 176.439, "subtrecho_der": "055SPE0018", "municipio": "São Sebastião", "regional": "Taubaté", "residencia_dr": "DR 06", "uba_nome": "Caraguatatuba", "uba_codigo": "RC 06.04", "jurisdicao": "Estadual", "conservado_por": "05.04", "centroide_lon": -45.712772, "centroide_lat": -23.770602, "buffer_lateral_m": 1000, "icc_hid_thresholds": "60;85;110;126", "trecho_critico_hid": false, "RAHID": 1, "hazard": "hidro" }, "geometry": { "type": "LineString", "coordinates": [ [ -45.711195216511413, -23.770228975812099, 0.0 ], [ -45.711566424803543, -23.770306875529378, 0.0 ], [ -45.712083864035122, -23.770491868432302, 0.0 ], [ -45.713133700508287, -23.770752119171359, 0.0 ], [ -45.714066992207592, -23.770786377011593, 0.0 ], [ -45.714381755909017, -23.770803132774006, 0.0 ] ] } },
{ "type": "Feature", "properties": { "ua_id": "UA-R3-SSB-10K-086", "regiao_id": 3, "regiao_nome": "São Sebastião", "sigla_rodovia": "SP-055", "escala": "10K", "tipo": "UTB", "extensao_km": 0.3335, "ordem_no_grupo": 86, "km_inicial": 176.439, "km_final": 176.774, "subtrecho_der": "055SPE0018", "municipio": "São Sebastião", "regional": "Taubaté", "residencia_dr": "DR 06", "uba_nome": "Caraguatatuba", "uba_codigo": "RC 06.04", "jurisdicao": "Estadual", "conservado_por": "05.04", "centroide_lon": -45.715962, "centroide_lat": -23.771129, "buffer_lateral_m": 1000, "icc_hid_thresholds": "60;85;110;126", "trecho_critico_hid": false, "RAHID": 1, "hazard": "hidro" }, "geometry": { "type": "LineString", "coordinates": [ [ -45.714381755909017, -23.770803132774006, 0.0 ], [ -45.715007232059627, -23.770836426719399, 0.0 ], [ -45.715867836436814, -23.771012395756561, 0.0 ], [ -45.716608245475925, -23.771296482691969, 0.0 ], [ -45.717467560373613, -23.771694787948057, 0.0 ] ] } },
{ "type": "Feature", "properties": { "ua_id": "UA-R3-SSB-10K-087", "regiao_id": 3, "regiao_nome": "São Sebastião", "sigla_rodovia": "SP-055", "escala": "10K", "tipo": "UTB", "extensao_km": 0.3335, "ordem_no_grupo": 87, "km_inicial": 176.774, "km_final": 177.109, "subtrecho_der": "055SPE0018", "municipio": "São Sebastião", "regional": "Taubaté", "residencia_dr": "DR 06", "uba_nome": "Caraguatatuba", "uba_codigo": "RC 06.04", "jurisdicao": "Estadual", "conservado_por": "05.04", "centroide_lon": -45.718904, "centroide_lat": -23.772077, "buffer_lateral_m": 1000, "icc_hid_thresholds": "60;85;110;126", "trecho_critico_hid": false, "RAHID": 1, "hazard": "hidro" }, "geometry": { "type": "LineString", "coordinates": [ [ -45.717467560373613, -23.771694787948057, 0.0 ], [ -45.71902221043252, -23.772415372841667, 0.0 ], [ -45.719568091949718, -23.77231197881023, 0.0 ], [ -45.719930492175834, -23.771894577346899, 0.0 ], [ -45.720098055632619, -23.771566491438502, 0.0 ] ] } },
{ "type": "Feature", "properties": { "ua_id": "UA-R3-SSB-10K-088", "regiao_id": 3, "regiao_nome": "São Sebastião", "sigla_rodovia": "SP-055", "escala": "10K", "tipo": "UTB", "extensao_km": 0.3335, "ordem_no_grupo": 88, "km_inicial": 177.109, "km_final": 177.444, "subtrecho_der": "055SPE0018", "municipio": "São Sebastião", "regional": "Taubaté", "residencia_dr": "DR 06", "uba_nome": "Caraguatatuba", "uba_codigo": "RC 06.04", "jurisdicao": "Estadual", "conservado_por": "05.04", "centroide_lon": -45.72042, "centroide_lat": -23.770239, "buffer_lateral_m": 1000, "icc_hid_thresholds": "60;85;110;126", "trecho_critico_hid": false, "RAHID": 1, "hazard": "hidro" }, "geometry": { "type": "LineString", "coordinates": [ [ -45.720098055632619, -23.771566491438502, 0.0 ], [ -45.720732959255891, -23.77032334660078, 0.0 ], [ -45.720754837214585, -23.76981890074553, 0.0 ], [ -45.719838498350448, -23.769118918899114, 0.0 ], [ -45.719827510329893, -23.7690830698984, 0.0 ] ] } },
{ "type": "Feature", "properties": { "ua_id": "UA-R3-SSB-10K-089", "regiao_id": 3, "regiao_nome": "São Sebastião", "sigla_rodovia": "SP-055", "escala": "10K", "tipo": "UTB", "extensao_km": 0.3335, "ordem_no_grupo": 89, "km_inicial": 177.444, "km_final": 177.779, "subtrecho_der": "055SPE0018", "municipio": "São Sebastião", "regional": "Taubaté", "residencia_dr": "DR 06", "uba_nome": "Caraguatatuba", "uba_codigo": "RC 06.04", "jurisdicao": "Estadual", "conservado_por": "05.04", "centroide_lon": -45.720198, "centroide_lat": -23.767713, "buffer_lateral_m": 1000, "icc_hid_thresholds": "60;85;110;126", "trecho_critico_hid": false, "RAHID": 1, "hazard": "hidro" }, "geometry": { "type": "LineString", "coordinates": [ [ -45.719827510329893, -23.7690830698984, 0.0 ], [ -45.719677455370956, -23.768593505464573, 0.0 ], [ -45.719912056147479, -23.768113100008534, 0.0 ], [ -45.720462019551796, -23.767335229611287, 0.0 ], [ -45.720679811871733, -23.766736127340533, 0.0 ], [ -45.720736854624256, -23.766322899154911, 0.0 ] ] } },
{ "type": "Feature", "properties": { "ua_id": "UA-R3-SSB-10K-090", "regiao_id": 3, "regiao_nome": "São Sebastião", "sigla_rodovia": "SP-055", "escala": "10K", "tipo": "UTB", "extensao_km": 0.3335, "ordem_no_grupo": 90, "km_inicial": 177.779, "km_final": 178.114, "subtrecho_der": "055SPE0018", "municipio": "São Sebastião", "regional": "Taubaté", "residencia_dr": "DR 06", "uba_nome": "Caraguatatuba", "uba_codigo": "RC 06.04", "jurisdicao": "Estadual", "conservado_por": "05.04", "centroide_lon": -45.720638, "centroide_lat": -23.764828, "buffer_lateral_m": 1000, "icc_hid_thresholds": "60;85;110;126", "trecho_critico_hid": false, "RAHID": 1, "hazard": "hidro" }, "geometry": { "type": "LineString", "coordinates": [ [ -45.720736854624256, -23.766322899154911, 0.0 ], [ -45.720772526512675, -23.766064484228522, 0.0 ], [ -45.720639390992552, -23.764333695601156, 0.0 ], [ -45.720347247490658, -23.763353815726369, 0.0 ] ] } },
{ "type": "Feature", "properties": { "ua_id": "UA-R3-SSB-10K-091", "regiao_id": 3, "regiao_nome": "São Sebastião", "sigla_rodovia": "SP-055", "escala": "10K", "tipo": "UTB", "extensao_km": 0.3335, "ordem_no_grupo": 91, "km_inicial": 178.114, "km_final": 178.449, "subtrecho_der": "055SPE0018", "municipio": "São Sebastião", "regional": "Taubaté", "residencia_dr": "DR 06", "uba_nome": "Caraguatatuba", "uba_codigo": "RC 06.04", "jurisdicao": "Estadual", "conservado_por": "05.04", "centroide_lon": -45.720415, "centroide_lat": -23.761868, "buffer_lateral_m": 1000, "icc_hid_thresholds": "60;85;110;126", "trecho_critico_hid": false, "RAHID": 1, "hazard": "hidro" }, "geometry": { "type": "LineString", "coordinates": [ [ -45.720347247490658, -23.763353815726369, 0.0 ], [ -45.720287769914009, -23.763154319737161, 0.0 ], [ -45.720273202344409, -23.76263313793979, 0.0 ], [ -45.720320922349586, -23.761955926715952, 0.0 ], [ -45.720459074262187, -23.76129160356534, 0.0 ], [ -45.720775220283642, -23.760409903621781, 0.0 ] ] } },
{ "type": "Feature", "properties": { "ua_id": "UA-R3-SSB-10K-092", "regiao_id": 3, "regiao_nome": "São Sebastião", "sigla_rodovia": "SP-055", "escala": "10K", "tipo": "UTB", "extensao_km": 0.3335, "ordem_no_grupo": 92, "km_inicial": 178.449, "km_final": 178.784, "subtrecho_der": "055SPE0018", "municipio": "São Sebastião", "regional": "Taubaté", "residencia_dr": "DR 06", "uba_nome": "Caraguatatuba", "uba_codigo": "RC 06.04", "jurisdicao": "Estadual", "conservado_por": "05.04", "centroide_lon": -45.72181, "centroide_lat": -23.759287, "buffer_lateral_m": 1000, "icc_hid_thresholds": "60;85;110;126", "trecho_critico_hid": false, "RAHID": 1, "hazard": "hidro" }, "geometry": { "type": "LineString", "coordinates": [ [ -45.720775220283642, -23.760409903621781, 0.0 ], [ -45.720809531767785, -23.760314211562594, 0.0 ], [ -45.721084500717758, -23.759845816448696, 0.0 ], [ -45.721380093562537, -23.759507649865387, 0.0 ], [ -45.722740968170939, -23.758577540602531, 0.0 ], [ -45.723075173891743, -23.758347038419046, 0.0 ] ] } },
{ "type": "Feature", "properties": { "ua_id": "UA-R3-SSB-10K-093", "regiao_id": 3, "regiao_nome": "São Sebastião", "sigla_rodovia": "SP-055", "escala": "10K", "tipo": "UTB", "extensao_km": 0.3335, "ordem_no_grupo": 93, "km_inicial": 178.784, "km_final": 179.119, "subtrecho_der": "055SPE0018", "municipio": "São Sebastião", "regional": "Taubaté", "residencia_dr": "DR 06", "uba_nome": "Caraguatatuba", "uba_codigo": "RC 06.04", "jurisdicao": "Estadual", "conservado_por": "05.04", "centroide_lon": -45.724033, "centroide_lat": -23.757169, "buffer_lateral_m": 1000, "icc_hid_thresholds": "60;85;110;126", "trecho_critico_hid": false, "RAHID": 1, "hazard": "hidro" }, "geometry": { "type": "LineString", "coordinates": [ [ -45.723075173891743, -23.758347038419046, 0.0 ], [ -45.72323134182291, -23.758239328643416, 0.0 ], [ -45.723608522201239, -23.757923668568896, 0.0 ], [ -45.723969774868763, -23.757504819494564, 0.0 ], [ -45.724261845414695, -23.756997902308171, 0.0 ], [ -45.72445092975849, -23.756465713953183, 0.0 ], [ -45.724617688763651, -23.755788507916623, 0.0 ] ] } },
{ "type": "Feature", "properties": { "ua_id": "UA-R3-SSB-10K-094", "regiao_id": 3, "regiao_nome": "São Sebastião", "sigla_rodovia": "SP-055", "escala": "10K", "tipo": "UTB", "extensao_km": 0.3335, "ordem_no_grupo": 94, "km_inicial": 179.119, "km_final": 179.454, "subtrecho_der": "055SPE0018", "municipio": "São Sebastião", "regional": "Taubaté", "residencia_dr": "DR 06", "uba_nome": "Caraguatatuba", "uba_codigo": "RC 06.04", "jurisdicao": "Estadual", "conservado_por": "05.04", "centroide_lon": -45.724971, "centroide_lat": -23.754318, "buffer_lateral_m": 1000, "icc_hid_thresholds": "60;85;110;126", "trecho_critico_hid": true, "RAHID": 1, "hazard": "hidro" }, "geometry": { "type": "LineString", "coordinates": [ [ -45.724617688763651, -23.755788507916623, 0.0 ], [ -45.72497441143657, -23.754339839140471, 0.0 ], [ -45.725309303943099, -23.752844986964138, 0.0 ] ] } },
{ "type": "Feature", "properties": { "ua_id": "UA-R3-SSB-10K-095", "regiao_id": 3, "regiao_nome": "São Sebastião", "sigla_rodovia": "SP-055", "escala": "10K", "tipo": "UTB", "extensao_km": 0.3335, "ordem_no_grupo": 95, "km_inicial": 179.454, "km_final": 179.789, "subtrecho_der": "055SPE0018", "municipio": "São Sebastião", "regional": "Taubaté", "residencia_dr": "DR 06", "uba_nome": "Caraguatatuba", "uba_codigo": "RC 06.04", "jurisdicao": "Estadual", "conservado_por": "05.04", "centroide_lon": -45.725772, "centroide_lat": -23.751414, "buffer_lateral_m": 1000, "icc_hid_thresholds": "60;85;110;126", "trecho_critico_hid": true, "RAHID": 1, "hazard": "hidro" }, "geometry": { "type": "LineString", "coordinates": [ [ -45.725309303943099, -23.752844986964138, 0.0 ], [ -45.725466520412262, -23.752143211997463, 0.0 ], [ -45.725540162593177, -23.751714132448498, 0.0 ], [ -45.725862964877209, -23.751046740029231, 0.0 ], [ -45.726339044789718, -23.750258081483668, 0.0 ], [ -45.726480076830974, -23.750070648163387, 0.0 ] ] } },
{ "type": "Feature", "properties": { "ua_id": "UA-R3-SSB-10K-096", "regiao_id": 3, "regiao_nome": "São Sebastião", "sigla_rodovia": "SP-055", "escala": "10K", "tipo": "UTB", "extensao_km": 0.3335, "ordem_no_grupo": 96, "km_inicial": 179.789, "km_final": 180.124, "subtrecho_der": "055SPE0018", "municipio": "São Sebastião", "regional": "Taubaté", "residencia_dr": "DR 06", "uba_nome": "Caraguatatuba", "uba_codigo": "RC 06.04", "jurisdicao": "Estadual", "conservado_por": "05.04", "centroide_lon": -45.727408, "centroide_lat": -23.748831, "buffer_lateral_m": 1000, "icc_hid_thresholds": "60;85;110;126", "trecho_critico_hid": true, "RAHID": 1, "hazard": "hidro" }, "geometry": { "type": "LineString", "coordinates": [ [ -45.726480076830974, -23.750070648163387, 0.0 ], [ -45.728139286194413, -23.747865489323722, 0.0 ], [ -45.72827801710114, -23.747561948669254, 0.0 ] ] } },
{ "type": "Feature", "properties": { "ua_id": "UA-R3-SSB-10K-097", "regiao_id": 3, "regiao_nome": "São Sebastião", "sigla_rodovia": "SP-055", "escala": "10K", "tipo": "UTB", "extensao_km": 0.3335, "ordem_no_grupo": 97, "km_inicial": 180.124, "km_final": 180.459, "subtrecho_der": "055SPE0018", "municipio": "São Sebastião", "regional": "Taubaté", "residencia_dr": "DR 06", "uba_nome": "Caraguatatuba", "uba_codigo": "RC 06.04", "jurisdicao": "Estadual", "conservado_por": "05.04", "centroide_lon": -45.728737, "centroide_lat": -23.746118, "buffer_lateral_m": 1000, "icc_hid_thresholds": "60;85;110;126", "trecho_critico_hid": true, "RAHID": 1, "hazard": "hidro" }, "geometry": { "type": "LineString", "coordinates": [ [ -45.72827801710114, -23.747561948669254, 0.0 ], [ -45.728381036981403, -23.747336542114404, 0.0 ], [ -45.729164959332266, -23.744665111265515, 0.0 ] ] } },
{ "type": "Feature", "properties": { "ua_id": "UA-R3-SSB-10K-098", "regiao_id": 3, "regiao_nome": "São Sebastião", "sigla_rodovia": "SP-055", "escala": "10K", "tipo": "UTB", "extensao_km": 0.3335, "ordem_no_grupo": 98, "km_inicial": 180.459, "km_final": 180.794, "subtrecho_der": "055SPE0018", "municipio": "São Sebastião", "regional": "Taubaté", "residencia_dr": "DR 06", "uba_nome": "Caraguatatuba", "uba_codigo": "RC 06.04", "jurisdicao": "Estadual", "conservado_por": "05.04", "centroide_lon": -45.729779, "centroide_lat": -23.743308, "buffer_lateral_m": 1000, "icc_hid_thresholds": "60;85;110;126", "trecho_critico_hid": true, "RAHID": 1, "hazard": "hidro" }, "geometry": { "type": "LineString", "coordinates": [ [ -45.729164959332266, -23.744665111265515, 0.0 ], [ -45.729486540791058, -23.743569202793893, 0.0 ], [ -45.729662470729934, -23.743171567433954, 0.0 ], [ -45.730288100439715, -23.742472200478712, 0.0 ], [ -45.730837764884214, -23.742280140208841, 0.0 ] ] } },
{ "type": "Feature", "properties": { "ua_id": "UA-R3-SSB-10K-099", "regiao_id": 3, "regiao_nome": "São Sebastião", "sigla_rodovia": "SP-055", "escala": "10K", "tipo": "UTB", "extensao_km": 0.2508, "ordem_no_grupo": 99, "km_inicial": 190.071, "km_final": 190.281, "subtrecho_der": "055SPE0834", "municipio": "São Sebastião", "regional": "Taubaté", "residencia_dr": "DR 06", "uba_nome": "Caraguatatuba", "uba_codigo": "RC 06.04", "jurisdicao": "Estadual", "conservado_por": "05.04", "centroide_lon": -45.824792, "centroide_lat": -23.754439, "buffer_lateral_m": 1000, "icc_hid_thresholds": "60;85;110;126", "trecho_critico_hid": true, "RAHID": 1, "hazard": "hidro" }, "geometry": { "type": "LineString", "coordinates": [ [ -45.823564449137798, -23.754506211594332, 0.0 ], [ -45.825254490482919, -23.754402859825731, 0.0 ], [ -45.826021163707374, -23.754408606455822, 0.0 ] ] } },
{ "type": "Feature", "properties": { "ua_id": "UA-R3-SSB-10K-100", "regiao_id": 3, "regiao_nome": "São Sebastião", "sigla_rodovia": "SP-055", "escala": "10K", "tipo": "UTB", "extensao_km": 0.3335, "ordem_no_grupo": 100, "km_inicial": 190.281, "km_final": 190.561, "subtrecho_der": "055SPE0834", "municipio": "São Sebastião", "regional": "Taubaté", "residencia_dr": "DR 06", "uba_nome": "Caraguatatuba", "uba_codigo": "RC 06.04", "jurisdicao": "Estadual", "conservado_por": "05.04", "centroide_lon": -45.827654, "centroide_lat": -23.754477, "buffer_lateral_m": 1000, "icc_hid_thresholds": "60;85;110;126", "trecho_critico_hid": true, "RAHID": 1, "hazard": "hidro" }, "geometry": { "type": "LineString", "coordinates": [ [ -45.826021163707374, -23.754408606455822, 0.0 ], [ -45.827177805121828, -23.754417268906344, 0.0 ], [ -45.828309596214822, -23.75452916221839, 0.0 ], [ -45.829284539181913, -23.754586989281087, 0.0 ] ] } },
{ "type": "Feature", "properties": { "ua_id": "UA-R3-SSB-10K-101", "regiao_id": 3, "regiao_nome": "São Sebastião", "sigla_rodovia": "SP-055", "escala": "10K", "tipo": "UTB", "extensao_km": 0.3335, "ordem_no_grupo": 101, "km_inicial": 190.561, "km_final": 190.84, "subtrecho_der": "055SPE0834", "municipio": "São Sebastião", "regional": "Taubaté", "residencia_dr": "DR 06", "uba_nome": "Caraguatatuba", "uba_codigo": "RC 06.04", "jurisdicao": "Estadual", "conservado_por": "05.04", "centroide_lon": -45.830917, "centroide_lat": -23.754684, "buffer_lateral_m": 1000, "icc_hid_thresholds": "60;85;110;126", "trecho_critico_hid": true, "RAHID": 1, "hazard": "hidro" }, "geometry": { "type": "LineString", "coordinates": [ [ -45.829284539181913, -23.754586989281087, 0.0 ], [ -45.832549718627341, -23.75478061250811, 0.0 ] ] } },
{ "type": "Feature", "properties": { "ua_id": "UA-R3-SSB-10K-102", "regiao_id": 3, "regiao_nome": "São Sebastião", "sigla_rodovia": "SP-055", "escala": "10K", "tipo": "UTB", "extensao_km": 0.3335, "ordem_no_grupo": 102, "km_inicial": 190.84, "km_final": 191.12, "subtrecho_der": "055SPE0834", "municipio": "São Sebastião", "regional": "Taubaté", "residencia_dr": "DR 06", "uba_nome": "Caraguatatuba", "uba_codigo": "RC 06.04", "jurisdicao": "Estadual", "conservado_por": "05.04", "centroide_lon": -45.834182, "centroide_lat": -23.754877, "buffer_lateral_m": 1000, "icc_hid_thresholds": "60;85;110;126", "trecho_critico_hid": true, "RAHID": 1, "hazard": "hidro" }, "geometry": { "type": "LineString", "coordinates": [ [ -45.832549718627341, -23.75478061250811, 0.0 ], [ -45.835814905462286, -23.754974166454833, 0.0 ] ] } },
{ "type": "Feature", "properties": { "ua_id": "UA-R3-SSB-10K-103", "regiao_id": 3, "regiao_nome": "São Sebastião", "sigla_rodovia": "SP-055", "escala": "10K", "tipo": "UTB", "extensao_km": 0.3335, "ordem_no_grupo": 103, "km_inicial": 191.12, "km_final": 191.4, "subtrecho_der": "055SPE0834", "municipio": "São Sebastião", "regional": "Taubaté", "residencia_dr": "DR 06", "uba_nome": "Caraguatatuba", "uba_codigo": "RC 06.04", "jurisdicao": "Estadual", "conservado_por": "05.04", "centroide_lon": -45.83745, "centroide_lat": -23.755003, "buffer_lateral_m": 1000, "icc_hid_thresholds": "60;85;110;126", "trecho_critico_hid": true, "RAHID": 1, "hazard": "hidro" }, "geometry": { "type": "LineString", "coordinates": [ [ -45.835814905462286, -23.754974166454833, 0.0 ], [ -45.83627439893602, -23.755001398741388, 0.0 ], [ -45.839085061548772, -23.755009343045312, 0.0 ], [ -45.839085892642828, -23.755009345363689, 0.0 ] ] } },
{ "type": "Feature", "properties": { "ua_id": "UA-R3-SSB-1K-001", "regiao_id": 3, "regiao_nome": "São Sebastião", "sigla_rodovia": "SP-055", "escala": "1K", "tipo": "SR", "extensao_km": 0.1729, "ordem_no_grupo": 1, "km_inicial": 116.569, "km_final": 116.733, "subtrecho_der": "055SPE4543", "municipio": "São Sebastião", "regional": "Taubaté", "residencia_dr": "DR 06", "uba_nome": "Caraguatatuba", "uba_codigo": "RC 06.04", "jurisdicao": "Estadual", "conservado_por": "05.04", "centroide_lon": -45.409838, "centroide_lat": -23.725088, "buffer_lateral_m": 1000, "icc_hid_thresholds": "60;85;110;126", "trecho_critico_hid": false, "RAHID": 0, "hazard": "hidro" }, "geometry": { "type": "LineString", "coordinates": [ [ -45.410600863955686, -23.725115065721919, 0.0 ], [ -45.410544709033765, -23.725092751994559, 0.0 ], [ -45.409881141363897, -23.724920344968872, 0.0 ], [ -45.409387862851752, -23.725128112344343, 0.0 ], [ -45.409332208566298, -23.725495372312462, 0.0 ] ] } },
{ "type": "Feature", "properties": { "ua_id": "UA-R3-SSB-1K-002", "regiao_id": 3, "regiao_nome": "São Sebastião", "sigla_rodovia": "SP-055", "escala": "1K", "tipo": "SR", "extensao_km": 0.1729, "ordem_no_grupo": 2, "km_inicial": 116.733, "km_final": 116.897, "subtrecho_der": "055SPE4543", "municipio": "São Sebastião", "regional": "Taubaté", "residencia_dr": "DR 06", "uba_nome": "Caraguatatuba", "uba_codigo": "RC 06.04", "jurisdicao": "Estadual", "conservado_por": "05.04", "centroide_lon": -45.408794, "centroide_lat": -23.726038, "buffer_lateral_m": 1000, "icc_hid_thresholds": "60;85;110;126", "trecho_critico_hid": false, "RAHID": 0, "hazard": "hidro" }, "geometry": { "type": "LineString", "coordinates": [ [ -45.409332208566298, -23.725495372312462, 0.0 ], [ -45.409316996189361, -23.725595757715347, 0.0 ], [ -45.409121683224448, -23.725908237202724, 0.0 ], [ -45.408880309111197, -23.726072996600323, 0.0 ], [ -45.408067393762039, -23.726406257875727, 0.0 ], [ -45.408064641158866, -23.726408734719396, 0.0 ] ] } },
{ "type": "Feature", "properties": { "ua_id": "UA-R3-SSB-1K-003", "regiao_id": 3, "regiao_nome": "São Sebastião", "sigla_rodovia": "SP-055", "escala": "1K", "tipo": "SR", "extensao_km": 0.1729, "ordem_no_grupo": 3, "km_inicial": 116.897, "km_final": 117.061, "subtrecho_der": "055SPE4543", "municipio": "São Sebastião", "regional": "Taubaté", "residencia_dr": "DR 06", "uba_nome": "Caraguatatuba", "uba_codigo": "RC 06.04", "jurisdicao": "Estadual", "conservado_por": "05.04", "centroide_lon": -45.407839, "centroide_lat": -23.727088, "buffer_lateral_m": 1000, "icc_hid_thresholds": "60;85;110;126", "trecho_critico_hid": false, "RAHID": 0, "hazard": "hidro" }, "geometry": { "type": "LineString", "coordinates": [ [ -45.408064641158866, -23.726408734719396, 0.0 ], [ -45.407941502347867, -23.726519537172656, 0.0 ], [ -45.407874725555658, -23.726630716801566, 0.0 ], [ -45.407959544084839, -23.72712689660354, 0.0 ], [ -45.407919033126767, -23.727282283606844, 0.0 ], [ -45.407799758184005, -23.727446780451118, 0.0 ], [ -45.407651050706498, -23.727549383762383, 0.0 ], [ -45.407543641801659, -23.727619470800363, 0.0 ], [ -45.407409564017527, -23.727613308980011, 0.0 ] ] } },
{ "type": "Feature", "properties": { "ua_id": "UA-R3-SSB-1K-004", "regiao_id": 3, "regiao_nome": "São Sebastião", "sigla_rodovia": "SP-055", "escala": "1K", "tipo": "SR", "extensao_km": 0.1729, "ordem_no_grupo": 4, "km_inicial": 117.061, "km_final": 117.225, "subtrecho_der": "055SPE4543", "municipio": "São Sebastião", "regional": "Taubaté", "residencia_dr": "DR 06", "uba_nome": "Caraguatatuba", "uba_codigo": "RC 06.04", "jurisdicao": "Estadual", "conservado_por": "05.04", "centroide_lon": -45.406654, "centroide_lat": -23.727294, "buffer_lateral_m": 1000, "icc_hid_thresholds": "60;85;110;126", "trecho_critico_hid": false, "RAHID": 0, "hazard": "hidro" }, "geometry": { "type": "LineString", "coordinates": [ [ -45.407409564017527, -23.727613308980011, 0.0 ], [ -45.407220368102777, -23.727604613893721, 0.0 ], [ -45.406565702183187, -23.727273294711047, 0.0 ], [ -45.405942818642671, -23.726873352110964, 0.0 ] ] } },
{ "type": "Feature", "properties": { "ua_id": "UA-R3-SSB-1K-005", "regiao_id": 3, "regiao_nome": "São Sebastião", "sigla_rodovia": "SP-055", "escala": "1K", "tipo": "SR", "extensao_km": 0.1729, "ordem_no_grupo": 5, "km_inicial": 117.225, "km_final": 117.389, "subtrecho_der": "055SPE4543", "municipio": "São Sebastião", "regional": "Taubaté", "residencia_dr": "DR 06", "uba_nome": "Caraguatatuba", "uba_codigo": "RC 06.04", "jurisdicao": "Estadual", "conservado_por": "05.04", "centroide_lon": -45.405254, "centroide_lat": -23.726419, "buffer_lateral_m": 1000, "icc_hid_thresholds": "60;85;110;126", "trecho_critico_hid": false, "RAHID": 0, "hazard": "hidro" }, "geometry": { "type": "LineString", "coordinates": [ [ -45.405942818642671, -23.726873352110964, 0.0 ], [ -45.405474043726969, -23.726572356653907, 0.0 ], [ -45.404766592223091, -23.726089519130607, 0.0 ], [ -45.404573238466469, -23.725952922628018, 0.0 ] ] } },
{ "type": "Feature", "properties": { "ua_id": "UA-R3-SSB-1K-006", "regiao_id": 3, "regiao_nome": "São Sebastião", "sigla_rodovia": "SP-055", "escala": "1K", "tipo": "SR", "extensao_km": 0.1729, "ordem_no_grupo": 6, "km_inicial": 117.389, "km_final": 117.553, "subtrecho_der": "055SPE4543", "municipio": "São Sebastião", "regional": "Taubaté", "residencia_dr": "DR 06", "uba_nome": "Caraguatatuba", "uba_codigo": "RC 06.04", "jurisdicao": "Estadual", "conservado_por": "05.04", "centroide_lon": -45.403772, "centroide_lat": -23.726026, "buffer_lateral_m": 1000, "icc_hid_thresholds": "60;85;110;126", "trecho_critico_hid": false, "RAHID": 0, "hazard": "hidro" }, "geometry": { "type": "LineString", "coordinates": [ [ -45.404573238466469, -23.725952922628018, 0.0 ], [ -45.404490682745191, -23.725894600232873, 0.0 ], [ -45.404229306175594, -23.725875312999946, 0.0 ], [ -45.402963211127144, -23.726249132060051, 0.0 ] ] } },
{ "type": "Feature", "properties": { "ua_id": "UA-R3-SSB-1K-007", "regiao_id": 3, "regiao_nome": "São Sebastião", "sigla_rodovia": "SP-055", "escala": "1K", "tipo": "SR", "extensao_km": 0.1729, "ordem_no_grupo": 7, "km_inicial": 117.553, "km_final": 117.717, "subtrecho_der": "055SPE4543", "municipio": "São Sebastião", "regional": "Taubaté", "residencia_dr": "DR 06", "uba_nome": "Caraguatatuba", "uba_codigo": "RC 06.04", "jurisdicao": "Estadual", "conservado_por": "05.04", "centroide_lon": -45.402623, "centroide_lat": -23.726769, "buffer_lateral_m": 1000, "icc_hid_thresholds": "60;85;110;126", "trecho_critico_hid": false, "RAHID": 0, "hazard": "hidro" }, "geometry": { "type": "LineString", "coordinates": [ [ -45.402963211127144, -23.726249132060051, 0.0 ], [ -45.402735052226369, -23.726316495460878, 0.0 ], [ -45.402527570841286, -23.726456513501407, 0.0 ], [ -45.402464102115658, -23.726611173159355, 0.0 ], [ -45.402422856595877, -23.726801876195719, 0.0 ], [ -45.402486629897872, -23.726992998236682, 0.0 ], [ -45.402576980857219, -23.727114913255495, 0.0 ], [ -45.402719304504167, -23.72718247703277, 0.0 ], [ -45.402907583767131, -23.727361463501769, 0.0 ] ] } },
{ "type": "Feature", "properties": { "ua_id": "UA-R3-SSB-1K-008", "regiao_id": 3, "regiao_nome": "São Sebastião", "sigla_rodovia": "SP-055", "escala": "1K", "tipo": "SR", "extensao_km": 0.1729, "ordem_no_grupo": 8, "km_inicial": 117.717, "km_final": 117.881, "subtrecho_der": "055SPE4543", "municipio": "São Sebastião", "regional": "Taubaté", "residencia_dr": "DR 06", "uba_nome": "Caraguatatuba", "uba_codigo": "RC 06.04", "jurisdicao": "Estadual", "conservado_por": "05.04", "centroide_lon": -45.403483, "centroide_lat": -23.727934, "buffer_lateral_m": 1000, "icc_hid_thresholds": "60;85;110;126", "trecho_critico_hid": false, "RAHID": 0, "hazard": "hidro" }, "geometry": { "type": "LineString", "coordinates": [ [ -45.402907583767131, -23.727361463501769, 0.0 ], [ -45.403545655726099, -23.727968037076934, 0.0 ], [ -45.403783272070633, -23.728231320126497, 0.0 ], [ -45.403957962718195, -23.7284689590754, 0.0 ], [ -45.403991181320656, -23.728551120262889, 0.0 ] ] } },
{ "type": "Feature", "properties": { "ua_id": "UA-R3-SSB-1K-009", "regiao_id": 3, "regiao_nome": "São Sebastião", "sigla_rodovia": "SP-055", "escala": "1K", "tipo": "SR", "extensao_km": 0.1729, "ordem_no_grupo": 9, "km_inicial": 117.881, "km_final": 118.045, "subtrecho_der": "055SPE4543", "municipio": "São Sebastião", "regional": "Taubaté", "residencia_dr": "DR 06", "uba_nome": "Caraguatatuba", "uba_codigo": "RC 06.04", "jurisdicao": "Estadual", "conservado_por": "05.04", "centroide_lon": -45.404153, "centroide_lat": -23.729312, "buffer_lateral_m": 1000, "icc_hid_thresholds": "60;85;110;126", "trecho_critico_hid": false, "RAHID": 0, "hazard": "hidro" }, "geometry": { "type": "LineString", "coordinates": [ [ -45.403991181320656, -23.728551120262889, 0.0 ], [ -45.404026909997434, -23.728639489612959, 0.0 ], [ -45.404087954304011, -23.72882008163343, 0.0 ], [ -45.404214775598604, -23.729495798633639, 0.0 ], [ -45.404208374669516, -23.729868920127981, 0.0 ], [ -45.404205063221198, -23.730033046408089, 0.0 ], [ -45.404179418894266, -23.730082542528631, 0.0 ] ] } },
{ "type": "Feature", "properties": { "ua_id": "UA-R3-SSB-1K-010", "regiao_id": 3, "regiao_nome": "São Sebastião", "sigla_rodovia": "SP-055", "escala": "1K", "tipo": "SR", "extensao_km": 0.1729, "ordem_no_grupo": 10, "km_inicial": 118.045, "km_final": 118.209, "subtrecho_der": "055SPE4543", "municipio": "São Sebastião", "regional": "Taubaté", "residencia_dr": "DR 06", "uba_nome": "Caraguatatuba", "uba_codigo": "RC 06.04", "jurisdicao": "Estadual", "conservado_por": "05.04", "centroide_lon": -45.403698, "centroide_lat": -23.730704, "buffer_lateral_m": 1000, "icc_hid_thresholds": "60;85;110;126", "trecho_critico_hid": false, "RAHID": 0, "hazard": "hidro" }, "geometry": { "type": "LineString", "coordinates": [ [ -45.404179418894266, -23.730082542528631, 0.0 ], [ -45.403914820971934, -23.730593240623378, 0.0 ], [ -45.403443330847836, -23.730965200891855, 0.0 ], [ -45.403073904941792, -23.731218173521331, 0.0 ] ] } },
{ "type": "Feature", "properties": { "ua_id": "UA-R3-SSB-1K-011", "regiao_id": 3, "regiao_nome": "São Sebastião", "sigla_rodovia": "SP-055", "escala": "1K", "tipo": "SR", "extensao_km": 0.1729, "ordem_no_grupo": 11, "km_inicial": 118.209, "km_final": 118.373, "subtrecho_der": "055SPE4543", "municipio": "São Sebastião", "regional": "Taubaté", "residencia_dr": "DR 06", "uba_nome": "Caraguatatuba", "uba_codigo": "RC 06.04", "jurisdicao": "Estadual", "conservado_por": "05.04", "centroide_lon": -45.402388, "centroide_lat": -23.731677, "buffer_lateral_m": 1000, "icc_hid_thresholds": "60;85;110;126", "trecho_critico_hid": false, "RAHID": 0, "hazard": "hidro" }, "geometry": { "type": "LineString", "coordinates": [ [ -45.403073904941792, -23.731218173521331, 0.0 ], [ -45.402602349176249, -23.731541079158927, 0.0 ], [ -45.402317789801842, -23.731730689788201, 0.0 ], [ -45.401693402628304, -23.732124689984062, 0.0 ] ] } },
{ "type": "Feature", "properties": { "ua_id": "UA-R3-SSB-1K-012", "regiao_id": 3, "regiao_nome": "São Sebastião", "sigla_rodovia": "SP-055", "escala": "1K", "tipo": "SR", "extensao_km": 0.1729, "ordem_no_grupo": 12, "km_inicial": 118.373, "km_final": 118.537, "subtrecho_der": "055SPE4543", "municipio": "São Sebastião", "regional": "Taubaté", "residencia_dr": "DR 06", "uba_nome": "Caraguatatuba", "uba_codigo": "RC 06.04", "jurisdicao": "Estadual", "conservado_por": "05.04", "centroide_lon": -45.400973, "centroide_lat": -23.732534, "buffer_lateral_m": 1000, "icc_hid_thresholds": "60;85;110;126", "trecho_critico_hid": false, "RAHID": 0, "hazard": "hidro" }, "geometry": { "type": "LineString", "coordinates": [ [ -45.401693402628304, -23.732124689984062, 0.0 ], [ -45.401319415802803, -23.732360680458839, 0.0 ], [ -45.40083964240339, -23.732628256989354, 0.0 ], [ -45.400324570291161, -23.732845405590957, 0.0 ], [ -45.400224471550807, -23.732897718181658, 0.0 ] ] } },
{ "type": "Feature", "properties": { "ua_id": "UA-R3-SSB-1K-013", "regiao_id": 3, "regiao_nome": "São Sebastião", "sigla_rodovia": "SP-055", "escala": "1K", "tipo": "SR", "extensao_km": 0.1729, "ordem_no_grupo": 13, "km_inicial": 118.537, "km_final": 118.701, "subtrecho_der": "055SPE4543", "municipio": "São Sebastião", "regional": "Taubaté", "residencia_dr": "DR 06", "uba_nome": "Caraguatatuba", "uba_codigo": "RC 06.04", "jurisdicao": "Estadual", "conservado_por": "05.04", "centroide_lon": -45.399746, "centroide_lat": -23.733453, "buffer_lateral_m": 1000, "icc_hid_thresholds": "60;85;110;126", "trecho_critico_hid": false, "RAHID": 0, "hazard": "hidro" }, "geometry": { "type": "LineString", "coordinates": [ [ -45.400224471550807, -23.732897718181658, 0.0 ], [ -45.399826622162138, -23.733105637153113, 0.0 ], [ -45.399573810342524, -23.733494361730358, 0.0 ], [ -45.39957757071916, -23.733914373723742, 0.0 ], [ -45.399727748953943, -23.734142860173613, 0.0 ] ] } },
{ "type": "Feature", "properties": { "ua_id": "UA-R3-SSB-1K-014", "regiao_id": 3, "regiao_nome": "São Sebastião", "sigla_rodovia": "SP-055", "escala": "1K", "tipo": "SR", "extensao_km": 0.1729, "ordem_no_grupo": 14, "km_inicial": 118.701, "km_final": 118.865, "subtrecho_der": "055SPE4543", "municipio": "São Sebastião", "regional": "Taubaté", "residencia_dr": "DR 06", "uba_nome": "Caraguatatuba", "uba_codigo": "RC 06.04", "jurisdicao": "Estadual", "conservado_por": "05.04", "centroide_lon": -45.399944, "centroide_lat": -23.734886, "buffer_lateral_m": 1000, "icc_hid_thresholds": "60;85;110;126", "trecho_critico_hid": false, "RAHID": 0, "hazard": "hidro" }, "geometry": { "type": "LineString", "coordinates": [ [ -45.399727748953943, -23.734142860173613, 0.0 ], [ -45.399814142944379, -23.734274302593999, 0.0 ], [ -45.39993785342299, -23.734619759667844, 0.0 ], [ -45.399984775534101, -23.735113312402309, 0.0 ], [ -45.400034250677081, -23.735402908974034, 0.0 ], [ -45.400039488100738, -23.73565820775762, 0.0 ] ] } },
{ "type": "Feature", "properties": { "ua_id": "UA-R3-SSB-1K-015", "regiao_id": 3, "regiao_nome": "São Sebastião", "sigla_rodovia": "SP-055", "escala": "1K", "tipo": "SR", "extensao_km": 0.1729, "ordem_no_grupo": 15, "km_inicial": 118.865, "km_final": 119.029, "subtrecho_der": "055SPE4543", "municipio": "São Sebastião", "regional": "Taubaté", "residencia_dr": "DR 06", "uba_nome": "Caraguatatuba", "uba_codigo": "RC 06.04", "jurisdicao": "Estadual", "conservado_por": "05.04", "centroide_lon": -45.400174, "centroide_lat": -23.736408, "buffer_lateral_m": 1000, "icc_hid_thresholds": "60;85;110;126", "trecho_critico_hid": false, "RAHID": 0, "hazard": "hidro" }, "geometry": { "type": "LineString", "coordinates": [ [ -45.400039488100738, -23.73565820775762, 0.0 ], [ -45.400040288443364, -23.73569722042367, 0.0 ], [ -45.400016581898839, -23.736158746258155, 0.0 ], [ -45.400247995574091, -23.736728075247139, 0.0 ], [ -45.400497562867969, -23.737058302169544, 0.0 ], [ -45.400541467965319, -23.7370878908512, 0.0 ] ] } },
{ "type": "Feature", "properties": { "ua_id": "UA-R3-SSB-1K-016", "regiao_id": 3, "regiao_nome": "São Sebastião", "sigla_rodovia": "SP-055", "escala": "1K", "tipo": "SR", "extensao_km": 0.1729, "ordem_no_grupo": 16, "km_inicial": 119.029, "km_final": 119.193, "subtrecho_der": "055SPE4543", "municipio": "São Sebastião", "regional": "Taubaté", "residencia_dr": "DR 06", "uba_nome": "Caraguatatuba", "uba_codigo": "RC 06.04", "jurisdicao": "Estadual", "conservado_por": "05.04", "centroide_lon": -45.401301, "centroide_lat": -23.737391, "buffer_lateral_m": 1000, "icc_hid_thresholds": "60;85;110;126", "trecho_critico_hid": false, "RAHID": 0, "hazard": "hidro" }, "geometry": { "type": "LineString", "coordinates": [ [ -45.400541467965319, -23.7370878908512, 0.0 ], [ -45.400830756764364, -23.737282848748904, 0.0 ], [ -45.401524118501264, -23.737400845129013, 0.0 ], [ -45.402023505971528, -23.737704091647174, 0.0 ], [ -45.402046184427398, -23.737727599370288, 0.0 ] ] } },
{ "type": "Feature", "properties": { "ua_id": "UA-R3-SSB-1K-017", "regiao_id": 3, "regiao_nome": "São Sebastião", "sigla_rodovia": "SP-055", "escala": "1K", "tipo": "SR", "extensao_km": 0.1729, "ordem_no_grupo": 17, "km_inicial": 119.193, "km_final": 119.357, "subtrecho_der": "055SPE4543", "municipio": "São Sebastião", "regional": "Taubaté", "residencia_dr": "DR 06", "uba_nome": "Caraguatatuba", "uba_codigo": "RC 06.04", "jurisdicao": "Estadual", "conservado_por": "05.04", "centroide_lon": -45.402373, "centroide_lat": -23.738402, "buffer_lateral_m": 1000, "icc_hid_thresholds": "60;85;110;126", "trecho_critico_hid": false, "RAHID": 0, "hazard": "hidro" }, "geometry": { "type": "LineString", "coordinates": [ [ -45.402046184427398, -23.737727599370288, 0.0 ], [ -45.402402728379528, -23.738097179243987, 0.0 ], [ -45.402479714517902, -23.739161852742654, 0.0 ] ] } },
{ "type": "Feature", "properties": { "ua_id": "UA-R3-SSB-1K-018", "regiao_id": 3, "regiao_nome": "São Sebastião", "sigla_rodovia": "SP-055", "escala": "1K", "tipo": "SR", "extensao_km": 0.1729, "ordem_no_grupo": 18, "km_inicial": 119.357, "km_final": 119.521, "subtrecho_der": "055SPE4543", "municipio": "São Sebastião", "regional": "Taubaté", "residencia_dr": "DR 06", "uba_nome": "Caraguatatuba", "uba_codigo": "RC 06.04", "jurisdicao": "Estadual", "conservado_por": "05.04", "centroide_lon": -45.402885, "centroide_lat": -23.739818, "buffer_lateral_m": 1000, "icc_hid_thresholds": "60;85;110;126", "trecho_critico_hid": false, "RAHID": 0, "hazard": "hidro" }, "geometry": { "type": "LineString", "coordinates": [ [ -45.402479714517902, -23.739161852742654, 0.0 ], [ -45.402483394999052, -23.739212751169426, 0.0 ], [ -45.402735826624102, -23.739789035292056, 0.0 ], [ -45.403215981732998, -23.740198009391122, 0.0 ], [ -45.403506095761486, -23.740302410269315, 0.0 ] ] } },
{ "type": "Feature", "properties": { "ua_id": "UA-R3-SSB-1K-019", "regiao_id": 3, "regiao_nome": "São Sebastião", "sigla_rodovia": "SP-055", "escala": "1K", "tipo": "SR", "extensao_km": 0.1729, "ordem_no_grupo": 19, "km_inicial": 119.521, "km_final": 119.685, "subtrecho_der": "055SPE4543", "municipio": "São Sebastião", "regional": "Taubaté", "residencia_dr": "DR 06", "uba_nome": "Caraguatatuba", "uba_codigo": "RC 06.04", "jurisdicao": "Estadual", "conservado_por": "05.04", "centroide_lon": -45.40427, "centroide_lat": -23.740603, "buffer_lateral_m": 1000, "icc_hid_thresholds": "60;85;110;126", "trecho_critico_hid": false, "RAHID": 0, "hazard": "hidro" }, "geometry": { "type": "LineString", "coordinates": [ [ -45.403506095761486, -23.740302410269315, 0.0 ], [ -45.403552159029523, -23.740318986601576, 0.0 ], [ -45.403800455447204, -23.740414636050602, 0.0 ], [ -45.404321503741762, -23.7405512790329, 0.0 ], [ -45.404447721243621, -23.740592972438588, 0.0 ], [ -45.404642871276835, -23.740707670075022, 0.0 ], [ -45.404757445061776, -23.740845372949174, 0.0 ], [ -45.404822734768466, -23.741039842050537, 0.0 ], [ -45.404858512507872, -23.741084760228116, 0.0 ] ] } },
{ "type": "Feature", "properties": { "ua_id": "UA-R3-SSB-1K-020", "regiao_id": 3, "regiao_nome": "São Sebastião", "sigla_rodovia": "SP-055", "escala": "1K", "tipo": "SR", "extensao_km": 0.1729, "ordem_no_grupo": 20, "km_inicial": 119.685, "km_final": 119.849, "subtrecho_der": "055SPE4543", "municipio": "São Sebastião", "regional": "Taubaté", "residencia_dr": "DR 06", "uba_nome": "Caraguatatuba", "uba_codigo": "RC 06.04", "jurisdicao": "Estadual", "conservado_por": "05.04", "centroide_lon": -45.405318, "centroide_lat": -23.741733, "buffer_lateral_m": 1000, "icc_hid_thresholds": "60;85;110;126", "trecho_critico_hid": false, "RAHID": 0, "hazard": "hidro" }, "geometry": { "type": "LineString", "coordinates": [ [ -45.404858512507872, -23.741084760228116, 0.0 ], [ -45.40499211741642, -23.741252497947546, 0.0 ], [ -45.405125177424935, -23.741529270936521, 0.0 ], [ -45.405259280555995, -23.741736264672486, 0.0 ], [ -45.405849019868263, -23.742336938134152, 0.0 ] ] } },
{ "type": "Feature", "properties": { "ua_id": "UA-R3-SSB-1K-021", "regiao_id": 3, "regiao_nome": "São Sebastião", "sigla_rodovia": "SP-055", "escala": "1K", "tipo": "SR", "extensao_km": 0.1729, "ordem_no_grupo": 21, "km_inicial": 119.849, "km_final": 120.019, "subtrecho_der": "055SPE4543", "municipio": "São Sebastião", "regional": "Taubaté", "residencia_dr": "DR 06", "uba_nome": "Caraguatatuba", "uba_codigo": "RC 06.04", "jurisdicao": "Estadual", "conservado_por": "05.04", "centroide_lon": -45.406331, "centroide_lat": -23.742978, "buffer_lateral_m": 1000, "icc_hid_thresholds": "60;85;110;126", "trecho_critico_hid": false, "RAHID": 0, "hazard": "hidro" }, "geometry": { "type": "LineString", "coordinates": [ [ -45.405849019868263, -23.742336938134152, 0.0 ], [ -45.405889392481377, -23.74237805899325, 0.0 ], [ -45.406222511614835, -23.742815871368684, 0.0 ], [ -45.4067183842471, -23.743524802552404, 0.0 ], [ -45.40680503062223, -23.743625160419189, 0.0 ] ] } },
{ "type": "Feature", "properties": { "ua_id": "UA-R3-SSB-1K-022", "regiao_id": 3, "regiao_nome": "São Sebastião", "sigla_rodovia": "SP-055", "escala": "1K", "tipo": "SR", "extensao_km": 0.1729, "ordem_no_grupo": 22, "km_inicial": 120.019, "km_final": 120.246, "subtrecho_der": "055SPE6135", "municipio": "São Sebastião", "regional": "Taubaté", "residencia_dr": "DR 06", "uba_nome": "Caraguatatuba", "uba_codigo": "RC 06.04", "jurisdicao": "Estadual", "conservado_por": "05.04", "centroide_lon": -45.407365, "centroide_lat": -23.744208, "buffer_lateral_m": 1000, "icc_hid_thresholds": "60;85;110;126", "trecho_critico_hid": false, "RAHID": 0, "hazard": "hidro" }, "geometry": { "type": "LineString", "coordinates": [ [ -45.40680503062223, -23.743625160419189, 0.0 ], [ -45.40701120725759, -23.743863962971588, 0.0 ], [ -45.407100818922039, -23.743934098130655, 0.0 ], [ -45.40746931542877, -23.74428983066348, 0.0 ], [ -45.407729016101058, -23.744571812922391, 0.0 ], [ -45.407881107436232, -23.744822103510465, 0.0 ] ] } },
{ "type": "Feature", "properties": { "ua_id": "UA-R3-SSB-1K-023", "regiao_id": 3, "regiao_nome": "São Sebastião", "sigla_rodovia": "SP-055", "escala": "1K", "tipo": "SR", "extensao_km": 0.1729, "ordem_no_grupo": 23, "km_inicial": 120.246, "km_final": 120.473, "subtrecho_der": "055SPE6135", "municipio": "São Sebastião", "regional": "Taubaté", "residencia_dr": "DR 06", "uba_nome": "Caraguatatuba", "uba_codigo": "RC 06.04", "jurisdicao": "Estadual", "conservado_por": "05.04", "centroide_lon": -45.408209, "centroide_lat": -23.745537, "buffer_lateral_m": 1000, "icc_hid_thresholds": "60;85;110;126", "trecho_critico_hid": false, "RAHID": 0, "hazard": "hidro" }, "geometry": { "type": "LineString", "coordinates": [ [ -45.407881107436232, -23.744822103510465, 0.0 ], [ -45.40796969657044, -23.744967890561337, 0.0 ], [ -45.408223819742418, -23.745480698393873, 0.0 ], [ -45.408222375894297, -23.745547356568519, 0.0 ], [ -45.408386222192725, -23.746023073324352, 0.0 ], [ -45.408496325200566, -23.746267821392419, 0.0 ] ] } },
{ "type": "Feature", "properties": { "ua_id": "UA-R3-SSB-1K-024", "regiao_id": 3, "regiao_nome": "São Sebastião", "sigla_rodovia": "SP-055", "escala": "1K", "tipo": "SR", "extensao_km": 0.1729, "ordem_no_grupo": 24, "km_inicial": 120.473, "km_final": 120.699, "subtrecho_der": "055SPE6135", "municipio": "São Sebastião", "regional": "Taubaté", "residencia_dr": "DR 06", "uba_nome": "Caraguatatuba", "uba_codigo": "RC 06.04", "jurisdicao": "Estadual", "conservado_por": "05.04", "centroide_lon": -45.408827, "centroide_lat": -23.746987, "buffer_lateral_m": 1000, "icc_hid_thresholds": "60;85;110;126", "trecho_critico_hid": false, "RAHID": 0, "hazard": "hidro" }, "geometry": { "type": "LineString", "coordinates": [ [ -45.408496325200566, -23.746267821392419, 0.0 ], [ -45.408943503409311, -23.747261843719709, 0.0 ], [ -45.409176985161388, -23.747683296143059, 0.0 ], [ -45.40918452795237, -23.747693503237119, 0.0 ] ] } },
{ "type": "Feature", "properties": { "ua_id": "UA-R3-SSB-1K-025", "regiao_id": 3, "regiao_nome": "São Sebastião", "sigla_rodovia": "SP-055", "escala": "1K", "tipo": "SR", "extensao_km": 0.1729, "ordem_no_grupo": 25, "km_inicial": 120.699, "km_final": 120.926, "subtrecho_der": "055SPE6135", "municipio": "São Sebastião", "regional": "Taubaté", "residencia_dr": "DR 06", "uba_nome": "Caraguatatuba", "uba_codigo": "RC 06.04", "jurisdicao": "Estadual", "conservado_por": "05.04", "centroide_lon": -45.409807, "centroide_lat": -23.748194, "buffer_lateral_m": 1000, "icc_hid_thresholds": "60;85;110;126", "trecho_critico_hid": false, "RAHID": 0, "hazard": "hidro" }, "geometry": { "type": "LineString", "coordinates": [ [ -45.40918452795237, -23.747693503237119, 0.0 ], [ -45.409417199071669, -23.748008358653568, 0.0 ], [ -45.409814173089259, -23.748217699158925, 0.0 ], [ -45.410099853728163, -23.748352460223032, 0.0 ], [ -45.410450282181031, -23.74859476693339, 0.0 ], [ -45.41049851882287, -23.748635813894857, 0.0 ] ] } },
{ "type": "Feature", "properties": { "ua_id": "UA-R3-SSB-1K-026", "regiao_id": 3, "regiao_nome": "São Sebastião", "sigla_rodovia": "SP-055", "escala": "1K", "tipo": "SR", "extensao_km": 0.1729, "ordem_no_grupo": 26, "km_inicial": 120.926, "km_final": 121.153, "subtrecho_der": "055SPE6135", "municipio": "São Sebastião", "regional": "Taubaté", "residencia_dr": "DR 06", "uba_nome": "Caraguatatuba", "uba_codigo": "RC 06.04", "jurisdicao": "Estadual", "conservado_por": "05.04", "centroide_lon": -45.411153, "centroide_lat": -23.749123, "buffer_lateral_m": 1000, "icc_hid_thresholds": "60;85;110;126", "trecho_critico_hid": false, "RAHID": 0, "hazard": "hidro" }, "geometry": { "type": "LineString", "coordinates": [ [ -45.41049851882287, -23.748635813894857, 0.0 ], [ -45.410737112614193, -23.748838844628839, 0.0 ], [ -45.410922682002372, -23.748951503439262, 0.0 ], [ -45.41124620212566, -23.749160026784391, 0.0 ], [ -45.411424956229737, -23.749257816783068, 0.0 ], [ -45.411699959954973, -23.749601623186489, 0.0 ], [ -45.411716783357079, -23.749675728725027, 0.0 ] ] } },
{ "type": "Feature", "properties": { "ua_id": "UA-R3-SSB-1K-027", "regiao_id": 3, "regiao_nome": "São Sebastião", "sigla_rodovia": "SP-055", "escala": "1K", "tipo": "SR", "extensao_km": 0.1729, "ordem_no_grupo": 27, "km_inicial": 121.153, "km_final": 121.38, "subtrecho_der": "055SPE6135", "municipio": "São Sebastião", "regional": "Taubaté", "residencia_dr": "DR 06", "uba_nome": "Caraguatatuba", "uba_codigo": "RC 06.04", "jurisdicao": "Estadual", "conservado_por": "05.04", "centroide_lon": -45.411872, "centroide_lat": -23.750443, "buffer_lateral_m": 1000, "icc_hid_thresholds": "60;85;110;126", "trecho_critico_hid": false, "RAHID": 0, "hazard": "hidro" }, "geometry": { "type": "LineString", "coordinates": [ [ -45.411716783357079, -23.749675728725027, 0.0 ], [ -45.411866174094158, -23.75033377724931, 0.0 ], [ -45.411917621857746, -23.750697639106868, 0.0 ], [ -45.412005991212524, -23.751213382836941, 0.0 ] ] } },
{ "type": "Feature", "properties": { "ua_id": "UA-R3-SSB-1K-028", "regiao_id": 3, "regiao_nome": "São Sebastião", "sigla_rodovia": "SP-055", "escala": "1K", "tipo": "SR", "extensao_km": 0.1729, "ordem_no_grupo": 28, "km_inicial": 121.38, "km_final": 121.607, "subtrecho_der": "055SPE6135", "municipio": "São Sebastião", "regional": "Taubaté", "residencia_dr": "DR 06", "uba_nome": "Caraguatatuba", "uba_codigo": "RC 06.04", "jurisdicao": "Estadual", "conservado_por": "05.04", "centroide_lon": -45.412146, "centroide_lat": -23.751983, "buffer_lateral_m": 1000, "icc_hid_thresholds": "60;85;110;126", "trecho_critico_hid": false, "RAHID": 0, "hazard": "hidro" }, "geometry": { "type": "LineString", "coordinates": [ [ -45.412005991212524, -23.751213382836941, 0.0 ], [ -45.412194168056004, -23.752311611376452, 0.0 ], [ -45.412327985123078, -23.752743914143256, 0.0 ] ] } },
{ "type": "Feature", "properties": { "ua_id": "UA-R3-SSB-1K-029", "regiao_id": 3, "regiao_nome": "São Sebastião", "sigla_rodovia": "SP-055", "escala": "1K", "tipo": "SR", "extensao_km": 0.1729, "ordem_no_grupo": 29, "km_inicial": 121.607, "km_final": 121.834, "subtrecho_der": "055SPE6135", "municipio": "São Sebastião", "regional": "Taubaté", "residencia_dr": "DR 06", "uba_nome": "Caraguatatuba", "uba_codigo": "RC 06.04", "jurisdicao": "Estadual", "conservado_por": "05.04", "centroide_lon": -45.41259, "centroide_lat": -23.753483, "buffer_lateral_m": 1000, "icc_hid_thresholds": "60;85;110;126", "trecho_critico_hid": false, "RAHID": 0, "hazard": "hidro" }, "geometry": { "type": "LineString", "coordinates": [ [ -45.412327985123078, -23.752743914143256, 0.0 ], [ -45.41236471628288, -23.752862575464668, 0.0 ], [ -45.412513220491626, -23.753183924223677, 0.0 ], [ -45.412595449453406, -23.75338262384394, 0.0 ], [ -45.412730995356824, -23.753902098211142, 0.0 ], [ -45.412747322115763, -23.754215102199979, 0.0 ], [ -45.412749547597258, -23.754243504658053, 0.0 ] ] } },
{ "type": "Feature", "properties": { "ua_id": "UA-R3-SSB-1K-030", "regiao_id": 3, "regiao_nome": "São Sebastião", "sigla_rodovia": "SP-055", "escala": "1K", "tipo": "SR", "extensao_km": 0.1729, "ordem_no_grupo": 30, "km_inicial": 121.834, "km_final": 122.061, "subtrecho_der": "055SPE6135", "municipio": "São Sebastião", "regional": "Taubaté", "residencia_dr": "DR 06", "uba_nome": "Caraguatatuba", "uba_codigo": "RC 06.04", "jurisdicao": "Estadual", "conservado_por": "05.04", "centroide_lon": -45.412808, "centroide_lat": -23.755022, "buffer_lateral_m": 1000, "icc_hid_thresholds": "60;85;110;126", "trecho_critico_hid": false, "RAHID": 0, "hazard": "hidro" }, "geometry": { "type": "LineString", "coordinates": [ [ -45.412749547597258, -23.754243504658053, 0.0 ], [ -45.412834726741231, -23.755330583594969, 0.0 ], [ -45.412845573192776, -23.755417409997083, 0.0 ], [ -45.412844593338711, -23.755722308824588, 0.0 ], [ -45.41283360231369, -23.755800769171476, 0.0 ] ] } },
{ "type": "Feature", "properties": { "ua_id": "UA-R3-SSB-1K-031", "regiao_id": 3, "regiao_nome": "São Sebastião", "sigla_rodovia": "SP-055", "escala": "1K", "tipo": "SR", "extensao_km": 0.1729, "ordem_no_grupo": 31, "km_inicial": 122.061, "km_final": 122.288, "subtrecho_der": "055SPE6135", "municipio": "São Sebastião", "regional": "Taubaté", "residencia_dr": "DR 06", "uba_nome": "Caraguatatuba", "uba_codigo": "RC 06.04", "jurisdicao": "Estadual", "conservado_por": "05.04", "centroide_lon": -45.412726, "centroide_lat": -23.756575, "buffer_lateral_m": 1000, "icc_hid_thresholds": "60;85;110;126", "trecho_critico_hid": false, "RAHID": 0, "hazard": "hidro" }, "geometry": { "type": "LineString", "coordinates": [ [ -45.41283360231369, -23.755800769171476, 0.0 ], [ -45.412701322715058, -23.756745051032247, 0.0 ], [ -45.412673243053625, -23.757000633460827, 0.0 ], [ -45.412620264597201, -23.757296119442675, 0.0 ], [ -45.412612561830507, -23.757348485060543, 0.0 ] ] } },
{ "type": "Feature", "properties": { "ua_id": "UA-R3-SSB-1K-032", "regiao_id": 3, "regiao_nome": "São Sebastião", "sigla_rodovia": "SP-055", "escala": "1K", "tipo": "SR", "extensao_km": 0.1729, "ordem_no_grupo": 32, "km_inicial": 122.288, "km_final": 122.515, "subtrecho_der": "055SPE6135", "municipio": "São Sebastião", "regional": "Taubaté", "residencia_dr": "DR 06", "uba_nome": "Caraguatatuba", "uba_codigo": "RC 06.04", "jurisdicao": "Estadual", "conservado_por": "05.04", "centroide_lon": -45.412499, "centroide_lat": -23.758122, "buffer_lateral_m": 1000, "icc_hid_thresholds": "60;85;110;126", "trecho_critico_hid": false, "RAHID": 0, "hazard": "hidro" }, "geometry": { "type": "LineString", "coordinates": [ [ -45.412612561830507, -23.757348485060543, 0.0 ], [ -45.412384973272921, -23.758895679199256, 0.0 ] ] } },
{ "type": "Feature", "properties": { "ua_id": "UA-R3-SSB-1K-033", "regiao_id": 3, "regiao_nome": "São Sebastião", "sigla_rodovia": "SP-055", "escala": "1K", "tipo": "SR", "extensao_km": 0.1729, "ordem_no_grupo": 33, "km_inicial": 122.515, "km_final": 122.742, "subtrecho_der": "055SPE6135", "municipio": "São Sebastião", "regional": "Taubaté", "residencia_dr": "DR 06", "uba_nome": "Caraguatatuba", "uba_codigo": "RC 06.04", "jurisdicao": "Estadual", "conservado_por": "05.04", "centroide_lon": -45.412272, "centroide_lat": -23.759669, "buffer_lateral_m": 1000, "icc_hid_thresholds": "60;85;110;126", "trecho_critico_hid": false, "RAHID": 0, "hazard": "hidro" }, "geometry": { "type": "LineString", "coordinates": [ [ -45.412384973272921, -23.758895679199256, 0.0 ], [ -45.412301674648845, -23.759461951706371, 0.0 ], [ -45.412158416884601, -23.760443001555323, 0.0 ] ] } },
{ "type": "Feature", "properties": { "ua_id": "UA-R3-SSB-1K-034", "regiao_id": 3, "regiao_nome": "São Sebastião", "sigla_rodovia": "SP-055", "escala": "1K", "tipo": "SR", "extensao_km": 0.1729, "ordem_no_grupo": 34, "km_inicial": 122.742, "km_final": 122.969, "subtrecho_der": "055SPE6135", "municipio": "São Sebastião", "regional": "Taubaté", "residencia_dr": "DR 06", "uba_nome": "Caraguatatuba", "uba_codigo": "RC 06.04", "jurisdicao": "Estadual", "conservado_por": "05.04", "centroide_lon": -45.411895, "centroide_lat": -23.761176, "buffer_lateral_m": 1000, "icc_hid_thresholds": "60;85;110;126", "trecho_critico_hid": false, "RAHID": 0, "hazard": "hidro" }, "geometry": { "type": "LineString", "coordinates": [ [ -45.412158416884601, -23.760443001555323, 0.0 ], [ -45.412132297359527, -23.760621870310857, 0.0 ], [ -45.411987483222575, -23.761113207584817, 0.0 ], [ -45.41150802203294, -23.761864995904471, 0.0 ] ] } },
{ "type": "Feature", "properties": { "ua_id": "UA-R3-SSB-1K-035", "regiao_id": 3, "regiao_nome": "São Sebastião", "sigla_rodovia": "SP-055", "escala": "1K", "tipo": "SR", "extensao_km": 0.1729, "ordem_no_grupo": 35, "km_inicial": 122.969, "km_final": 123.196, "subtrecho_der": "055SPE6135", "municipio": "São Sebastião", "regional": "Taubaté", "residencia_dr": "DR 06", "uba_nome": "Caraguatatuba", "uba_codigo": "RC 06.04", "jurisdicao": "Estadual", "conservado_por": "05.04", "centroide_lon": -45.411064, "centroide_lat": -23.762529, "buffer_lateral_m": 1000, "icc_hid_thresholds": "60;85;110;126", "trecho_critico_hid": false, "RAHID": 0, "hazard": "hidro" }, "geometry": { "type": "LineString", "coordinates": [ [ -45.41150802203294, -23.761864995904471, 0.0 ], [ -45.41102480320086, -23.762622665985852, 0.0 ], [ -45.410644242941643, -23.763095459874069, 0.0 ], [ -45.410560859591982, -23.763150337802607, 0.0 ] ] } },
{ "type": "Feature", "properties": { "ua_id": "UA-R3-SSB-1K-036", "regiao_id": 3, "regiao_nome": "São Sebastião", "sigla_rodovia": "SP-055", "escala": "1K", "tipo": "SR", "extensao_km": 0.1729, "ordem_no_grupo": 36, "km_inicial": 123.196, "km_final": 123.423, "subtrecho_der": "055SPE6135", "municipio": "São Sebastião", "regional": "Taubaté", "residencia_dr": "DR 06", "uba_nome": "Caraguatatuba", "uba_codigo": "RC 06.04", "jurisdicao": "Estadual", "conservado_por": "05.04", "centroide_lon": -45.409854, "centroide_lat": -23.76358, "buffer_lateral_m": 1000, "icc_hid_thresholds": "60;85;110;126", "trecho_critico_hid": false, "RAHID": 0, "hazard": "hidro" }, "geometry": { "type": "LineString", "coordinates": [ [ -45.410560859591982, -23.763150337802607, 0.0 ], [ -45.41010322652847, -23.76345152287141, 0.0 ], [ -45.409547966021826, -23.763749439513742, 0.0 ], [ -45.409137212258351, -23.763997119026516, 0.0 ] ] } },
{ "type": "Feature", "properties": { "ua_id": "UA-R3-SSB-1K-037", "regiao_id": 3, "regiao_nome": "São Sebastião", "sigla_rodovia": "SP-055", "escala": "1K", "tipo": "SR", "extensao_km": 0.1729, "ordem_no_grupo": 37, "km_inicial": 123.423, "km_final": 123.65, "subtrecho_der": "055SPE6135", "municipio": "São Sebastião", "regional": "Taubaté", "residencia_dr": "DR 06", "uba_nome": "Caraguatatuba", "uba_codigo": "RC 06.04", "jurisdicao": "Estadual", "conservado_por": "05.04", "centroide_lon": -45.408403, "centroide_lat": -23.764363, "buffer_lateral_m": 1000, "icc_hid_thresholds": "60;85;110;126", "trecho_critico_hid": false, "RAHID": 0, "hazard": "hidro" }, "geometry": { "type": "LineString", "coordinates": [ [ -45.409137212258351, -23.763997119026516, 0.0 ], [ -45.409123512908934, -23.764005379532396, 0.0 ], [ -45.40861148694502, -23.764176550742313, 0.0 ], [ -45.4081568270269, -23.764460386459145, 0.0 ], [ -45.40778271338263, -23.764875349713801, 0.0 ] ] } },
{ "type": "Feature", "properties": { "ua_id": "UA-R3-SSB-1K-038", "regiao_id": 3, "regiao_nome": "São Sebastião", "sigla_rodovia": "SP-055", "escala": "1K", "tipo": "SR", "extensao_km": 0.1729, "ordem_no_grupo": 38, "km_inicial": 123.65, "km_final": 123.877, "subtrecho_der": "055SPE6135", "municipio": "São Sebastião", "regional": "Taubaté", "residencia_dr": "DR 06", "uba_nome": "Caraguatatuba", "uba_codigo": "RC 06.04", "jurisdicao": "Estadual", "conservado_por": "05.04", "centroide_lon": -45.407248, "centroide_lat": -23.765481, "buffer_lateral_m": 1000, "icc_hid_thresholds": "60;85;110;126", "trecho_critico_hid": false, "RAHID": 0, "hazard": "hidro" }, "geometry": { "type": "LineString", "coordinates": [ [ -45.40778271338263, -23.764875349713801, 0.0 ], [ -45.407436271728443, -23.765259616323899, 0.0 ], [ -45.406718636135842, -23.766091216206771, 0.0 ] ] } },
{ "type": "Feature", "properties": { "ua_id": "UA-R3-SSB-1K-039", "regiao_id": 3, "regiao_nome": "São Sebastião", "sigla_rodovia": "SP-055", "escala": "1K", "tipo": "SR", "extensao_km": 0.1729, "ordem_no_grupo": 39, "km_inicial": 123.877, "km_final": 124.104, "subtrecho_der": "055SPE6135", "municipio": "São Sebastião", "regional": "Taubaté", "residencia_dr": "DR 06", "uba_nome": "Caraguatatuba", "uba_codigo": "RC 06.04", "jurisdicao": "Estadual", "conservado_por": "05.04", "centroide_lon": -45.406227, "centroide_lat": -23.766724, "buffer_lateral_m": 1000, "icc_hid_thresholds": "60;85;110;126", "trecho_critico_hid": false, "RAHID": 0, "hazard": "hidro" }, "geometry": { "type": "LineString", "coordinates": [ [ -45.406718636135842, -23.766091216206771, 0.0 ], [ -45.406480809945442, -23.766366807389964, 0.0 ], [ -45.406256475282639, -23.766730538004538, 0.0 ], [ -45.405964413271271, -23.767082736069099, 0.0 ], [ -45.405694036798657, -23.767326106676439, 0.0 ] ] } },
{ "type": "Feature", "properties": { "ua_id": "UA-R3-SSB-1K-040", "regiao_id": 3, "regiao_nome": "São Sebastião", "sigla_rodovia": "SP-055", "escala": "1K", "tipo": "SR", "extensao_km": 0.1729, "ordem_no_grupo": 40, "km_inicial": 124.104, "km_final": 124.331, "subtrecho_der": "055SPE6135", "municipio": "São Sebastião", "regional": "Taubaté", "residencia_dr": "DR 06", "uba_nome": "Caraguatatuba", "uba_codigo": "RC 06.04", "jurisdicao": "Estadual", "conservado_por": "05.04", "centroide_lon": -45.405148, "centroide_lat": -23.767922, "buffer_lateral_m": 1000, "icc_hid_thresholds": "60;85;110;126", "trecho_critico_hid": false, "RAHID": 0, "hazard": "hidro" }, "geometry": { "type": "LineString", "coordinates": [ [ -45.405694036798657, -23.767326106676439, 0.0 ], [ -45.405555696040231, -23.767450629089641, 0.0 ], [ -45.405064715053051, -23.76800743911382, 0.0 ], [ -45.404724077264746, -23.768417867780872, 0.0 ], [ -45.404631893885274, -23.76854114855459, 0.0 ] ] } },
{ "type": "Feature", "properties": { "ua_id": "UA-R3-SSB-1K-041", "regiao_id": 3, "regiao_nome": "São Sebastião", "sigla_rodovia": "SP-055", "escala": "1K", "tipo": "SR", "extensao_km": 0.1729, "ordem_no_grupo": 41, "km_inicial": 124.331, "km_final": 124.558, "subtrecho_der": "055SPE6135", "municipio": "São Sebastião", "regional": "Taubaté", "residencia_dr": "DR 06", "uba_nome": "Caraguatatuba", "uba_codigo": "RC 06.04", "jurisdicao": "Estadual", "conservado_por": "05.04", "centroide_lon": -45.404209, "centroide_lat": -23.769215, "buffer_lateral_m": 1000, "icc_hid_thresholds": "60;85;110;126", "trecho_critico_hid": false, "RAHID": 0, "hazard": "hidro" }, "geometry": { "type": "LineString", "coordinates": [ [ -45.404631893885274, -23.76854114855459, 0.0 ], [ -45.40436738633867, -23.76889488421725, 0.0 ], [ -45.404027400906919, -23.769517032862538, 0.0 ], [ -45.403951039641065, -23.76969201820523, 0.0 ], [ -45.40385104570273, -23.769921156195263, 0.0 ] ] } },
{ "type": "Feature", "properties": { "ua_id": "UA-R3-SSB-1K-042", "regiao_id": 3, "regiao_nome": "São Sebastião", "sigla_rodovia": "SP-055", "escala": "1K", "tipo": "SR", "extensao_km": 0.1729, "ordem_no_grupo": 42, "km_inicial": 124.558, "km_final": 124.785, "subtrecho_der": "055SPE6135", "municipio": "São Sebastião", "regional": "Taubaté", "residencia_dr": "DR 06", "uba_nome": "Caraguatatuba", "uba_codigo": "RC 06.04", "jurisdicao": "Estadual", "conservado_por": "05.04", "centroide_lon": -45.403535, "centroide_lat": -23.770646, "buffer_lateral_m": 1000, "icc_hid_thresholds": "60;85;110;126", "trecho_critico_hid": false, "RAHID": 0, "hazard": "hidro" }, "geometry": { "type": "LineString", "coordinates": [ [ -45.40385104570273, -23.769921156195263, 0.0 ], [ -45.403218782468606, -23.771369979441737, 0.0 ] ] } },
{ "type": "Feature", "properties": { "ua_id": "UA-R3-SSB-1K-043", "regiao_id": 3, "regiao_nome": "São Sebastião", "sigla_rodovia": "SP-055", "escala": "1K", "tipo": "SR", "extensao_km": 0.1729, "ordem_no_grupo": 43, "km_inicial": 124.785, "km_final": 125.011, "subtrecho_der": "055SPE6135", "municipio": "São Sebastião", "regional": "Taubaté", "residencia_dr": "DR 06", "uba_nome": "Caraguatatuba", "uba_codigo": "RC 06.04", "jurisdicao": "Estadual", "conservado_por": "05.04", "centroide_lon": -45.402891, "centroide_lat": -23.77209, "buffer_lateral_m": 1000, "icc_hid_thresholds": "60;85;110;126", "trecho_critico_hid": false, "RAHID": 0, "hazard": "hidro" }, "geometry": { "type": "LineString", "coordinates": [ [ -45.403218782468606, -23.771369979441737, 0.0 ], [ -45.403134583840547, -23.771562916952938, 0.0 ], [ -45.402560119992373, -23.772808772252603, 0.0 ] ] } },
{ "type": "Feature", "properties": { "ua_id": "UA-R3-SSB-1K-044", "regiao_id": 3, "regiao_nome": "São Sebastião", "sigla_rodovia": "SP-055", "escala": "1K", "tipo": "SR", "extensao_km": 0.1729, "ordem_no_grupo": 44, "km_inicial": 125.011, "km_final": 125.238, "subtrecho_der": "055SPE6135", "municipio": "São Sebastião", "regional": "Taubaté", "residencia_dr": "DR 06", "uba_nome": "Caraguatatuba", "uba_codigo": "RC 06.04", "jurisdicao": "Estadual", "conservado_por": "05.04", "centroide_lon": -45.402274, "centroide_lat": -23.773541, "buffer_lateral_m": 1000, "icc_hid_thresholds": "60;85;110;126", "trecho_critico_hid": false, "RAHID": 0, "hazard": "hidro" }, "geometry": { "type": "LineString", "coordinates": [ [ -45.402560119992373, -23.772808772252603, 0.0 ], [ -45.402292504400172, -23.773389148696776, 0.0 ], [ -45.402186413774238, -23.773756869545551, 0.0 ], [ -45.402102509740288, -23.774116975823674, 0.0 ], [ -45.402066793654079, -23.774296066447253, 0.0 ] ] } },
{ "type": "Feature", "properties": { "ua_id": "UA-R3-SSB-1K-045", "regiao_id": 3, "regiao_nome": "São Sebastião", "sigla_rodovia": "SP-055", "escala": "1K", "tipo": "SR", "extensao_km": 0.1729, "ordem_no_grupo": 45, "km_inicial": 125.238, "km_final": 125.465, "subtrecho_der": "055SPE6135", "municipio": "São Sebastião", "regional": "Taubaté", "residencia_dr": "DR 06", "uba_nome": "Caraguatatuba", "uba_codigo": "RC 06.04", "jurisdicao": "Estadual", "conservado_por": "05.04", "centroide_lon": -45.40196, "centroide_lat": -23.775069, "buffer_lateral_m": 1000, "icc_hid_thresholds": "60;85;110;126", "trecho_critico_hid": false, "RAHID": 0, "hazard": "hidro" }, "geometry": { "type": "LineString", "coordinates": [ [ -45.402066793654079, -23.774296066447253, 0.0 ], [ -45.402031823403846, -23.77447141676932, 0.0 ], [ -45.401988888904626, -23.775070626563778, 0.0 ], [ -45.40189047818879, -23.775541872382796, 0.0 ], [ -45.40178945879979, -23.77582988827433, 0.0 ] ] } },
{ "type": "Feature", "properties": { "ua_id": "UA-R3-SSB-1K-046", "regiao_id": 3, "regiao_nome": "São Sebastião", "sigla_rodovia": "SP-055", "escala": "1K", "tipo": "SR", "extensao_km": 0.1729, "ordem_no_grupo": 46, "km_inicial": 125.465, "km_final": 125.692, "subtrecho_der": "055SPE6135", "municipio": "São Sebastião", "regional": "Taubaté", "residencia_dr": "DR 06", "uba_nome": "Caraguatatuba", "uba_codigo": "RC 06.04", "jurisdicao": "Estadual", "conservado_por": "05.04", "centroide_lon": -45.401587, "centroide_lat": -23.776587, "buffer_lateral_m": 1000, "icc_hid_thresholds": "60;85;110;126", "trecho_critico_hid": false, "RAHID": 0, "hazard": "hidro" }, "geometry": { "type": "LineString", "coordinates": [ [ -45.40178945879979, -23.77582988827433, 0.0 ], [ -45.401731596195241, -23.775994859474707, 0.0 ], [ -45.401634217727057, -23.776351997815311, 0.0 ], [ -45.401548931249778, -23.776732842851931, 0.0 ], [ -45.40141438723564, -23.777351470009226, 0.0 ] ] } },
{ "type": "Feature", "properties": { "ua_id": "UA-R3-SSB-1K-047", "regiao_id": 3, "regiao_nome": "São Sebastião", "sigla_rodovia": "SP-055", "escala": "1K", "tipo": "SR", "extensao_km": 0.1729, "ordem_no_grupo": 47, "km_inicial": 125.692, "km_final": 125.919, "subtrecho_der": "055SPE6135", "municipio": "São Sebastião", "regional": "Taubaté", "residencia_dr": "DR 06", "uba_nome": "Caraguatatuba", "uba_codigo": "RC 06.04", "jurisdicao": "Estadual", "conservado_por": "05.04", "centroide_lon": -45.401043, "centroide_lat": -23.778036, "buffer_lateral_m": 1000, "icc_hid_thresholds": "60;85;110;126", "trecho_critico_hid": false, "RAHID": 0, "hazard": "hidro" }, "geometry": { "type": "LineString", "coordinates": [ [ -45.40141438723564, -23.777351470009226, 0.0 ], [ -45.401368651454327, -23.777561759697239, 0.0 ], [ -45.401148107484559, -23.777995850811969, 0.0 ], [ -45.401073081209837, -23.778071664553465, 0.0 ], [ -45.400820431624268, -23.778351661488625, 0.0 ], [ -45.400516015777903, -23.778638799688416, 0.0 ] ] } },
{ "type": "Feature", "properties": { "ua_id": "UA-R3-SSB-1K-048", "regiao_id": 3, "regiao_nome": "São Sebastião", "sigla_rodovia": "SP-055", "escala": "1K", "tipo": "SR", "extensao_km": 0.1729, "ordem_no_grupo": 48, "km_inicial": 125.919, "km_final": 126.146, "subtrecho_der": "055SPE6135", "municipio": "São Sebastião", "regional": "Taubaté", "residencia_dr": "DR 06", "uba_nome": "Caraguatatuba", "uba_codigo": "RC 06.04", "jurisdicao": "Estadual", "conservado_por": "05.04", "centroide_lon": -45.399942, "centroide_lat": -23.779214, "buffer_lateral_m": 1000, "icc_hid_thresholds": "60;85;110;126", "trecho_critico_hid": false, "RAHID": 0, "hazard": "hidro" }, "geometry": { "type": "LineString", "coordinates": [ [ -45.400516015777903, -23.778638799688416, 0.0 ], [ -45.400453050402298, -23.778698191124167, 0.0 ], [ -45.399601359987599, -23.779558785716432, 0.0 ], [ -45.399366755693556, -23.77978721430361, 0.0 ] ] } },
{ "type": "Feature", "properties": { "ua_id": "UA-R3-SSB-1K-049", "regiao_id": 3, "regiao_nome": "São Sebastião", "sigla_rodovia": "SP-055", "escala": "1K", "tipo": "SR", "extensao_km": 0.1729, "ordem_no_grupo": 49, "km_inicial": 126.146, "km_final": 126.373, "subtrecho_der": "055SPE6135", "municipio": "São Sebastião", "regional": "Taubaté", "residencia_dr": "DR 06", "uba_nome": "Caraguatatuba", "uba_codigo": "RC 06.04", "jurisdicao": "Estadual", "conservado_por": "05.04", "centroide_lon": -45.398776, "centroide_lat": -23.780346, "buffer_lateral_m": 1000, "icc_hid_thresholds": "60;85;110;126", "trecho_critico_hid": false, "RAHID": 0, "hazard": "hidro" }, "geometry": { "type": "LineString", "coordinates": [ [ -45.399366755693556, -23.77978721430361, 0.0 ], [ -45.399280040282456, -23.779871646733337, 0.0 ], [ -45.398642257362546, -23.780492629708135, 0.0 ], [ -45.398282069726086, -23.780783309200199, 0.0 ], [ -45.398148045967751, -23.780868330385317, 0.0 ] ] } },
{ "type": "Feature", "properties": { "ua_id": "UA-R3-SSB-1K-050", "regiao_id": 3, "regiao_nome": "São Sebastião", "sigla_rodovia": "SP-055", "escala": "1K", "tipo": "SR", "extensao_km": 0.1729, "ordem_no_grupo": 50, "km_inicial": 126.373, "km_final": 126.6, "subtrecho_der": "055SPE6135", "municipio": "São Sebastião", "regional": "Taubaté", "residencia_dr": "DR 06", "uba_nome": "Caraguatatuba", "uba_codigo": "RC 06.04", "jurisdicao": "Estadual", "conservado_por": "05.04", "centroide_lon": -45.397726, "centroide_lat": -23.78147, "buffer_lateral_m": 1000, "icc_hid_thresholds": "60;85;110;126", "trecho_critico_hid": false, "RAHID": 0, "hazard": "hidro" }, "geometry": { "type": "LineString", "coordinates": [ [ -45.398148045967751, -23.780868330385317, 0.0 ], [ -45.397814154861599, -23.781080141232156, 0.0 ], [ -45.397561074718219, -23.781514799154056, 0.0 ], [ -45.397601038556431, -23.781807898188344, 0.0 ], [ -45.397642020300999, -23.782033772704548, 0.0 ], [ -45.397696272799919, -23.782196893762858, 0.0 ] ] } },
{ "type": "Feature", "properties": { "ua_id": "UA-R3-SSB-1K-051", "regiao_id": 3, "regiao_nome": "São Sebastião", "sigla_rodovia": "SP-055", "escala": "1K", "tipo": "SR", "extensao_km": 0.1729, "ordem_no_grupo": 51, "km_inicial": 126.6, "km_final": 126.827, "subtrecho_der": "055SPE6135", "municipio": "São Sebastião", "regional": "Taubaté", "residencia_dr": "DR 06", "uba_nome": "Caraguatatuba", "uba_codigo": "RC 06.04", "jurisdicao": "Estadual", "conservado_por": "05.04", "centroide_lon": -45.398102, "centroide_lat": -23.782866, "buffer_lateral_m": 1000, "icc_hid_thresholds": "60;85;110;126", "trecho_critico_hid": false, "RAHID": 0, "hazard": "hidro" }, "geometry": { "type": "LineString", "coordinates": [ [ -45.397696272799919, -23.782196893762858, 0.0 ], [ -45.397816485955161, -23.782558337243504, 0.0 ], [ -45.398174557511588, -23.783017353113181, 0.0 ], [ -45.398591406057932, -23.783401238192859, 0.0 ], [ -45.398642195792277, -23.783460626971024, 0.0 ] ] } },
{ "type": "Feature", "properties": { "ua_id": "UA-R3-SSB-1K-052", "regiao_id": 3, "regiao_nome": "São Sebastião", "sigla_rodovia": "SP-055", "escala": "1K", "tipo": "SR", "extensao_km": 0.1729, "ordem_no_grupo": 52, "km_inicial": 126.827, "km_final": 127.054, "subtrecho_der": "055SPE6135", "municipio": "São Sebastião", "regional": "Taubaté", "residencia_dr": "DR 06", "uba_nome": "Caraguatatuba", "uba_codigo": "RC 06.04", "jurisdicao": "Estadual", "conservado_por": "05.04", "centroide_lon": -45.398969, "centroide_lat": -23.784155, "buffer_lateral_m": 1000, "icc_hid_thresholds": "60;85;110;126", "trecho_critico_hid": false, "RAHID": 0, "hazard": "hidro" }, "geometry": { "type": "LineString", "coordinates": [ [ -45.398642195792277, -23.783460626971024, 0.0 ], [ -45.39892026211195, -23.783785770515045, 0.0 ], [ -45.399050923668234, -23.784258459935835, 0.0 ], [ -45.399093608378877, -23.784761806491662, 0.0 ], [ -45.399070759273734, -23.784915301756758, 0.0 ] ] } },
{ "type": "Feature", "properties": { "ua_id": "UA-R3-SSB-1K-053", "regiao_id": 3, "regiao_nome": "São Sebastião", "sigla_rodovia": "SP-055", "escala": "1K", "tipo": "SR", "extensao_km": 0.1729, "ordem_no_grupo": 53, "km_inicial": 127.054, "km_final": 127.281, "subtrecho_der": "055SPE6135", "municipio": "São Sebastião", "regional": "Taubaté", "residencia_dr": "DR 06", "uba_nome": "Caraguatatuba", "uba_codigo": "RC 06.04", "jurisdicao": "Estadual", "conservado_por": "05.04", "centroide_lon": -45.398947, "centroide_lat": -23.785687, "buffer_lateral_m": 1000, "icc_hid_thresholds": "60;85;110;126", "trecho_critico_hid": false, "RAHID": 0, "hazard": "hidro" }, "geometry": { "type": "LineString", "coordinates": [ [ -45.399070759273734, -23.784915301756758, 0.0 ], [ -45.398986776592139, -23.78547947596336, 0.0 ], [ -45.398837397505822, -23.78632148700401, 0.0 ], [ -45.398807106411461, -23.786457363649678, 0.0 ] ] } },
{ "type": "Feature", "properties": { "ua_id": "UA-R3-SSB-1K-054", "regiao_id": 3, "regiao_nome": "São Sebastião", "sigla_rodovia": "SP-055", "escala": "1K", "tipo": "SR", "extensao_km": 0.1729, "ordem_no_grupo": 54, "km_inicial": 127.281, "km_final": 127.508, "subtrecho_der": "055SPE6135", "municipio": "São Sebastião", "regional": "Taubaté", "residencia_dr": "DR 06", "uba_nome": "Caraguatatuba", "uba_codigo": "RC 06.04", "jurisdicao": "Estadual", "conservado_por": "05.04", "centroide_lon": -45.398527, "centroide_lat": -23.787187, "buffer_lateral_m": 1000, "icc_hid_thresholds": "60;85;110;126", "trecho_critico_hid": false, "RAHID": 0, "hazard": "hidro" }, "geometry": { "type": "LineString", "coordinates": [ [ -45.398807106411461, -23.786457363649678, 0.0 ], [ -45.398712671857282, -23.78688096656721, 0.0 ], [ -45.398464150523118, -23.78736019364143, 0.0 ], [ -45.398173710256579, -23.787828761986717, 0.0 ], [ -45.398147948803953, -23.787882190537992, 0.0 ] ] } },
{ "type": "Feature", "properties": { "ua_id": "UA-R3-SSB-1K-055", "regiao_id": 3, "regiao_nome": "São Sebastião", "sigla_rodovia": "SP-055", "escala": "1K", "tipo": "SR", "extensao_km": 0.1729, "ordem_no_grupo": 55, "km_inicial": 127.508, "km_final": 127.735, "subtrecho_der": "055SPE6135", "municipio": "São Sebastião", "regional": "Taubaté", "residencia_dr": "DR 06", "uba_nome": "Caraguatatuba", "uba_codigo": "RC 06.04", "jurisdicao": "Estadual", "conservado_por": "05.04", "centroide_lon": -45.398035, "centroide_lat": -23.788618, "buffer_lateral_m": 1000, "icc_hid_thresholds": "60;85;110;126", "trecho_critico_hid": false, "RAHID": 0, "hazard": "hidro" }, "geometry": { "type": "LineString", "coordinates": [ [ -45.398147948803953, -23.787882190537992, 0.0 ], [ -45.397932382984436, -23.788329266316499, 0.0 ], [ -45.397976258938947, -23.788780913558266, 0.0 ], [ -45.397976955391385, -23.788845126406713, 0.0 ], [ -45.398221674456821, -23.789338952525181, 0.0 ], [ -45.39822673602167, -23.789349781235018, 0.0 ] ] } },
{ "type": "Feature", "properties": { "ua_id": "UA-R3-SSB-1K-056", "regiao_id": 3, "regiao_nome": "São Sebastião", "sigla_rodovia": "SP-055", "escala": "1K", "tipo": "SR", "extensao_km": 0.1729, "ordem_no_grupo": 56, "km_inicial": 127.735, "km_final": 127.962, "subtrecho_der": "055SPE6135", "municipio": "São Sebastião", "regional": "Taubaté", "residencia_dr": "DR 06", "uba_nome": "Caraguatatuba", "uba_codigo": "RC 06.04", "jurisdicao": "Estadual", "conservado_por": "05.04", "centroide_lon": -45.398562, "centroide_lat": -23.790067, "buffer_lateral_m": 1000, "icc_hid_thresholds": "60;85;110;126", "trecho_critico_hid": false, "RAHID": 0, "hazard": "hidro" }, "geometry": { "type": "LineString", "coordinates": [ [ -45.39822673602167, -23.789349781235018, 0.0 ], [ -45.398897147432272, -23.790784041365686, 0.0 ] ] } },
{ "type": "Feature", "properties": { "ua_id": "UA-R3-SSB-1K-057", "regiao_id": 3, "regiao_nome": "São Sebastião", "sigla_rodovia": "SP-055", "escala": "1K", "tipo": "SR", "extensao_km": 0.1729, "ordem_no_grupo": 57, "km_inicial": 127.962, "km_final": 128.189, "subtrecho_der": "055SPE6135", "municipio": "São Sebastião", "regional": "Taubaté", "residencia_dr": "DR 06", "uba_nome": "Caraguatatuba", "uba_codigo": "RC 06.04", "jurisdicao": "Estadual", "conservado_por": "05.04", "centroide_lon": -45.399238, "centroide_lat": -23.791499, "buffer_lateral_m": 1000, "icc_hid_thresholds": "60;85;110;126", "trecho_critico_hid": false, "RAHID": 0, "hazard": "hidro" }, "geometry": { "type": "LineString", "coordinates": [ [ -45.398897147432272, -23.790784041365686, 0.0 ], [ -45.39934509098692, -23.791742340086458, 0.0 ], [ -45.399473681344169, -23.791956190598967, 0.0 ], [ -45.399590125260232, -23.792208062573955, 0.0 ] ] } },
{ "type": "Feature", "properties": { "ua_id": "UA-R3-SSB-1K-058", "regiao_id": 3, "regiao_nome": "São Sebastião", "sigla_rodovia": "SP-055", "escala": "1K", "tipo": "SR", "extensao_km": 0.1729, "ordem_no_grupo": 58, "km_inicial": 128.189, "km_final": 128.416, "subtrecho_der": "055SPE6135", "municipio": "São Sebastião", "regional": "Taubaté", "residencia_dr": "DR 06", "uba_nome": "Caraguatatuba", "uba_codigo": "RC 06.04", "jurisdicao": "Estadual", "conservado_por": "05.04", "centroide_lon": -45.399779, "centroide_lat": -23.792966, "buffer_lateral_m": 1000, "icc_hid_thresholds": "60;85;110;126", "trecho_critico_hid": false, "RAHID": 0, "hazard": "hidro" }, "geometry": { "type": "LineString", "coordinates": [ [ -45.399590125260232, -23.792208062573955, 0.0 ], [ -45.399601617068413, -23.792232919669637, 0.0 ], [ -45.399646513139125, -23.79258828938146, 0.0 ], [ -45.399687684753566, -23.792731149401632, 0.0 ], [ -45.399862936059499, -23.793232615460791, 0.0 ], [ -45.400011078471728, -23.793715726250074, 0.0 ] ] } },
{ "type": "Feature", "properties": { "ua_id": "UA-R3-SSB-1K-059", "regiao_id": 3, "regiao_nome": "São Sebastião", "sigla_rodovia": "SP-055", "escala": "1K", "tipo": "SR", "extensao_km": 0.1729, "ordem_no_grupo": 59, "km_inicial": 128.416, "km_final": 128.643, "subtrecho_der": "055SPE6135", "municipio": "São Sebastião", "regional": "Taubaté", "residencia_dr": "DR 06", "uba_nome": "Caraguatatuba", "uba_codigo": "RC 06.04", "jurisdicao": "Estadual", "conservado_por": "05.04", "centroide_lon": -45.400274, "centroide_lat": -23.794458, "buffer_lateral_m": 1000, "icc_hid_thresholds": "60;85;110;126", "trecho_critico_hid": false, "RAHID": 0, "hazard": "hidro" }, "geometry": { "type": "LineString", "coordinates": [ [ -45.400011078471728, -23.793715726250074, 0.0 ], [ -45.400027858434193, -23.793770447547523, 0.0 ], [ -45.400256506081902, -23.794392167794289, 0.0 ], [ -45.400531273617169, -23.795201697329041, 0.0 ] ] } },
{ "type": "Feature", "properties": { "ua_id": "UA-R3-SSB-1K-060", "regiao_id": 3, "regiao_nome": "São Sebastião", "sigla_rodovia": "SP-055", "escala": "1K", "tipo": "SR", "extensao_km": 0.1479, "ordem_no_grupo": 60, "km_inicial": 128.643, "km_final": 128.837, "subtrecho_der": "055SPE6135", "municipio": "São Sebastião", "regional": "Taubaté", "residencia_dr": "DR 06", "uba_nome": "Caraguatatuba", "uba_codigo": "RC 06.04", "jurisdicao": "Estadual", "conservado_por": "05.04", "centroide_lon": -45.400749, "centroide_lat": -23.795839, "buffer_lateral_m": 1000, "icc_hid_thresholds": "60;85;110;126", "trecho_critico_hid": false, "RAHID": 0, "hazard": "hidro" }, "geometry": { "type": "LineString", "coordinates": [ [ -45.400531273617169, -23.795201697329041, 0.0 ], [ -45.4007462457418, -23.795835048001134, 0.0 ], [ -45.400968749732208, -23.796475155238262, 0.0 ] ] } },
{ "type": "Feature", "properties": { "ua_id": "UA-R3-SSB-1K-061", "regiao_id": 3, "regiao_nome": "São Sebastião", "sigla_rodovia": "SP-055", "escala": "1K", "tipo": "SR", "extensao_km": 0.1729, "ordem_no_grupo": 61, "km_inicial": 150.271, "km_final": 150.428, "subtrecho_der": "055SPE2091", "municipio": "São Sebastião", "regional": "Taubaté", "residencia_dr": "DR 06", "uba_nome": "Caraguatatuba", "uba_codigo": "RC 06.04", "jurisdicao": "Estadual", "conservado_por": "05.04", "centroide_lon": -45.421791, "centroide_lat": -23.823639, "buffer_lateral_m": 1000, "icc_hid_thresholds": "60;85;110;126", "trecho_critico_hid": false, "RAHID": 0, "hazard": "hidro" }, "geometry": { "type": "LineString", "coordinates": [ [ -45.421207125772852, -23.823102750872071, 0.0 ], [ -45.421280937348506, -23.823242830366993, 0.0 ], [ -45.421374443496482, -23.823358141114994, 0.0 ], [ -45.421624694760951, -23.823580078035093, 0.0 ], [ -45.421753159792495, -23.823648758193542, 0.0 ], [ -45.421938810741047, -23.823719427099139, 0.0 ], [ -45.422084964691081, -23.823796079740866, 0.0 ], [ -45.422190707284045, -23.82388267842467, 0.0 ], [ -45.422316681907368, -23.824020400240592, 0.0 ], [ -45.422359047124367, -23.824128974784895, 0.0 ], [ -45.422394038202512, -23.824152894171796, 0.0 ] ] } },
{ "type": "Feature", "properties": { "ua_id": "UA-R3-SSB-1K-062", "regiao_id": 3, "regiao_nome": "São Sebastião", "sigla_rodovia": "SP-055", "escala": "1K", "tipo": "SR", "extensao_km": 0.1729, "ordem_no_grupo": 62, "km_inicial": 150.115, "km_final": 150.271, "subtrecho_der": "055SPE2091", "municipio": "São Sebastião", "regional": "Taubaté", "residencia_dr": "DR 06", "uba_nome": "Caraguatatuba", "uba_codigo": "RC 06.04", "jurisdicao": "Estadual", "conservado_por": "05.04", "centroide_lon": -45.423197, "centroide_lat": -23.824201, "buffer_lateral_m": 1000, "icc_hid_thresholds": "60;85;110;126", "trecho_critico_hid": false, "RAHID": 0, "hazard": "hidro" }, "geometry": { "type": "LineString", "coordinates": [ [ -45.422394038202512, -23.824152894171796, 0.0 ], [ -45.42246323342809, -23.824200194961488, 0.0 ], [ -45.422587350710742, -23.824228873765442, 0.0 ], [ -45.422822463607041, -23.824223476615646, 0.0 ], [ -45.423367819938029, -23.82413230314523, 0.0 ], [ -45.423659660320396, -23.824129830109495, 0.0 ], [ -45.42375744698505, -23.824205420677188, 0.0 ], [ -45.423828715572895, -23.824300639402605, 0.0 ], [ -45.423808772469549, -23.824413101857573, 0.0 ], [ -45.423813890425961, -23.824435039980624, 0.0 ] ] } },
{ "type": "Feature", "properties": { "ua_id": "UA-R3-SSB-1K-063", "regiao_id": 3, "regiao_nome": "São Sebastião", "sigla_rodovia": "SP-055", "escala": "1K", "tipo": "SR", "extensao_km": 0.1729, "ordem_no_grupo": 63, "km_inicial": 149.958, "km_final": 150.115, "subtrecho_der": "055SPE2091", "municipio": "São Sebastião", "regional": "Taubaté", "residencia_dr": "DR 06", "uba_nome": "Caraguatatuba", "uba_codigo": "RC 06.04", "jurisdicao": "Estadual", "conservado_por": "05.04", "centroide_lon": -45.424423, "centroide_lat": -23.824609, "buffer_lateral_m": 1000, "icc_hid_thresholds": "60;85;110;126", "trecho_critico_hid": false, "RAHID": 0, "hazard": "hidro" }, "geometry": { "type": "LineString", "coordinates": [ [ -45.423813890425961, -23.824435039980624, 0.0 ], [ -45.423847347763406, -23.824578454682218, 0.0 ], [ -45.423906340818455, -23.824701066086025, 0.0 ], [ -45.423969516954301, -23.824750988399916, 0.0 ], [ -45.42406166430046, -23.824760498697998, 0.0 ], [ -45.424205651084229, -23.824742089137171, 0.0 ], [ -45.424430099530532, -23.824667622500222, 0.0 ], [ -45.424934666446504, -23.824461037421976, 0.0 ], [ -45.425004539816157, -23.824458120043932, 0.0 ], [ -45.425077675786461, -23.824486877387535, 0.0 ], [ -45.425122314800475, -23.824547718037316, 0.0 ], [ -45.42511417564716, -23.824593502343905, 0.0 ] ] } },
{ "type": "Feature", "properties": { "ua_id": "UA-R3-SSB-1K-064", "regiao_id": 3, "regiao_nome": "São Sebastião", "sigla_rodovia": "SP-055", "escala": "1K", "tipo": "SR", "extensao_km": 0.1729, "ordem_no_grupo": 64, "km_inicial": 149.801, "km_final": 149.958, "subtrecho_der": "055SPE2091", "municipio": "São Sebastião", "regional": "Taubaté", "residencia_dr": "DR 06", "uba_nome": "Caraguatatuba", "uba_codigo": "RC 06.04", "jurisdicao": "Estadual", "conservado_por": "05.04", "centroide_lon": -45.42504, "centroide_lat": -23.825337, "buffer_lateral_m": 1000, "icc_hid_thresholds": "60;85;110;126", "trecho_critico_hid": false, "RAHID": 0, "hazard": "hidro" }, "geometry": { "type": "LineString", "coordinates": [ [ -45.42511417564716, -23.824593502343905, 0.0 ], [ -45.425101996957558, -23.824662009762534, 0.0 ], [ -45.425018707991136, -23.8248983213172, 0.0 ], [ -45.424984569108616, -23.824963117780356, 0.0 ], [ -45.424943610484632, -23.825070606674082, 0.0 ], [ -45.424915266196535, -23.825186601692565, 0.0 ], [ -45.425022480842493, -23.825636538095093, 0.0 ], [ -45.425105000571527, -23.825825517550676, 0.0 ], [ -45.42523579630415, -23.825982769124384, 0.0 ], [ -45.425302239444953, -23.82602856335772, 0.0 ] ] } },
{ "type": "Feature", "properties": { "ua_id": "UA-R3-SSB-1K-065", "regiao_id": 3, "regiao_nome": "São Sebastião", "sigla_rodovia": "SP-055", "escala": "1K", "tipo": "SR", "extensao_km": 0.1729, "ordem_no_grupo": 65, "km_inicial": 149.645, "km_final": 149.801, "subtrecho_der": "055SPE2091", "municipio": "São Sebastião", "regional": "Taubaté", "residencia_dr": "DR 06", "uba_nome": "Caraguatatuba", "uba_codigo": "RC 06.04", "jurisdicao": "Estadual", "conservado_por": "05.04", "centroide_lon": -45.426068, "centroide_lat": -23.826059, "buffer_lateral_m": 1000, "icc_hid_thresholds": "60;85;110;126", "trecho_critico_hid": false, "RAHID": 0, "hazard": "hidro" }, "geometry": { "type": "LineString", "coordinates": [ [ -45.425302239444953, -23.82602856335772, 0.0 ], [ -45.425433532885712, -23.826119053818598, 0.0 ], [ -45.425657603502692, -23.82620683761354, 0.0 ], [ -45.425869411315766, -23.826210930172952, 0.0 ], [ -45.426148791874262, -23.826134157882787, 0.0 ], [ -45.426395011301729, -23.825973530628733, 0.0 ], [ -45.426657229386556, -23.825859665049066, 0.0 ], [ -45.426813447716697, -23.825753321971593, 0.0 ] ] } },
{ "type": "Feature", "properties": { "ua_id": "UA-R3-SSB-1K-066", "regiao_id": 3, "regiao_nome": "São Sebastião", "sigla_rodovia": "SP-055", "escala": "1K", "tipo": "SR", "extensao_km": 0.1729, "ordem_no_grupo": 66, "km_inicial": 149.488, "km_final": 149.645, "subtrecho_der": "055SPE2091", "municipio": "São Sebastião", "regional": "Taubaté", "residencia_dr": "DR 06", "uba_nome": "Caraguatatuba", "uba_codigo": "RC 06.04", "jurisdicao": "Estadual", "conservado_por": "05.04", "centroide_lon": -45.427434, "centroide_lat": -23.825228, "buffer_lateral_m": 1000, "icc_hid_thresholds": "60;85;110;126", "trecho_critico_hid": false, "RAHID": 0, "hazard": "hidro" }, "geometry": { "type": "LineString", "coordinates": [ [ -45.426813447716697, -23.825753321971593, 0.0 ], [ -45.426891306788541, -23.825700320556404, 0.0 ], [ -45.427256605431296, -23.825444945096542, 0.0 ], [ -45.42762545029214, -23.825058349514549, 0.0 ], [ -45.427881936276577, -23.824776469587487, 0.0 ], [ -45.427977775188722, -23.824633309441634, 0.0 ] ] } },
{ "type": "Feature", "properties": { "ua_id": "UA-R3-SSB-1K-067", "regiao_id": 3, "regiao_nome": "São Sebastião", "sigla_rodovia": "SP-055", "escala": "1K", "tipo": "SR", "extensao_km": 0.1729, "ordem_no_grupo": 67, "km_inicial": 149.332, "km_final": 149.488, "subtrecho_der": "055SPE2091", "municipio": "São Sebastião", "regional": "Taubaté", "residencia_dr": "DR 06", "uba_nome": "Caraguatatuba", "uba_codigo": "RC 06.04", "jurisdicao": "Estadual", "conservado_por": "05.04", "centroide_lon": -45.428508, "centroide_lat": -23.8241, "buffer_lateral_m": 1000, "icc_hid_thresholds": "60;85;110;126", "trecho_critico_hid": false, "RAHID": 0, "hazard": "hidro" }, "geometry": { "type": "LineString", "coordinates": [ [ -45.427977775188722, -23.824633309441634, 0.0 ], [ -45.428106871086896, -23.824440470819134, 0.0 ], [ -45.428282108827375, -23.824131261895822, 0.0 ], [ -45.428441073207431, -23.82395588014375, 0.0 ], [ -45.428606296474015, -23.823887977413371, 0.0 ], [ -45.428798712982768, -23.823865825584196, 0.0 ], [ -45.428985975875527, -23.82388312751657, 0.0 ], [ -45.429230212209681, -23.823966768961625, 0.0 ] ] } },
{ "type": "Feature", "properties": { "ua_id": "UA-R3-SSB-1K-068", "regiao_id": 3, "regiao_nome": "São Sebastião", "sigla_rodovia": "SP-055", "escala": "1K", "tipo": "SR", "extensao_km": 0.1729, "ordem_no_grupo": 68, "km_inicial": 149.175, "km_final": 149.332, "subtrecho_der": "055SPE2091", "municipio": "São Sebastião", "regional": "Taubaté", "residencia_dr": "DR 06", "uba_nome": "Caraguatatuba", "uba_codigo": "RC 06.04", "jurisdicao": "Estadual", "conservado_por": "05.04", "centroide_lon": -45.430044, "centroide_lat": -23.824131, "buffer_lateral_m": 1000, "icc_hid_thresholds": "60;85;110;126", "trecho_critico_hid": false, "RAHID": 0, "hazard": "hidro" }, "geometry": { "type": "LineString", "coordinates": [ [ -45.429230212209681, -23.823966768961625, 0.0 ], [ -45.42931162780544, -23.823994650525989, 0.0 ], [ -45.429504045948029, -23.824069072695455, 0.0 ], [ -45.42963931836848, -23.824136636995096, 0.0 ], [ -45.430304316211306, -23.824173072367266, 0.0 ], [ -45.430885699736358, -23.824165184970383, 0.0 ] ] } },
{ "type": "Feature", "properties": { "ua_id": "UA-R3-SSB-1K-069", "regiao_id": 3, "regiao_nome": "São Sebastião", "sigla_rodovia": "SP-055", "escala": "1K", "tipo": "SR", "extensao_km": 0.1729, "ordem_no_grupo": 69, "km_inicial": 149.018, "km_final": 149.175, "subtrecho_der": "055SPE2091", "municipio": "São Sebastião", "regional": "Taubaté", "residencia_dr": "DR 06", "uba_nome": "Caraguatatuba", "uba_codigo": "RC 06.04", "jurisdicao": "Estadual", "conservado_por": "05.04", "centroide_lon": -45.431713, "centroide_lat": -23.824093, "buffer_lateral_m": 1000, "icc_hid_thresholds": "60;85;110;126", "trecho_critico_hid": false, "RAHID": 0, "hazard": "hidro" }, "geometry": { "type": "LineString", "coordinates": [ [ -45.430885699736358, -23.824165184970383, 0.0 ], [ -45.43170441429087, -23.824154074080599, 0.0 ], [ -45.431876942368845, -23.824157693479258, 0.0 ], [ -45.432075899617324, -23.824084877815416, 0.0 ], [ -45.432328453400281, -23.823928808421631, 0.0 ], [ -45.432392585063539, -23.823824737651726, 0.0 ], [ -45.432406102304029, -23.823773448205582, 0.0 ] ] } },
{ "type": "Feature", "properties": { "ua_id": "UA-R3-SSB-1K-070", "regiao_id": 3, "regiao_nome": "São Sebastião", "sigla_rodovia": "SP-055", "escala": "1K", "tipo": "SR", "extensao_km": 0.1729, "ordem_no_grupo": 70, "km_inicial": 148.862, "km_final": 149.018, "subtrecho_der": "055SPE2091", "municipio": "São Sebastião", "regional": "Taubaté", "residencia_dr": "DR 06", "uba_nome": "Caraguatatuba", "uba_codigo": "RC 06.04", "jurisdicao": "Estadual", "conservado_por": "05.04", "centroide_lon": -45.432928, "centroide_lat": -23.82325, "buffer_lateral_m": 1000, "icc_hid_thresholds": "60;85;110;126", "trecho_critico_hid": false, "RAHID": 0, "hazard": "hidro" }, "geometry": { "type": "LineString", "coordinates": [ [ -45.432406102304029, -23.823773448205582, 0.0 ], [ -45.432483059174395, -23.823481444398759, 0.0 ], [ -45.432719103003031, -23.823231699907037, 0.0 ], [ -45.43301752357074, -23.82314678439419, 0.0 ], [ -45.433482168157482, -23.822998283655586, 0.0 ], [ -45.433684936801392, -23.822962164896204, 0.0 ] ] } },
{ "type": "Feature", "properties": { "ua_id": "UA-R3-SSB-1K-071", "regiao_id": 3, "regiao_nome": "São Sebastião", "sigla_rodovia": "SP-055", "escala": "1K", "tipo": "SR", "extensao_km": 0.1729, "ordem_no_grupo": 71, "km_inicial": 148.705, "km_final": 148.862, "subtrecho_der": "055SPE2091", "municipio": "São Sebastião", "regional": "Taubaté", "residencia_dr": "DR 06", "uba_nome": "Caraguatatuba", "uba_codigo": "RC 06.04", "jurisdicao": "Estadual", "conservado_por": "05.04", "centroide_lon": -45.434505, "centroide_lat": -23.822769, "buffer_lateral_m": 1000, "icc_hid_thresholds": "60;85;110;126", "trecho_critico_hid": false, "RAHID": 0, "hazard": "hidro" }, "geometry": { "type": "LineString", "coordinates": [ [ -45.433684936801392, -23.822962164896204, 0.0 ], [ -45.434213194357767, -23.822868066126691, 0.0 ], [ -45.434965940986054, -23.822655716530317, 0.0 ], [ -45.435291447387009, -23.822490574784865, 0.0 ] ] } },
{ "type": "Feature", "properties": { "ua_id": "UA-R3-SSB-1K-072", "regiao_id": 3, "regiao_nome": "São Sebastião", "sigla_rodovia": "SP-055", "escala": "1K", "tipo": "SR", "extensao_km": 0.1729, "ordem_no_grupo": 72, "km_inicial": 148.548, "km_final": 148.705, "subtrecho_der": "055SPE2091", "municipio": "São Sebastião", "regional": "Taubaté", "residencia_dr": "DR 06", "uba_nome": "Caraguatatuba", "uba_codigo": "RC 06.04", "jurisdicao": "Estadual", "conservado_por": "05.04", "centroide_lon": -45.435731, "centroide_lat": -23.821932, "buffer_lateral_m": 1000, "icc_hid_thresholds": "60;85;110;126", "trecho_critico_hid": false, "RAHID": 0, "hazard": "hidro" }, "geometry": { "type": "LineString", "coordinates": [ [ -45.435291447387009, -23.822490574784865, 0.0 ], [ -45.435667283975739, -23.822299897256514, 0.0 ], [ -45.435783658955046, -23.82223177850706, 0.0 ], [ -45.435823975735431, -23.821926301630462, 0.0 ], [ -45.435836622968807, -23.821299136866337, 0.0 ], [ -45.435911317924756, -23.821220329810217, 0.0 ] ] } },
{ "type": "Feature", "properties": { "ua_id": "UA-R3-SSB-1K-073", "regiao_id": 3, "regiao_nome": "São Sebastião", "sigla_rodovia": "SP-055", "escala": "1K", "tipo": "SR", "extensao_km": 0.1729, "ordem_no_grupo": 73, "km_inicial": 148.392, "km_final": 148.548, "subtrecho_der": "055SPE2091", "municipio": "São Sebastião", "regional": "Taubaté", "residencia_dr": "DR 06", "uba_nome": "Caraguatatuba", "uba_codigo": "RC 06.04", "jurisdicao": "Estadual", "conservado_por": "05.04", "centroide_lon": -45.436597, "centroide_lat": -23.820785, "buffer_lateral_m": 1000, "icc_hid_thresholds": "60;85;110;126", "trecho_critico_hid": false, "RAHID": 0, "hazard": "hidro" }, "geometry": { "type": "LineString", "coordinates": [ [ -45.435911317924756, -23.821220329810217, 0.0 ], [ -45.436138886504992, -23.820980232339114, 0.0 ], [ -45.437349093703176, -23.820428114700729, 0.0 ] ] } },
{ "type": "Feature", "properties": { "ua_id": "UA-R3-SSB-1K-074", "regiao_id": 3, "regiao_nome": "São Sebastião", "sigla_rodovia": "SP-055", "escala": "1K", "tipo": "SR", "extensao_km": 0.1729, "ordem_no_grupo": 74, "km_inicial": 148.235, "km_final": 148.392, "subtrecho_der": "055SPE2091", "municipio": "São Sebastião", "regional": "Taubaté", "residencia_dr": "DR 06", "uba_nome": "Caraguatatuba", "uba_codigo": "RC 06.04", "jurisdicao": "Estadual", "conservado_por": "05.04", "centroide_lon": -45.438112, "centroide_lat": -23.820086, "buffer_lateral_m": 1000, "icc_hid_thresholds": "60;85;110;126", "trecho_critico_hid": false, "RAHID": 0, "hazard": "hidro" }, "geometry": { "type": "LineString", "coordinates": [ [ -45.437349093703176, -23.820428114700729, 0.0 ], [ -45.438488394476018, -23.819908332911211, 0.0 ], [ -45.438699427264218, -23.819839628668181, 0.0 ], [ -45.43888755811161, -23.819773126312718, 0.0 ] ] } },
{ "type": "Feature", "properties": { "ua_id": "UA-R3-SSB-1K-075", "regiao_id": 3, "regiao_nome": "São Sebastião", "sigla_rodovia": "SP-055", "escala": "1K", "tipo": "SR", "extensao_km": 0.1729, "ordem_no_grupo": 75, "km_inicial": 148.079, "km_final": 148.235, "subtrecho_der": "055SPE2091", "municipio": "São Sebastião", "regional": "Taubaté", "residencia_dr": "DR 06", "uba_nome": "Caraguatatuba", "uba_codigo": "RC 06.04", "jurisdicao": "Estadual", "conservado_por": "05.04", "centroide_lon": -45.439384, "centroide_lat": -23.820241, "buffer_lateral_m": 1000, "icc_hid_thresholds": "60;85;110;126", "trecho_critico_hid": false, "RAHID": 0, "hazard": "hidro" }, "geometry": { "type": "LineString", "coordinates": [ [ -45.43888755811161, -23.819773126312718, 0.0 ], [ -45.438954650285162, -23.819749409834955, 0.0 ], [ -45.439008823520169, -23.819734810337124, 0.0 ], [ -45.439103729518997, -23.819744621678581, 0.0 ], [ -45.439199778530401, -23.819814743100373, 0.0 ], [ -45.439298664347376, -23.81992387419006, 0.0 ], [ -45.439323500252669, -23.820026046847484, 0.0 ], [ -45.439397642501724, -23.820247649130003, 0.0 ], [ -45.439504530330012, -23.820593273997211, 0.0 ], [ -45.439602343652126, -23.820698662138387, 0.0 ], [ -45.439688048806396, -23.820754369031203, 0.0 ], [ -45.439865103707845, -23.820801170173667, 0.0 ] ] } },
{ "type": "Feature", "properties": { "ua_id": "UA-R3-SSB-1K-076", "regiao_id": 3, "regiao_nome": "São Sebastião", "sigla_rodovia": "SP-055", "escala": "1K", "tipo": "SR", "extensao_km": 0.1729, "ordem_no_grupo": 76, "km_inicial": 147.922, "km_final": 148.079, "subtrecho_der": "055SPE2091", "municipio": "São Sebastião", "regional": "Taubaté", "residencia_dr": "DR 06", "uba_nome": "Caraguatatuba", "uba_codigo": "RC 06.04", "jurisdicao": "Estadual", "conservado_por": "05.04", "centroide_lon": -45.44047, "centroide_lat": -23.821283, "buffer_lateral_m": 1000, "icc_hid_thresholds": "60;85;110;126", "trecho_critico_hid": false, "RAHID": 0, "hazard": "hidro" }, "geometry": { "type": "LineString", "coordinates": [ [ -45.439865103707845, -23.820801170173667, 0.0 ], [ -45.439978528618227, -23.820831151796241, 0.0 ], [ -45.440115058258826, -23.820843802063905, 0.0 ], [ -45.440284166990295, -23.821010769420621, 0.0 ], [ -45.440654064688175, -23.821427025568092, 0.0 ], [ -45.440910938496209, -23.821935403122794, 0.0 ] ] } },
{ "type": "Feature", "properties": { "ua_id": "UA-R3-SSB-1K-077", "regiao_id": 3, "regiao_nome": "São Sebastião", "sigla_rodovia": "SP-055", "escala": "1K", "tipo": "SR", "extensao_km": 0.1729, "ordem_no_grupo": 77, "km_inicial": 147.765, "km_final": 147.922, "subtrecho_der": "055SPE2091", "municipio": "São Sebastião", "regional": "Taubaté", "residencia_dr": "DR 06", "uba_nome": "Caraguatatuba", "uba_codigo": "RC 06.04", "jurisdicao": "Estadual", "conservado_por": "05.04", "centroide_lon": -45.441177, "centroide_lat": -23.822654, "buffer_lateral_m": 1000, "icc_hid_thresholds": "60;85;110;126", "trecho_critico_hid": false, "RAHID": 0, "hazard": "hidro" }, "geometry": { "type": "LineString", "coordinates": [ [ -45.440910938496209, -23.821935403122794, 0.0 ], [ -45.440982621968502, -23.822077270688435, 0.0 ], [ -45.441004518378392, -23.822355489573432, 0.0 ], [ -45.441068758303686, -23.8224528430848, 0.0 ], [ -45.441131429155611, -23.82253053821545, 0.0 ], [ -45.441329038866101, -23.822840370807008, 0.0 ], [ -45.441364356410894, -23.822991203474885, 0.0 ], [ -45.441362582397382, -23.823080296808509, 0.0 ], [ -45.44131298558537, -23.823342687437304, 0.0 ], [ -45.44131507208801, -23.823388952795405, 0.0 ] ] } },
{ "type": "Feature", "properties": { "ua_id": "UA-R3-SSB-1K-078", "regiao_id": 3, "regiao_nome": "São Sebastião", "sigla_rodovia": "SP-055", "escala": "1K", "tipo": "SR", "extensao_km": 0.1729, "ordem_no_grupo": 78, "km_inicial": 147.609, "km_final": 147.765, "subtrecho_der": "055SPE2091", "municipio": "São Sebastião", "regional": "Taubaté", "residencia_dr": "DR 06", "uba_nome": "Caraguatatuba", "uba_codigo": "RC 06.04", "jurisdicao": "Estadual", "conservado_por": "05.04", "centroide_lon": -45.441632, "centroide_lat": -23.824081, "buffer_lateral_m": 1000, "icc_hid_thresholds": "60;85;110;126", "trecho_critico_hid": false, "RAHID": 0, "hazard": "hidro" }, "geometry": { "type": "LineString", "coordinates": [ [ -45.44131507208801, -23.823388952795405, 0.0 ], [ -45.441320481619734, -23.823508901619732, 0.0 ], [ -45.441396103327129, -23.823652097014314, 0.0 ], [ -45.441515753220742, -23.823814048997832, 0.0 ], [ -45.441568508621096, -23.824112807080581, 0.0 ], [ -45.441621681686492, -23.82427693283497, 0.0 ], [ -45.441737709750605, -23.824388502196449, 0.0 ], [ -45.441960742432073, -23.824531861232636, 0.0 ], [ -45.442139859576749, -23.824658110837344, 0.0 ] ] } },
{ "type": "Feature", "properties": { "ua_id": "UA-R3-SSB-1K-079", "regiao_id": 3, "regiao_nome": "São Sebastião", "sigla_rodovia": "SP-055", "escala": "1K", "tipo": "SR", "extensao_km": 0.1729, "ordem_no_grupo": 79, "km_inicial": 147.452, "km_final": 147.609, "subtrecho_der": "055SPE2091", "municipio": "São Sebastião", "regional": "Taubaté", "residencia_dr": "DR 06", "uba_nome": "Caraguatatuba", "uba_codigo": "RC 06.04", "jurisdicao": "Estadual", "conservado_por": "05.04", "centroide_lon": -45.442773, "centroide_lat": -23.82451, "buffer_lateral_m": 1000, "icc_hid_thresholds": "60;85;110;126", "trecho_critico_hid": false, "RAHID": 0, "hazard": "hidro" }, "geometry": { "type": "LineString", "coordinates": [ [ -45.442139859576749, -23.824658110837344, 0.0 ], [ -45.442325547758038, -23.824788991512236, 0.0 ], [ -45.442438038518468, -23.824820759509798, 0.0 ], [ -45.442515080535081, -23.82482286447549, 0.0 ], [ -45.442614823144055, -23.82479509701998, 0.0 ], [ -45.44269030334334, -23.82476065836866, 0.0 ], [ -45.4427929964302, -23.824558966682702, 0.0 ], [ -45.442862131139044, -23.824426831788912, 0.0 ], [ -45.442972387046531, -23.824287283318981, 0.0 ], [ -45.443077231209642, -23.824210327113452, 0.0 ], [ -45.443173465271052, -23.8241778218303, 0.0 ], [ -45.443389856133443, -23.824054863784827, 0.0 ] ] } },
{ "type": "Feature", "properties": { "ua_id": "UA-R3-SSB-1K-080", "regiao_id": 3, "regiao_nome": "São Sebastião", "sigla_rodovia": "SP-055", "escala": "1K", "tipo": "SR", "extensao_km": 0.1729, "ordem_no_grupo": 80, "km_inicial": 147.296, "km_final": 147.452, "subtrecho_der": "055SPE2091", "municipio": "São Sebastião", "regional": "Taubaté", "residencia_dr": "DR 06", "uba_nome": "Caraguatatuba", "uba_codigo": "RC 06.04", "jurisdicao": "Estadual", "conservado_por": "05.04", "centroide_lon": -45.443815, "centroide_lat": -23.823423, "buffer_lateral_m": 1000, "icc_hid_thresholds": "60;85;110;126", "trecho_critico_hid": false, "RAHID": 0, "hazard": "hidro" }, "geometry": { "type": "LineString", "coordinates": [ [ -45.443389856133443, -23.824054863784827, 0.0 ], [ -45.44357386278093, -23.823950306742745, 0.0 ], [ -45.443735719398937, -23.823710309537113, 0.0 ], [ -45.443786642156816, -23.823453124769571, 0.0 ], [ -45.443870021475682, -23.82319188637414, 0.0 ], [ -45.443924060393357, -23.823073844576449, 0.0 ], [ -45.444052837498127, -23.82292545516443, 0.0 ], [ -45.444251175299271, -23.822818368738819, 0.0 ], [ -45.444269215204102, -23.822816699252975, 0.0 ] ] } },
{ "type": "Feature", "properties": { "ua_id": "UA-R3-SSB-1K-081", "regiao_id": 3, "regiao_nome": "São Sebastião", "sigla_rodovia": "SP-055", "escala": "1K", "tipo": "SR", "extensao_km": 0.1729, "ordem_no_grupo": 81, "km_inicial": 147.139, "km_final": 147.296, "subtrecho_der": "055SPE2091", "municipio": "São Sebastião", "regional": "Taubaté", "residencia_dr": "DR 06", "uba_nome": "Caraguatatuba", "uba_codigo": "RC 06.04", "jurisdicao": "Estadual", "conservado_por": "05.04", "centroide_lon": -45.445059, "centroide_lat": -23.823068, "buffer_lateral_m": 1000, "icc_hid_thresholds": "60;85;110;126", "trecho_critico_hid": false, "RAHID": 0, "hazard": "hidro" }, "geometry": { "type": "LineString", "coordinates": [ [ -45.444269215204102, -23.822816699252975, 0.0 ], [ -45.444352541853526, -23.822808987839526, 0.0 ], [ -45.44447653185636, -23.822829702475648, 0.0 ], [ -45.44469813714062, -23.822902684888511, 0.0 ], [ -45.444930213008888, -23.822982382578878, 0.0 ], [ -45.445182100193783, -23.823101801024141, 0.0 ], [ -45.445646854389203, -23.823329422834501, 0.0 ], [ -45.445807686080713, -23.823429871555341, 0.0 ] ] } },
{ "type": "Feature", "properties": { "ua_id": "UA-R3-SSB-1K-082", "regiao_id": 3, "regiao_nome": "São Sebastião", "sigla_rodovia": "SP-055", "escala": "1K", "tipo": "SR", "extensao_km": 0.1729, "ordem_no_grupo": 82, "km_inicial": 146.982, "km_final": 147.139, "subtrecho_der": "055SPE2091", "municipio": "São Sebastião", "regional": "Taubaté", "residencia_dr": "DR 06", "uba_nome": "Caraguatatuba", "uba_codigo": "RC 06.04", "jurisdicao": "Estadual", "conservado_por": "05.04", "centroide_lon": -45.446519, "centroide_lat": -23.823851, "buffer_lateral_m": 1000, "icc_hid_thresholds": "60;85;110;126", "trecho_critico_hid": false, "RAHID": 0, "hazard": "hidro" }, "geometry": { "type": "LineString", "coordinates": [ [ -45.445807686080713, -23.823429871555341, 0.0 ], [ -45.446782847910541, -23.824038909695442, 0.0 ], [ -45.44711875408953, -23.824136042807581, 0.0 ], [ -45.4472578600856, -23.824220017328969, 0.0 ] ] } },
{ "type": "Feature", "properties": { "ua_id": "UA-R3-SSB-1K-083", "regiao_id": 3, "regiao_nome": "São Sebastião", "sigla_rodovia": "SP-055", "escala": "1K", "tipo": "SR", "extensao_km": 0.1729, "ordem_no_grupo": 83, "km_inicial": 146.826, "km_final": 146.982, "subtrecho_der": "055SPE2091", "municipio": "São Sebastião", "regional": "Taubaté", "residencia_dr": "DR 06", "uba_nome": "Caraguatatuba", "uba_codigo": "RC 06.04", "jurisdicao": "Estadual", "conservado_por": "05.04", "centroide_lon": -45.447816, "centroide_lat": -23.824702, "buffer_lateral_m": 1000, "icc_hid_thresholds": "60;85;110;126", "trecho_critico_hid": false, "RAHID": 0, "hazard": "hidro" }, "geometry": { "type": "LineString", "coordinates": [ [ -45.4472578600856, -23.824220017328969, 0.0 ], [ -45.447302959517366, -23.824247242583422, 0.0 ], [ -45.447401800076968, -23.824348227155209, 0.0 ], [ -45.447436132380602, -23.824446914367435, 0.0 ], [ -45.447581587287956, -23.824718328007524, 0.0 ], [ -45.447690029806537, -23.824830329948867, 0.0 ], [ -45.447796158308051, -23.824877953411267, 0.0 ], [ -45.447950460372006, -23.824873528732752, 0.0 ], [ -45.448116228181533, -23.824860971507949, 0.0 ], [ -45.448233400215742, -23.824851076110587, 0.0 ], [ -45.448337590726283, -23.824873714438812, 0.0 ], [ -45.448564867328948, -23.824879910025086, 0.0 ] ] } },
{ "type": "Feature", "properties": { "ua_id": "UA-R3-SSB-1K-084", "regiao_id": 3, "regiao_nome": "São Sebastião", "sigla_rodovia": "SP-055", "escala": "1K", "tipo": "SR", "extensao_km": 0.1729, "ordem_no_grupo": 84, "km_inicial": 146.669, "km_final": 146.826, "subtrecho_der": "055SPE2091", "municipio": "São Sebastião", "regional": "Taubaté", "residencia_dr": "DR 06", "uba_nome": "Caraguatatuba", "uba_codigo": "RC 06.04", "jurisdicao": "Estadual", "conservado_por": "05.04", "centroide_lon": -45.449405, "centroide_lat": -23.824833, "buffer_lateral_m": 1000, "icc_hid_thresholds": "60;85;110;126", "trecho_critico_hid": false, "RAHID": 0, "hazard": "hidro" }, "geometry": { "type": "LineString", "coordinates": [ [ -45.448564867328948, -23.824879910025086, 0.0 ], [ -45.448953679621496, -23.824890508314191, 0.0 ], [ -45.449565892639079, -23.824774581822282, 0.0 ], [ -45.450229346523173, -23.82483265370956, 0.0 ], [ -45.450245717016188, -23.824835585667643, 0.0 ] ] } },
{ "type": "Feature", "properties": { "ua_id": "UA-R3-SSB-1K-085", "regiao_id": 3, "regiao_nome": "São Sebastião", "sigla_rodovia": "SP-055", "escala": "1K", "tipo": "SR", "extensao_km": 0.1729, "ordem_no_grupo": 85, "km_inicial": 146.512, "km_final": 146.669, "subtrecho_der": "055SPE2091", "municipio": "São Sebastião", "regional": "Taubaté", "residencia_dr": "DR 06", "uba_nome": "Caraguatatuba", "uba_codigo": "RC 06.04", "jurisdicao": "Estadual", "conservado_por": "05.04", "centroide_lon": -45.451064, "centroide_lat": -23.82483, "buffer_lateral_m": 1000, "icc_hid_thresholds": "60;85;110;126", "trecho_critico_hid": false, "RAHID": 0, "hazard": "hidro" }, "geometry": { "type": "LineString", "coordinates": [ [ -45.450245717016188, -23.824835585667643, 0.0 ], [ -45.450784329900728, -23.824932050280061, 0.0 ], [ -45.451436129797514, -23.824844005078049, 0.0 ], [ -45.45160500479971, -23.824703988224314, 0.0 ], [ -45.451791518240221, -23.824534320048109, 0.0 ] ] } },
{ "type": "Feature", "properties": { "ua_id": "UA-R3-SSB-1K-086", "regiao_id": 3, "regiao_nome": "São Sebastião", "sigla_rodovia": "SP-055", "escala": "1K", "tipo": "SR", "extensao_km": 0.1729, "ordem_no_grupo": 86, "km_inicial": 146.356, "km_final": 146.512, "subtrecho_der": "055SPE2091", "municipio": "São Sebastião", "regional": "Taubaté", "residencia_dr": "DR 06", "uba_nome": "Caraguatatuba", "uba_codigo": "RC 06.04", "jurisdicao": "Estadual", "conservado_por": "05.04", "centroide_lon": -45.452296, "centroide_lat": -23.823911, "buffer_lateral_m": 1000, "icc_hid_thresholds": "60;85;110;126", "trecho_critico_hid": false, "RAHID": 0, "hazard": "hidro" }, "geometry": { "type": "LineString", "coordinates": [ [ -45.451791518240221, -23.824534320048109, 0.0 ], [ -45.451947917254117, -23.824392045953807, 0.0 ], [ -45.452436090606291, -23.823739023222021, 0.0 ], [ -45.452748863226745, -23.823259767573376, 0.0 ], [ -45.452750460071798, -23.823252508860396, 0.0 ] ] } },
{ "type": "Feature", "properties": { "ua_id": "UA-R3-SSB-1K-087", "regiao_id": 3, "regiao_nome": "São Sebastião", "sigla_rodovia": "SP-055", "escala": "1K", "tipo": "SR", "extensao_km": 0.1729, "ordem_no_grupo": 87, "km_inicial": 146.199, "km_final": 146.356, "subtrecho_der": "055SPE2091", "municipio": "São Sebastião", "regional": "Taubaté", "residencia_dr": "DR 06", "uba_nome": "Caraguatatuba", "uba_codigo": "RC 06.04", "jurisdicao": "Estadual", "conservado_por": "05.04", "centroide_lon": -45.452914, "centroide_lat": -23.822487, "buffer_lateral_m": 1000, "icc_hid_thresholds": "60;85;110;126", "trecho_critico_hid": false, "RAHID": 0, "hazard": "hidro" }, "geometry": { "type": "LineString", "coordinates": [ [ -45.452750460071798, -23.823252508860396, 0.0 ], [ -45.452819905199135, -23.822936834226326, 0.0 ], [ -45.452914426778293, -23.82253975633817, 0.0 ], [ -45.453028682184701, -23.821873919409907, 0.0 ], [ -45.453068481885758, -23.821719556348654, 0.0 ] ] } },
{ "type": "Feature", "properties": { "ua_id": "UA-R3-SSB-1K-088", "regiao_id": 3, "regiao_nome": "São Sebastião", "sigla_rodovia": "SP-055", "escala": "1K", "tipo": "SR", "extensao_km": 0.1729, "ordem_no_grupo": 88, "km_inicial": 146.043, "km_final": 146.199, "subtrecho_der": "055SPE2091", "municipio": "São Sebastião", "regional": "Taubaté", "residencia_dr": "DR 06", "uba_nome": "Caraguatatuba", "uba_codigo": "RC 06.04", "jurisdicao": "Estadual", "conservado_por": "05.04", "centroide_lon": -45.453267, "centroide_lat": -23.820961, "buffer_lateral_m": 1000, "icc_hid_thresholds": "60;85;110;126", "trecho_critico_hid": false, "RAHID": 0, "hazard": "hidro" }, "geometry": { "type": "LineString", "coordinates": [ [ -45.453068481885758, -23.821719556348654, 0.0 ], [ -45.45335020155111, -23.82062689674822, 0.0 ], [ -45.453481954211775, -23.820205674947765, 0.0 ] ] } },
{ "type": "Feature", "properties": { "ua_id": "UA-R3-SSB-1K-089", "regiao_id": 3, "regiao_nome": "São Sebastião", "sigla_rodovia": "SP-055", "escala": "1K", "tipo": "SR", "extensao_km": 0.1729, "ordem_no_grupo": 89, "km_inicial": 145.886, "km_final": 146.043, "subtrecho_der": "055SPE2091", "municipio": "São Sebastião", "regional": "Taubaté", "residencia_dr": "DR 06", "uba_nome": "Caraguatatuba", "uba_codigo": "RC 06.04", "jurisdicao": "Estadual", "conservado_por": "05.04", "centroide_lon": -45.454073, "centroide_lat": -23.819689, "buffer_lateral_m": 1000, "icc_hid_thresholds": "60;85;110;126", "trecho_critico_hid": false, "RAHID": 0, "hazard": "hidro" }, "geometry": { "type": "LineString", "coordinates": [ [ -45.453481954211775, -23.820205674947765, 0.0 ], [ -45.453526412212405, -23.820063539211485, 0.0 ], [ -45.453956317595569, -23.819686844742282, 0.0 ], [ -45.454801487132372, -23.819302834709241, 0.0 ] ] } },
{ "type": "Feature", "properties": { "ua_id": "UA-R3-SSB-1K-090", "regiao_id": 3, "regiao_nome": "São Sebastião", "sigla_rodovia": "SP-055", "escala": "1K", "tipo": "SR", "extensao_km": 0.1729, "ordem_no_grupo": 90, "km_inicial": 145.729, "km_final": 145.886, "subtrecho_der": "055SPE2091", "municipio": "São Sebastião", "regional": "Taubaté", "residencia_dr": "DR 06", "uba_nome": "Caraguatatuba", "uba_codigo": "RC 06.04", "jurisdicao": "Estadual", "conservado_por": "05.04", "centroide_lon": -45.455565, "centroide_lat": -23.818963, "buffer_lateral_m": 1000, "icc_hid_thresholds": "60;85;110;126", "trecho_critico_hid": false, "RAHID": 0, "hazard": "hidro" }, "geometry": { "type": "LineString", "coordinates": [ [ -45.454801487132372, -23.819302834709241, 0.0 ], [ -45.455819896778635, -23.818840102426911, 0.0 ], [ -45.456026310833295, -23.818770423889443, 0.0 ], [ -45.456335590001046, -23.818637497988483, 0.0 ] ] } },
{ "type": "Feature", "properties": { "ua_id": "UA-R3-SSB-1K-091", "regiao_id": 3, "regiao_nome": "São Sebastião", "sigla_rodovia": "SP-055", "escala": "1K", "tipo": "SR", "extensao_km": 0.1729, "ordem_no_grupo": 91, "km_inicial": 145.573, "km_final": 145.729, "subtrecho_der": "055SPE2091", "municipio": "São Sebastião", "regional": "Taubaté", "residencia_dr": "DR 06", "uba_nome": "Caraguatatuba", "uba_codigo": "RC 06.04", "jurisdicao": "Estadual", "conservado_por": "05.04", "centroide_lon": -45.457104, "centroide_lat": -23.818307, "buffer_lateral_m": 1000, "icc_hid_thresholds": "60;85;110;126", "trecho_critico_hid": false, "RAHID": 0, "hazard": "hidro" }, "geometry": { "type": "LineString", "coordinates": [ [ -45.456335590001046, -23.818637497988483, 0.0 ], [ -45.457873145657047, -23.817976654755991, 0.0 ] ] } },
{ "type": "Feature", "properties": { "ua_id": "UA-R3-SSB-1K-092", "regiao_id": 3, "regiao_nome": "São Sebastião", "sigla_rodovia": "SP-055", "escala": "1K", "tipo": "SR", "extensao_km": 0.1729, "ordem_no_grupo": 92, "km_inicial": 145.416, "km_final": 145.573, "subtrecho_der": "055SPE2091", "municipio": "São Sebastião", "regional": "Taubaté", "residencia_dr": "DR 06", "uba_nome": "Caraguatatuba", "uba_codigo": "RC 06.04", "jurisdicao": "Estadual", "conservado_por": "05.04", "centroide_lon": -45.458642, "centroide_lat": -23.817646, "buffer_lateral_m": 1000, "icc_hid_thresholds": "60;85;110;126", "trecho_critico_hid": false, "RAHID": 0, "hazard": "hidro" }, "geometry": { "type": "LineString", "coordinates": [ [ -45.457873145657047, -23.817976654755991, 0.0 ], [ -45.459410685526429, -23.817315796375556, 0.0 ] ] } },
{ "type": "Feature", "properties": { "ua_id": "UA-R3-SSB-1K-093", "regiao_id": 3, "regiao_nome": "São Sebastião", "sigla_rodovia": "SP-055", "escala": "1K", "tipo": "SR", "extensao_km": 0.1729, "ordem_no_grupo": 93, "km_inicial": 145.26, "km_final": 145.416, "subtrecho_der": "055SPE2091", "municipio": "São Sebastião", "regional": "Taubaté", "residencia_dr": "DR 06", "uba_nome": "Caraguatatuba", "uba_codigo": "RC 06.04", "jurisdicao": "Estadual", "conservado_por": "05.04", "centroide_lon": -45.460185, "centroide_lat": -23.816998, "buffer_lateral_m": 1000, "icc_hid_thresholds": "60;85;110;126", "trecho_critico_hid": false, "RAHID": 0, "hazard": "hidro" }, "geometry": { "type": "LineString", "coordinates": [ [ -45.459410685526429, -23.817315796375556, 0.0 ], [ -45.460309698645915, -23.816929376491917, 0.0 ], [ -45.46097501388531, -23.81671549617861, 0.0 ] ] } },
{ "type": "Feature", "properties": { "ua_id": "UA-R3-SSB-1K-094", "regiao_id": 3, "regiao_nome": "São Sebastião", "sigla_rodovia": "SP-055", "escala": "1K", "tipo": "SR", "extensao_km": 0.1729, "ordem_no_grupo": 94, "km_inicial": 145.103, "km_final": 145.26, "subtrecho_der": "055SPE2091", "municipio": "São Sebastião", "regional": "Taubaté", "residencia_dr": "DR 06", "uba_nome": "Caraguatatuba", "uba_codigo": "RC 06.04", "jurisdicao": "Estadual", "conservado_por": "05.04", "centroide_lon": -45.46175, "centroide_lat": -23.816981, "buffer_lateral_m": 1000, "icc_hid_thresholds": "60;85;110;126", "trecho_critico_hid": false, "RAHID": 0, "hazard": "hidro" }, "geometry": { "type": "LineString", "coordinates": [ [ -45.46097501388531, -23.81671549617861, 0.0 ], [ -45.461033119351548, -23.816696816721123, 0.0 ], [ -45.461593829940028, -23.816873781805992, 0.0 ], [ -45.461756834925374, -23.816918964544232, 0.0 ], [ -45.4620056271254, -23.817086260191878, 0.0 ], [ -45.462473243063108, -23.817376872152398, 0.0 ] ] } },
{ "type": "Feature", "properties": { "ua_id": "UA-R3-SSB-1K-095", "regiao_id": 3, "regiao_nome": "São Sebastião", "sigla_rodovia": "SP-055", "escala": "1K", "tipo": "SR", "extensao_km": 0.1729, "ordem_no_grupo": 95, "km_inicial": 144.946, "km_final": 145.103, "subtrecho_der": "055SPE2091", "municipio": "São Sebastião", "regional": "Taubaté", "residencia_dr": "DR 06", "uba_nome": "Caraguatatuba", "uba_codigo": "RC 06.04", "jurisdicao": "Estadual", "conservado_por": "05.04", "centroide_lon": -45.463197, "centroide_lat": -23.817777, "buffer_lateral_m": 1000, "icc_hid_thresholds": "60;85;110;126", "trecho_critico_hid": false, "RAHID": 0, "hazard": "hidro" }, "geometry": { "type": "LineString", "coordinates": [ [ -45.462473243063108, -23.817376872152398, 0.0 ], [ -45.463108972731398, -23.817771958312985, 0.0 ], [ -45.463762527653728, -23.818052483950254, 0.0 ], [ -45.463920826948161, -23.81805527240477, 0.0 ], [ -45.463966260415667, -23.818035280426749, 0.0 ] ] } },
{ "type": "Feature", "properties": { "ua_id": "UA-R3-SSB-1K-096", "regiao_id": 3, "regiao_nome": "São Sebastião", "sigla_rodovia": "SP-055", "escala": "1K", "tipo": "SR", "extensao_km": 0.1729, "ordem_no_grupo": 96, "km_inicial": 144.79, "km_final": 144.946, "subtrecho_der": "055SPE2091", "municipio": "São Sebastião", "regional": "Taubaté", "residencia_dr": "DR 06", "uba_nome": "Caraguatatuba", "uba_codigo": "RC 06.04", "jurisdicao": "Estadual", "conservado_por": "05.04", "centroide_lon": -45.464429, "centroide_lat": -23.81745, "buffer_lateral_m": 1000, "icc_hid_thresholds": "60;85;110;126", "trecho_critico_hid": false, "RAHID": 0, "hazard": "hidro" }, "geometry": { "type": "LineString", "coordinates": [ [ -45.463966260415667, -23.818035280426749, 0.0 ], [ -45.464138794645493, -23.817959360432933, 0.0 ], [ -45.464318852832896, -23.817793595608357, 0.0 ], [ -45.46452058965977, -23.817496525095361, 0.0 ], [ -45.464610814025143, -23.817328582622416, 0.0 ], [ -45.464630922676868, -23.817192055179508, 0.0 ], [ -45.464586034386514, -23.816975870253561, 0.0 ], [ -45.464472583541912, -23.816742658086142, 0.0 ] ] } },
{ "type": "Feature", "properties": { "ua_id": "UA-R3-SSB-1K-097", "regiao_id": 3, "regiao_nome": "São Sebastião", "sigla_rodovia": "SP-055", "escala": "1K", "tipo": "SR", "extensao_km": 0.1729, "ordem_no_grupo": 97, "km_inicial": 144.633, "km_final": 144.79, "subtrecho_der": "055SPE2091", "municipio": "São Sebastião", "regional": "Taubaté", "residencia_dr": "DR 06", "uba_nome": "Caraguatatuba", "uba_codigo": "RC 06.04", "jurisdicao": "Estadual", "conservado_por": "05.04", "centroide_lon": -45.464281, "centroide_lat": -23.816, "buffer_lateral_m": 1000, "icc_hid_thresholds": "60;85;110;126", "trecho_critico_hid": false, "RAHID": 0, "hazard": "hidro" }, "geometry": { "type": "LineString", "coordinates": [ [ -45.464472583541912, -23.816742658086142, 0.0 ], [ -45.464242595446279, -23.816269886370616, 0.0 ], [ -45.464245025857785, -23.816129771784308, 0.0 ], [ -45.464240885502143, -23.815226583278747, 0.0 ] ] } },
{ "type": "Feature", "properties": { "ua_id": "UA-R3-SSB-1K-098", "regiao_id": 3, "regiao_nome": "São Sebastião", "sigla_rodovia": "SP-055", "escala": "1K", "tipo": "SR", "extensao_km": 0.1729, "ordem_no_grupo": 98, "km_inicial": 144.477, "km_final": 144.633, "subtrecho_der": "055SPE2091", "municipio": "São Sebastião", "regional": "Taubaté", "residencia_dr": "DR 06", "uba_nome": "Caraguatatuba", "uba_codigo": "RC 06.04", "jurisdicao": "Estadual", "conservado_por": "05.04", "centroide_lon": -45.464313, "centroide_lat": -23.814461, "buffer_lateral_m": 1000, "icc_hid_thresholds": "60;85;110;126", "trecho_critico_hid": false, "RAHID": 0, "hazard": "hidro" }, "geometry": { "type": "LineString", "coordinates": [ [ -45.464240885502143, -23.815226583278747, 0.0 ], [ -45.464237157152581, -23.814413238707871, 0.0 ], [ -45.464496402077131, -23.813820783264177, 0.0 ], [ -45.464605184826489, -23.813776914352704, 0.0 ] ] } },
{ "type": "Feature", "properties": { "ua_id": "UA-R3-SSB-1K-099", "regiao_id": 3, "regiao_nome": "São Sebastião", "sigla_rodovia": "SP-055", "escala": "1K", "tipo": "SR", "extensao_km": 0.1729, "ordem_no_grupo": 99, "km_inicial": 144.32, "km_final": 144.477, "subtrecho_der": "055SPE2091", "municipio": "São Sebastião", "regional": "Taubaté", "residencia_dr": "DR 06", "uba_nome": "Caraguatatuba", "uba_codigo": "RC 06.04", "jurisdicao": "Estadual", "conservado_por": "05.04", "centroide_lon": -45.465402, "centroide_lat": -23.813616, "buffer_lateral_m": 1000, "icc_hid_thresholds": "60;85;110;126", "trecho_critico_hid": false, "RAHID": 0, "hazard": "hidro" }, "geometry": { "type": "LineString", "coordinates": [ [ -45.464605184826489, -23.813776914352704, 0.0 ], [ -45.465237710792941, -23.813521832974672, 0.0 ], [ -45.465960778042692, -23.813604527930664, 0.0 ], [ -45.4661948581507, -23.813742083297022, 0.0 ] ] } },
{ "type": "Feature", "properties": { "ua_id": "UA-R3-SSB-1K-100", "regiao_id": 3, "regiao_nome": "São Sebastião", "sigla_rodovia": "SP-055", "escala": "1K", "tipo": "SR", "extensao_km": 0.1729, "ordem_no_grupo": 100, "km_inicial": 144.163, "km_final": 144.32, "subtrecho_der": "055SPE2091", "municipio": "São Sebastião", "regional": "Taubaté", "residencia_dr": "DR 06", "uba_nome": "Caraguatatuba", "uba_codigo": "RC 06.04", "jurisdicao": "Estadual", "conservado_por": "05.04", "centroide_lon": -45.466919, "centroide_lat": -23.81414, "buffer_lateral_m": 1000, "icc_hid_thresholds": "60;85;110;126", "trecho_critico_hid": false, "RAHID": 0, "hazard": "hidro" }, "geometry": { "type": "LineString", "coordinates": [ [ -45.4661948581507, -23.813742083297022, 0.0 ], [ -45.467235306790464, -23.814353486996975, 0.0 ], [ -45.467635649065961, -23.814411955382358, 0.0 ], [ -45.467690678281635, -23.8143979702872, 0.0 ] ] } },
{ "type": "Feature", "properties": { "ua_id": "UA-R3-SSB-1K-101", "regiao_id": 3, "regiao_nome": "São Sebastião", "sigla_rodovia": "SP-055", "escala": "1K", "tipo": "SR", "extensao_km": 0.1729, "ordem_no_grupo": 101, "km_inicial": 144.007, "km_final": 144.163, "subtrecho_der": "055SPE2091", "municipio": "São Sebastião", "regional": "Taubaté", "residencia_dr": "DR 06", "uba_nome": "Caraguatatuba", "uba_codigo": "RC 06.04", "jurisdicao": "Estadual", "conservado_por": "05.04", "centroide_lon": -45.468487, "centroide_lat": -23.814362, "buffer_lateral_m": 1000, "icc_hid_thresholds": "60;85;110;126", "trecho_critico_hid": false, "RAHID": 0, "hazard": "hidro" }, "geometry": { "type": "LineString", "coordinates": [ [ -45.467690678281635, -23.8143979702872, 0.0 ], [ -45.468045239568589, -23.814307861732267, 0.0 ], [ -45.468632335295482, -23.814230349470709, 0.0 ], [ -45.468862806657718, -23.814403229880519, 0.0 ], [ -45.468982815834394, -23.814453811942734, 0.0 ], [ -45.469167827086089, -23.81467885826887, 0.0 ] ] } },
{ "type": "Feature", "properties": { "ua_id": "UA-R3-SSB-1K-102", "regiao_id": 3, "regiao_nome": "São Sebastião", "sigla_rodovia": "SP-055", "escala": "1K", "tipo": "SR", "extensao_km": 0.1729, "ordem_no_grupo": 102, "km_inicial": 143.85, "km_final": 144.007, "subtrecho_der": "055SPE2091", "municipio": "São Sebastião", "regional": "Taubaté", "residencia_dr": "DR 06", "uba_nome": "Caraguatatuba", "uba_codigo": "RC 06.04", "jurisdicao": "Estadual", "conservado_por": "05.04", "centroide_lon": -45.469692, "centroide_lat": -23.815287, "buffer_lateral_m": 1000, "icc_hid_thresholds": "60;85;110;126", "trecho_critico_hid": false, "RAHID": 0, "hazard": "hidro" }, "geometry": { "type": "LineString", "coordinates": [ [ -45.469167827086089, -23.81467885826887, 0.0 ], [ -45.469313877583694, -23.814856512301095, 0.0 ], [ -45.469682969597052, -23.815339714350745, 0.0 ], [ -45.469865948435093, -23.815532033913186, 0.0 ], [ -45.470178502467547, -23.815717809054913, 0.0 ], [ -45.470289139943425, -23.815828019653257, 0.0 ] ] } },
{ "type": "Feature", "properties": { "ua_id": "UA-R3-SSB-1K-103", "regiao_id": 3, "regiao_nome": "São Sebastião", "sigla_rodovia": "SP-055", "escala": "1K", "tipo": "SR", "extensao_km": 0.1729, "ordem_no_grupo": 103, "km_inicial": 143.693, "km_final": 143.85, "subtrecho_der": "055SPE2091", "municipio": "São Sebastião", "regional": "Taubaté", "residencia_dr": "DR 06", "uba_nome": "Caraguatatuba", "uba_codigo": "RC 06.04", "jurisdicao": "Estadual", "conservado_por": "05.04", "centroide_lon": -45.470737, "centroide_lat": -23.816475, "buffer_lateral_m": 1000, "icc_hid_thresholds": "60;85;110;126", "trecho_critico_hid": false, "RAHID": 0, "hazard": "hidro" }, "geometry": { "type": "LineString", "coordinates": [ [ -45.470289139943425, -23.815828019653257, 0.0 ], [ -45.470404602871355, -23.815943036797215, 0.0 ], [ -45.470624942877222, -23.816357664081824, 0.0 ], [ -45.47062825802093, -23.816362370647013, 0.0 ], [ -45.470629653511089, -23.816364351537093, 0.0 ], [ -45.470739532362657, -23.816574779499604, 0.0 ], [ -45.470843919135255, -23.816728140842848, 0.0 ], [ -45.470943374054237, -23.816849261178401, 0.0 ], [ -45.471084256742408, -23.816920127562721, 0.0 ], [ -45.471316473774714, -23.816977879317026, 0.0 ] ] } },
{ "type": "Feature", "properties": { "ua_id": "UA-R3-SSB-1K-104", "regiao_id": 3, "regiao_nome": "São Sebastião", "sigla_rodovia": "SP-055", "escala": "1K", "tipo": "SR", "extensao_km": 0.1729, "ordem_no_grupo": 104, "km_inicial": 143.537, "km_final": 143.693, "subtrecho_der": "055SPE2091", "municipio": "São Sebastião", "regional": "Taubaté", "residencia_dr": "DR 06", "uba_nome": "Caraguatatuba", "uba_codigo": "RC 06.04", "jurisdicao": "Estadual", "conservado_por": "05.04", "centroide_lon": -45.472098, "centroide_lat": -23.817101, "buffer_lateral_m": 1000, "icc_hid_thresholds": "60;85;110;126", "trecho_critico_hid": false, "RAHID": 0, "hazard": "hidro" }, "geometry": { "type": "LineString", "coordinates": [ [ -45.471316473774714, -23.816977879317026, 0.0 ], [ -45.471350019198283, -23.816986221940763, 0.0 ], [ -45.471589876500545, -23.816953231486767, 0.0 ], [ -45.471893544438736, -23.816958471447627, 0.0 ], [ -45.472164420163701, -23.816978863934708, 0.0 ], [ -45.472418132407881, -23.817122938259889, 0.0 ], [ -45.47251122275177, -23.817286949566732, 0.0 ], [ -45.472675081090991, -23.817517401570402, 0.0 ], [ -45.472698754821806, -23.817553349914242, 0.0 ] ] } },
{ "type": "Feature", "properties": { "ua_id": "UA-R3-SSB-1K-105", "regiao_id": 3, "regiao_nome": "São Sebastião", "sigla_rodovia": "SP-055", "escala": "1K", "tipo": "SR", "extensao_km": 0.1729, "ordem_no_grupo": 105, "km_inicial": 143.38, "km_final": 143.537, "subtrecho_der": "055SPE2091", "municipio": "São Sebastião", "regional": "Taubaté", "residencia_dr": "DR 06", "uba_nome": "Caraguatatuba", "uba_codigo": "RC 06.04", "jurisdicao": "Estadual", "conservado_por": "05.04", "centroide_lon": -45.473379, "centroide_lat": -23.817951, "buffer_lateral_m": 1000, "icc_hid_thresholds": "60;85;110;126", "trecho_critico_hid": false, "RAHID": 0, "hazard": "hidro" }, "geometry": { "type": "LineString", "coordinates": [ [ -45.472698754821806, -23.817553349914242, 0.0 ], [ -45.472813849956587, -23.817728120482535, 0.0 ], [ -45.473005498214221, -23.817873202987439, 0.0 ], [ -45.473215856277484, -23.817950885949386, 0.0 ], [ -45.473395686577099, -23.817988770777053, 0.0 ], [ -45.473636215488547, -23.818033547450117, 0.0 ], [ -45.473777308933272, -23.818048776357919, 0.0 ], [ -45.473923007275339, -23.818111911156599, 0.0 ], [ -45.474050775849527, -23.818198959788468, 0.0 ], [ -45.474118832256906, -23.818276224249995, 0.0 ] ] } },
{ "type": "Feature", "properties": { "ua_id": "UA-R3-SSB-1K-106", "regiao_id": 3, "regiao_nome": "São Sebastião", "sigla_rodovia": "SP-055", "escala": "1K", "tipo": "SR", "extensao_km": 0.1729, "ordem_no_grupo": 106, "km_inicial": 143.224, "km_final": 143.38, "subtrecho_der": "055SPE2091", "municipio": "São Sebastião", "regional": "Taubaté", "residencia_dr": "DR 06", "uba_nome": "Caraguatatuba", "uba_codigo": "RC 06.04", "jurisdicao": "Estadual", "conservado_por": "05.04", "centroide_lon": -45.474684, "centroide_lat": -23.81884, "buffer_lateral_m": 1000, "icc_hid_thresholds": "60;85;110;126", "trecho_critico_hid": false, "RAHID": 0, "hazard": "hidro" }, "geometry": { "type": "LineString", "coordinates": [ [ -45.474118832256906, -23.818276224249995, 0.0 ], [ -45.474518567649433, -23.818730041470666, 0.0 ], [ -45.474718844972024, -23.81897577719333, 0.0 ], [ -45.474793978689959, -23.819038484082338, 0.0 ], [ -45.474851642926396, -23.819088911732472, 0.0 ], [ -45.474856409265612, -23.819089840746162, 0.0 ], [ -45.475018708948447, -23.819121437833378, 0.0 ], [ -45.475368921763973, -23.819248685029436, 0.0 ] ] } },
{ "type": "Feature", "properties": { "ua_id": "UA-R3-SSB-1K-107", "regiao_id": 3, "regiao_nome": "São Sebastião", "sigla_rodovia": "SP-055", "escala": "1K", "tipo": "SR", "extensao_km": 0.1729, "ordem_no_grupo": 107, "km_inicial": 143.067, "km_final": 143.224, "subtrecho_der": "055SPE2091", "municipio": "São Sebastião", "regional": "Taubaté", "residencia_dr": "DR 06", "uba_nome": "Caraguatatuba", "uba_codigo": "RC 06.04", "jurisdicao": "Estadual", "conservado_por": "05.04", "centroide_lon": -45.476118, "centroide_lat": -23.819599, "buffer_lateral_m": 1000, "icc_hid_thresholds": "60;85;110;126", "trecho_critico_hid": false, "RAHID": 0, "hazard": "hidro" }, "geometry": { "type": "LineString", "coordinates": [ [ -45.475368921763973, -23.819248685029436, 0.0 ], [ -45.475881669613038, -23.819434986211721, 0.0 ], [ -45.476641580839278, -23.819869234302054, 0.0 ], [ -45.47673494305689, -23.820083799272183, 0.0 ] ] } },
{ "type": "Feature", "properties": { "ua_id": "UA-R3-SSB-1K-108", "regiao_id": 3, "regiao_nome": "São Sebastião", "sigla_rodovia": "SP-055", "escala": "1K", "tipo": "SR", "extensao_km": 0.1729, "ordem_no_grupo": 108, "km_inicial": 142.91, "km_final": 143.067, "subtrecho_der": "055SPE2091", "municipio": "São Sebastião", "regional": "Taubaté", "residencia_dr": "DR 06", "uba_nome": "Caraguatatuba", "uba_codigo": "RC 06.04", "jurisdicao": "Estadual", "conservado_por": "05.04", "centroide_lon": -45.477029, "centroide_lat": -23.820814, "buffer_lateral_m": 1000, "icc_hid_thresholds": "60;85;110;126", "trecho_critico_hid": false, "RAHID": 0, "hazard": "hidro" }, "geometry": { "type": "LineString", "coordinates": [ [ -45.47673494305689, -23.820083799272183, 0.0 ], [ -45.477142916255914, -23.821021393717228, 0.0 ], [ -45.477243314105472, -23.821564961968793, 0.0 ] ] } },
{ "type": "Feature", "properties": { "ua_id": "UA-R3-SSB-1K-109", "regiao_id": 3, "regiao_nome": "São Sebastião", "sigla_rodovia": "SP-055", "escala": "1K", "tipo": "SR", "extensao_km": 0.1729, "ordem_no_grupo": 109, "km_inicial": 142.754, "km_final": 142.91, "subtrecho_der": "055SPE2091", "municipio": "São Sebastião", "regional": "Taubaté", "residencia_dr": "DR 06", "uba_nome": "Caraguatatuba", "uba_codigo": "RC 06.04", "jurisdicao": "Estadual", "conservado_por": "05.04", "centroide_lon": -45.477623, "centroide_lat": -23.82219, "buffer_lateral_m": 1000, "icc_hid_thresholds": "60;85;110;126", "trecho_critico_hid": false, "RAHID": 0, "hazard": "hidro" }, "geometry": { "type": "LineString", "coordinates": [ [ -45.477243314105472, -23.821564961968793, 0.0 ], [ -45.477335046706962, -23.822061611076261, 0.0 ], [ -45.477838736251037, -23.822490700867498, 0.0 ], [ -45.478300515111655, -23.822522197704341, 0.0 ] ] } },
{ "type": "Feature", "properties": { "ua_id": "UA-R3-SSB-1K-110", "regiao_id": 3, "regiao_nome": "São Sebastião", "sigla_rodovia": "SP-055", "escala": "1K", "tipo": "SR", "extensao_km": 0.1729, "ordem_no_grupo": 110, "km_inicial": 142.597, "km_final": 142.754, "subtrecho_der": "055SPE2091", "municipio": "São Sebastião", "regional": "Taubaté", "residencia_dr": "DR 06", "uba_nome": "Caraguatatuba", "uba_codigo": "RC 06.04", "jurisdicao": "Estadual", "conservado_por": "05.04", "centroide_lon": -45.479147, "centroide_lat": -23.82258, "buffer_lateral_m": 1000, "icc_hid_thresholds": "60;85;110;126", "trecho_critico_hid": false, "RAHID": 0, "hazard": "hidro" }, "geometry": { "type": "LineString", "coordinates": [ [ -45.478300515111655, -23.822522197704341, 0.0 ], [ -45.479992993917058, -23.822637625685015, 0.0 ] ] } },
{ "type": "Feature", "properties": { "ua_id": "UA-R3-SSB-1K-111", "regiao_id": 3, "regiao_nome": "São Sebastião", "sigla_rodovia": "SP-055", "escala": "1K", "tipo": "SR", "extensao_km": 0.1729, "ordem_no_grupo": 111, "km_inicial": 142.441, "km_final": 142.597, "subtrecho_der": "055SPE2091", "municipio": "São Sebastião", "regional": "Taubaté", "residencia_dr": "DR 06", "uba_nome": "Caraguatatuba", "uba_codigo": "RC 06.04", "jurisdicao": "Estadual", "conservado_por": "05.04", "centroide_lon": -45.480788, "centroide_lat": -23.822905, "buffer_lateral_m": 1000, "icc_hid_thresholds": "60;85;110;126", "trecho_critico_hid": false, "RAHID": 0, "hazard": "hidro" }, "geometry": { "type": "LineString", "coordinates": [ [ -45.479992993917058, -23.822637625685015, 0.0 ], [ -45.48004695454312, -23.822641305519856, 0.0 ], [ -45.481540932174362, -23.8231721516708, 0.0 ], [ -45.481577997569545, -23.823189275253352, 0.0 ] ] } },
{ "type": "Feature", "properties": { "ua_id": "UA-R3-SSB-1K-112", "regiao_id": 3, "regiao_nome": "São Sebastião", "sigla_rodovia": "SP-055", "escala": "1K", "tipo": "SR", "extensao_km": 0.1729, "ordem_no_grupo": 112, "km_inicial": 142.284, "km_final": 142.441, "subtrecho_der": "055SPE2091", "municipio": "São Sebastião", "regional": "Taubaté", "residencia_dr": "DR 06", "uba_nome": "Caraguatatuba", "uba_codigo": "RC 06.04", "jurisdicao": "Estadual", "conservado_por": "05.04", "centroide_lon": -45.482198, "centroide_lat": -23.823664, "buffer_lateral_m": 1000, "icc_hid_thresholds": "60;85;110;126", "trecho_critico_hid": false, "RAHID": 0, "hazard": "hidro" }, "geometry": { "type": "LineString", "coordinates": [ [ -45.481577997569545, -23.823189275253352, 0.0 ], [ -45.482194589584225, -23.823474128297313, 0.0 ], [ -45.482441466295995, -23.823936770313509, 0.0 ], [ -45.482616324171033, -23.824315156633599, 0.0 ] ] } },
{ "type": "Feature", "properties": { "ua_id": "UA-R3-SSB-1K-113", "regiao_id": 3, "regiao_nome": "São Sebastião", "sigla_rodovia": "SP-055", "escala": "1K", "tipo": "SR", "extensao_km": 0.1729, "ordem_no_grupo": 113, "km_inicial": 142.127, "km_final": 142.284, "subtrecho_der": "055SPE2091", "municipio": "São Sebastião", "regional": "Taubaté", "residencia_dr": "DR 06", "uba_nome": "Caraguatatuba", "uba_codigo": "RC 06.04", "jurisdicao": "Estadual", "conservado_por": "05.04", "centroide_lon": -45.483307, "centroide_lat": -23.824685, "buffer_lateral_m": 1000, "icc_hid_thresholds": "60;85;110;126", "trecho_critico_hid": false, "RAHID": 0, "hazard": "hidro" }, "geometry": { "type": "LineString", "coordinates": [ [ -45.482616324171033, -23.824315156633599, 0.0 ], [ -45.482693773014425, -23.824482752431678, 0.0 ], [ -45.483310880577029, -23.824738363744792, 0.0 ], [ -45.484116640579934, -23.824889854548513, 0.0 ] ] } },
{ "type": "Feature", "properties": { "ua_id": "UA-R3-SSB-1K-114", "regiao_id": 3, "regiao_nome": "São Sebastião", "sigla_rodovia": "SP-055", "escala": "1K", "tipo": "SR", "extensao_km": 0.1729, "ordem_no_grupo": 114, "km_inicial": 141.971, "km_final": 142.127, "subtrecho_der": "055SPE2091", "municipio": "São Sebastião", "regional": "Taubaté", "residencia_dr": "DR 06", "uba_nome": "Caraguatatuba", "uba_codigo": "RC 06.04", "jurisdicao": "Estadual", "conservado_por": "05.04", "centroide_lon": -45.484952, "centroide_lat": -23.825024, "buffer_lateral_m": 1000, "icc_hid_thresholds": "60;85;110;126", "trecho_critico_hid": false, "RAHID": 0, "hazard": "hidro" }, "geometry": { "type": "LineString", "coordinates": [ [ -45.484116640579934, -23.824889854548513, 0.0 ], [ -45.484721479297562, -23.825003567164536, 0.0 ], [ -45.485403308522763, -23.825082184256608, 0.0 ], [ -45.485790247475371, -23.825143566192139, 0.0 ] ] } },
{ "type": "Feature", "properties": { "ua_id": "UA-R3-SSB-1K-115", "regiao_id": 3, "regiao_nome": "São Sebastião", "sigla_rodovia": "SP-055", "escala": "1K", "tipo": "SR", "extensao_km": 0.1729, "ordem_no_grupo": 115, "km_inicial": 141.814, "km_final": 141.971, "subtrecho_der": "055SPE2091", "municipio": "São Sebastião", "regional": "Taubaté", "residencia_dr": "DR 06", "uba_nome": "Caraguatatuba", "uba_codigo": "RC 06.04", "jurisdicao": "Estadual", "conservado_por": "05.04", "centroide_lon": -45.486628, "centroide_lat": -23.825267, "buffer_lateral_m": 1000, "icc_hid_thresholds": "60;85;110;126", "trecho_critico_hid": false, "RAHID": 0, "hazard": "hidro" }, "geometry": { "type": "LineString", "coordinates": [ [ -45.485790247475371, -23.825143566192139, 0.0 ], [ -45.4864851482169, -23.825253798954474, 0.0 ], [ -45.487349316295813, -23.825362737933016, 0.0 ], [ -45.487466784951664, -23.825384168986236, 0.0 ] ] } },
{ "type": "Feature", "properties": { "ua_id": "UA-R3-SSB-1K-116", "regiao_id": 3, "regiao_nome": "São Sebastião", "sigla_rodovia": "SP-055", "escala": "1K", "tipo": "SR", "extensao_km": 0.1729, "ordem_no_grupo": 116, "km_inicial": 141.657, "km_final": 141.814, "subtrecho_der": "055SPE2091", "municipio": "São Sebastião", "regional": "Taubaté", "residencia_dr": "DR 06", "uba_nome": "Caraguatatuba", "uba_codigo": "RC 06.04", "jurisdicao": "Estadual", "conservado_por": "05.04", "centroide_lon": -45.488258, "centroide_lat": -23.825648, "buffer_lateral_m": 1000, "icc_hid_thresholds": "60;85;110;126", "trecho_critico_hid": false, "RAHID": 0, "hazard": "hidro" }, "geometry": { "type": "LineString", "coordinates": [ [ -45.487466784951664, -23.825384168986236, 0.0 ], [ -45.487830316008043, -23.825450491199756, 0.0 ], [ -45.488119413162273, -23.825575800817383, 0.0 ], [ -45.48842805338063, -23.825735347234303, 0.0 ], [ -45.488895269658194, -23.825903126119204, 0.0 ], [ -45.489046303689179, -23.825912648257312, 0.0 ] ] } },
{ "type": "Feature", "properties": { "ua_id": "UA-R3-SSB-1K-117", "regiao_id": 3, "regiao_nome": "São Sebastião", "sigla_rodovia": "SP-055", "escala": "1K", "tipo": "SR", "extensao_km": 0.1729, "ordem_no_grupo": 117, "km_inicial": 141.501, "km_final": 141.657, "subtrecho_der": "055SPE2091", "municipio": "São Sebastião", "regional": "Taubaté", "residencia_dr": "DR 06", "uba_nome": "Caraguatatuba", "uba_codigo": "RC 06.04", "jurisdicao": "Estadual", "conservado_por": "05.04", "centroide_lon": -45.489862, "centroide_lat": -23.826049, "buffer_lateral_m": 1000, "icc_hid_thresholds": "60;85;110;126", "trecho_critico_hid": false, "RAHID": 0, "hazard": "hidro" }, "geometry": { "type": "LineString", "coordinates": [ [ -45.489046303689179, -23.825912648257312, 0.0 ], [ -45.489067437112745, -23.825913980629725, 0.0 ], [ -45.489432425675545, -23.825903806232894, 0.0 ], [ -45.489599638876889, -23.825922901783759, 0.0 ], [ -45.489858097978427, -23.825972907463608, 0.0 ], [ -45.489940679596927, -23.826015564651346, 0.0 ], [ -45.490306171394437, -23.82619638042069, 0.0 ], [ -45.490626891761011, -23.826363350602797, 0.0 ] ] } },
{ "type": "Feature", "properties": { "ua_id": "UA-R3-SSB-1K-118", "regiao_id": 3, "regiao_nome": "São Sebastião", "sigla_rodovia": "SP-055", "escala": "1K", "tipo": "SR", "extensao_km": 0.1729, "ordem_no_grupo": 118, "km_inicial": 141.344, "km_final": 141.501, "subtrecho_der": "055SPE2091", "municipio": "São Sebastião", "regional": "Taubaté", "residencia_dr": "DR 06", "uba_nome": "Caraguatatuba", "uba_codigo": "RC 06.04", "jurisdicao": "Estadual", "conservado_por": "05.04", "centroide_lon": -45.491374, "centroide_lat": -23.826729, "buffer_lateral_m": 1000, "icc_hid_thresholds": "60;85;110;126", "trecho_critico_hid": false, "RAHID": 0, "hazard": "hidro" }, "geometry": { "type": "LineString", "coordinates": [ [ -45.490626891761011, -23.826363350602797, 0.0 ], [ -45.491003671660025, -23.82655950451549, 0.0 ], [ -45.491158187147185, -23.826657773821172, 0.0 ], [ -45.491502834052504, -23.82678623888448, 0.0 ], [ -45.491773717843529, -23.82690013684536, 0.0 ], [ -45.492083180430157, -23.827058806883276, 0.0 ], [ -45.492128584413614, -23.827082895316181, 0.0 ] ] } },
{ "type": "Feature", "properties": { "ua_id": "UA-R3-SSB-1K-119", "regiao_id": 3, "regiao_nome": "São Sebastião", "sigla_rodovia": "SP-055", "escala": "1K", "tipo": "SR", "extensao_km": 0.1729, "ordem_no_grupo": 119, "km_inicial": 141.188, "km_final": 141.344, "subtrecho_der": "055SPE2091", "municipio": "São Sebastião", "regional": "Taubaté", "residencia_dr": "DR 06", "uba_nome": "Caraguatatuba", "uba_codigo": "RC 06.04", "jurisdicao": "Estadual", "conservado_por": "05.04", "centroide_lon": -45.492586, "centroide_lat": -23.827704, "buffer_lateral_m": 1000, "icc_hid_thresholds": "60;85;110;126", "trecho_critico_hid": false, "RAHID": 0, "hazard": "hidro" }, "geometry": { "type": "LineString", "coordinates": [ [ -45.492128584413614, -23.827082895316181, 0.0 ], [ -45.492334628339464, -23.82719220868594, 0.0 ], [ -45.492767786831436, -23.827961971200224, 0.0 ], [ -45.492814915432803, -23.828133355383567, 0.0 ], [ -45.492833868650905, -23.8283906622503, 0.0 ], [ -45.492835464360397, -23.828431646020562, 0.0 ] ] } },
{ "type": "Feature", "properties": { "ua_id": "UA-R3-SSB-1K-120", "regiao_id": 3, "regiao_nome": "São Sebastião", "sigla_rodovia": "SP-055", "escala": "1K", "tipo": "SR", "extensao_km": 0.1729, "ordem_no_grupo": 120, "km_inicial": 141.031, "km_final": 141.188, "subtrecho_der": "055SPE2091", "municipio": "São Sebastião", "regional": "Taubaté", "residencia_dr": "DR 06", "uba_nome": "Caraguatatuba", "uba_codigo": "RC 06.04", "jurisdicao": "Estadual", "conservado_por": "05.04", "centroide_lon": -45.493345, "centroide_lat": -23.828825, "buffer_lateral_m": 1000, "icc_hid_thresholds": "60;85;110;126", "trecho_critico_hid": false, "RAHID": 0, "hazard": "hidro" }, "geometry": { "type": "LineString", "coordinates": [ [ -45.492835464360397, -23.828431646020562, 0.0 ], [ -45.492848804051768, -23.828774257769901, 0.0 ], [ -45.492987865158355, -23.828852498980279, 0.0 ], [ -45.493669137431596, -23.828896868843607, 0.0 ], [ -45.494035870229091, -23.828947379017567, 0.0 ], [ -45.494142319976554, -23.828962540028122, 0.0 ] ] } },
{ "type": "Feature", "properties": { "ua_id": "UA-R3-SSB-1K-121", "regiao_id": 3, "regiao_nome": "São Sebastião", "sigla_rodovia": "SP-055", "escala": "1K", "tipo": "SR", "extensao_km": 0.1729, "ordem_no_grupo": 121, "km_inicial": 140.874, "km_final": 141.031, "subtrecho_der": "055SPE2091", "municipio": "São Sebastião", "regional": "Taubaté", "residencia_dr": "DR 06", "uba_nome": "Caraguatatuba", "uba_codigo": "RC 06.04", "jurisdicao": "Estadual", "conservado_por": "05.04", "centroide_lon": -45.494884, "centroide_lat": -23.829293, "buffer_lateral_m": 1000, "icc_hid_thresholds": "60;85;110;126", "trecho_critico_hid": false, "RAHID": 0, "hazard": "hidro" }, "geometry": { "type": "LineString", "coordinates": [ [ -45.494142319976554, -23.828962540028122, 0.0 ], [ -45.494514946795753, -23.829015610462591, 0.0 ], [ -45.495154942412249, -23.829442310299733, 0.0 ], [ -45.49554660748494, -23.829764184058025, 0.0 ], [ -45.495550034967344, -23.829766916071922, 0.0 ] ] } },
{ "type": "Feature", "properties": { "ua_id": "UA-R3-SSB-1K-122", "regiao_id": 3, "regiao_nome": "São Sebastião", "sigla_rodovia": "SP-055", "escala": "1K", "tipo": "SR", "extensao_km": 0.1729, "ordem_no_grupo": 122, "km_inicial": 140.718, "km_final": 140.874, "subtrecho_der": "055SPE2091", "municipio": "São Sebastião", "regional": "Taubaté", "residencia_dr": "DR 06", "uba_nome": "Caraguatatuba", "uba_codigo": "RC 06.04", "jurisdicao": "Estadual", "conservado_por": "05.04", "centroide_lon": -45.496304, "centroide_lat": -23.830102, "buffer_lateral_m": 1000, "icc_hid_thresholds": "60;85;110;126", "trecho_critico_hid": false, "RAHID": 0, "hazard": "hidro" }, "geometry": { "type": "LineString", "coordinates": [ [ -45.495550034967344, -23.829766916071922, 0.0 ], [ -45.495736795519996, -23.829915780854808, 0.0 ], [ -45.496151827275824, -23.830058187859215, 0.0 ], [ -45.496326571302234, -23.830116601821079, 0.0 ], [ -45.497097735696904, -23.830376295909083, 0.0 ] ] } },
{ "type": "Feature", "properties": { "ua_id": "UA-R3-SSB-1K-123", "regiao_id": 3, "regiao_nome": "São Sebastião", "sigla_rodovia": "SP-055", "escala": "1K", "tipo": "SR", "extensao_km": 0.1729, "ordem_no_grupo": 123, "km_inicial": 140.561, "km_final": 140.718, "subtrecho_der": "055SPE2091", "municipio": "São Sebastião", "regional": "Taubaté", "residencia_dr": "DR 06", "uba_nome": "Caraguatatuba", "uba_codigo": "RC 06.04", "jurisdicao": "Estadual", "conservado_por": "05.04", "centroide_lon": -45.497942, "centroide_lat": -23.830308, "buffer_lateral_m": 1000, "icc_hid_thresholds": "60;85;110;126", "trecho_critico_hid": false, "RAHID": 0, "hazard": "hidro" }, "geometry": { "type": "LineString", "coordinates": [ [ -45.497097735696904, -23.830376295909083, 0.0 ], [ -45.49710210020956, -23.830377765670036, 0.0 ], [ -45.497692315999132, -23.830316214695571, 0.0 ], [ -45.498083510577636, -23.830290043207448, 0.0 ], [ -45.49878930457826, -23.830264314781708, 0.0 ] ] } },
{ "type": "Feature", "properties": { "ua_id": "UA-R3-SSB-1K-124", "regiao_id": 3, "regiao_nome": "São Sebastião", "sigla_rodovia": "SP-055", "escala": "1K", "tipo": "SR", "extensao_km": 0.1729, "ordem_no_grupo": 124, "km_inicial": 140.405, "km_final": 140.561, "subtrecho_der": "055SPE2091", "municipio": "São Sebastião", "regional": "Taubaté", "residencia_dr": "DR 06", "uba_nome": "Caraguatatuba", "uba_codigo": "RC 06.04", "jurisdicao": "Estadual", "conservado_por": "05.04", "centroide_lon": -45.499553, "centroide_lat": -23.83057, "buffer_lateral_m": 1000, "icc_hid_thresholds": "60;85;110;126", "trecho_critico_hid": false, "RAHID": 0, "hazard": "hidro" }, "geometry": { "type": "LineString", "coordinates": [ [ -45.49878930457826, -23.830264314781708, 0.0 ], [ -45.498876602475939, -23.830261132271847, 0.0 ], [ -45.49937940768141, -23.83042647067866, 0.0 ], [ -45.49982419153141, -23.830726545720225, 0.0 ], [ -45.500283116631095, -23.830959792315056, 0.0 ] ] } },
{ "type": "Feature", "properties": { "ua_id": "UA-R3-SSB-1K-125", "regiao_id": 3, "regiao_nome": "São Sebastião", "sigla_rodovia": "SP-055", "escala": "1K", "tipo": "SR", "extensao_km": 0.1729, "ordem_no_grupo": 125, "km_inicial": 140.248, "km_final": 140.405, "subtrecho_der": "055SPE2091", "municipio": "São Sebastião", "regional": "Taubaté", "residencia_dr": "DR 06", "uba_nome": "Caraguatatuba", "uba_codigo": "RC 06.04", "jurisdicao": "Estadual", "conservado_por": "05.04", "centroide_lon": -45.501069, "centroide_lat": -23.831184, "buffer_lateral_m": 1000, "icc_hid_thresholds": "60;85;110;126", "trecho_critico_hid": false, "RAHID": 0, "hazard": "hidro" }, "geometry": { "type": "LineString", "coordinates": [ [ -45.500283116631095, -23.830959792315056, 0.0 ], [ -45.500619055242737, -23.831130530175901, 0.0 ], [ -45.500847785377964, -23.831237356291329, 0.0 ], [ -45.501431893804636, -23.831253017195337, 0.0 ], [ -45.501898775163554, -23.831185883880508, 0.0 ] ] } },
{ "type": "Feature", "properties": { "ua_id": "UA-R3-SSB-1K-126", "regiao_id": 3, "regiao_nome": "São Sebastião", "sigla_rodovia": "SP-055", "escala": "1K", "tipo": "SR", "extensao_km": 0.1729, "ordem_no_grupo": 126, "km_inicial": 140.091, "km_final": 140.248, "subtrecho_der": "055SPE2091", "municipio": "São Sebastião", "regional": "Taubaté", "residencia_dr": "DR 06", "uba_nome": "Caraguatatuba", "uba_codigo": "RC 06.04", "jurisdicao": "Estadual", "conservado_por": "05.04", "centroide_lon": -45.502724, "centroide_lat": -23.831008, "buffer_lateral_m": 1000, "icc_hid_thresholds": "60;85;110;126", "trecho_critico_hid": false, "RAHID": 0, "hazard": "hidro" }, "geometry": { "type": "LineString", "coordinates": [ [ -45.501898775163554, -23.831185883880508, 0.0 ], [ -45.502026306722009, -23.831167545739081, 0.0 ], [ -45.50310290879662, -23.830936440175194, 0.0 ], [ -45.503359914819562, -23.830854157236608, 0.0 ], [ -45.503515641914426, -23.830753230597203, 0.0 ] ] } },
{ "type": "Feature", "properties": { "ua_id": "UA-R3-SSB-1K-127", "regiao_id": 3, "regiao_nome": "São Sebastião", "sigla_rodovia": "SP-055", "escala": "1K", "tipo": "SR", "extensao_km": 0.1729, "ordem_no_grupo": 127, "km_inicial": 139.935, "km_final": 140.091, "subtrecho_der": "055SPE2091", "municipio": "São Sebastião", "regional": "Taubaté", "residencia_dr": "DR 06", "uba_nome": "Caraguatatuba", "uba_codigo": "RC 06.04", "jurisdicao": "Estadual", "conservado_por": "05.04", "centroide_lon": -45.504252, "centroide_lat": -23.830371, "buffer_lateral_m": 1000, "icc_hid_thresholds": "60;85;110;126", "trecho_critico_hid": false, "RAHID": 0, "hazard": "hidro" }, "geometry": { "type": "LineString", "coordinates": [ [ -45.503515641914426, -23.830753230597203, 0.0 ], [ -45.503568928633108, -23.830718695434292, 0.0 ], [ -45.50400301147296, -23.830460840540244, 0.0 ], [ -45.504275212408217, -23.830365799017855, 0.0 ], [ -45.504687461765364, -23.830170282329075, 0.0 ], [ -45.504912923979624, -23.830047286576448, 0.0 ], [ -45.505008926225528, -23.830028164279945, 0.0 ] ] } },
{ "type": "Feature", "properties": { "ua_id": "UA-R3-SSB-1K-128", "regiao_id": 3, "regiao_nome": "São Sebastião", "sigla_rodovia": "SP-055", "escala": "1K", "tipo": "SR", "extensao_km": 0.1729, "ordem_no_grupo": 128, "km_inicial": 139.778, "km_final": 139.935, "subtrecho_der": "055SPE2091", "municipio": "São Sebastião", "regional": "Taubaté", "residencia_dr": "DR 06", "uba_nome": "Caraguatatuba", "uba_codigo": "RC 06.04", "jurisdicao": "Estadual", "conservado_por": "05.04", "centroide_lon": -45.505836, "centroide_lat": -23.829879, "buffer_lateral_m": 1000, "icc_hid_thresholds": "60;85;110;126", "trecho_critico_hid": false, "RAHID": 0, "hazard": "hidro" }, "geometry": { "type": "LineString", "coordinates": [ [ -45.505008926225528, -23.830028164279945, 0.0 ], [ -45.505400339987553, -23.829950199491474, 0.0 ], [ -45.505618209859328, -23.829955180912648, 0.0 ], [ -45.505838353649558, -23.829920847504777, 0.0 ], [ -45.506647120673485, -23.829664283884256, 0.0 ] ] } },
{ "type": "Feature", "properties": { "ua_id": "UA-R3-SSB-1K-129", "regiao_id": 3, "regiao_nome": "São Sebastião", "sigla_rodovia": "SP-055", "escala": "1K", "tipo": "SR", "extensao_km": 0.1729, "ordem_no_grupo": 129, "km_inicial": 139.621, "km_final": 139.778, "subtrecho_der": "055SPE2091", "municipio": "São Sebastião", "regional": "Taubaté", "residencia_dr": "DR 06", "uba_nome": "Caraguatatuba", "uba_codigo": "RC 06.04", "jurisdicao": "Estadual", "conservado_por": "05.04", "centroide_lon": -45.50733, "centroide_lat": -23.829249, "buffer_lateral_m": 1000, "icc_hid_thresholds": "60;85;110;126", "trecho_critico_hid": false, "RAHID": 0, "hazard": "hidro" }, "geometry": { "type": "LineString", "coordinates": [ [ -45.506647120673485, -23.829664283884256, 0.0 ], [ -45.506729563502958, -23.829638130408913, 0.0 ], [ -45.5070000953978, -23.829476701638377, 0.0 ], [ -45.507182278364454, -23.829279642826844, 0.0 ], [ -45.507393057944199, -23.829084093566308, 0.0 ], [ -45.507687914354506, -23.829002208029298, 0.0 ], [ -45.507739647379346, -23.829000736782049, 0.0 ], [ -45.507840192550894, -23.829020250673565, 0.0 ], [ -45.508065474183901, -23.829070251564985, 0.0 ], [ -45.508076473722248, -23.829076099734529, 0.0 ] ] } },
{ "type": "Feature", "properties": { "ua_id": "UA-R3-SSB-1K-130", "regiao_id": 3, "regiao_nome": "São Sebastião", "sigla_rodovia": "SP-055", "escala": "1K", "tipo": "SR", "extensao_km": 0.1729, "ordem_no_grupo": 130, "km_inicial": 139.465, "km_final": 139.621, "subtrecho_der": "055SPE2091", "municipio": "São Sebastião", "regional": "Taubaté", "residencia_dr": "DR 06", "uba_nome": "Caraguatatuba", "uba_codigo": "RC 06.04", "jurisdicao": "Estadual", "conservado_por": "05.04", "centroide_lon": -45.508811, "centroide_lat": -23.829467, "buffer_lateral_m": 1000, "icc_hid_thresholds": "60;85;110;126", "trecho_critico_hid": false, "RAHID": 0, "hazard": "hidro" }, "geometry": { "type": "LineString", "coordinates": [ [ -45.508076473722248, -23.829076099734529, 0.0 ], [ -45.509545913398547, -23.829857350828096, 0.0 ] ] } },
{ "type": "Feature", "properties": { "ua_id": "UA-R3-SSB-1K-131", "regiao_id": 3, "regiao_nome": "São Sebastião", "sigla_rodovia": "SP-055", "escala": "1K", "tipo": "SR", "extensao_km": 0.1729, "ordem_no_grupo": 131, "km_inicial": 139.308, "km_final": 139.465, "subtrecho_der": "055SPE2091", "municipio": "São Sebastião", "regional": "Taubaté", "residencia_dr": "DR 06", "uba_nome": "Caraguatatuba", "uba_codigo": "RC 06.04", "jurisdicao": "Estadual", "conservado_por": "05.04", "centroide_lon": -45.510371, "centroide_lat": -23.829953, "buffer_lateral_m": 1000, "icc_hid_thresholds": "60;85;110;126", "trecho_critico_hid": false, "RAHID": 0, "hazard": "hidro" }, "geometry": { "type": "LineString", "coordinates": [ [ -45.509545913398547, -23.829857350828096, 0.0 ], [ -45.509646857038071, -23.829911018259793, 0.0 ], [ -45.510268311431581, -23.830009815744532, 0.0 ], [ -45.510877684136233, -23.829946290356432, 0.0 ], [ -45.511208817522807, -23.829890287603614, 0.0 ] ] } },
{ "type": "Feature", "properties": { "ua_id": "UA-R3-SSB-1K-132", "regiao_id": 3, "regiao_nome": "São Sebastião", "sigla_rodovia": "SP-055", "escala": "1K", "tipo": "SR", "extensao_km": 0.1729, "ordem_no_grupo": 132, "km_inicial": 139.152, "km_final": 139.308, "subtrecho_der": "055SPE2091", "municipio": "São Sebastião", "regional": "Taubaté", "residencia_dr": "DR 06", "uba_nome": "Caraguatatuba", "uba_codigo": "RC 06.04", "jurisdicao": "Estadual", "conservado_por": "05.04", "centroide_lon": -45.512038, "centroide_lat": -23.829981, "buffer_lateral_m": 1000, "icc_hid_thresholds": "60;85;110;126", "trecho_critico_hid": false, "RAHID": 0, "hazard": "hidro" }, "geometry": { "type": "LineString", "coordinates": [ [ -45.511208817522807, -23.829890287603614, 0.0 ], [ -45.511434484978459, -23.829852121284748, 0.0 ], [ -45.51248202599195, -23.830054892937174, 0.0 ], [ -45.512855054503838, -23.830180628999294, 0.0 ] ] } },
{ "type": "Feature", "properties": { "ua_id": "UA-R3-SSB-1K-133", "regiao_id": 3, "regiao_nome": "São Sebastião", "sigla_rodovia": "SP-055", "escala": "1K", "tipo": "SR", "extensao_km": 0.1729, "ordem_no_grupo": 133, "km_inicial": 138.995, "km_final": 139.152, "subtrecho_der": "055SPE2091", "municipio": "São Sebastião", "regional": "Taubaté", "residencia_dr": "DR 06", "uba_nome": "Caraguatatuba", "uba_codigo": "RC 06.04", "jurisdicao": "Estadual", "conservado_por": "05.04", "centroide_lon": -45.513652, "centroide_lat": -23.830449, "buffer_lateral_m": 1000, "icc_hid_thresholds": "60;85;110;126", "trecho_critico_hid": false, "RAHID": 0, "hazard": "hidro" }, "geometry": { "type": "LineString", "coordinates": [ [ -45.512855054503838, -23.830180628999294, 0.0 ], [ -45.513015167391998, -23.830234597613906, 0.0 ], [ -45.513718836455318, -23.830470355333311, 0.0 ], [ -45.514447287067, -23.830721178811025, 0.0 ] ] } },
{ "type": "Feature", "properties": { "ua_id": "UA-R3-SSB-1K-134", "regiao_id": 3, "regiao_nome": "São Sebastião", "sigla_rodovia": "SP-055", "escala": "1K", "tipo": "SR", "extensao_km": 0.1729, "ordem_no_grupo": 134, "km_inicial": 138.838, "km_final": 138.995, "subtrecho_der": "055SPE2091", "municipio": "São Sebastião", "regional": "Taubaté", "residencia_dr": "DR 06", "uba_nome": "Caraguatatuba", "uba_codigo": "RC 06.04", "jurisdicao": "Estadual", "conservado_por": "05.04", "centroide_lon": -45.515236, "centroide_lat": -23.831005, "buffer_lateral_m": 1000, "icc_hid_thresholds": "60;85;110;126", "trecho_critico_hid": false, "RAHID": 0, "hazard": "hidro" }, "geometry": { "type": "LineString", "coordinates": [ [ -45.514447287067, -23.830721178811025, 0.0 ], [ -45.514602935229512, -23.830774771728887, 0.0 ], [ -45.515285111329106, -23.831055368739111, 0.0 ], [ -45.515941483385383, -23.8312113820406, 0.0 ], [ -45.516046520969013, -23.831223311684852, 0.0 ] ] } },
{ "type": "Feature", "properties": { "ua_id": "UA-R3-SSB-1K-135", "regiao_id": 3, "regiao_nome": "São Sebastião", "sigla_rodovia": "SP-055", "escala": "1K", "tipo": "SR", "extensao_km": 0.1729, "ordem_no_grupo": 135, "km_inicial": 138.682, "km_final": 138.838, "subtrecho_der": "055SPE2091", "municipio": "São Sebastião", "regional": "Taubaté", "residencia_dr": "DR 06", "uba_nome": "Caraguatatuba", "uba_codigo": "RC 06.04", "jurisdicao": "Estadual", "conservado_por": "05.04", "centroide_lon": -45.516815, "centroide_lat": -23.831104, "buffer_lateral_m": 1000, "icc_hid_thresholds": "60;85;110;126", "trecho_critico_hid": false, "RAHID": 0, "hazard": "hidro" }, "geometry": { "type": "LineString", "coordinates": [ [ -45.516046520969013, -23.831223311684852, 0.0 ], [ -45.516544499407729, -23.831279868582989, 0.0 ], [ -45.51691229872408, -23.83123618634713, 0.0 ], [ -45.517054033205838, -23.831120092316343, 0.0 ], [ -45.517132860478554, -23.831001289956905, 0.0 ], [ -45.517393577249599, -23.830649346685476, 0.0 ], [ -45.517403307940597, -23.830632689681639, 0.0 ] ] } },
{ "type": "Feature", "properties": { "ua_id": "UA-R3-SSB-1K-136", "regiao_id": 3, "regiao_nome": "São Sebastião", "sigla_rodovia": "SP-055", "escala": "1K", "tipo": "SR", "extensao_km": 0.1729, "ordem_no_grupo": 136, "km_inicial": 138.525, "km_final": 138.682, "subtrecho_der": "055SPE2091", "municipio": "São Sebastião", "regional": "Taubaté", "residencia_dr": "DR 06", "uba_nome": "Caraguatatuba", "uba_codigo": "RC 06.04", "jurisdicao": "Estadual", "conservado_por": "05.04", "centroide_lon": -45.517309, "centroide_lat": -23.830007, "buffer_lateral_m": 1000, "icc_hid_thresholds": "60;85;110;126", "trecho_critico_hid": false, "RAHID": 0, "hazard": "hidro" }, "geometry": { "type": "LineString", "coordinates": [ [ -45.517403307940597, -23.830632689681639, 0.0 ], [ -45.51747960623662, -23.830502082037015, 0.0 ], [ -45.517546215065018, -23.830326724155334, 0.0 ], [ -45.517569321504176, -23.830070136554149, 0.0 ], [ -45.517485882465138, -23.829889576191412, 0.0 ], [ -45.517009724114722, -23.829707326836669, 0.0 ], [ -45.516701302020685, -23.829612456611656, 0.0 ] ] } },
{ "type": "Feature", "properties": { "ua_id": "UA-R3-SSB-1K-137", "regiao_id": 3, "regiao_nome": "São Sebastião", "sigla_rodovia": "SP-055", "escala": "1K", "tipo": "SR", "extensao_km": 0.1729, "ordem_no_grupo": 137, "km_inicial": 138.369, "km_final": 138.525, "subtrecho_der": "055SPE2091", "municipio": "São Sebastião", "regional": "Taubaté", "residencia_dr": "DR 06", "uba_nome": "Caraguatatuba", "uba_codigo": "RC 06.04", "jurisdicao": "Estadual", "conservado_por": "05.04", "centroide_lon": -45.51598, "centroide_lat": -23.829241, "buffer_lateral_m": 1000, "icc_hid_thresholds": "60;85;110;126", "trecho_critico_hid": false, "RAHID": 0, "hazard": "hidro" }, "geometry": { "type": "LineString", "coordinates": [ [ -45.516701302020685, -23.829612456611656, 0.0 ], [ -45.51636800072243, -23.829509932721535, 0.0 ], [ -45.515974542023073, -23.829345490265755, 0.0 ], [ -45.515436119064276, -23.828785974753064, 0.0 ], [ -45.51545890523802, -23.828695181196437, 0.0 ] ] } },
{ "type": "Feature", "properties": { "ua_id": "UA-R3-SSB-1K-138", "regiao_id": 3, "regiao_nome": "São Sebastião", "sigla_rodovia": "SP-055", "escala": "1K", "tipo": "SR", "extensao_km": 0.1729, "ordem_no_grupo": 138, "km_inicial": 138.212, "km_final": 138.369, "subtrecho_der": "055SPE2091", "municipio": "São Sebastião", "regional": "Taubaté", "residencia_dr": "DR 06", "uba_nome": "Caraguatatuba", "uba_codigo": "RC 06.04", "jurisdicao": "Estadual", "conservado_por": "05.04", "centroide_lon": -45.516008, "centroide_lat": -23.828218, "buffer_lateral_m": 1000, "icc_hid_thresholds": "60;85;110;126", "trecho_critico_hid": false, "RAHID": 0, "hazard": "hidro" }, "geometry": { "type": "LineString", "coordinates": [ [ -45.51545890523802, -23.828695181196437, 0.0 ], [ -45.5155074064077, -23.828501923510455, 0.0 ], [ -45.515517547061449, -23.828384938447275, 0.0 ], [ -45.515653131825381, -23.828339324265702, 0.0 ], [ -45.516754024588892, -23.827878200473254, 0.0 ] ] } },
{ "type": "Feature", "properties": { "ua_id": "UA-R3-SSB-1K-139", "regiao_id": 3, "regiao_nome": "São Sebastião", "sigla_rodovia": "SP-055", "escala": "1K", "tipo": "SR", "extensao_km": 0.1729, "ordem_no_grupo": 139, "km_inicial": 138.055, "km_final": 138.212, "subtrecho_der": "055SPE2091", "municipio": "São Sebastião", "regional": "Taubaté", "residencia_dr": "DR 06", "uba_nome": "Caraguatatuba", "uba_codigo": "RC 06.04", "jurisdicao": "Estadual", "conservado_por": "05.04", "centroide_lon": -45.517525, "centroide_lat": -23.827553, "buffer_lateral_m": 1000, "icc_hid_thresholds": "60;85;110;126", "trecho_critico_hid": false, "RAHID": 0, "hazard": "hidro" }, "geometry": { "type": "LineString", "coordinates": [ [ -45.516754024588892, -23.827878200473254, 0.0 ], [ -45.518148308719127, -23.827294169861652, 0.0 ], [ -45.518275322601887, -23.827197052826779, 0.0 ] ] } },
{ "type": "Feature", "properties": { "ua_id": "UA-R3-SSB-1K-140", "regiao_id": 3, "regiao_nome": "São Sebastião", "sigla_rodovia": "SP-055", "escala": "1K", "tipo": "SR", "extensao_km": 0.1729, "ordem_no_grupo": 140, "km_inicial": 137.899, "km_final": 138.055, "subtrecho_der": "055SPE2091", "municipio": "São Sebastião", "regional": "Taubaté", "residencia_dr": "DR 06", "uba_nome": "Caraguatatuba", "uba_codigo": "RC 06.04", "jurisdicao": "Estadual", "conservado_por": "05.04", "centroide_lon": -45.518917, "centroide_lat": -23.826743, "buffer_lateral_m": 1000, "icc_hid_thresholds": "60;85;110;126", "trecho_critico_hid": false, "RAHID": 0, "hazard": "hidro" }, "geometry": { "type": "LineString", "coordinates": [ [ -45.518275322601887, -23.827197052826779, 0.0 ], [ -45.518287585843368, -23.827187676124872, 0.0 ], [ -45.518485287960075, -23.827076925730609, 0.0 ], [ -45.518636502405073, -23.82687423688094, 0.0 ], [ -45.518898863917251, -23.826628133051504, 0.0 ], [ -45.519068626409798, -23.826523967843919, 0.0 ], [ -45.519197926985001, -23.826508096234594, 0.0 ], [ -45.519477628788998, -23.826522024570124, 0.0 ], [ -45.5195917246091, -23.826574151138981, 0.0 ], [ -45.519652495171648, -23.826597375785926, 0.0 ] ] } },
{ "type": "Feature", "properties": { "ua_id": "UA-R3-SSB-1K-141", "regiao_id": 3, "regiao_nome": "São Sebastião", "sigla_rodovia": "SP-055", "escala": "1K", "tipo": "SR", "extensao_km": 0.1729, "ordem_no_grupo": 141, "km_inicial": 137.742, "km_final": 137.899, "subtrecho_der": "055SPE2091", "municipio": "São Sebastião", "regional": "Taubaté", "residencia_dr": "DR 06", "uba_nome": "Caraguatatuba", "uba_codigo": "RC 06.04", "jurisdicao": "Estadual", "conservado_por": "05.04", "centroide_lon": -45.520329, "centroide_lat": -23.827059, "buffer_lateral_m": 1000, "icc_hid_thresholds": "60;85;110;126", "trecho_critico_hid": false, "RAHID": 0, "hazard": "hidro" }, "geometry": { "type": "LineString", "coordinates": [ [ -45.519652495171648, -23.826597375785926, 0.0 ], [ -45.519716236314608, -23.826621735662748, 0.0 ], [ -45.519820682271551, -23.826680884545148, 0.0 ], [ -45.519892440985842, -23.826718630297162, 0.0 ], [ -45.519957971116156, -23.826770535473202, 0.0 ], [ -45.520048236367465, -23.826854865490272, 0.0 ], [ -45.520347128493853, -23.827062412162046, 0.0 ], [ -45.520619815773976, -23.827237090500414, 0.0 ], [ -45.520762768099623, -23.827410200215198, 0.0 ], [ -45.520958292100005, -23.827574240185232, 0.0 ] ] } },
{ "type": "Feature", "properties": { "ua_id": "UA-R3-SSB-1K-142", "regiao_id": 3, "regiao_nome": "São Sebastião", "sigla_rodovia": "SP-055", "escala": "1K", "tipo": "SR", "extensao_km": 0.1729, "ordem_no_grupo": 142, "km_inicial": 137.585, "km_final": 137.742, "subtrecho_der": "055SPE2091", "municipio": "São Sebastião", "regional": "Taubaté", "residencia_dr": "DR 06", "uba_nome": "Caraguatatuba", "uba_codigo": "RC 06.04", "jurisdicao": "Estadual", "conservado_por": "05.04", "centroide_lon": -45.521727, "centroide_lat": -23.82752, "buffer_lateral_m": 1000, "icc_hid_thresholds": "60;85;110;126", "trecho_critico_hid": false, "RAHID": 0, "hazard": "hidro" }, "geometry": { "type": "LineString", "coordinates": [ [ -45.520958292100005, -23.827574240185232, 0.0 ], [ -45.521010635072251, -23.827618154575745, 0.0 ], [ -45.521128015855105, -23.827688370927085, 0.0 ], [ -45.521358805209402, -23.827704489975829, 0.0 ], [ -45.521514250509497, -23.82763680555475, 0.0 ], [ -45.522504959064577, -23.827234613919781, 0.0 ] ] } },
{ "type": "Feature", "properties": { "ua_id": "UA-R3-SSB-1K-143", "regiao_id": 3, "regiao_nome": "São Sebastião", "sigla_rodovia": "SP-055", "escala": "1K", "tipo": "SR", "extensao_km": 0.1729, "ordem_no_grupo": 143, "km_inicial": 137.429, "km_final": 137.585, "subtrecho_der": "055SPE2091", "municipio": "São Sebastião", "regional": "Taubaté", "residencia_dr": "DR 06", "uba_nome": "Caraguatatuba", "uba_codigo": "RC 06.04", "jurisdicao": "Estadual", "conservado_por": "05.04", "centroide_lon": -45.523296, "centroide_lat": -23.826961, "buffer_lateral_m": 1000, "icc_hid_thresholds": "60;85;110;126", "trecho_critico_hid": false, "RAHID": 0, "hazard": "hidro" }, "geometry": { "type": "LineString", "coordinates": [ [ -45.522504959064577, -23.827234613919781, 0.0 ], [ -45.523212786519657, -23.826947256329305, 0.0 ], [ -45.523873838776112, -23.826802925012295, 0.0 ], [ -45.524114990957386, -23.826768335204505, 0.0 ] ] } },
{ "type": "Feature", "properties": { "ua_id": "UA-R3-SSB-1K-144", "regiao_id": 3, "regiao_nome": "São Sebastião", "sigla_rodovia": "SP-055", "escala": "1K", "tipo": "SR", "extensao_km": 0.1729, "ordem_no_grupo": 144, "km_inicial": 137.272, "km_final": 137.429, "subtrecho_der": "055SPE2091", "municipio": "São Sebastião", "regional": "Taubaté", "residencia_dr": "DR 06", "uba_nome": "Caraguatatuba", "uba_codigo": "RC 06.04", "jurisdicao": "Estadual", "conservado_por": "05.04", "centroide_lon": -45.524942, "centroide_lat": -23.826894, "buffer_lateral_m": 1000, "icc_hid_thresholds": "60;85;110;126", "trecho_critico_hid": false, "RAHID": 0, "hazard": "hidro" }, "geometry": { "type": "LineString", "coordinates": [ [ -45.524114990957386, -23.826768335204505, 0.0 ], [ -45.524258765050725, -23.826747712693436, 0.0 ], [ -45.524446462404953, -23.826765595867851, 0.0 ], [ -45.525066418733672, -23.826904914238696, 0.0 ], [ -45.525755877992395, -23.82711049015932, 0.0 ] ] } },
{ "type": "Feature", "properties": { "ua_id": "UA-R3-SSB-1K-145", "regiao_id": 3, "regiao_nome": "São Sebastião", "sigla_rodovia": "SP-055", "escala": "1K", "tipo": "SR", "extensao_km": 0.1729, "ordem_no_grupo": 145, "km_inicial": 137.116, "km_final": 137.272, "subtrecho_der": "055SPE2091", "municipio": "São Sebastião", "regional": "Taubaté", "residencia_dr": "DR 06", "uba_nome": "Caraguatatuba", "uba_codigo": "RC 06.04", "jurisdicao": "Estadual", "conservado_por": "05.04", "centroide_lon": -45.526581, "centroide_lat": -23.827273, "buffer_lateral_m": 1000, "icc_hid_thresholds": "60;85;110;126", "trecho_critico_hid": false, "RAHID": 0, "hazard": "hidro" }, "geometry": { "type": "LineString", "coordinates": [ [ -45.525755877992395, -23.82711049015932, 0.0 ], [ -45.526226967461078, -23.82725095264502, 0.0 ], [ -45.526908099549239, -23.827329366284534, 0.0 ], [ -45.527423262577337, -23.827346832118021, 0.0 ] ] } },
{ "type": "Feature", "properties": { "ua_id": "UA-R3-SSB-1K-146", "regiao_id": 3, "regiao_nome": "São Sebastião", "sigla_rodovia": "SP-055", "escala": "1K", "tipo": "SR", "extensao_km": 0.1729, "ordem_no_grupo": 146, "km_inicial": 136.959, "km_final": 137.116, "subtrecho_der": "055SPE2091", "municipio": "São Sebastião", "regional": "Taubaté", "residencia_dr": "DR 06", "uba_nome": "Caraguatatuba", "uba_codigo": "RC 06.04", "jurisdicao": "Estadual", "conservado_por": "05.04", "centroide_lon": -45.528192, "centroide_lat": -23.827054, "buffer_lateral_m": 1000, "icc_hid_thresholds": "60;85;110;126", "trecho_critico_hid": false, "RAHID": 0, "hazard": "hidro" }, "geometry": { "type": "LineString", "coordinates": [ [ -45.527423262577337, -23.827346832118021, 0.0 ], [ -45.527550270030794, -23.827351137850705, 0.0 ], [ -45.528126733953385, -23.827133585443381, 0.0 ], [ -45.528913303915317, -23.826648461261072, 0.0 ] ] } },
{ "type": "Feature", "properties": { "ua_id": "UA-R3-SSB-1K-147", "regiao_id": 3, "regiao_nome": "São Sebastião", "sigla_rodovia": "SP-055", "escala": "1K", "tipo": "SR", "extensao_km": 0.1729, "ordem_no_grupo": 147, "km_inicial": 136.802, "km_final": 136.959, "subtrecho_der": "055SPE2091", "municipio": "São Sebastião", "regional": "Taubaté", "residencia_dr": "DR 06", "uba_nome": "Caraguatatuba", "uba_codigo": "RC 06.04", "jurisdicao": "Estadual", "conservado_por": "05.04", "centroide_lon": -45.529226, "centroide_lat": -23.825977, "buffer_lateral_m": 1000, "icc_hid_thresholds": "60;85;110;126", "trecho_critico_hid": false, "RAHID": 0, "hazard": "hidro" }, "geometry": { "type": "LineString", "coordinates": [ [ -45.528913303915317, -23.826648461261072, 0.0 ], [ -45.528925166139061, -23.826641145068631, 0.0 ], [ -45.529268348839132, -23.826265697733703, 0.0 ], [ -45.529356581999082, -23.825688387573457, 0.0 ], [ -45.5291684852101, -23.825246448177918, 0.0 ] ] } },
{ "type": "Feature", "properties": { "ua_id": "UA-R3-SSB-1K-148", "regiao_id": 3, "regiao_nome": "São Sebastião", "sigla_rodovia": "SP-055", "escala": "1K", "tipo": "SR", "extensao_km": 0.1729, "ordem_no_grupo": 148, "km_inicial": 136.646, "km_final": 136.802, "subtrecho_der": "055SPE2091", "municipio": "São Sebastião", "regional": "Taubaté", "residencia_dr": "DR 06", "uba_nome": "Caraguatatuba", "uba_codigo": "RC 06.04", "jurisdicao": "Estadual", "conservado_por": "05.04", "centroide_lon": -45.528587, "centroide_lat": -23.824695, "buffer_lateral_m": 1000, "icc_hid_thresholds": "60;85;110;126", "trecho_critico_hid": false, "RAHID": 0, "hazard": "hidro" }, "geometry": { "type": "LineString", "coordinates": [ [ -45.5291684852101, -23.825246448177918, 0.0 ], [ -45.529124081319736, -23.825142119337137, 0.0 ], [ -45.528670968231069, -23.824715552104177, 0.0 ], [ -45.527920832520728, -23.824214473501701, 0.0 ] ] } },
{ "type": "Feature", "properties": { "ua_id": "UA-R3-SSB-1K-149", "regiao_id": 3, "regiao_nome": "São Sebastião", "sigla_rodovia": "SP-055", "escala": "1K", "tipo": "SR", "extensao_km": 0.1729, "ordem_no_grupo": 149, "km_inicial": 136.489, "km_final": 136.646, "subtrecho_der": "055SPE2091", "municipio": "São Sebastião", "regional": "Taubaté", "residencia_dr": "DR 06", "uba_nome": "Caraguatatuba", "uba_codigo": "RC 06.04", "jurisdicao": "Estadual", "conservado_por": "05.04", "centroide_lon": -45.527425, "centroide_lat": -23.823589, "buffer_lateral_m": 1000, "icc_hid_thresholds": "60;85;110;126", "trecho_critico_hid": false, "RAHID": 0, "hazard": "hidro" }, "geometry": { "type": "LineString", "coordinates": [ [ -45.527920832520728, -23.824214473501701, 0.0 ], [ -45.527916992666292, -23.824211908521061, 0.0 ], [ -45.527302936368677, -23.823510971266948, 0.0 ], [ -45.527114561959635, -23.823158164030364, 0.0 ], [ -45.527095661524704, -23.822895135536854, 0.0 ] ] } },
{ "type": "Feature", "properties": { "ua_id": "UA-R3-SSB-1K-150", "regiao_id": 3, "regiao_nome": "São Sebastião", "sigla_rodovia": "SP-055", "escala": "1K", "tipo": "SR", "extensao_km": 0.1729, "ordem_no_grupo": 150, "km_inicial": 136.333, "km_final": 136.489, "subtrecho_der": "055SPE2091", "municipio": "São Sebastião", "regional": "Taubaté", "residencia_dr": "DR 06", "uba_nome": "Caraguatatuba", "uba_codigo": "RC 06.04", "jurisdicao": "Estadual", "conservado_por": "05.04", "centroide_lon": -45.527242, "centroide_lat": -23.822163, "buffer_lateral_m": 1000, "icc_hid_thresholds": "60;85;110;126", "trecho_critico_hid": false, "RAHID": 0, "hazard": "hidro" }, "geometry": { "type": "LineString", "coordinates": [ [ -45.527095661524704, -23.822895135536854, 0.0 ], [ -45.527089258721823, -23.822806030452501, 0.0 ], [ -45.527056136506658, -23.822358654075607, 0.0 ], [ -45.52718171137542, -23.822068986893573, 0.0 ], [ -45.527642699351404, -23.821529481873828, 0.0 ], [ -45.527658531875524, -23.821508583964395, 0.0 ] ] } },
{ "type": "Feature", "properties": { "ua_id": "UA-R3-SSB-1K-151", "regiao_id": 3, "regiao_nome": "São Sebastião", "sigla_rodovia": "SP-055", "escala": "1K", "tipo": "SR", "extensao_km": 0.1729, "ordem_no_grupo": 151, "km_inicial": 136.176, "km_final": 136.333, "subtrecho_der": "055SPE2091", "municipio": "São Sebastião", "regional": "Taubaté", "residencia_dr": "DR 06", "uba_nome": "Caraguatatuba", "uba_codigo": "RC 06.04", "jurisdicao": "Estadual", "conservado_por": "05.04", "centroide_lon": -45.527437, "centroide_lat": -23.820914, "buffer_lateral_m": 1000, "icc_hid_thresholds": "60;85;110;126", "trecho_critico_hid": false, "RAHID": 0, "hazard": "hidro" }, "geometry": { "type": "LineString", "coordinates": [ [ -45.527658531875524, -23.821508583964395, 0.0 ], [ -45.527747042632761, -23.821391755328786, 0.0 ], [ -45.52775003625689, -23.821103627942446, 0.0 ], [ -45.527682006919889, -23.820911388046625, 0.0 ], [ -45.527501616126557, -23.820773117155937, 0.0 ], [ -45.527325867726923, -23.820731917143721, 0.0 ], [ -45.526980379713834, -23.820618091925407, 0.0 ], [ -45.526766389174789, -23.820550662785703, 0.0 ] ] } },
{ "type": "Feature", "properties": { "ua_id": "UA-R3-SSB-1K-152", "regiao_id": 3, "regiao_nome": "São Sebastião", "sigla_rodovia": "SP-055", "escala": "1K", "tipo": "SR", "extensao_km": 0.1729, "ordem_no_grupo": 152, "km_inicial": 136.019, "km_final": 136.176, "subtrecho_der": "055SPE2091", "municipio": "São Sebastião", "regional": "Taubaté", "residencia_dr": "DR 06", "uba_nome": "Caraguatatuba", "uba_codigo": "RC 06.04", "jurisdicao": "Estadual", "conservado_por": "05.04", "centroide_lon": -45.526296, "centroide_lat": -23.820001, "buffer_lateral_m": 1000, "icc_hid_thresholds": "60;85;110;126", "trecho_critico_hid": false, "RAHID": 0, "hazard": "hidro" }, "geometry": { "type": "LineString", "coordinates": [ [ -45.526766389174789, -23.820550662785703, 0.0 ], [ -45.526639133782943, -23.820510564007893, 0.0 ], [ -45.526453066095968, -23.820384492623933, 0.0 ], [ -45.526363474658531, -23.820305842388073, 0.0 ], [ -45.526120193945182, -23.819973061816629, 0.0 ], [ -45.526104491731715, -23.81988350986056, 0.0 ], [ -45.526079925597728, -23.819674756337662, 0.0 ], [ -45.52627870489642, -23.819407476817297, 0.0 ], [ -45.526360481566307, -23.819367001860993, 0.0 ] ] } },
{ "type": "Feature", "properties": { "ua_id": "UA-R3-SSB-1K-153", "regiao_id": 3, "regiao_nome": "São Sebastião", "sigla_rodovia": "SP-055", "escala": "1K", "tipo": "SR", "extensao_km": 0.1729, "ordem_no_grupo": 153, "km_inicial": 135.863, "km_final": 136.019, "subtrecho_der": "055SPE2091", "municipio": "São Sebastião", "regional": "Taubaté", "residencia_dr": "DR 06", "uba_nome": "Caraguatatuba", "uba_codigo": "RC 06.04", "jurisdicao": "Estadual", "conservado_por": "05.04", "centroide_lon": -45.527114, "centroide_lat": -23.819009, "buffer_lateral_m": 1000, "icc_hid_thresholds": "60;85;110;126", "trecho_critico_hid": false, "RAHID": 0, "hazard": "hidro" }, "geometry": { "type": "LineString", "coordinates": [ [ -45.526360481566307, -23.819367001860993, 0.0 ], [ -45.526522900716614, -23.819286613107874, 0.0 ], [ -45.527157790072707, -23.819006858670761, 0.0 ], [ -45.527791346654979, -23.818658543462984, 0.0 ], [ -45.527851134123722, -23.818623974919866, 0.0 ] ] } },
{ "type": "Feature", "properties": { "ua_id": "UA-R3-SSB-1K-154", "regiao_id": 3, "regiao_nome": "São Sebastião", "sigla_rodovia": "SP-055", "escala": "1K", "tipo": "SR", "extensao_km": 0.1729, "ordem_no_grupo": 154, "km_inicial": 135.706, "km_final": 135.863, "subtrecho_der": "055SPE2091", "municipio": "São Sebastião", "regional": "Taubaté", "residencia_dr": "DR 06", "uba_nome": "Caraguatatuba", "uba_codigo": "RC 06.04", "jurisdicao": "Estadual", "conservado_por": "05.04", "centroide_lon": -45.528248, "centroide_lat": -23.818098, "buffer_lateral_m": 1000, "icc_hid_thresholds": "60;85;110;126", "trecho_critico_hid": false, "RAHID": 0, "hazard": "hidro" }, "geometry": { "type": "LineString", "coordinates": [ [ -45.527851134123722, -23.818623974919866, 0.0 ], [ -45.528347814581821, -23.818336797430199, 0.0 ], [ -45.528488767911249, -23.817926719666303, 0.0 ], [ -45.528266941746978, -23.81769652911651, 0.0 ], [ -45.527993087922162, -23.817565750836284, 0.0 ] ] } },
{ "type": "Feature", "properties": { "ua_id": "UA-R3-SSB-1K-155", "regiao_id": 3, "regiao_nome": "São Sebastião", "sigla_rodovia": "SP-055", "escala": "1K", "tipo": "SR", "extensao_km": 0.1729, "ordem_no_grupo": 155, "km_inicial": 135.549, "km_final": 135.706, "subtrecho_der": "055SPE2091", "municipio": "São Sebastião", "regional": "Taubaté", "residencia_dr": "DR 06", "uba_nome": "Caraguatatuba", "uba_codigo": "RC 06.04", "jurisdicao": "Estadual", "conservado_por": "05.04", "centroide_lon": -45.527293, "centroide_lat": -23.817157, "buffer_lateral_m": 1000, "icc_hid_thresholds": "60;85;110;126", "trecho_critico_hid": false, "RAHID": 0, "hazard": "hidro" }, "geometry": { "type": "LineString", "coordinates": [ [ -45.527993087922162, -23.817565750836284, 0.0 ], [ -45.527123034613467, -23.817150253807423, 0.0 ], [ -45.527011183782207, -23.817053034505445, 0.0 ], [ -45.526907012632059, -23.81689506765931, 0.0 ], [ -45.526830094745549, -23.816694126163132, 0.0 ], [ -45.526835056360014, -23.816574164936242, 0.0 ] ] } },
{ "type": "Feature", "properties": { "ua_id": "UA-R3-SSB-1K-156", "regiao_id": 3, "regiao_nome": "São Sebastião", "sigla_rodovia": "SP-055", "escala": "1K", "tipo": "SR", "extensao_km": 0.1729, "ordem_no_grupo": 156, "km_inicial": 135.393, "km_final": 135.549, "subtrecho_der": "055SPE2091", "municipio": "São Sebastião", "regional": "Taubaté", "residencia_dr": "DR 06", "uba_nome": "Caraguatatuba", "uba_codigo": "RC 06.04", "jurisdicao": "Estadual", "conservado_por": "05.04", "centroide_lon": -45.527206, "centroide_lat": -23.815892, "buffer_lateral_m": 1000, "icc_hid_thresholds": "60;85;110;126", "trecho_critico_hid": false, "RAHID": 0, "hazard": "hidro" }, "geometry": { "type": "LineString", "coordinates": [ [ -45.526835056360014, -23.816574164936242, 0.0 ], [ -45.52684189472707, -23.816408827571404, 0.0 ], [ -45.527375166417954, -23.815608523323164, 0.0 ], [ -45.527702444115292, -23.815264600228392, 0.0 ] ] } },
{ "type": "Feature", "properties": { "ua_id": "UA-R3-SSB-1K-157", "regiao_id": 3, "regiao_nome": "São Sebastião", "sigla_rodovia": "SP-055", "escala": "1K", "tipo": "SR", "extensao_km": 0.1729, "ordem_no_grupo": 157, "km_inicial": 135.236, "km_final": 135.393, "subtrecho_der": "055SPE2091", "municipio": "São Sebastião", "regional": "Taubaté", "residencia_dr": "DR 06", "uba_nome": "Caraguatatuba", "uba_codigo": "RC 06.04", "jurisdicao": "Estadual", "conservado_por": "05.04", "centroide_lon": -45.52841, "centroide_lat": -23.814839, "buffer_lateral_m": 1000, "icc_hid_thresholds": "60;85;110;126", "trecho_critico_hid": false, "RAHID": 0, "hazard": "hidro" }, "geometry": { "type": "LineString", "coordinates": [ [ -45.527702444115292, -23.815264600228392, 0.0 ], [ -45.527745593782541, -23.81521925577642, 0.0 ], [ -45.528247201625916, -23.814947382533088, 0.0 ], [ -45.529118797268559, -23.814409822225574, 0.0 ] ] } },
{ "type": "Feature", "properties": { "ua_id": "UA-R3-SSB-1K-158", "regiao_id": 3, "regiao_nome": "São Sebastião", "sigla_rodovia": "SP-055", "escala": "1K", "tipo": "SR", "extensao_km": 0.1729, "ordem_no_grupo": 158, "km_inicial": 135.08, "km_final": 135.236, "subtrecho_der": "055SPE2091", "municipio": "São Sebastião", "regional": "Taubaté", "residencia_dr": "DR 06", "uba_nome": "Caraguatatuba", "uba_codigo": "RC 06.04", "jurisdicao": "Estadual", "conservado_por": "05.04", "centroide_lon": -45.529838, "centroide_lat": -23.814005, "buffer_lateral_m": 1000, "icc_hid_thresholds": "60;85;110;126", "trecho_critico_hid": false, "RAHID": 0, "hazard": "hidro" }, "geometry": { "type": "LineString", "coordinates": [ [ -45.529118797268559, -23.814409822225574, 0.0 ], [ -45.530044703727071, -23.81383875530668, 0.0 ], [ -45.530610833772855, -23.813713430150173, 0.0 ] ] } },
{ "type": "Feature", "properties": { "ua_id": "UA-R3-SSB-1K-159", "regiao_id": 3, "regiao_nome": "São Sebastião", "sigla_rodovia": "SP-055", "escala": "1K", "tipo": "SR", "extensao_km": 0.1729, "ordem_no_grupo": 159, "km_inicial": 134.923, "km_final": 135.08, "subtrecho_der": "055SPE2091", "municipio": "São Sebastião", "regional": "Taubaté", "residencia_dr": "DR 06", "uba_nome": "Caraguatatuba", "uba_codigo": "RC 06.04", "jurisdicao": "Estadual", "conservado_por": "05.04", "centroide_lon": -45.531446, "centroide_lat": -23.813804, "buffer_lateral_m": 1000, "icc_hid_thresholds": "60;85;110;126", "trecho_critico_hid": false, "RAHID": 0, "hazard": "hidro" }, "geometry": { "type": "LineString", "coordinates": [ [ -45.530610833772855, -23.813713430150173, 0.0 ], [ -45.530637042126735, -23.813707628307014, 0.0 ], [ -45.531316392049149, -23.81373482274698, 0.0 ], [ -45.53197576539938, -23.813908251425914, 0.0 ], [ -45.532259218481343, -23.814009987555764, 0.0 ] ] } },
{ "type": "Feature", "properties": { "ua_id": "UA-R3-SSB-1K-160", "regiao_id": 3, "regiao_nome": "São Sebastião", "sigla_rodovia": "SP-055", "escala": "1K", "tipo": "SR", "extensao_km": 0.1729, "ordem_no_grupo": 160, "km_inicial": 134.766, "km_final": 134.923, "subtrecho_der": "055SPE2091", "municipio": "São Sebastião", "regional": "Taubaté", "residencia_dr": "DR 06", "uba_nome": "Caraguatatuba", "uba_codigo": "RC 06.04", "jurisdicao": "Estadual", "conservado_por": "05.04", "centroide_lon": -45.533068, "centroide_lat": -23.814227, "buffer_lateral_m": 1000, "icc_hid_thresholds": "60;85;110;126", "trecho_critico_hid": false, "RAHID": 0, "hazard": "hidro" }, "geometry": { "type": "LineString", "coordinates": [ [ -45.532259218481343, -23.814009987555764, 0.0 ], [ -45.532593932308018, -23.814130121155802, 0.0 ], [ -45.533168220739874, -23.8142978190868, 0.0 ], [ -45.533892547362839, -23.814330002350211, 0.0 ], [ -45.533902515790984, -23.814328994200071, 0.0 ] ] } },
{ "type": "Feature", "properties": { "ua_id": "UA-R3-SSB-1K-161", "regiao_id": 3, "regiao_nome": "São Sebastião", "sigla_rodovia": "SP-055", "escala": "1K", "tipo": "SR", "extensao_km": 0.1729, "ordem_no_grupo": 161, "km_inicial": 134.61, "km_final": 134.766, "subtrecho_der": "055SPE2091", "municipio": "São Sebastião", "regional": "Taubaté", "residencia_dr": "DR 06", "uba_nome": "Caraguatatuba", "uba_codigo": "RC 06.04", "jurisdicao": "Estadual", "conservado_por": "05.04", "centroide_lon": -45.534747, "centroide_lat": -23.814276, "buffer_lateral_m": 1000, "icc_hid_thresholds": "60;85;110;126", "trecho_critico_hid": false, "RAHID": 0, "hazard": "hidro" }, "geometry": { "type": "LineString", "coordinates": [ [ -45.533902515790984, -23.814328994200071, 0.0 ], [ -45.534699879760808, -23.814248351208068, 0.0 ], [ -45.535451671975125, -23.814278242311861, 0.0 ], [ -45.535593771147191, -23.814270599883553, 0.0 ] ] } },
{ "type": "Feature", "properties": { "ua_id": "UA-R3-SSB-1K-162", "regiao_id": 3, "regiao_nome": "São Sebastião", "sigla_rodovia": "SP-055", "escala": "1K", "tipo": "SR", "extensao_km": 0.1729, "ordem_no_grupo": 162, "km_inicial": 134.453, "km_final": 134.61, "subtrecho_der": "055SPE2091", "municipio": "São Sebastião", "regional": "Taubaté", "residencia_dr": "DR 06", "uba_nome": "Caraguatatuba", "uba_codigo": "RC 06.04", "jurisdicao": "Estadual", "conservado_por": "05.04", "centroide_lon": -45.536432, "centroide_lat": -23.814248, "buffer_lateral_m": 1000, "icc_hid_thresholds": "60;85;110;126", "trecho_critico_hid": false, "RAHID": 0, "hazard": "hidro" }, "geometry": { "type": "LineString", "coordinates": [ [ -45.535593771147191, -23.814270599883553, 0.0 ], [ -45.535856793328229, -23.814256453583447, 0.0 ], [ -45.536459342015483, -23.814260670355253, 0.0 ], [ -45.536760392826601, -23.814302341430686, 0.0 ], [ -45.536932897053497, -23.814268142241705, 0.0 ], [ -45.537061332398395, -23.814189378479544, 0.0 ], [ -45.537177905822226, -23.814069741999511, 0.0 ], [ -45.537190468820093, -23.814054180307476, 0.0 ] ] } },
{ "type": "Feature", "properties": { "ua_id": "UA-R3-SSB-1K-163", "regiao_id": 3, "regiao_nome": "São Sebastião", "sigla_rodovia": "SP-055", "escala": "1K", "tipo": "SR", "extensao_km": 0.1729, "ordem_no_grupo": 163, "km_inicial": 134.297, "km_final": 134.453, "subtrecho_der": "055SPE2091", "municipio": "São Sebastião", "regional": "Taubaté", "residencia_dr": "DR 06", "uba_nome": "Caraguatatuba", "uba_codigo": "RC 06.04", "jurisdicao": "Estadual", "conservado_por": "05.04", "centroide_lon": -45.537563, "centroide_lat": -23.813407, "buffer_lateral_m": 1000, "icc_hid_thresholds": "60;85;110;126", "trecho_critico_hid": false, "RAHID": 0, "hazard": "hidro" }, "geometry": { "type": "LineString", "coordinates": [ [ -45.537190468820093, -23.814054180307476, 0.0 ], [ -45.537376498491149, -23.8138237461886, 0.0 ], [ -45.537381294984662, -23.81371109446065, 0.0 ], [ -45.537426871948391, -23.813361030827217, 0.0 ], [ -45.537492362326539, -23.813262560608266, 0.0 ], [ -45.537665243383763, -23.813128106998217, 0.0 ], [ -45.538144775720653, -23.812926131395802, 0.0 ] ] } },
{ "type": "Feature", "properties": { "ua_id": "UA-R3-SSB-1K-164", "regiao_id": 3, "regiao_nome": "São Sebastião", "sigla_rodovia": "SP-055", "escala": "1K", "tipo": "SR", "extensao_km": 0.1729, "ordem_no_grupo": 164, "km_inicial": 134.14, "km_final": 134.297, "subtrecho_der": "055SPE2091", "municipio": "São Sebastião", "regional": "Taubaté", "residencia_dr": "DR 06", "uba_nome": "Caraguatatuba", "uba_codigo": "RC 06.04", "jurisdicao": "Estadual", "conservado_por": "05.04", "centroide_lon": -45.538755, "centroide_lat": -23.812404, "buffer_lateral_m": 1000, "icc_hid_thresholds": "60;85;110;126", "trecho_critico_hid": false, "RAHID": 0, "hazard": "hidro" }, "geometry": { "type": "LineString", "coordinates": [ [ -45.538144775720653, -23.812926131395802, 0.0 ], [ -45.538313877166992, -23.812854906569839, 0.0 ], [ -45.538631781404426, -23.812464687821318, 0.0 ], [ -45.539382395912575, -23.811883656064264, 0.0 ] ] } },
{ "type": "Feature", "properties": { "ua_id": "UA-R3-SSB-1K-165", "regiao_id": 3, "regiao_nome": "São Sebastião", "sigla_rodovia": "SP-055", "escala": "1K", "tipo": "SR", "extensao_km": 0.1729, "ordem_no_grupo": 165, "km_inicial": 133.983, "km_final": 134.14, "subtrecho_der": "055SPE2091", "municipio": "São Sebastião", "regional": "Taubaté", "residencia_dr": "DR 06", "uba_nome": "Caraguatatuba", "uba_codigo": "RC 06.04", "jurisdicao": "Estadual", "conservado_por": "05.04", "centroide_lon": -45.539839, "centroide_lat": -23.811328, "buffer_lateral_m": 1000, "icc_hid_thresholds": "60;85;110;126", "trecho_critico_hid": false, "RAHID": 3, "hazard": "hidro" }, "geometry": { "type": "LineString", "coordinates": [ [ -45.539382395912575, -23.811883656064264, 0.0 ], [ -45.540012693836367, -23.811395751569869, 0.0 ], [ -45.540091018992236, -23.81125338787691, 0.0 ], [ -45.54004948146941, -23.811102808454891, 0.0 ], [ -45.539882250164325, -23.810846386750178, 0.0 ], [ -45.539783543895872, -23.810680097258395, 0.0 ] ] } },
{ "type": "Feature", "properties": { "ua_id": "UA-R3-SSB-1K-166", "regiao_id": 3, "regiao_nome": "São Sebastião", "sigla_rodovia": "SP-055", "escala": "1K", "tipo": "SR", "extensao_km": 0.1729, "ordem_no_grupo": 166, "km_inicial": 133.827, "km_final": 133.983, "subtrecho_der": "055SPE2091", "municipio": "São Sebastião", "regional": "Taubaté", "residencia_dr": "DR 06", "uba_nome": "Caraguatatuba", "uba_codigo": "RC 06.04", "jurisdicao": "Estadual", "conservado_por": "05.04", "centroide_lon": -45.539419, "centroide_lat": -23.809982, "buffer_lateral_m": 1000, "icc_hid_thresholds": "60;85;110;126", "trecho_critico_hid": false, "RAHID": 3, "hazard": "hidro" }, "geometry": { "type": "LineString", "coordinates": [ [ -45.539783543895872, -23.810680097258395, 0.0 ], [ -45.539278611273637, -23.809829434349638, 0.0 ], [ -45.539192137549399, -23.809242778826704, 0.0 ] ] } },
{ "type": "Feature", "properties": { "ua_id": "UA-R3-SSB-1K-167", "regiao_id": 3, "regiao_nome": "São Sebastião", "sigla_rodovia": "SP-055", "escala": "1K", "tipo": "SR", "extensao_km": 0.1729, "ordem_no_grupo": 167, "km_inicial": 133.67, "km_final": 133.827, "subtrecho_der": "055SPE2091", "municipio": "São Sebastião", "regional": "Taubaté", "residencia_dr": "DR 06", "uba_nome": "Caraguatatuba", "uba_codigo": "RC 06.04", "jurisdicao": "Estadual", "conservado_por": "05.04", "centroide_lon": -45.539189, "centroide_lat": -23.808467, "buffer_lateral_m": 1000, "icc_hid_thresholds": "60;85;110;126", "trecho_critico_hid": false, "RAHID": 3, "hazard": "hidro" }, "geometry": { "type": "LineString", "coordinates": [ [ -45.539192137549399, -23.809242778826704, 0.0 ], [ -45.539181515414917, -23.809170715685912, 0.0 ], [ -45.539140120655738, -23.808514336123167, 0.0 ], [ -45.539240419313181, -23.80787145254871, 0.0 ], [ -45.539340680386253, -23.807715030163298, 0.0 ] ] } },
{ "type": "Feature", "properties": { "ua_id": "UA-R3-SSB-1K-168", "regiao_id": 3, "regiao_nome": "São Sebastião", "sigla_rodovia": "SP-055", "escala": "1K", "tipo": "SR", "extensao_km": 0.1729, "ordem_no_grupo": 168, "km_inicial": 133.514, "km_final": 133.67, "subtrecho_der": "055SPE2091", "municipio": "São Sebastião", "regional": "Taubaté", "residencia_dr": "DR 06", "uba_nome": "Caraguatatuba", "uba_codigo": "RC 06.04", "jurisdicao": "Estadual", "conservado_por": "05.04", "centroide_lon": -45.539941, "centroide_lat": -23.807217, "buffer_lateral_m": 1000, "icc_hid_thresholds": "60;85;110;126", "trecho_critico_hid": false, "RAHID": 3, "hazard": "hidro" }, "geometry": { "type": "LineString", "coordinates": [ [ -45.539340680386253, -23.807715030163298, 0.0 ], [ -45.539598027896261, -23.807313527270384, 0.0 ], [ -45.540684937518854, -23.806867098368272, 0.0 ] ] } },
{ "type": "Feature", "properties": { "ua_id": "UA-R3-SSB-1K-169", "regiao_id": 3, "regiao_nome": "São Sebastião", "sigla_rodovia": "SP-055", "escala": "1K", "tipo": "SR", "extensao_km": 0.1229, "ordem_no_grupo": 169, "km_inicial": 156.899, "km_final": 157.024, "subtrecho_der": "055SPE2885", "municipio": "São Sebastião", "regional": "Taubaté", "residencia_dr": "DR 06", "uba_nome": "Caraguatatuba", "uba_codigo": "RC 06.04", "jurisdicao": "Estadual", "conservado_por": "05.04", "centroide_lon": -45.586716, "centroide_lat": -23.787567, "buffer_lateral_m": 1000, "icc_hid_thresholds": "60;85;110;126", "trecho_critico_hid": false, "RAHID": 0, "hazard": "hidro" }, "geometry": { "type": "LineString", "coordinates": [ [ -45.58633677909738, -23.787998085409797, 0.0 ], [ -45.587095567965974, -23.787135444499118, 0.0 ] ] } },
{ "type": "Feature", "properties": { "ua_id": "UA-R3-SSB-1K-170", "regiao_id": 3, "regiao_nome": "São Sebastião", "sigla_rodovia": "SP-055", "escala": "1K", "tipo": "SR", "extensao_km": 0.1729, "ordem_no_grupo": 170, "km_inicial": 157.024, "km_final": 157.2, "subtrecho_der": "055SPE2885", "municipio": "São Sebastião", "regional": "Taubaté", "residencia_dr": "DR 06", "uba_nome": "Caraguatatuba", "uba_codigo": "RC 06.04", "jurisdicao": "Estadual", "conservado_por": "05.04", "centroide_lon": -45.587634, "centroide_lat": -23.786533, "buffer_lateral_m": 1000, "icc_hid_thresholds": "60;85;110;126", "trecho_critico_hid": false, "RAHID": 0, "hazard": "hidro" }, "geometry": { "type": "LineString", "coordinates": [ [ -45.587095567965974, -23.787135444499118, 0.0 ], [ -45.587892916577601, -23.786228950222164, 0.0 ], [ -45.588203391084505, -23.785956136762824, 0.0 ] ] } },
{ "type": "Feature", "properties": { "ua_id": "UA-R3-SSB-1K-171", "regiao_id": 3, "regiao_nome": "São Sebastião", "sigla_rodovia": "SP-055", "escala": "1K", "tipo": "SR", "extensao_km": 0.1729, "ordem_no_grupo": 171, "km_inicial": 157.2, "km_final": 157.377, "subtrecho_der": "055SPE2885", "municipio": "São Sebastião", "regional": "Taubaté", "residencia_dr": "DR 06", "uba_nome": "Caraguatatuba", "uba_codigo": "RC 06.04", "jurisdicao": "Estadual", "conservado_por": "05.04", "centroide_lon": -45.588933, "centroide_lat": -23.78589, "buffer_lateral_m": 1000, "icc_hid_thresholds": "60;85;110;126", "trecho_critico_hid": false, "RAHID": 0, "hazard": "hidro" }, "geometry": { "type": "LineString", "coordinates": [ [ -45.588203391084505, -23.785956136762824, 0.0 ], [ -45.588231016838442, -23.785931861971722, 0.0 ], [ -45.588843420685279, -23.785697516501831, 0.0 ], [ -45.589307500503814, -23.7858742273209, 0.0 ], [ -45.589446142344578, -23.786309530396036, 0.0 ] ] } },
{ "type": "Feature", "properties": { "ua_id": "UA-R3-SSB-1K-172", "regiao_id": 3, "regiao_nome": "São Sebastião", "sigla_rodovia": "SP-055", "escala": "1K", "tipo": "SR", "extensao_km": 0.1729, "ordem_no_grupo": 172, "km_inicial": 157.377, "km_final": 157.553, "subtrecho_der": "055SPE2885", "municipio": "São Sebastião", "regional": "Taubaté", "residencia_dr": "DR 06", "uba_nome": "Caraguatatuba", "uba_codigo": "RC 06.04", "jurisdicao": "Estadual", "conservado_por": "05.04", "centroide_lon": -45.589393, "centroide_lat": -23.787001, "buffer_lateral_m": 1000, "icc_hid_thresholds": "60;85;110;126", "trecho_critico_hid": false, "RAHID": 0, "hazard": "hidro" }, "geometry": { "type": "LineString", "coordinates": [ [ -45.589446142344578, -23.786309530396036, 0.0 ], [ -45.589462264351006, -23.7863601495343, 0.0 ], [ -45.589590911862018, -23.786731457082674, 0.0 ], [ -45.5896163090393, -23.786838779841165, 0.0 ], [ -45.589571678420342, -23.787014010928548, 0.0 ], [ -45.589437905757343, -23.787179971214382, 0.0 ], [ -45.589108771137063, -23.787398500440183, 0.0 ], [ -45.588932292573929, -23.787587081374127, 0.0 ] ] } },
{ "type": "Feature", "properties": { "ua_id": "UA-R3-SSB-1K-173", "regiao_id": 3, "regiao_nome": "São Sebastião", "sigla_rodovia": "SP-055", "escala": "1K", "tipo": "SR", "extensao_km": 0.1729, "ordem_no_grupo": 173, "km_inicial": 157.553, "km_final": 157.729, "subtrecho_der": "055SPE2885", "municipio": "São Sebastião", "regional": "Taubaté", "residencia_dr": "DR 06", "uba_nome": "Caraguatatuba", "uba_codigo": "RC 06.04", "jurisdicao": "Estadual", "conservado_por": "05.04", "centroide_lon": -45.58928, "centroide_lat": -23.788094, "buffer_lateral_m": 1000, "icc_hid_thresholds": "60;85;110;126", "trecho_critico_hid": false, "RAHID": 0, "hazard": "hidro" }, "geometry": { "type": "LineString", "coordinates": [ [ -45.588932292573929, -23.787587081374127, 0.0 ], [ -45.588849663795109, -23.787675376332981, 0.0 ], [ -45.588884388247678, -23.787950805089906, 0.0 ], [ -45.589074499537553, -23.788157791149498, 0.0 ], [ -45.589172360949227, -23.788185085730827, 0.0 ], [ -45.58984214959731, -23.788302759315783, 0.0 ], [ -45.590021794583286, -23.788359826822891, 0.0 ] ] } },
{ "type": "Feature", "properties": { "ua_id": "UA-R3-SSB-1K-174", "regiao_id": 3, "regiao_nome": "São Sebastião", "sigla_rodovia": "SP-055", "escala": "1K", "tipo": "SR", "extensao_km": 0.1729, "ordem_no_grupo": 174, "km_inicial": 157.729, "km_final": 157.905, "subtrecho_der": "055SPE2885", "municipio": "São Sebastião", "regional": "Taubaté", "residencia_dr": "DR 06", "uba_nome": "Caraguatatuba", "uba_codigo": "RC 06.04", "jurisdicao": "Estadual", "conservado_por": "05.04", "centroide_lon": -45.590312, "centroide_lat": -23.789003, "buffer_lateral_m": 1000, "icc_hid_thresholds": "60;85;110;126", "trecho_critico_hid": false, "RAHID": 0, "hazard": "hidro" }, "geometry": { "type": "LineString", "coordinates": [ [ -45.590021794583286, -23.788359826822891, 0.0 ], [ -45.590181150508862, -23.788410448921294, 0.0 ], [ -45.59034857056416, -23.788650686120413, 0.0 ], [ -45.590380319848691, -23.788956096665057, 0.0 ], [ -45.590336084360644, -23.789565525000725, 0.0 ], [ -45.59030553594544, -23.789766724410075, 0.0 ] ] } },
{ "type": "Feature", "properties": { "ua_id": "UA-R3-SSB-1K-175", "regiao_id": 3, "regiao_nome": "São Sebastião", "sigla_rodovia": "SP-055", "escala": "1K", "tipo": "SR", "extensao_km": 0.1729, "ordem_no_grupo": 175, "km_inicial": 157.905, "km_final": 158.081, "subtrecho_der": "055SPE2885", "municipio": "São Sebastião", "regional": "Taubaté", "residencia_dr": "DR 06", "uba_nome": "Caraguatatuba", "uba_codigo": "RC 06.04", "jurisdicao": "Estadual", "conservado_por": "05.04", "centroide_lon": -45.59031, "centroide_lat": -23.790524, "buffer_lateral_m": 1000, "icc_hid_thresholds": "60;85;110;126", "trecho_critico_hid": false, "RAHID": 0, "hazard": "hidro" }, "geometry": { "type": "LineString", "coordinates": [ [ -45.59030553594544, -23.789766724410075, 0.0 ], [ -45.590271842807439, -23.789988635065502, 0.0 ], [ -45.59020408154386, -23.790245081102732, 0.0 ], [ -45.590224932981286, -23.7905837959675, 0.0 ], [ -45.590520008353067, -23.791202361843876, 0.0 ], [ -45.590574143798555, -23.791233015184019, 0.0 ] ] } },
{ "type": "Feature", "properties": { "ua_id": "UA-R3-SSB-1K-176", "regiao_id": 3, "regiao_nome": "São Sebastião", "sigla_rodovia": "SP-055", "escala": "1K", "tipo": "SR", "extensao_km": 0.1729, "ordem_no_grupo": 176, "km_inicial": 158.081, "km_final": 158.258, "subtrecho_der": "055SPE2885", "municipio": "São Sebastião", "regional": "Taubaté", "residencia_dr": "DR 06", "uba_nome": "Caraguatatuba", "uba_codigo": "RC 06.04", "jurisdicao": "Estadual", "conservado_por": "05.04", "centroide_lon": -45.591278, "centroide_lat": -23.79103, "buffer_lateral_m": 1000, "icc_hid_thresholds": "60;85;110;126", "trecho_critico_hid": false, "RAHID": 0, "hazard": "hidro" }, "geometry": { "type": "LineString", "coordinates": [ [ -45.590574143798555, -23.791233015184019, 0.0 ], [ -45.590769787330331, -23.791343794958721, 0.0 ], [ -45.591080400715896, -23.791239861076875, 0.0 ], [ -45.591379101674356, -23.791052438176067, 0.0 ], [ -45.59165226946638, -23.7908195039624, 0.0 ], [ -45.591804921844599, -23.790510524506161, 0.0 ], [ -45.591814758206738, -23.790480912418776, 0.0 ] ] } },
{ "type": "Feature", "properties": { "ua_id": "UA-R3-SSB-1K-177", "regiao_id": 3, "regiao_nome": "São Sebastião", "sigla_rodovia": "SP-055", "escala": "1K", "tipo": "SR", "extensao_km": 0.1729, "ordem_no_grupo": 177, "km_inicial": 158.258, "km_final": 158.434, "subtrecho_der": "055SPE2885", "municipio": "São Sebastião", "regional": "Taubaté", "residencia_dr": "DR 06", "uba_nome": "Caraguatatuba", "uba_codigo": "RC 06.04", "jurisdicao": "Estadual", "conservado_por": "05.04", "centroide_lon": -45.592143, "centroide_lat": -23.789767, "buffer_lateral_m": 1000, "icc_hid_thresholds": "60;85;110;126", "trecho_critico_hid": false, "RAHID": 0, "hazard": "hidro" }, "geometry": { "type": "LineString", "coordinates": [ [ -45.591814758206738, -23.790480912418776, 0.0 ], [ -45.591919020115547, -23.790167034080422, 0.0 ], [ -45.592342664246274, -23.789461431038816, 0.0 ], [ -45.59241242074765, -23.789053967391954, 0.0 ], [ -45.59241257939339, -23.789039533559489, 0.0 ] ] } },
{ "type": "Feature", "properties": { "ua_id": "UA-R3-SSB-1K-178", "regiao_id": 3, "regiao_nome": "São Sebastião", "sigla_rodovia": "SP-055", "escala": "1K", "tipo": "SR", "extensao_km": 0.1729, "ordem_no_grupo": 178, "km_inicial": 158.434, "km_final": 158.61, "subtrecho_der": "055SPE2885", "municipio": "São Sebastião", "regional": "Taubaté", "residencia_dr": "DR 06", "uba_nome": "Caraguatatuba", "uba_codigo": "RC 06.04", "jurisdicao": "Estadual", "conservado_por": "05.04", "centroide_lon": -45.592594, "centroide_lat": -23.788292, "buffer_lateral_m": 1000, "icc_hid_thresholds": "60;85;110;126", "trecho_critico_hid": false, "RAHID": 0, "hazard": "hidro" }, "geometry": { "type": "LineString", "coordinates": [ [ -45.59241257939339, -23.789039533559489, 0.0 ], [ -45.59241675646885, -23.788659496895701, 0.0 ], [ -45.59265303866465, -23.788022155391257, 0.0 ], [ -45.592960811781722, -23.787600666078308, 0.0 ] ] } },
{ "type": "Feature", "properties": { "ua_id": "UA-R3-SSB-1K-179", "regiao_id": 3, "regiao_nome": "São Sebastião", "sigla_rodovia": "SP-055", "escala": "1K", "tipo": "SR", "extensao_km": 0.1729, "ordem_no_grupo": 179, "km_inicial": 158.61, "km_final": 158.786, "subtrecho_der": "055SPE2885", "municipio": "São Sebastião", "regional": "Taubaté", "residencia_dr": "DR 06", "uba_nome": "Caraguatatuba", "uba_codigo": "RC 06.04", "jurisdicao": "Estadual", "conservado_por": "05.04", "centroide_lon": -45.593501, "centroide_lat": -23.787005, "buffer_lateral_m": 1000, "icc_hid_thresholds": "60;85;110;126", "trecho_critico_hid": false, "RAHID": 0, "hazard": "hidro" }, "geometry": { "type": "LineString", "coordinates": [ [ -45.592960811781722, -23.787600666078308, 0.0 ], [ -45.593164248819711, -23.787322061194608, 0.0 ], [ -45.59344455271988, -23.787006531547782, 0.0 ], [ -45.593797509050333, -23.78674997899645, 0.0 ], [ -45.594083735675795, -23.786443421817584, 0.0 ] ] } },
{ "type": "Feature", "properties": { "ua_id": "UA-R3-SSB-1K-180", "regiao_id": 3, "regiao_nome": "São Sebastião", "sigla_rodovia": "SP-055", "escala": "1K", "tipo": "SR", "extensao_km": 0.1729, "ordem_no_grupo": 180, "km_inicial": 158.786, "km_final": 158.962, "subtrecho_der": "055SPE2885", "municipio": "São Sebastião", "regional": "Taubaté", "residencia_dr": "DR 06", "uba_nome": "Caraguatatuba", "uba_codigo": "RC 06.04", "jurisdicao": "Estadual", "conservado_por": "05.04", "centroide_lon": -45.594645, "centroide_lat": -23.78586, "buffer_lateral_m": 1000, "icc_hid_thresholds": "60;85;110;126", "trecho_critico_hid": false, "RAHID": 0, "hazard": "hidro" }, "geometry": { "type": "LineString", "coordinates": [ [ -45.594083735675795, -23.786443421817584, 0.0 ], [ -45.594947421574176, -23.785518376868019, 0.0 ], [ -45.59526335808944, -23.785338873297924, 0.0 ] ] } },
{ "type": "Feature", "properties": { "ua_id": "UA-R3-SSB-1K-181", "regiao_id": 3, "regiao_nome": "São Sebastião", "sigla_rodovia": "SP-055", "escala": "1K", "tipo": "SR", "extensao_km": 0.1729, "ordem_no_grupo": 181, "km_inicial": 158.962, "km_final": 159.138, "subtrecho_der": "055SPE2885", "municipio": "São Sebastião", "regional": "Taubaté", "residencia_dr": "DR 06", "uba_nome": "Caraguatatuba", "uba_codigo": "RC 06.04", "jurisdicao": "Estadual", "conservado_por": "05.04", "centroide_lon": -45.596088, "centroide_lat": -23.785211, "buffer_lateral_m": 1000, "icc_hid_thresholds": "60;85;110;126", "trecho_critico_hid": false, "RAHID": 0, "hazard": "hidro" }, "geometry": { "type": "LineString", "coordinates": [ [ -45.59526335808944, -23.785338873297924, 0.0 ], [ -45.595353805470175, -23.785287484196633, 0.0 ], [ -45.595806985143206, -23.785197678775255, 0.0 ], [ -45.596817426368986, -23.785183090541686, 0.0 ], [ -45.596931582829043, -23.785163231791003, 0.0 ] ] } },
{ "type": "Feature", "properties": { "ua_id": "UA-R3-SSB-1K-182", "regiao_id": 3, "regiao_nome": "São Sebastião", "sigla_rodovia": "SP-055", "escala": "1K", "tipo": "SR", "extensao_km": 0.1729, "ordem_no_grupo": 182, "km_inicial": 159.138, "km_final": 159.315, "subtrecho_der": "055SPE2885", "municipio": "São Sebastião", "regional": "Taubaté", "residencia_dr": "DR 06", "uba_nome": "Caraguatatuba", "uba_codigo": "RC 06.04", "jurisdicao": "Estadual", "conservado_por": "05.04", "centroide_lon": -45.597745, "centroide_lat": -23.784977, "buffer_lateral_m": 1000, "icc_hid_thresholds": "60;85;110;126", "trecho_critico_hid": false, "RAHID": 0, "hazard": "hidro" }, "geometry": { "type": "LineString", "coordinates": [ [ -45.596931582829043, -23.785163231791003, 0.0 ], [ -45.59789134084248, -23.784996267941146, 0.0 ], [ -45.598280919853998, -23.784835903298056, 0.0 ], [ -45.59842394013274, -23.784640949814225, 0.0 ], [ -45.598402148088837, -23.784612910552315, 0.0 ] ] } },
{ "type": "Feature", "properties": { "ua_id": "UA-R3-SSB-1K-183", "regiao_id": 3, "regiao_nome": "São Sebastião", "sigla_rodovia": "SP-055", "escala": "1K", "tipo": "SR", "extensao_km": 0.1729, "ordem_no_grupo": 183, "km_inicial": 159.315, "km_final": 159.491, "subtrecho_der": "055SPE2885", "municipio": "São Sebastião", "regional": "Taubaté", "residencia_dr": "DR 06", "uba_nome": "Caraguatatuba", "uba_codigo": "RC 06.04", "jurisdicao": "Estadual", "conservado_por": "05.04", "centroide_lon": -45.59792, "centroide_lat": -23.783993, "buffer_lateral_m": 1000, "icc_hid_thresholds": "60;85;110;126", "trecho_critico_hid": false, "RAHID": 0, "hazard": "hidro" }, "geometry": { "type": "LineString", "coordinates": [ [ -45.598402148088837, -23.784612910552315, 0.0 ], [ -45.59814754260799, -23.784285315087143, 0.0 ], [ -45.598127808308782, -23.784127353028978, 0.0 ], [ -45.597420177758124, -23.783482354313861, 0.0 ], [ -45.597367814463084, -23.783414830261904, 0.0 ] ] } },
{ "type": "Feature", "properties": { "ua_id": "UA-R3-SSB-1K-184", "regiao_id": 3, "regiao_nome": "São Sebastião", "sigla_rodovia": "SP-055", "escala": "1K", "tipo": "SR", "extensao_km": 0.1729, "ordem_no_grupo": 184, "km_inicial": 159.491, "km_final": 159.667, "subtrecho_der": "055SPE2885", "municipio": "São Sebastião", "regional": "Taubaté", "residencia_dr": "DR 06", "uba_nome": "Caraguatatuba", "uba_codigo": "RC 06.04", "jurisdicao": "Estadual", "conservado_por": "05.04", "centroide_lon": -45.59683, "centroide_lat": -23.782814, "buffer_lateral_m": 1000, "icc_hid_thresholds": "60;85;110;126", "trecho_critico_hid": false, "RAHID": 0, "hazard": "hidro" }, "geometry": { "type": "LineString", "coordinates": [ [ -45.597367814463084, -23.783414830261904, 0.0 ], [ -45.597206413950275, -23.783206698856901, 0.0 ], [ -45.596498635273115, -23.78249311681655, 0.0 ], [ -45.596342218911431, -23.782185715190121, 0.0 ] ] } },
{ "type": "Feature", "properties": { "ua_id": "UA-R3-SSB-1K-185", "regiao_id": 3, "regiao_nome": "São Sebastião", "sigla_rodovia": "SP-055", "escala": "1K", "tipo": "SR", "extensao_km": 0.1729, "ordem_no_grupo": 185, "km_inicial": 159.667, "km_final": 159.843, "subtrecho_der": "055SPE2885", "municipio": "São Sebastião", "regional": "Taubaté", "residencia_dr": "DR 06", "uba_nome": "Caraguatatuba", "uba_codigo": "RC 06.04", "jurisdicao": "Estadual", "conservado_por": "05.04", "centroide_lon": -45.597032, "centroide_lat": -23.782114, "buffer_lateral_m": 1000, "icc_hid_thresholds": "60;85;110;126", "trecho_critico_hid": false, "RAHID": 0, "hazard": "hidro" }, "geometry": { "type": "LineString", "coordinates": [ [ -45.596342218911431, -23.782185715190121, 0.0 ], [ -45.596319742605516, -23.782141542865556, 0.0 ], [ -45.596575114835439, -23.781953771784718, 0.0 ], [ -45.597739807806171, -23.782278525846113, 0.0 ], [ -45.597838826711339, -23.782267755863344, 0.0 ] ] } },
{ "type": "Feature", "properties": { "ua_id": "UA-R3-SSB-1K-186", "regiao_id": 3, "regiao_nome": "São Sebastião", "sigla_rodovia": "SP-055", "escala": "1K", "tipo": "SR", "extensao_km": 0.1729, "ordem_no_grupo": 186, "km_inicial": 159.843, "km_final": 160.019, "subtrecho_der": "055SPE2885", "municipio": "São Sebastião", "regional": "Taubaté", "residencia_dr": "DR 06", "uba_nome": "Caraguatatuba", "uba_codigo": "RC 06.04", "jurisdicao": "Estadual", "conservado_por": "05.04", "centroide_lon": -45.598673, "centroide_lat": -23.782135, "buffer_lateral_m": 1000, "icc_hid_thresholds": "60;85;110;126", "trecho_critico_hid": false, "RAHID": 0, "hazard": "hidro" }, "geometry": { "type": "LineString", "coordinates": [ [ -45.597838826711339, -23.782267755863344, 0.0 ], [ -45.598400256470207, -23.782206689637935, 0.0 ], [ -45.599046456095252, -23.78205459713341, 0.0 ], [ -45.599489420638115, -23.781982920814734, 0.0 ], [ -45.599503886480896, -23.781982536154636, 0.0 ] ] } },
{ "type": "Feature", "properties": { "ua_id": "UA-R3-SSB-1K-187", "regiao_id": 3, "regiao_nome": "São Sebastião", "sigla_rodovia": "SP-055", "escala": "1K", "tipo": "SR", "extensao_km": 0.1729, "ordem_no_grupo": 187, "km_inicial": 160.019, "km_final": 160.196, "subtrecho_der": "055SPE2885", "municipio": "São Sebastião", "regional": "Taubaté", "residencia_dr": "DR 06", "uba_nome": "Caraguatatuba", "uba_codigo": "RC 06.04", "jurisdicao": "Estadual", "conservado_por": "05.04", "centroide_lon": -45.600292, "centroide_lat": -23.782189, "buffer_lateral_m": 1000, "icc_hid_thresholds": "60;85;110;126", "trecho_critico_hid": false, "RAHID": 0, "hazard": "hidro" }, "geometry": { "type": "LineString", "coordinates": [ [ -45.599503886480896, -23.781982536154636, 0.0 ], [ -45.599653696662479, -23.781978552484038, 0.0 ], [ -45.600157215132633, -23.782043278492839, 0.0 ], [ -45.600428162755946, -23.782239625474389, 0.0 ], [ -45.600552791976625, -23.782331039402465, 0.0 ], [ -45.600948303629956, -23.782479697025515, 0.0 ], [ -45.601055115566439, -23.782480482326346, 0.0 ] ] } },
{ "type": "Feature", "properties": { "ua_id": "UA-R3-SSB-1K-188", "regiao_id": 3, "regiao_nome": "São Sebastião", "sigla_rodovia": "SP-055", "escala": "1K", "tipo": "SR", "extensao_km": 0.1729, "ordem_no_grupo": 188, "km_inicial": 160.196, "km_final": 160.372, "subtrecho_der": "055SPE2885", "municipio": "São Sebastião", "regional": "Taubaté", "residencia_dr": "DR 06", "uba_nome": "Caraguatatuba", "uba_codigo": "RC 06.04", "jurisdicao": "Estadual", "conservado_por": "05.04", "centroide_lon": -45.601795, "centroide_lat": -23.782262, "buffer_lateral_m": 1000, "icc_hid_thresholds": "60;85;110;126", "trecho_critico_hid": false, "RAHID": 0, "hazard": "hidro" }, "geometry": { "type": "LineString", "coordinates": [ [ -45.601055115566439, -23.782480482326346, 0.0 ], [ -45.601441770567575, -23.782483324466298, 0.0 ], [ -45.601799195576056, -23.782444892341651, 0.0 ], [ -45.602369593548559, -23.781745723382841, 0.0 ] ] } },
{ "type": "Feature", "properties": { "ua_id": "UA-R3-SSB-1K-189", "regiao_id": 3, "regiao_nome": "São Sebastião", "sigla_rodovia": "SP-055", "escala": "1K", "tipo": "SR", "extensao_km": 0.1729, "ordem_no_grupo": 189, "km_inicial": 160.372, "km_final": 160.548, "subtrecho_der": "055SPE2885", "municipio": "São Sebastião", "regional": "Taubaté", "residencia_dr": "DR 06", "uba_nome": "Caraguatatuba", "uba_codigo": "RC 06.04", "jurisdicao": "Estadual", "conservado_por": "05.04", "centroide_lon": -45.60298, "centroide_lat": -23.781615, "buffer_lateral_m": 1000, "icc_hid_thresholds": "60;85;110;126", "trecho_critico_hid": false, "RAHID": 0, "hazard": "hidro" }, "geometry": { "type": "LineString", "coordinates": [ [ -45.602369593548559, -23.781745723382841, 0.0 ], [ -45.602594011859317, -23.781470638606741, 0.0 ], [ -45.602700051926256, -23.781410569017023, 0.0 ], [ -45.602947652210169, -23.781423046987999, 0.0 ], [ -45.603086884306123, -23.781489607633791, 0.0 ], [ -45.603229158002563, -23.781677935971761, 0.0 ], [ -45.60330431041573, -23.78186726141729, 0.0 ], [ -45.603449013388911, -23.781867846550583, 0.0 ], [ -45.603534895107742, -23.781772340163158, 0.0 ], [ -45.603573033271424, -23.781749175229795, 0.0 ] ] } },
{ "type": "Feature", "properties": { "ua_id": "UA-R3-SSB-1K-190", "regiao_id": 3, "regiao_nome": "São Sebastião", "sigla_rodovia": "SP-055", "escala": "1K", "tipo": "SR", "extensao_km": 0.1729, "ordem_no_grupo": 190, "km_inicial": 160.548, "km_final": 160.724, "subtrecho_der": "055SPE2885", "municipio": "São Sebastião", "regional": "Taubaté", "residencia_dr": "DR 06", "uba_nome": "Caraguatatuba", "uba_codigo": "RC 06.04", "jurisdicao": "Estadual", "conservado_por": "05.04", "centroide_lon": -45.604299, "centroide_lat": -23.78135, "buffer_lateral_m": 1000, "icc_hid_thresholds": "60;85;110;126", "trecho_critico_hid": false, "RAHID": 0, "hazard": "hidro" }, "geometry": { "type": "LineString", "coordinates": [ [ -45.603573033271424, -23.781749175229795, 0.0 ], [ -45.60418929973337, -23.78137485558014, 0.0 ], [ -45.604945537696125, -23.78104808480245, 0.0 ], [ -45.605037095777767, -23.780972908117832, 0.0 ] ] } },
{ "type": "Feature", "properties": { "ua_id": "UA-R3-SSB-1K-191", "regiao_id": 3, "regiao_nome": "São Sebastião", "sigla_rodovia": "SP-055", "escala": "1K", "tipo": "SR", "extensao_km": 0.1729, "ordem_no_grupo": 191, "km_inicial": 160.724, "km_final": 160.9, "subtrecho_der": "055SPE2885", "municipio": "São Sebastião", "regional": "Taubaté", "residencia_dr": "DR 06", "uba_nome": "Caraguatatuba", "uba_codigo": "RC 06.04", "jurisdicao": "Estadual", "conservado_por": "05.04", "centroide_lon": -45.605609, "centroide_lat": -23.780614, "buffer_lateral_m": 1000, "icc_hid_thresholds": "60;85;110;126", "trecho_critico_hid": false, "RAHID": 0, "hazard": "hidro" }, "geometry": { "type": "LineString", "coordinates": [ [ -45.605037095777767, -23.780972908117832, 0.0 ], [ -45.605329456201332, -23.780732855328331, 0.0 ], [ -45.605532934916468, -23.7804207082993, 0.0 ], [ -45.605872190030169, -23.780371349881516, 0.0 ], [ -45.60601677111066, -23.780626861255964, 0.0 ], [ -45.606009865372975, -23.780704163120021, 0.0 ], [ -45.60599243057861, -23.780858298362279, 0.0 ] ] } },
{ "type": "Feature", "properties": { "ua_id": "UA-R3-SSB-1K-192", "regiao_id": 3, "regiao_nome": "São Sebastião", "sigla_rodovia": "SP-055", "escala": "1K", "tipo": "SR", "extensao_km": 0.1729, "ordem_no_grupo": 192, "km_inicial": 160.9, "km_final": 161.077, "subtrecho_der": "055SPE2885", "municipio": "São Sebastião", "regional": "Taubaté", "residencia_dr": "DR 06", "uba_nome": "Caraguatatuba", "uba_codigo": "RC 06.04", "jurisdicao": "Estadual", "conservado_por": "05.04", "centroide_lon": -45.606401, "centroide_lat": -23.781503, "buffer_lateral_m": 1000, "icc_hid_thresholds": "60;85;110;126", "trecho_critico_hid": false, "RAHID": 0, "hazard": "hidro" }, "geometry": { "type": "LineString", "coordinates": [ [ -45.60599243057861, -23.780858298362279, 0.0 ], [ -45.605982698964894, -23.78094433219259, 0.0 ], [ -45.606228051651499, -23.781231601009019, 0.0 ], [ -45.60648862701985, -23.781596861460027, 171.835699999995995 ], [ -45.606575765524404, -23.781921928439765, 158.892099999997299 ], [ -45.606915074303835, -23.782004752070705, 155.114400000005844 ], [ -45.606929978722292, -23.781999786623061, 154.909755398695182 ] ] } },
{ "type": "Feature", "properties": { "ua_id": "UA-R3-SSB-1K-193", "regiao_id": 3, "regiao_nome": "São Sebastião", "sigla_rodovia": "SP-055", "escala": "1K", "tipo": "SR", "extensao_km": 0.1729, "ordem_no_grupo": 193, "km_inicial": 161.077, "km_final": 161.253, "subtrecho_der": "055SPE2885", "municipio": "São Sebastião", "regional": "Taubaté", "residencia_dr": "DR 06", "uba_nome": "Caraguatatuba", "uba_codigo": "RC 06.04", "jurisdicao": "Estadual", "conservado_por": "05.04", "centroide_lon": -45.607718, "centroide_lat": -23.781744, "buffer_lateral_m": 1000, "icc_hid_thresholds": "60;85;110;126", "trecho_critico_hid": false, "RAHID": 0, "hazard": "hidro" }, "geometry": { "type": "LineString", "coordinates": [ [ -45.606929978722292, -23.781999786623061, 154.909755398695182 ], [ -45.607433461003851, -23.781832049067184, 147.996700000003329 ], [ -45.608023672808834, -23.781724540632229, 141.045400000002701 ], [ -45.608375613342915, -23.78139897901676, 136.166299999997136 ], [ -45.608402086712722, -23.78134899655408, 135.409590831088906 ] ] } },
{ "type": "Feature", "properties": { "ua_id": "UA-R3-SSB-1K-194", "regiao_id": 3, "regiao_nome": "São Sebastião", "sigla_rodovia": "SP-055", "escala": "1K", "tipo": "SR", "extensao_km": 0.1729, "ordem_no_grupo": 194, "km_inicial": 161.253, "km_final": 161.429, "subtrecho_der": "055SPE2885", "municipio": "São Sebastião", "regional": "Taubaté", "residencia_dr": "DR 06", "uba_nome": "Caraguatatuba", "uba_codigo": "RC 06.04", "jurisdicao": "Estadual", "conservado_por": "05.04", "centroide_lon": -45.608946, "centroide_lat": -23.781111, "buffer_lateral_m": 1000, "icc_hid_thresholds": "60;85;110;126", "trecho_critico_hid": false, "RAHID": 0, "hazard": "hidro" }, "geometry": { "type": "LineString", "coordinates": [ [ -45.608402086712722, -23.78134899655408, 135.409590831088906 ], [ -45.608597234866096, -23.78098055008601, 129.831500000000233 ], [ -45.609052948939109, -23.78088694182977, 121.496199999994133 ], [ -45.60937993183969, -23.781320798839658, 113.823499999998603 ], [ -45.609466549043752, -23.78149733104344, 110.937607874466522 ] ] } },
{ "type": "Feature", "properties": { "ua_id": "UA-R3-SSB-1K-195", "regiao_id": 3, "regiao_nome": "São Sebastião", "sigla_rodovia": "SP-055", "escala": "1K", "tipo": "SR", "extensao_km": 0.1187, "ordem_no_grupo": 195, "km_inicial": 180.877, "km_final": 180.996, "subtrecho_der": "055SPE0018", "municipio": "São Sebastião", "regional": "Taubaté", "residencia_dr": "DR 06", "uba_nome": "Caraguatatuba", "uba_codigo": "RC 06.04", "jurisdicao": "Estadual", "conservado_por": "05.04", "centroide_lon": -45.732206, "centroide_lat": -23.742412, "buffer_lateral_m": 1000, "icc_hid_thresholds": "60;85;110;126", "trecho_critico_hid": true, "RAHID": 0, "hazard": "hidro" }, "geometry": { "type": "LineString", "coordinates": [ [ -45.731643091376306, -23.742275153006361, 0.0 ], [ -45.732769089881309, -23.742549361981435, 0.0 ] ] } },
{ "type": "Feature", "properties": { "ua_id": "UA-R3-SSB-1K-196", "regiao_id": 3, "regiao_nome": "São Sebastião", "sigla_rodovia": "SP-055", "escala": "1K", "tipo": "SR", "extensao_km": 0.1729, "ordem_no_grupo": 196, "km_inicial": 180.996, "km_final": 181.17, "subtrecho_der": "055SPE0018", "municipio": "São Sebastião", "regional": "Taubaté", "residencia_dr": "DR 06", "uba_nome": "Caraguatatuba", "uba_codigo": "RC 06.04", "jurisdicao": "Estadual", "conservado_por": "05.04", "centroide_lon": -45.733577, "centroide_lat": -23.74278, "buffer_lateral_m": 1000, "icc_hid_thresholds": "60;85;110;126", "trecho_critico_hid": true, "RAHID": 0, "hazard": "hidro" }, "geometry": { "type": "LineString", "coordinates": [ [ -45.732769089881309, -23.742549361981435, 0.0 ], [ -45.733590839041945, -23.742749472636298, 0.0 ], [ -45.734173010066712, -23.743000786103391, 0.0 ], [ -45.734367005946183, -23.743055814899705, 0.0 ] ] } },
{ "type": "Feature", "properties": { "ua_id": "UA-R3-SSB-1K-197", "regiao_id": 3, "regiao_nome": "São Sebastião", "sigla_rodovia": "SP-055", "escala": "1K", "tipo": "SR", "extensao_km": 0.1729, "ordem_no_grupo": 197, "km_inicial": 181.17, "km_final": 181.343, "subtrecho_der": "055SPE0018", "municipio": "São Sebastião", "regional": "Taubaté", "residencia_dr": "DR 06", "uba_nome": "Caraguatatuba", "uba_codigo": "RC 06.04", "jurisdicao": "Estadual", "conservado_por": "05.04", "centroide_lon": -45.735113, "centroide_lat": -23.743416, "buffer_lateral_m": 1000, "icc_hid_thresholds": "60;85;110;126", "trecho_critico_hid": true, "RAHID": 0, "hazard": "hidro" }, "geometry": { "type": "LineString", "coordinates": [ [ -45.734367005946183, -23.743055814899705, 0.0 ], [ -45.734612168186132, -23.74312535710796, 0.0 ], [ -45.735836327503392, -23.743822510029801, 0.0 ] ] } },
{ "type": "Feature", "properties": { "ua_id": "UA-R3-SSB-1K-198", "regiao_id": 3, "regiao_nome": "São Sebastião", "sigla_rodovia": "SP-055", "escala": "1K", "tipo": "SR", "extensao_km": 0.1729, "ordem_no_grupo": 198, "km_inicial": 181.343, "km_final": 181.517, "subtrecho_der": "055SPE0018", "municipio": "São Sebastião", "regional": "Taubaté", "residencia_dr": "DR 06", "uba_nome": "Caraguatatuba", "uba_codigo": "RC 06.04", "jurisdicao": "Estadual", "conservado_por": "05.04", "centroide_lon": -45.736557, "centroide_lat": -23.744233, "buffer_lateral_m": 1000, "icc_hid_thresholds": "60;85;110;126", "trecho_critico_hid": true, "RAHID": 0, "hazard": "hidro" }, "geometry": { "type": "LineString", "coordinates": [ [ -45.735836327503392, -23.743822510029801, 0.0 ], [ -45.73727866676348, -23.744643893062314, 0.0 ] ] } },
{ "type": "Feature", "properties": { "ua_id": "UA-R3-SSB-1K-199", "regiao_id": 3, "regiao_nome": "São Sebastião", "sigla_rodovia": "SP-055", "escala": "1K", "tipo": "SR", "extensao_km": 0.1729, "ordem_no_grupo": 199, "km_inicial": 181.517, "km_final": 181.69, "subtrecho_der": "055SPE0018", "municipio": "São Sebastião", "regional": "Taubaté", "residencia_dr": "DR 06", "uba_nome": "Caraguatatuba", "uba_codigo": "RC 06.04", "jurisdicao": "Estadual", "conservado_por": "05.04", "centroide_lon": -45.737922, "centroide_lat": -23.745131, "buffer_lateral_m": 1000, "icc_hid_thresholds": "60;85;110;126", "trecho_critico_hid": true, "RAHID": 0, "hazard": "hidro" }, "geometry": { "type": "LineString", "coordinates": [ [ -45.73727866676348, -23.744643893062314, 0.0 ], [ -45.737886314103342, -23.744989928697638, 0.0 ], [ -45.73845182827656, -23.745728397282111, 0.0 ] ] } },
{ "type": "Feature", "properties": { "ua_id": "UA-R3-SSB-1K-200", "regiao_id": 3, "regiao_nome": "São Sebastião", "sigla_rodovia": "SP-055", "escala": "1K", "tipo": "SR", "extensao_km": 0.1729, "ordem_no_grupo": 200, "km_inicial": 181.69, "km_final": 181.864, "subtrecho_der": "055SPE0018", "municipio": "São Sebastião", "regional": "Taubaté", "residencia_dr": "DR 06", "uba_nome": "Caraguatatuba", "uba_codigo": "RC 06.04", "jurisdicao": "Estadual", "conservado_por": "05.04", "centroide_lon": -45.739027, "centroide_lat": -23.746296, "buffer_lateral_m": 1000, "icc_hid_thresholds": "60;85;110;126", "trecho_critico_hid": true, "RAHID": 0, "hazard": "hidro" }, "geometry": { "type": "LineString", "coordinates": [ [ -45.73845182827656, -23.745728397282111, 0.0 ], [ -45.738652049911302, -23.745989851270288, 0.0 ], [ -45.739558400612907, -23.746756056054906, 0.0 ], [ -45.739659984997814, -23.746811282896008, 0.0 ] ] } },
{ "type": "Feature", "properties": { "ua_id": "UA-R3-SSB-1K-201", "regiao_id": 3, "regiao_nome": "São Sebastião", "sigla_rodovia": "SP-055", "escala": "1K", "tipo": "SR", "extensao_km": 0.1729, "ordem_no_grupo": 201, "km_inicial": 181.864, "km_final": 182.038, "subtrecho_der": "055SPE0018", "municipio": "São Sebastião", "regional": "Taubaté", "residencia_dr": "DR 06", "uba_nome": "Caraguatatuba", "uba_codigo": "RC 06.04", "jurisdicao": "Estadual", "conservado_por": "05.04", "centroide_lon": -45.740394, "centroide_lat": -23.747202, "buffer_lateral_m": 1000, "icc_hid_thresholds": "60;85;110;126", "trecho_critico_hid": true, "RAHID": 0, "hazard": "hidro" }, "geometry": { "type": "LineString", "coordinates": [ [ -45.739659984997814, -23.746811282896008, 0.0 ], [ -45.740665795619279, -23.747358090478208, 0.0 ], [ -45.741144162751802, -23.747563694249642, 0.0 ] ] } },
{ "type": "Feature", "properties": { "ua_id": "UA-R3-SSB-1K-202", "regiao_id": 3, "regiao_nome": "São Sebastião", "sigla_rodovia": "SP-055", "escala": "1K", "tipo": "SR", "extensao_km": 0.1729, "ordem_no_grupo": 202, "km_inicial": 182.038, "km_final": 182.211, "subtrecho_der": "055SPE0018", "municipio": "São Sebastião", "regional": "Taubaté", "residencia_dr": "DR 06", "uba_nome": "Caraguatatuba", "uba_codigo": "RC 06.04", "jurisdicao": "Estadual", "conservado_por": "05.04", "centroide_lon": -45.741913, "centroide_lat": -23.747894, "buffer_lateral_m": 1000, "icc_hid_thresholds": "60;85;110;126", "trecho_critico_hid": true, "RAHID": 0, "hazard": "hidro" }, "geometry": { "type": "LineString", "coordinates": [ [ -45.741144162751802, -23.747563694249642, 0.0 ], [ -45.742680978612789, -23.748224208196103, 0.0 ] ] } },
{ "type": "Feature", "properties": { "ua_id": "UA-R3-SSB-1K-203", "regiao_id": 3, "regiao_nome": "São Sebastião", "sigla_rodovia": "SP-055", "escala": "1K", "tipo": "SR", "extensao_km": 0.1729, "ordem_no_grupo": 203, "km_inicial": 182.211, "km_final": 182.385, "subtrecho_der": "055SPE0018", "municipio": "São Sebastião", "regional": "Taubaté", "residencia_dr": "DR 06", "uba_nome": "Caraguatatuba", "uba_codigo": "RC 06.04", "jurisdicao": "Estadual", "conservado_por": "05.04", "centroide_lon": -45.743449, "centroide_lat": -23.748554, "buffer_lateral_m": 1000, "icc_hid_thresholds": "60;85;110;126", "trecho_critico_hid": true, "RAHID": 0, "hazard": "hidro" }, "geometry": { "type": "LineString", "coordinates": [ [ -45.742680978612789, -23.748224208196103, 0.0 ], [ -45.744217809626001, -23.748884706416607, 0.0 ] ] } },
{ "type": "Feature", "properties": { "ua_id": "UA-R3-SSB-1K-204", "regiao_id": 3, "regiao_nome": "São Sebastião", "sigla_rodovia": "SP-055", "escala": "1K", "tipo": "SR", "extensao_km": 0.1729, "ordem_no_grupo": 204, "km_inicial": 182.385, "km_final": 182.559, "subtrecho_der": "055SPE0018", "municipio": "São Sebastião", "regional": "Taubaté", "residencia_dr": "DR 06", "uba_nome": "Caraguatatuba", "uba_codigo": "RC 06.04", "jurisdicao": "Estadual", "conservado_por": "05.04", "centroide_lon": -45.744986, "centroide_lat": -23.749215, "buffer_lateral_m": 1000, "icc_hid_thresholds": "60;85;110;126", "trecho_critico_hid": true, "RAHID": 0, "hazard": "hidro" }, "geometry": { "type": "LineString", "coordinates": [ [ -45.744217809626001, -23.748884706416607, 0.0 ], [ -45.745754655790968, -23.74954518890975, 0.0 ] ] } },
{ "type": "Feature", "properties": { "ua_id": "UA-R3-SSB-1K-205", "regiao_id": 3, "regiao_nome": "São Sebastião", "sigla_rodovia": "SP-055", "escala": "1K", "tipo": "SR", "extensao_km": 0.1729, "ordem_no_grupo": 205, "km_inicial": 182.559, "km_final": 182.732, "subtrecho_der": "055SPE0018", "municipio": "São Sebastião", "regional": "Taubaté", "residencia_dr": "DR 06", "uba_nome": "Caraguatatuba", "uba_codigo": "RC 06.04", "jurisdicao": "Estadual", "conservado_por": "05.04", "centroide_lon": -45.746523, "centroide_lat": -23.749875, "buffer_lateral_m": 1000, "icc_hid_thresholds": "60;85;110;126", "trecho_critico_hid": true, "RAHID": 0, "hazard": "hidro" }, "geometry": { "type": "LineString", "coordinates": [ [ -45.745754655790968, -23.74954518890975, 0.0 ], [ -45.747291517107236, -23.750205655674083, 0.0 ] ] } },
{ "type": "Feature", "properties": { "ua_id": "UA-R3-SSB-1K-206", "regiao_id": 3, "regiao_nome": "São Sebastião", "sigla_rodovia": "SP-055", "escala": "1K", "tipo": "SR", "extensao_km": 0.1729, "ordem_no_grupo": 206, "km_inicial": 182.732, "km_final": 182.906, "subtrecho_der": "055SPE0018", "municipio": "São Sebastião", "regional": "Taubaté", "residencia_dr": "DR 06", "uba_nome": "Caraguatatuba", "uba_codigo": "RC 06.04", "jurisdicao": "Estadual", "conservado_por": "05.04", "centroide_lon": -45.74806, "centroide_lat": -23.750536, "buffer_lateral_m": 1000, "icc_hid_thresholds": "60;85;110;126", "trecho_critico_hid": true, "RAHID": 0, "hazard": "hidro" }, "geometry": { "type": "LineString", "coordinates": [ [ -45.747291517107236, -23.750205655674083, 0.0 ], [ -45.747990255837607, -23.750505931567826, 0.0 ], [ -45.748828341896839, -23.750866208580231, 0.0 ] ] } },
{ "type": "Feature", "properties": { "ua_id": "UA-R3-SSB-1K-207", "regiao_id": 3, "regiao_nome": "São Sebastião", "sigla_rodovia": "SP-055", "escala": "1K", "tipo": "SR", "extensao_km": 0.1729, "ordem_no_grupo": 207, "km_inicial": 182.906, "km_final": 183.08, "subtrecho_der": "055SPE0018", "municipio": "São Sebastião", "regional": "Taubaté", "residencia_dr": "DR 06", "uba_nome": "Caraguatatuba", "uba_codigo": "RC 06.04", "jurisdicao": "Estadual", "conservado_por": "05.04", "centroide_lon": -45.749597, "centroide_lat": -23.751197, "buffer_lateral_m": 1000, "icc_hid_thresholds": "60;85;110;126", "trecho_critico_hid": true, "RAHID": 0, "hazard": "hidro" }, "geometry": { "type": "LineString", "coordinates": [ [ -45.748828341896839, -23.750866208580231, 0.0 ], [ -45.750365138756827, -23.751526830685211, 0.0 ] ] } },
{ "type": "Feature", "properties": { "ua_id": "UA-R3-SSB-1K-208", "regiao_id": 3, "regiao_nome": "São Sebastião", "sigla_rodovia": "SP-055", "escala": "1K", "tipo": "SR", "extensao_km": 0.1729, "ordem_no_grupo": 208, "km_inicial": 183.08, "km_final": 183.253, "subtrecho_der": "055SPE0018", "municipio": "São Sebastião", "regional": "Taubaté", "residencia_dr": "DR 06", "uba_nome": "Caraguatatuba", "uba_codigo": "RC 06.04", "jurisdicao": "Estadual", "conservado_por": "05.04", "centroide_lon": -45.751163, "centroide_lat": -23.75179, "buffer_lateral_m": 1000, "icc_hid_thresholds": "60;85;110;126", "trecho_critico_hid": true, "RAHID": 0, "hazard": "hidro" }, "geometry": { "type": "LineString", "coordinates": [ [ -45.750365138756827, -23.751526830685211, 0.0 ], [ -45.750476124128397, -23.751574539050655, 0.0 ], [ -45.751965531788187, -23.752042085385103, 0.0 ] ] } },
{ "type": "Feature", "properties": { "ua_id": "UA-R3-SSB-1K-209", "regiao_id": 3, "regiao_nome": "São Sebastião", "sigla_rodovia": "SP-055", "escala": "1K", "tipo": "SR", "extensao_km": 0.1729, "ordem_no_grupo": 209, "km_inicial": 183.253, "km_final": 183.427, "subtrecho_der": "055SPE0018", "municipio": "São Sebastião", "regional": "Taubaté", "residencia_dr": "DR 06", "uba_nome": "Caraguatatuba", "uba_codigo": "RC 06.04", "jurisdicao": "Estadual", "conservado_por": "05.04", "centroide_lon": -45.752771, "centroide_lat": -23.752284, "buffer_lateral_m": 1000, "icc_hid_thresholds": "60;85;110;126", "trecho_critico_hid": true, "RAHID": 0, "hazard": "hidro" }, "geometry": { "type": "LineString", "coordinates": [ [ -45.751965531788187, -23.752042085385103, 0.0 ], [ -45.753035817664738, -23.752378052369519, 0.0 ], [ -45.753589313346467, -23.75248394852175, 0.0 ] ] } },
{ "type": "Feature", "properties": { "ua_id": "UA-R3-SSB-1K-210", "regiao_id": 3, "regiao_nome": "São Sebastião", "sigla_rodovia": "SP-055", "escala": "1K", "tipo": "SR", "extensao_km": 0.1729, "ordem_no_grupo": 210, "km_inicial": 183.427, "km_final": 183.6, "subtrecho_der": "055SPE0018", "municipio": "São Sebastião", "regional": "Taubaté", "residencia_dr": "DR 06", "uba_nome": "Caraguatatuba", "uba_codigo": "RC 06.04", "jurisdicao": "Estadual", "conservado_por": "05.04", "centroide_lon": -45.75442, "centroide_lat": -23.752643, "buffer_lateral_m": 1000, "icc_hid_thresholds": "60;85;110;126", "trecho_critico_hid": true, "RAHID": 0, "hazard": "hidro" }, "geometry": { "type": "LineString", "coordinates": [ [ -45.753589313346467, -23.75248394852175, 0.0 ], [ -45.755249963914622, -23.752801655258306, 0.0 ] ] } },
{ "type": "Feature", "properties": { "ua_id": "UA-R3-SSB-1K-211", "regiao_id": 3, "regiao_nome": "São Sebastião", "sigla_rodovia": "SP-055", "escala": "1K", "tipo": "SR", "extensao_km": 0.1729, "ordem_no_grupo": 211, "km_inicial": 183.6, "km_final": 183.774, "subtrecho_der": "055SPE0018", "municipio": "São Sebastião", "regional": "Taubaté", "residencia_dr": "DR 06", "uba_nome": "Caraguatatuba", "uba_codigo": "RC 06.04", "jurisdicao": "Estadual", "conservado_por": "05.04", "centroide_lon": -45.75608, "centroide_lat": -23.752961, "buffer_lateral_m": 1000, "icc_hid_thresholds": "60;85;110;126", "trecho_critico_hid": true, "RAHID": 0, "hazard": "hidro" }, "geometry": { "type": "LineString", "coordinates": [ [ -45.755249963914622, -23.752801655258306, 0.0 ], [ -45.75691062203142, -23.753119343929573, 0.0 ] ] } },
{ "type": "Feature", "properties": { "ua_id": "UA-R3-SSB-1K-212", "regiao_id": 3, "regiao_nome": "São Sebastião", "sigla_rodovia": "SP-055", "escala": "1K", "tipo": "SR", "extensao_km": 0.1729, "ordem_no_grupo": 212, "km_inicial": 183.774, "km_final": 183.948, "subtrecho_der": "055SPE0018", "municipio": "São Sebastião", "regional": "Taubaté", "residencia_dr": "DR 06", "uba_nome": "Caraguatatuba", "uba_codigo": "RC 06.04", "jurisdicao": "Estadual", "conservado_por": "05.04", "centroide_lon": -45.757741, "centroide_lat": -23.753278, "buffer_lateral_m": 1000, "icc_hid_thresholds": "60;85;110;126", "trecho_critico_hid": true, "RAHID": 0, "hazard": "hidro" }, "geometry": { "type": "LineString", "coordinates": [ [ -45.75691062203142, -23.753119343929573, 0.0 ], [ -45.758571287695453, -23.753437014534772, 0.0 ] ] } },
{ "type": "Feature", "properties": { "ua_id": "UA-R3-SSB-1K-213", "regiao_id": 3, "regiao_nome": "São Sebastião", "sigla_rodovia": "SP-055", "escala": "1K", "tipo": "SR", "extensao_km": 0.1729, "ordem_no_grupo": 213, "km_inicial": 183.948, "km_final": 184.121, "subtrecho_der": "055SPE0018", "municipio": "São Sebastião", "regional": "Taubaté", "residencia_dr": "DR 06", "uba_nome": "Caraguatatuba", "uba_codigo": "RC 06.04", "jurisdicao": "Estadual", "conservado_por": "05.04", "centroide_lon": -45.759403, "centroide_lat": -23.753584, "buffer_lateral_m": 1000, "icc_hid_thresholds": "60;85;110;126", "trecho_critico_hid": true, "RAHID": 0, "hazard": "hidro" }, "geometry": { "type": "LineString", "coordinates": [ [ -45.758571287695453, -23.753437014534772, 0.0 ], [ -45.759729424979419, -23.753658544372588, 0.0 ], [ -45.760242249796562, -23.753678253354831, 0.0 ] ] } },
{ "type": "Feature", "properties": { "ua_id": "UA-R3-SSB-1K-214", "regiao_id": 3, "regiao_nome": "São Sebastião", "sigla_rodovia": "SP-055", "escala": "1K", "tipo": "SR", "extensao_km": 0.1729, "ordem_no_grupo": 214, "km_inicial": 184.121, "km_final": 184.295, "subtrecho_der": "055SPE0018", "municipio": "São Sebastião", "regional": "Taubaté", "residencia_dr": "DR 06", "uba_nome": "Caraguatatuba", "uba_codigo": "RC 06.04", "jurisdicao": "Estadual", "conservado_por": "05.04", "centroide_lon": -45.76109, "centroide_lat": -23.753711, "buffer_lateral_m": 1000, "icc_hid_thresholds": "60;85;110;126", "trecho_critico_hid": true, "RAHID": 0, "hazard": "hidro" }, "geometry": { "type": "LineString", "coordinates": [ [ -45.760242249796562, -23.753678253354831, 0.0 ], [ -45.761936926951407, -23.753743371351444, 0.0 ] ] } },
{ "type": "Feature", "properties": { "ua_id": "UA-R3-SSB-1K-215", "regiao_id": 3, "regiao_nome": "São Sebastião", "sigla_rodovia": "SP-055", "escala": "1K", "tipo": "SR", "extensao_km": 0.1729, "ordem_no_grupo": 215, "km_inicial": 184.295, "km_final": 184.469, "subtrecho_der": "055SPE0018", "municipio": "São Sebastião", "regional": "Taubaté", "residencia_dr": "DR 06", "uba_nome": "Caraguatatuba", "uba_codigo": "RC 06.04", "jurisdicao": "Estadual", "conservado_por": "05.04", "centroide_lon": -45.762784, "centroide_lat": -23.753776, "buffer_lateral_m": 1000, "icc_hid_thresholds": "60;85;110;126", "trecho_critico_hid": true, "RAHID": 0, "hazard": "hidro" }, "geometry": { "type": "LineString", "coordinates": [ [ -45.761936926951407, -23.753743371351444, 0.0 ], [ -45.763631605231403, -23.7538084707171, 0.0 ] ] } },
{ "type": "Feature", "properties": { "ua_id": "UA-R3-SSB-1K-216", "regiao_id": 3, "regiao_nome": "São Sebastião", "sigla_rodovia": "SP-055", "escala": "1K", "tipo": "SR", "extensao_km": 0.1729, "ordem_no_grupo": 216, "km_inicial": 184.469, "km_final": 184.642, "subtrecho_der": "055SPE0018", "municipio": "São Sebastião", "regional": "Taubaté", "residencia_dr": "DR 06", "uba_nome": "Caraguatatuba", "uba_codigo": "RC 06.04", "jurisdicao": "Estadual", "conservado_por": "05.04", "centroide_lon": -45.764478, "centroide_lat": -23.753825, "buffer_lateral_m": 1000, "icc_hid_thresholds": "60;85;110;126", "trecho_critico_hid": true, "RAHID": 0, "hazard": "hidro" }, "geometry": { "type": "LineString", "coordinates": [ [ -45.763631605231403, -23.7538084707171, 0.0 ], [ -45.764841624941347, -23.753854940983132, 0.0 ], [ -45.76531664059317, -23.753764456465547, 0.0 ] ] } },
{ "type": "Feature", "properties": { "ua_id": "UA-R3-SSB-1K-217", "regiao_id": 3, "regiao_nome": "São Sebastião", "sigla_rodovia": "SP-055", "escala": "1K", "tipo": "SR", "extensao_km": 0.1729, "ordem_no_grupo": 217, "km_inicial": 184.642, "km_final": 184.816, "subtrecho_der": "055SPE0018", "municipio": "São Sebastião", "regional": "Taubaté", "residencia_dr": "DR 06", "uba_nome": "Caraguatatuba", "uba_codigo": "RC 06.04", "jurisdicao": "Estadual", "conservado_por": "05.04", "centroide_lon": -45.766156, "centroide_lat": -23.753691, "buffer_lateral_m": 1000, "icc_hid_thresholds": "60;85;110;126", "trecho_critico_hid": true, "RAHID": 0, "hazard": "hidro" }, "geometry": { "type": "LineString", "coordinates": [ [ -45.76531664059317, -23.753764456465547, 0.0 ], [ -45.765787608129152, -23.75367474150563, 0.0 ], [ -45.766693809183018, -23.753671452916929, 0.0 ], [ -45.766996511114982, -23.753728564468329, 0.0 ] ] } },
{ "type": "Feature", "properties": { "ua_id": "UA-R3-SSB-1K-218", "regiao_id": 3, "regiao_nome": "São Sebastião", "sigla_rodovia": "SP-055", "escala": "1K", "tipo": "SR", "extensao_km": 0.1729, "ordem_no_grupo": 218, "km_inicial": 184.816, "km_final": 184.99, "subtrecho_der": "055SPE0018", "municipio": "São Sebastião", "regional": "Taubaté", "residencia_dr": "DR 06", "uba_nome": "Caraguatatuba", "uba_codigo": "RC 06.04", "jurisdicao": "Estadual", "conservado_por": "05.04", "centroide_lon": -45.767828, "centroide_lat": -23.753882, "buffer_lateral_m": 1000, "icc_hid_thresholds": "60;85;110;126", "trecho_critico_hid": true, "RAHID": 0, "hazard": "hidro" }, "geometry": { "type": "LineString", "coordinates": [ [ -45.766996511114982, -23.753728564468329, 0.0 ], [ -45.768387971660204, -23.753991086584715, 0.0 ], [ -45.768663495616948, -23.754001660750678, 0.0 ] ] } },
{ "type": "Feature", "properties": { "ua_id": "UA-R3-SSB-1K-219", "regiao_id": 3, "regiao_nome": "São Sebastião", "sigla_rodovia": "SP-055", "escala": "1K", "tipo": "SR", "extensao_km": 0.1729, "ordem_no_grupo": 219, "km_inicial": 184.99, "km_final": 185.163, "subtrecho_der": "055SPE0018", "municipio": "São Sebastião", "regional": "Taubaté", "residencia_dr": "DR 06", "uba_nome": "Caraguatatuba", "uba_codigo": "RC 06.04", "jurisdicao": "Estadual", "conservado_por": "05.04", "centroide_lon": -45.769511, "centroide_lat": -23.754033, "buffer_lateral_m": 1000, "icc_hid_thresholds": "60;85;110;126", "trecho_critico_hid": true, "RAHID": 0, "hazard": "hidro" }, "geometry": { "type": "LineString", "coordinates": [ [ -45.768663495616948, -23.754001660750678, 0.0 ], [ -45.770192874651713, -23.754060346881765, 0.0 ], [ -45.77035801641447, -23.754051099256007, 0.0 ] ] } },
{ "type": "Feature", "properties": { "ua_id": "UA-R3-SSB-1K-220", "regiao_id": 3, "regiao_nome": "São Sebastião", "sigla_rodovia": "SP-055", "escala": "1K", "tipo": "SR", "extensao_km": 0.1729, "ordem_no_grupo": 220, "km_inicial": 185.163, "km_final": 185.337, "subtrecho_der": "055SPE0018", "municipio": "São Sebastião", "regional": "Taubaté", "residencia_dr": "DR 06", "uba_nome": "Caraguatatuba", "uba_codigo": "RC 06.04", "jurisdicao": "Estadual", "conservado_por": "05.04", "centroide_lon": -45.771205, "centroide_lat": -23.754004, "buffer_lateral_m": 1000, "icc_hid_thresholds": "60;85;110;126", "trecho_critico_hid": true, "RAHID": 0, "hazard": "hidro" }, "geometry": { "type": "LineString", "coordinates": [ [ -45.77035801641447, -23.754051099256007, 0.0 ], [ -45.772051039102784, -23.75395628295513, 0.0 ] ] } },
{ "type": "Feature", "properties": { "ua_id": "UA-R3-SSB-1K-221", "regiao_id": 3, "regiao_nome": "São Sebastião", "sigla_rodovia": "SP-055", "escala": "1K", "tipo": "SR", "extensao_km": 0.1729, "ordem_no_grupo": 221, "km_inicial": 185.337, "km_final": 185.51, "subtrecho_der": "055SPE0018", "municipio": "São Sebastião", "regional": "Taubaté", "residencia_dr": "DR 06", "uba_nome": "Caraguatatuba", "uba_codigo": "RC 06.04", "jurisdicao": "Estadual", "conservado_por": "05.04", "centroide_lon": -45.772898, "centroide_lat": -23.753909, "buffer_lateral_m": 1000, "icc_hid_thresholds": "60;85;110;126", "trecho_critico_hid": true, "RAHID": 0, "hazard": "hidro" }, "geometry": { "type": "LineString", "coordinates": [ [ -45.772051039102784, -23.75395628295513, 0.0 ], [ -45.773744058772479, -23.753861448165598, 0.0 ] ] } },
{ "type": "Feature", "properties": { "ua_id": "UA-R3-SSB-1K-222", "regiao_id": 3, "regiao_nome": "São Sebastião", "sigla_rodovia": "SP-055", "escala": "1K", "tipo": "SR", "extensao_km": 0.1729, "ordem_no_grupo": 222, "km_inicial": 185.51, "km_final": 185.684, "subtrecho_der": "055SPE0018", "municipio": "São Sebastião", "regional": "Taubaté", "residencia_dr": "DR 06", "uba_nome": "Caraguatatuba", "uba_codigo": "RC 06.04", "jurisdicao": "Estadual", "conservado_por": "05.04", "centroide_lon": -45.774586, "centroide_lat": -23.753781, "buffer_lateral_m": 1000, "icc_hid_thresholds": "60;85;110;126", "trecho_critico_hid": true, "RAHID": 0, "hazard": "hidro" }, "geometry": { "type": "LineString", "coordinates": [ [ -45.773744058772479, -23.753861448165598, 0.0 ], [ -45.774360957838226, -23.753826887819933, 0.0 ], [ -45.775424245171109, -23.753662905321292, 0.0 ] ] } },
{ "type": "Feature", "properties": { "ua_id": "UA-R3-SSB-1K-223", "regiao_id": 3, "regiao_nome": "São Sebastião", "sigla_rodovia": "SP-055", "escala": "1K", "tipo": "SR", "extensao_km": 0.1729, "ordem_no_grupo": 223, "km_inicial": 185.684, "km_final": 185.858, "subtrecho_der": "055SPE0018", "municipio": "São Sebastião", "regional": "Taubaté", "residencia_dr": "DR 06", "uba_nome": "Caraguatatuba", "uba_codigo": "RC 06.04", "jurisdicao": "Estadual", "conservado_por": "05.04", "centroide_lon": -45.776261, "centroide_lat": -23.753534, "buffer_lateral_m": 1000, "icc_hid_thresholds": "60;85;110;126", "trecho_critico_hid": true, "RAHID": 0, "hazard": "hidro" }, "geometry": { "type": "LineString", "coordinates": [ [ -45.775424245171109, -23.753662905321292, 0.0 ], [ -45.775463660411987, -23.753656826468696, 0.0 ], [ -45.777097069619863, -23.753404900528878, 0.0 ] ] } },
{ "type": "Feature", "properties": { "ua_id": "UA-R3-SSB-1K-224", "regiao_id": 3, "regiao_nome": "São Sebastião", "sigla_rodovia": "SP-055", "escala": "1K", "tipo": "SR", "extensao_km": 0.1729, "ordem_no_grupo": 224, "km_inicial": 185.858, "km_final": 186.01, "subtrecho_der": "055SPE0834", "municipio": "São Sebastião", "regional": "Taubaté", "residencia_dr": "DR 06", "uba_nome": "Caraguatatuba", "uba_codigo": "RC 06.04", "jurisdicao": "Estadual", "conservado_por": "05.04", "centroide_lon": -45.777927, "centroide_lat": -23.753247, "buffer_lateral_m": 1000, "icc_hid_thresholds": "60;85;110;126", "trecho_critico_hid": true, "RAHID": 0, "hazard": "hidro" }, "geometry": { "type": "LineString", "coordinates": [ [ -45.777097069619863, -23.753404900528878, 0.0 ], [ -45.777284094588595, -23.75337605390947, 0.0 ], [ -45.777502226587487, -23.753332474066845, 0.0 ], [ -45.778756321113505, -23.753081913155739, 0.0 ] ] } },
{ "type": "Feature", "properties": { "ua_id": "UA-R3-SSB-1K-225", "regiao_id": 3, "regiao_nome": "São Sebastião", "sigla_rodovia": "SP-055", "escala": "1K", "tipo": "SR", "extensao_km": 0.1729, "ordem_no_grupo": 225, "km_inicial": 186.01, "km_final": 186.155, "subtrecho_der": "055SPE0834", "municipio": "São Sebastião", "regional": "Taubaté", "residencia_dr": "DR 06", "uba_nome": "Caraguatatuba", "uba_codigo": "RC 06.04", "jurisdicao": "Estadual", "conservado_por": "05.04", "centroide_lon": -45.779585, "centroide_lat": -23.752916, "buffer_lateral_m": 1000, "icc_hid_thresholds": "60;85;110;126", "trecho_critico_hid": true, "RAHID": 0, "hazard": "hidro" }, "geometry": { "type": "LineString", "coordinates": [ [ -45.778756321113505, -23.753081913155739, 0.0 ], [ -45.779499521095865, -23.752933420822558, 0.0 ], [ -45.780413855425586, -23.752750727482233, 0.0 ] ] } },
{ "type": "Feature", "properties": { "ua_id": "UA-R3-SSB-1K-226", "regiao_id": 3, "regiao_nome": "São Sebastião", "sigla_rodovia": "SP-055", "escala": "1K", "tipo": "SR", "extensao_km": 0.1729, "ordem_no_grupo": 226, "km_inicial": 186.155, "km_final": 186.3, "subtrecho_der": "055SPE0834", "municipio": "São Sebastião", "regional": "Taubaté", "residencia_dr": "DR 06", "uba_nome": "Caraguatatuba", "uba_codigo": "RC 06.04", "jurisdicao": "Estadual", "conservado_por": "05.04", "centroide_lon": -45.781243, "centroide_lat": -23.752585, "buffer_lateral_m": 1000, "icc_hid_thresholds": "60;85;110;126", "trecho_critico_hid": true, "RAHID": 0, "hazard": "hidro" }, "geometry": { "type": "LineString", "coordinates": [ [ -45.780413855425586, -23.752750727482233, 0.0 ], [ -45.782071380313724, -23.752419522059352, 0.0 ] ] } },
{ "type": "Feature", "properties": { "ua_id": "UA-R3-SSB-1K-227", "regiao_id": 3, "regiao_nome": "São Sebastião", "sigla_rodovia": "SP-055", "escala": "1K", "tipo": "SR", "extensao_km": 0.1729, "ordem_no_grupo": 227, "km_inicial": 186.3, "km_final": 186.445, "subtrecho_der": "055SPE0834", "municipio": "São Sebastião", "regional": "Taubaté", "residencia_dr": "DR 06", "uba_nome": "Caraguatatuba", "uba_codigo": "RC 06.04", "jurisdicao": "Estadual", "conservado_por": "05.04", "centroide_lon": -45.7829, "centroide_lat": -23.752254, "buffer_lateral_m": 1000, "icc_hid_thresholds": "60;85;110;126", "trecho_critico_hid": true, "RAHID": 0, "hazard": "hidro" }, "geometry": { "type": "LineString", "coordinates": [ [ -45.782071380313724, -23.752419522059352, 0.0 ], [ -45.783728896289311, -23.752088299062311, 0.0 ] ] } },
{ "type": "Feature", "properties": { "ua_id": "UA-R3-SSB-1K-228", "regiao_id": 3, "regiao_nome": "São Sebastião", "sigla_rodovia": "SP-055", "escala": "1K", "tipo": "SR", "extensao_km": 0.1729, "ordem_no_grupo": 228, "km_inicial": 186.445, "km_final": 186.59, "subtrecho_der": "055SPE0834", "municipio": "São Sebastião", "regional": "Taubaté", "residencia_dr": "DR 06", "uba_nome": "Caraguatatuba", "uba_codigo": "RC 06.04", "jurisdicao": "Estadual", "conservado_por": "05.04", "centroide_lon": -45.784558, "centroide_lat": -23.751923, "buffer_lateral_m": 1000, "icc_hid_thresholds": "60;85;110;126", "trecho_critico_hid": true, "RAHID": 0, "hazard": "hidro" }, "geometry": { "type": "LineString", "coordinates": [ [ -45.783728896289311, -23.752088299062311, 0.0 ], [ -45.785386403350969, -23.751757058491947, 0.0 ] ] } },
{ "type": "Feature", "properties": { "ua_id": "UA-R3-SSB-1K-229", "regiao_id": 3, "regiao_nome": "São Sebastião", "sigla_rodovia": "SP-055", "escala": "1K", "tipo": "SR", "extensao_km": 0.1729, "ordem_no_grupo": 229, "km_inicial": 186.59, "km_final": 186.735, "subtrecho_der": "055SPE0834", "municipio": "São Sebastião", "regional": "Taubaté", "residencia_dr": "DR 06", "uba_nome": "Caraguatatuba", "uba_codigo": "RC 06.04", "jurisdicao": "Estadual", "conservado_por": "05.04", "centroide_lon": -45.786215, "centroide_lat": -23.751591, "buffer_lateral_m": 1000, "icc_hid_thresholds": "60;85;110;126", "trecho_critico_hid": true, "RAHID": 0, "hazard": "hidro" }, "geometry": { "type": "LineString", "coordinates": [ [ -45.785386403350969, -23.751757058491947, 0.0 ], [ -45.785519221009359, -23.75173051502421, 0.0 ], [ -45.787043900107228, -23.751425794456253, 0.0 ] ] } },
{ "type": "Feature", "properties": { "ua_id": "UA-R3-SSB-1K-230", "regiao_id": 3, "regiao_nome": "São Sebastião", "sigla_rodovia": "SP-055", "escala": "1K", "tipo": "SR", "extensao_km": 0.1729, "ordem_no_grupo": 230, "km_inicial": 186.735, "km_final": 186.88, "subtrecho_der": "055SPE0834", "municipio": "São Sebastião", "regional": "Taubaté", "residencia_dr": "DR 06", "uba_nome": "Caraguatatuba", "uba_codigo": "RC 06.04", "jurisdicao": "Estadual", "conservado_por": "05.04", "centroide_lon": -45.787873, "centroide_lat": -23.75126, "buffer_lateral_m": 1000, "icc_hid_thresholds": "60;85;110;126", "trecho_critico_hid": true, "RAHID": 0, "hazard": "hidro" }, "geometry": { "type": "LineString", "coordinates": [ [ -45.787043900107228, -23.751425794456253, 0.0 ], [ -45.788701387825562, -23.75109451233563, 0.0 ] ] } },
{ "type": "Feature", "properties": { "ua_id": "UA-R3-SSB-1K-231", "regiao_id": 3, "regiao_nome": "São Sebastião", "sigla_rodovia": "SP-055", "escala": "1K", "tipo": "SR", "extensao_km": 0.1729, "ordem_no_grupo": 231, "km_inicial": 186.88, "km_final": 187.025, "subtrecho_der": "055SPE0834", "municipio": "São Sebastião", "regional": "Taubaté", "residencia_dr": "DR 06", "uba_nome": "Caraguatatuba", "uba_codigo": "RC 06.04", "jurisdicao": "Estadual", "conservado_por": "05.04", "centroide_lon": -45.789515, "centroide_lat": -23.750884, "buffer_lateral_m": 1000, "icc_hid_thresholds": "60;85;110;126", "trecho_critico_hid": true, "RAHID": 0, "hazard": "hidro" }, "geometry": { "type": "LineString", "coordinates": [ [ -45.788701387825562, -23.75109451233563, 0.0 ], [ -45.78907862991138, -23.751019110244794, 0.0 ], [ -45.789473237718973, -23.75087333031853, 0.0 ], [ -45.790181761684273, -23.750712613025975, 0.0 ], [ -45.790336870256404, -23.750709346034675, 0.0 ] ] } },
{ "type": "Feature", "properties": { "ua_id": "UA-R3-SSB-1K-232", "regiao_id": 3, "regiao_nome": "São Sebastião", "sigla_rodovia": "SP-055", "escala": "1K", "tipo": "SR", "extensao_km": 0.1729, "ordem_no_grupo": 232, "km_inicial": 187.025, "km_final": 187.17, "subtrecho_der": "055SPE0834", "municipio": "São Sebastião", "regional": "Taubaté", "residencia_dr": "DR 06", "uba_nome": "Caraguatatuba", "uba_codigo": "RC 06.04", "jurisdicao": "Estadual", "conservado_por": "05.04", "centroide_lon": -45.791181, "centroide_lat": -23.750647, "buffer_lateral_m": 1000, "icc_hid_thresholds": "60;85;110;126", "trecho_critico_hid": true, "RAHID": 0, "hazard": "hidro" }, "geometry": { "type": "LineString", "coordinates": [ [ -45.790336870256404, -23.750709346034675, 0.0 ], [ -45.790662662343777, -23.750702483495964, 0.0 ], [ -45.791534139452729, -23.750624828263323, 0.0 ], [ -45.792018458026682, -23.750532144418287, 0.0 ] ] } },
{ "type": "Feature", "properties": { "ua_id": "UA-R3-SSB-1K-233", "regiao_id": 3, "regiao_nome": "São Sebastião", "sigla_rodovia": "SP-055", "escala": "1K", "tipo": "SR", "extensao_km": 0.1729, "ordem_no_grupo": 233, "km_inicial": 187.17, "km_final": 187.315, "subtrecho_der": "055SPE0834", "municipio": "São Sebastião", "regional": "Taubaté", "residencia_dr": "DR 06", "uba_nome": "Caraguatatuba", "uba_codigo": "RC 06.04", "jurisdicao": "Estadual", "conservado_por": "05.04", "centroide_lon": -45.792849, "centroide_lat": -23.750375, "buffer_lateral_m": 1000, "icc_hid_thresholds": "60;85;110;126", "trecho_critico_hid": true, "RAHID": 0, "hazard": "hidro" }, "geometry": { "type": "LineString", "coordinates": [ [ -45.792018458026682, -23.750532144418287, 0.0 ], [ -45.793354705594226, -23.750276418765907, 0.0 ], [ -45.793658337740176, -23.750231115301847, 0.0 ], [ -45.793681938931854, -23.750229323232759, 0.0 ] ] } },
{ "type": "Feature", "properties": { "ua_id": "UA-R3-SSB-1K-234", "regiao_id": 3, "regiao_nome": "São Sebastião", "sigla_rodovia": "SP-055", "escala": "1K", "tipo": "SR", "extensao_km": 0.1729, "ordem_no_grupo": 234, "km_inicial": 187.315, "km_final": 187.46, "subtrecho_der": "055SPE0834", "municipio": "São Sebastião", "regional": "Taubaté", "residencia_dr": "DR 06", "uba_nome": "Caraguatatuba", "uba_codigo": "RC 06.04", "jurisdicao": "Estadual", "conservado_por": "05.04", "centroide_lon": -45.794522, "centroide_lat": -23.750275, "buffer_lateral_m": 1000, "icc_hid_thresholds": "60;85;110;126", "trecho_critico_hid": true, "RAHID": 0, "hazard": "hidro" }, "geometry": { "type": "LineString", "coordinates": [ [ -45.793681938931854, -23.750229323232759, 0.0 ], [ -45.794023542582423, -23.750203384416338, 0.0 ], [ -45.794790058622404, -23.750279939590257, 0.0 ], [ -45.795349007865987, -23.750430263903748, 0.0 ] ] } },
{ "type": "Feature", "properties": { "ua_id": "UA-R3-SSB-1K-235", "regiao_id": 3, "regiao_nome": "São Sebastião", "sigla_rodovia": "SP-055", "escala": "1K", "tipo": "SR", "extensao_km": 0.1729, "ordem_no_grupo": 235, "km_inicial": 187.46, "km_final": 187.605, "subtrecho_der": "055SPE0834", "municipio": "São Sebastião", "regional": "Taubaté", "residencia_dr": "DR 06", "uba_nome": "Caraguatatuba", "uba_codigo": "RC 06.04", "jurisdicao": "Estadual", "conservado_por": "05.04", "centroide_lon": -45.796108, "centroide_lat": -23.750767, "buffer_lateral_m": 1000, "icc_hid_thresholds": "60;85;110;126", "trecho_critico_hid": true, "RAHID": 0, "hazard": "hidro" }, "geometry": { "type": "LineString", "coordinates": [ [ -45.795349007865987, -23.750430263903748, 0.0 ], [ -45.79561907354298, -23.750502894754561, 0.0 ], [ -45.796416738140245, -23.750908744820919, 0.0 ], [ -45.796824583256189, -23.751180255730858, 0.0 ] ] } },
{ "type": "Feature", "properties": { "ua_id": "UA-R3-SSB-1K-236", "regiao_id": 3, "regiao_nome": "São Sebastião", "sigla_rodovia": "SP-055", "escala": "1K", "tipo": "SR", "extensao_km": 0.1729, "ordem_no_grupo": 236, "km_inicial": 187.605, "km_final": 187.75, "subtrecho_der": "055SPE0834", "municipio": "São Sebastião", "regional": "Taubaté", "residencia_dr": "DR 06", "uba_nome": "Caraguatatuba", "uba_codigo": "RC 06.04", "jurisdicao": "Estadual", "conservado_por": "05.04", "centroide_lon": -45.797512, "centroide_lat": -23.751638, "buffer_lateral_m": 1000, "icc_hid_thresholds": "60;85;110;126", "trecho_critico_hid": true, "RAHID": 0, "hazard": "hidro" }, "geometry": { "type": "LineString", "coordinates": [ [ -45.796824583256189, -23.751180255730858, 0.0 ], [ -45.798198930908981, -23.752095170783743, 0.0 ] ] } },
{ "type": "Feature", "properties": { "ua_id": "UA-R3-SSB-1K-237", "regiao_id": 3, "regiao_nome": "São Sebastião", "sigla_rodovia": "SP-055", "escala": "1K", "tipo": "SR", "extensao_km": 0.1729, "ordem_no_grupo": 237, "km_inicial": 187.75, "km_final": 187.895, "subtrecho_der": "055SPE0834", "municipio": "São Sebastião", "regional": "Taubaté", "residencia_dr": "DR 06", "uba_nome": "Caraguatatuba", "uba_codigo": "RC 06.04", "jurisdicao": "Estadual", "conservado_por": "05.04", "centroide_lon": -45.798886, "centroide_lat": -23.752553, "buffer_lateral_m": 1000, "icc_hid_thresholds": "60;85;110;126", "trecho_critico_hid": true, "RAHID": 0, "hazard": "hidro" }, "geometry": { "type": "LineString", "coordinates": [ [ -45.798198930908981, -23.752095170783743, 0.0 ], [ -45.79957329758679, -23.753010072989941, 0.0 ] ] } },
{ "type": "Feature", "properties": { "ua_id": "UA-R3-SSB-1K-238", "regiao_id": 3, "regiao_nome": "São Sebastião", "sigla_rodovia": "SP-055", "escala": "1K", "tipo": "SR", "extensao_km": 0.1729, "ordem_no_grupo": 238, "km_inicial": 187.895, "km_final": 188.04, "subtrecho_der": "055SPE0834", "municipio": "São Sebastião", "regional": "Taubaté", "residencia_dr": "DR 06", "uba_nome": "Caraguatatuba", "uba_codigo": "RC 06.04", "jurisdicao": "Estadual", "conservado_por": "05.04", "centroide_lon": -45.800261, "centroide_lat": -23.753467, "buffer_lateral_m": 1000, "icc_hid_thresholds": "60;85;110;126", "trecho_critico_hid": true, "RAHID": 0, "hazard": "hidro" }, "geometry": { "type": "LineString", "coordinates": [ [ -45.79957329758679, -23.753010072989941, 0.0 ], [ -45.800543899124108, -23.75365617739342, 0.0 ], [ -45.800951650511358, -23.75391983938378, 0.0 ] ] } },
{ "type": "Feature", "properties": { "ua_id": "UA-R3-SSB-1K-239", "regiao_id": 3, "regiao_nome": "São Sebastião", "sigla_rodovia": "SP-055", "escala": "1K", "tipo": "SR", "extensao_km": 0.1729, "ordem_no_grupo": 239, "km_inicial": 188.04, "km_final": 188.185, "subtrecho_der": "055SPE0834", "municipio": "São Sebastião", "regional": "Taubaté", "residencia_dr": "DR 06", "uba_nome": "Caraguatatuba", "uba_codigo": "RC 06.04", "jurisdicao": "Estadual", "conservado_por": "05.04", "centroide_lon": -45.801646, "centroide_lat": -23.754369, "buffer_lateral_m": 1000, "icc_hid_thresholds": "60;85;110;126", "trecho_critico_hid": true, "RAHID": 0, "hazard": "hidro" }, "geometry": { "type": "LineString", "coordinates": [ [ -45.800951650511358, -23.75391983938378, 0.0 ], [ -45.802339558661522, -23.754817278299338, 0.0 ] ] } },
{ "type": "Feature", "properties": { "ua_id": "UA-R3-SSB-1K-240", "regiao_id": 3, "regiao_nome": "São Sebastião", "sigla_rodovia": "SP-055", "escala": "1K", "tipo": "SR", "extensao_km": 0.1729, "ordem_no_grupo": 240, "km_inicial": 188.185, "km_final": 188.33, "subtrecho_der": "055SPE0834", "municipio": "São Sebastião", "regional": "Taubaté", "residencia_dr": "DR 06", "uba_nome": "Caraguatatuba", "uba_codigo": "RC 06.04", "jurisdicao": "Estadual", "conservado_por": "05.04", "centroide_lon": -45.803034, "centroide_lat": -23.755266, "buffer_lateral_m": 1000, "icc_hid_thresholds": "60;85;110;126", "trecho_critico_hid": true, "RAHID": 0, "hazard": "hidro" }, "geometry": { "type": "LineString", "coordinates": [ [ -45.802339558661522, -23.754817278299338, 0.0 ], [ -45.803727485641815, -23.75571470413098, 0.0 ] ] } },
{ "type": "Feature", "properties": { "ua_id": "UA-R3-SSB-1K-241", "regiao_id": 3, "regiao_nome": "São Sebastião", "sigla_rodovia": "SP-055", "escala": "1K", "tipo": "SR", "extensao_km": 0.1729, "ordem_no_grupo": 241, "km_inicial": 188.33, "km_final": 188.475, "subtrecho_der": "055SPE0834", "municipio": "São Sebastião", "regional": "Taubaté", "residencia_dr": "DR 06", "uba_nome": "Caraguatatuba", "uba_codigo": "RC 06.04", "jurisdicao": "Estadual", "conservado_por": "05.04", "centroide_lon": -45.804424, "centroide_lat": -23.756159, "buffer_lateral_m": 1000, "icc_hid_thresholds": "60;85;110;126", "trecho_critico_hid": true, "RAHID": 0, "hazard": "hidro" }, "geometry": { "type": "LineString", "coordinates": [ [ -45.803727485641815, -23.75571470413098, 0.0 ], [ -45.804939323321939, -23.756498250948194, 0.0 ], [ -45.805147968545562, -23.756546826515645, 0.0 ] ] } },
{ "type": "Feature", "properties": { "ua_id": "UA-R3-SSB-1K-242", "regiao_id": 3, "regiao_nome": "São Sebastião", "sigla_rodovia": "SP-055", "escala": "1K", "tipo": "SR", "extensao_km": 0.1729, "ordem_no_grupo": 242, "km_inicial": 188.475, "km_final": 188.62, "subtrecho_der": "055SPE0834", "municipio": "São Sebastião", "regional": "Taubaté", "residencia_dr": "DR 06", "uba_nome": "Caraguatatuba", "uba_codigo": "RC 06.04", "jurisdicao": "Estadual", "conservado_por": "05.04", "centroide_lon": -45.805974, "centroide_lat": -23.756642, "buffer_lateral_m": 1000, "icc_hid_thresholds": "60;85;110;126", "trecho_critico_hid": true, "RAHID": 0, "hazard": "hidro" }, "geometry": { "type": "LineString", "coordinates": [ [ -45.805147968545562, -23.756546826515645, 0.0 ], [ -45.805908059322221, -23.756723783720101, 0.0 ], [ -45.806805154611709, -23.756571887607532, 0.0 ] ] } },
{ "type": "Feature", "properties": { "ua_id": "UA-R3-SSB-1K-243", "regiao_id": 3, "regiao_nome": "São Sebastião", "sigla_rodovia": "SP-055", "escala": "1K", "tipo": "SR", "extensao_km": 0.1729, "ordem_no_grupo": 243, "km_inicial": 188.62, "km_final": 188.765, "subtrecho_der": "055SPE0834", "municipio": "São Sebastião", "regional": "Taubaté", "residencia_dr": "DR 06", "uba_nome": "Caraguatatuba", "uba_codigo": "RC 06.04", "jurisdicao": "Estadual", "conservado_por": "05.04", "centroide_lon": -45.807626, "centroide_lat": -23.756379, "buffer_lateral_m": 1000, "icc_hid_thresholds": "60;85;110;126", "trecho_critico_hid": true, "RAHID": 0, "hazard": "hidro" }, "geometry": { "type": "LineString", "coordinates": [ [ -45.806805154611709, -23.756571887607532, 0.0 ], [ -45.807005423023632, -23.756537977418024, 0.0 ], [ -45.808444092240144, -23.75617221013032, 0.0 ] ] } },
{ "type": "Feature", "properties": { "ua_id": "UA-R3-SSB-1K-244", "regiao_id": 3, "regiao_nome": "São Sebastião", "sigla_rodovia": "SP-055", "escala": "1K", "tipo": "SR", "extensao_km": 0.1729, "ordem_no_grupo": 244, "km_inicial": 188.765, "km_final": 188.91, "subtrecho_der": "055SPE0834", "municipio": "São Sebastião", "regional": "Taubaté", "residencia_dr": "DR 06", "uba_nome": "Caraguatatuba", "uba_codigo": "RC 06.04", "jurisdicao": "Estadual", "conservado_por": "05.04", "centroide_lon": -45.809262, "centroide_lat": -23.755964, "buffer_lateral_m": 1000, "icc_hid_thresholds": "60;85;110;126", "trecho_critico_hid": true, "RAHID": 0, "hazard": "hidro" }, "geometry": { "type": "LineString", "coordinates": [ [ -45.808444092240144, -23.75617221013032, 0.0 ], [ -45.810079029765213, -23.755756524961384, 0.0 ] ] } },
{ "type": "Feature", "properties": { "ua_id": "UA-R3-SSB-1K-245", "regiao_id": 3, "regiao_nome": "São Sebastião", "sigla_rodovia": "SP-055", "escala": "1K", "tipo": "SR", "extensao_km": 0.1729, "ordem_no_grupo": 245, "km_inicial": 188.91, "km_final": 189.055, "subtrecho_der": "055SPE0834", "municipio": "São Sebastião", "regional": "Taubaté", "residencia_dr": "DR 06", "uba_nome": "Caraguatatuba", "uba_codigo": "RC 06.04", "jurisdicao": "Estadual", "conservado_por": "05.04", "centroide_lon": -45.810903, "centroide_lat": -23.755581, "buffer_lateral_m": 1000, "icc_hid_thresholds": "60;85;110;126", "trecho_critico_hid": true, "RAHID": 0, "hazard": "hidro" }, "geometry": { "type": "LineString", "coordinates": [ [ -45.810079029765213, -23.755756524961384, 0.0 ], [ -45.81090370258476, -23.755546843218347, 0.0 ], [ -45.81174021822266, -23.755470649206572, 0.0 ] ] } },
{ "type": "Feature", "properties": { "ua_id": "UA-R3-SSB-1K-246", "regiao_id": 3, "regiao_nome": "São Sebastião", "sigla_rodovia": "SP-055", "escala": "1K", "tipo": "SR", "extensao_km": 0.1729, "ordem_no_grupo": 246, "km_inicial": 189.055, "km_final": 189.2, "subtrecho_der": "055SPE0834", "municipio": "São Sebastião", "regional": "Taubaté", "residencia_dr": "DR 06", "uba_nome": "Caraguatatuba", "uba_codigo": "RC 06.04", "jurisdicao": "Estadual", "conservado_por": "05.04", "centroide_lon": -45.812584, "centroide_lat": -23.755394, "buffer_lateral_m": 1000, "icc_hid_thresholds": "60;85;110;126", "trecho_critico_hid": true, "RAHID": 0, "hazard": "hidro" }, "geometry": { "type": "LineString", "coordinates": [ [ -45.81174021822266, -23.755470649206572, 0.0 ], [ -45.813428129614685, -23.755316891806643, 0.0 ] ] } },
{ "type": "Feature", "properties": { "ua_id": "UA-R3-SSB-1K-247", "regiao_id": 3, "regiao_nome": "São Sebastião", "sigla_rodovia": "SP-055", "escala": "1K", "tipo": "SR", "extensao_km": 0.1729, "ordem_no_grupo": 247, "km_inicial": 189.2, "km_final": 189.345, "subtrecho_der": "055SPE0834", "municipio": "São Sebastião", "regional": "Taubaté", "residencia_dr": "DR 06", "uba_nome": "Caraguatatuba", "uba_codigo": "RC 06.04", "jurisdicao": "Estadual", "conservado_por": "05.04", "centroide_lon": -45.814272, "centroide_lat": -23.75524, "buffer_lateral_m": 1000, "icc_hid_thresholds": "60;85;110;126", "trecho_critico_hid": true, "RAHID": 0, "hazard": "hidro" }, "geometry": { "type": "LineString", "coordinates": [ [ -45.813428129614685, -23.755316891806643, 0.0 ], [ -45.815116036452075, -23.755163116071664, 0.0 ] ] } },
{ "type": "Feature", "properties": { "ua_id": "UA-R3-SSB-1K-248", "regiao_id": 3, "regiao_nome": "São Sebastião", "sigla_rodovia": "SP-055", "escala": "1K", "tipo": "SR", "extensao_km": 0.1729, "ordem_no_grupo": 248, "km_inicial": 189.345, "km_final": 189.49, "subtrecho_der": "055SPE0834", "municipio": "São Sebastião", "regional": "Taubaté", "residencia_dr": "DR 06", "uba_nome": "Caraguatatuba", "uba_codigo": "RC 06.04", "jurisdicao": "Estadual", "conservado_por": "05.04", "centroide_lon": -45.81596, "centroide_lat": -23.755085, "buffer_lateral_m": 1000, "icc_hid_thresholds": "60;85;110;126", "trecho_critico_hid": true, "RAHID": 0, "hazard": "hidro" }, "geometry": { "type": "LineString", "coordinates": [ [ -45.815116036452075, -23.755163116071664, 0.0 ], [ -45.815364420862359, -23.755140485577112, 0.0 ], [ -45.816803516428045, -23.755005453164109, 0.0 ] ] } },
{ "type": "Feature", "properties": { "ua_id": "UA-R3-SSB-1K-249", "regiao_id": 3, "regiao_nome": "São Sebastião", "sigla_rodovia": "SP-055", "escala": "1K", "tipo": "SR", "extensao_km": 0.1729, "ordem_no_grupo": 249, "km_inicial": 189.49, "km_final": 189.635, "subtrecho_der": "055SPE0834", "municipio": "São Sebastião", "regional": "Taubaté", "residencia_dr": "DR 06", "uba_nome": "Caraguatatuba", "uba_codigo": "RC 06.04", "jurisdicao": "Estadual", "conservado_por": "05.04", "centroide_lon": -45.817647, "centroide_lat": -23.754926, "buffer_lateral_m": 1000, "icc_hid_thresholds": "60;85;110;126", "trecho_critico_hid": true, "RAHID": 0, "hazard": "hidro" }, "geometry": { "type": "LineString", "coordinates": [ [ -45.816803516428045, -23.755005453164109, 0.0 ], [ -45.818490918872079, -23.754847104379881, 0.0 ] ] } },
{ "type": "Feature", "properties": { "ua_id": "UA-R3-SSB-1K-250", "regiao_id": 3, "regiao_nome": "São Sebastião", "sigla_rodovia": "SP-055", "escala": "1K", "tipo": "SR", "extensao_km": 0.1729, "ordem_no_grupo": 250, "km_inicial": 189.635, "km_final": 189.78, "subtrecho_der": "055SPE0834", "municipio": "São Sebastião", "regional": "Taubaté", "residencia_dr": "DR 06", "uba_nome": "Caraguatatuba", "uba_codigo": "RC 06.04", "jurisdicao": "Estadual", "conservado_por": "05.04", "centroide_lon": -45.819335, "centroide_lat": -23.754768, "buffer_lateral_m": 1000, "icc_hid_thresholds": "60;85;110;126", "trecho_critico_hid": true, "RAHID": 0, "hazard": "hidro" }, "geometry": { "type": "LineString", "coordinates": [ [ -45.818490918872079, -23.754847104379881, 0.0 ], [ -45.82007622036312, -23.7546983198364, 0.0 ], [ -45.82017882376433, -23.754696350632226, 0.0 ] ] } },
{ "type": "Feature", "properties": { "ua_id": "UA-R3-SSB-1K-251", "regiao_id": 3, "regiao_nome": "São Sebastião", "sigla_rodovia": "SP-055", "escala": "1K", "tipo": "SR", "extensao_km": 0.1729, "ordem_no_grupo": 251, "km_inicial": 189.78, "km_final": 189.926, "subtrecho_der": "055SPE0834", "municipio": "São Sebastião", "regional": "Taubaté", "residencia_dr": "DR 06", "uba_nome": "Caraguatatuba", "uba_codigo": "RC 06.04", "jurisdicao": "Estadual", "conservado_por": "05.04", "centroide_lon": -45.821026, "centroide_lat": -23.754659, "buffer_lateral_m": 1000, "icc_hid_thresholds": "60;85;110;126", "trecho_critico_hid": true, "RAHID": 0, "hazard": "hidro" }, "geometry": { "type": "LineString", "coordinates": [ [ -45.82017882376433, -23.754696350632226, 0.0 ], [ -45.820580593539823, -23.754688639055306, 0.0 ], [ -45.821872036025297, -23.754609689751305, 0.0 ] ] } },
{ "type": "Feature", "properties": { "ua_id": "UA-R3-SSB-1K-252", "regiao_id": 3, "regiao_nome": "São Sebastião", "sigla_rodovia": "SP-055", "escala": "1K", "tipo": "SR", "extensao_km": 0.1729, "ordem_no_grupo": 252, "km_inicial": 189.926, "km_final": 190.071, "subtrecho_der": "055SPE0834", "municipio": "São Sebastião", "regional": "Taubaté", "residencia_dr": "DR 06", "uba_nome": "Caraguatatuba", "uba_codigo": "RC 06.04", "jurisdicao": "Estadual", "conservado_por": "05.04", "centroide_lon": -45.822718, "centroide_lat": -23.754558, "buffer_lateral_m": 1000, "icc_hid_thresholds": "60;85;110;126", "trecho_critico_hid": true, "RAHID": 0, "hazard": "hidro" }, "geometry": { "type": "LineString", "coordinates": [ [ -45.821872036025297, -23.754609689751305, 0.0 ], [ -45.823564449137798, -23.754506211594332, 0.0 ] ] } },
{ "type": "Feature", "properties": { "ua_id": "UA-R4-BER-10K-001", "regiao_id": 4, "regiao_nome": "Santos-Bertioga", "sigla_rodovia": "SP-055", "escala": "10K", "tipo": "UTB", "extensao_km": 0.4206, "ordem_no_grupo": 1, "km_inicial": 191.4, "km_final": 191.81, "subtrecho_der": "055SPE3431", "municipio": "Bertioga", "regional": "Cubatão", "residencia_dr": "DR 05", "uba_nome": "Cubatão", "uba_codigo": "RC 05.04", "jurisdicao": "Estadual", "conservado_por": "05.04", "centroide_lon": -45.841149, "centroide_lat": -23.755018, "buffer_lateral_m": 1000, "icc_hid_thresholds": "150;200;230;300", "trecho_critico_hid": true, "RAHID": 1, "hazard": "hidro" }, "geometry": { "type": "LineString", "coordinates": [ [ -45.839085892642828, -23.755009345363689, 0.0 ], [ -45.842819985049609, -23.755019821317163, 0.0 ], [ -45.843205122262475, -23.755091373411322, 0.0 ] ] } },
{ "type": "Feature", "properties": { "ua_id": "UA-R4-BER-10K-002", "regiao_id": 4, "regiao_nome": "Santos-Bertioga", "sigla_rodovia": "SP-055", "escala": "10K", "tipo": "UTB", "extensao_km": 0.4206, "ordem_no_grupo": 2, "km_inicial": 191.81, "km_final": 192.22, "subtrecho_der": "055SPE3431", "municipio": "Bertioga", "regional": "Cubatão", "residencia_dr": "DR 05", "uba_nome": "Cubatão", "uba_codigo": "RC 05.04", "jurisdicao": "Estadual", "conservado_por": "05.04", "centroide_lon": -45.845228, "centroide_lat": -23.755467, "buffer_lateral_m": 1000, "icc_hid_thresholds": "150;200;230;300", "trecho_critico_hid": true, "RAHID": 1, "hazard": "hidro" }, "geometry": { "type": "LineString", "coordinates": [ [ -45.843205122262475, -23.755091373411322, 0.0 ], [ -45.846495878593821, -23.755702698636604, 0.0 ], [ -45.847250390541127, -23.755843734862136, 0.0 ] ] } },
{ "type": "Feature", "properties": { "ua_id": "UA-R4-BER-10K-003", "regiao_id": 4, "regiao_nome": "Santos-Bertioga", "sigla_rodovia": "SP-055", "escala": "10K", "tipo": "UTB", "extensao_km": 0.4206, "ordem_no_grupo": 3, "km_inicial": 192.22, "km_final": 192.631, "subtrecho_der": "055SPE3431", "municipio": "Bertioga", "regional": "Cubatão", "residencia_dr": "DR 05", "uba_nome": "Cubatão", "uba_codigo": "RC 05.04", "jurisdicao": "Estadual", "conservado_por": "05.04", "centroide_lon": -45.849278, "centroide_lat": -23.756193, "buffer_lateral_m": 1000, "icc_hid_thresholds": "150;200;230;300", "trecho_critico_hid": true, "RAHID": 1, "hazard": "hidro" }, "geometry": { "type": "LineString", "coordinates": [ [ -45.847250390541127, -23.755843734862136, 0.0 ], [ -45.849629121023597, -23.756288349871429, 0.0 ], [ -45.851318752927682, -23.756458906487168, 0.0 ] ] } },
{ "type": "Feature", "properties": { "ua_id": "UA-R4-BER-10K-004", "regiao_id": 4, "regiao_nome": "Santos-Bertioga", "sigla_rodovia": "SP-055", "escala": "10K", "tipo": "UTB", "extensao_km": 0.4206, "ordem_no_grupo": 4, "km_inicial": 192.631, "km_final": 193.041, "subtrecho_der": "055SPE3431", "municipio": "Bertioga", "regional": "Cubatão", "residencia_dr": "DR 05", "uba_nome": "Cubatão", "uba_codigo": "RC 05.04", "jurisdicao": "Estadual", "conservado_por": "05.04", "centroide_lon": -45.85337, "centroide_lat": -23.756666, "buffer_lateral_m": 1000, "icc_hid_thresholds": "150;200;230;300", "trecho_critico_hid": true, "RAHID": 1, "hazard": "hidro" }, "geometry": { "type": "LineString", "coordinates": [ [ -45.851318752927682, -23.756458906487168, 0.0 ], [ -45.855421219989175, -23.75687294303447, 0.0 ] ] } },
{ "type": "Feature", "properties": { "ua_id": "UA-R4-BER-10K-005", "regiao_id": 4, "regiao_nome": "Santos-Bertioga", "sigla_rodovia": "SP-055", "escala": "10K", "tipo": "UTB", "extensao_km": 0.4206, "ordem_no_grupo": 5, "km_inicial": 193.041, "km_final": 193.451, "subtrecho_der": "055SPE3431", "municipio": "Bertioga", "regional": "Cubatão", "residencia_dr": "DR 05", "uba_nome": "Cubatão", "uba_codigo": "RC 05.04", "jurisdicao": "Estadual", "conservado_por": "05.04", "centroide_lon": -45.857472, "centroide_lat": -23.75708, "buffer_lateral_m": 1000, "icc_hid_thresholds": "150;200;230;300", "trecho_critico_hid": true, "RAHID": 1, "hazard": "hidro" }, "geometry": { "type": "LineString", "coordinates": [ [ -45.855421219989175, -23.75687294303447, 0.0 ], [ -45.859523709352693, -23.757286869872569, 0.0 ] ] } },
{ "type": "Feature", "properties": { "ua_id": "UA-R4-BER-10K-006", "regiao_id": 4, "regiao_nome": "Santos-Bertioga", "sigla_rodovia": "SP-055", "escala": "10K", "tipo": "UTB", "extensao_km": 0.4206, "ordem_no_grupo": 6, "km_inicial": 193.451, "km_final": 193.861, "subtrecho_der": "055SPE3431", "municipio": "Bertioga", "regional": "Cubatão", "residencia_dr": "DR 05", "uba_nome": "Cubatão", "uba_codigo": "RC 05.04", "jurisdicao": "Estadual", "conservado_por": "05.04", "centroide_lon": -45.861575, "centroide_lat": -23.757494, "buffer_lateral_m": 1000, "icc_hid_thresholds": "150;200;230;300", "trecho_critico_hid": true, "RAHID": 1, "hazard": "hidro" }, "geometry": { "type": "LineString", "coordinates": [ [ -45.859523709352693, -23.757286869872569, 0.0 ], [ -45.863626220994533, -23.7577006869953, 0.0 ] ] } },
{ "type": "Feature", "properties": { "ua_id": "UA-R4-BER-10K-007", "regiao_id": 4, "regiao_nome": "Santos-Bertioga", "sigla_rodovia": "SP-055", "escala": "10K", "tipo": "UTB", "extensao_km": 0.4206, "ordem_no_grupo": 7, "km_inicial": 193.861, "km_final": 194.271, "subtrecho_der": "055SPE3431", "municipio": "Bertioga", "regional": "Cubatão", "residencia_dr": "DR 05", "uba_nome": "Cubatão", "uba_codigo": "RC 05.04", "jurisdicao": "Estadual", "conservado_por": "05.04", "centroide_lon": -45.865678, "centroide_lat": -23.757907, "buffer_lateral_m": 1000, "icc_hid_thresholds": "150;200;230;300", "trecho_critico_hid": true, "RAHID": 1, "hazard": "hidro" }, "geometry": { "type": "LineString", "coordinates": [ [ -45.863626220994533, -23.7577006869953, 0.0 ], [ -45.863855106958304, -23.757723771244844, 0.0 ], [ -45.867728793772585, -23.75811406756813, 0.0 ] ] } },
{ "type": "Feature", "properties": { "ua_id": "UA-R4-BER-10K-008", "regiao_id": 4, "regiao_nome": "Santos-Bertioga", "sigla_rodovia": "SP-055", "escala": "10K", "tipo": "UTB", "extensao_km": 0.4206, "ordem_no_grupo": 8, "km_inicial": 194.271, "km_final": 194.681, "subtrecho_der": "055SPE3431", "municipio": "Bertioga", "regional": "Cubatão", "residencia_dr": "DR 05", "uba_nome": "Cubatão", "uba_codigo": "RC 05.04", "jurisdicao": "Estadual", "conservado_por": "05.04", "centroide_lon": -45.86978, "centroide_lat": -23.758321, "buffer_lateral_m": 1000, "icc_hid_thresholds": "150;200;230;300", "trecho_critico_hid": true, "RAHID": 1, "hazard": "hidro" }, "geometry": { "type": "LineString", "coordinates": [ [ -45.867728793772585, -23.75811406756813, 0.0 ], [ -45.871831391057938, -23.758527319100068, 0.0 ] ] } },
{ "type": "Feature", "properties": { "ua_id": "UA-R4-BER-10K-009", "regiao_id": 4, "regiao_nome": "Santos-Bertioga", "sigla_rodovia": "SP-055", "escala": "10K", "tipo": "UTB", "extensao_km": 0.4206, "ordem_no_grupo": 9, "km_inicial": 194.681, "km_final": 195.092, "subtrecho_der": "055SPE3431", "municipio": "Bertioga", "regional": "Cubatão", "residencia_dr": "DR 05", "uba_nome": "Cubatão", "uba_codigo": "RC 05.04", "jurisdicao": "Estadual", "conservado_por": "05.04", "centroide_lon": -45.873868, "centroide_lat": -23.758492, "buffer_lateral_m": 1000, "icc_hid_thresholds": "150;200;230;300", "trecho_critico_hid": true, "RAHID": 1, "hazard": "hidro" }, "geometry": { "type": "LineString", "coordinates": [ [ -45.871831391057938, -23.758527319100068, 0.0 ], [ -45.872118473341395, -23.758556232490392, 0.0 ], [ -45.873010022118791, -23.758595760929506, 0.0 ], [ -45.873801020038265, -23.75863082671173, 0.0 ], [ -45.87447371373549, -23.758582775334659, 0.0 ], [ -45.87507506511448, -23.758393360742588, 0.0 ], [ -45.875784329157028, -23.757973152576763, 0.0 ] ] } },
{ "type": "Feature", "properties": { "ua_id": "UA-R4-BER-10K-010", "regiao_id": 4, "regiao_nome": "Santos-Bertioga", "sigla_rodovia": "SP-055", "escala": "10K", "tipo": "UTB", "extensao_km": 0.4206, "ordem_no_grupo": 10, "km_inicial": 195.092, "km_final": 195.502, "subtrecho_der": "055SPE3431", "municipio": "Bertioga", "regional": "Cubatão", "residencia_dr": "DR 05", "uba_nome": "Cubatão", "uba_codigo": "RC 05.04", "jurisdicao": "Estadual", "conservado_por": "05.04", "centroide_lon": -45.877291, "centroide_lat": -23.75675, "buffer_lateral_m": 1000, "icc_hid_thresholds": "150;200;230;300", "trecho_critico_hid": true, "RAHID": 1, "hazard": "hidro" }, "geometry": { "type": "LineString", "coordinates": [ [ -45.875784329157028, -23.757973152576763, 0.0 ], [ -45.876400485034985, -23.757608102182925, 0.0 ], [ -45.876749527975562, -23.757449881098839, 0.0 ], [ -45.877799474769816, -23.756042244987395, 0.0 ], [ -45.878602590700822, -23.75569449610536, 0.0 ], [ -45.878865158512426, -23.755698059495074, 0.0 ] ] } },
{ "type": "Feature", "properties": { "ua_id": "UA-R4-BER-10K-011", "regiao_id": 4, "regiao_nome": "Santos-Bertioga", "sigla_rodovia": "SP-055", "escala": "10K", "tipo": "UTB", "extensao_km": 0.4206, "ordem_no_grupo": 11, "km_inicial": 195.502, "km_final": 195.912, "subtrecho_der": "055SPE3431", "municipio": "Bertioga", "regional": "Cubatão", "residencia_dr": "DR 05", "uba_nome": "Cubatão", "uba_codigo": "RC 05.04", "jurisdicao": "Estadual", "conservado_por": "05.04", "centroide_lon": -45.880798, "centroide_lat": -23.755811, "buffer_lateral_m": 1000, "icc_hid_thresholds": "150;200;230;300", "trecho_critico_hid": true, "RAHID": 1, "hazard": "hidro" }, "geometry": { "type": "LineString", "coordinates": [ [ -45.878865158512426, -23.755698059495074, 0.0 ], [ -45.879099272230107, -23.755701236348727, 0.0 ], [ -45.880458693299559, -23.756125885521023, 0.0 ], [ -45.881202276971919, -23.7560802986971, 0.0 ], [ -45.881844368148641, -23.75570191942823, 0.0 ], [ -45.88251388649816, -23.755082024007571, 0.0 ] ] } },
{ "type": "Feature", "properties": { "ua_id": "UA-R4-BER-10K-012", "regiao_id": 4, "regiao_nome": "Santos-Bertioga", "sigla_rodovia": "SP-055", "escala": "10K", "tipo": "UTB", "extensao_km": 0.4206, "ordem_no_grupo": 12, "km_inicial": 195.912, "km_final": 196.322, "subtrecho_der": "055SPE3431", "municipio": "Bertioga", "regional": "Cubatão", "residencia_dr": "DR 05", "uba_nome": "Cubatão", "uba_codigo": "RC 05.04", "jurisdicao": "Estadual", "conservado_por": "05.04", "centroide_lon": -45.884167, "centroide_lat": -23.753965, "buffer_lateral_m": 1000, "icc_hid_thresholds": "150;200;230;300", "trecho_critico_hid": true, "RAHID": 1, "hazard": "hidro" }, "geometry": { "type": "LineString", "coordinates": [ [ -45.88251388649816, -23.755082024007571, 0.0 ], [ -45.883061956341749, -23.754574569224797, 0.0 ], [ -45.885911242235281, -23.752953659101763, 0.0 ] ] } },
{ "type": "Feature", "properties": { "ua_id": "UA-R4-BER-10K-013", "regiao_id": 4, "regiao_nome": "Santos-Bertioga", "sigla_rodovia": "SP-055", "escala": "10K", "tipo": "UTB", "extensao_km": 0.4206, "ordem_no_grupo": 13, "km_inicial": 196.322, "km_final": 196.732, "subtrecho_der": "055SPE3431", "municipio": "Bertioga", "regional": "Cubatão", "residencia_dr": "DR 05", "uba_nome": "Cubatão", "uba_codigo": "RC 05.04", "jurisdicao": "Estadual", "conservado_por": "05.04", "centroide_lon": -45.887667, "centroide_lat": -23.751955, "buffer_lateral_m": 1000, "icc_hid_thresholds": "150;200;230;300", "trecho_critico_hid": true, "RAHID": 1, "hazard": "hidro" }, "geometry": { "type": "LineString", "coordinates": [ [ -45.885911242235281, -23.752953659101763, 0.0 ], [ -45.889323960710072, -23.751012101273645, 0.0 ], [ -45.889433541239541, -23.750980272369016, 0.0 ] ] } },
{ "type": "Feature", "properties": { "ua_id": "UA-R4-BER-10K-014", "regiao_id": 4, "regiao_nome": "Santos-Bertioga", "sigla_rodovia": "SP-055", "escala": "10K", "tipo": "UTB", "extensao_km": 0.4206, "ordem_no_grupo": 14, "km_inicial": 196.732, "km_final": 197.142, "subtrecho_der": "055SPE3431", "municipio": "Bertioga", "regional": "Cubatão", "residencia_dr": "DR 05", "uba_nome": "Cubatão", "uba_codigo": "RC 05.04", "jurisdicao": "Estadual", "conservado_por": "05.04", "centroide_lon": -45.89144, "centroide_lat": -23.750796, "buffer_lateral_m": 1000, "icc_hid_thresholds": "150;200;230;300", "trecho_critico_hid": true, "RAHID": 1, "hazard": "hidro" }, "geometry": { "type": "LineString", "coordinates": [ [ -45.889433541239541, -23.750980272369016, 0.0 ], [ -45.890538712860682, -23.750659257599551, 0.0 ], [ -45.891733431040983, -23.750674836762578, 0.0 ], [ -45.893456268768077, -23.751060700841879, 0.0 ] ] } },
{ "type": "Feature", "properties": { "ua_id": "UA-R4-BER-10K-015", "regiao_id": 4, "regiao_nome": "Santos-Bertioga", "sigla_rodovia": "SP-055", "escala": "10K", "tipo": "UTB", "extensao_km": 0.4206, "ordem_no_grupo": 15, "km_inicial": 197.142, "km_final": 197.553, "subtrecho_der": "055SPE3431", "municipio": "Bertioga", "regional": "Cubatão", "residencia_dr": "DR 05", "uba_nome": "Cubatão", "uba_codigo": "RC 05.04", "jurisdicao": "Estadual", "conservado_por": "05.04", "centroide_lon": -45.895451, "centroide_lat": -23.751536, "buffer_lateral_m": 1000, "icc_hid_thresholds": "150;200;230;300", "trecho_critico_hid": true, "RAHID": 1, "hazard": "hidro" }, "geometry": { "type": "LineString", "coordinates": [ [ -45.893456268768077, -23.751060700841879, 0.0 ], [ -45.896381618567005, -23.751715842005041, 0.0 ], [ -45.897390725192139, -23.752154901361983, 0.0 ] ] } },
{ "type": "Feature", "properties": { "ua_id": "UA-R4-BER-10K-016", "regiao_id": 4, "regiao_nome": "Santos-Bertioga", "sigla_rodovia": "SP-055", "escala": "10K", "tipo": "UTB", "extensao_km": 0.4206, "ordem_no_grupo": 16, "km_inicial": 197.553, "km_final": 197.963, "subtrecho_der": "055SPE3431", "municipio": "Bertioga", "regional": "Cubatão", "residencia_dr": "DR 05", "uba_nome": "Cubatão", "uba_codigo": "RC 05.04", "jurisdicao": "Estadual", "conservado_por": "05.04", "centroide_lon": -45.898564, "centroide_lat": -23.753696, "buffer_lateral_m": 1000, "icc_hid_thresholds": "150;200;230;300", "trecho_critico_hid": true, "RAHID": 1, "hazard": "hidro" }, "geometry": { "type": "LineString", "coordinates": [ [ -45.897390725192139, -23.752154901361983, 0.0 ], [ -45.897428112663349, -23.752171168355869, 0.0 ], [ -45.898180130341991, -23.752968990288011, 0.0 ], [ -45.899231848987, -23.754823590525355, 0.0 ], [ -45.899685761503434, -23.755271158941714, 0.0 ] ] } },
{ "type": "Feature", "properties": { "ua_id": "UA-R4-BER-10K-017", "regiao_id": 4, "regiao_nome": "Santos-Bertioga", "sigla_rodovia": "SP-055", "escala": "10K", "tipo": "UTB", "extensao_km": 0.4206, "ordem_no_grupo": 17, "km_inicial": 197.963, "km_final": 198.373, "subtrecho_der": "055SPE3431", "municipio": "Bertioga", "regional": "Cubatão", "residencia_dr": "DR 05", "uba_nome": "Cubatão", "uba_codigo": "RC 05.04", "jurisdicao": "Estadual", "conservado_por": "05.04", "centroide_lon": -45.90147, "centroide_lat": -23.756177, "buffer_lateral_m": 1000, "icc_hid_thresholds": "150;200;230;300", "trecho_critico_hid": true, "RAHID": 1, "hazard": "hidro" }, "geometry": { "type": "LineString", "coordinates": [ [ -45.899685761503434, -23.755271158941714, 0.0 ], [ -45.899978869339456, -23.755560167759217, 0.0 ], [ -45.901965415308347, -23.756414131952933, 0.0 ], [ -45.903362142081626, -23.756929897335173, 0.0 ] ] } },
{ "type": "Feature", "properties": { "ua_id": "UA-R4-BER-10K-018", "regiao_id": 4, "regiao_nome": "Santos-Bertioga", "sigla_rodovia": "SP-055", "escala": "10K", "tipo": "UTB", "extensao_km": 0.4206, "ordem_no_grupo": 18, "km_inicial": 198.373, "km_final": 198.783, "subtrecho_der": "055SPE3431", "municipio": "Bertioga", "regional": "Cubatão", "residencia_dr": "DR 05", "uba_nome": "Cubatão", "uba_codigo": "RC 05.04", "jurisdicao": "Estadual", "conservado_por": "05.04", "centroide_lon": -45.905277, "centroide_lat": -23.757637, "buffer_lateral_m": 1000, "icc_hid_thresholds": "150;200;230;300", "trecho_critico_hid": true, "RAHID": 1, "hazard": "hidro" }, "geometry": { "type": "LineString", "coordinates": [ [ -45.903362142081626, -23.756929897335173, 0.0 ], [ -45.907192455990739, -23.758344219792146, 0.0 ] ] } },
{ "type": "Feature", "properties": { "ua_id": "UA-R4-BER-10K-019", "regiao_id": 4, "regiao_nome": "Santos-Bertioga", "sigla_rodovia": "SP-055", "escala": "10K", "tipo": "UTB", "extensao_km": 0.4206, "ordem_no_grupo": 19, "km_inicial": 198.783, "km_final": 199.193, "subtrecho_der": "055SPE3431", "municipio": "Bertioga", "regional": "Cubatão", "residencia_dr": "DR 05", "uba_nome": "Cubatão", "uba_codigo": "RC 05.04", "jurisdicao": "Estadual", "conservado_por": "05.04", "centroide_lon": -45.909108, "centroide_lat": -23.759051, "buffer_lateral_m": 1000, "icc_hid_thresholds": "150;200;230;300", "trecho_critico_hid": true, "RAHID": 1, "hazard": "hidro" }, "geometry": { "type": "LineString", "coordinates": [ [ -45.907192455990739, -23.758344219792146, 0.0 ], [ -45.911022849820839, -23.759758444496182, 0.0 ] ] } },
{ "type": "Feature", "properties": { "ua_id": "UA-R4-BER-10K-020", "regiao_id": 4, "regiao_nome": "Santos-Bertioga", "sigla_rodovia": "SP-055", "escala": "10K", "tipo": "UTB", "extensao_km": 0.4206, "ordem_no_grupo": 20, "km_inicial": 199.193, "km_final": 199.603, "subtrecho_der": "055SPE3431", "municipio": "Bertioga", "regional": "Cubatão", "residencia_dr": "DR 05", "uba_nome": "Cubatão", "uba_codigo": "RC 05.04", "jurisdicao": "Estadual", "conservado_por": "05.04", "centroide_lon": -45.912938, "centroide_lat": -23.760466, "buffer_lateral_m": 1000, "icc_hid_thresholds": "150;200;230;300", "trecho_critico_hid": true, "RAHID": 1, "hazard": "hidro" }, "geometry": { "type": "LineString", "coordinates": [ [ -45.911022849820839, -23.759758444496182, 0.0 ], [ -45.914853323561353, -23.761172571428432, 0.0 ] ] } },
{ "type": "Feature", "properties": { "ua_id": "UA-R4-BER-10K-021", "regiao_id": 4, "regiao_nome": "Santos-Bertioga", "sigla_rodovia": "SP-055", "escala": "10K", "tipo": "UTB", "extensao_km": 0.4206, "ordem_no_grupo": 21, "km_inicial": 199.603, "km_final": 200.014, "subtrecho_der": "055SPE3431", "municipio": "Bertioga", "regional": "Cubatão", "residencia_dr": "DR 05", "uba_nome": "Cubatão", "uba_codigo": "RC 05.04", "jurisdicao": "Estadual", "conservado_por": "05.04", "centroide_lon": -45.916769, "centroide_lat": -23.76188, "buffer_lateral_m": 1000, "icc_hid_thresholds": "150;200;230;300", "trecho_critico_hid": true, "RAHID": 1, "hazard": "hidro" }, "geometry": { "type": "LineString", "coordinates": [ [ -45.914853323561353, -23.761172571428432, 0.0 ], [ -45.918683877201751, -23.762586600570067, 0.0 ] ] } },
{ "type": "Feature", "properties": { "ua_id": "UA-R4-BER-10K-022", "regiao_id": 4, "regiao_nome": "Santos-Bertioga", "sigla_rodovia": "SP-055", "escala": "10K", "tipo": "UTB", "extensao_km": 0.4206, "ordem_no_grupo": 22, "km_inicial": 200.014, "km_final": 200.424, "subtrecho_der": "055SPE3431", "municipio": "Bertioga", "regional": "Cubatão", "residencia_dr": "DR 05", "uba_nome": "Cubatão", "uba_codigo": "RC 05.04", "jurisdicao": "Estadual", "conservado_por": "05.04", "centroide_lon": -45.920599, "centroide_lat": -23.763294, "buffer_lateral_m": 1000, "icc_hid_thresholds": "150;200;230;300", "trecho_critico_hid": true, "RAHID": 1, "hazard": "hidro" }, "geometry": { "type": "LineString", "coordinates": [ [ -45.918683877201751, -23.762586600570067, 0.0 ], [ -45.922514510731496, -23.764000531902237, 0.0 ] ] } },
{ "type": "Feature", "properties": { "ua_id": "UA-R4-BER-10K-023", "regiao_id": 4, "regiao_nome": "Santos-Bertioga", "sigla_rodovia": "SP-055", "escala": "10K", "tipo": "UTB", "extensao_km": 0.4206, "ordem_no_grupo": 23, "km_inicial": 200.424, "km_final": 200.834, "subtrecho_der": "055SPE3431", "municipio": "Bertioga", "regional": "Cubatão", "residencia_dr": "DR 05", "uba_nome": "Cubatão", "uba_codigo": "RC 05.04", "jurisdicao": "Estadual", "conservado_por": "05.04", "centroide_lon": -45.92443, "centroide_lat": -23.764707, "buffer_lateral_m": 1000, "icc_hid_thresholds": "150;200;230;300", "trecho_critico_hid": true, "RAHID": 1, "hazard": "hidro" }, "geometry": { "type": "LineString", "coordinates": [ [ -45.922514510731496, -23.764000531902237, 0.0 ], [ -45.926345224140022, -23.765414365406123, 0.0 ] ] } },
{ "type": "Feature", "properties": { "ua_id": "UA-R4-BER-10K-024", "regiao_id": 4, "regiao_nome": "Santos-Bertioga", "sigla_rodovia": "SP-055", "escala": "10K", "tipo": "UTB", "extensao_km": 0.4206, "ordem_no_grupo": 24, "km_inicial": 200.834, "km_final": 201.244, "subtrecho_der": "055SPE3431", "municipio": "Bertioga", "regional": "Cubatão", "residencia_dr": "DR 05", "uba_nome": "Cubatão", "uba_codigo": "RC 05.04", "jurisdicao": "Estadual", "conservado_por": "05.04", "centroide_lon": -45.928261, "centroide_lat": -23.766121, "buffer_lateral_m": 1000, "icc_hid_thresholds": "150;200;230;300", "trecho_critico_hid": true, "RAHID": 1, "hazard": "hidro" }, "geometry": { "type": "LineString", "coordinates": [ [ -45.926345224140022, -23.765414365406123, 0.0 ], [ -45.930176017416777, -23.766828101062888, 0.0 ] ] } },
{ "type": "Feature", "properties": { "ua_id": "UA-R4-BER-10K-025", "regiao_id": 4, "regiao_nome": "Santos-Bertioga", "sigla_rodovia": "SP-055", "escala": "10K", "tipo": "UTB", "extensao_km": 0.4206, "ordem_no_grupo": 25, "km_inicial": 201.244, "km_final": 201.654, "subtrecho_der": "055SPE3431", "municipio": "Bertioga", "regional": "Cubatão", "residencia_dr": "DR 05", "uba_nome": "Cubatão", "uba_codigo": "RC 05.04", "jurisdicao": "Estadual", "conservado_por": "05.04", "centroide_lon": -45.932091, "centroide_lat": -23.767535, "buffer_lateral_m": 1000, "icc_hid_thresholds": "150;200;230;300", "trecho_critico_hid": true, "RAHID": 1, "hazard": "hidro" }, "geometry": { "type": "LineString", "coordinates": [ [ -45.930176017416777, -23.766828101062888, 0.0 ], [ -45.93400689055121, -23.768241738853696, 0.0 ] ] } },
{ "type": "Feature", "properties": { "ua_id": "UA-R4-BER-10K-026", "regiao_id": 4, "regiao_nome": "Santos-Bertioga", "sigla_rodovia": "SP-055", "escala": "10K", "tipo": "UTB", "extensao_km": 0.4206, "ordem_no_grupo": 26, "km_inicial": 201.654, "km_final": 202.065, "subtrecho_der": "055SPE3431", "municipio": "Bertioga", "regional": "Cubatão", "residencia_dr": "DR 05", "uba_nome": "Cubatão", "uba_codigo": "RC 05.04", "jurisdicao": "Estadual", "conservado_por": "05.04", "centroide_lon": -45.935922, "centroide_lat": -23.768949, "buffer_lateral_m": 1000, "icc_hid_thresholds": "150;200;230;300", "trecho_critico_hid": true, "RAHID": 1, "hazard": "hidro" }, "geometry": { "type": "LineString", "coordinates": [ [ -45.93400689055121, -23.768241738853696, 0.0 ], [ -45.935239363168414, -23.768696508846368, 0.0 ], [ -45.937837788900609, -23.769655404168891, 0.0 ] ] } },
{ "type": "Feature", "properties": { "ua_id": "UA-R4-BER-10K-027", "regiao_id": 4, "regiao_nome": "Santos-Bertioga", "sigla_rodovia": "SP-055", "escala": "10K", "tipo": "UTB", "extensao_km": 0.4206, "ordem_no_grupo": 27, "km_inicial": 202.065, "km_final": 202.475, "subtrecho_der": "055SPE3431", "municipio": "Bertioga", "regional": "Cubatão", "residencia_dr": "DR 05", "uba_nome": "Cubatão", "uba_codigo": "RC 05.04", "jurisdicao": "Estadual", "conservado_por": "05.04", "centroide_lon": -45.939753, "centroide_lat": -23.770362, "buffer_lateral_m": 1000, "icc_hid_thresholds": "150;200;230;300", "trecho_critico_hid": true, "RAHID": 1, "hazard": "hidro" }, "geometry": { "type": "LineString", "coordinates": [ [ -45.937837788900609, -23.769655404168891, 0.0 ], [ -45.941668741181864, -23.771069031066361, 0.0 ] ] } },
{ "type": "Feature", "properties": { "ua_id": "UA-R4-BER-10K-028", "regiao_id": 4, "regiao_nome": "Santos-Bertioga", "sigla_rodovia": "SP-055", "escala": "10K", "tipo": "UTB", "extensao_km": 0.4206, "ordem_no_grupo": 28, "km_inicial": 202.475, "km_final": 202.885, "subtrecho_der": "055SPE3431", "municipio": "Bertioga", "regional": "Cubatão", "residencia_dr": "DR 05", "uba_nome": "Cubatão", "uba_codigo": "RC 05.04", "jurisdicao": "Estadual", "conservado_por": "05.04", "centroide_lon": -45.943584, "centroide_lat": -23.771776, "buffer_lateral_m": 1000, "icc_hid_thresholds": "150;200;230;300", "trecho_critico_hid": true, "RAHID": 1, "hazard": "hidro" }, "geometry": { "type": "LineString", "coordinates": [ [ -45.941668741181864, -23.771069031066361, 0.0 ], [ -45.945499773298486, -23.772482560045024, 0.0 ] ] } },
{ "type": "Feature", "properties": { "ua_id": "UA-R4-BER-10K-029", "regiao_id": 4, "regiao_nome": "Santos-Bertioga", "sigla_rodovia": "SP-055", "escala": "10K", "tipo": "UTB", "extensao_km": 0.4206, "ordem_no_grupo": 29, "km_inicial": 202.885, "km_final": 203.295, "subtrecho_der": "055SPE3431", "municipio": "Bertioga", "regional": "Cubatão", "residencia_dr": "DR 05", "uba_nome": "Cubatão", "uba_codigo": "RC 05.04", "jurisdicao": "Estadual", "conservado_por": "05.04", "centroide_lon": -45.947461, "centroide_lat": -23.77304, "buffer_lateral_m": 1000, "icc_hid_thresholds": "150;200;230;300", "trecho_critico_hid": true, "RAHID": 1, "hazard": "hidro" }, "geometry": { "type": "LineString", "coordinates": [ [ -45.945499773298486, -23.772482560045024, 0.0 ], [ -45.94685457135634, -23.772982406940248, 0.0 ], [ -45.947997070607805, -23.773225387936691, 0.0 ], [ -45.949485465026946, -23.773357134102248, 0.0 ] ] } },
{ "type": "Feature", "properties": { "ua_id": "UA-R4-BER-10K-030", "regiao_id": 4, "regiao_nome": "Santos-Bertioga", "sigla_rodovia": "SP-055", "escala": "10K", "tipo": "UTB", "extensao_km": 0.4206, "ordem_no_grupo": 30, "km_inicial": 203.295, "km_final": 203.705, "subtrecho_der": "055SPE3431", "municipio": "Bertioga", "regional": "Cubatão", "residencia_dr": "DR 05", "uba_nome": "Cubatão", "uba_codigo": "RC 05.04", "jurisdicao": "Estadual", "conservado_por": "05.04", "centroide_lon": -45.95154, "centroide_lat": -23.773535, "buffer_lateral_m": 1000, "icc_hid_thresholds": "150;200;230;300", "trecho_critico_hid": true, "RAHID": 1, "hazard": "hidro" }, "geometry": { "type": "LineString", "coordinates": [ [ -45.949485465026946, -23.773357134102248, 0.0 ], [ -45.952388025964403, -23.773614013923229, 0.0 ], [ -45.953596389983481, -23.773694724760215, 0.0 ] ] } },
{ "type": "Feature", "properties": { "ua_id": "UA-R4-BER-10K-031", "regiao_id": 4, "regiao_nome": "Santos-Bertioga", "sigla_rodovia": "SP-055", "escala": "10K", "tipo": "UTB", "extensao_km": 0.4206, "ordem_no_grupo": 31, "km_inicial": 203.705, "km_final": 204.115, "subtrecho_der": "055SPE3431", "municipio": "Bertioga", "regional": "Cubatão", "residencia_dr": "DR 05", "uba_nome": "Cubatão", "uba_codigo": "RC 05.04", "jurisdicao": "Estadual", "conservado_por": "05.04", "centroide_lon": -45.95565, "centroide_lat": -23.773806, "buffer_lateral_m": 1000, "icc_hid_thresholds": "150;200;230;300", "trecho_critico_hid": true, "RAHID": 1, "hazard": "hidro" }, "geometry": { "type": "LineString", "coordinates": [ [ -45.953596389983481, -23.773694724760215, 0.0 ], [ -45.953770986839785, -23.77370638589948, 0.0 ], [ -45.954217426813393, -23.773715457016831, 0.0 ], [ -45.954595532242131, -23.773764952671723, 0.0 ], [ -45.955347011428174, -23.77372129647506, 0.0 ], [ -45.957698175609842, -23.774003006927128, 0.0 ] ] } },
{ "type": "Feature", "properties": { "ua_id": "UA-R4-BER-10K-032", "regiao_id": 4, "regiao_nome": "Santos-Bertioga", "sigla_rodovia": "SP-055", "escala": "10K", "tipo": "UTB", "extensao_km": 0.2977, "ordem_no_grupo": 32, "km_inicial": 204.115, "km_final": 204.406, "subtrecho_der": "055SPE3431", "municipio": "Bertioga", "regional": "Cubatão", "residencia_dr": "DR 05", "uba_nome": "Cubatão", "uba_codigo": "RC 05.04", "jurisdicao": "Estadual", "conservado_por": "05.04", "centroide_lon": -45.95914, "centroide_lat": -23.774198, "buffer_lateral_m": 1000, "icc_hid_thresholds": "150;200;230;300", "trecho_critico_hid": true, "RAHID": 1, "hazard": "hidro" }, "geometry": { "type": "LineString", "coordinates": [ [ -45.957698175609842, -23.774003006927128, 0.0 ], [ -45.959915855252007, -23.774268689519353, 0.0 ], [ -45.96053829224288, -23.774532664028825, 0.0 ] ] } },
{ "type": "Feature", "properties": { "ua_id": "UA-R4-BER-10K-033", "regiao_id": 4, "regiao_nome": "Santos-Bertioga", "sigla_rodovia": "SP-055", "escala": "10K", "tipo": "UTB", "extensao_km": 0.4206, "ordem_no_grupo": 33, "km_inicial": 210.299, "km_final": 210.709, "subtrecho_der": "055SPE3431", "municipio": "Bertioga", "regional": "Cubatão", "residencia_dr": "DR 05", "uba_nome": "Cubatão", "uba_codigo": "RC 05.04", "jurisdicao": "Estadual", "conservado_por": "05.04", "centroide_lon": -46.019234, "centroide_lat": -23.784858, "buffer_lateral_m": 1000, "icc_hid_thresholds": "150;200;230;300", "trecho_critico_hid": true, "RAHID": 1, "hazard": "hidro" }, "geometry": { "type": "LineString", "coordinates": [ [ -46.017271483081835, -23.784270776978193, 0.0 ], [ -46.021197181581392, -23.785444732365285, 0.0 ] ] } },
{ "type": "Feature", "properties": { "ua_id": "UA-R4-BER-10K-034", "regiao_id": 4, "regiao_nome": "Santos-Bertioga", "sigla_rodovia": "SP-055", "escala": "10K", "tipo": "UTB", "extensao_km": 0.4206, "ordem_no_grupo": 34, "km_inicial": 210.709, "km_final": 211.119, "subtrecho_der": "055SPE3431", "municipio": "Bertioga", "regional": "Cubatão", "residencia_dr": "DR 05", "uba_nome": "Cubatão", "uba_codigo": "RC 05.04", "jurisdicao": "Estadual", "conservado_por": "05.04", "centroide_lon": -46.02316, "centroide_lat": -23.786032, "buffer_lateral_m": 1000, "icc_hid_thresholds": "150;200;230;300", "trecho_critico_hid": true, "RAHID": 1, "hazard": "hidro" }, "geometry": { "type": "LineString", "coordinates": [ [ -46.021197181581392, -23.785444732365285, 0.0 ], [ -46.025122946992262, -23.786618585306663, 0.0 ] ] } },
{ "type": "Feature", "properties": { "ua_id": "UA-R4-BER-10K-035", "regiao_id": 4, "regiao_nome": "Santos-Bertioga", "sigla_rodovia": "SP-055", "escala": "10K", "tipo": "UTB", "extensao_km": 0.4206, "ordem_no_grupo": 35, "km_inicial": 211.119, "km_final": 211.533, "subtrecho_der": "055SPE3431", "municipio": "Bertioga", "regional": "Cubatão", "residencia_dr": "DR 05", "uba_nome": "Cubatão", "uba_codigo": "RC 05.04", "jurisdicao": "Estadual", "conservado_por": "05.04", "centroide_lon": -46.027107, "centroide_lat": -23.78711, "buffer_lateral_m": 1000, "icc_hid_thresholds": "150;200;230;300", "trecho_critico_hid": true, "RAHID": 1, "hazard": "hidro" }, "geometry": { "type": "LineString", "coordinates": [ [ -46.025122946992262, -23.786618585306663, 0.0 ], [ -46.026480678053709, -23.78702453536911, 0.0 ], [ -46.027866503013456, -23.787191479901264, 0.0 ], [ -46.028533933043711, -23.787447974972327, 0.0 ], [ -46.029059130905502, -23.78767291479809, 0.0 ] ] } },
{ "type": "Feature", "properties": { "ua_id": "UA-R4-BER-10K-036", "regiao_id": 4, "regiao_nome": "Santos-Bertioga", "sigla_rodovia": "SP-055", "escala": "10K", "tipo": "UTB", "extensao_km": 0.4206, "ordem_no_grupo": 36, "km_inicial": 211.533, "km_final": 211.953, "subtrecho_der": "055SPE1511", "municipio": "Bertioga", "regional": "Cubatão", "residencia_dr": "DR 05", "uba_nome": "Cubatão", "uba_codigo": "RC 05.04", "jurisdicao": "Estadual", "conservado_por": "Novo Litoral", "centroide_lon": -46.030979, "centroide_lat": -23.788361, "buffer_lateral_m": 1000, "icc_hid_thresholds": "150;200;230;300", "trecho_critico_hid": true, "RAHID": 1, "hazard": "hidro" }, "geometry": { "type": "LineString", "coordinates": [ [ -46.029059130905502, -23.78767291479809, 0.0 ], [ -46.030007086335303, -23.788078913146421, 0.0 ], [ -46.032932804999305, -23.788971372651474, 0.0 ] ] } },
{ "type": "Feature", "properties": { "ua_id": "UA-R4-BER-10K-037", "regiao_id": 4, "regiao_nome": "Santos-Bertioga", "sigla_rodovia": "SP-055", "escala": "10K", "tipo": "UTB", "extensao_km": 0.4206, "ordem_no_grupo": 37, "km_inicial": 211.953, "km_final": 212.373, "subtrecho_der": "055SPE1511", "municipio": "Bertioga", "regional": "Cubatão", "residencia_dr": "DR 05", "uba_nome": "Cubatão", "uba_codigo": "RC 05.04", "jurisdicao": "Estadual", "conservado_por": "Novo Litoral", "centroide_lon": -46.034892, "centroide_lat": -23.789569, "buffer_lateral_m": 1000, "icc_hid_thresholds": "150;200;230;300", "trecho_critico_hid": true, "RAHID": 1, "hazard": "hidro" }, "geometry": { "type": "LineString", "coordinates": [ [ -46.032932804999305, -23.788971372651474, 0.0 ], [ -46.036851077835188, -23.790166492955237, 0.0 ] ] } },
{ "type": "Feature", "properties": { "ua_id": "UA-R4-BER-10K-038", "regiao_id": 4, "regiao_nome": "Santos-Bertioga", "sigla_rodovia": "SP-055", "escala": "10K", "tipo": "UTB", "extensao_km": 0.4206, "ordem_no_grupo": 38, "km_inicial": 212.373, "km_final": 212.794, "subtrecho_der": "055SPE1511", "municipio": "Bertioga", "regional": "Cubatão", "residencia_dr": "DR 05", "uba_nome": "Cubatão", "uba_codigo": "RC 05.04", "jurisdicao": "Estadual", "conservado_por": "Novo Litoral", "centroide_lon": -46.03881, "centroide_lat": -23.790764, "buffer_lateral_m": 1000, "icc_hid_thresholds": "150;200;230;300", "trecho_critico_hid": true, "RAHID": 1, "hazard": "hidro" }, "geometry": { "type": "LineString", "coordinates": [ [ -46.036851077835188, -23.790166492955237, 0.0 ], [ -46.040769418710887, -23.791361511092241, 0.0 ] ] } },
{ "type": "Feature", "properties": { "ua_id": "UA-R4-BER-10K-039", "regiao_id": 4, "regiao_nome": "Santos-Bertioga", "sigla_rodovia": "SP-055", "escala": "10K", "tipo": "UTB", "extensao_km": 0.4206, "ordem_no_grupo": 39, "km_inicial": 212.794, "km_final": 213.214, "subtrecho_der": "055SPE1511", "municipio": "Bertioga", "regional": "Cubatão", "residencia_dr": "DR 05", "uba_nome": "Cubatão", "uba_codigo": "RC 05.04", "jurisdicao": "Estadual", "conservado_por": "Novo Litoral", "centroide_lon": -46.042729, "centroide_lat": -23.791959, "buffer_lateral_m": 1000, "icc_hid_thresholds": "150;200;230;300", "trecho_critico_hid": true, "RAHID": 1, "hazard": "hidro" }, "geometry": { "type": "LineString", "coordinates": [ [ -46.040769418710887, -23.791361511092241, 0.0 ], [ -46.04468782761186, -23.792556427045891, 0.0 ] ] } },
{ "type": "Feature", "properties": { "ua_id": "UA-R4-BER-10K-040", "regiao_id": 4, "regiao_nome": "Santos-Bertioga", "sigla_rodovia": "SP-055", "escala": "10K", "tipo": "UTB", "extensao_km": 0.4206, "ordem_no_grupo": 40, "km_inicial": 213.214, "km_final": 213.634, "subtrecho_der": "055SPE1511", "municipio": "Bertioga", "regional": "Cubatão", "residencia_dr": "DR 05", "uba_nome": "Cubatão", "uba_codigo": "RC 05.04", "jurisdicao": "Estadual", "conservado_por": "Novo Litoral", "centroide_lon": -46.046647, "centroide_lat": -23.793154, "buffer_lateral_m": 1000, "icc_hid_thresholds": "150;200;230;300", "trecho_critico_hid": true, "RAHID": 1, "hazard": "hidro" }, "geometry": { "type": "LineString", "coordinates": [ [ -46.04468782761186, -23.792556427045891, 0.0 ], [ -46.048606304523538, -23.79375124079959, 0.0 ] ] } },
{ "type": "Feature", "properties": { "ua_id": "UA-R4-BER-10K-041", "regiao_id": 4, "regiao_nome": "Santos-Bertioga", "sigla_rodovia": "SP-055", "escala": "10K", "tipo": "UTB", "extensao_km": 0.4206, "ordem_no_grupo": 41, "km_inicial": 213.634, "km_final": 214.055, "subtrecho_der": "055SPE1511", "municipio": "Bertioga", "regional": "Cubatão", "residencia_dr": "DR 05", "uba_nome": "Cubatão", "uba_codigo": "RC 05.04", "jurisdicao": "Estadual", "conservado_por": "Novo Litoral", "centroide_lon": -46.050566, "centroide_lat": -23.794349, "buffer_lateral_m": 1000, "icc_hid_thresholds": "150;200;230;300", "trecho_critico_hid": true, "RAHID": 1, "hazard": "hidro" }, "geometry": { "type": "LineString", "coordinates": [ [ -46.048606304523538, -23.79375124079959, 0.0 ], [ -46.052524849431371, -23.794945952336764, 0.0 ] ] } },
{ "type": "Feature", "properties": { "ua_id": "UA-R4-BER-10K-042", "regiao_id": 4, "regiao_nome": "Santos-Bertioga", "sigla_rodovia": "SP-055", "escala": "10K", "tipo": "UTB", "extensao_km": 0.4206, "ordem_no_grupo": 42, "km_inicial": 214.055, "km_final": 214.475, "subtrecho_der": "055SPE1511", "municipio": "Bertioga", "regional": "Cubatão", "residencia_dr": "DR 05", "uba_nome": "Cubatão", "uba_codigo": "RC 05.04", "jurisdicao": "Estadual", "conservado_por": "Novo Litoral", "centroide_lon": -46.054484, "centroide_lat": -23.795543, "buffer_lateral_m": 1000, "icc_hid_thresholds": "150;200;230;300", "trecho_critico_hid": true, "RAHID": 1, "hazard": "hidro" }, "geometry": { "type": "LineString", "coordinates": [ [ -46.052524849431371, -23.794945952336764, 0.0 ], [ -46.056443462320786, -23.796140561640801, 0.0 ] ] } },
{ "type": "Feature", "properties": { "ua_id": "UA-R4-BER-10K-043", "regiao_id": 4, "regiao_nome": "Santos-Bertioga", "sigla_rodovia": "SP-055", "escala": "10K", "tipo": "UTB", "extensao_km": 0.4206, "ordem_no_grupo": 43, "km_inicial": 214.475, "km_final": 214.884, "subtrecho_der": "055SPE6283", "municipio": "Bertioga", "regional": "Cubatão", "residencia_dr": "DR 05", "uba_nome": "Cubatão", "uba_codigo": "RC 05.04", "jurisdicao": "Estadual", "conservado_por": "Novo Litoral", "centroide_lon": -46.05842, "centroide_lat": -23.79668, "buffer_lateral_m": 1000, "icc_hid_thresholds": "150;200;230;300", "trecho_critico_hid": true, "RAHID": 1, "hazard": "hidro" }, "geometry": { "type": "LineString", "coordinates": [ [ -46.056443462320786, -23.796140561640801, 0.0 ], [ -46.058073981528359, -23.796637597584073, 0.0 ], [ -46.060328704235403, -23.797116085731759, 0.0 ], [ -46.060420462872528, -23.797143672398605, 0.0 ] ] } },
{ "type": "Feature", "properties": { "ua_id": "UA-R4-BER-10K-044", "regiao_id": 4, "regiao_nome": "Santos-Bertioga", "sigla_rodovia": "SP-055", "escala": "10K", "tipo": "UTB", "extensao_km": 0.4206, "ordem_no_grupo": 44, "km_inicial": 214.884, "km_final": 215.284, "subtrecho_der": "055SPE6283", "municipio": "Bertioga", "regional": "Cubatão", "residencia_dr": "DR 05", "uba_nome": "Cubatão", "uba_codigo": "RC 05.04", "jurisdicao": "Estadual", "conservado_por": "Novo Litoral", "centroide_lon": -46.062382, "centroide_lat": -23.797734, "buffer_lateral_m": 1000, "icc_hid_thresholds": "150;200;230;300", "trecho_critico_hid": true, "RAHID": 2, "hazard": "hidro" }, "geometry": { "type": "LineString", "coordinates": [ [ -46.060420462872528, -23.797143672398605, 0.0 ], [ -46.064344474880514, -23.798323339564359, 0.0 ] ] } },
{ "type": "Feature", "properties": { "ua_id": "UA-R4-BER-10K-045", "regiao_id": 4, "regiao_nome": "Santos-Bertioga", "sigla_rodovia": "SP-055", "escala": "10K", "tipo": "UTB", "extensao_km": 0.4206, "ordem_no_grupo": 45, "km_inicial": 215.284, "km_final": 215.684, "subtrecho_der": "055SPE6283", "municipio": "Bertioga", "regional": "Cubatão", "residencia_dr": "DR 05", "uba_nome": "Cubatão", "uba_codigo": "RC 05.04", "jurisdicao": "Estadual", "conservado_por": "Novo Litoral", "centroide_lon": -46.066307, "centroide_lat": -23.798913, "buffer_lateral_m": 1000, "icc_hid_thresholds": "150;200;230;300", "trecho_critico_hid": true, "RAHID": 2, "hazard": "hidro" }, "geometry": { "type": "LineString", "coordinates": [ [ -46.064344474880514, -23.798323339564359, 0.0 ], [ -46.068268554013585, -23.799502904212741, 0.0 ] ] } },
{ "type": "Feature", "properties": { "ua_id": "UA-R4-BER-10K-046", "regiao_id": 4, "regiao_nome": "Santos-Bertioga", "sigla_rodovia": "SP-055", "escala": "10K", "tipo": "UTB", "extensao_km": 0.4206, "ordem_no_grupo": 46, "km_inicial": 215.684, "km_final": 216.085, "subtrecho_der": "055SPE6283", "municipio": "Bertioga", "regional": "Cubatão", "residencia_dr": "DR 05", "uba_nome": "Cubatão", "uba_codigo": "RC 05.04", "jurisdicao": "Estadual", "conservado_por": "Novo Litoral", "centroide_lon": -46.070231, "centroide_lat": -23.800093, "buffer_lateral_m": 1000, "icc_hid_thresholds": "150;200;230;300", "trecho_critico_hid": true, "RAHID": 2, "hazard": "hidro" }, "geometry": { "type": "LineString", "coordinates": [ [ -46.068268554013585, -23.799502904212741, 0.0 ], [ -46.072192700256927, -23.800682366327347, 0.0 ] ] } },
{ "type": "Feature", "properties": { "ua_id": "UA-R4-BER-10K-047", "regiao_id": 4, "regiao_nome": "Santos-Bertioga", "sigla_rodovia": "SP-055", "escala": "10K", "tipo": "UTB", "extensao_km": 0.4206, "ordem_no_grupo": 47, "km_inicial": 216.085, "km_final": 216.485, "subtrecho_der": "055SPE6283", "municipio": "Bertioga", "regional": "Cubatão", "residencia_dr": "DR 05", "uba_nome": "Cubatão", "uba_codigo": "RC 05.04", "jurisdicao": "Estadual", "conservado_por": "Novo Litoral", "centroide_lon": -46.074158, "centroide_lat": -23.801228, "buffer_lateral_m": 1000, "icc_hid_thresholds": "150;200;230;300", "trecho_critico_hid": true, "RAHID": 2, "hazard": "hidro" }, "geometry": { "type": "LineString", "coordinates": [ [ -46.072192700256927, -23.800682366327347, 0.0 ], [ -46.073088840065282, -23.800951697628427, 0.0 ], [ -46.073465752506564, -23.800972327401297, 0.0 ], [ -46.074675229799652, -23.801316778234511, 0.0 ], [ -46.075339746109222, -23.801628194573656, 0.0 ], [ -46.076096491850372, -23.801855626809513, 0.0 ] ] } },
{ "type": "Feature", "properties": { "ua_id": "UA-R4-BER-10K-048", "regiao_id": 4, "regiao_nome": "Santos-Bertioga", "sigla_rodovia": "SP-055", "escala": "10K", "tipo": "UTB", "extensao_km": 0.4206, "ordem_no_grupo": 48, "km_inicial": 216.485, "km_final": 216.885, "subtrecho_der": "055SPE6283", "municipio": "Bertioga", "regional": "Cubatão", "residencia_dr": "DR 05", "uba_nome": "Cubatão", "uba_codigo": "RC 05.04", "jurisdicao": "Estadual", "conservado_por": "Novo Litoral", "centroide_lon": -46.078059, "centroide_lat": -23.802445, "buffer_lateral_m": 1000, "icc_hid_thresholds": "150;200;230;300", "trecho_critico_hid": true, "RAHID": 2, "hazard": "hidro" }, "geometry": { "type": "LineString", "coordinates": [ [ -46.076096491850372, -23.801855626809513, 0.0 ], [ -46.080020748914649, -23.803034949158921, 0.0 ] ] } },
{ "type": "Feature", "properties": { "ua_id": "UA-R4-BER-10K-049", "regiao_id": 4, "regiao_nome": "Santos-Bertioga", "sigla_rodovia": "SP-055", "escala": "10K", "tipo": "UTB", "extensao_km": 0.4206, "ordem_no_grupo": 49, "km_inicial": 216.885, "km_final": 217.285, "subtrecho_der": "055SPE6283", "municipio": "Bertioga", "regional": "Cubatão", "residencia_dr": "DR 05", "uba_nome": "Cubatão", "uba_codigo": "RC 05.04", "jurisdicao": "Estadual", "conservado_por": "Novo Litoral", "centroide_lon": -46.081983, "centroide_lat": -23.803625, "buffer_lateral_m": 1000, "icc_hid_thresholds": "150;200;230;300", "trecho_critico_hid": true, "RAHID": 1, "hazard": "hidro" }, "geometry": { "type": "LineString", "coordinates": [ [ -46.080020748914649, -23.803034949158921, 0.0 ], [ -46.083748571303119, -23.804155125055733, 0.0 ], [ -46.083943453764725, -23.804218549838644, 0.0 ] ] } },
{ "type": "Feature", "properties": { "ua_id": "UA-R4-BER-10K-050", "regiao_id": 4, "regiao_nome": "Santos-Bertioga", "sigla_rodovia": "SP-055", "escala": "10K", "tipo": "UTB", "extensao_km": 0.4206, "ordem_no_grupo": 50, "km_inicial": 217.285, "km_final": 217.686, "subtrecho_der": "055SPE6283", "municipio": "Bertioga", "regional": "Cubatão", "residencia_dr": "DR 05", "uba_nome": "Cubatão", "uba_codigo": "RC 05.04", "jurisdicao": "Estadual", "conservado_por": "Novo Litoral", "centroide_lon": -46.085889, "centroide_lat": -23.804852, "buffer_lateral_m": 1000, "icc_hid_thresholds": "150;200;230;300", "trecho_critico_hid": true, "RAHID": 1, "hazard": "hidro" }, "geometry": { "type": "LineString", "coordinates": [ [ -46.083943453764725, -23.804218549838644, 0.0 ], [ -46.087835508583851, -23.805485159401517, 0.0 ] ] } },
{ "type": "Feature", "properties": { "ua_id": "UA-R4-BER-10K-051", "regiao_id": 4, "regiao_nome": "Santos-Bertioga", "sigla_rodovia": "SP-055", "escala": "10K", "tipo": "UTB", "extensao_km": 0.4206, "ordem_no_grupo": 51, "km_inicial": 217.686, "km_final": 218.086, "subtrecho_der": "055SPE6283", "municipio": "Bertioga", "regional": "Cubatão", "residencia_dr": "DR 05", "uba_nome": "Cubatão", "uba_codigo": "RC 05.04", "jurisdicao": "Estadual", "conservado_por": "Novo Litoral", "centroide_lon": -46.089691, "centroide_lat": -23.806296, "buffer_lateral_m": 1000, "icc_hid_thresholds": "150;200;230;300", "trecho_critico_hid": true, "RAHID": 1, "hazard": "hidro" }, "geometry": { "type": "LineString", "coordinates": [ [ -46.087835508583851, -23.805485159401517, 0.0 ], [ -46.088879368606989, -23.805824846460361, 0.0 ], [ -46.09080013558836, -23.806852013848395, 0.0 ], [ -46.091452614305247, -23.80727713819461, 0.0 ] ] } },
{ "type": "Feature", "properties": { "ua_id": "UA-R4-BER-10K-052", "regiao_id": 4, "regiao_nome": "Santos-Bertioga", "sigla_rodovia": "SP-055", "escala": "10K", "tipo": "UTB", "extensao_km": 0.4206, "ordem_no_grupo": 52, "km_inicial": 218.086, "km_final": 218.486, "subtrecho_der": "055SPE6283", "municipio": "Bertioga", "regional": "Cubatão", "residencia_dr": "DR 05", "uba_nome": "Cubatão", "uba_codigo": "RC 05.04", "jurisdicao": "Estadual", "conservado_por": "Novo Litoral", "centroide_lon": -46.09314, "centroide_lat": -23.808371, "buffer_lateral_m": 1000, "icc_hid_thresholds": "150;200;230;300", "trecho_critico_hid": true, "RAHID": 1, "hazard": "hidro" }, "geometry": { "type": "LineString", "coordinates": [ [ -46.091452614305247, -23.80727713819461, 0.0 ], [ -46.094405597011054, -23.809201091512254, 0.0 ], [ -46.094859140624763, -23.809415752222836, 0.0 ] ] } },
{ "type": "Feature", "properties": { "ua_id": "UA-R4-BER-10K-053", "regiao_id": 4, "regiao_nome": "Santos-Bertioga", "sigla_rodovia": "SP-055", "escala": "10K", "tipo": "UTB", "extensao_km": 0.4206, "ordem_no_grupo": 53, "km_inicial": 218.486, "km_final": 218.886, "subtrecho_der": "055SPE6283", "municipio": "Bertioga", "regional": "Cubatão", "residencia_dr": "DR 05", "uba_nome": "Cubatão", "uba_codigo": "RC 05.04", "jurisdicao": "Estadual", "conservado_por": "Novo Litoral", "centroide_lon": -46.096738, "centroide_lat": -23.81019, "buffer_lateral_m": 1000, "icc_hid_thresholds": "150;200;230;300", "trecho_critico_hid": true, "RAHID": 1, "hazard": "hidro" }, "geometry": { "type": "LineString", "coordinates": [ [ -46.094859140624763, -23.809415752222836, 0.0 ], [ -46.096338213211311, -23.810115777991602, 0.0 ], [ -46.098675481861925, -23.810836928495064, 0.0 ] ] } },
{ "type": "Feature", "properties": { "ua_id": "UA-R4-BER-10K-054", "regiao_id": 4, "regiao_nome": "Santos-Bertioga", "sigla_rodovia": "SP-055", "escala": "10K", "tipo": "UTB", "extensao_km": 0.4206, "ordem_no_grupo": 54, "km_inicial": 218.886, "km_final": 219.287, "subtrecho_der": "055SPE6283", "municipio": "Bertioga", "regional": "Cubatão", "residencia_dr": "DR 05", "uba_nome": "Cubatão", "uba_codigo": "RC 05.04", "jurisdicao": "Estadual", "conservado_por": "Novo Litoral", "centroide_lon": -46.100633, "centroide_lat": -23.811441, "buffer_lateral_m": 1000, "icc_hid_thresholds": "150;200;230;300", "trecho_critico_hid": true, "RAHID": 1, "hazard": "hidro" }, "geometry": { "type": "LineString", "coordinates": [ [ -46.098675481861925, -23.810836928495064, 0.0 ], [ -46.102589794726981, -23.812044568198829, 0.0 ] ] } },
{ "type": "Feature", "properties": { "ua_id": "UA-R4-BER-10K-055", "regiao_id": 4, "regiao_nome": "Santos-Bertioga", "sigla_rodovia": "SP-055", "escala": "10K", "tipo": "UTB", "extensao_km": 0.4206, "ordem_no_grupo": 55, "km_inicial": 219.287, "km_final": 219.687, "subtrecho_der": "055SPE6283", "municipio": "Bertioga", "regional": "Cubatão", "residencia_dr": "DR 05", "uba_nome": "Cubatão", "uba_codigo": "RC 05.04", "jurisdicao": "Estadual", "conservado_por": "Novo Litoral", "centroide_lon": -46.104547, "centroide_lat": -23.812648, "buffer_lateral_m": 1000, "icc_hid_thresholds": "150;200;230;300", "trecho_critico_hid": true, "RAHID": 1, "hazard": "hidro" }, "geometry": { "type": "LineString", "coordinates": [ [ -46.102589794726981, -23.812044568198829, 0.0 ], [ -46.105860382097589, -23.813053511774449, 0.0 ], [ -46.106504155986585, -23.813252161072548, 0.0 ] ] } },
{ "type": "Feature", "properties": { "ua_id": "UA-R4-BER-10K-056", "regiao_id": 4, "regiao_nome": "Santos-Bertioga", "sigla_rodovia": "SP-055", "escala": "10K", "tipo": "UTB", "extensao_km": 0.4206, "ordem_no_grupo": 56, "km_inicial": 219.687, "km_final": 220.087, "subtrecho_der": "055SPE6283", "municipio": "Bertioga", "regional": "Cubatão", "residencia_dr": "DR 05", "uba_nome": "Cubatão", "uba_codigo": "RC 05.04", "jurisdicao": "Estadual", "conservado_por": "Novo Litoral", "centroide_lon": -46.108461, "centroide_lat": -23.813856, "buffer_lateral_m": 1000, "icc_hid_thresholds": "150;200;230;300", "trecho_critico_hid": true, "RAHID": 1, "hazard": "hidro" }, "geometry": { "type": "LineString", "coordinates": [ [ -46.106504155986585, -23.813252161072548, 0.0 ], [ -46.110418483255884, -23.81445993312261, 0.0 ] ] } },
{ "type": "Feature", "properties": { "ua_id": "UA-R4-BER-10K-057", "regiao_id": 4, "regiao_nome": "Santos-Bertioga", "sigla_rodovia": "SP-055", "escala": "10K", "tipo": "UTB", "extensao_km": 0.4206, "ordem_no_grupo": 57, "km_inicial": 220.087, "km_final": 220.49, "subtrecho_der": "055SPE6283", "municipio": "Bertioga", "regional": "Cubatão", "residencia_dr": "DR 05", "uba_nome": "Cubatão", "uba_codigo": "RC 05.04", "jurisdicao": "Estadual", "conservado_por": "Novo Litoral", "centroide_lon": -46.112376, "centroide_lat": -23.815061, "buffer_lateral_m": 1000, "icc_hid_thresholds": "150;200;230;300", "trecho_critico_hid": true, "RAHID": 1, "hazard": "hidro" }, "geometry": { "type": "LineString", "coordinates": [ [ -46.110418483255884, -23.81445993312261, 0.0 ], [ -46.112619695957484, -23.815139066672948, 0.0 ], [ -46.113965364312129, -23.815554141390578, 0.0 ], [ -46.114347554635422, -23.815613814585749, 0.0 ] ] } },
{ "type": "Feature", "properties": { "ua_id": "UA-R4-BER-10K-058", "regiao_id": 4, "regiao_nome": "Santos-Bertioga", "sigla_rodovia": "SP-055", "escala": "10K", "tipo": "UTB", "extensao_km": 0.4206, "ordem_no_grupo": 58, "km_inicial": 220.49, "km_final": 220.921, "subtrecho_der": "055SPE7167", "municipio": "Bertioga", "regional": "Cubatão", "residencia_dr": "DR 05", "uba_nome": "Cubatão", "uba_codigo": "RC 05.04", "jurisdicao": "Estadual", "conservado_por": "Novo Litoral", "centroide_lon": -46.116321, "centroide_lat": -23.816134, "buffer_lateral_m": 1000, "icc_hid_thresholds": "150;200;230;300", "trecho_critico_hid": true, "RAHID": 1, "hazard": "hidro" }, "geometry": { "type": "LineString", "coordinates": [ [ -46.114347554635422, -23.815613814585749, 0.0 ], [ -46.115109683146514, -23.815732806326945, 0.0 ], [ -46.116048246536231, -23.815970882235831, 0.0 ], [ -46.116880569745646, -23.816249331996627, 0.0 ], [ -46.118003403426137, -23.816799611186855, 0.0 ], [ -46.118215973967949, -23.8168651738264, 0.0 ] ] } },
{ "type": "Feature", "properties": { "ua_id": "UA-R4-BER-10K-059", "regiao_id": 4, "regiao_nome": "Santos-Bertioga", "sigla_rodovia": "SP-055", "escala": "10K", "tipo": "UTB", "extensao_km": 0.4206, "ordem_no_grupo": 59, "km_inicial": 220.921, "km_final": 221.351, "subtrecho_der": "055SPE7167", "municipio": "Bertioga", "regional": "Cubatão", "residencia_dr": "DR 05", "uba_nome": "Cubatão", "uba_codigo": "RC 05.04", "jurisdicao": "Estadual", "conservado_por": "Novo Litoral", "centroide_lon": -46.120173, "centroide_lat": -23.817469, "buffer_lateral_m": 1000, "icc_hid_thresholds": "150;200;230;300", "trecho_critico_hid": true, "RAHID": 2, "hazard": "hidro" }, "geometry": { "type": "LineString", "coordinates": [ [ -46.118215973967949, -23.8168651738264, 0.0 ], [ -46.122130565643559, -23.818072477197461, 0.0 ] ] } },
{ "type": "Feature", "properties": { "ua_id": "UA-R4-BER-10K-060", "regiao_id": 4, "regiao_nome": "Santos-Bertioga", "sigla_rodovia": "SP-055", "escala": "10K", "tipo": "UTB", "extensao_km": 0.4206, "ordem_no_grupo": 60, "km_inicial": 221.351, "km_final": 221.781, "subtrecho_der": "055SPE7167", "municipio": "Bertioga", "regional": "Cubatão", "residencia_dr": "DR 05", "uba_nome": "Cubatão", "uba_codigo": "RC 05.04", "jurisdicao": "Estadual", "conservado_por": "Novo Litoral", "centroide_lon": -46.124088, "centroide_lat": -23.818676, "buffer_lateral_m": 1000, "icc_hid_thresholds": "150;200;230;300", "trecho_critico_hid": true, "RAHID": 1, "hazard": "hidro" }, "geometry": { "type": "LineString", "coordinates": [ [ -46.122130565643559, -23.818072477197461, 0.0 ], [ -46.126045225841914, -23.819279678263779, 0.0 ] ] } },
{ "type": "Feature", "properties": { "ua_id": "UA-R4-BER-10K-061", "regiao_id": 4, "regiao_nome": "Santos-Bertioga", "sigla_rodovia": "SP-055", "escala": "10K", "tipo": "UTB", "extensao_km": 0.4206, "ordem_no_grupo": 61, "km_inicial": 221.781, "km_final": 222.212, "subtrecho_der": "055SPE7167", "municipio": "Bertioga", "regional": "Cubatão", "residencia_dr": "DR 05", "uba_nome": "Cubatão", "uba_codigo": "RC 05.04", "jurisdicao": "Estadual", "conservado_por": "Novo Litoral", "centroide_lon": -46.12797, "centroide_lat": -23.819947, "buffer_lateral_m": 1000, "icc_hid_thresholds": "150;200;230;300", "trecho_critico_hid": true, "RAHID": 1, "hazard": "hidro" }, "geometry": { "type": "LineString", "coordinates": [ [ -46.126045225841914, -23.819279678263779, 0.0 ], [ -46.128273276713124, -23.819966708417461, 0.0 ], [ -46.129278493765824, -23.820474302924062, 0.0 ], [ -46.129769970408333, -23.820840144928866, 0.0 ] ] } },
{ "type": "Feature", "properties": { "ua_id": "UA-R4-BER-10K-062", "regiao_id": 4, "regiao_nome": "Santos-Bertioga", "sigla_rodovia": "SP-055", "escala": "10K", "tipo": "UTB", "extensao_km": 0.4206, "ordem_no_grupo": 62, "km_inicial": 222.212, "km_final": 222.642, "subtrecho_der": "055SPE7167", "municipio": "Bertioga", "regional": "Cubatão", "residencia_dr": "DR 05", "uba_nome": "Cubatão", "uba_codigo": "RC 05.04", "jurisdicao": "Estadual", "conservado_por": "Novo Litoral", "centroide_lon": -46.131317, "centroide_lat": -23.822094, "buffer_lateral_m": 1000, "icc_hid_thresholds": "150;200;230;300", "trecho_critico_hid": true, "RAHID": 1, "hazard": "hidro" }, "geometry": { "type": "LineString", "coordinates": [ [ -46.129769970408333, -23.820840144928866, 0.0 ], [ -46.131029629438459, -23.821777784265059, 0.0 ], [ -46.132788914630652, -23.823422790076531, 0.0 ] ] } },
{ "type": "Feature", "properties": { "ua_id": "UA-R4-BER-10K-063", "regiao_id": 4, "regiao_nome": "Santos-Bertioga", "sigla_rodovia": "SP-055", "escala": "10K", "tipo": "UTB", "extensao_km": 0.4206, "ordem_no_grupo": 63, "km_inicial": 222.642, "km_final": 223.072, "subtrecho_der": "055SPE7167", "municipio": "Bertioga", "regional": "Cubatão", "residencia_dr": "DR 05", "uba_nome": "Cubatão", "uba_codigo": "RC 05.04", "jurisdicao": "Estadual", "conservado_por": "Novo Litoral", "centroide_lon": -46.134237, "centroide_lat": -23.824777, "buffer_lateral_m": 1000, "icc_hid_thresholds": "150;200;230;300", "trecho_critico_hid": true, "RAHID": 1, "hazard": "hidro" }, "geometry": { "type": "LineString", "coordinates": [ [ -46.132788914630652, -23.823422790076531, 0.0 ], [ -46.135684712388475, -23.826130344501834, 0.0 ] ] } },
{ "type": "Feature", "properties": { "ua_id": "UA-R4-BER-10K-064", "regiao_id": 4, "regiao_nome": "Santos-Bertioga", "sigla_rodovia": "SP-055", "escala": "10K", "tipo": "UTB", "extensao_km": 0.4206, "ordem_no_grupo": 64, "km_inicial": 223.072, "km_final": 223.503, "subtrecho_der": "055SPE7167", "municipio": "Bertioga", "regional": "Cubatão", "residencia_dr": "DR 05", "uba_nome": "Cubatão", "uba_codigo": "RC 05.04", "jurisdicao": "Estadual", "conservado_por": "Novo Litoral", "centroide_lon": -46.137133, "centroide_lat": -23.827484, "buffer_lateral_m": 1000, "icc_hid_thresholds": "150;200;230;300", "trecho_critico_hid": false, "RAHID": 1, "hazard": "hidro" }, "geometry": { "type": "LineString", "coordinates": [ [ -46.135684712388475, -23.826130344501834, 0.0 ], [ -46.138262012748115, -23.828539960690158, 0.0 ], [ -46.138580624727112, -23.828837844199786, 0.0 ] ] } },
{ "type": "Feature", "properties": { "ua_id": "UA-R4-BER-10K-065", "regiao_id": 4, "regiao_nome": "Santos-Bertioga", "sigla_rodovia": "SP-055", "escala": "10K", "tipo": "UTB", "extensao_km": 0.4206, "ordem_no_grupo": 65, "km_inicial": 223.503, "km_final": 223.933, "subtrecho_der": "055SPE7167", "municipio": "Bertioga", "regional": "Cubatão", "residencia_dr": "DR 05", "uba_nome": "Cubatão", "uba_codigo": "RC 05.04", "jurisdicao": "Estadual", "conservado_por": "Novo Litoral", "centroide_lon": -46.140035, "centroide_lat": -23.830185, "buffer_lateral_m": 1000, "icc_hid_thresholds": "150;200;230;300", "trecho_critico_hid": false, "RAHID": 1, "hazard": "hidro" }, "geometry": { "type": "LineString", "coordinates": [ [ -46.138580624727112, -23.828837844199786, 0.0 ], [ -46.139203489024887, -23.829420179750986, 0.0 ], [ -46.140949564284611, -23.831052618285849, 0.0 ], [ -46.141545905986753, -23.831473197869535, 0.0 ] ] } },
{ "type": "Feature", "properties": { "ua_id": "UA-R4-BER-10K-066", "regiao_id": 4, "regiao_nome": "Santos-Bertioga", "sigla_rodovia": "SP-055", "escala": "10K", "tipo": "UTB", "extensao_km": 0.4206, "ordem_no_grupo": 66, "km_inicial": 223.933, "km_final": 224.363, "subtrecho_der": "055SPE7167", "municipio": "Bertioga", "regional": "Cubatão", "residencia_dr": "DR 05", "uba_nome": "Cubatão", "uba_codigo": "RC 05.04", "jurisdicao": "Estadual", "conservado_por": "Novo Litoral", "centroide_lon": -46.14324, "centroide_lat": -23.832545, "buffer_lateral_m": 1000, "icc_hid_thresholds": "150;200;230;300", "trecho_critico_hid": false, "RAHID": 1, "hazard": "hidro" }, "geometry": { "type": "LineString", "coordinates": [ [ -46.141545905986753, -23.831473197869535, 0.0 ], [ -46.143172483517134, -23.832620341622565, 0.0 ], [ -46.144688135511444, -23.83330442904537, 0.0 ], [ -46.145061110205823, -23.833413229441465, 0.0 ] ] } },
{ "type": "Feature", "properties": { "ua_id": "UA-R4-BER-10K-067", "regiao_id": 4, "regiao_nome": "Santos-Bertioga", "sigla_rodovia": "SP-055", "escala": "10K", "tipo": "UTB", "extensao_km": 0.4206, "ordem_no_grupo": 67, "km_inicial": 224.363, "km_final": 224.794, "subtrecho_der": "055SPE7167", "municipio": "Bertioga", "regional": "Cubatão", "residencia_dr": "DR 05", "uba_nome": "Cubatão", "uba_codigo": "RC 05.04", "jurisdicao": "Estadual", "conservado_por": "Novo Litoral", "centroide_lon": -46.147059, "centroide_lat": -23.833878, "buffer_lateral_m": 1000, "icc_hid_thresholds": "150;200;230;300", "trecho_critico_hid": false, "RAHID": 1, "hazard": "hidro" }, "geometry": { "type": "LineString", "coordinates": [ [ -46.145061110205823, -23.833413229441465, 0.0 ], [ -46.146299348977692, -23.833774428020497, 0.0 ], [ -46.149083250845976, -23.834243294345697, 0.0 ] ] } },
{ "type": "Feature", "properties": { "ua_id": "UA-R4-BER-10K-068", "regiao_id": 4, "regiao_nome": "Santos-Bertioga", "sigla_rodovia": "SP-055", "escala": "10K", "tipo": "UTB", "extensao_km": 0.4206, "ordem_no_grupo": 68, "km_inicial": 224.794, "km_final": 225.224, "subtrecho_der": "055SPE7167", "municipio": "Bertioga", "regional": "Cubatão", "residencia_dr": "DR 05", "uba_nome": "Cubatão", "uba_codigo": "RC 05.04", "jurisdicao": "Estadual", "conservado_por": "Novo Litoral", "centroide_lon": -46.151114, "centroide_lat": -23.834585, "buffer_lateral_m": 1000, "icc_hid_thresholds": "150;200;230;300", "trecho_critico_hid": false, "RAHID": 1, "hazard": "hidro" }, "geometry": { "type": "LineString", "coordinates": [ [ -46.149083250845976, -23.834243294345697, 0.0 ], [ -46.153144953476932, -23.834927271560904, 0.0 ] ] } },
{ "type": "Feature", "properties": { "ua_id": "UA-R4-BER-10K-069", "regiao_id": 4, "regiao_nome": "Santos-Bertioga", "sigla_rodovia": "SP-055", "escala": "10K", "tipo": "UTB", "extensao_km": 0.4206, "ordem_no_grupo": 69, "km_inicial": 225.224, "km_final": 225.654, "subtrecho_der": "055SPE7167", "municipio": "Bertioga", "regional": "Cubatão", "residencia_dr": "DR 05", "uba_nome": "Cubatão", "uba_codigo": "RC 05.04", "jurisdicao": "Estadual", "conservado_por": "Novo Litoral", "centroide_lon": -46.155176, "centroide_lat": -23.83527, "buffer_lateral_m": 1000, "icc_hid_thresholds": "150;200;230;300", "trecho_critico_hid": false, "RAHID": 1, "hazard": "hidro" }, "geometry": { "type": "LineString", "coordinates": [ [ -46.153144953476932, -23.834927271560904, 0.0 ], [ -46.156958857077377, -23.835569415415215, 0.0 ], [ -46.157203006968572, -23.835626650464292, 0.0 ] ] } },
{ "type": "Feature", "properties": { "ua_id": "UA-R4-BER-10K-070", "regiao_id": 4, "regiao_nome": "Santos-Bertioga", "sigla_rodovia": "SP-055", "escala": "10K", "tipo": "UTB", "extensao_km": 0.4206, "ordem_no_grupo": 70, "km_inicial": 225.654, "km_final": 226.085, "subtrecho_der": "055SPE7167", "municipio": "Bertioga", "regional": "Cubatão", "residencia_dr": "DR 05", "uba_nome": "Cubatão", "uba_codigo": "RC 05.04", "jurisdicao": "Estadual", "conservado_por": "Novo Litoral", "centroide_lon": -46.15911, "centroide_lat": -23.836315, "buffer_lateral_m": 1000, "icc_hid_thresholds": "150;200;230;300", "trecho_critico_hid": false, "RAHID": 1, "hazard": "hidro" }, "geometry": { "type": "LineString", "coordinates": [ [ -46.157203006968572, -23.835626650464292, 0.0 ], [ -46.158271281983183, -23.835877076559552, 0.0 ], [ -46.160248405036249, -23.836783524806897, 0.0 ], [ -46.16086167342614, -23.837281099577506, 0.0 ] ] } },
{ "type": "Feature", "properties": { "ua_id": "UA-R4-BER-10K-071", "regiao_id": 4, "regiao_nome": "Santos-Bertioga", "sigla_rodovia": "SP-055", "escala": "10K", "tipo": "UTB", "extensao_km": 0.4206, "ordem_no_grupo": 71, "km_inicial": 226.085, "km_final": 226.515, "subtrecho_der": "055SPE7167", "municipio": "Bertioga", "regional": "Cubatão", "residencia_dr": "DR 05", "uba_nome": "Cubatão", "uba_codigo": "RC 05.04", "jurisdicao": "Estadual", "conservado_por": "Novo Litoral", "centroide_lon": -46.162292, "centroide_lat": -23.838648, "buffer_lateral_m": 1000, "icc_hid_thresholds": "150;200;230;300", "trecho_critico_hid": false, "RAHID": 1, "hazard": "hidro" }, "geometry": { "type": "LineString", "coordinates": [ [ -46.16086167342614, -23.837281099577506, 0.0 ], [ -46.161229512151266, -23.837579542118682, 0.0 ], [ -46.163689914884628, -23.840045606687788, 0.0 ] ] } },
{ "type": "Feature", "properties": { "ua_id": "UA-R4-BER-10K-072", "regiao_id": 4, "regiao_nome": "Santos-Bertioga", "sigla_rodovia": "SP-055", "escala": "10K", "tipo": "UTB", "extensao_km": 0.4206, "ordem_no_grupo": 72, "km_inicial": 226.515, "km_final": 226.945, "subtrecho_der": "055SPE7167", "municipio": "Bertioga", "regional": "Cubatão", "residencia_dr": "DR 05", "uba_nome": "Cubatão", "uba_codigo": "RC 05.04", "jurisdicao": "Estadual", "conservado_por": "Novo Litoral", "centroide_lon": -46.165086, "centroide_lat": -23.841445, "buffer_lateral_m": 1000, "icc_hid_thresholds": "150;200;230;300", "trecho_critico_hid": false, "RAHID": 1, "hazard": "hidro" }, "geometry": { "type": "LineString", "coordinates": [ [ -46.163689914884628, -23.840045606687788, 0.0 ], [ -46.166482072489089, -23.84284402319874, 0.0 ] ] } },
{ "type": "Feature", "properties": { "ua_id": "UA-R4-BER-10K-073", "regiao_id": 4, "regiao_nome": "Santos-Bertioga", "sigla_rodovia": "SP-055", "escala": "10K", "tipo": "UTB", "extensao_km": 0.4206, "ordem_no_grupo": 73, "km_inicial": 226.945, "km_final": 227.376, "subtrecho_der": "055SPE7167", "municipio": "Bertioga", "regional": "Cubatão", "residencia_dr": "DR 05", "uba_nome": "Cubatão", "uba_codigo": "RC 05.04", "jurisdicao": "Estadual", "conservado_por": "Novo Litoral", "centroide_lon": -46.167644, "centroide_lat": -23.844394, "buffer_lateral_m": 1000, "icc_hid_thresholds": "150;200;230;300", "trecho_critico_hid": false, "RAHID": 1, "hazard": "hidro" }, "geometry": { "type": "LineString", "coordinates": [ [ -46.166482072489089, -23.84284402319874, 0.0 ], [ -46.167160743490321, -23.843524188789289, 0.0 ], [ -46.167678870061984, -23.844298468001455, 0.0 ], [ -46.168365231532505, -23.845586655558915, 0.0 ], [ -46.168512170103668, -23.846100530776575, 0.0 ] ] } },
{ "type": "Feature", "properties": { "ua_id": "UA-R4-BER-10K-074", "regiao_id": 4, "regiao_nome": "Santos-Bertioga", "sigla_rodovia": "SP-055", "escala": "10K", "tipo": "UTB", "extensao_km": 0.4206, "ordem_no_grupo": 74, "km_inicial": 227.376, "km_final": 227.806, "subtrecho_der": "055SPE7167", "municipio": "Bertioga", "regional": "Cubatão", "residencia_dr": "DR 05", "uba_nome": "Cubatão", "uba_codigo": "RC 05.04", "jurisdicao": "Estadual", "conservado_por": "Novo Litoral", "centroide_lon": -46.168729, "centroide_lat": -23.847974, "buffer_lateral_m": 1000, "icc_hid_thresholds": "150;200;230;300", "trecho_critico_hid": false, "RAHID": 1, "hazard": "hidro" }, "geometry": { "type": "LineString", "coordinates": [ [ -46.168512170103668, -23.846100530776575, 0.0 ], [ -46.168696343027896, -23.846744615928571, 0.0 ], [ -46.168820517473897, -23.847916428608272, 0.0 ], [ -46.16881912316142, -23.848558824464707, 0.0 ], [ -46.168742491294203, -23.84902226232807, 0.0 ], [ -46.16863406145368, -23.849836268517688, 0.0 ], [ -46.168628455822777, -23.849859407203795, 0.0 ] ] } },
{ "type": "Feature", "properties": { "ua_id": "UA-R4-BER-10K-075", "regiao_id": 4, "regiao_nome": "Santos-Bertioga", "sigla_rodovia": "SP-055", "escala": "10K", "tipo": "UTB", "extensao_km": 0.4206, "ordem_no_grupo": 75, "km_inicial": 227.806, "km_final": 228.236, "subtrecho_der": "055SPE7167", "municipio": "Bertioga", "regional": "Cubatão", "residencia_dr": "DR 05", "uba_nome": "Cubatão", "uba_codigo": "RC 05.04", "jurisdicao": "Estadual", "conservado_por": "Novo Litoral", "centroide_lon": -46.168219, "centroide_lat": -23.851721, "buffer_lateral_m": 1000, "icc_hid_thresholds": "150;200;230;300", "trecho_critico_hid": false, "RAHID": 1, "hazard": "hidro" }, "geometry": { "type": "LineString", "coordinates": [ [ -46.168628455822777, -23.849859407203795, 0.0 ], [ -46.168359484137959, -23.850969648132619, 0.0 ], [ -46.16784446520105, -23.853587993326219, 0.0 ] ] } },
{ "type": "Feature", "properties": { "ua_id": "UA-R4-BER-10K-076", "regiao_id": 4, "regiao_nome": "Santos-Bertioga", "sigla_rodovia": "SP-055", "escala": "10K", "tipo": "UTB", "extensao_km": 0.4206, "ordem_no_grupo": 76, "km_inicial": 228.236, "km_final": 228.666, "subtrecho_der": "055SPE7167", "municipio": "Bertioga", "regional": "Cubatão", "residencia_dr": "DR 05", "uba_nome": "Cubatão", "uba_codigo": "RC 05.04", "jurisdicao": "Estadual", "conservado_por": "Novo Litoral", "centroide_lon": -46.167477, "centroide_lat": -23.855457, "buffer_lateral_m": 1000, "icc_hid_thresholds": "150;200;230;300", "trecho_critico_hid": false, "RAHID": 1, "hazard": "hidro" }, "geometry": { "type": "LineString", "coordinates": [ [ -46.16784446520105, -23.853587993326219, 0.0 ], [ -46.167109252228606, -23.857325635446252, 0.0 ] ] } },
{ "type": "Feature", "properties": { "ua_id": "UA-R4-BER-10K-077", "regiao_id": 4, "regiao_nome": "Santos-Bertioga", "sigla_rodovia": "SP-055", "escala": "10K", "tipo": "UTB", "extensao_km": 0.4206, "ordem_no_grupo": 77, "km_inicial": 228.666, "km_final": 229.097, "subtrecho_der": "055SPE7167", "municipio": "Bertioga", "regional": "Cubatão", "residencia_dr": "DR 05", "uba_nome": "Cubatão", "uba_codigo": "RC 05.04", "jurisdicao": "Estadual", "conservado_por": "Novo Litoral", "centroide_lon": -46.167029, "centroide_lat": -23.859218, "buffer_lateral_m": 1000, "icc_hid_thresholds": "150;200;230;300", "trecho_critico_hid": false, "RAHID": 1, "hazard": "hidro" }, "geometry": { "type": "LineString", "coordinates": [ [ -46.167109252228606, -23.857325635446252, 0.0 ], [ -46.167031768202037, -23.857719533908444, 0.0 ], [ -46.167007207605494, -23.860470709041905, 0.0 ], [ -46.167078189823513, -23.861114160101682, 0.0 ] ] } },
{ "type": "Feature", "properties": { "ua_id": "UA-R4-BER-10K-078", "regiao_id": 4, "regiao_nome": "Santos-Bertioga", "sigla_rodovia": "SP-055", "escala": "10K", "tipo": "UTB", "extensao_km": 0.4206, "ordem_no_grupo": 78, "km_inicial": 229.097, "km_final": 229.527, "subtrecho_der": "055SPE7167", "municipio": "Bertioga", "regional": "Cubatão", "residencia_dr": "DR 05", "uba_nome": "Cubatão", "uba_codigo": "RC 05.04", "jurisdicao": "Estadual", "conservado_por": "Novo Litoral", "centroide_lon": -46.16736, "centroide_lat": -23.862995, "buffer_lateral_m": 1000, "icc_hid_thresholds": "150;200;230;300", "trecho_critico_hid": false, "RAHID": 1, "hazard": "hidro" }, "geometry": { "type": "LineString", "coordinates": [ [ -46.167078189823513, -23.861114160101682, 0.0 ], [ -46.167106064248621, -23.861366838557888, 0.0 ], [ -46.16760798896663, -23.864621010061711, 0.0 ], [ -46.167726047112211, -23.864854599682406, 0.0 ] ] } },
{ "type": "Feature", "properties": { "ua_id": "UA-R4-BER-10K-079", "regiao_id": 4, "regiao_nome": "Santos-Bertioga", "sigla_rodovia": "SP-055", "escala": "10K", "tipo": "UTB", "extensao_km": 0.4206, "ordem_no_grupo": 79, "km_inicial": 229.527, "km_final": 229.957, "subtrecho_der": "055SPE7167", "municipio": "Bertioga", "regional": "Cubatão", "residencia_dr": "DR 05", "uba_nome": "Cubatão", "uba_codigo": "RC 05.04", "jurisdicao": "Estadual", "conservado_por": "Novo Litoral", "centroide_lon": -46.168995, "centroide_lat": -23.86632, "buffer_lateral_m": 1000, "icc_hid_thresholds": "150;200;230;300", "trecho_critico_hid": false, "RAHID": 1, "hazard": "hidro" }, "geometry": { "type": "LineString", "coordinates": [ [ -46.167726047112211, -23.864854599682406, 0.0 ], [ -46.168030696898192, -23.865457374628178, 0.0 ], [ -46.168357739813757, -23.865786899031928, 0.0 ], [ -46.170451253997832, -23.867661918595243, 0.0 ] ] } },
{ "type": "Feature", "properties": { "ua_id": "UA-R4-BER-10K-080", "regiao_id": 4, "regiao_nome": "Santos-Bertioga", "sigla_rodovia": "SP-055", "escala": "10K", "tipo": "UTB", "extensao_km": 0.4206, "ordem_no_grupo": 80, "km_inicial": 229.957, "km_final": 230.388, "subtrecho_der": "055SPE7167", "municipio": "Bertioga", "regional": "Cubatão", "residencia_dr": "DR 05", "uba_nome": "Cubatão", "uba_codigo": "RC 05.04", "jurisdicao": "Estadual", "conservado_por": "Novo Litoral", "centroide_lon": -46.172037, "centroide_lat": -23.868868, "buffer_lateral_m": 1000, "icc_hid_thresholds": "150;200;230;300", "trecho_critico_hid": false, "RAHID": 1, "hazard": "hidro" }, "geometry": { "type": "LineString", "coordinates": [ [ -46.170451253997832, -23.867661918595243, 0.0 ], [ -46.170992710448395, -23.868146850775247, 0.0 ], [ -46.172082539327668, -23.868984513940006, 0.0 ], [ -46.172639325651069, -23.869285727146679, 0.0 ], [ -46.173020140222263, -23.869474719590102, 0.0 ], [ -46.173682448116907, -23.870001133335485, 0.0 ] ] } },
{ "type": "Feature", "properties": { "ua_id": "UA-R4-BER-10K-081", "regiao_id": 4, "regiao_nome": "Santos-Bertioga", "sigla_rodovia": "SP-055", "escala": "10K", "tipo": "UTB", "extensao_km": 0.4206, "ordem_no_grupo": 81, "km_inicial": 230.388, "km_final": 230.818, "subtrecho_der": "055SPE7167", "municipio": "Bertioga", "regional": "Cubatão", "residencia_dr": "DR 05", "uba_nome": "Cubatão", "uba_codigo": "RC 05.04", "jurisdicao": "Estadual", "conservado_por": "Novo Litoral", "centroide_lon": -46.173823, "centroide_lat": -23.871757, "buffer_lateral_m": 1000, "icc_hid_thresholds": "150;200;230;300", "trecho_critico_hid": false, "RAHID": 1, "hazard": "hidro" }, "geometry": { "type": "LineString", "coordinates": [ [ -46.173682448116907, -23.870001133335485, 0.0 ], [ -46.173741092482572, -23.870047744536386, 0.0 ], [ -46.174144968157755, -23.87097880847405, 0.0 ], [ -46.17407380296936, -23.871960360629046, 0.0 ], [ -46.173462331146453, -23.872989019178249, 0.0 ], [ -46.173020157376286, -23.873386408066775, 0.0 ] ] } },
{ "type": "Feature", "properties": { "ua_id": "UA-R4-BER-10K-082", "regiao_id": 4, "regiao_nome": "Santos-Bertioga", "sigla_rodovia": "SP-055", "escala": "10K", "tipo": "UTB", "extensao_km": 0.4206, "ordem_no_grupo": 82, "km_inicial": 230.818, "km_final": 231.248, "subtrecho_der": "055SPE7167", "municipio": "Bertioga", "regional": "Cubatão", "residencia_dr": "DR 05", "uba_nome": "Cubatão", "uba_codigo": "RC 05.04", "jurisdicao": "Estadual", "conservado_por": "Novo Litoral", "centroide_lon": -46.172269, "centroide_lat": -23.875023, "buffer_lateral_m": 1000, "icc_hid_thresholds": "150;200;230;300", "trecho_critico_hid": false, "RAHID": 1, "hazard": "hidro" }, "geometry": { "type": "LineString", "coordinates": [ [ -46.173020157376286, -23.873386408066775, 0.0 ], [ -46.172649405612937, -23.873719606029539, 0.0 ], [ -46.171888444244381, -23.875120366097374, 0.0 ], [ -46.172050554994428, -23.87606524536811, 0.0 ], [ -46.172533800685336, -23.87672949720918, 0.0 ] ] } },
{ "type": "Feature", "properties": { "ua_id": "UA-R4-BER-10K-083", "regiao_id": 4, "regiao_nome": "Santos-Bertioga", "sigla_rodovia": "SP-055", "escala": "10K", "tipo": "UTB", "extensao_km": 0.4206, "ordem_no_grupo": 83, "km_inicial": 231.248, "km_final": 231.679, "subtrecho_der": "055SPE7167", "municipio": "Bertioga", "regional": "Cubatão", "residencia_dr": "DR 05", "uba_nome": "Cubatão", "uba_codigo": "RC 05.04", "jurisdicao": "Estadual", "conservado_por": "Novo Litoral", "centroide_lon": -46.174233, "centroide_lat": -23.877789, "buffer_lateral_m": 1000, "icc_hid_thresholds": "150;200;230;300", "trecho_critico_hid": false, "RAHID": 1, "hazard": "hidro" }, "geometry": { "type": "LineString", "coordinates": [ [ -46.172533800685336, -23.87672949720918, 0.0 ], [ -46.172617048578154, -23.876843925840813, 0.0 ], [ -46.17545786983144, -23.878519815934016, 0.0 ], [ -46.176008926048659, -23.878750933118589, 0.0 ] ] } },
{ "type": "Feature", "properties": { "ua_id": "UA-R4-BER-10K-084", "regiao_id": 4, "regiao_nome": "Santos-Bertioga", "sigla_rodovia": "SP-055", "escala": "10K", "tipo": "UTB", "extensao_km": 0.4206, "ordem_no_grupo": 84, "km_inicial": 231.679, "km_final": 232.109, "subtrecho_der": "055SPE7167", "municipio": "Bertioga", "regional": "Cubatão", "residencia_dr": "DR 05", "uba_nome": "Cubatão", "uba_codigo": "RC 05.04", "jurisdicao": "Estadual", "conservado_por": "Novo Litoral", "centroide_lon": -46.177974, "centroide_lat": -23.87932, "buffer_lateral_m": 1000, "icc_hid_thresholds": "150;200;230;300", "trecho_critico_hid": false, "RAHID": 1, "hazard": "hidro" }, "geometry": { "type": "LineString", "coordinates": [ [ -46.176008926048659, -23.878750933118589, 0.0 ], [ -46.176542541588752, -23.878974732836031, 0.0 ], [ -46.179966540553245, -23.879815911847512, 0.0 ] ] } },
{ "type": "Feature", "properties": { "ua_id": "UA-R4-BER-10K-085", "regiao_id": 4, "regiao_nome": "Santos-Bertioga", "sigla_rodovia": "SP-055", "escala": "10K", "tipo": "UTB", "extensao_km": 0.4206, "ordem_no_grupo": 85, "km_inicial": 232.109, "km_final": 232.539, "subtrecho_der": "055SPE7167", "municipio": "Bertioga", "regional": "Cubatão", "residencia_dr": "DR 05", "uba_nome": "Cubatão", "uba_codigo": "RC 05.04", "jurisdicao": "Estadual", "conservado_por": "Novo Litoral", "centroide_lon": -46.181868, "centroide_lat": -23.880532, "buffer_lateral_m": 1000, "icc_hid_thresholds": "150;200;230;300", "trecho_critico_hid": false, "RAHID": 1, "hazard": "hidro" }, "geometry": { "type": "LineString", "coordinates": [ [ -46.179966540553245, -23.879815911847512, 0.0 ], [ -46.18006034455977, -23.879838955580087, 0.0 ], [ -46.1810249949229, -23.880298941799687, 0.0 ], [ -46.181751189298936, -23.880587757886701, 0.0 ], [ -46.182623801928941, -23.880811371639961, 0.0 ], [ -46.183571851789488, -23.880991682420813, 0.0 ], [ -46.183853394872905, -23.881000387885837, 0.0 ] ] } },
{ "type": "Feature", "properties": { "ua_id": "UA-R4-BER-10K-086", "regiao_id": 4, "regiao_nome": "Santos-Bertioga", "sigla_rodovia": "SP-055", "escala": "10K", "tipo": "UTB", "extensao_km": 0.4206, "ordem_no_grupo": 86, "km_inicial": 232.539, "km_final": 232.97, "subtrecho_der": "055SPE7167", "municipio": "Bertioga", "regional": "Cubatão", "residencia_dr": "DR 05", "uba_nome": "Cubatão", "uba_codigo": "RC 05.04", "jurisdicao": "Estadual", "conservado_por": "Novo Litoral", "centroide_lon": -46.185918, "centroide_lat": -23.881064, "buffer_lateral_m": 1000, "icc_hid_thresholds": "150;200;230;300", "trecho_critico_hid": false, "RAHID": 1, "hazard": "hidro" }, "geometry": { "type": "LineString", "coordinates": [ [ -46.183853394872905, -23.881000387885837, 0.0 ], [ -46.187981695819602, -23.881127977809125, 0.0 ] ] } },
{ "type": "Feature", "properties": { "ua_id": "UA-R4-BER-10K-087", "regiao_id": 4, "regiao_nome": "Santos-Bertioga", "sigla_rodovia": "SP-055", "escala": "10K", "tipo": "UTB", "extensao_km": 0.4206, "ordem_no_grupo": 87, "km_inicial": 232.97, "km_final": 233.4, "subtrecho_der": "055SPE7167", "municipio": "Bertioga", "regional": "Cubatão", "residencia_dr": "DR 05", "uba_nome": "Cubatão", "uba_codigo": "RC 05.04", "jurisdicao": "Estadual", "conservado_por": "Novo Litoral", "centroide_lon": -46.190045, "centroide_lat": -23.881202, "buffer_lateral_m": 1000, "icc_hid_thresholds": "150;200;230;300", "trecho_critico_hid": false, "RAHID": 1, "hazard": "hidro" }, "geometry": { "type": "LineString", "coordinates": [ [ -46.187981695819602, -23.881127977809125, 0.0 ], [ -46.191326771656932, -23.881231279708022, 0.0 ], [ -46.192096777839787, -23.881365256292099, 0.0 ] ] } },
{ "type": "Feature", "properties": { "ua_id": "UA-R4-BER-1K-001", "regiao_id": 4, "regiao_nome": "Santos-Bertioga", "sigla_rodovia": "SP-055", "escala": "1K", "tipo": "SR", "extensao_km": 0.37, "ordem_no_grupo": 1, "km_inicial": 204.406, "km_final": 204.767, "subtrecho_der": "055SPE3431", "municipio": "Bertioga", "regional": "Cubatão", "residencia_dr": "DR 05", "uba_nome": "Cubatão", "uba_codigo": "RC 05.04", "jurisdicao": "Estadual", "conservado_por": "05.04", "centroide_lon": -45.962167, "centroide_lat": -23.775265, "buffer_lateral_m": 1000, "icc_hid_thresholds": "150;200;230;300", "trecho_critico_hid": true, "RAHID": 3, "hazard": "hidro" }, "geometry": { "type": "LineString", "coordinates": [ [ -45.96053829224288, -23.774532664028825, 0.0 ], [ -45.962622793764247, -23.775416671256941, 0.0 ], [ -45.96372443061064, -23.776112055722326, 0.0 ] ] } },
{ "type": "Feature", "properties": { "ua_id": "UA-R4-BER-1K-002", "regiao_id": 4, "regiao_nome": "Santos-Bertioga", "sigla_rodovia": "SP-055", "escala": "1K", "tipo": "SR", "extensao_km": 0.37, "ordem_no_grupo": 2, "km_inicial": 204.767, "km_final": 205.127, "subtrecho_der": "055SPE3431", "municipio": "Bertioga", "regional": "Cubatão", "residencia_dr": "DR 05", "uba_nome": "Cubatão", "uba_codigo": "RC 05.04", "jurisdicao": "Estadual", "conservado_por": "05.04", "centroide_lon": -45.965257, "centroide_lat": -23.776995, "buffer_lateral_m": 1000, "icc_hid_thresholds": "150;200;230;300", "trecho_critico_hid": true, "RAHID": 3, "hazard": "hidro" }, "geometry": { "type": "LineString", "coordinates": [ [ -45.96372443061064, -23.776112055722326, 0.0 ], [ -45.965451059915878, -23.777201921797761, 0.0 ], [ -45.965930888681136, -23.777379559980467, 0.0 ], [ -45.966890706724662, -23.777697646588461, 0.0 ] ] } },
{ "type": "Feature", "properties": { "ua_id": "UA-R4-BER-1K-003", "regiao_id": 4, "regiao_nome": "Santos-Bertioga", "sigla_rodovia": "SP-055", "escala": "1K", "tipo": "SR", "extensao_km": 0.37, "ordem_no_grupo": 3, "km_inicial": 205.127, "km_final": 205.488, "subtrecho_der": "055SPE3431", "municipio": "Bertioga", "regional": "Cubatão", "residencia_dr": "DR 05", "uba_nome": "Cubatão", "uba_codigo": "RC 05.04", "jurisdicao": "Estadual", "conservado_por": "05.04", "centroide_lon": -45.968665, "centroide_lat": -23.777644, "buffer_lateral_m": 1000, "icc_hid_thresholds": "150;200;230;300", "trecho_critico_hid": true, "RAHID": 3, "hazard": "hidro" }, "geometry": { "type": "LineString", "coordinates": [ [ -45.966890706724662, -23.777697646588461, 0.0 ], [ -45.967087583845256, -23.77776289132176, 0.0 ], [ -45.967461430461995, -23.777838716581524, 0.0 ], [ -45.968032978767241, -23.777823501632842, 0.0 ], [ -45.970437284500996, -23.777313910822308, 0.0 ] ] } },
{ "type": "Feature", "properties": { "ua_id": "UA-R4-BER-1K-004", "regiao_id": 4, "regiao_nome": "Santos-Bertioga", "sigla_rodovia": "SP-055", "escala": "1K", "tipo": "SR", "extensao_km": 0.37, "ordem_no_grupo": 4, "km_inicial": 205.488, "km_final": 205.849, "subtrecho_der": "055SPE3431", "municipio": "Bertioga", "regional": "Cubatão", "residencia_dr": "DR 05", "uba_nome": "Cubatão", "uba_codigo": "RC 05.04", "jurisdicao": "Estadual", "conservado_por": "05.04", "centroide_lon": -45.972207, "centroide_lat": -23.776939, "buffer_lateral_m": 1000, "icc_hid_thresholds": "150;200;230;300", "trecho_critico_hid": true, "RAHID": 3, "hazard": "hidro" }, "geometry": { "type": "LineString", "coordinates": [ [ -45.970437284500996, -23.777313910822308, 0.0 ], [ -45.973975719475277, -23.77656386735784, 0.0 ] ] } },
{ "type": "Feature", "properties": { "ua_id": "UA-R4-BER-1K-005", "regiao_id": 4, "regiao_nome": "Santos-Bertioga", "sigla_rodovia": "SP-055", "escala": "1K", "tipo": "SR", "extensao_km": 0.37, "ordem_no_grupo": 5, "km_inicial": 205.849, "km_final": 206.21, "subtrecho_der": "055SPE3431", "municipio": "Bertioga", "regional": "Cubatão", "residencia_dr": "DR 05", "uba_nome": "Cubatão", "uba_codigo": "RC 05.04", "jurisdicao": "Estadual", "conservado_por": "05.04", "centroide_lon": -45.975745, "centroide_lat": -23.776189, "buffer_lateral_m": 1000, "icc_hid_thresholds": "150;200;230;300", "trecho_critico_hid": true, "RAHID": 0, "hazard": "hidro" }, "geometry": { "type": "LineString", "coordinates": [ [ -45.973975719475277, -23.77656386735784, 0.0 ], [ -45.977514110889693, -23.775813744049078, 0.0 ] ] } },
{ "type": "Feature", "properties": { "ua_id": "UA-R4-BER-1K-006", "regiao_id": 4, "regiao_nome": "Santos-Bertioga", "sigla_rodovia": "SP-055", "escala": "1K", "tipo": "SR", "extensao_km": 0.37, "ordem_no_grupo": 6, "km_inicial": 206.21, "km_final": 206.571, "subtrecho_der": "055SPE3431", "municipio": "Bertioga", "regional": "Cubatão", "residencia_dr": "DR 05", "uba_nome": "Cubatão", "uba_codigo": "RC 05.04", "jurisdicao": "Estadual", "conservado_por": "05.04", "centroide_lon": -45.979301, "centroide_lat": -23.775543, "buffer_lateral_m": 1000, "icc_hid_thresholds": "150;200;230;300", "trecho_critico_hid": true, "RAHID": 0, "hazard": "hidro" }, "geometry": { "type": "LineString", "coordinates": [ [ -45.977514110889693, -23.775813744049078, 0.0 ], [ -45.978514332111594, -23.775601685431319, 0.0 ], [ -45.979348933360441, -23.775510163786208, 0.0 ], [ -45.980448729755466, -23.775398847708871, 0.0 ], [ -45.981105222707619, -23.775435268771201, 0.0 ] ] } },
{ "type": "Feature", "properties": { "ua_id": "UA-R4-BER-1K-007", "regiao_id": 4, "regiao_nome": "Santos-Bertioga", "sigla_rodovia": "SP-055", "escala": "1K", "tipo": "SR", "extensao_km": 0.37, "ordem_no_grupo": 7, "km_inicial": 206.571, "km_final": 206.932, "subtrecho_der": "055SPE3431", "municipio": "Bertioga", "regional": "Cubatão", "residencia_dr": "DR 05", "uba_nome": "Cubatão", "uba_codigo": "RC 05.04", "jurisdicao": "Estadual", "conservado_por": "05.04", "centroide_lon": -45.982913, "centroide_lat": -23.775578, "buffer_lateral_m": 1000, "icc_hid_thresholds": "150;200;230;300", "trecho_critico_hid": true, "RAHID": 0, "hazard": "hidro" }, "geometry": { "type": "LineString", "coordinates": [ [ -45.981105222707619, -23.775435268771201, 0.0 ], [ -45.982395087022525, -23.775506819943452, 0.0 ], [ -45.98471673219403, -23.775767265643665, 0.0 ] ] } },
{ "type": "Feature", "properties": { "ua_id": "UA-R4-BER-1K-008", "regiao_id": 4, "regiao_nome": "Santos-Bertioga", "sigla_rodovia": "SP-055", "escala": "1K", "tipo": "SR", "extensao_km": 0.37, "ordem_no_grupo": 8, "km_inicial": 206.932, "km_final": 207.292, "subtrecho_der": "055SPE3431", "municipio": "Bertioga", "regional": "Cubatão", "residencia_dr": "DR 05", "uba_nome": "Cubatão", "uba_codigo": "RC 05.04", "jurisdicao": "Estadual", "conservado_por": "05.04", "centroide_lon": -45.986512, "centroide_lat": -23.776008, "buffer_lateral_m": 1000, "icc_hid_thresholds": "150;200;230;300", "trecho_critico_hid": true, "RAHID": 0, "hazard": "hidro" }, "geometry": { "type": "LineString", "coordinates": [ [ -45.98471673219403, -23.775767265643665, 0.0 ], [ -45.986582011218488, -23.775976489329697, 0.0 ], [ -45.988291431980002, -23.776329634761399, 0.0 ] ] } },
{ "type": "Feature", "properties": { "ua_id": "UA-R4-BER-1K-009", "regiao_id": 4, "regiao_nome": "Santos-Bertioga", "sigla_rodovia": "SP-055", "escala": "1K", "tipo": "SR", "extensao_km": 0.37, "ordem_no_grupo": 9, "km_inicial": 207.292, "km_final": 207.653, "subtrecho_der": "055SPE3431", "municipio": "Bertioga", "regional": "Cubatão", "residencia_dr": "DR 05", "uba_nome": "Cubatão", "uba_codigo": "RC 05.04", "jurisdicao": "Estadual", "conservado_por": "05.04", "centroide_lon": -45.990055, "centroide_lat": -23.776727, "buffer_lateral_m": 1000, "icc_hid_thresholds": "150;200;230;300", "trecho_critico_hid": true, "RAHID": 0, "hazard": "hidro" }, "geometry": { "type": "LineString", "coordinates": [ [ -45.988291431980002, -23.776329634761399, 0.0 ], [ -45.988588252754575, -23.776390952163833, 0.0 ], [ -45.991816602509708, -23.777130462253076, 0.0 ] ] } },
{ "type": "Feature", "properties": { "ua_id": "UA-R4-BER-1K-010", "regiao_id": 4, "regiao_nome": "Santos-Bertioga", "sigla_rodovia": "SP-055", "escala": "1K", "tipo": "SR", "extensao_km": 0.37, "ordem_no_grupo": 10, "km_inicial": 207.653, "km_final": 208.014, "subtrecho_der": "055SPE3431", "municipio": "Bertioga", "regional": "Cubatão", "residencia_dr": "DR 05", "uba_nome": "Cubatão", "uba_codigo": "RC 05.04", "jurisdicao": "Estadual", "conservado_por": "05.04", "centroide_lon": -45.993578, "centroide_lat": -23.777534, "buffer_lateral_m": 1000, "icc_hid_thresholds": "150;200;230;300", "trecho_critico_hid": true, "RAHID": 0, "hazard": "hidro" }, "geometry": { "type": "LineString", "coordinates": [ [ -45.991816602509708, -23.777130462253076, 0.0 ], [ -45.995340191676135, -23.777937514687107, 0.0 ] ] } },
{ "type": "Feature", "properties": { "ua_id": "UA-R4-BER-1K-011", "regiao_id": 4, "regiao_nome": "Santos-Bertioga", "sigla_rodovia": "SP-055", "escala": "1K", "tipo": "SR", "extensao_km": 0.37, "ordem_no_grupo": 11, "km_inicial": 208.014, "km_final": 208.375, "subtrecho_der": "055SPE3431", "municipio": "Bertioga", "regional": "Cubatão", "residencia_dr": "DR 05", "uba_nome": "Cubatão", "uba_codigo": "RC 05.04", "jurisdicao": "Estadual", "conservado_por": "05.04", "centroide_lon": -45.997102, "centroide_lat": -23.778342, "buffer_lateral_m": 1000, "icc_hid_thresholds": "150;200;230;300", "trecho_critico_hid": true, "RAHID": 0, "hazard": "hidro" }, "geometry": { "type": "LineString", "coordinates": [ [ -45.995340191676135, -23.777937514687107, 0.0 ], [ -45.998579447471521, -23.778679362138707, 0.0 ], [ -45.998858134095833, -23.778762747039032, 0.0 ] ] } },
{ "type": "Feature", "properties": { "ua_id": "UA-R4-BER-1K-012", "regiao_id": 4, "regiao_nome": "Santos-Bertioga", "sigla_rodovia": "SP-055", "escala": "1K", "tipo": "SR", "extensao_km": 0.37, "ordem_no_grupo": 12, "km_inicial": 208.375, "km_final": 208.736, "subtrecho_der": "055SPE3431", "municipio": "Bertioga", "regional": "Cubatão", "residencia_dr": "DR 05", "uba_nome": "Cubatão", "uba_codigo": "RC 05.04", "jurisdicao": "Estadual", "conservado_por": "05.04", "centroide_lon": -46.000585, "centroide_lat": -23.779279, "buffer_lateral_m": 1000, "icc_hid_thresholds": "150;200;230;300", "trecho_critico_hid": true, "RAHID": 0, "hazard": "hidro" }, "geometry": { "type": "LineString", "coordinates": [ [ -45.998858134095833, -23.778762747039032, 0.0 ], [ -46.002311340014266, -23.779795918140657, 0.0 ] ] } },
{ "type": "Feature", "properties": { "ua_id": "UA-R4-BER-1K-013", "regiao_id": 4, "regiao_nome": "Santos-Bertioga", "sigla_rodovia": "SP-055", "escala": "1K", "tipo": "SR", "extensao_km": 0.37, "ordem_no_grupo": 13, "km_inicial": 208.736, "km_final": 209.097, "subtrecho_der": "055SPE3431", "municipio": "Bertioga", "regional": "Cubatão", "residencia_dr": "DR 05", "uba_nome": "Cubatão", "uba_codigo": "RC 05.04", "jurisdicao": "Estadual", "conservado_por": "05.04", "centroide_lon": -46.004038, "centroide_lat": -23.780312, "buffer_lateral_m": 1000, "icc_hid_thresholds": "150;200;230;300", "trecho_critico_hid": true, "RAHID": 0, "hazard": "hidro" }, "geometry": { "type": "LineString", "coordinates": [ [ -46.002311340014266, -23.779795918140657, 0.0 ], [ -46.005764597770415, -23.780829010021115, 0.0 ] ] } },
{ "type": "Feature", "properties": { "ua_id": "UA-R4-BER-1K-014", "regiao_id": 4, "regiao_nome": "Santos-Bertioga", "sigla_rodovia": "SP-055", "escala": "1K", "tipo": "SR", "extensao_km": 0.37, "ordem_no_grupo": 14, "km_inicial": 209.097, "km_final": 209.457, "subtrecho_der": "055SPE3431", "municipio": "Bertioga", "regional": "Cubatão", "residencia_dr": "DR 05", "uba_nome": "Cubatão", "uba_codigo": "RC 05.04", "jurisdicao": "Estadual", "conservado_por": "05.04", "centroide_lon": -46.007491, "centroide_lat": -23.781346, "buffer_lateral_m": 1000, "icc_hid_thresholds": "150;200;230;300", "trecho_critico_hid": true, "RAHID": 0, "hazard": "hidro" }, "geometry": { "type": "LineString", "coordinates": [ [ -46.005764597770415, -23.780829010021115, 0.0 ], [ -46.00921790735417, -23.781862022669245, 0.0 ] ] } },
{ "type": "Feature", "properties": { "ua_id": "UA-R4-BER-1K-015", "regiao_id": 4, "regiao_nome": "Santos-Bertioga", "sigla_rodovia": "SP-055", "escala": "1K", "tipo": "SR", "extensao_km": 0.37, "ordem_no_grupo": 15, "km_inicial": 209.457, "km_final": 209.818, "subtrecho_der": "055SPE3431", "municipio": "Bertioga", "regional": "Cubatão", "residencia_dr": "DR 05", "uba_nome": "Cubatão", "uba_codigo": "RC 05.04", "jurisdicao": "Estadual", "conservado_por": "05.04", "centroide_lon": -46.010945, "centroide_lat": -23.782378, "buffer_lateral_m": 1000, "icc_hid_thresholds": "150;200;230;300", "trecho_critico_hid": true, "RAHID": 0, "hazard": "hidro" }, "geometry": { "type": "LineString", "coordinates": [ [ -46.00921790735417, -23.781862022669245, 0.0 ], [ -46.012671268755369, -23.782894956073896, 0.0 ] ] } },
{ "type": "Feature", "properties": { "ua_id": "UA-R4-BER-1K-016", "regiao_id": 4, "regiao_nome": "Santos-Bertioga", "sigla_rodovia": "SP-055", "escala": "1K", "tipo": "SR", "extensao_km": 0.37, "ordem_no_grupo": 16, "km_inicial": 209.818, "km_final": 210.179, "subtrecho_der": "055SPE3431", "municipio": "Bertioga", "regional": "Cubatão", "residencia_dr": "DR 05", "uba_nome": "Cubatão", "uba_codigo": "RC 05.04", "jurisdicao": "Estadual", "conservado_por": "05.04", "centroide_lon": -46.014398, "centroide_lat": -23.783411, "buffer_lateral_m": 1000, "icc_hid_thresholds": "150;200;230;300", "trecho_critico_hid": true, "RAHID": 0, "hazard": "hidro" }, "geometry": { "type": "LineString", "coordinates": [ [ -46.012671268755369, -23.782894956073896, 0.0 ], [ -46.016124681963888, -23.783927810223943, 0.0 ] ] } },
{ "type": "Feature", "properties": { "ua_id": "UA-R4-STO-10K-001", "regiao_id": 4, "regiao_nome": "Santos-Bertioga", "sigla_rodovia": "SP-055", "escala": "10K", "tipo": "UTB", "extensao_km": 0.3244, "ordem_no_grupo": 1, "km_inicial": 233.4, "km_final": 233.725, "subtrecho_der": "055SPE4338", "municipio": "Santos", "regional": "Cubatão", "residencia_dr": "DR 05", "uba_nome": "Cubatão", "uba_codigo": "RC 05.04", "jurisdicao": "Estadual", "conservado_por": "Novo Litoral", "centroide_lon": -46.193607, "centroide_lat": -23.88181, "buffer_lateral_m": 1000, "icc_hid_thresholds": "150;200;230;300", "trecho_critico_hid": false, "RAHID": 1, "hazard": "hidro" }, "geometry": { "type": "LineString", "coordinates": [ [ -46.192096777839787, -23.881365256292099, 0.0 ], [ -46.192520560003651, -23.881438990739355, 0.0 ], [ -46.192969396323434, -23.881554248656848, 0.0 ], [ -46.193165828983354, -23.881600239941534, 0.0 ], [ -46.193632551874238, -23.881775456077683, 0.0 ], [ -46.195067944016735, -23.882387532912105, 0.0 ] ] } },
{ "type": "Feature", "properties": { "ua_id": "UA-R4-STO-10K-002", "regiao_id": 4, "regiao_nome": "Santos-Bertioga", "sigla_rodovia": "SP-055", "escala": "10K", "tipo": "UTB", "extensao_km": 0.3244, "ordem_no_grupo": 2, "km_inicial": 233.725, "km_final": 234.05, "subtrecho_der": "055SPE4338", "municipio": "Santos", "regional": "Cubatão", "residencia_dr": "DR 05", "uba_nome": "Cubatão", "uba_codigo": "RC 05.04", "jurisdicao": "Estadual", "conservado_por": "Novo Litoral", "centroide_lon": -46.196513, "centroide_lat": -23.883004, "buffer_lateral_m": 1000, "icc_hid_thresholds": "150;200;230;300", "trecho_critico_hid": false, "RAHID": 1, "hazard": "hidro" }, "geometry": { "type": "LineString", "coordinates": [ [ -46.195067944016735, -23.882387532912105, 0.0 ], [ -46.19795865159336, -23.883620122969383, 0.0 ] ] } },
{ "type": "Feature", "properties": { "ua_id": "UA-R4-STO-10K-003", "regiao_id": 4, "regiao_nome": "Santos-Bertioga", "sigla_rodovia": "SP-055", "escala": "10K", "tipo": "UTB", "extensao_km": 0.3244, "ordem_no_grupo": 3, "km_inicial": 234.05, "km_final": 234.375, "subtrecho_der": "055SPE4338", "municipio": "Santos", "regional": "Cubatão", "residencia_dr": "DR 05", "uba_nome": "Cubatão", "uba_codigo": "RC 05.04", "jurisdicao": "Estadual", "conservado_por": "Novo Litoral", "centroide_lon": -46.199377, "centroide_lat": -23.884279, "buffer_lateral_m": 1000, "icc_hid_thresholds": "150;200;230;300", "trecho_critico_hid": false, "RAHID": 1, "hazard": "hidro" }, "geometry": { "type": "LineString", "coordinates": [ [ -46.19795865159336, -23.883620122969383, 0.0 ], [ -46.199438725867203, -23.884251192065641, 0.0 ], [ -46.200028048425459, -23.884563105529313, 0.0 ], [ -46.200705141491653, -23.885072702111593, 0.0 ] ] } },
{ "type": "Feature", "properties": { "ua_id": "UA-R4-STO-10K-004", "regiao_id": 4, "regiao_nome": "Santos-Bertioga", "sigla_rodovia": "SP-055", "escala": "10K", "tipo": "UTB", "extensao_km": 0.3244, "ordem_no_grupo": 4, "km_inicial": 234.375, "km_final": 234.7, "subtrecho_der": "055SPE4338", "municipio": "Santos", "regional": "Cubatão", "residencia_dr": "DR 05", "uba_nome": "Cubatão", "uba_codigo": "RC 05.04", "jurisdicao": "Estadual", "conservado_por": "Novo Litoral", "centroide_lon": -46.201646, "centroide_lat": -23.886244, "buffer_lateral_m": 1000, "icc_hid_thresholds": "150;200;230;300", "trecho_critico_hid": false, "RAHID": 1, "hazard": "hidro" }, "geometry": { "type": "LineString", "coordinates": [ [ -46.200705141491653, -23.885072702111593, 0.0 ], [ -46.200731010715344, -23.885092171771191, 0.0 ], [ -46.2013759953009, -23.885782188889287, 0.0 ], [ -46.201811341490171, -23.886553624836438, 0.0 ], [ -46.202576957272463, -23.887425030198976, 0.0 ] ] } },
{ "type": "Feature", "properties": { "ua_id": "UA-R4-STO-10K-005", "regiao_id": 4, "regiao_nome": "Santos-Bertioga", "sigla_rodovia": "SP-055", "escala": "10K", "tipo": "UTB", "extensao_km": 0.2995, "ordem_no_grupo": 5, "km_inicial": 234.7, "km_final": 235.0, "subtrecho_der": "055SPE4338", "municipio": "Santos", "regional": "Cubatão", "residencia_dr": "DR 05", "uba_nome": "Cubatão", "uba_codigo": "RC 05.04", "jurisdicao": "Estadual", "conservado_por": "Novo Litoral", "centroide_lon": -46.203813, "centroide_lat": -23.887507, "buffer_lateral_m": 1000, "icc_hid_thresholds": "150;200;230;300", "trecho_critico_hid": false, "RAHID": 1, "hazard": "hidro" }, "geometry": { "type": "LineString", "coordinates": [ [ -46.202576957272463, -23.887425030198976, 0.0 ], [ -46.202842953315532, -23.887727776690962, 0.0 ], [ -46.202982394719271, -23.887731130313188, 0.0 ], [ -46.203637893782684, -23.887787445923134, 0.0 ], [ -46.204322950019204, -23.887506603122855, 0.0 ], [ -46.204948355140296, -23.886824599189833, 0.0 ] ] } },
{ "type": "Feature", "properties": { "ua_id": "UA-R4-STO-10K-006", "regiao_id": 4, "regiao_nome": "Santos-Bertioga", "sigla_rodovia": "SP-055", "escala": "10K", "tipo": "UTB", "extensao_km": 0.3244, "ordem_no_grupo": 6, "km_inicial": 238.025, "km_final": 238.35, "subtrecho_der": "055SPE4338", "municipio": "Santos", "regional": "Cubatão", "residencia_dr": "DR 05", "uba_nome": "Cubatão", "uba_codigo": "RC 05.04", "jurisdicao": "Estadual", "conservado_por": "Novo Litoral", "centroide_lon": -46.220202, "centroide_lat": -23.890891, "buffer_lateral_m": 1000, "icc_hid_thresholds": "150;200;230;300", "trecho_critico_hid": false, "RAHID": 1, "hazard": "hidro" }, "geometry": { "type": "LineString", "coordinates": [ [ -46.220048149850435, -23.89229917124937, 0.0 ], [ -46.21999905353865, -23.89207588402401, 0.0 ], [ -46.219942105692049, -23.89132555866794, 0.0 ], [ -46.2201820620337, -23.890468503816798, 0.0 ], [ -46.220595707074985, -23.889917611171235, 0.0 ], [ -46.220797612900412, -23.889710653627478, 0.0 ], [ -46.220910160263458, -23.889654937062737, 0.0 ] ] } },
{ "type": "Feature", "properties": { "ua_id": "UA-R4-STO-10K-007", "regiao_id": 4, "regiao_nome": "Santos-Bertioga", "sigla_rodovia": "SP-055", "escala": "10K", "tipo": "UTB", "extensao_km": 0.3244, "ordem_no_grupo": 7, "km_inicial": 238.35, "km_final": 238.675, "subtrecho_der": "055SPE4338", "municipio": "Santos", "regional": "Cubatão", "residencia_dr": "DR 05", "uba_nome": "Cubatão", "uba_codigo": "RC 05.04", "jurisdicao": "Estadual", "conservado_por": "Novo Litoral", "centroide_lon": -46.222403, "centroide_lat": -23.889325, "buffer_lateral_m": 1000, "icc_hid_thresholds": "150;200;230;300", "trecho_critico_hid": false, "RAHID": 1, "hazard": "hidro" }, "geometry": { "type": "LineString", "coordinates": [ [ -46.220910160263458, -23.889654937062737, 0.0 ], [ -46.221722124208505, -23.889252970572848, 0.0 ], [ -46.222778174093996, -23.889193405247525, 0.0 ], [ -46.223955191223538, -23.889436330858675, 0.0 ] ] } },
{ "type": "Feature", "properties": { "ua_id": "UA-R4-STO-10K-008", "regiao_id": 4, "regiao_nome": "Santos-Bertioga", "sigla_rodovia": "SP-055", "escala": "10K", "tipo": "UTB", "extensao_km": 0.3244, "ordem_no_grupo": 8, "km_inicial": 238.675, "km_final": 239.0, "subtrecho_der": "055SPE4338", "municipio": "Santos", "regional": "Cubatão", "residencia_dr": "DR 05", "uba_nome": "Cubatão", "uba_codigo": "RC 05.04", "jurisdicao": "Estadual", "conservado_por": "Novo Litoral", "centroide_lon": -46.225524, "centroide_lat": -23.889671, "buffer_lateral_m": 1000, "icc_hid_thresholds": "150;200;230;300", "trecho_critico_hid": false, "RAHID": 1, "hazard": "hidro" }, "geometry": { "type": "LineString", "coordinates": [ [ -46.223955191223538, -23.889436330858675, 0.0 ], [ -46.224820081138496, -23.8896148298725, 0.0 ], [ -46.225959771673175, -23.88976630671884, 0.0 ], [ -46.227108311394275, -23.88975845230258, 0.0 ] ] } },
{ "type": "Feature", "properties": { "ua_id": "UA-R4-STO-10K-009", "regiao_id": 4, "regiao_nome": "Santos-Bertioga", "sigla_rodovia": "SP-055", "escala": "10K", "tipo": "UTB", "extensao_km": 0.3244, "ordem_no_grupo": 9, "km_inicial": 239.0, "km_final": 239.325, "subtrecho_der": "055SPE4338", "municipio": "Santos", "regional": "Cubatão", "residencia_dr": "DR 05", "uba_nome": "Cubatão", "uba_codigo": "RC 05.04", "jurisdicao": "Estadual", "conservado_por": "Novo Litoral", "centroide_lon": -46.228702, "centroide_lat": -23.889748, "buffer_lateral_m": 1000, "icc_hid_thresholds": "150;200;230;300", "trecho_critico_hid": false, "RAHID": 1, "hazard": "hidro" }, "geometry": { "type": "LineString", "coordinates": [ [ -46.227108311394275, -23.88975845230258, 0.0 ], [ -46.230294737972933, -23.889736616677464, 0.0 ] ] } },
{ "type": "Feature", "properties": { "ua_id": "UA-R4-STO-10K-010", "regiao_id": 4, "regiao_nome": "Santos-Bertioga", "sigla_rodovia": "SP-055", "escala": "10K", "tipo": "UTB", "extensao_km": 0.3244, "ordem_no_grupo": 10, "km_inicial": 239.325, "km_final": 239.65, "subtrecho_der": "055SPE4338", "municipio": "Santos", "regional": "Cubatão", "residencia_dr": "DR 05", "uba_nome": "Cubatão", "uba_codigo": "RC 05.04", "jurisdicao": "Estadual", "conservado_por": "Novo Litoral", "centroide_lon": -46.231887, "centroide_lat": -23.889744, "buffer_lateral_m": 1000, "icc_hid_thresholds": "150;200;230;300", "trecho_critico_hid": false, "RAHID": 1, "hazard": "hidro" }, "geometry": { "type": "LineString", "coordinates": [ [ -46.230294737972933, -23.889736616677464, 0.0 ], [ -46.232322074763189, -23.889722689593274, 0.0 ], [ -46.233476697504621, -23.8898164665598, 0.0 ] ] } },
{ "type": "Feature", "properties": { "ua_id": "UA-R4-STO-10K-011", "regiao_id": 4, "regiao_nome": "Santos-Bertioga", "sigla_rodovia": "SP-055", "escala": "10K", "tipo": "UTB", "extensao_km": 0.3244, "ordem_no_grupo": 11, "km_inicial": 239.65, "km_final": 239.975, "subtrecho_der": "055SPE4338", "municipio": "Santos", "regional": "Cubatão", "residencia_dr": "DR 05", "uba_nome": "Cubatão", "uba_codigo": "RC 05.04", "jurisdicao": "Estadual", "conservado_por": "Novo Litoral", "centroide_lon": -46.235053, "centroide_lat": -23.890005, "buffer_lateral_m": 1000, "icc_hid_thresholds": "150;200;230;300", "trecho_critico_hid": false, "RAHID": 1, "hazard": "hidro" }, "geometry": { "type": "LineString", "coordinates": [ [ -46.233476697504621, -23.8898164665598, 0.0 ], [ -46.234920405339913, -23.889933710209053, 0.0 ], [ -46.236010499763296, -23.890155442215669, 0.0 ], [ -46.236605157915335, -23.890319141882607, 0.0 ] ] } },
{ "type": "Feature", "properties": { "ua_id": "UA-R4-STO-10K-012", "regiao_id": 4, "regiao_nome": "Santos-Bertioga", "sigla_rodovia": "SP-055", "escala": "10K", "tipo": "UTB", "extensao_km": 0.3244, "ordem_no_grupo": 12, "km_inicial": 239.975, "km_final": 240.3, "subtrecho_der": "055SPE4338", "municipio": "Santos", "regional": "Cubatão", "residencia_dr": "DR 05", "uba_nome": "Cubatão", "uba_codigo": "RC 05.04", "jurisdicao": "Estadual", "conservado_por": "Novo Litoral", "centroide_lon": -46.238131, "centroide_lat": -23.890739, "buffer_lateral_m": 1000, "icc_hid_thresholds": "150;200;230;300", "trecho_critico_hid": false, "RAHID": 1, "hazard": "hidro" }, "geometry": { "type": "LineString", "coordinates": [ [ -46.236605157915335, -23.890319141882607, 0.0 ], [ -46.239657821952086, -23.891159447115825, 0.0 ] ] } },
{ "type": "Feature", "properties": { "ua_id": "UA-R4-STO-10K-013", "regiao_id": 4, "regiao_nome": "Santos-Bertioga", "sigla_rodovia": "SP-055", "escala": "10K", "tipo": "UTB", "extensao_km": 0.3244, "ordem_no_grupo": 13, "km_inicial": 240.3, "km_final": 240.625, "subtrecho_der": "055SPE4338", "municipio": "Santos", "regional": "Cubatão", "residencia_dr": "DR 05", "uba_nome": "Cubatão", "uba_codigo": "RC 05.04", "jurisdicao": "Estadual", "conservado_por": "Novo Litoral", "centroide_lon": -46.241171, "centroide_lat": -23.891614, "buffer_lateral_m": 1000, "icc_hid_thresholds": "150;200;230;300", "trecho_critico_hid": false, "RAHID": 1, "hazard": "hidro" }, "geometry": { "type": "LineString", "coordinates": [ [ -46.239657821952086, -23.891159447115825, 0.0 ], [ -46.240851607629665, -23.891488040175275, 0.0 ], [ -46.241958954130709, -23.891854264700161, 0.0 ], [ -46.242653164221501, -23.892146739360825, 0.0 ] ] } },
{ "type": "Feature", "properties": { "ua_id": "UA-R4-STO-10K-014", "regiao_id": 4, "regiao_nome": "Santos-Bertioga", "sigla_rodovia": "SP-055", "escala": "10K", "tipo": "UTB", "extensao_km": 0.3244, "ordem_no_grupo": 14, "km_inicial": 240.625, "km_final": 240.95, "subtrecho_der": "055SPE4338", "municipio": "Santos", "regional": "Cubatão", "residencia_dr": "DR 05", "uba_nome": "Cubatão", "uba_codigo": "RC 05.04", "jurisdicao": "Estadual", "conservado_por": "Novo Litoral", "centroide_lon": -46.243793, "centroide_lat": -23.893128, "buffer_lateral_m": 1000, "icc_hid_thresholds": "150;200;230;300", "trecho_critico_hid": false, "RAHID": 1, "hazard": "hidro" }, "geometry": { "type": "LineString", "coordinates": [ [ -46.242653164221501, -23.892146739360825, 0.0 ], [ -46.242851406432074, -23.892230259098898, 0.0 ], [ -46.243604088705396, -23.892771671306761, 0.0 ], [ -46.244210083627195, -23.893466819558981, 0.0 ], [ -46.244414882573579, -23.893900939726297, 0.0 ], [ -46.244604631239518, -23.894268218432831, 0.0 ], [ -46.244634782047086, -23.894343302798124, 0.0 ] ] } },
{ "type": "Feature", "properties": { "ua_id": "UA-R4-STO-10K-015", "regiao_id": 4, "regiao_nome": "Santos-Bertioga", "sigla_rodovia": "SP-055", "escala": "10K", "tipo": "UTB", "extensao_km": 0.3244, "ordem_no_grupo": 15, "km_inicial": 240.95, "km_final": 241.275, "subtrecho_der": "055SPE4338", "municipio": "Santos", "regional": "Cubatão", "residencia_dr": "DR 05", "uba_nome": "Cubatão", "uba_codigo": "RC 05.04", "jurisdicao": "Estadual", "conservado_por": "Novo Litoral", "centroide_lon": -46.245187, "centroide_lat": -23.895718, "buffer_lateral_m": 1000, "icc_hid_thresholds": "150;200;230;300", "trecho_critico_hid": false, "RAHID": 1, "hazard": "hidro" }, "geometry": { "type": "LineString", "coordinates": [ [ -46.244634782047086, -23.894343302798124, 0.0 ], [ -46.245738516041946, -23.89709185617755, 0.0 ] ] } },
{ "type": "Feature", "properties": { "ua_id": "UA-R4-STO-10K-016", "regiao_id": 4, "regiao_nome": "Santos-Bertioga", "sigla_rodovia": "SP-055", "escala": "10K", "tipo": "UTB", "extensao_km": 0.3244, "ordem_no_grupo": 16, "km_inicial": 241.275, "km_final": 241.6, "subtrecho_der": "055SPE4338", "municipio": "Santos", "regional": "Cubatão", "residencia_dr": "DR 05", "uba_nome": "Cubatão", "uba_codigo": "RC 05.04", "jurisdicao": "Estadual", "conservado_por": "Novo Litoral", "centroide_lon": -46.246395, "centroide_lat": -23.898414, "buffer_lateral_m": 1000, "icc_hid_thresholds": "150;200;230;300", "trecho_critico_hid": false, "RAHID": 1, "hazard": "hidro" }, "geometry": { "type": "LineString", "coordinates": [ [ -46.245738516041946, -23.89709185617755, 0.0 ], [ -46.246167182890531, -23.898159300046924, 0.0 ], [ -46.246403579614359, -23.898625177209329, 0.0 ], [ -46.246847558882294, -23.899162473163553, 0.0 ], [ -46.246963088264977, -23.899319741515786, 0.0 ], [ -46.247312141830726, -23.89958033289998, 0.0 ] ] } },
{ "type": "Feature", "properties": { "ua_id": "UA-R4-STO-10K-017", "regiao_id": 4, "regiao_nome": "Santos-Bertioga", "sigla_rodovia": "SP-055", "escala": "10K", "tipo": "UTB", "extensao_km": 0.3244, "ordem_no_grupo": 17, "km_inicial": 241.6, "km_final": 241.925, "subtrecho_der": "055SPE4338", "municipio": "Santos", "regional": "Cubatão", "residencia_dr": "DR 05", "uba_nome": "Cubatão", "uba_codigo": "RC 05.04", "jurisdicao": "Estadual", "conservado_por": "Novo Litoral", "centroide_lon": -46.248734, "centroide_lat": -23.900163, "buffer_lateral_m": 1000, "icc_hid_thresholds": "150;200;230;300", "trecho_critico_hid": false, "RAHID": 1, "hazard": "hidro" }, "geometry": { "type": "LineString", "coordinates": [ [ -46.247312141830726, -23.89958033289998, 0.0 ], [ -46.247717395747493, -23.899882879156692, 0.0 ], [ -46.248586165183745, -23.900247180207085, 0.0 ], [ -46.249340593701916, -23.900374932936323, 0.0 ], [ -46.250000915706337, -23.900388133530093, 0.0 ], [ -46.250281971491411, -23.900364183006452, 0.0 ] ] } },
{ "type": "Feature", "properties": { "ua_id": "UA-R4-STO-10K-018", "regiao_id": 4, "regiao_nome": "Santos-Bertioga", "sigla_rodovia": "SP-055", "escala": "10K", "tipo": "UTB", "extensao_km": 0.3244, "ordem_no_grupo": 18, "km_inicial": 241.925, "km_final": 242.25, "subtrecho_der": "055SPE4338", "municipio": "Santos", "regional": "Cubatão", "residencia_dr": "DR 05", "uba_nome": "Cubatão", "uba_codigo": "RC 05.04", "jurisdicao": "Estadual", "conservado_por": "Novo Litoral", "centroide_lon": -46.251824, "centroide_lat": -23.900012, "buffer_lateral_m": 1000, "icc_hid_thresholds": "150;200;230;300", "trecho_critico_hid": false, "RAHID": 1, "hazard": "hidro" }, "geometry": { "type": "LineString", "coordinates": [ [ -46.250281971491411, -23.900364183006452, 0.0 ], [ -46.250603071776943, -23.900336819403122, 0.0 ], [ -46.253356529894781, -23.899611426438909, 0.0 ] ] } },
{ "type": "Feature", "properties": { "ua_id": "UA-R4-STO-10K-019", "regiao_id": 4, "regiao_nome": "Santos-Bertioga", "sigla_rodovia": "SP-055", "escala": "10K", "tipo": "UTB", "extensao_km": 0.3244, "ordem_no_grupo": 19, "km_inicial": 242.25, "km_final": 242.575, "subtrecho_der": "055SPE4338", "municipio": "Santos", "regional": "Cubatão", "residencia_dr": "DR 05", "uba_nome": "Cubatão", "uba_codigo": "RC 05.04", "jurisdicao": "Estadual", "conservado_por": "Novo Litoral", "centroide_lon": -46.254888, "centroide_lat": -23.899208, "buffer_lateral_m": 1000, "icc_hid_thresholds": "150;200;230;300", "trecho_critico_hid": false, "RAHID": 1, "hazard": "hidro" }, "geometry": { "type": "LineString", "coordinates": [ [ -46.253356529894781, -23.899611426438909, 0.0 ], [ -46.256419949373978, -23.898804308055787, 0.0 ] ] } },
{ "type": "Feature", "properties": { "ua_id": "UA-R4-STO-10K-020", "regiao_id": 4, "regiao_nome": "Santos-Bertioga", "sigla_rodovia": "SP-055", "escala": "10K", "tipo": "UTB", "extensao_km": 0.3244, "ordem_no_grupo": 20, "km_inicial": 242.575, "km_final": 242.9, "subtrecho_der": "055SPE4338", "municipio": "Santos", "regional": "Cubatão", "residencia_dr": "DR 05", "uba_nome": "Cubatão", "uba_codigo": "RC 05.04", "jurisdicao": "Estadual", "conservado_por": "Novo Litoral", "centroide_lon": -46.25794, "centroide_lat": -23.898371, "buffer_lateral_m": 1000, "icc_hid_thresholds": "150;200;230;300", "trecho_critico_hid": false, "RAHID": 1, "hazard": "hidro" }, "geometry": { "type": "LineString", "coordinates": [ [ -46.256419949373978, -23.898804308055787, 0.0 ], [ -46.258292345257658, -23.898310953763527, 0.0 ], [ -46.259401448742111, -23.897855805509646, 0.0 ], [ -46.259421716217332, -23.897843378959482, 0.0 ] ] } },
{ "type": "Feature", "properties": { "ua_id": "UA-R4-STO-10K-021", "regiao_id": 4, "regiao_nome": "Santos-Bertioga", "sigla_rodovia": "SP-055", "escala": "10K", "tipo": "UTB", "extensao_km": 0.3244, "ordem_no_grupo": 21, "km_inicial": 242.9, "km_final": 243.225, "subtrecho_der": "055SPE4338", "municipio": "Santos", "regional": "Cubatão", "residencia_dr": "DR 05", "uba_nome": "Cubatão", "uba_codigo": "RC 05.04", "jurisdicao": "Estadual", "conservado_por": "Novo Litoral", "centroide_lon": -46.260469, "centroide_lat": -23.896767, "buffer_lateral_m": 1000, "icc_hid_thresholds": "150;200;230;300", "trecho_critico_hid": false, "RAHID": 1, "hazard": "hidro" }, "geometry": { "type": "LineString", "coordinates": [ [ -46.259421716217332, -23.897843378959482, 0.0 ], [ -46.259683033849676, -23.897683157441072, 0.0 ], [ -46.260380367338236, -23.897036537267159, 0.0 ], [ -46.260907038202596, -23.89623917247253, 0.0 ], [ -46.261280847569267, -23.895519385158181, 0.0 ] ] } },
{ "type": "Feature", "properties": { "ua_id": "UA-R4-STO-10K-022", "regiao_id": 4, "regiao_nome": "Santos-Bertioga", "sigla_rodovia": "SP-055", "escala": "10K", "tipo": "UTB", "extensao_km": 0.3244, "ordem_no_grupo": 22, "km_inicial": 243.225, "km_final": 243.55, "subtrecho_der": "055SPE4338", "municipio": "Santos", "regional": "Cubatão", "residencia_dr": "DR 05", "uba_nome": "Cubatão", "uba_codigo": "RC 05.04", "jurisdicao": "Estadual", "conservado_por": "Novo Litoral", "centroide_lon": -46.262329, "centroide_lat": -23.894472, "buffer_lateral_m": 1000, "icc_hid_thresholds": "150;200;230;300", "trecho_critico_hid": false, "RAHID": 1, "hazard": "hidro" }, "geometry": { "type": "LineString", "coordinates": [ [ -46.261280847569267, -23.895519385158181, 0.0 ], [ -46.261347918736597, -23.895390235610297, 0.0 ], [ -46.261917532677195, -23.894595059179608, 0.0 ], [ -46.26282022347965, -23.894041442666307, 0.0 ], [ -46.263035665088701, -23.893971515033755, 0.0 ], [ -46.263672026017716, -23.893746470013227, 0.0 ] ] } },
{ "type": "Feature", "properties": { "ua_id": "UA-R4-STO-10K-023", "regiao_id": 4, "regiao_nome": "Santos-Bertioga", "sigla_rodovia": "SP-055", "escala": "10K", "tipo": "UTB", "extensao_km": 0.3244, "ordem_no_grupo": 23, "km_inicial": 243.55, "km_final": 243.875, "subtrecho_der": "055SPE4338", "municipio": "Santos", "regional": "Cubatão", "residencia_dr": "DR 05", "uba_nome": "Cubatão", "uba_codigo": "RC 05.04", "jurisdicao": "Estadual", "conservado_por": "Novo Litoral", "centroide_lon": -46.265187, "centroide_lat": -23.893292, "buffer_lateral_m": 1000, "icc_hid_thresholds": "150;200;230;300", "trecho_critico_hid": false, "RAHID": 1, "hazard": "hidro" }, "geometry": { "type": "LineString", "coordinates": [ [ -46.263672026017716, -23.893746470013227, 0.0 ], [ -46.263713245092788, -23.893731893031781, 0.0 ], [ -46.266701897759091, -23.892839197521596, 0.0 ] ] } },
{ "type": "Feature", "properties": { "ua_id": "UA-R4-STO-10K-024", "regiao_id": 4, "regiao_nome": "Santos-Bertioga", "sigla_rodovia": "SP-055", "escala": "10K", "tipo": "UTB", "extensao_km": 0.3244, "ordem_no_grupo": 24, "km_inicial": 243.875, "km_final": 244.2, "subtrecho_der": "055SPE4338", "municipio": "Santos", "regional": "Cubatão", "residencia_dr": "DR 05", "uba_nome": "Cubatão", "uba_codigo": "RC 05.04", "jurisdicao": "Estadual", "conservado_por": "Novo Litoral", "centroide_lon": -46.268217, "centroide_lat": -23.892387, "buffer_lateral_m": 1000, "icc_hid_thresholds": "150;200;230;300", "trecho_critico_hid": false, "RAHID": 1, "hazard": "hidro" }, "geometry": { "type": "LineString", "coordinates": [ [ -46.266701897759091, -23.892839197521596, 0.0 ], [ -46.269525734663176, -23.891995667808608, 0.0 ], [ -46.269738847516464, -23.891956107608568, 0.0 ] ] } },
{ "type": "Feature", "properties": { "ua_id": "UA-R4-STO-10K-025", "regiao_id": 4, "regiao_nome": "Santos-Bertioga", "sigla_rodovia": "SP-055", "escala": "10K", "tipo": "UTB", "extensao_km": 0.3244, "ordem_no_grupo": 25, "km_inicial": 244.2, "km_final": 244.525, "subtrecho_der": "055SPE4338", "municipio": "Santos", "regional": "Cubatão", "residencia_dr": "DR 05", "uba_nome": "Cubatão", "uba_codigo": "RC 05.04", "jurisdicao": "Estadual", "conservado_por": "Novo Litoral", "centroide_lon": -46.271302, "centroide_lat": -23.891735, "buffer_lateral_m": 1000, "icc_hid_thresholds": "150;200;230;300", "trecho_critico_hid": false, "RAHID": 1, "hazard": "hidro" }, "geometry": { "type": "LineString", "coordinates": [ [ -46.269738847516464, -23.891956107608568, 0.0 ], [ -46.271660010658429, -23.891599467246472, 0.0 ], [ -46.27255175076013, -23.891671036890084, 0.0 ], [ -46.272838500722152, -23.89182390348811, 0.0 ] ] } },
{ "type": "Feature", "properties": { "ua_id": "UA-R4-STO-10K-026", "regiao_id": 4, "regiao_nome": "Santos-Bertioga", "sigla_rodovia": "SP-055", "escala": "10K", "tipo": "UTB", "extensao_km": 0.3244, "ordem_no_grupo": 26, "km_inicial": 244.525, "km_final": 244.85, "subtrecho_der": "055SPE4338", "municipio": "Santos", "regional": "Cubatão", "residencia_dr": "DR 05", "uba_nome": "Cubatão", "uba_codigo": "RC 05.04", "jurisdicao": "Estadual", "conservado_por": "Novo Litoral", "centroide_lon": -46.274023, "centroide_lat": -23.892781, "buffer_lateral_m": 1000, "icc_hid_thresholds": "150;200;230;300", "trecho_critico_hid": false, "RAHID": 1, "hazard": "hidro" }, "geometry": { "type": "LineString", "coordinates": [ [ -46.272838500722152, -23.89182390348811, 0.0 ], [ -46.273355032360691, -23.892099264541258, 0.0 ], [ -46.273691257621024, -23.89241889465438, 0.0 ], [ -46.274763851729901, -23.893473533447306, 0.0 ], [ -46.274897440981754, -23.89367679375481, 0.0 ], [ -46.275053567594199, -23.893887351035747, 0.0 ] ] } },
{ "type": "Feature", "properties": { "ua_id": "UA-R4-STO-10K-027", "regiao_id": 4, "regiao_nome": "Santos-Bertioga", "sigla_rodovia": "SP-055", "escala": "10K", "tipo": "UTB", "extensao_km": 0.3244, "ordem_no_grupo": 27, "km_inicial": 244.85, "km_final": 245.175, "subtrecho_der": "055SPE4338", "municipio": "Santos", "regional": "Cubatão", "residencia_dr": "DR 05", "uba_nome": "Cubatão", "uba_codigo": "RC 05.04", "jurisdicao": "Estadual", "conservado_por": "Novo Litoral", "centroide_lon": -46.275345, "centroide_lat": -23.895271, "buffer_lateral_m": 1000, "icc_hid_thresholds": "150;200;230;300", "trecho_critico_hid": false, "RAHID": 1, "hazard": "hidro" }, "geometry": { "type": "LineString", "coordinates": [ [ -46.275053567594199, -23.893887351035747, 0.0 ], [ -46.27528852284739, -23.894204217452881, 0.0 ], [ -46.275485491153752, -23.8950283289733, 0.0 ], [ -46.275367149352697, -23.895960488768981, 0.0 ], [ -46.275212351981523, -23.896685723011096, 0.0 ], [ -46.275208649052196, -23.896710541995805, 0.0 ] ] } },
{ "type": "Feature", "properties": { "ua_id": "UA-R4-STO-10K-028", "regiao_id": 4, "regiao_nome": "Santos-Bertioga", "sigla_rodovia": "SP-055", "escala": "10K", "tipo": "UTB", "extensao_km": 0.3244, "ordem_no_grupo": 28, "km_inicial": 245.175, "km_final": 245.5, "subtrecho_der": "055SPE4338", "municipio": "Santos", "regional": "Cubatão", "residencia_dr": "DR 05", "uba_nome": "Cubatão", "uba_codigo": "RC 05.04", "jurisdicao": "Estadual", "conservado_por": "Novo Litoral", "centroide_lon": -46.275088, "centroide_lat": -23.898163, "buffer_lateral_m": 1000, "icc_hid_thresholds": "150;200;230;300", "trecho_critico_hid": false, "RAHID": 1, "hazard": "hidro" }, "geometry": { "type": "LineString", "coordinates": [ [ -46.275208649052196, -23.896710541995805, 0.0 ], [ -46.275015176640309, -23.898007284952648, 0.0 ], [ -46.275037036469811, -23.898179285255171, 0.0 ], [ -46.275025009716806, -23.898487820962288, 0.0 ], [ -46.275045623131859, -23.898726383216424, 0.0 ], [ -46.275037539437442, -23.898878921763643, 0.0 ], [ -46.275065193400536, -23.898952861553237, 0.0 ], [ -46.275086381137491, -23.899198053527279, 0.0 ], [ -46.275189862226753, -23.899610117759956, 0.0 ] ] } },
{ "type": "Feature", "properties": { "ua_id": "UA-R4-STO-10K-029", "regiao_id": 4, "regiao_nome": "Santos-Bertioga", "sigla_rodovia": "SP-055", "escala": "10K", "tipo": "UTB", "extensao_km": 0.3244, "ordem_no_grupo": 29, "km_inicial": 245.5, "km_final": 245.825, "subtrecho_der": "055SPE4338", "municipio": "Santos", "regional": "Cubatão", "residencia_dr": "DR 05", "uba_nome": "Cubatão", "uba_codigo": "RC 05.04", "jurisdicao": "Estadual", "conservado_por": "Novo Litoral", "centroide_lon": -46.275548, "centroide_lat": -23.901038, "buffer_lateral_m": 1000, "icc_hid_thresholds": "150;200;230;300", "trecho_critico_hid": false, "RAHID": 1, "hazard": "hidro" }, "geometry": { "type": "LineString", "coordinates": [ [ -46.275189862226753, -23.899610117759956, 0.0 ], [ -46.275906797890038, -23.9024648913162, 0.0 ] ] } },
{ "type": "Feature", "properties": { "ua_id": "UA-R4-STO-10K-030", "regiao_id": 4, "regiao_nome": "Santos-Bertioga", "sigla_rodovia": "SP-055", "escala": "10K", "tipo": "UTB", "extensao_km": 0.3244, "ordem_no_grupo": 30, "km_inicial": 245.825, "km_final": 246.15, "subtrecho_der": "055SPE4338", "municipio": "Santos", "regional": "Cubatão", "residencia_dr": "DR 05", "uba_nome": "Cubatão", "uba_codigo": "RC 05.04", "jurisdicao": "Estadual", "conservado_por": "Novo Litoral", "centroide_lon": -46.276265, "centroide_lat": -23.903892, "buffer_lateral_m": 1000, "icc_hid_thresholds": "150;200;230;300", "trecho_critico_hid": false, "RAHID": 1, "hazard": "hidro" }, "geometry": { "type": "LineString", "coordinates": [ [ -46.275906797890038, -23.9024648913162, 0.0 ], [ -46.276623768034867, -23.905319659158739, 0.0 ] ] } },
{ "type": "Feature", "properties": { "ua_id": "UA-R4-STO-10K-031", "regiao_id": 4, "regiao_nome": "Santos-Bertioga", "sigla_rodovia": "SP-055", "escala": "10K", "tipo": "UTB", "extensao_km": 0.3244, "ordem_no_grupo": 31, "km_inicial": 246.15, "km_final": 246.475, "subtrecho_der": "055SPE4338", "municipio": "Santos", "regional": "Cubatão", "residencia_dr": "DR 05", "uba_nome": "Cubatão", "uba_codigo": "RC 05.04", "jurisdicao": "Estadual", "conservado_por": "Novo Litoral", "centroide_lon": -46.276982, "centroide_lat": -23.906747, "buffer_lateral_m": 1000, "icc_hid_thresholds": "150;200;230;300", "trecho_critico_hid": false, "RAHID": 1, "hazard": "hidro" }, "geometry": { "type": "LineString", "coordinates": [ [ -46.276623768034867, -23.905319659158739, 0.0 ], [ -46.277340772668602, -23.90817442128613, 0.0 ] ] } },
{ "type": "Feature", "properties": { "ua_id": "UA-R4-STO-10K-032", "regiao_id": 4, "regiao_nome": "Santos-Bertioga", "sigla_rodovia": "SP-055", "escala": "10K", "tipo": "UTB", "extensao_km": 0.3244, "ordem_no_grupo": 32, "km_inicial": 246.475, "km_final": 246.8, "subtrecho_der": "055SPE4338", "municipio": "Santos", "regional": "Cubatão", "residencia_dr": "DR 05", "uba_nome": "Cubatão", "uba_codigo": "RC 05.04", "jurisdicao": "Estadual", "conservado_por": "Novo Litoral", "centroide_lon": -46.277741, "centroide_lat": -23.90959, "buffer_lateral_m": 1000, "icc_hid_thresholds": "150;200;230;300", "trecho_critico_hid": false, "RAHID": 1, "hazard": "hidro" }, "geometry": { "type": "LineString", "coordinates": [ [ -46.277340772668602, -23.90817442128613, 0.0 ], [ -46.27765400534129, -23.909421515847541, 0.0 ], [ -46.277895053478588, -23.910214267239656, 0.0 ], [ -46.278240778536919, -23.910898126575574, 0.0 ], [ -46.278288226963674, -23.91095630357588, 0.0 ] ] } },
{ "type": "Feature", "properties": { "ua_id": "UA-R4-STO-10K-033", "regiao_id": 4, "regiao_nome": "Santos-Bertioga", "sigla_rodovia": "SP-055", "escala": "10K", "tipo": "UTB", "extensao_km": 0.3244, "ordem_no_grupo": 33, "km_inicial": 246.8, "km_final": 247.125, "subtrecho_der": "055SPE4338", "municipio": "Santos", "regional": "Cubatão", "residencia_dr": "DR 05", "uba_nome": "Cubatão", "uba_codigo": "RC 05.04", "jurisdicao": "Estadual", "conservado_por": "Novo Litoral", "centroide_lon": -46.279376, "centroide_lat": -23.912004, "buffer_lateral_m": 1000, "icc_hid_thresholds": "150;200;230;300", "trecho_critico_hid": false, "RAHID": 1, "hazard": "hidro" }, "geometry": { "type": "LineString", "coordinates": [ [ -46.278288226963674, -23.91095630357588, 0.0 ], [ -46.278497983175981, -23.911213486973541, 0.0 ], [ -46.278857763296116, -23.911667477108441, 0.0 ], [ -46.279410608402266, -23.912147877358862, 0.0 ], [ -46.280021186084632, -23.912531115807447, 0.0 ], [ -46.280575195626525, -23.912789891063795, 0.0 ], [ -46.280677721735358, -23.91281027715613, 0.0 ] ] } },
{ "type": "Feature", "properties": { "ua_id": "UA-R4-STO-10K-034", "regiao_id": 4, "regiao_nome": "Santos-Bertioga", "sigla_rodovia": "SP-055", "escala": "10K", "tipo": "UTB", "extensao_km": 0.3244, "ordem_no_grupo": 34, "km_inicial": 247.125, "km_final": 247.45, "subtrecho_der": "055SPE4338", "municipio": "Santos", "regional": "Cubatão", "residencia_dr": "DR 05", "uba_nome": "Cubatão", "uba_codigo": "RC 05.04", "jurisdicao": "Estadual", "conservado_por": "Novo Litoral", "centroide_lon": -46.282231, "centroide_lat": -23.913138, "buffer_lateral_m": 1000, "icc_hid_thresholds": "150;200;230;300", "trecho_critico_hid": false, "RAHID": 1, "hazard": "hidro" }, "geometry": { "type": "LineString", "coordinates": [ [ -46.280677721735358, -23.91281027715613, 0.0 ], [ -46.281055686938849, -23.912885430370277, 0.0 ], [ -46.283782436586435, -23.913471686317923, 0.0 ] ] } },
{ "type": "Feature", "properties": { "ua_id": "UA-R4-STO-10K-035", "regiao_id": 4, "regiao_nome": "Santos-Bertioga", "sigla_rodovia": "SP-055", "escala": "10K", "tipo": "UTB", "extensao_km": 0.3244, "ordem_no_grupo": 35, "km_inicial": 247.45, "km_final": 247.775, "subtrecho_der": "055SPE4338", "municipio": "Santos", "regional": "Cubatão", "residencia_dr": "DR 05", "uba_nome": "Cubatão", "uba_codigo": "RC 05.04", "jurisdicao": "Estadual", "conservado_por": "Novo Litoral", "centroide_lon": -46.285323, "centroide_lat": -23.913832, "buffer_lateral_m": 1000, "icc_hid_thresholds": "150;200;230;300", "trecho_critico_hid": false, "RAHID": 1, "hazard": "hidro" }, "geometry": { "type": "LineString", "coordinates": [ [ -46.283782436586435, -23.913471686317923, 0.0 ], [ -46.286027817003941, -23.913954406295357, 0.0 ], [ -46.286806636150054, -23.914333170969151, 0.0 ] ] } },
{ "type": "Feature", "properties": { "ua_id": "UA-R4-STO-10K-036", "regiao_id": 4, "regiao_nome": "Santos-Bertioga", "sigla_rodovia": "SP-055", "escala": "10K", "tipo": "UTB", "extensao_km": 0.3244, "ordem_no_grupo": 36, "km_inicial": 247.775, "km_final": 248.1, "subtrecho_der": "055SPE4338", "municipio": "Santos", "regional": "Cubatão", "residencia_dr": "DR 05", "uba_nome": "Cubatão", "uba_codigo": "RC 05.04", "jurisdicao": "Estadual", "conservado_por": "Novo Litoral", "centroide_lon": -46.287993, "centroide_lat": -23.915209, "buffer_lateral_m": 1000, "icc_hid_thresholds": "150;200;230;300", "trecho_critico_hid": false, "RAHID": 1, "hazard": "hidro" }, "geometry": { "type": "LineString", "coordinates": [ [ -46.286806636150054, -23.914333170969151, 0.0 ], [ -46.286851811419879, -23.914355140955266, 0.0 ], [ -46.287048919242515, -23.914471016232145, 0.0 ], [ -46.28733607393432, -23.914677662435839, 0.0 ], [ -46.287640036349224, -23.914946122375149, 0.0 ], [ -46.287840144050328, -23.91522013047453, 0.0 ], [ -46.28815059773131, -23.915576920120895, 0.0 ], [ -46.288376634167342, -23.91573201498931, 0.0 ], [ -46.288527204888695, -23.915771716066601, 0.0 ], [ -46.288679948038997, -23.915775036579607, 0.0 ], [ -46.288848637142749, -23.915708302695172, 0.0 ], [ -46.289257226619924, -23.915468632575781, 0.0 ] ] } },
{ "type": "Feature", "properties": { "ua_id": "UA-R4-STO-1K-001", "regiao_id": 4, "regiao_nome": "Santos-Bertioga", "sigla_rodovia": "SP-055", "escala": "1K", "tipo": "SR", "extensao_km": 0.1872, "ordem_no_grupo": 1, "km_inicial": 235.0, "km_final": 235.187, "subtrecho_der": "055SPE4338", "municipio": "Santos", "regional": "Cubatão", "residencia_dr": "DR 05", "uba_nome": "Cubatão", "uba_codigo": "RC 05.04", "jurisdicao": "Estadual", "conservado_por": "Novo Litoral", "centroide_lon": -46.20556, "centroide_lat": -23.886195, "buffer_lateral_m": 1000, "icc_hid_thresholds": "150;200;230;300", "trecho_critico_hid": false, "RAHID": 0, "hazard": "hidro" }, "geometry": { "type": "LineString", "coordinates": [ [ -46.204948355140296, -23.886824599189833, 0.0 ], [ -46.205449058198013, -23.886278575984111, 0.0 ], [ -46.20598047348458, -23.885779689368846, 0.0 ], [ -46.206171090793696, -23.885648168072301, 0.0 ], [ -46.206228569353165, -23.8856226627341, 0.0 ] ] } },
{ "type": "Feature", "properties": { "ua_id": "UA-R4-STO-1K-002", "regiao_id": 4, "regiao_nome": "Santos-Bertioga", "sigla_rodovia": "SP-055", "escala": "1K", "tipo": "SR", "extensao_km": 0.1872, "ordem_no_grupo": 2, "km_inicial": 235.187, "km_final": 235.375, "subtrecho_der": "055SPE4338", "municipio": "Santos", "regional": "Cubatão", "residencia_dr": "DR 05", "uba_nome": "Cubatão", "uba_codigo": "RC 05.04", "jurisdicao": "Estadual", "conservado_por": "Novo Litoral", "centroide_lon": -46.207076, "centroide_lat": -23.885317, "buffer_lateral_m": 1000, "icc_hid_thresholds": "150;200;230;300", "trecho_critico_hid": false, "RAHID": 0, "hazard": "hidro" }, "geometry": { "type": "LineString", "coordinates": [ [ -46.206228569353165, -23.8856226627341, 0.0 ], [ -46.207083807413376, -23.885243158677223, 0.0 ], [ -46.207965692874453, -23.885142110353744, 0.0 ] ] } },
{ "type": "Feature", "properties": { "ua_id": "UA-R4-STO-1K-003", "regiao_id": 4, "regiao_nome": "Santos-Bertioga", "sigla_rodovia": "SP-055", "escala": "1K", "tipo": "SR", "extensao_km": 0.1872, "ordem_no_grupo": 3, "km_inicial": 235.375, "km_final": 235.562, "subtrecho_der": "055SPE4338", "municipio": "Santos", "regional": "Cubatão", "residencia_dr": "DR 05", "uba_nome": "Cubatão", "uba_codigo": "RC 05.04", "jurisdicao": "Estadual", "conservado_por": "Novo Litoral", "centroide_lon": -46.208851, "centroide_lat": -23.885321, "buffer_lateral_m": 1000, "icc_hid_thresholds": "150;200;230;300", "trecho_critico_hid": false, "RAHID": 0, "hazard": "hidro" }, "geometry": { "type": "LineString", "coordinates": [ [ -46.207965692874453, -23.885142110353744, 0.0 ], [ -46.208082295956999, -23.885128749334822, 0.0 ], [ -46.209081306665738, -23.885328005255513, 0.0 ], [ -46.20968627627601, -23.885649200768967, 0.0 ] ] } },
{ "type": "Feature", "properties": { "ua_id": "UA-R4-STO-1K-004", "regiao_id": 4, "regiao_nome": "Santos-Bertioga", "sigla_rodovia": "SP-055", "escala": "1K", "tipo": "SR", "extensao_km": 0.1872, "ordem_no_grupo": 4, "km_inicial": 235.562, "km_final": 235.75, "subtrecho_der": "055SPE4338", "municipio": "Santos", "regional": "Cubatão", "residencia_dr": "DR 05", "uba_nome": "Cubatão", "uba_codigo": "RC 05.04", "jurisdicao": "Estadual", "conservado_por": "Novo Litoral", "centroide_lon": -46.210319, "centroide_lat": -23.886247, "buffer_lateral_m": 1000, "icc_hid_thresholds": "150;200;230;300", "trecho_critico_hid": false, "RAHID": 0, "hazard": "hidro" }, "geometry": { "type": "LineString", "coordinates": [ [ -46.20968627627601, -23.885649200768967, 0.0 ], [ -46.209840522230046, -23.885731093668571, 0.0 ], [ -46.210020066489442, -23.885901787657374, 0.0 ], [ -46.210242303098283, -23.886117012636813, 0.0 ], [ -46.210483214270177, -23.886350506345412, 0.0 ], [ -46.210823955675266, -23.886943272143217, 0.0 ] ] } },
{ "type": "Feature", "properties": { "ua_id": "UA-R4-STO-1K-005", "regiao_id": 4, "regiao_nome": "Santos-Bertioga", "sigla_rodovia": "SP-055", "escala": "1K", "tipo": "SR", "extensao_km": 0.1872, "ordem_no_grupo": 5, "km_inicial": 235.75, "km_final": 235.937, "subtrecho_der": "055SPE4338", "municipio": "Santos", "regional": "Cubatão", "residencia_dr": "DR 05", "uba_nome": "Cubatão", "uba_codigo": "RC 05.04", "jurisdicao": "Estadual", "conservado_por": "Novo Litoral", "centroide_lon": -46.211005, "centroide_lat": -23.887767, "buffer_lateral_m": 1000, "icc_hid_thresholds": "150;200;230;300", "trecho_critico_hid": false, "RAHID": 0, "hazard": "hidro" }, "geometry": { "type": "LineString", "coordinates": [ [ -46.210823955675266, -23.886943272143217, 0.0 ], [ -46.210866261696644, -23.887016868741174, 0.0 ], [ -46.211046644065519, -23.88781624936335, 0.0 ], [ -46.21107297764356, -23.888150640865536, 0.0 ], [ -46.211090308135311, -23.888605798117176, 0.0 ] ] } },
{ "type": "Feature", "properties": { "ua_id": "UA-R4-STO-1K-006", "regiao_id": 4, "regiao_nome": "Santos-Bertioga", "sigla_rodovia": "SP-055", "escala": "1K", "tipo": "SR", "extensao_km": 0.1872, "ordem_no_grupo": 6, "km_inicial": 235.937, "km_final": 236.125, "subtrecho_der": "055SPE4338", "municipio": "Santos", "regional": "Cubatão", "residencia_dr": "DR 05", "uba_nome": "Cubatão", "uba_codigo": "RC 05.04", "jurisdicao": "Estadual", "conservado_por": "Novo Litoral", "centroide_lon": -46.211122, "centroide_lat": -23.88945, "buffer_lateral_m": 1000, "icc_hid_thresholds": "150;200;230;300", "trecho_critico_hid": false, "RAHID": 0, "hazard": "hidro" }, "geometry": { "type": "LineString", "coordinates": [ [ -46.211090308135311, -23.888605798117176, 0.0 ], [ -46.21115463208708, -23.890295116781722, 0.0 ] ] } },
{ "type": "Feature", "properties": { "ua_id": "UA-R4-STO-1K-007", "regiao_id": 4, "regiao_nome": "Santos-Bertioga", "sigla_rodovia": "SP-055", "escala": "1K", "tipo": "SR", "extensao_km": 0.1872, "ordem_no_grupo": 7, "km_inicial": 236.125, "km_final": 236.313, "subtrecho_der": "055SPE4338", "municipio": "Santos", "regional": "Cubatão", "residencia_dr": "DR 05", "uba_nome": "Cubatão", "uba_codigo": "RC 05.04", "jurisdicao": "Estadual", "conservado_por": "Novo Litoral", "centroide_lon": -46.211187, "centroide_lat": -23.89114, "buffer_lateral_m": 1000, "icc_hid_thresholds": "150;200;230;300", "trecho_critico_hid": false, "RAHID": 0, "hazard": "hidro" }, "geometry": { "type": "LineString", "coordinates": [ [ -46.21115463208708, -23.890295116781722, 0.0 ], [ -46.211218958755964, -23.891984434989482, 0.0 ] ] } },
{ "type": "Feature", "properties": { "ua_id": "UA-R4-STO-1K-008", "regiao_id": 4, "regiao_nome": "Santos-Bertioga", "sigla_rodovia": "SP-055", "escala": "1K", "tipo": "SR", "extensao_km": 0.1872, "ordem_no_grupo": 8, "km_inicial": 236.313, "km_final": 236.5, "subtrecho_der": "055SPE4338", "municipio": "Santos", "regional": "Cubatão", "residencia_dr": "DR 05", "uba_nome": "Cubatão", "uba_codigo": "RC 05.04", "jurisdicao": "Estadual", "conservado_por": "Novo Litoral", "centroide_lon": -46.211265, "centroide_lat": -23.892828, "buffer_lateral_m": 1000, "icc_hid_thresholds": "150;200;230;300", "trecho_critico_hid": false, "RAHID": 0, "hazard": "hidro" }, "geometry": { "type": "LineString", "coordinates": [ [ -46.211218958755964, -23.891984434989482, 0.0 ], [ -46.211258206243286, -23.893015099672567, 0.0 ], [ -46.211356915849258, -23.893667877230921, 0.0 ] ] } },
{ "type": "Feature", "properties": { "ua_id": "UA-R4-STO-1K-009", "regiao_id": 4, "regiao_nome": "Santos-Bertioga", "sigla_rodovia": "SP-055", "escala": "1K", "tipo": "SR", "extensao_km": 0.1872, "ordem_no_grupo": 9, "km_inicial": 236.5, "km_final": 236.687, "subtrecho_der": "055SPE4338", "municipio": "Santos", "regional": "Cubatão", "residencia_dr": "DR 05", "uba_nome": "Cubatão", "uba_codigo": "RC 05.04", "jurisdicao": "Estadual", "conservado_por": "Novo Litoral", "centroide_lon": -46.211819, "centroide_lat": -23.894381, "buffer_lateral_m": 1000, "icc_hid_thresholds": "150;200;230;300", "trecho_critico_hid": false, "RAHID": 0, "hazard": "hidro" }, "geometry": { "type": "LineString", "coordinates": [ [ -46.211356915849258, -23.893667877230921, 0.0 ], [ -46.211381623736436, -23.893831272016669, 0.0 ], [ -46.212354585970992, -23.895066796403434, 0.0 ] ] } },
{ "type": "Feature", "properties": { "ua_id": "UA-R4-STO-1K-010", "regiao_id": 4, "regiao_nome": "Santos-Bertioga", "sigla_rodovia": "SP-055", "escala": "1K", "tipo": "SR", "extensao_km": 0.1872, "ordem_no_grupo": 10, "km_inicial": 236.687, "km_final": 236.875, "subtrecho_der": "055SPE4338", "municipio": "Santos", "regional": "Cubatão", "residencia_dr": "DR 05", "uba_nome": "Cubatão", "uba_codigo": "RC 05.04", "jurisdicao": "Estadual", "conservado_por": "Novo Litoral", "centroide_lon": -46.213164, "centroide_lat": -23.895427, "buffer_lateral_m": 1000, "icc_hid_thresholds": "150;200;230;300", "trecho_critico_hid": false, "RAHID": 0, "hazard": "hidro" }, "geometry": { "type": "LineString", "coordinates": [ [ -46.212354585970992, -23.895066796403434, 0.0 ], [ -46.212413636460219, -23.895141781175337, 0.0 ], [ -46.2131865609784, -23.895502133157844, 0.0 ], [ -46.213838949717733, -23.895608762617179, 0.0 ], [ -46.214047409765016, -23.895614235217007, 0.0 ] ] } },
{ "type": "Feature", "properties": { "ua_id": "UA-R4-STO-1K-011", "regiao_id": 4, "regiao_nome": "Santos-Bertioga", "sigla_rodovia": "SP-055", "escala": "1K", "tipo": "SR", "extensao_km": 0.1872, "ordem_no_grupo": 11, "km_inicial": 236.875, "km_final": 237.062, "subtrecho_der": "055SPE4338", "municipio": "Santos", "regional": "Cubatão", "residencia_dr": "DR 05", "uba_nome": "Cubatão", "uba_codigo": "RC 05.04", "jurisdicao": "Estadual", "conservado_por": "Novo Litoral", "centroide_lon": -46.214965, "centroide_lat": -23.895644, "buffer_lateral_m": 1000, "icc_hid_thresholds": "150;200;230;300", "trecho_critico_hid": false, "RAHID": 0, "hazard": "hidro" }, "geometry": { "type": "LineString", "coordinates": [ [ -46.214047409765016, -23.895614235217007, 0.0 ], [ -46.215589827893716, -23.895654718760916, 0.0 ], [ -46.215873157782688, -23.895731624954088, 0.0 ] ] } },
{ "type": "Feature", "properties": { "ua_id": "UA-R4-STO-1K-012", "regiao_id": 4, "regiao_nome": "Santos-Bertioga", "sigla_rodovia": "SP-055", "escala": "1K", "tipo": "SR", "extensao_km": 0.1872, "ordem_no_grupo": 12, "km_inicial": 237.062, "km_final": 237.25, "subtrecho_der": "055SPE4338", "municipio": "Santos", "regional": "Cubatão", "residencia_dr": "DR 05", "uba_nome": "Cubatão", "uba_codigo": "RC 05.04", "jurisdicao": "Estadual", "conservado_por": "Novo Litoral", "centroide_lon": -46.216676, "centroide_lat": -23.896114, "buffer_lateral_m": 1000, "icc_hid_thresholds": "150;200;230;300", "trecho_critico_hid": false, "RAHID": 0, "hazard": "hidro" }, "geometry": { "type": "LineString", "coordinates": [ [ -46.215873157782688, -23.895731624954088, 0.0 ], [ -46.216352147474048, -23.895861639029292, 0.0 ], [ -46.21742057978652, -23.896603758681039, 0.0 ] ] } },
{ "type": "Feature", "properties": { "ua_id": "UA-R4-STO-1K-013", "regiao_id": 4, "regiao_nome": "Santos-Bertioga", "sigla_rodovia": "SP-055", "escala": "1K", "tipo": "SR", "extensao_km": 0.1872, "ordem_no_grupo": 13, "km_inicial": 237.25, "km_final": 237.437, "subtrecho_der": "055SPE4338", "municipio": "Santos", "regional": "Cubatão", "residencia_dr": "DR 05", "uba_nome": "Cubatão", "uba_codigo": "RC 05.04", "jurisdicao": "Estadual", "conservado_por": "Novo Litoral", "centroide_lon": -46.218248, "centroide_lat": -23.896895, "buffer_lateral_m": 1000, "icc_hid_thresholds": "150;200;230;300", "trecho_critico_hid": false, "RAHID": 0, "hazard": "hidro" }, "geometry": { "type": "LineString", "coordinates": [ [ -46.21742057978652, -23.896603758681039, 0.0 ], [ -46.217675402441699, -23.8967807528782, 0.0 ], [ -46.217983446499808, -23.896897374759142, 0.0 ], [ -46.218427677606044, -23.897028674123149, 0.0 ], [ -46.21913432221973, -23.896904862698541, 0.0 ] ] } },
{ "type": "Feature", "properties": { "ua_id": "UA-R4-STO-1K-014", "regiao_id": 4, "regiao_nome": "Santos-Bertioga", "sigla_rodovia": "SP-055", "escala": "1K", "tipo": "SR", "extensao_km": 0.1872, "ordem_no_grupo": 14, "km_inicial": 237.437, "km_final": 237.625, "subtrecho_der": "055SPE4338", "municipio": "Santos", "regional": "Cubatão", "residencia_dr": "DR 05", "uba_nome": "Cubatão", "uba_codigo": "RC 05.04", "jurisdicao": "Estadual", "conservado_por": "Novo Litoral", "centroide_lon": -46.219833, "centroide_lat": -23.896374, "buffer_lateral_m": 1000, "icc_hid_thresholds": "150;200;230;300", "trecho_critico_hid": false, "RAHID": 0, "hazard": "hidro" }, "geometry": { "type": "LineString", "coordinates": [ [ -46.21913432221973, -23.896904862698541, 0.0 ], [ -46.219225988932159, -23.896888801491791, 0.0 ], [ -46.220392257866976, -23.895909796674324, 0.0 ], [ -46.220466747907778, -23.895773477294849, 0.0 ] ] } },
{ "type": "Feature", "properties": { "ua_id": "UA-R4-STO-1K-015", "regiao_id": 4, "regiao_nome": "Santos-Bertioga", "sigla_rodovia": "SP-055", "escala": "1K", "tipo": "SR", "extensao_km": 0.1872, "ordem_no_grupo": 15, "km_inicial": 237.625, "km_final": 237.812, "subtrecho_der": "055SPE4338", "municipio": "Santos", "regional": "Cubatão", "residencia_dr": "DR 05", "uba_nome": "Cubatão", "uba_codigo": "RC 05.04", "jurisdicao": "Estadual", "conservado_por": "Novo Litoral", "centroide_lon": -46.220642, "centroide_lat": -23.894978, "buffer_lateral_m": 1000, "icc_hid_thresholds": "150;200;230;300", "trecho_critico_hid": false, "RAHID": 0, "hazard": "hidro" }, "geometry": { "type": "LineString", "coordinates": [ [ -46.220466747907778, -23.895773477294849, 0.0 ], [ -46.220717752043619, -23.895314128677185, 0.0 ], [ -46.220691751481773, -23.894648739862724, 0.0 ], [ -46.220525849506643, -23.894161597844175, 0.0 ] ] } },
{ "type": "Feature", "properties": { "ua_id": "UA-R4-STO-1K-016", "regiao_id": 4, "regiao_nome": "Santos-Bertioga", "sigla_rodovia": "SP-055", "escala": "1K", "tipo": "SR", "extensao_km": 0.1872, "ordem_no_grupo": 16, "km_inicial": 237.812, "km_final": 238.0, "subtrecho_der": "055SPE4338", "municipio": "Santos", "regional": "Cubatão", "residencia_dr": "DR 05", "uba_nome": "Cubatão", "uba_codigo": "RC 05.04", "jurisdicao": "Estadual", "conservado_por": "Novo Litoral", "centroide_lon": -46.22029, "centroide_lat": -23.893346, "buffer_lateral_m": 1000, "icc_hid_thresholds": "150;200;230;300", "trecho_critico_hid": false, "RAHID": 0, "hazard": "hidro" }, "geometry": { "type": "LineString", "coordinates": [ [ -46.220525849506643, -23.894161597844175, 0.0 ], [ -46.22033342677441, -23.89359657709031, 0.0 ], [ -46.220096723724176, -23.892520081594085, 0.0 ] ] } }
]
}
