{
"type": "FeatureCollection",
"name": "ua_zones",
"crs": { "type": "name", "properties": { "name": "urn:ogc:def:crs:OGC:1.3:CRS84" } },
"features": [
{ "type": "Feature", "properties": { "regiao": 1, "rodovia": "SP 098", "ra_geo": 1.0, "ra_hid": 0.0, "ra": 1, "km": 82.63, "fonte": "tabela", "fonte_geo": "tabela", "fonte_hid": "tabela" }, "geometry": { "type": "LineString", "coordinates": [ [ -46.037508237011622, -23.721393939453037 ], [ -46.037398006982386, -23.721543396834733 ], [ -46.03728777670559, -23.721692854143793 ], [ -46.037177546181219, -23.721842311380218 ], [ -46.037067315409281, -23.721991768544019 ], [ -46.037023118168349, -23.722151771545867 ], [ -46.03707223645911, -23.722326677442513 ], [ -46.037121354889912, -23.722501583315104 ], [ -46.037170473460762, -23.722676489163621 ], [ -46.037219592171667, -23.72285139498808 ], [ -46.037268711022605, -23.723026300788462 ], [ -46.03730202209011, -23.723199271424889 ], [ -46.037204967253096, -23.723356283178425 ], [ -46.037107912188809, -23.723513294876035 ], [ -46.037010856897247, -23.723670306517729 ], [ -46.036913801378397, -23.723827318103474 ], [ -46.036816745632265, -23.723984329633286 ] ] } },
{ "type": "Feature", "properties": { "regiao": 1, "rodovia": "SP 098", "ra_geo": 2.0, "ra_hid": 0.0, "ra": 2, "km": 83.59, "fonte": "tabela", "fonte_geo": "tabela", "fonte_hid": "tabela" }, "geometry": { "type": "LineString", "coordinates": [ [ -46.03683632791288, -23.725892637026682 ], [ -46.036867445397263, -23.726071008430967 ], [ -46.036898562976084, -23.726249379821997 ], [ -46.036903239457466, -23.726422647079872 ], [ -46.03679691690126, -23.726574487426959 ], [ -46.036690594102915, -23.726726327706601 ], [ -46.036584271062438, -23.726878167918798 ], [ -46.036477947779822, -23.727030008063547 ], [ -46.036441220845937, -23.727201893107924 ], [ -46.036434593801324, -23.727382447416399 ], [ -46.036427966748676, -23.727563001721084 ], [ -46.036421339687998, -23.727743556021988 ], [ -46.036414712619276, -23.727924110319083 ], [ -46.036408085542526, -23.728104664612392 ], [ -46.036401458457725, -23.72828521890191 ], [ -46.036394831364895, -23.728465773187637 ], [ -46.036388204264021, -23.728646327469576 ], [ -46.036381577155112, -23.728826881747718 ], [ -46.036374950038166, -23.729007436022069 ], [ -46.036368322913184, -23.72918799029263 ], [ -46.036361695780151, -23.729368544559399 ], [ -46.036355068639089, -23.729549098822371 ], [ -46.036348441489984, -23.729729653081552 ], [ -46.036341814332836, -23.729910207336939 ], [ -46.036335187167644, -23.730090761588539 ], [ -46.036328559994416, -23.730271315836347 ], [ -46.036321932813152, -23.730451870080362 ], [ -46.036315305623837, -23.730632424320579 ], [ -46.036308678426494, -23.730812978557012 ], [ -46.036302051221099, -23.73099353278965 ], [ -46.036295424007662, -23.731174087018488 ] ] } },
{ "type": "Feature", "properties": { "regiao": 1, "rodovia": "SP 098", "ra_geo": 1.0, "ra_hid": 0.0, "ra": 1, "km": 84.25, "fonte": "tabela", "fonte_geo": "tabela", "fonte_hid": "tabela" }, "geometry": { "type": "LineString", "coordinates": [ [ -46.036288796786188, -23.731354641243538 ], [ -46.036184309386499, -23.731503682508894 ], [ -46.036067244486986, -23.731648673564788 ], [ -46.035950179331351, -23.731793664538404 ], [ -46.03583311391958, -23.73193865542973 ], [ -46.035800309885829, -23.732113213059147 ], [ -46.035782846279893, -23.732293153546571 ], [ -46.035765382636058, -23.732473094029586 ], [ -46.035747918954343, -23.732653034508193 ], [ -46.035803771299456, -23.732824604845508 ], [ -46.035868450250696, -23.732995167476279 ], [ -46.035933129378357, -23.733165730070404 ], [ -46.035997808682438, -23.7333362926279 ], [ -46.036062488162941, -23.733506855148786 ], [ -46.036148115017909, -23.733664521634196 ], [ -46.036294636083852, -23.733784699052201 ] ] } },
{ "type": "Feature", "properties": { "regiao": 1, "rodovia": "SP 098", "ra_geo": 1.0, "ra_hid": 0.0, "ra": 1, "km": 84.73, "fonte": "tabela", "fonte_geo": "tabela", "fonte_hid": "tabela" }, "geometry": { "type": "LineString", "coordinates": [ [ -46.036441157417428, -23.733904876320139 ], [ -46.036587679018631, -23.734025053437978 ], [ -46.036734200887466, -23.734145230405737 ], [ -46.036880723023927, -23.734265407223411 ], [ -46.037027245428021, -23.734385583891005 ], [ -46.037173768099748, -23.734505760408492 ], [ -46.037320291039109, -23.734625936775888 ], [ -46.037466814246109, -23.734746112993186 ], [ -46.037578184935889, -23.734890856198998 ], [ -46.037664540899009, -23.735053081466887 ], [ -46.037750897082276, -23.735215306675727 ], [ -46.037837253485705, -23.73537753182551 ], [ -46.037923610109296, -23.735539756916243 ], [ -46.038009966953048, -23.735701981947908 ], [ -46.038096324016969, -23.735864206920525 ], [ -46.038182681301052, -23.736026431834091 ], [ -46.038269038805311, -23.736188656688594 ], [ -46.038355396529745, -23.736350881484032 ] ] } },
{ "type": "Feature", "properties": { "regiao": 1, "rodovia": "SP 098", "ra_geo": 1.0, "ra_hid": 0.0, "ra": 1, "km": 85.1, "fonte": "tabela", "fonte_geo": "tabela", "fonte_hid": "tabela" }, "geometry": { "type": "LineString", "coordinates": [ [ -46.038441754474356, -23.736513106220407 ], [ -46.038528112639149, -23.736675330897732 ], [ -46.038614471024118, -23.736837555515983 ], [ -46.038700829629278, -23.73699978007517 ], [ -46.03878718845462, -23.737162004575289 ], [ -46.038867898067309, -23.737325215755291 ], [ -46.038852086617773, -23.737505285442641 ], [ -46.038836275134905, -23.737685355125777 ] ] } },
{ "type": "Feature", "properties": { "regiao": 1, "rodovia": "SP 098", "ra_geo": 3.0, "ra_hid": 0.0, "ra": 3, "km": 85.3, "fonte": "tabela", "fonte_geo": "tabela", "fonte_hid": "tabela" }, "geometry": { "type": "LineString", "coordinates": [ [ -46.038820463618698, -23.737865424804685 ], [ -46.03880465206916, -23.738045494479373 ], [ -46.038788840486291, -23.738225564149829 ], [ -46.038766732578033, -23.738404343461323 ], [ -46.038698069498039, -23.738573581815157 ], [ -46.038629406248361, -23.738742820141042 ] ] } },
{ "type": "Feature", "properties": { "regiao": 1, "rodovia": "SP 098", "ra_geo": 3.0, "ra_hid": 0.0, "ra": 3, "km": 85.47, "fonte": "tabela", "fonte_geo": "tabela", "fonte_hid": "tabela" }, "geometry": { "type": "LineString", "coordinates": [ [ -46.038560742828999, -23.738912058438984 ], [ -46.038492079239965, -23.739081296708967 ], [ -46.03842341548124, -23.739250534951001 ], [ -46.038418419527339, -23.739430585761486 ], [ -46.03841696367774, -23.73961123777541 ], [ -46.03841550783438, -23.739791889785312 ] ] } },
{ "type": "Feature", "properties": { "regiao": 1, "rodovia": "SP 098", "ra_geo": 3.0, "ra_hid": 0.0, "ra": 3, "km": 85.65, "fonte": "tabela", "fonte_geo": "tabela", "fonte_hid": "tabela" }, "geometry": { "type": "LineString", "coordinates": [ [ -46.038414051997272, -23.739972541791172 ], [ -46.038448335923356, -23.740138166389745 ], [ -46.038597615566239, -23.740255439008809 ], [ -46.038746895474837, -23.74037271147261 ], [ -46.03889617564915, -23.740489983781139 ], [ -46.039045456089177, -23.7406072559344 ], [ -46.039195620275187, -23.740723146356991 ] ] } },
{ "type": "Feature", "properties": { "regiao": 1, "rodovia": "SP 098", "ra_geo": 1.0, "ra_hid": 0.0, "ra": 1, "km": 85.81, "fonte": "tabela", "fonte_geo": "tabela", "fonte_hid": "tabela" }, "geometry": { "type": "LineString", "coordinates": [ [ -46.039379453215858, -23.740786386148827 ], [ -46.039563286326299, -23.740849625715285 ], [ -46.039747119606517, -23.740912865056387 ], [ -46.039930953056498, -23.740976104172102 ] ] } },
{ "type": "Feature", "properties": { "regiao": 1, "rodovia": "SP 098", "ra_geo": 1.0, "ra_hid": 1.0, "ra": 1, "km": 87.51, "fonte": "tabela", "fonte_geo": "tabela", "fonte_hid": "tabela" }, "geometry": { "type": "LineString", "coordinates": [ [ -46.040114786676249, -23.741039343062447 ], [ -46.040298620465762, -23.741102581727418 ], [ -46.040482454425046, -23.741165820167001 ], [ -46.040666288554092, -23.741229058381215 ], [ -46.040850122852902, -23.741292296370037 ], [ -46.041033957321474, -23.741355534133465 ], [ -46.041217791959802, -23.741418771671519 ], [ -46.041401626767893, -23.741482008984182 ], [ -46.04158546174574, -23.74154524607145 ], [ -46.041769296893342, -23.741608482933326 ], [ -46.041953132210708, -23.741671719569812 ], [ -46.042128416295299, -23.74174908788796 ], [ -46.042283592792323, -23.741859685864032 ], [ -46.042438769548859, -23.741970283673549 ], [ -46.042593946564907, -23.742080881316522 ], [ -46.042749123840473, -23.74219147879295 ], [ -46.04290430137555, -23.742302076102824 ], [ -46.043000237135281, -23.74245899835034 ], [ -46.043093706042789, -23.742617849698519 ], [ -46.04318717518268, -23.742776700979025 ], [ -46.043280644554962, -23.742935552191838 ], [ -46.04337411415964, -23.743094403336954 ], [ -46.043467583996716, -23.743253254414373 ], [ -46.043561054066188, -23.743412105424106 ], [ -46.043654524368058, -23.743570956366131 ], [ -46.04374799490234, -23.743729807240463 ], [ -46.043841465669018, -23.743888658047098 ], [ -46.043934936668116, -23.744047508786032 ], [ -46.044057810762858, -23.744188025818239 ], [ -46.044183389507644, -23.744326856467787 ], [ -46.044308968520575, -23.74446568700348 ], [ -46.044434547801664, -23.744604517425337 ], [ -46.044560127350891, -23.744743347733333 ], [ -46.044731691826463, -23.744823284045594 ], [ -46.044914670956445, -23.744888601302968 ], [ -46.04509765026134, -23.74495391833673 ], [ -46.04528062974115, -23.74501923514687 ], [ -46.045463609395874, -23.745084551733395 ], [ -46.045646589225512, -23.745149868096298 ], [ -46.045829569230058, -23.745215184235583 ], [ -46.046012549409518, -23.745280500151257 ], [ -46.046195529763885, -23.745345815843283 ], [ -46.046365941902842, -23.74543283448083 ], [ -46.04652684996789, -23.745536265025173 ], [ -46.046687758283582, -23.745639695391652 ], [ -46.046848666849911, -23.74574312558029 ], [ -46.046921298703879, -23.74589086728502 ], [ -46.046928608135147, -23.74607139837023 ], [ -46.046935917596898, -23.746251929450239 ], [ -46.046943227089123, -23.746432460525043 ], [ -46.046934131977139, -23.746611957202717 ], [ -46.046900147298523, -23.746789884467994 ], [ -46.046866162537256, -23.746967811725007 ], [ -46.046832177693361, -23.747145738973767 ], [ -46.046798192766822, -23.747323666214292 ], [ -46.046764207757647, -23.747501593446561 ], [ -46.046730222665829, -23.747679520670573 ], [ -46.046696237491375, -23.747857447886339 ], [ -46.04666225223427, -23.748035375093856 ], [ -46.04657250261797, -23.748187589074504 ], [ -46.046438043583073, -23.748319187311164 ], [ -46.046303584278519, -23.748450785438134 ], [ -46.046169124704278, -23.748582383455389 ], [ -46.046024938175201, -23.748700420223084 ], [ -46.045840643116946, -23.748762537005131 ], [ -46.045656347875912, -23.748824653573021 ], [ -46.045472052452105, -23.748886769926738 ], [ -46.045287756845518, -23.748948886066305 ], [ -46.045103461056165, -23.749011001991704 ], [ -46.044919165084032, -23.749073117702924 ], [ -46.04473486892914, -23.749135233199979 ], [ -46.044550572591469, -23.74919734848287 ], [ -46.044366276071031, -23.749259463551578 ], [ -46.044197414522735, -23.749348899258258 ], [ -46.044036335450741, -23.749452110528953 ], [ -46.043875256121176, -23.749555321639285 ], [ -46.043714176534053, -23.74965853258924 ], [ -46.0435749079018, -23.749779414713132 ], [ -46.043484134277037, -23.749939587346965 ], [ -46.043393360436049, -23.750099759931988 ], [ -46.043302586378836, -23.750259932468214 ], [ -46.043211812105405, -23.750420104955637 ], [ -46.043121037615734, -23.750580277394249 ], [ -46.043030262909838, -23.750740449784043 ], [ -46.042939487987709, -23.750900622125034 ], [ -46.042821145007224, -23.751042759475236 ], [ -46.042686654256521, -23.75117433299069 ], [ -46.042552163236088, -23.751305906396329 ], [ -46.042417671945927, -23.751437479692168 ], [ -46.042243650850104, -23.751470250466351 ], [ -46.042048574298278, -23.751450393805506 ], [ -46.041853497795586, -23.751430536896226 ], [ -46.041658421342014, -23.75141067973852 ], [ -46.041463344937583, -23.7513908223324 ], [ -46.041304366387834, -23.751291621014449 ], [ -46.041152129929131, -23.751177600825624 ], [ -46.040999893733535, -23.751063580475854 ], [ -46.040847657801045, -23.750949559965157 ], [ -46.040695422131648, -23.750835539293529 ], [ -46.04064789958197, -23.750662723138717 ], [ -46.040607424646005, -23.750485949858831 ], [ -46.040566949828765, -23.75030917656056 ], [ -46.040526475130235, -23.750132403243882 ], [ -46.04048600055043, -23.749955629908811 ], [ -46.04044552608935, -23.749778856555331 ], [ -46.04040505174698, -23.749602083183461 ], [ -46.040364577523327, -23.749425309793185 ], [ -46.040324103418392, -23.74924853638452 ], [ -46.040208257908212, -23.749126421150592 ], [ -46.040031021990941, -23.749048825198894 ], [ -46.039853786277277, -23.748971229035782 ], [ -46.039676550767233, -23.748893632661268 ], [ -46.03949931546078, -23.748816036075354 ], [ -46.039335601784607, -23.748908861018176 ], [ -46.039172494955004, -23.749009337466177 ], [ -46.039009387871133, -23.749109813749445 ] ] } },
{ "type": "Feature", "properties": { "regiao": 1, "rodovia": "SP 098", "ra_geo": 1.0, "ra_hid": 0.0, "ra": 1, "km": 89.23, "fonte": "tabela", "fonte_geo": "tabela", "fonte_hid": "tabela" }, "geometry": { "type": "LineString", "coordinates": [ [ -46.038846280532972, -23.749210289867996 ], [ -46.038783073035802, -23.74935786245808 ], [ -46.038789816514374, -23.749538412526807 ], [ -46.038796560021787, -23.749718962590421 ], [ -46.038803303558048, -23.749899512648959 ], [ -46.03881004712315, -23.750080062702395 ] ] } },
{ "type": "Feature", "properties": { "regiao": 1, "rodovia": "SP 098", "ra_geo": 3.0, "ra_hid": 0.0, "ra": 3, "km": 89.46, "fonte": "tabela", "fonte_geo": "tabela", "fonte_hid": "tabela" }, "geometry": { "type": "LineString", "coordinates": [ [ -46.038848940696198, -23.75025665421526 ], [ -46.038893987093395, -23.750432488143435 ], [ -46.038939033620792, -23.750608322050308 ], [ -46.038984080278382, -23.7507841559359 ], [ -46.039029127066179, -23.750959989800187 ], [ -46.039074173984183, -23.751135823643196 ], [ -46.039119221032387, -23.751311657464907 ], [ -46.039164268210804, -23.751487491265326 ], [ -46.039209315519429, -23.751663325044454 ], [ -46.03925436295826, -23.751839158802284 ] ] } },
{ "type": "Feature", "properties": { "regiao": 1, "rodovia": "SP 098", "ra_geo": 1.0, "ra_hid": 0.0, "ra": 1, "km": 89.68, "fonte": "tabela", "fonte_geo": "tabela", "fonte_hid": "tabela" }, "geometry": { "type": "LineString", "coordinates": [ [ -46.039299410527306, -23.752014992538832 ], [ -46.039344458226566, -23.752190826254079 ], [ -46.03938950605604, -23.752366659948031 ], [ -46.039434554015727, -23.752542493620691 ], [ -46.039479602105644, -23.752718327272049 ], [ -46.039524650325767, -23.75289416090213 ] ] } },
{ "type": "Feature", "properties": { "regiao": 1, "rodovia": "SP 098", "ra_geo": 3.0, "ra_hid": 3.0, "ra": 3, "km": 89.9, "fonte": "tabela", "fonte_geo": "tabela", "fonte_hid": "tabela" }, "geometry": { "type": "LineString", "coordinates": [ [ -46.039569698676132, -23.753069994510902 ], [ -46.039614747156705, -23.753245828098368 ], [ -46.039659688818396, -23.753421674837419 ], [ -46.039666450270779, -23.753602224207626 ], [ -46.039673211752074, -23.753782773572734 ], [ -46.039679973262281, -23.753963322932755 ], [ -46.039686734801393, -23.754143872287671 ], [ -46.039693496369402, -23.754324421637502 ], [ -46.039663342515034, -23.754500701362922 ] ] } },
{ "type": "Feature", "properties": { "regiao": 1, "rodovia": "SP 098", "ra_geo": 2.0, "ra_hid": 2.0, "ra": 2, "km": 90.08, "fonte": "tabela", "fonte_geo": "tabela", "fonte_hid": "tabela" }, "geometry": { "type": "LineString", "coordinates": [ [ -46.039608261602545, -23.754674098035828 ], [ -46.039553180552758, -23.754847494690363 ], [ -46.039498099365701, -23.755020891326538 ], [ -46.039443018041339, -23.755194287944335 ] ] } },
{ "type": "Feature", "properties": { "regiao": 1, "rodovia": "SP 098", "ra_geo": 3.0, "ra_hid": 4.0, "ra": 4, "km": 90.33, "fonte": "tabela", "fonte_geo": "tabela", "fonte_hid": "tabela" }, "geometry": { "type": "LineString", "coordinates": [ [ -46.039387936579693, -23.755367684543771 ], [ -46.039332854980756, -23.755541081124832 ], [ -46.039277773244521, -23.755714477687519 ], [ -46.039222691370988, -23.755887874231846 ], [ -46.039167609360163, -23.756061270757804 ], [ -46.039112527212033, -23.756234667265378 ], [ -46.039057444926605, -23.756408063754581 ], [ -46.039002362503865, -23.756581460225412 ], [ -46.03894727994382, -23.756754856677876 ], [ -46.038892197246462, -23.756928253111962 ], [ -46.038837114411805, -23.757101649527673 ], [ -46.038782031439823, -23.757275045925017 ], [ -46.038726948330535, -23.757448442303978 ], [ -46.038671865083927, -23.757621838664562 ] ] } },
{ "type": "Feature", "properties": { "regiao": 1, "rodovia": "SP 098", "ra_geo": 3.0, "ra_hid": 3.0, "ra": 3, "km": 90.6, "fonte": "tabela", "fonte_geo": "tabela", "fonte_hid": "tabela" }, "geometry": { "type": "LineString", "coordinates": [ [ -46.0386167817, -23.757795235006785 ], [ -46.038561698178754, -23.757968631330616 ], [ -46.03850661452018, -23.758142027636069 ], [ -46.038451530724288, -23.758315423923154 ], [ -46.038396446791062, -23.758488820191854 ] ] } },
{ "type": "Feature", "properties": { "regiao": 1, "rodovia": "SP 098", "ra_geo": 1.0, "ra_hid": 3.0, "ra": 3, "km": 90.73, "fonte": "tabela", "fonte_geo": "tabela", "fonte_hid": "tabela" }, "geometry": { "type": "LineString", "coordinates": [ [ -46.038341362720516, -23.758662216442175 ], [ -46.038286278512636, -23.758835612674122 ], [ -46.038231194167416, -23.759009008887691 ], [ -46.038176109684869, -23.759182405082868 ] ] } },
{ "type": "Feature", "properties": { "regiao": 1, "rodovia": "SP 098", "ra_geo": 1.0, "ra_hid": 2.0, "ra": 2, "km": 90.87, "fonte": "tabela", "fonte_geo": "tabela", "fonte_hid": "tabela" }, "geometry": { "type": "LineString", "coordinates": [ [ -46.038121025064981, -23.759355801259673 ], [ -46.038065940307753, -23.759529197418093 ], [ -46.038010855413191, -23.759702593558131 ], [ -46.037955770381281, -23.759875989679788 ], [ -46.03790068521203, -23.76004938578307 ], [ -46.037845599905424, -23.760222781867959 ] ] } },
{ "type": "Feature", "properties": { "regiao": 1, "rodovia": "SP 098", "ra_geo": 1.0, "ra_hid": 2.0, "ra": 2, "km": 92.88, "fonte": "tabela", "fonte_geo": "tabela", "fonte_hid": "tabela" }, "geometry": { "type": "LineString", "coordinates": [ [ -46.037790514461477, -23.760396177934464 ], [ -46.037735428880175, -23.760569573982593 ], [ -46.037680343161526, -23.760742970012334 ], [ -46.037625257305514, -23.760916366023686 ], [ -46.037570171312154, -23.761089762016656 ], [ -46.037515085181425, -23.761263157991237 ], [ -46.037459998913334, -23.761436553947426 ], [ -46.037404912507895, -23.761609949885237 ], [ -46.03734982596508, -23.761783345804663 ], [ -46.037294739284896, -23.761956741705692 ], [ -46.037239652467349, -23.762130137588329 ], [ -46.037184565512426, -23.762303533452592 ], [ -46.037129478420134, -23.762476929298451 ], [ -46.037074391190465, -23.762650325125922 ], [ -46.037019303823428, -23.762823720935014 ], [ -46.036964216318999, -23.762997116725703 ], [ -46.036909128677195, -23.763170512498 ], [ -46.036854040898007, -23.763343908251915 ], [ -46.036798952981435, -23.76351730398742 ], [ -46.036743864927473, -23.76369069970454 ], [ -46.036688776736121, -23.763864095403274 ], [ -46.036633688407385, -23.764037491083599 ], [ -46.036578599941251, -23.764210886745541 ], [ -46.03652351133772, -23.764384282389081 ], [ -46.03653331441906, -23.764564214794351 ], [ -46.036546347862583, -23.76474447259433 ], [ -46.036559381352177, -23.764924730387818 ], [ -46.03657241488785, -23.765104988174816 ], [ -46.036585448469587, -23.765285245955333 ], [ -46.036598482097418, -23.765465503729367 ], [ -46.03661283837581, -23.765645376643707 ], [ -46.036714761354062, -23.765799769284097 ], [ -46.036816684577616, -23.765954161845812 ], [ -46.036918608046491, -23.766108554328852 ], [ -46.037020531760675, -23.766262946733217 ], [ -46.03712245572018, -23.766417339058897 ], [ -46.037224379925, -23.766571731305891 ], [ -46.037328700576033, -23.766724168002405 ], [ -46.037483047785422, -23.766835779522115 ], [ -46.037637395255764, -23.766947390876783 ], [ -46.037791742987068, -23.767059002066418 ], [ -46.037946090979347, -23.767170613091022 ], [ -46.038100439232593, -23.767282223950602 ], [ -46.038254787746794, -23.767393834645151 ], [ -46.038409136521977, -23.767505445174656 ], [ -46.038563485558129, -23.767617055539116 ], [ -46.038717834855248, -23.767728665738542 ], [ -46.03887218441335, -23.767840275772908 ], [ -46.039026534232413, -23.767951885642248 ], [ -46.039180884312458, -23.768063495346521 ], [ -46.039335234653485, -23.768175104885746 ], [ -46.039489585255474, -23.768286714259915 ], [ -46.039643936118452, -23.768398323469029 ], [ -46.039798287242405, -23.768509932513087 ], [ -46.039952638627348, -23.768621541392072 ], [ -46.040106990273259, -23.768733150105991 ], [ -46.040261342180159, -23.768844758654854 ], [ -46.040415694348042, -23.768956367038641 ], [ -46.040570046776907, -23.769067975257361 ], [ -46.040724399466761, -23.769179583311011 ], [ -46.040878752417605, -23.769291191199571 ], [ -46.041033105629431, -23.769402798923057 ], [ -46.041187459102254, -23.769514406481459 ], [ -46.041341812836052, -23.769626013874777 ], [ -46.041496166830854, -23.769737621103019 ], [ -46.041650521086645, -23.769849228166173 ], [ -46.041804875603425, -23.769960835064218 ], [ -46.04195923038121, -23.770072441797172 ], [ -46.042113585419983, -23.770184048365035 ], [ -46.042267940719753, -23.770295654767811 ], [ -46.04242229628052, -23.770407261005474 ], [ -46.042576652102291, -23.770518867078035 ], [ -46.042731008185058, -23.770630472985484 ], [ -46.042885364528821, -23.770742078727828 ], [ -46.043039721133596, -23.770853684305063 ], [ -46.043194077999374, -23.770965289717193 ], [ -46.043348435126148, -23.771076894964196 ], [ -46.043502792513934, -23.771188500046087 ], [ -46.043657150162723, -23.771300104962847 ], [ -46.043811508072523, -23.771411709714492 ], [ -46.043965866243326, -23.771523314301017 ], [ -46.044120224675147, -23.771634918722405 ], [ -46.044274583367965, -23.771746522978674 ], [ -46.044428942321808, -23.771858127069798 ], [ -46.044583301536655, -23.771969730995785 ], [ -46.044737661012526, -23.772081334756649 ], [ -46.044892020749408, -23.772192938352362 ], [ -46.045046380747301, -23.772304541782933 ], [ -46.045200741006212, -23.772416145048364 ], [ -46.045355101526148, -23.772527748148644 ], [ -46.045509462307102, -23.772639351083768 ], [ -46.045663823349074, -23.772750953853762 ], [ -46.04581818465207, -23.772862556458584 ], [ -46.045972546216085, -23.772974158898251 ], [ -46.046126908041124, -23.773085761172755 ], [ -46.046281270127196, -23.773197363282105 ], [ -46.046435632474285, -23.773308965226292 ], [ -46.046589995082407, -23.773420567005303 ], [ -46.046744357951553, -23.773532168619159 ], [ -46.046898721081732, -23.773643770067832 ], [ -46.047053084472942, -23.773755371351331 ], [ -46.047207448125178, -23.773866972469666 ], [ -46.047361812038446, -23.773978573422809 ], [ -46.047516176212753, -23.774090174210773 ], [ -46.047670540648099, -23.774201774833557 ], [ -46.04782490534447, -23.774313375291147 ], [ -46.047979270301887, -23.77442497558356 ], [ -46.048133635520337, -23.77453657571078 ], [ -46.048288000999825, -23.774648175672795 ], [ -46.048442366740353, -23.774759775469629 ], [ -46.048592404429989, -23.774875777733769 ], [ -46.048728461302126, -23.77500600100489 ], [ -46.048864518445654, -23.775136224144418 ], [ -46.049000575860603, -23.775266447152337 ], [ -46.049136633546965, -23.77539667002867 ], [ -46.04927269150474, -23.775526892773382 ], [ -46.049408749733928, -23.775657115386494 ], [ -46.049544808234543, -23.775787337868003 ], [ -46.049698926985528, -23.775897022517903 ], [ -46.049865688533217, -23.775992329956139 ], [ -46.050032450319421, -23.776087637204519 ], [ -46.05019921234414, -23.776182944263038 ], [ -46.050365974607359, -23.7762782511317 ], [ -46.050532737109094, -23.776373557810498 ], [ -46.050699499849344, -23.776468864299442 ], [ -46.050866262828102, -23.776564170598515 ], [ -46.051031469659542, -23.776661367635469 ], [ -46.051176326128243, -23.776783289446414 ], [ -46.051321182866175, -23.776905211110005 ], [ -46.051466039873333, -23.777027132626252 ], [ -46.051610897149743, -23.77714905399516 ], [ -46.051755754695385, -23.777270975216716 ], [ -46.051900612510266, -23.777392896290912 ], [ -46.052045470594393, -23.777514817217771 ], [ -46.052190328947759, -23.777636737997266 ], [ -46.052335187570378, -23.777758658629402 ] ] } },
{ "type": "Feature", "properties": { "regiao": 1, "rodovia": "SP 098", "ra_geo": 4.0, "ra_hid": 0.0, "ra": 4, "km": 75.6, "fonte": "figura", "fonte_geo": "figura", "fonte_hid": "figura" }, "geometry": { "type": "LineString", "coordinates": [ [ -46.091649640526576, -23.699265748233845 ], [ -46.091661703928708, -23.699446402084337 ], [ -46.091657876600813, -23.699625705770487 ], [ -46.091610118991717, -23.699801276918389 ], [ -46.091562361264387, -23.699976848052362 ], [ -46.091443606139215, -23.7001184816415 ], [ -46.091315157049266, -23.70025548143116 ], [ -46.091186707692685, -23.700392481121693 ], [ -46.091022211277462, -23.700483917140257 ], [ -46.090841217600797, -23.700554500504509 ], [ -46.090660223721883, -23.700625083663599 ], [ -46.090477820054019, -23.700691698759766 ], [ -46.090286516752663, -23.700733262435477 ], [ -46.090095213320431, -23.700774825878927 ], [ -46.089903909757339, -23.700816389090125 ], [ -46.089712606063372, -23.700857952069054 ], [ -46.089517335563166, -23.700874080830101 ], [ -46.089321061118682, -23.70088377245327 ], [ -46.08912478663445, -23.700893463828528 ], [ -46.088928512110485, -23.70090315495591 ], [ -46.088732237546786, -23.700912845835383 ], [ -46.088535962943354, -23.700922536466969 ], [ -46.088339688300188, -23.700932226850657 ], [ -46.088143413617296, -23.700941916986459 ], [ -46.08794713889467, -23.700951606874362 ], [ -46.087750864132332, -23.700961296514372 ], [ -46.087563421733009, -23.700989873698525 ], [ -46.087420903475497, -23.701114519825687 ], [ -46.087278384946664, -23.701239165829548 ], [ -46.087220765180376, -23.701406839842825 ], [ -46.087182651298995, -23.701584399773214 ], [ -46.087144537324427, -23.701761959694004 ], [ -46.087106423256685, -23.701939519605187 ], [ -46.087047311485001, -23.702110912669099 ], [ -46.086966741258799, -23.702276003568119 ], [ -46.086886170836991, -23.702441094429151 ], [ -46.086714880884756, -23.702528712188897 ], [ -46.086542160854236, -23.70261510869625 ], [ -46.086369440590381, -23.702701505018187 ], [ -46.086196720093199, -23.702787901154704 ], [ -46.086023999362666, -23.702874297105815 ], [ -46.085849097053952, -23.702956697604005 ], [ -46.085670765632621, -23.703032817679127 ], [ -46.085492433997395, -23.703108937555566 ], [ -46.085314102148281, -23.703185057233306 ], [ -46.08513577008528, -23.703261176712363 ], [ -46.084957437808391, -23.703337295992725 ], [ -46.084779638328349, -23.703414459575175 ], [ -46.084602177105729, -23.703492286242643 ], [ -46.08442471566579, -23.703570112713525 ], [ -46.084247254008531, -23.703647938987803 ], [ -46.084069792133953, -23.703725765065471 ], [ -46.083892330042055, -23.703803590946542 ], [ -46.083711422677588, -23.703872351312896 ], [ -46.083519981646653, -23.703913393598658 ], [ -46.083328540486285, -23.703954435651728 ], [ -46.083134337632224, -23.703964034317153 ], [ -46.082938221913849, -23.703951852942172 ], [ -46.082742106221239, -23.703939671317286 ], [ -46.082546095077731, -23.703926188632352 ], [ -46.082350167937889, -23.703911660646774 ], [ -46.082154240830839, -23.703897132411505 ], [ -46.081958313756573, -23.703882603926537 ], [ -46.081762386715113, -23.70386807519187 ], [ -46.081566459706444, -23.703853546207508 ], [ -46.081370532730574, -23.703839016973454 ], [ -46.081174605787517, -23.703824487489705 ], [ -46.080978678877258, -23.703809957756256 ], [ -46.080782751999806, -23.70379542777312 ], [ -46.080586825155166, -23.703780897540291 ], [ -46.080390898343339, -23.703766367057767 ], [ -46.080194971564332, -23.703751836325548 ], [ -46.079999044818138, -23.703737305343633 ], [ -46.079803118104763, -23.703722774112041 ], [ -46.079607191424216, -23.703708242630743 ], [ -46.079414069574021, -23.703717685267311 ] ] } },
{ "type": "Feature", "properties": { "regiao": 1, "rodovia": "SP 098", "ra_geo": 3.0, "ra_hid": 1.0, "ra": 3, "km": 76.24, "fonte": "tabela", "fonte_geo": "tabela", "fonte_hid": "tabela" }, "geometry": { "type": "LineString", "coordinates": [ [ -46.07922599935749, -23.703770307996813 ], [ -46.079037928981194, -23.703822930502859 ], [ -46.078849858445132, -23.703875552785451 ], [ -46.078661787749304, -23.703928174844595 ] ] } },
{ "type": "Feature", "properties": { "regiao": 1, "rodovia": "SP 098", "ra_geo": 1.0, "ra_hid": 1.0, "ra": 1, "km": 76.42, "fonte": "tabela", "fonte_geo": "tabela", "fonte_hid": "tabela" }, "geometry": { "type": "LineString", "coordinates": [ [ -46.078473716893718, -23.70398079668027 ], [ -46.078285645878374, -23.704033418292486 ], [ -46.078097574703264, -23.704086039681243 ], [ -46.077909503368403, -23.704138660846535 ], [ -46.077721431873783, -23.704191281788358 ], [ -46.077535485131278, -23.704249881782445 ], [ -46.077350012994529, -23.704309817545052 ], [ -46.077164540679966, -23.70436975309104 ], [ -46.076979068187605, -23.704429688420404 ], [ -46.076793595517422, -23.704489623533135 ], [ -46.076608122669441, -23.704549558429242 ], [ -46.076422649643654, -23.704609493108713 ], [ -46.07623717644006, -23.704669427571549 ], [ -46.076051703058667, -23.704729361817751 ], [ -46.075866229499468, -23.70478929584732 ], [ -46.075680755762477, -23.704849229660251 ], [ -46.07549528184768, -23.704909163256541 ], [ -46.07530980775509, -23.704969096636184 ], [ -46.075124333484702, -23.705029029799185 ] ] } },
{ "type": "Feature", "properties": { "regiao": 1, "rodovia": "SP 098", "ra_geo": 1.0, "ra_hid": 0.0, "ra": 1, "km": 76.72, "fonte": "tabela", "fonte_geo": "tabela", "fonte_hid": "tabela" }, "geometry": { "type": "LineString", "coordinates": [ [ -46.074939126567763, -23.705089656234364 ], [ -46.074754154705374, -23.705150892224324 ], [ -46.074569182662081, -23.705212127998941 ], [ -46.074384210437884, -23.705273363558206 ], [ -46.074199238032783, -23.705334598902123 ], [ -46.074014265446792, -23.705395834030671 ], [ -46.073828028850578, -23.705453571050249 ], [ -46.073640083049789, -23.705506577753436 ], [ -46.073452137088296, -23.705559584233463 ], [ -46.0732641909661, -23.705612590490322 ], [ -46.07307948963183, -23.70567441221878 ], [ -46.072895274010826, -23.705737553791074 ], [ -46.072711058204433, -23.705800695149943 ], [ -46.072526842212667, -23.705863836295382 ], [ -46.072342626035507, -23.705926977227403 ], [ -46.072158409672966, -23.705990117945987 ], [ -46.071974193125044, -23.706053258451146 ], [ -46.071789976391742, -23.706116398742875 ], [ -46.071605759473066, -23.706179538821157 ] ] } },
{ "type": "Feature", "properties": { "regiao": 1, "rodovia": "SP 098", "ra_geo": 1.0, "ra_hid": 0.0, "ra": 1, "km": 76.97, "fonte": "tabela", "fonte_geo": "tabela", "fonte_hid": "tabela" }, "geometry": { "type": "LineString", "coordinates": [ [ -46.071421542369009, -23.70624267868601 ], [ -46.071237325079572, -23.706305818337423 ], [ -46.071053107604769, -23.706368957775403 ], [ -46.070868889944585, -23.706432096999936 ], [ -46.070684672099034, -23.706495236011023 ], [ -46.070500454068103, -23.706558374808662 ], [ -46.070316235851813, -23.70662151339285 ], [ -46.070132017450149, -23.706684651763588 ], [ -46.069947798863126, -23.70674778992089 ], [ -46.069763580090729, -23.706810927864719 ], [ -46.069579361132966, -23.706874065595095 ], [ -46.069395141989844, -23.706937203112012 ] ] } },
{ "type": "Feature", "properties": { "regiao": 1, "rodovia": "SP 098", "ra_geo": 1.0, "ra_hid": 1.0, "ra": 1, "km": 77.1, "fonte": "tabela", "fonte_geo": "tabela", "fonte_hid": "tabela" }, "geometry": { "type": "LineString", "coordinates": [ [ -46.069210922661362, -23.707000340415476 ], [ -46.069026703147514, -23.707063477505478 ], [ -46.068842483448307, -23.707126614382009 ], [ -46.068658263563741, -23.707189751045075 ] ] } },
{ "type": "Feature", "properties": { "regiao": 1, "rodovia": "SP 098", "ra_geo": 3.0, "ra_hid": 1.0, "ra": 3, "km": 77.18, "fonte": "tabela", "fonte_geo": "tabela", "fonte_hid": "tabela" }, "geometry": { "type": "LineString", "coordinates": [ [ -46.068471743958554, -23.707246475364197 ], [ -46.06828291708721, -23.707296766223905 ], [ -46.068094090062111, -23.707347056858051 ], [ -46.067905262883265, -23.707397347266621 ], [ -46.067716435550672, -23.707447637449629 ], [ -46.067527608064339, -23.707497927407076 ], [ -46.067339485370773, -23.707550226559839 ] ] } },
{ "type": "Feature", "properties": { "regiao": 1, "rodovia": "SP 098", "ra_geo": 4.0, "ra_hid": 1.0, "ra": 4, "km": 79.53, "fonte": "tabela", "fonte_geo": "tabela", "fonte_hid": "tabela" }, "geometry": { "type": "LineString", "coordinates": [ [ -46.0671543904229, -23.707611156439651 ], [ -46.066969295294882, -23.707672086103727 ], [ -46.066784199986714, -23.707733015552076 ], [ -46.066599104498422, -23.707793944784697 ], [ -46.066414008829987, -23.70785487380158 ], [ -46.066228912981423, -23.707915802602724 ], [ -46.066043816952721, -23.707976731188143 ], [ -46.065858720743883, -23.708037659557814 ], [ -46.065673624354922, -23.708098587711739 ], [ -46.065488527785824, -23.708159515649928 ], [ -46.065303431036604, -23.708220443372372 ], [ -46.065118334107247, -23.70828137087906 ], [ -46.064933236997774, -23.708342298170006 ], [ -46.064748139708165, -23.708403225245206 ], [ -46.064563041448231, -23.708464150069176 ], [ -46.064377439453864, -23.708523738612733 ], [ -46.064191143428801, -23.708581485846633 ], [ -46.064004847231288, -23.70863923286166 ], [ -46.063818550861335, -23.708696979657802 ], [ -46.063632254318932, -23.708754726235089 ], [ -46.063445957604102, -23.70881247259349 ], [ -46.063259660716831, -23.708870218733015 ], [ -46.063073420869813, -23.708928120500534 ], [ -46.062887280364137, -23.708986293126024 ], [ -46.062701139684997, -23.709044465533051 ], [ -46.06251499883237, -23.709102637721593 ], [ -46.062328857806278, -23.709160809691671 ], [ -46.062142716606708, -23.70921898144325 ], [ -46.061956292037692, -23.709276364697807 ], [ -46.06176919501182, -23.709331876413636 ], [ -46.061582097819027, -23.70938738790846 ], [ -46.061395000459314, -23.709442899182292 ], [ -46.061207902932686, -23.709498410235131 ], [ -46.061020805239139, -23.709553921066963 ], [ -46.060836613581586, -23.709617063352479 ], [ -46.060652835391103, -23.709681291677459 ], [ -46.06046905701276, -23.70974551979003 ], [ -46.060285278446557, -23.709809747690205 ], [ -46.060101499692486, -23.70987397537796 ], [ -46.059929296524047, -23.709961142790135 ], [ -46.059757466596849, -23.710049050143702 ], [ -46.059585636433766, -23.710136957313654 ], [ -46.059413806034797, -23.710224864299992 ], [ -46.059241975399942, -23.710312771102725 ], [ -46.059070144529201, -23.710400677721829 ], [ -46.058898313422574, -23.710488584157318 ], [ -46.058726482080061, -23.710576490409192 ], [ -46.058554650501662, -23.710664396477437 ], [ -46.058382818687377, -23.710752302362057 ], [ -46.058210986637206, -23.71084020806304 ], [ -46.058039154351157, -23.710928113580408 ], [ -46.057867321829221, -23.711016018914126 ], [ -46.057692947562643, -23.711099521917063 ], [ -46.057517693854528, -23.711181501841377 ], [ -46.057342439921143, -23.711263481574107 ], [ -46.057168147093769, -23.711347172207514 ], [ -46.056994218534285, -23.711431511427168 ], [ -46.056809598750611, -23.711482033128433 ], [ -46.05661368175646, -23.711496820024717 ], [ -46.056417764707781, -23.711511606674428 ], [ -46.056221877913103, -23.711511355486177 ], [ -46.056026021776276, -23.711495899645683 ], [ -46.055830165675282, -23.711480443555537 ], [ -46.055634309610127, -23.711464987215766 ], [ -46.05544449307186, -23.711422785655721 ], [ -46.055258178357782, -23.711365077155751 ], [ -46.05507186379932, -23.711307368425135 ], [ -46.054885549396481, -23.711249659463881 ], [ -46.054699235149265, -23.711191950271989 ], [ -46.054512921057665, -23.711134240849461 ], [ -46.054326607121695, -23.711076531196298 ], [ -46.054140293341348, -23.7110188213125 ], [ -46.053953979716631, -23.710961111198063 ], [ -46.053767666247545, -23.710903400853002 ], [ -46.053581352934088, -23.710845690277317 ], [ -46.053395039776262, -23.710787979471 ], [ -46.053202390495237, -23.710753308787442 ], [ -46.053008180905152, -23.710728418705113 ], [ -46.05281162237894, -23.710730627569266 ], [ -46.052615063835667, -23.710732836183919 ], [ -46.052420086646933, -23.710751325778467 ], [ -46.052226221681423, -23.710781267018728 ], [ -46.052032356617516, -23.710811208019066 ], [ -46.051838491455243, -23.710841148779473 ], [ -46.051643897715422, -23.710866095115144 ], [ -46.051448322703976, -23.710884314479181 ], [ -46.051252747627963, -23.710902533597867 ], [ -46.051056881112899, -23.710889955578434 ], [ -46.050860990970214, -23.710874876703819 ], [ -46.050665100862282, -23.710859797579545 ], [ -46.050469210789124, -23.710844718205603 ], [ -46.050284835199456, -23.710786853486713 ], [ -46.050103963265769, -23.710715970382619 ], [ -46.04992309152037, -23.7106450870595 ], [ -46.04974221996325, -23.710574203517375 ], [ -46.049566636671237, -23.710493470668634 ], [ -46.049395643932094, -23.710404188080147 ], [ -46.049224651420403, -23.71031490529343 ], [ -46.04905365913617, -23.710225622308482 ], [ -46.048882667079376, -23.710136339125288 ], [ -46.048711675250047, -23.710047055743864 ], [ -46.048540683648156, -23.709957772164227 ], [ -46.048369692273731, -23.709868488386352 ], [ -46.048195440954792, -23.709786093216618 ], [ -46.048008002193043, -23.709731563528543 ], [ -46.047813591338141, -23.709746016864234 ], [ -46.047641721126851, -23.709819279485533 ], [ -46.047496545053569, -23.709938105058821 ], [ -46.047412349941901, -23.710101659207531 ], [ -46.047328154626847, -23.710265213314447 ], [ -46.047225773947304, -23.710419656012395 ], [ -46.047104937755179, -23.710557132554722 ], [ -46.046935206638203, -23.710648433823188 ], [ -46.04675054750772, -23.710695992381556 ], [ -46.046554605588781, -23.710710489269754 ], [ -46.046358663616274, -23.710724985911284 ], [ -46.046162721590207, -23.710739482306128 ], [ -46.045966779510579, -23.710753978454296 ], [ -46.045788556067983, -23.710688024873193 ], [ -46.045614226954775, -23.710604390243205 ], [ -46.045439898057943, -23.710520755408055 ], [ -46.045265569377499, -23.710437120367743 ], [ -46.04507325831505, -23.71040383038742 ], [ -46.044879046105955, -23.710375862960895 ], [ -46.04468351420801, -23.710379899063508 ], [ -46.044487557897185, -23.710394225873113 ], [ -46.044291601533317, -23.710408552435993 ], [ -46.0440956451164, -23.710422878752148 ], [ -46.043899688646448, -23.710437204821574 ], [ -46.043703470552984, -23.710431336859951 ], [ -46.043507198713911, -23.710421318334191 ], [ -46.043310926894527, -23.710411299558348 ], [ -46.04311465509484, -23.710401280532444 ], [ -46.042918383314849, -23.710391261256447 ], [ -46.042722111554561, -23.710381241730385 ], [ -46.042525839813976, -23.710371221954258 ], [ -46.042329761609416, -23.710358472461873 ], [ -46.042133740884331, -23.710344912406043 ], [ -46.041937720189566, -23.710331352100397 ], [ -46.041741699525105, -23.710317791544938 ], [ -46.041545678890948, -23.710304230739656 ], [ -46.041360556368261, -23.710247310473594 ], [ -46.041177995388104, -23.710180199261544 ], [ -46.041013513870361, -23.710088841110473 ], [ -46.040879902653955, -23.709956081958676 ], [ -46.040746291708821, -23.709823322679775 ], [ -46.040616427557168, -23.709687592282961 ], [ -46.040493650406091, -23.709546241994932 ], [ -46.040370873521908, -23.709404891597647 ], [ -46.040248096904612, -23.709263541091115 ], [ -46.040125320554203, -23.709122190475334 ], [ -46.040002544470681, -23.708980839750314 ], [ -46.039879768654039, -23.708839488916063 ], [ -46.039756993104284, -23.708698137972561 ], [ -46.039618162147164, -23.708570266377137 ], [ -46.039476608532262, -23.708444680663124 ], [ -46.039335055188019, -23.708319094808104 ], [ -46.039162621803342, -23.708233653730968 ], [ -46.038986984655871, -23.708152377672693 ], [ -46.038811347719907, -23.708071101406578 ], [ -46.038620260285761, -23.708037588118525 ], [ -46.038424950376864, -23.708017127844169 ], [ -46.038229554260973, -23.7079996320162 ], [ -46.038033334801007, -23.708010434380885 ], [ -46.037837115298494, -23.708021236497824 ], [ -46.037640895753434, -23.70803203836703 ], [ -46.03744467616584, -23.70804283998849 ], [ -46.037252816677388, -23.708013826213136 ], [ -46.037062888996381, -23.707967172585953 ], [ -46.036872961441539, -23.707920518720616 ], [ -46.036682627381751, -23.707875322145576 ], [ -46.036491794685588, -23.707831913071978 ], [ -46.036299094014559, -23.707808287150076 ], [ -46.036102988527674, -23.707820718584756 ], [ -46.035906882993437, -23.707833149772149 ], [ -46.035713317783504, -23.707859103987882 ], [ -46.035524071030231, -23.707908047232927 ], [ -46.035334824126963, -23.707956990251105 ], [ -46.035176835110143, -23.708062671329202 ], [ -46.035025923999157, -23.708177507839931 ], [ -46.034920471610235, -23.708330256288232 ], [ -46.034815018980069, -23.708483004670263 ], [ -46.034709566108667, -23.708635752986005 ], [ -46.034604112996014, -23.708788501235464 ], [ -46.034498659642125, -23.708941249418658 ], [ -46.03439383178862, -23.709094256994767 ], [ -46.034339508143503, -23.709268205809376 ], [ -46.034285184363014, -23.709442154606091 ], [ -46.034230860447117, -23.709616103384892 ], [ -46.034126885388417, -23.709768990162839 ], [ -46.033956541011896, -23.709854946168857 ], [ -46.033770771531756, -23.709890519057225 ], [ -46.033574772000883, -23.709876704709892 ], [ -46.033378772501159, -23.709862890112777 ], [ -46.033209244186168, -23.709784244206936 ], [ -46.033051905731547, -23.709675744217691 ], [ -46.032894567534349, -23.70956724405788 ], [ -46.032737229594559, -23.709458743727502 ], [ -46.032557499642074, -23.709386878057302 ], [ -46.032371451291546, -23.709337564439824 ], [ -46.032174902089579, -23.70934033106181 ], [ -46.031978352869082, -23.709343097434374 ], [ -46.031786827250585, -23.709315653221033 ], [ -46.031600181513859, -23.709258863499056 ], [ -46.031413535930518, -23.709202073545889 ], [ -46.03123998820228, -23.709121096137384 ], [ -46.031078410123378, -23.709018014881256 ], [ -46.030916832294842, -23.708914933446209 ], [ -46.030755254716667, -23.708811851832248 ], [ -46.03059367738885, -23.708708770039369 ], [ -46.030424059272534, -23.708621853072685 ], [ -46.030233750416897, -23.708576531090163 ], [ -46.03004306344544, -23.708538669894985 ], [ -46.029848996986601, -23.708567471355234 ], [ -46.029654930432841, -23.708596272574916 ], [ -46.029460863784159, -23.70862507355401 ], [ -46.029266797040549, -23.70865387429253 ], [ -46.029072733240888, -23.708682542329935 ], [ -46.028880160386322, -23.708646221495236 ], [ -46.028687587629037, -23.708609900416974 ], [ -46.028495014968996, -23.708573579095155 ], [ -46.028299758422378, -23.708560508335548 ], [ -46.028113513611252, -23.708595157097985 ], [ -46.02795072504238, -23.708692394427 ], [ -46.027850423975529, -23.708848057184287 ], [ -46.027846517549669, -23.70901948491478 ], [ -46.027897623943375, -23.709192854007465 ], [ -46.027983088515036, -23.709355849826988 ], [ -46.028080840608723, -23.709511398928242 ], [ -46.028209634099944, -23.709648135597128 ], [ -46.028341125129046, -23.709782320082166 ], [ -46.028493076984297, -23.70989714532611 ], [ -46.0286450291036, -23.710011970409912 ], [ -46.028796981486963, -23.710126795333579 ], [ -46.028948934134384, -23.710241620097101 ], [ -46.029100887045878, -23.71035644470048 ], [ -46.029209118650776, -23.710505846872913 ], [ -46.029309464071041, -23.710661486039843 ], [ -46.029409809734339, -23.710817125130347 ], [ -46.029510155640686, -23.710972764144426 ], [ -46.029612484643117, -23.71112724752054 ], [ -46.029722313489032, -23.711277360220453 ], [ -46.029832142590195, -23.711427472830806 ], [ -46.029945762346379, -23.711575098904401 ], [ -46.03006397856214, -23.711719709840029 ], [ -46.030182195041419, -23.711864320673612 ], [ -46.030300411784232, -23.712008931405162 ], [ -46.030418628790571, -23.712153542034667 ], [ -46.030536846060443, -23.71229815256212 ], [ -46.030655063593848, -23.712442762987539 ], [ -46.030772000019098, -23.712588232085412 ], [ -46.030885122300432, -23.712736257497539 ], [ -46.030998244840582, -23.712884282815295 ], [ -46.031111367639554, -23.713032308038684 ], [ -46.031228830035985, -23.713176627602238 ], [ -46.031380638984572, -23.713291617121467 ], [ -46.031548666889776, -23.71337811902627 ], [ -46.031737738929493, -23.713427657874686 ], [ -46.031926811103354, -23.713477196486725 ], [ -46.032115883411343, -23.713526734862388 ], [ -46.032304955853469, -23.713576273001681 ], [ -46.032494028429738, -23.713625810904595 ], [ -46.032683101140144, -23.713675348571144 ], [ -46.032874273368428, -23.713715562659175 ], [ -46.033069151434141, -23.71373931928996 ], [ -46.033264132714741, -23.713761492178364 ], [ -46.033460697729922, -23.713759353601851 ], [ -46.033657262728426, -23.713757214775775 ], [ -46.033853827710267, -23.713755075700153 ], [ -46.034050392675439, -23.713752936374966 ], [ -46.034246957623935, -23.713750796800241 ], [ -46.03441973699929, -23.713829780023254 ], [ -46.034588427344964, -23.713922709834399 ], [ -46.034657618807103, -23.714090903455858 ], [ -46.034723067640584, -23.714261370787732 ], [ -46.034689586413883, -23.714439723760613 ], [ -46.034656105105768, -23.714618076725383 ], [ -46.03462262371626, -23.714796429682046 ], [ -46.034589142245338, -23.714974782630573 ], [ -46.034555660693009, -23.715153135571001 ], [ -46.03452217905928, -23.715331488503306 ], [ -46.034488697344145, -23.715509841427501 ], [ -46.034491335787862, -23.715690818462569 ], [ -46.034535066307377, -23.71586439712074 ], [ -46.034606735634327, -23.71603293712619 ], [ -46.034678405153059, -23.716201477088401 ], [ -46.034750074863567, -23.716370017007367 ] ] } },
{ "type": "Feature", "properties": { "regiao": 1, "rodovia": "SP 098", "ra_geo": 2.0, "ra_hid": 0.0, "ra": 2, "km": 82.11, "fonte": "tabela", "fonte_geo": "tabela", "fonte_hid": "tabela" }, "geometry": { "type": "LineString", "coordinates": [ [ -46.034794212155084, -23.716545288362479 ], [ -46.034822797198217, -23.716724362112892 ], [ -46.034844077926849, -23.716903782997001 ], [ -46.034835670105188, -23.717084614840086 ], [ -46.034827262270575, -23.717265446679374 ], [ -46.034818854423008, -23.71744627851486 ], [ -46.034810446562474, -23.717627110346537 ], [ -46.03476977447994, -23.717803636313764 ], [ -46.03472207041596, -23.717979223820382 ], [ -46.034730304234152, -23.718153261129871 ], [ -46.034789392195279, -23.718325889118017 ], [ -46.034915846918302, -23.718455047349188 ], [ -46.035071927976084, -23.718565088570514 ], [ -46.035228009293178, -23.718675129623659 ], [ -46.035396355605691, -23.718768342234334 ], [ -46.035565157424635, -23.718861100210606 ], [ -46.035733379087837, -23.718954757163171 ], [ -46.035901600986605, -23.719048413923268 ], [ -46.036069823120947, -23.719142070490896 ], [ -46.036238045490855, -23.719235726866057 ], [ -46.036366832262189, -23.719371474131076 ], [ -46.03649213561873, -23.719510939520838 ], [ -46.036617439243784, -23.719650404797314 ], [ -46.036755429082767, -23.719779250937222 ], [ -46.036894327319487, -23.719907336776295 ], [ -46.037064439320261, -23.719989848329558 ], [ -46.03724983823551, -23.720050039837233 ], [ -46.037435237312984, -23.720110231116266 ], [ -46.037620636552688, -23.720170422166628 ], [ -46.03780603595461, -23.720230612988331 ], [ -46.037856909290106, -23.720386597399248 ], [ -46.037839153995499, -23.720565980127613 ], [ -46.037810624811939, -23.720745061309159 ], [ -46.037782095560303, -23.720924142484094 ], [ -46.037729112741083, -23.721094463361979 ], [ -46.037618675000594, -23.721244201443948 ], [ -46.037508237011622, -23.721393939453037 ] ] } },
{ "type": "Feature", "properties": { "regiao": 1, "rodovia": "SP 098", "ra_geo": 3.0, "ra_hid": 3.0, "ra": 3, "km": 53.09, "fonte": "figura", "fonte_geo": "figura", "fonte_hid": "figura" }, "geometry": { "type": "LineString", "coordinates": [ [ -46.1926158894276, -23.523576919676863 ], [ -46.192622516733238, -23.523757741676736 ], [ -46.192629144068789, -23.523938563671468 ], [ -46.192635771434247, -23.524119385661084 ], [ -46.192642398829619, -23.524300207645563 ], [ -46.192649026254912, -23.524481029624933 ], [ -46.192655653710112, -23.524661851599159 ], [ -46.192662281195226, -23.524842673568276 ], [ -46.19266890871026, -23.52502349553226 ], [ -46.192675536255202, -23.525204317491127 ], [ -46.192759356359844, -23.525346906631594 ], [ -46.192919195197391, -23.525451844293727 ], [ -46.193079034284615, -23.525556781780004 ], [ -46.193238873621517, -23.525661719090404 ] ] } },
{ "type": "Feature", "properties": { "regiao": 1, "rodovia": "SP 098", "ra_geo": 3.0, "ra_hid": 3.0, "ra": 3, "km": 54.43, "fonte": "figura", "fonte_geo": "figura", "fonte_hid": "figura" }, "geometry": { "type": "LineString", "coordinates": [ [ -46.193580812717883, -23.532413418056404 ], [ -46.19357811948268, -23.532594325992058 ], [ -46.19357542625194, -23.532775233923832 ], [ -46.193572733025654, -23.532956141851759 ], [ -46.193570039803845, -23.533137049775824 ], [ -46.193567346586484, -23.533317957696035 ], [ -46.193585972862188, -23.533498026111829 ], [ -46.193605384878538, -23.533678063581348 ], [ -46.193624796959341, -23.53385810104221 ], [ -46.193644209104598, -23.534038138494445 ], [ -46.193663621314315, -23.534218175938022 ], [ -46.193683033588485, -23.534398213372963 ], [ -46.193702445927116, -23.53457825079926 ], [ -46.1937218583302, -23.534758288216917 ], [ -46.193741270797744, -23.534938325625927 ], [ -46.193760683329756, -23.535118363026282 ], [ -46.193780095926222, -23.535298400418007 ], [ -46.193773298113321, -23.535477946827676 ], [ -46.19374597039775, -23.535657108666335 ], [ -46.193718642619508, -23.535836270499178 ], [ -46.193691314778597, -23.536015432326195 ], [ -46.193663986875023, -23.536194594147382 ], [ -46.193636658908765, -23.536373755962746 ], [ -46.193609330879838, -23.536552917772287 ], [ -46.19358200278824, -23.536732079576009 ], [ -46.193515090121664, -23.536898816678818 ], [ -46.193418177329384, -23.537056137427452 ], [ -46.193321264312566, -23.537213458121968 ], [ -46.193224351071208, -23.537370778762369 ], [ -46.193127437605312, -23.537528099348648 ], [ -46.193030523914871, -23.537685419880805 ], [ -46.19293144370365, -23.537841208645656 ], [ -46.192791785161212, -23.537968305963428 ], [ -46.19265212635014, -23.538095403164682 ], [ -46.19251246727044, -23.538222500249425 ], [ -46.192372807922105, -23.538349597217632 ], [ -46.192233148305135, -23.538476694069328 ], [ -46.192093488419516, -23.538603790804501 ], [ -46.191953828265262, -23.538730887423142 ], [ -46.191814167842367, -23.538857983925258 ], [ -46.191674507150822, -23.538985080310834 ], [ -46.191534846190635, -23.539112176579884 ], [ -46.191395184961799, -23.539239272732399 ], [ -46.191255523464314, -23.539366368768373 ], [ -46.191115861698172, -23.539493464687798 ], [ -46.190976199663382, -23.539620560490693 ], [ -46.190836537359935, -23.539747656177042 ], [ -46.190696874787832, -23.539874751746837 ], [ -46.190547281994277, -23.539991657229574 ], [ -46.190395318180826, -23.540106129742309 ], [ -46.190243354101881, -23.5402206021156 ], [ -46.190091389757441, -23.540335074349429 ], [ -46.1899394251475, -23.540449546443803 ], [ -46.189787460272065, -23.540564018398722 ], [ -46.189635495131128, -23.540678490214177 ], [ -46.189483529724697, -23.540792961890169 ], [ -46.189331564052758, -23.5409074334267 ], [ -46.189163786030882, -23.540999697819238 ], [ -46.188989433349363, -23.541082728691318 ], [ -46.188815080442012, -23.541165759375943 ], [ -46.188640727308851, -23.541248789873134 ], [ -46.188466373949872, -23.541331820182862 ], [ -46.188292020365068, -23.541414850305134 ], [ -46.188117666554454, -23.541497880239955 ], [ -46.187943312518016, -23.541580909987307 ], [ -46.187768958255774, -23.541663939547206 ], [ -46.1875946037677, -23.541746968919639 ], [ -46.187420249053815, -23.541829998104607 ], [ -46.187245894114113, -23.541913027102101 ], [ -46.187071538948594, -23.541996055912126 ], [ -46.186897183557264, -23.542079084534681 ], [ -46.186722827940116, -23.542162112969756 ], [ -46.186565889303168, -23.542267063990462 ], [ -46.186427434848476, -23.542395280961944 ], [ -46.186288980125262, -23.542523497818948 ], [ -46.186150525133542, -23.54265171456148 ], [ -46.1860120698733, -23.542779931189528 ], [ -46.185873614344558, -23.542908147703102 ], [ -46.185735158547281, -23.543036364102186 ], [ -46.18559670248149, -23.54316458038679 ], [ -46.185458246147178, -23.543292796556909 ], [ -46.185319789544337, -23.543421012612527 ], [ -46.185181332672975, -23.543549228553658 ] ] } },
{ "type": "Feature", "properties": { "regiao": 1, "rodovia": "SP 098", "ra_geo": 3.0, "ra_hid": 3.0, "ra": 3, "km": 55.66, "fonte": "figura", "fonte_geo": "figura", "fonte_hid": "figura" }, "geometry": { "type": "LineString", "coordinates": [ [ -46.183649562961556, -23.55058481633468 ], [ -46.183667201503567, -23.550765009226726 ], [ -46.183704679844652, -23.550941911611996 ], [ -46.183756270462332, -23.55111647341942 ], [ -46.183807861226427, -23.551291035200396 ], [ -46.183859452136943, -23.551465596954934 ], [ -46.183911043193874, -23.551640158683025 ], [ -46.183962634397233, -23.551814720384677 ], [ -46.184014225747013, -23.551989282059893 ], [ -46.184065817243216, -23.552163843708669 ], [ -46.184117408885847, -23.552338405330996 ], [ -46.184169000674906, -23.552512966926873 ], [ -46.184220592610394, -23.552687528496318 ], [ -46.184266054415779, -23.552863328805145 ], [ -46.184298398160308, -23.553041779929913 ], [ -46.184330742003297, -23.553220231040434 ], [ -46.184363085944767, -23.553398682136699 ], [ -46.184395429984704, -23.553577133218702 ], [ -46.184427774123108, -23.553755584286471 ], [ -46.184418340411639, -23.55393596484079 ], [ -46.184405505061939, -23.554116502493631 ], [ -46.184392669688805, -23.554297040142735 ], [ -46.184379834292244, -23.554477577788099 ] ] } },
{ "type": "Feature", "properties": { "regiao": 1, "rodovia": "SP 098", "ra_geo": 1.0, "ra_hid": 0.0, "ra": 1, "km": 62.76, "fonte": "figura", "fonte_geo": "figura", "fonte_hid": "figura" }, "geometry": { "type": "LineString", "coordinates": [ [ -46.16501475210697, -23.603502689480905 ], [ -46.16491741232776, -23.60365980168179 ], [ -46.164820072322385, -23.603816913827696 ], [ -46.164722732090844, -23.603974025918621 ], [ -46.16462539163313, -23.604131137954543 ], [ -46.164528050949244, -23.604288249935475 ], [ -46.164430710039177, -23.604445361861419 ], [ -46.16433336890293, -23.604602473732363 ], [ -46.164236027540511, -23.604759585548322 ], [ -46.164138685951897, -23.604916697309278 ], [ -46.163994838844566, -23.605038582983575 ], [ -46.163846412438389, -23.605157000081231 ], [ -46.163697869023828, -23.605275291367359 ], [ -46.163548005838337, -23.605392161986604 ], [ -46.163398142385169, -23.605509032469907 ] ] } },
{ "type": "Feature", "properties": { "regiao": 1, "rodovia": "SP 098", "ra_geo": 1.0, "ra_hid": 0.0, "ra": 1, "km": 63.83, "fonte": "figura", "fonte_geo": "figura", "fonte_hid": "figura" }, "geometry": { "type": "LineString", "coordinates": [ [ -46.163398142385169, -23.605509032469907 ], [ -46.163221502104577, -23.605587385653109 ], [ -46.163044861606814, -23.605665738642802 ], [ -46.162868220891852, -23.605744091438968 ], [ -46.162691579959713, -23.605822444041621 ], [ -46.162514938810396, -23.605900796450761 ], [ -46.162326303361944, -23.605946410444179 ], [ -46.162134271757473, -23.605982754642504 ], [ -46.161942240036545, -23.606019098607248 ], [ -46.161750208199152, -23.606055442338427 ], [ -46.161558176245308, -23.606091785836011 ], [ -46.161366144174998, -23.606128129100018 ], [ -46.161174111988245, -23.606164472130445 ], [ -46.160982079685034, -23.606200814927291 ], [ -46.160790047265365, -23.606237157490536 ], [ -46.160598014729267, -23.606273499820212 ], [ -46.160405982076718, -23.606309841916293 ], [ -46.160213949307717, -23.606346183778786 ], [ -46.160021916422281, -23.606382525407692 ], [ -46.159830583001252, -23.606421817555802 ], [ -46.159639599770948, -23.606462587071046 ], [ -46.159448616412199, -23.606503356355713 ], [ -46.159257632924998, -23.606544125409822 ], [ -46.159066649309352, -23.606584894233372 ], [ -46.158875665565269, -23.606625662826342 ], [ -46.158684681692741, -23.606666431188749 ], [ -46.158493697691782, -23.606707199320585 ], [ -46.158302713562371, -23.606747967221846 ], [ -46.158113764292068, -23.606796018020223 ], [ -46.157925162592342, -23.606845313067332 ], [ -46.157736560741782, -23.606894607890492 ], [ -46.157547958740395, -23.606943902489714 ], [ -46.157359356588202, -23.606993196864977 ], [ -46.157181400711707, -23.607066845414188 ], [ -46.157008381642214, -23.607151787537802 ], [ -46.15683536234333, -23.607236729476398 ], [ -46.156662342815046, -23.607321671229947 ], [ -46.156509341398355, -23.607433575428946 ], [ -46.156360737306763, -23.607551402586417 ], [ -46.156212132947758, -23.607669229610288 ], [ -46.15606837532161, -23.60779169285669 ], [ -46.155935054521059, -23.607924139498309 ], [ -46.155801733453401, -23.608056586033697 ], [ -46.155668412118622, -23.608189032462839 ], [ -46.155535090516736, -23.608321478785744 ], [ -46.155404252819679, -23.608455958844708 ], [ -46.155277213024959, -23.60859354844137 ], [ -46.155150172966806, -23.608731137942051 ], [ -46.155023132645212, -23.608868727346724 ], [ -46.154896092060177, -23.609006316655424 ], [ -46.154769051211694, -23.609143905868113 ], [ -46.154642010099771, -23.60928149498482 ], [ -46.154514968724399, -23.60941908400553 ], [ -46.154387927085573, -23.609556672930228 ], [ -46.154260885183291, -23.609694261758936 ], [ -46.154114705213203, -23.609814594536179 ], [ -46.153968188005813, -23.609934623349591 ], [ -46.153821670530171, -23.610054652033291 ], [ -46.153665331352514, -23.610163020890099 ], [ -46.153502800020895, -23.610264038765262 ], [ -46.153340268435819, -23.610365056478663 ], [ -46.153177736597279, -23.610466074030295 ], [ -46.15300740873127, -23.610555201237084 ], [ -46.152834758447682, -23.610640786446137 ], [ -46.152659465788169, -23.610721248003745 ], [ -46.152478414388987, -23.610790542816822 ], [ -46.152297362791344, -23.610859837425519 ], [ -46.152116310995254, -23.61092913182982 ], [ -46.151935259000709, -23.610998426029724 ], [ -46.151749133327748, -23.611052377685315 ], [ -46.151556911362576, -23.611087894177889 ], [ -46.151364689283291, -23.61112341043625 ], [ -46.151172467089879, -23.611158926460387 ], [ -46.150980244782353, -23.611194442250333 ], [ -46.150785961760057, -23.61121237574633 ], [ -46.150589942600362, -23.611215495777028 ], [ -46.150393923420012, -23.611218615560496 ], [ -46.15019790421902, -23.611221735096727 ], [ -46.15000188499738, -23.611224854385721 ], [ -46.149805865755091, -23.611227973427489 ], [ -46.149609846492169, -23.611231092222027 ], [ -46.149413827208612, -23.611234210769325 ], [ -46.149217807904414, -23.611237329069393 ], [ -46.149021788579589, -23.611240447122231 ], [ -46.148825769234136, -23.611243564927836 ], [ -46.14862974986805, -23.611246682486197 ], [ -46.148434718589805, -23.611262398996921 ], [ -46.148240249550007, -23.611285285138123 ], [ -46.148045780431673, -23.611308171038189 ], [ -46.14785131123481, -23.611331056697139 ], [ -46.14765684195941, -23.611353942114953 ], [ -46.147471769597232, -23.611412437041931 ], [ -46.147287609807442, -23.611474390605643 ], [ -46.147103449835804, -23.611536343957056 ], [ -46.14691928968233, -23.611598297096169 ], [ -46.146735129347, -23.61166025002299 ], [ -46.146550968829843, -23.611722202737518 ], [ -46.146368032240417, -23.611786484737657 ], [ -46.146201083573061, -23.61188119220061 ], [ -46.14603413466061, -23.611975899492151 ], [ -46.145867185503072, -23.612070606612281 ], [ -46.145700236100438, -23.61216531356099 ], [ -46.145544889704588, -23.612274924144391 ], [ -46.145394034448309, -23.612390303571097 ], [ -46.145245278142873, -23.612507934670376 ], [ -46.145098746421517, -23.612627952215576 ], [ -46.144952214431903, -23.612747969630956 ], [ -46.144822452709008, -23.612883219558974 ], [ -46.144694326393967, -23.613019955065521 ], [ -46.144566199814633, -23.613156690474224 ], [ -46.144443427125658, -23.613296911945064 ], [ -46.144346343645672, -23.613453860079801 ] ] } },
{ "type": "Feature", "properties": { "regiao": 1, "rodovia": "SP 098", "ra_geo": 1.0, "ra_hid": 1.0, "ra": 1, "km": 64.88, "fonte": "figura", "fonte_geo": "figura", "fonte_hid": "figura" }, "geometry": { "type": "LineString", "coordinates": [ [ -46.144249259940153, -23.61361080815966 ], [ -46.144152176009122, -23.613767756184625 ], [ -46.144055091964788, -23.613924704213673 ], [ -46.143958008485995, -23.614081652603314 ], [ -46.143860924781663, -23.614238600938073 ], [ -46.143763840851804, -23.61439554921796 ], [ -46.143666756696398, -23.614552497442947 ], [ -46.143569672315451, -23.614709445613048 ], [ -46.143472587708963, -23.614866393728281 ], [ -46.143375502876928, -23.615023341788607 ], [ -46.143278417819346, -23.61518028979404 ], [ -46.143174022644928, -23.615333063592487 ], [ -46.143064698103132, -23.615483022654811 ] ] } },
{ "type": "Feature", "properties": { "regiao": 1, "rodovia": "SP 098", "ra_geo": 0.0, "ra_hid": 1.0, "ra": 1, "km": 65.23, "fonte": "figura", "fonte_geo": "figura", "fonte_hid": "figura" }, "geometry": { "type": "LineString", "coordinates": [ [ -46.142955373316724, -23.615632981646883 ], [ -46.142837981417891, -23.615777366065945 ], [ -46.14271236592581, -23.615916067769511 ], [ -46.142586750171247, -23.616054769379186 ], [ -46.142461134154203, -23.616193470894991 ], [ -46.142334129450902, -23.616330861018845 ], [ -46.142180548328291, -23.616443151148939 ], [ -46.142026966941302, -23.616555441135546 ], [ -46.141873385289927, -23.616667730978683 ], [ -46.141719803374173, -23.616780020678327 ], [ -46.141566221194033, -23.616892310234508 ], [ -46.141412638749493, -23.617004599647185 ], [ -46.141254136255242, -23.617110304653139 ], [ -46.141085491091388, -23.617202435657017 ], [ -46.140916845686235, -23.617294566485644 ], [ -46.140740635645336, -23.617372929502061 ], [ -46.140560216237461, -23.617443631407937 ], [ -46.140379796628103, -23.617514333110869 ], [ -46.140197794882553, -23.617581354645878 ], [ -46.140013768663806, -23.617643666991466 ], [ -46.139829742262364, -23.617705979125002 ], [ -46.139645715678249, -23.617768291046517 ], [ -46.139461688911446, -23.617830602755998 ], [ -46.139277661961955, -23.617892914253428 ], [ -46.139093634829784, -23.617955225538836 ], [ -46.138909607514933, -23.618017536612186 ], [ -46.138725580017407, -23.618079847473492 ], [ -46.138541552337209, -23.618142158122758 ] ] } },
{ "type": "Feature", "properties": { "regiao": 1, "rodovia": "SP 098", "ra_geo": 1.0, "ra_hid": 0.0, "ra": 1, "km": 65.98, "fonte": "figura", "fonte_geo": "figura", "fonte_hid": "figura" }, "geometry": { "type": "LineString", "coordinates": [ [ -46.13835752447433, -23.618204468559973 ], [ -46.138173496428777, -23.618266778785141 ], [ -46.137989468200551, -23.618329088798248 ], [ -46.137805439789652, -23.618391398599311 ], [ -46.137626679279585, -23.618464331750996 ], [ -46.137455096268418, -23.618551739223662 ], [ -46.137284204356177, -23.618639883441364 ], [ -46.137165514469487, -23.618783672611677 ], [ -46.137046824326674, -23.618927461698558 ], [ -46.136928133927739, -23.619071250702017 ], [ -46.136809443272682, -23.619215039622048 ], [ -46.136690752361496, -23.619358828458648 ], [ -46.136572061194187, -23.619502617211811 ], [ -46.136453369770742, -23.619646405881543 ], [ -46.13633467809116, -23.619790194467839 ], [ -46.136215986155449, -23.6199339829707 ], [ -46.136097293963594, -23.620077771390115 ], [ -46.135980971991842, -23.62022317132298 ], [ -46.135864001377939, -23.620367427805895 ], [ -46.135704183620817, -23.620472074947173 ], [ -46.135544365606052, -23.620576721932192 ], [ -46.135384547333651, -23.620681368760977 ], [ -46.1352247288036, -23.620786015433495 ], [ -46.135060548486678, -23.620884234797277 ], [ -46.1348884636732, -23.620970806269309 ], [ -46.134716378627445, -23.621057377558213 ], [ -46.134544293349407, -23.621143948663981 ], [ -46.134372207839078, -23.621230519586614 ], [ -46.134202889074906, -23.621320894328136 ], [ -46.134050576747164, -23.621434649459236 ], [ -46.133898264153999, -23.621548404449264 ], [ -46.133745951295403, -23.621662159298229 ], [ -46.133620407323669, -23.621799877222458 ], [ -46.133501394199342, -23.621943441573134 ], [ -46.133386408283116, -23.622089318682203 ], [ -46.13329894301453, -23.622251000076705 ], [ -46.133211477537948, -23.622412681426841 ], [ -46.133124011853369, -23.6225743627326 ], [ -46.133036545960763, -23.622736043993989 ], [ -46.132949079860161, -23.622897725211008 ], [ -46.13286161355154, -23.623059406383643 ], [ -46.132774147034901, -23.623221087511904 ], [ -46.132686680310243, -23.623382768595796 ], [ -46.13259921337756, -23.623544449635293 ], [ -46.132511746236851, -23.623706130630417 ], [ -46.132424278888124, -23.623867811581164 ], [ -46.132336811331356, -23.624029492487519 ], [ -46.132248911827027, -23.624190972466234 ], [ -46.132159616182491, -23.624351802889834 ], [ -46.132070320326385, -23.624512633267116 ], [ -46.131981024258721, -23.624673463598082 ], [ -46.131891727979493, -23.62483429388276 ], [ -46.131802431488701, -23.62499512412111 ], [ -46.131713134786324, -23.625155954313154 ], [ -46.131623837872382, -23.625316784458899 ], [ -46.13153454074687, -23.625477614558314 ], [ -46.131455538578763, -23.625642806079323 ], [ -46.131381160785139, -23.625809956724915 ], [ -46.131306782810661, -23.625977107338549 ], [ -46.131232404655321, -23.626144257920224 ], [ -46.131158026319113, -23.626311408469938 ], [ -46.13111124716896, -23.626484375101807 ] ] } },
{ "type": "Feature", "properties": { "regiao": 1, "rodovia": "SP 098", "ra_geo": 2.0, "ra_hid": 0.0, "ra": 2, "km": 66.71, "fonte": "figura", "fonte_geo": "figura", "fonte_hid": "figura" }, "geometry": { "type": "LineString", "coordinates": [ [ -46.131099368760431, -23.626664696495077 ], [ -46.131087490330472, -23.626845017884584 ], [ -46.131075611879076, -23.627025339270311 ], [ -46.131063733406243, -23.627205660652265 ], [ -46.131051854911981, -23.627385982030457 ], [ -46.131039976396281, -23.627566303404866 ], [ -46.131028097859144, -23.627746624775519 ], [ -46.13101621930057, -23.627926946142399 ], [ -46.131004340720565, -23.628107267505492 ], [ -46.130992462119124, -23.628287588864826 ], [ -46.130980583496239, -23.628467910220387 ], [ -46.130968704851917, -23.628648231572171 ], [ -46.130931394544206, -23.628820292039567 ], [ -46.130817901358071, -23.628967606265597 ], [ -46.130704407921648, -23.629114920415571 ], [ -46.130547095889852, -23.629221624670471 ], [ -46.130386539985963, -23.629325322663114 ], [ -46.130221858383713, -23.629421231313671 ], [ -46.130034341012326, -23.629474024276899 ], [ -46.129846823481287, -23.629526817018807 ], [ -46.129659305790604, -23.629579609539412 ], [ -46.129471787940282, -23.629632401838702 ], [ -46.129284067411788, -23.629684569017691 ], [ -46.129095831840374, -23.629735147219343 ], [ -46.128907596114921, -23.629785725197749 ] ] } },
{ "type": "Feature", "properties": { "regiao": 1, "rodovia": "SP 098", "ra_geo": 2.0, "ra_hid": 2.0, "ra": 2, "km": 66.99, "fonte": "figura", "fonte_geo": "figura", "fonte_hid": "figura" }, "geometry": { "type": "LineString", "coordinates": [ [ -46.128771886114535, -23.629907765448472 ], [ -46.128656780193111, -23.630053997128432 ], [ -46.128574501106996, -23.63021280926451 ], [ -46.128544545869829, -23.630391341918468 ], [ -46.128535208833782, -23.630566996820164 ], [ -46.128621213627895, -23.630729344592265 ], [ -46.128707218640983, -23.630891692305244 ], [ -46.128793223873068, -23.631054039959093 ] ] } },
{ "type": "Feature", "properties": { "regiao": 1, "rodovia": "SP 098", "ra_geo": 2.0, "ra_hid": 0.0, "ra": 2, "km": 67.13, "fonte": "figura", "fonte_geo": "figura", "fonte_hid": "figura" }, "geometry": { "type": "LineString", "coordinates": [ [ -46.128879229324127, -23.631216387553813 ], [ -46.128972698067905, -23.631375156463978 ], [ -46.129040342410534, -23.631541310330373 ], [ -46.129063306249805, -23.631720720350582 ], [ -46.129068843920912, -23.63190058090197 ], [ -46.129056836602672, -23.632080895059282 ], [ -46.129044829262611, -23.632261209212821 ], [ -46.129032821900743, -23.632441523362559 ] ] } },
{ "type": "Feature", "properties": { "regiao": 1, "rodovia": "SP 098", "ra_geo": 0.0, "ra_hid": 1.0, "ra": 1, "km": 67.99, "fonte": "figura", "fonte_geo": "figura", "fonte_hid": "figura" }, "geometry": { "type": "LineString", "coordinates": [ [ -46.129020814517055, -23.632621837508534 ], [ -46.129008807111553, -23.632802151650722 ], [ -46.12899577826073, -23.632982402190891 ], [ -46.128981343252171, -23.633162565175386 ], [ -46.128966908215141, -23.633342728155935 ], [ -46.128915751146621, -23.633513229363416 ], [ -46.128824741238383, -23.633673245067804 ], [ -46.128699550672188, -23.633803489620743 ], [ -46.128531246282272, -23.633896182177214 ], [ -46.128362941650032, -23.633988874558998 ], [ -46.128194636775468, -23.634081566766088 ], [ -46.128026331658596, -23.634174258798478 ], [ -46.127858026299407, -23.634266950656166 ], [ -46.127689720697894, -23.63435964233916 ], [ -46.127521414854066, -23.634452333847442 ], [ -46.12735310876792, -23.634545025181023 ], [ -46.127169773024846, -23.634608179692233 ], [ -46.126984780798189, -23.634668078930691 ], [ -46.126799788394464, -23.634727977954448 ], [ -46.126614260675133, -23.634786294211835 ], [ -46.126425074630255, -23.634833792047047 ], [ -46.12623588843924, -23.63488128965637 ], [ -46.126046702102094, -23.634928787039819 ], [ -46.125857515618819, -23.634976284197364 ], [ -46.125668328989413, -23.635023781129036 ], [ -46.125479142213884, -23.635071277834808 ], [ -46.125289955292232, -23.635118774314694 ], [ -46.125100768224449, -23.635166270568686 ], [ -46.124911890354298, -23.635214800196984 ], [ -46.124723016626447, -23.635263343937986 ], [ -46.124534142749773, -23.635311887453938 ], [ -46.124345268724262, -23.635360430744861 ], [ -46.124156394549921, -23.63540897381073 ], [ -46.123967520226763, -23.635457516651556 ], [ -46.123778645754783, -23.635506059267339 ], [ -46.123601444806411, -23.635580094499932 ], [ -46.123431904514625, -23.635670859289547 ], [ -46.123298182062648, -23.63579937122692 ], [ -46.123177890733473, -23.635942037889784 ], [ -46.123057599146271, -23.636084704466679 ], [ -46.122937307301029, -23.636227370957606 ], [ -46.122817015197754, -23.636370037362532 ], [ -46.122724754458609, -23.63652859273035 ], [ -46.122668434327259, -23.636694173925367 ], [ -46.122718755026675, -23.636868777547772 ], [ -46.122769075869236, -23.637043381144913 ], [ -46.12281939685495, -23.637217984716802 ], [ -46.122869717983832, -23.637392588263438 ], [ -46.122920039255867, -23.637567191784811 ], [ -46.122970360671061, -23.637741795280924 ], [ -46.123020682229416, -23.637916398751781 ], [ -46.123071003930946, -23.638091002197388 ], [ -46.123049741747636, -23.638269146435334 ], [ -46.123020001789698, -23.638447710005629 ], [ -46.12298974920207, -23.638626157711087 ], [ -46.122926401999827, -23.638797124772051 ], [ -46.122863054641776, -23.638968091809694 ], [ -46.122799707127911, -23.639139058824018 ], [ -46.122736359458237, -23.639310025815011 ], [ -46.122673011632742, -23.639480992782691 ], [ -46.122609663651424, -23.639651959727036 ], [ -46.122541677747705, -23.639821382414855 ], [ -46.122471740922713, -23.639990155534697 ], [ -46.1224018039266, -23.640158928626203 ], [ -46.122331866759382, -23.64032770168938 ], [ -46.122247436804727, -23.640488448247577 ], [ -46.122118449530134, -23.640624517584655 ], [ -46.121989461990282, -23.640760586822207 ], [ -46.121860474185162, -23.640896655960233 ], [ -46.121731486114783, -23.641032724998738 ], [ -46.121602497779122, -23.641168793937712 ], [ -46.121473509178188, -23.641304862777147 ], [ -46.121344520311979, -23.64144093151706 ], [ -46.121215531180489, -23.641577000157429 ], [ -46.121086541783725, -23.641713068698262 ], [ -46.120957552121673, -23.641849137139559 ], [ -46.12082856219434, -23.641985205481312 ], [ -46.120698640529987, -23.642120519448905 ], [ -46.120568707011827, -23.642255823931908 ], [ -46.120438773227797, -23.642391128313836 ], [ -46.120308839177895, -23.642526432594678 ], [ -46.120178904862108, -23.642661736774436 ], [ -46.120064884922613, -23.64280590749993 ], [ -46.119995154856312, -23.642974753842232 ], [ -46.119925424619311, -23.643143600156346 ], [ -46.119855694211616, -23.64331244644227 ], [ -46.119785963633227, -23.643481292700002 ], [ -46.119716232884137, -23.643650138929555 ], [ -46.11964650196434, -23.64381898513091 ], [ -46.119576770873842, -23.643987831304077 ], [ -46.119507039612628, -23.64415667744905 ], [ -46.119437308180714, -23.644325523565829 ], [ -46.119367576578078, -23.644494369654424 ], [ -46.119297844804727, -23.644663215714804 ], [ -46.119228112860668, -23.644832061747007 ] ] } },
{ "type": "Feature", "properties": { "regiao": 1, "rodovia": "SP 098", "ra_geo": 2.0, "ra_hid": 1.0, "ra": 2, "km": 69.17, "fonte": "figura", "fonte_geo": "figura", "fonte_hid": "figura" }, "geometry": { "type": "LineString", "coordinates": [ [ -46.119158380745887, -23.645000907751005 ], [ -46.119088648460384, -23.645169753726815 ], [ -46.119019126224522, -23.645338672287142 ], [ -46.118951165537055, -23.645508130256363 ], [ -46.118883204682916, -23.645677588198787 ], [ -46.118815243662098, -23.645847046114422 ], [ -46.118700228106498, -23.645989219433833 ], [ -46.118563761360953, -23.64611895428574 ], [ -46.118427294346603, -23.646248689025565 ], [ -46.11829082706344, -23.64637842365331 ], [ -46.118154359511458, -23.646508158168963 ], [ -46.118017891690663, -23.646637892572532 ], [ -46.117881423601048, -23.646767626864005 ], [ -46.117744955242621, -23.646897361043386 ], [ -46.117608486615367, -23.647027095110669 ], [ -46.117475280253309, -23.647159403457248 ], [ -46.117357083897836, -23.647303555969859 ], [ -46.117238887286341, -23.647447708399515 ], [ -46.117181848060859, -23.647617869794313 ], [ -46.117139417393155, -23.647794243931116 ], [ -46.117096986621682, -23.647970618056668 ], [ -46.117019048634653, -23.64813547356481 ], [ -46.116932148777906, -23.648297421840592 ], [ -46.116845248713901, -23.648459370072423 ], [ -46.116758348442616, -23.648621318260307 ], [ -46.116671447964059, -23.648783266404227 ], [ -46.116584547278222, -23.648945214504192 ], [ -46.116497646385106, -23.649107162560199 ], [ -46.116410745284711, -23.649269110572249 ], [ -46.116335097580254, -23.649435745552093 ], [ -46.11626051465489, -23.649602824044972 ], [ -46.116185931547889, -23.649769902505582 ], [ -46.116111348259253, -23.64993698093393 ], [ -46.11603676478898, -23.650104059330001 ], [ -46.115962181137064, -23.650271137693814 ], [ -46.115887597303505, -23.650438216025353 ], [ -46.115813013288303, -23.650605294324613 ], [ -46.115738429091451, -23.650772372591607 ], [ -46.115663844712948, -23.650939450826325 ], [ -46.1155836348901, -23.651104216868973 ], [ -46.115498469238219, -23.651266945951871 ], [ -46.115413303382446, -23.651429674992571 ], [ -46.115328137322798, -23.651592403991071 ], [ -46.115218562197043, -23.651732852196762 ], [ -46.1150426939097, -23.651812787136215 ] ] } },
{ "type": "Feature", "properties": { "regiao": 1, "rodovia": "SP 098", "ra_geo": 0.0, "ra_hid": 1.0, "ra": 1, "km": 69.58, "fonte": "figura", "fonte_geo": "figura", "fonte_hid": "figura" }, "geometry": { "type": "LineString", "coordinates": [ [ -46.114857578256647, -23.65186550474629 ], [ -46.11466361916208, -23.651892193569957 ], [ -46.114487083867864, -23.65196233461695 ], [ -46.114320864620503, -23.652058202635779 ] ] } },
{ "type": "Feature", "properties": { "regiao": 1, "rodovia": "SP 098", "ra_geo": 2.0, "ra_hid": 1.0, "ra": 2, "km": 69.82, "fonte": "figura", "fonte_geo": "figura", "fonte_hid": "figura" }, "geometry": { "type": "LineString", "coordinates": [ [ -46.114208886539487, -23.652200060652756 ], [ -46.114119345709376, -23.652360723949869 ], [ -46.114078098572001, -23.652537336531747 ], [ -46.114036851333886, -23.652713949102893 ], [ -46.113995603995029, -23.652890561663281 ], [ -46.113954356555418, -23.653067174212914 ], [ -46.113913109015066, -23.653243786751798 ], [ -46.113798600906868, -23.653387577815273 ], [ -46.113673249552342, -23.653526511014203 ], [ -46.113547897934957, -23.65366544411927 ], [ -46.113422546054743, -23.653804377130488 ], [ -46.11329764627321, -23.65394365303564 ], [ -46.113173735296279, -23.65408367877469 ], [ -46.113049824057697, -23.654223704422105 ], [ -46.112890532092493, -23.654323789614011 ], [ -46.11271675653002, -23.654407524625164 ], [ -46.112543345094878, -23.654491896546805 ], [ -46.112370101517286, -23.654576562192137 ], [ -46.112196857710437, -23.654661227651289 ], [ -46.112023613674346, -23.654745892924257 ], [ -46.111850369409019, -23.654830558011028 ], [ -46.111725692703288, -23.654960181410409 ], [ -46.111632932964135, -23.655119350010509 ], [ -46.11154017300651, -23.655278518560316 ], [ -46.111447412830394, -23.65543768705983 ] ] } },
{ "type": "Feature", "properties": { "regiao": 1, "rodovia": "SP 098", "ra_geo": 0.0, "ra_hid": 1.0, "ra": 1, "km": 71.02, "fonte": "figura", "fonte_geo": "figura", "fonte_hid": "figura" }, "geometry": { "type": "LineString", "coordinates": [ [ -46.111354652435786, -23.655596855509053 ], [ -46.111266882195793, -23.655758253005423 ], [ -46.111188647829266, -23.655923910029653 ], [ -46.11111041327311, -23.656089567018316 ], [ -46.111032178527317, -23.656255223971417 ], [ -46.110953943591888, -23.656420880888952 ], [ -46.110881497377129, -23.656588565021099 ], [ -46.110828939902106, -23.656761320165071 ], [ -46.110837746634196, -23.656941791505904 ], [ -46.110867009880238, -23.657118782282907 ], [ -46.110928773760904, -23.657290243250543 ], [ -46.11099053781146, -23.657461704183792 ], [ -46.111052302031901, -23.657633165082654 ], [ -46.111114066422239, -23.657804625947129 ], [ -46.111175830982468, -23.657976086777211 ], [ -46.111237595712602, -23.658147547572916 ], [ -46.11129936061262, -23.658319008334225 ], [ -46.111361125682549, -23.658490469061146 ], [ -46.111422890922384, -23.658661929753688 ], [ -46.111460560240552, -23.658838883717536 ], [ -46.111492744914166, -23.659017088050955 ], [ -46.111524929685423, -23.659195292370395 ], [ -46.111557114554323, -23.659373496675865 ], [ -46.111589299520872, -23.659551700967345 ], [ -46.11158316948957, -23.659730928770554 ], [ -46.111562250259745, -23.659910551636493 ], [ -46.111541330983499, -23.660090174497665 ], [ -46.11152041166082, -23.660269797354069 ], [ -46.111499492291721, -23.66044942020573 ], [ -46.111466040627164, -23.660626483957948 ], [ -46.111402589485849, -23.660797421801583 ], [ -46.111339138188214, -23.660968359621737 ], [ -46.11127568673426, -23.661139297418398 ], [ -46.111212235123979, -23.661310235191578 ], [ -46.111148783357365, -23.661481172941276 ], [ -46.111085331434431, -23.661652110667475 ], [ -46.111021879355164, -23.661823048370195 ], [ -46.11095842711957, -23.661993986049428 ], [ -46.110894974727628, -23.662164923705166 ], [ -46.110831522179353, -23.662335861337404 ], [ -46.110768069474744, -23.662506798946165 ], [ -46.110704616613788, -23.662677736531442 ], [ -46.11064116359649, -23.662848674093215 ], [ -46.110577710422845, -23.663019611631498 ], [ -46.110514257092852, -23.663190549146275 ], [ -46.110453481128069, -23.663362302865732 ], [ -46.110393694508801, -23.663534358205958 ], [ -46.110333907741968, -23.663706413525226 ], [ -46.110274120827548, -23.663878468823558 ], [ -46.110223120043173, -23.66405192042285 ], [ -46.110216856630032, -23.664232481718678 ], [ -46.110210593210653, -23.66441304301075 ], [ -46.110204329785013, -23.6645936042991 ], [ -46.110198066353114, -23.664774165583719 ], [ -46.110179739808522, -23.664953910216799 ], [ -46.110157275028754, -23.665133374697941 ], [ -46.110134810198332, -23.665312839174049 ], [ -46.110074753793192, -23.665483919901529 ], [ -46.110005601964296, -23.665652972157439 ], [ -46.109936449965772, -23.665822024385545 ], [ -46.109867297797592, -23.665991076585826 ], [ -46.10979814545977, -23.666160128758307 ], [ -46.109728992952292, -23.666329180902952 ], [ -46.10964733735414, -23.666493024680491 ], [ -46.109555180184451, -23.666652493861871 ], [ -46.10946302279725, -23.666811962993584 ], [ -46.109322326395173, -23.666932487446463 ], [ -46.109163466054603, -23.667038438304239 ], [ -46.109004605454473, -23.667144389007284 ], [ -46.108845744594788, -23.667250339555594 ], [ -46.108686883127305, -23.667356289506198 ], [ -46.108540959680269, -23.66747662890652 ], [ -46.108398343611071, -23.667600646858713 ], [ -46.108255727272088, -23.667724664687725 ], [ -46.108113110663297, -23.667848682393579 ], [ -46.10797049378472, -23.667972699976247 ], [ -46.107827876636335, -23.668096717435752 ], [ -46.107685259218151, -23.668220734772071 ], [ -46.107542641530166, -23.668344751985213 ], [ -46.107400023572374, -23.668468769075172 ], [ -46.10725588979443, -23.66859128959802 ], [ -46.107111666768006, -23.668713722137706 ], [ -46.106967443471959, -23.668836154551279 ], [ -46.106823219906282, -23.668958586838713 ], [ -46.106678996070983, -23.669081019 ], [ -46.106534771966054, -23.669203451035184 ], [ -46.106390547591502, -23.669325882944211 ], [ -46.106246322947314, -23.669448314727099 ], [ -46.106102098033496, -23.669570746383858 ], [ -46.105957872850041, -23.669693177914464 ], [ -46.105813647396957, -23.66981560931892 ], [ -46.105669421674229, -23.669938040597238 ], [ -46.105525195681864, -23.670060471749398 ], [ -46.105380969419855, -23.670182902775405 ], [ -46.105236742888209, -23.67030533367527 ], [ -46.10509251608692, -23.670427764448956 ], [ -46.104948289015979, -23.670550195096489 ], [ -46.104804061675388, -23.670672625617861 ], [ -46.104657464886799, -23.670792564541582 ], [ -46.104506688976748, -23.670908108771524 ], [ -46.104355912799548, -23.67102365286291 ], [ -46.104205136355191, -23.671139196815734 ], [ -46.104038707940617, -23.671231694852594 ], [ -46.103859935651705, -23.671306017744509 ], [ -46.10368116315334, -23.671380340436933 ], [ -46.10350239044552, -23.671454662929847 ], [ -46.103323617528247, -23.671528985223265 ], [ -46.103144844401513, -23.671603307317195 ], [ -46.102966071065325, -23.671677629211615 ], [ -46.10280277780339, -23.671777197800225 ], [ -46.102661928896119, -23.671899672370923 ], [ -46.102543118468219, -23.672043412036768 ], [ -46.102424307783266, -23.672187151618534 ], [ -46.102350288632167, -23.672352944047923 ], [ -46.10228652205771, -23.672523784315871 ], [ -46.102222755326025, -23.672694624560034 ], [ -46.102245108577158, -23.672871487152172 ] ] } },
{ "type": "Feature", "properties": { "regiao": 1, "rodovia": "SP 098", "ra_geo": 0.0, "ra_hid": 1.0, "ra": 1, "km": 72.49, "fonte": "figura", "fonte_geo": "figura", "fonte_hid": "figura" }, "geometry": { "type": "LineString", "coordinates": [ [ -46.102280139405138, -23.673049236263676 ], [ -46.102315170338109, -23.673226985359733 ], [ -46.102350201376069, -23.673404734440343 ], [ -46.102385232519012, -23.673582483505498 ], [ -46.102420263766952, -23.673760232555203 ], [ -46.102455295119881, -23.67393798158945 ], [ -46.102490326577794, -23.674115730608261 ], [ -46.102520874097237, -23.674293999754092 ], [ -46.102534790349367, -23.674474198100686 ], [ -46.102548706650467, -23.674654396440491 ], [ -46.102562623000537, -23.674834594773518 ], [ -46.102571246321318, -23.675015066912309 ], [ -46.102579326545651, -23.675195567141945 ], [ -46.102589809296816, -23.675375468427216 ], [ -46.102681685233414, -23.675535078479385 ], [ -46.102773561399367, -23.675694688465523 ], [ -46.102865437794698, -23.675854298385609 ], [ -46.102957314419399, -23.676013908239671 ], [ -46.103049191273477, -23.676173518027674 ], [ -46.103135535193047, -23.676334949113734 ], [ -46.103174316691472, -23.676512036445228 ], [ -46.103213098304515, -23.676689123759139 ], [ -46.103251880032168, -23.676866211055486 ], [ -46.103290661874439, -23.677043298334244 ], [ -46.103329443831321, -23.67722038559543 ], [ -46.10336822590282, -23.677397472839036 ], [ -46.103407008088944, -23.677574560065054 ], [ -46.1034312560827, -23.677753335911007 ], [ -46.103441440311414, -23.67793374572349 ], [ -46.103451624578959, -23.678114155530135 ], [ -46.103461808885321, -23.678294565330965 ], [ -46.103432228258264, -23.678470806106194 ], [ -46.103378277137757, -23.67864449183751 ], [ -46.103324325883825, -23.678818177551523 ], [ -46.103270374496475, -23.678991863248243 ], [ -46.103198627036065, -23.679158383353208 ], [ -46.103096825364084, -23.679312802097765 ], [ -46.103000899512956, -23.679470178969947 ], [ -46.102914729055584, -23.679632467069659 ], [ -46.102826386872337, -23.679793756992503 ], [ -46.102737375442487, -23.679954739348904 ], [ -46.102648363800853, -23.680115721658971 ], [ -46.102564781070576, -23.680279085727808 ], [ -46.102485139027849, -23.680444178659105 ], [ -46.102402986528325, -23.680608073273344 ], [ -46.10230242473807, -23.680763180224453 ], [ -46.102201862715468, -23.68091828711604 ], [ -46.102101300460504, -23.681073393948111 ], [ -46.101988718455424, -23.681218714727141 ], [ -46.101833905104158, -23.681329651882873 ], [ -46.101679091488677, -23.681440588891984 ], [ -46.101524277608981, -23.681551525754493 ], [ -46.10136825573538, -23.681660756870563 ], [ -46.101195599728484, -23.681746496839615 ], [ -46.101022943490172, -23.681832236623606 ], [ -46.100850287020435, -23.681917976222515 ], [ -46.100677630319289, -23.682003715636338 ], [ -46.100504973386727, -23.682089454865075 ] ] } },
{ "type": "Feature", "properties": { "regiao": 1, "rodovia": "SP 098", "ra_geo": 3.0, "ra_hid": 1.0, "ra": 3, "km": 73.02, "fonte": "figura", "fonte_geo": "figura", "fonte_hid": "figura" }, "geometry": { "type": "LineString", "coordinates": [ [ -46.100332316222747, -23.682175193908744 ], [ -46.100159658827359, -23.682260932767317 ], [ -46.099987001200553, -23.68234667144079 ], [ -46.099815717450618, -23.68243458175105 ], [ -46.099649592758617, -23.682530646321656 ] ] } },
{ "type": "Feature", "properties": { "regiao": 1, "rodovia": "SP 098", "ra_geo": 3.0, "ra_hid": 0.0, "ra": 3, "km": 73.36, "fonte": "figura", "fonte_geo": "figura", "fonte_hid": "figura" }, "geometry": { "type": "LineString", "coordinates": [ [ -46.099483467818857, -23.682626710721873 ], [ -46.099317342631338, -23.68272277495171 ], [ -46.099151217196052, -23.682818839011144 ], [ -46.098985091513022, -23.682914902900183 ], [ -46.098818965582232, -23.683010966618845 ], [ -46.098703373968007, -23.683153504441393 ], [ -46.098599300981128, -23.68330663555243 ], [ -46.098495227756288, -23.683459766599537 ], [ -46.098391154293481, -23.683612897582719 ], [ -46.098287080592698, -23.683766028501964 ], [ -46.098183006653954, -23.683919159357281 ], [ -46.098078932477236, -23.68407229014867 ], [ -46.097974858062535, -23.68422542087611 ], [ -46.097905264400481, -23.684393470831502 ], [ -46.097843713393559, -23.684565000739305 ], [ -46.09778848887062, -23.684737589895526 ], [ -46.097780545285445, -23.684918095314369 ], [ -46.097772601689257, -23.685098600729475 ], [ -46.097792731880418, -23.68527616694157 ], [ -46.097844468236048, -23.685450424122394 ], [ -46.097896204738348, -23.685624681276995 ], [ -46.097947941387297, -23.68579893840537 ], [ -46.097999678182916, -23.685973195507525 ], [ -46.098051415125198, -23.686147452583452 ], [ -46.098103152214144, -23.686321709633162 ], [ -46.098113147262097, -23.68650004124661 ], [ -46.098102225764606, -23.68668041458502 ], [ -46.098090809870435, -23.686860689914678 ], [ -46.098020176682752, -23.687029226060798 ], [ -46.097943067500481, -23.687193624663696 ], [ -46.097796377393379, -23.6873135668712 ], [ -46.097628060044116, -23.687402566279875 ], [ -46.097448764878706, -23.687475859363364 ], [ -46.097269469505854, -23.687549152245928 ], [ -46.097090173925551, -23.687622444927573 ], [ -46.096910878137805, -23.687695737408298 ] ] } },
{ "type": "Feature", "properties": { "regiao": 1, "rodovia": "SP 098", "ra_geo": 2.0, "ra_hid": 0.0, "ra": 2, "km": 73.7, "fonte": "figura", "fonte_geo": "figura", "fonte_hid": "figura" }, "geometry": { "type": "LineString", "coordinates": [ [ -46.096731582142603, -23.687769029688088 ], [ -46.096552285939964, -23.687842321766961 ], [ -46.096372989529875, -23.687915613644904 ], [ -46.096193692912337, -23.687988905321909 ] ] } },
{ "type": "Feature", "properties": { "regiao": 1, "rodovia": "SP 098", "ra_geo": 2.0, "ra_hid": 1.0, "ra": 2, "km": 73.8, "fonte": "figura", "fonte_geo": "figura", "fonte_hid": "figura" }, "geometry": { "type": "LineString", "coordinates": [ [ -46.096014396087362, -23.688062196797976 ], [ -46.095835099054938, -23.688135488073115 ], [ -46.09565580181507, -23.688208779147317 ], [ -46.095476504367767, -23.688282070020577 ], [ -46.09529720671302, -23.688355360692878 ], [ -46.095116107919075, -23.688424786440855 ], [ -46.094934896559828, -23.688493970849752 ], [ -46.094753685001969, -23.688563155052989 ] ] } },
{ "type": "Feature", "properties": { "regiao": 1, "rodovia": "SP 098", "ra_geo": 4.0, "ra_hid": 1.0, "ra": 4, "km": 74.44, "fonte": "figura", "fonte_geo": "figura", "fonte_hid": "figura" }, "geometry": { "type": "LineString", "coordinates": [ [ -46.094567151637101, -23.688610093490798 ], [ -46.094371146906255, -23.68861743954243 ], [ -46.094175142142696, -23.688624785346722 ], [ -46.093979137346416, -23.688632130903628 ], [ -46.09378313251743, -23.688639476213194 ], [ -46.093587127655731, -23.688646821275384 ], [ -46.093415136623946, -23.688719610039602 ], [ -46.093254469601632, -23.688823260071295 ], [ -46.093116730508477, -23.688949429853981 ], [ -46.092994076841102, -23.689090416591927 ], [ -46.092920078567346, -23.689255642521331 ], [ -46.092868734834056, -23.689429011232559 ], [ -46.092857804702838, -23.689609384340066 ], [ -46.092861453204968, -23.689788793256977 ], [ -46.092900259612556, -23.68996587693098 ], [ -46.092939066134782, -23.690142960587412 ], [ -46.092977872771662, -23.690320044226294 ], [ -46.093016679523195, -23.690497127847603 ], [ -46.093055486389389, -23.690674211451363 ], [ -46.093094293370228, -23.690851295037543 ], [ -46.093107065014358, -23.69102953225697 ], [ -46.093086899494324, -23.691209228939101 ], [ -46.093062478103029, -23.691387650367883 ], [ -46.092963953361838, -23.691543866908496 ], [ -46.092865428391505, -23.69170008339194 ], [ -46.092766903192043, -23.69185629981822 ], [ -46.092668377763431, -23.692012516187337 ], [ -46.092569852105669, -23.692168732499301 ], [ -46.092471326218757, -23.692324948754084 ], [ -46.092372800102702, -23.692481164951719 ], [ -46.092274273757489, -23.692637381092162 ], [ -46.092184032799004, -23.69279609231501 ], [ -46.092163294902292, -23.692975733777388 ], [ -46.092142556959374, -23.693155375234987 ], [ -46.092121818970249, -23.693335016687804 ], [ -46.092101080934917, -23.693514658135836 ], [ -46.092080342853372, -23.6936942995791 ], [ -46.09205960472562, -23.693873941017578 ], [ -46.092038866551661, -23.694053582451282 ], [ -46.092018128331489, -23.694233223880197 ], [ -46.091996684206194, -23.694412785929725 ], [ -46.0919698702481, -23.694591744136371 ], [ -46.091943056227286, -23.694770702336996 ], [ -46.091916242143732, -23.694949660531616 ], [ -46.091889427997458, -23.695128618720215 ], [ -46.09186261378845, -23.695307576902806 ], [ -46.091835799516709, -23.695486535079379 ], [ -46.09180898518224, -23.695665493249948 ], [ -46.091782170785038, -23.695844451414491 ], [ -46.091755356325102, -23.696023409573026 ], [ -46.091728541802425, -23.69620236772554 ], [ -46.091713640616078, -23.69638248106591 ], [ -46.091699391389298, -23.696562657545954 ], [ -46.091685142134068, -23.696742834022 ], [ -46.091670892850395, -23.696923010494064 ], [ -46.091654195032127, -23.697102995121625 ], [ -46.091635183546735, -23.697282798471921 ], [ -46.09161617201984, -23.697462601817708 ], [ -46.091597160451443, -23.69764240515898 ], [ -46.091578148841535, -23.697822208495726 ], [ -46.091584080052947, -23.69800272636677 ], [ -46.091590918057122, -23.698183270208798 ], [ -46.09159775609087, -23.69836381404571 ], [ -46.091604594154212, -23.698544357877477 ], [ -46.091613519719708, -23.698724809101627 ], [ -46.091625559944866, -23.698905122151977 ], [ -46.091637600213822, -23.699085435196046 ], [ -46.091649640526576, -23.699265748233845 ] ] } },
{ "type": "Feature", "properties": { "regiao": 2, "rodovia": "SP 055", "ra_geo": 1.0, "ra_hid": 2.0, "ra": 2, "km": 82.28, "fonte": "tabela", "fonte_geo": "tabela", "fonte_hid": "figura" }, "geometry": { "type": "LineString", "coordinates": [ [ -45.273303542102752, -23.565889334924623 ], [ -45.273499599836363, -23.565891760060719 ], [ -45.273695657475287, -23.565894191817172 ], [ -45.273891715118722, -23.565896623326317 ], [ -45.27408777276667, -23.565899054588144 ], [ -45.274283830419122, -23.565901485602652 ], [ -45.27447988807608, -23.565903916369841 ], [ -45.274675945737528, -23.565906346889719 ], [ -45.27487200340348, -23.565908777162278 ], [ -45.275068043702596, -23.565911943013838 ], [ -45.275264030454125, -23.565917377247274 ], [ -45.275460017219061, -23.565922811233492 ], [ -45.275656003997398, -23.565928244972476 ], [ -45.275851990789135, -23.565933678464251 ], [ -45.276047977594274, -23.56593911170879 ], [ -45.276243964412799, -23.56594454470611 ], [ -45.276439951244726, -23.565949977456196 ], [ -45.276635938090038, -23.56595540995907 ], [ -45.276831924948745, -23.565960842214714 ], [ -45.277027911820824, -23.565966274223122 ], [ -45.277223898706296, -23.565971705984321 ], [ -45.277419885605141, -23.565977137498283 ], [ -45.277615872517359, -23.56598256876503 ], [ -45.277811859442956, -23.565987999784539 ], [ -45.278007726352101, -23.565995223667731 ], [ -45.278202950875595, -23.566012044315986 ], [ -45.2783981754461, -23.566028864718586 ], [ -45.278593400063613, -23.566045684875515 ], [ -45.278788624728136, -23.566062504786792 ], [ -45.278983849439662, -23.566079324452406 ], [ -45.279178142927485, -23.566101578361547 ], [ -45.279369486694833, -23.56614104581972 ] ] } },
{ "type": "Feature", "properties": { "regiao": 2, "rodovia": "SP 055", "ra_geo": 1.0, "ra_hid": 1.0, "ra": 1, "km": 83.08, "fonte": "tabela", "fonte_geo": "tabela", "fonte_hid": "figura" }, "geometry": { "type": "LineString", "coordinates": [ [ -45.27956083057402, -23.566180513041115 ], [ -45.27975217456504, -23.566219980025707 ], [ -45.279943518667899, -23.566259446773518 ], [ -45.280135825685242, -23.566294111086904 ], [ -45.280329833611191, -23.566320291920299 ], [ -45.280523841611384, -23.566346472510762 ], [ -45.280717849685828, -23.566372652858302 ], [ -45.280911744413679, -23.566399523214049 ], [ -45.281105461121058, -23.566427477189372 ], [ -45.281299177907769, -23.566455430922435 ], [ -45.281492894773827, -23.566483384413228 ], [ -45.281686611719209, -23.566511337661751 ], [ -45.281880328743924, -23.566539290668011 ], [ -45.28207404584797, -23.56656724343199 ], [ -45.282267763031349, -23.566595195953706 ], [ -45.282461480294053, -23.566623148233138 ], [ -45.282655125366979, -23.566651469153335 ], [ -45.282847212940354, -23.566687740243651 ], [ -45.28303930061665, -23.566724011095438 ], [ -45.283231388395848, -23.566760281708699 ], [ -45.283423476277967, -23.566796552083424 ], [ -45.283615564262988, -23.566832822219631 ], [ -45.283807652350923, -23.566869092117312 ], [ -45.284001302445084, -23.566896049550788 ], [ -45.284196304626576, -23.566914945844363 ], [ -45.284391306861124, -23.566933841892759 ], [ -45.284585118957217, -23.566959838430133 ], [ -45.284777215014763, -23.566996073213495 ], [ -45.284966711244842, -23.567041722851265 ], [ -45.285154115213736, -23.567094831509547 ], [ -45.285334558262349, -23.567165554002649 ], [ -45.285515001502219, -23.567236276283776 ], [ -45.285692014010486, -23.567312776317845 ], [ -45.285853890591532, -23.567414766727197 ], [ -45.286015767421539, -23.567516756964221 ], [ -45.286177644500491, -23.567618747028927 ], [ -45.286327399596672, -23.567734744468158 ], [ -45.286471252383954, -23.567857562337398 ], [ -45.286615105438528, -23.56798038006897 ], [ -45.286759010455818, -23.568103146109298 ], [ -45.28690313811996, -23.568225690242052 ], [ -45.287047266051324, -23.568348234236634 ], [ -45.287191394249888, -23.568470778093062 ], [ -45.287335522715658, -23.56859332181131 ], [ -45.287479651448656, -23.56871586539139 ], [ -45.287623780448847, -23.568838408833294 ], [ -45.287769992659783, -23.568958697451272 ] ] } },
{ "type": "Feature", "properties": { "regiao": 2, "rodovia": "SP 055", "ra_geo": 1.0, "ra_hid": 2.0, "ra": 2, "km": 83.63, "fonte": "tabela", "fonte_geo": "tabela", "fonte_hid": "figura" }, "geometry": { "type": "LineString", "coordinates": [ [ -45.28792420093437, -23.569070330851446 ], [ -45.288078409468959, -23.569181964094497 ], [ -45.28823261826355, -23.569293597180415 ], [ -45.288395962828808, -23.56939319370267 ], [ -45.28856259229282, -23.569488462377183 ], [ -45.288729221995951, -23.569583730869553 ], [ -45.288899385224752, -23.569673272334626 ] ] } },
{ "type": "Feature", "properties": { "regiao": 2, "rodovia": "SP 055", "ra_geo": 3.0, "ra_hid": 2.0, "ra": 3, "km": 84.02, "fonte": "tabela", "fonte_geo": "tabela", "fonte_hid": "figura" }, "geometry": { "type": "LineString", "coordinates": [ [ -45.28907339946641, -23.569756572143636 ], [ -45.289247413925914, -23.569839871754791 ], [ -45.289427024714662, -23.569911926326359 ], [ -45.289609032033681, -23.569979165469128 ], [ -45.289791039535949, -23.570046404396386 ], [ -45.289973047221466, -23.570113643108133 ], [ -45.290155055090224, -23.570180881604358 ], [ -45.290337063142232, -23.570248119885065 ], [ -45.290519071377481, -23.570315357950253 ], [ -45.29070107979598, -23.570382595799906 ], [ -45.290883088397713, -23.57044983343404 ], [ -45.291065097182695, -23.570517070852652 ], [ -45.291247106150912, -23.570584308055725 ], [ -45.291429115302371, -23.570651545043269 ], [ -45.291611124637072, -23.570718781815273 ], [ -45.291793134155007, -23.570786018371752 ], [ -45.291975143856178, -23.570853254712681 ], [ -45.292157153740575, -23.570920490838088 ], [ -45.292339163808215, -23.570987726747934 ], [ -45.29252117405909, -23.571054962442236 ], [ -45.292703184493192, -23.571122197921003 ], [ -45.292885195110522, -23.57118943318422 ], [ -45.293067205911086, -23.571256668231886 ], [ -45.293251761890438, -23.571317475948511 ], [ -45.293445232272077, -23.571328333808353 ], [ -45.293638275094189, -23.571314385054865 ], [ -45.293803247783011, -23.571216694115158 ], [ -45.293968220226567, -23.571119003001566 ], [ -45.29409873161601, -23.570988735234025 ], [ -45.294208845546912, -23.570839185485962 ], [ -45.294318959229507, -23.570689635659519 ] ] } },
{ "type": "Feature", "properties": { "regiao": 2, "rodovia": "SP 055", "ra_geo": 1.0, "ra_hid": 1.0, "ra": 1, "km": 84.44, "fonte": "tabela", "fonte_geo": "tabela", "fonte_hid": "figura" }, "geometry": { "type": "LineString", "coordinates": [ [ -45.294425015626189, -23.570537914325854 ], [ -45.294511339602892, -23.570375631763106 ], [ -45.294597663369238, -23.570213349151171 ], [ -45.294705637651738, -23.570064495661178 ], [ -45.294836216599478, -23.56992966309873 ], [ -45.294966795280935, -23.569794830426932 ], [ -45.295148717815714, -23.569731892778432 ], [ -45.295334701729566, -23.569674642134938 ], [ -45.295522768931932, -23.569644126808686 ], [ -45.2957157204021, -23.569676287745772 ], [ -45.295908671963495, -23.569708448442274 ] ] } },
{ "type": "Feature", "properties": { "regiao": 2, "rodovia": "SP 055", "ra_geo": 2.0, "ra_hid": 2.0, "ra": 2, "km": 84.75, "fonte": "tabela", "fonte_geo": "tabela", "fonte_hid": "figura" }, "geometry": { "type": "LineString", "coordinates": [ [ -45.296099666734335, -23.569748261620227 ], [ -45.296287889216529, -23.569798916572704 ], [ -45.296476111840626, -23.569849571295471 ], [ -45.296664334606632, -23.569900225788562 ], [ -45.296852557514541, -23.569950880051941 ], [ -45.297040780564359, -23.57000153408563 ], [ -45.297229003756073, -23.570052187889612 ], [ -45.297417227089689, -23.570102841463896 ], [ -45.297605450565193, -23.57015349480848 ], [ -45.2977936741826, -23.570204147923349 ], [ -45.297981897941909, -23.570254800808517 ], [ -45.2981701218431, -23.57030545346397 ], [ -45.298358345886186, -23.570356105889715 ], [ -45.298546570071153, -23.570406758085738 ], [ -45.298738259657171, -23.570444757189321 ], [ -45.29893001317987, -23.570482522991846 ], [ -45.299121766809535, -23.570520288556519 ], [ -45.299313520546164, -23.570558053883346 ], [ -45.299505274389759, -23.570595818972325 ] ] } },
{ "type": "Feature", "properties": { "regiao": 2, "rodovia": "SP 055", "ra_geo": 3.0, "ra_hid": 3.0, "ra": 3, "km": 85.06, "fonte": "tabela", "fonte_geo": "tabela", "fonte_hid": "figura" }, "geometry": { "type": "LineString", "coordinates": [ [ -45.299697028340304, -23.570633583823462 ], [ -45.299888782397808, -23.57067134843675 ], [ -45.30008053656227, -23.570709112812182 ], [ -45.300273787392143, -23.570739617783467 ], [ -45.300467203591737, -23.570769320789264 ], [ -45.300660619875508, -23.570799023553384 ], [ -45.300854036243479, -23.570828726075831 ], [ -45.30104745269562, -23.570858428356612 ], [ -45.301240869231947, -23.570888130395705 ], [ -45.301434285852459, -23.570917832193135 ], [ -45.301627702557141, -23.570947533748885 ], [ -45.301821119346002, -23.570977235062958 ] ] } },
{ "type": "Feature", "properties": { "regiao": 2, "rodovia": "SP 055", "ra_geo": 1.0, "ra_hid": 3.0, "ra": 3, "km": 85.23, "fonte": "tabela", "fonte_geo": "tabela", "fonte_hid": "figura" }, "geometry": { "type": "LineString", "coordinates": [ [ -45.302012725781687, -23.571015416681067 ], [ -45.302203930892148, -23.571055478489214 ], [ -45.302395136115912, -23.571095540060753 ], [ -45.302586341452979, -23.571135601395699 ], [ -45.30277754690335, -23.571175662494042 ] ] } },
{ "type": "Feature", "properties": { "regiao": 2, "rodovia": "SP 055", "ra_geo": 1.0, "ra_hid": 1.0, "ra": 1, "km": 85.37, "fonte": "tabela", "fonte_geo": "tabela", "fonte_hid": "figura" }, "geometry": { "type": "LineString", "coordinates": [ [ -45.302968752467024, -23.571215723355781 ], [ -45.303160663965329, -23.571252731258145 ], [ -45.303352975346421, -23.571288009845798 ], [ -45.303545286827486, -23.571323288194304 ], [ -45.303737598408524, -23.571358566303658 ], [ -45.303929910089522, -23.571393844173851 ], [ -45.304122221870493, -23.57142912180489 ], [ -45.304314533751423, -23.571464399196771 ] ] } },
{ "type": "Feature", "properties": { "regiao": 2, "rodovia": "SP 055", "ra_geo": 3.0, "ra_hid": 3.0, "ra": 3, "km": 85.53, "fonte": "tabela", "fonte_geo": "tabela", "fonte_hid": "figura" }, "geometry": { "type": "LineString", "coordinates": [ [ -45.304506845732313, -23.571499676349504 ], [ -45.304699157813154, -23.571534953263075 ], [ -45.304891751755747, -23.571568894361079 ], [ -45.305084391756154, -23.571602617355506 ], [ -45.305277031852128, -23.571636340110018 ], [ -45.305469672043685, -23.571670062624619 ], [ -45.30566231233081, -23.571703784899306 ], [ -45.305854952713503, -23.571737506934067 ] ] } },
{ "type": "Feature", "properties": { "regiao": 2, "rodovia": "SP 055", "ra_geo": 1.0, "ra_hid": 1.0, "ra": 1, "km": 86.0, "fonte": "tabela", "fonte_geo": "tabela", "fonte_hid": "figura" }, "geometry": { "type": "LineString", "coordinates": [ [ -45.306047593191757, -23.571771228728906 ], [ -45.306240233765571, -23.57180495028383 ], [ -45.306432874434947, -23.571838671598837 ], [ -45.30662551519989, -23.571872392673921 ], [ -45.306818156060388, -23.57190611350908 ], [ -45.307010797016432, -23.57193983410431 ], [ -45.307203438068036, -23.571973554459618 ], [ -45.307396079215188, -23.572007274574993 ], [ -45.307588720457886, -23.572040994450447 ], [ -45.307781361796131, -23.572074714085968 ], [ -45.307974003229923, -23.572108433481567 ], [ -45.308166644759254, -23.572142152637223 ], [ -45.308359286384118, -23.572175871552957 ], [ -45.308551928104521, -23.572209590228741 ], [ -45.308744569920457, -23.572243308664603 ], [ -45.308937211831925, -23.57227702686053 ], [ -45.309129853838925, -23.572310744816519 ], [ -45.309322495941451, -23.572344462532566 ], [ -45.309515138139503, -23.572378180008677 ], [ -45.309707780433072, -23.572411897244834 ], [ -45.30990042282216, -23.572445614241065 ], [ -45.310093065306773, -23.57247933099735 ], [ -45.310285846202383, -23.572511463431709 ], [ -45.3104818592576, -23.572506579174547 ], [ -45.310677872295244, -23.572501694670343 ], [ -45.310859160242352, -23.572443730526505 ], [ -45.311033657231157, -23.572361287525343 ], [ -45.311189122397792, -23.572256289399114 ], [ -45.311318769226972, -23.572120693343056 ], [ -45.311418068820586, -23.57196504204995 ], [ -45.311507554214494, -23.571804675114773 ], [ -45.311580120394339, -23.571636767664984 ], [ -45.3116740685739, -23.571478962730687 ], [ -45.311779589867314, -23.571326625849657 ], [ -45.311912813796646, -23.571198669982234 ], [ -45.312073028814659, -23.571094468839888 ], [ -45.312233243578817, -23.570990267533688 ], [ -45.312410771250995, -23.570932804365242 ], [ -45.312606667263353, -23.570924928042899 ] ] } },
{ "type": "Feature", "properties": { "regiao": 2, "rodovia": "SP 055", "ra_geo": 4.0, "ra_hid": 1.0, "ra": 4, "km": 86.56, "fonte": "tabela", "fonte_geo": "tabela", "fonte_hid": "figura" }, "geometry": { "type": "LineString", "coordinates": [ [ -45.312802563249264, -23.570917051473909 ], [ -45.312998459208728, -23.570909174658283 ], [ -45.313183034485512, -23.570967694953598 ], [ -45.313366865752847, -23.571030579733041 ], [ -45.313550697192895, -23.571093464292705 ], [ -45.313726370496731, -23.571172078638185 ], [ -45.313894901010137, -23.571264465201676 ], [ -45.314063431757845, -23.571356851578823 ], [ -45.314231962739875, -23.571449237769645 ], [ -45.314387627101993, -23.571557256716162 ], [ -45.314529551329777, -23.571681969787761 ], [ -45.31467147582547, -23.571806682724908 ], [ -45.314813400589074, -23.571931395527614 ], [ -45.314955325620573, -23.572056108195863 ], [ -45.315097250919997, -23.572180820729663 ], [ -45.315239176487324, -23.572305533128983 ] ] } },
{ "type": "Feature", "properties": { "regiao": 2, "rodovia": "SP 055", "ra_geo": 3.0, "ra_hid": 2.0, "ra": 3, "km": 86.79, "fonte": "tabela", "fonte_geo": "tabela", "fonte_hid": "figura" }, "geometry": { "type": "LineString", "coordinates": [ [ -45.315381102322561, -23.57243024539385 ], [ -45.315523028425723, -23.572554957524261 ], [ -45.315664954796802, -23.572679669520205 ], [ -45.315806881435797, -23.572804381381669 ], [ -45.315948808342704, -23.572929093108669 ], [ -45.316077903301746, -23.573065006172445 ], [ -45.316205287126451, -23.573202413036913 ] ] } },
{ "type": "Feature", "properties": { "regiao": 2, "rodovia": "SP 055", "ra_geo": 4.0, "ra_hid": 3.0, "ra": 4, "km": 86.94, "fonte": "tabela", "fonte_geo": "tabela", "fonte_hid": "figura" }, "geometry": { "type": "LineString", "coordinates": [ [ -45.316332671216735, -23.573339819791702 ], [ -45.316446552090198, -23.573483470205744 ], [ -45.316489882553022, -23.573659741896009 ], [ -45.316533213134349, -23.573836013568979 ], [ -45.316576543834195, -23.574012285224622 ], [ -45.316619874652552, -23.574188556862961 ], [ -45.316663205589421, -23.574364828483972 ] ] } },
{ "type": "Feature", "properties": { "regiao": 2, "rodovia": "SP 055", "ra_geo": 4.0, "ra_hid": null, "ra": 4, "km": 87.43, "fonte": "tabela", "fonte_geo": "tabela", "fonte_hid": "figura" }, "geometry": { "type": "LineString", "coordinates": [ [ -45.318296144604069, -23.577180071513077 ], [ -45.318450436202234, -23.577290893106731 ], [ -45.318617954629431, -23.577385403989194 ], [ -45.31878547329503, -23.577479914687331 ], [ -45.31895299219903, -23.577574425201131 ], [ -45.319137974497949, -23.577633228468628 ], [ -45.319325743086267, -23.577686334677278 ] ] } },
{ "type": "Feature", "properties": { "regiao": 2, "rodovia": "SP 055", "ra_geo": 3.0, "ra_hid": null, "ra": 3, "km": 87.55, "fonte": "tabela", "fonte_geo": "tabela", "fonte_hid": "figura" }, "geometry": { "type": "LineString", "coordinates": [ [ -45.319513511823018, -23.577739440657059 ], [ -45.319701280708202, -23.577792546407959 ], [ -45.319889049741811, -23.577845651929984 ], [ -45.320076818923859, -23.577898757223132 ] ] } },
{ "type": "Feature", "properties": { "regiao": 2, "rodovia": "SP 055", "ra_geo": 3.0, "ra_hid": 0.0, "ra": 3, "km": 87.67, "fonte": "tabela", "fonte_geo": "tabela", "fonte_hid": "figura" }, "geometry": { "type": "LineString", "coordinates": [ [ -45.320264588254325, -23.577951862287399 ], [ -45.320452357733217, -23.578004967122791 ], [ -45.320640127360541, -23.578058071729295 ], [ -45.320827897136276, -23.578111176106919 ], [ -45.321015667060443, -23.578164280255653 ], [ -45.321203437133022, -23.578217384175506 ], [ -45.321391207354019, -23.578270487866465 ] ] } },
{ "type": "Feature", "properties": { "regiao": 2, "rodovia": "SP 055", "ra_geo": 3.0, "ra_hid": 2.0, "ra": 3, "km": 87.8, "fonte": "tabela", "fonte_geo": "tabela", "fonte_hid": "figura" }, "geometry": { "type": "LineString", "coordinates": [ [ -45.321578977723433, -23.57832359132853 ], [ -45.321766748241259, -23.578376694561712 ], [ -45.321954518907496, -23.578429797565985 ], [ -45.322142289722144, -23.578482900341374 ], [ -45.322330060685204, -23.578536002887862 ] ] } },
{ "type": "Feature", "properties": { "regiao": 2, "rodovia": "SP 055", "ra_geo": 1.0, "ra_hid": 2.0, "ra": 2, "km": 88.0, "fonte": "tabela", "fonte_geo": "tabela", "fonte_hid": "figura" }, "geometry": { "type": "LineString", "coordinates": [ [ -45.322517831796674, -23.578589105205445 ], [ -45.322705603056541, -23.578642207294131 ], [ -45.322891117099978, -23.578701576259213 ], [ -45.323076062631699, -23.578762523817701 ], [ -45.323261008331706, -23.578823471153726 ], [ -45.323431764227024, -23.578912472966184 ], [ -45.323601318597341, -23.579003850554585 ], [ -45.323770873068469, -23.579095228162934 ], [ -45.323940427714774, -23.579186605674025 ], [ -45.32410998259423, -23.579277982996445 ], [ -45.324279537706822, -23.579369360130208 ], [ -45.324449093052564, -23.579460737075312 ], [ -45.324618648631457, -23.579552113831749 ] ] } },
{ "type": "Feature", "properties": { "regiao": 2, "rodovia": "SP 055", "ra_geo": 2.0, "ra_hid": 3.0, "ra": 3, "km": 88.35, "fonte": "tabela", "fonte_geo": "tabela", "fonte_hid": "figura" }, "geometry": { "type": "LineString", "coordinates": [ [ -45.324785004782058, -23.57964764093385 ], [ -45.324934412902941, -23.579765152829328 ], [ -45.325083821289311, -23.579882664576456 ], [ -45.325233229941176, -23.580000176175201 ], [ -45.325382638858535, -23.580117687625595 ], [ -45.325532048041381, -23.580235198927625 ], [ -45.325681457489729, -23.580352710081272 ], [ -45.325819226719247, -23.580480977537214 ], [ -45.325947105219619, -23.580618384700298 ], [ -45.326074983986715, -23.580755791752754 ], [ -45.326202863020526, -23.580893198694611 ], [ -45.326330742321055, -23.581030605525854 ], [ -45.326458621888307, -23.581168012246476 ], [ -45.326586501722275, -23.581305418856488 ], [ -45.326701671376981, -23.581451841120121 ], [ -45.326813037866444, -23.581600961134225 ], [ -45.32692440460869, -23.581750081062857 ], [ -45.327035771603718, -23.581899200906015 ], [ -45.327147138851529, -23.58204832066372 ], [ -45.327258506352138, -23.582197440335946 ] ] } },
{ "type": "Feature", "properties": { "regiao": 2, "rodovia": "SP 055", "ra_geo": 2.0, "ra_hid": 2.0, "ra": 2, "km": 88.76, "fonte": "tabela", "fonte_geo": "tabela", "fonte_hid": "figura" }, "geometry": { "type": "LineString", "coordinates": [ [ -45.327369874105536, -23.582346559922701 ], [ -45.327481242111723, -23.582495679423964 ], [ -45.327583734337317, -23.582649804414025 ], [ -45.327677098125776, -23.582809077383491 ], [ -45.327770462141331, -23.582968350291086 ], [ -45.327863826383997, -23.583127623136811 ], [ -45.327957190853773, -23.583286895920676 ], [ -45.328050555550668, -23.583446168642652 ], [ -45.32814392047468, -23.583605441302772 ], [ -45.328237285625804, -23.583764713901019 ], [ -45.328357988377363, -23.583906807271703 ], [ -45.328484750041916, -23.584045093202064 ], [ -45.328611511972646, -23.584183379023592 ], [ -45.328738274169545, -23.584321664736276 ], [ -45.328866007656096, -23.584459121594417 ], [ -45.329005882027303, -23.584586216600893 ], [ -45.329145756667856, -23.584713311476353 ], [ -45.329285631577754, -23.584840406220803 ] ] } },
{ "type": "Feature", "properties": { "regiao": 2, "rodovia": "SP 055", "ra_geo": 3.0, "ra_hid": 2.0, "ra": 3, "km": 89.04, "fonte": "tabela", "fonte_geo": "tabela", "fonte_hid": "figura" }, "geometry": { "type": "LineString", "coordinates": [ [ -45.329425506757012, -23.584967500834239 ], [ -45.329565382205608, -23.585094595316665 ], [ -45.329705257923571, -23.585221689668071 ], [ -45.329845133910887, -23.58534878388846 ], [ -45.329985010167569, -23.585475877977821 ], [ -45.330124886693604, -23.585602971936165 ], [ -45.330264763489005, -23.585730065763467 ] ] } },
{ "type": "Feature", "properties": { "regiao": 2, "rodovia": "SP 055", "ra_geo": 3.0, "ra_hid": null, "ra": 3, "km": 89.15, "fonte": "tabela", "fonte_geo": "tabela", "fonte_hid": "figura" }, "geometry": { "type": "LineString", "coordinates": [ [ -45.330264763489005, -23.585730065763467 ], [ -45.330404420295466, -23.585856960840246 ], [ -45.330544077370455, -23.585983855786417 ], [ -45.330683734713958, -23.58611075060195 ], [ -45.330823392325996, -23.586237645286865 ], [ -45.330963050206556, -23.586364539841153 ] ] } },
{ "type": "Feature", "properties": { "regiao": 2, "rodovia": "SP 055", "ra_geo": 3.0, "ra_hid": 0.0, "ra": 3, "km": 89.29, "fonte": "tabela", "fonte_geo": "tabela", "fonte_hid": "figura" }, "geometry": { "type": "LineString", "coordinates": [ [ -45.331102708355651, -23.586491434264818 ], [ -45.331242366773267, -23.586618328557847 ], [ -45.331382025459426, -23.586745222720239 ], [ -45.331521684414113, -23.586872116752005 ], [ -45.331661343637336, -23.58699901065313 ], [ -45.331801001991124, -23.587125905487468 ], [ -45.331940660422894, -23.58725280036932 ] ] } },
{ "type": "Feature", "properties": { "regiao": 2, "rodovia": "SP 055", "ra_geo": 3.0, "ra_hid": 0.0, "ra": 3, "km": 89.44, "fonte": "tabela", "fonte_geo": "tabela", "fonte_hid": "figura" }, "geometry": { "type": "LineString", "coordinates": [ [ -45.3320803191232, -23.587379695120521 ], [ -45.332219978092056, -23.587506589741082 ], [ -45.332359637329461, -23.587633484230999 ], [ -45.332499296835408, -23.587760378590264 ], [ -45.332638956609905, -23.587887272818879 ], [ -45.332778616652952, -23.588014166916842 ], [ -45.332918276964556, -23.588141060884155 ] ] } },
{ "type": "Feature", "properties": { "regiao": 2, "rodovia": "SP 055", "ra_geo": 3.0, "ra_hid": 0.0, "ra": 3, "km": 89.66, "fonte": "tabela", "fonte_geo": "tabela", "fonte_hid": "figura" }, "geometry": { "type": "LineString", "coordinates": [ [ -45.333057937544709, -23.588267954720795 ], [ -45.333197598393426, -23.588394848426791 ], [ -45.333337259510692, -23.588521742002118 ], [ -45.33347692089653, -23.588648635446781 ], [ -45.333616582550917, -23.588775528760774 ], [ -45.333756244473882, -23.588902421944105 ], [ -45.333895906665404, -23.589029314996765 ], [ -45.334035569125497, -23.589156207918741 ], [ -45.334175231854161, -23.589283100710052 ], [ -45.334314894851396, -23.589409993370683 ], [ -45.334454558117201, -23.589536885900632 ], [ -45.334594221651585, -23.58966377829989 ], [ -45.33473388545454, -23.589790670568473 ], [ -45.33487354952608, -23.589917562706365 ] ] } },
{ "type": "Feature", "properties": { "regiao": 2, "rodovia": "SP 055", "ra_geo": 1.0, "ra_hid": 0.0, "ra": 1, "km": 89.88, "fonte": "tabela", "fonte_geo": "tabela", "fonte_hid": "figura" }, "geometry": { "type": "LineString", "coordinates": [ [ -45.335013213866205, -23.590044454713563 ], [ -45.335152878474901, -23.590171346590079 ], [ -45.335292543352182, -23.590298238335905 ], [ -45.335432208498055, -23.590425129951022 ], [ -45.335571873912521, -23.590552021435442 ], [ -45.335711539595572, -23.590678912789166 ], [ -45.335851205547215, -23.590805804012184 ] ] } },
{ "type": "Feature", "properties": { "regiao": 2, "rodovia": "SP 055", "ra_geo": 1.0, "ra_hid": 1.0, "ra": 1, "km": 90.04, "fonte": "tabela", "fonte_geo": "tabela", "fonte_hid": "figura" }, "geometry": { "type": "LineString", "coordinates": [ [ -45.33599087176745, -23.590932695104492 ], [ -45.336130538256278, -23.591059586066098 ], [ -45.336270205013712, -23.591186476896993 ], [ -45.336409872039731, -23.591313367597188 ], [ -45.336549539334364, -23.591440258166642 ], [ -45.336697513321269, -23.591558582450546 ], [ -45.336849967711508, -23.591672286355944 ], [ -45.337002422363831, -23.591785990107052 ] ] } },
{ "type": "Feature", "properties": { "regiao": 2, "rodovia": "SP 055", "ra_geo": 1.0, "ra_hid": 1.0, "ra": 1, "km": 90.21, "fonte": "tabela", "fonte_geo": "tabela", "fonte_hid": "figura" }, "geometry": { "type": "LineString", "coordinates": [ [ -45.337154877278238, -23.591899693703859 ], [ -45.33729470044161, -23.592024791196813 ], [ -45.337414769354929, -23.592167707103862 ], [ -45.337534838529209, -23.592310622912482 ], [ -45.337660135590617, -23.592449264250423 ], [ -45.337799803245971, -23.592576155560391 ], [ -45.337939471169946, -23.592703046739633 ], [ -45.338079139362542, -23.592829937788135 ] ] } },
{ "type": "Feature", "properties": { "regiao": 2, "rodovia": "SP 055", "ra_geo": 1.0, "ra_hid": 2.0, "ra": 2, "km": 90.42, "fonte": "tabela", "fonte_geo": "tabela", "fonte_hid": "figura" }, "geometry": { "type": "LineString", "coordinates": [ [ -45.338218807823765, -23.592956828705898 ], [ -45.338358476553609, -23.593083719492917 ], [ -45.33849814555208, -23.593210610149203 ], [ -45.33863781481918, -23.593337500674746 ], [ -45.338777484354914, -23.593464391069535 ], [ -45.338917154159276, -23.59359128133358 ], [ -45.339056824232273, -23.593718171466861 ], [ -45.339196494573912, -23.593845061469398 ], [ -45.339336165184179, -23.593971951341175 ], [ -45.339473427927771, -23.594100919073799 ], [ -45.339601639421957, -23.594237697284861 ], [ -45.339729851182497, -23.59437447538463 ] ] } },
{ "type": "Feature", "properties": { "regiao": 2, "rodovia": "SP 055", "ra_geo": 1.0, "ra_hid": 3.0, "ra": 3, "km": 90.66, "fonte": "tabela", "fonte_geo": "tabela", "fonte_hid": "figura" }, "geometry": { "type": "LineString", "coordinates": [ [ -45.339853513901858, -23.594514649205458 ], [ -45.339972062989936, -23.594658640193362 ], [ -45.340090349488918, -23.594802805993048 ], [ -45.340201360503457, -23.594951813210425 ], [ -45.340312371770004, -23.595100820342701 ], [ -45.340423383288545, -23.595249827389896 ], [ -45.340534395059095, -23.595398834351986 ], [ -45.340645407081645, -23.595547841228989 ], [ -45.340756419356218, -23.595696848020886 ], [ -45.340867431882792, -23.595845854727688 ], [ -45.340978444661381, -23.595994861349393 ] ] } },
{ "type": "Feature", "properties": { "regiao": 2, "rodovia": "SP 055", "ra_geo": 1.0, "ra_hid": 2.0, "ra": 2, "km": 90.82, "fonte": "tabela", "fonte_geo": "tabela", "fonte_hid": "figura" }, "geometry": { "type": "LineString", "coordinates": [ [ -45.341089457691993, -23.596143867885988 ], [ -45.341200470974627, -23.596292874337479 ], [ -45.341311484509276, -23.596441880703861 ], [ -45.341422498295962, -23.596590886985137 ] ] } },
{ "type": "Feature", "properties": { "regiao": 2, "rodovia": "SP 055", "ra_geo": 1.0, "ra_hid": 3.0, "ra": 3, "km": 90.91, "fonte": "tabela", "fonte_geo": "tabela", "fonte_hid": "figura" }, "geometry": { "type": "LineString", "coordinates": [ [ -45.341533512334664, -23.596739893181301 ], [ -45.341644526625402, -23.596888899292356 ], [ -45.341755541168176, -23.597037905318299 ], [ -45.34186655596298, -23.597186911259129 ], [ -45.341977571009828, -23.597335917114844 ] ] } },
{ "type": "Feature", "properties": { "regiao": 2, "rodovia": "SP 055", "ra_geo": 1.0, "ra_hid": 4.0, "ra": 4, "km": 91.05, "fonte": "tabela", "fonte_geo": "tabela", "fonte_hid": "tabela" }, "geometry": { "type": "LineString", "coordinates": [ [ -45.342088626785163, -23.597484897256951 ], [ -45.34219974183943, -23.597633839939878 ], [ -45.342310857145847, -23.597782782537529 ], [ -45.342421972704429, -23.597931725049925 ], [ -45.342533088515182, -23.598080667477053 ], [ -45.3426442045781, -23.598229609818905 ], [ -45.34275532089319, -23.598378552075491 ], [ -45.342866437460458, -23.598527494246806 ] ] } },
{ "type": "Feature", "properties": { "regiao": 2, "rodovia": "SP 055", "ra_geo": 1.0, "ra_hid": 0.0, "ra": 1, "km": 91.24, "fonte": "tabela", "fonte_geo": "tabela", "fonte_hid": "tabela" }, "geometry": { "type": "LineString", "coordinates": [ [ -45.342977554279898, -23.598676436332845 ], [ -45.343088671351516, -23.598825378333611 ], [ -45.343199788675321, -23.598974320249102 ], [ -45.343310906251304, -23.599123262079313 ], [ -45.343422024079473, -23.599272203824238 ], [ -45.343533142159842, -23.599421145483895 ], [ -45.343644260492397, -23.599570087058254 ], [ -45.343755379077152, -23.599719028547341 ], [ -45.3438664979141, -23.599867969951127 ], [ -45.34397761700324, -23.600016911269638 ] ] } },
{ "type": "Feature", "properties": { "regiao": 2, "rodovia": "SP 055", "ra_geo": 1.0, "ra_hid": 2.0, "ra": 2, "km": 91.48, "fonte": "tabela", "fonte_geo": "tabela", "fonte_hid": "tabela" }, "geometry": { "type": "LineString", "coordinates": [ [ -45.344088736344595, -23.600165852502847 ], [ -45.34419985593815, -23.600314793650774 ], [ -45.344310975783912, -23.600463734713397 ], [ -45.344422095881889, -23.600612675690734 ], [ -45.344533216232072, -23.60076161658278 ], [ -45.344644336834477, -23.600910557389515 ], [ -45.344755457689097, -23.60105949811096 ], [ -45.344866578795944, -23.60120843874709 ], [ -45.344977700155006, -23.601357379297919 ], [ -45.345088821766296, -23.601506319763448 ], [ -45.345199943629822, -23.601655260143666 ], [ -45.34531106574557, -23.601804200438576 ], [ -45.345417455149857, -23.601956022324888 ] ] } },
{ "type": "Feature", "properties": { "regiao": 2, "rodovia": "SP 055", "ra_geo": 1.0, "ra_hid": 0.0, "ra": 1, "km": 91.72, "fonte": "tabela", "fonte_geo": "tabela", "fonte_hid": "tabela" }, "geometry": { "type": "LineString", "coordinates": [ [ -45.345522535500081, -23.602108641303644 ], [ -45.345627616094994, -23.602261260205445 ], [ -45.345732696934597, -23.602413879030287 ], [ -45.34583777801889, -23.602566497778181 ], [ -45.345942859347872, -23.602719116449112 ], [ -45.346056431599258, -23.602866086062829 ], [ -45.34618055979228, -23.603006032719026 ], [ -45.346304688249461, -23.603145979270376 ], [ -45.346441806467993, -23.603272877064533 ], [ -45.346603789021131, -23.603374797394455 ] ] } },
{ "type": "Feature", "properties": { "regiao": 2, "rodovia": "SP 055", "ra_geo": 3.0, "ra_hid": 1.0, "ra": 3, "km": 91.95, "fonte": "tabela", "fonte_geo": "tabela", "fonte_hid": "tabela" }, "geometry": { "type": "LineString", "coordinates": [ [ -45.346765771823421, -23.603476717551132 ], [ -45.34693293152732, -23.603568510438926 ], [ -45.347121358251542, -23.603618698764759 ], [ -45.347309785116295, -23.603668886859914 ], [ -45.347499823495284, -23.603707891014132 ], [ -45.347695933788238, -23.603704753249346 ], [ -45.347892044068416, -23.603701615236979 ], [ -45.348086962832021, -23.603687940638928 ], [ -45.348279561519057, -23.603653750263579 ], [ -45.348472160103022, -23.603619559650355 ], [ -45.348664758583901, -23.603585368799276 ], [ -45.348857356961695, -23.603551177710322 ] ] } },
{ "type": "Feature", "properties": { "regiao": 2, "rodovia": "SP 055", "ra_geo": 1.0, "ra_hid": 0.0, "ra": 1, "km": 92.13, "fonte": "tabela", "fonte_geo": "tabela", "fonte_hid": "tabela" }, "geometry": { "type": "LineString", "coordinates": [ [ -45.349049955236403, -23.603516986383521 ], [ -45.349242553408025, -23.603482794818852 ], [ -45.349435151476555, -23.603448603016329 ], [ -45.349627749441993, -23.603414410975951 ], [ -45.34982034730433, -23.603380218697716 ] ] } },
{ "type": "Feature", "properties": { "regiao": 2, "rodovia": "SP 055", "ra_geo": 1.0, "ra_hid": 3.0, "ra": 3, "km": 92.45, "fonte": "tabela", "fonte_geo": "tabela", "fonte_hid": "tabela" }, "geometry": { "type": "LineString", "coordinates": [ [ -45.350012945063575, -23.603346026181608 ], [ -45.350205542719721, -23.603311833427664 ], [ -45.350398140272766, -23.603277640435859 ], [ -45.350590737722705, -23.603243447206218 ], [ -45.350783335069536, -23.603209253738715 ], [ -45.350975932313261, -23.603175060033358 ], [ -45.351168529453872, -23.60314086609015 ], [ -45.351361126491376, -23.603106671909103 ], [ -45.351553723425759, -23.603072477490208 ], [ -45.351746320257035, -23.603038282833474 ], [ -45.351938916985183, -23.603004087938892 ], [ -45.35213151361021, -23.602969892806467 ], [ -45.352324110132116, -23.602935697436195 ], [ -45.352516706550887, -23.602901501828089 ], [ -45.352709302866543, -23.602867305982148 ], [ -45.352901899079058, -23.60283310989837 ], [ -45.353096405535275, -23.602812379594063 ], [ -45.353288219266986, -23.602775752650068 ], [ -45.35347949060759, -23.60273573747946 ], [ -45.353653848514057, -23.602661836589458 ], [ -45.35381128940314, -23.602554043067478 ], [ -45.35396873003382, -23.602446249387469 ], [ -45.354121235305421, -23.60233388958963 ], [ -45.354238832317449, -23.602189232756359 ], [ -45.35435642907246, -23.602044575834444 ] ] } },
{ "type": "Feature", "properties": { "regiao": 2, "rodovia": "SP 055", "ra_geo": 1.0, "ra_hid": 0.0, "ra": 1, "km": 93.36, "fonte": "tabela", "fonte_geo": "tabela", "fonte_hid": "tabela" }, "geometry": { "type": "LineString", "coordinates": [ [ -45.354477923081134, -23.601902941613279 ], [ -45.354612511450767, -23.601771463075103 ], [ -45.354763650553991, -23.601656929030767 ], [ -45.354919646347277, -23.601547367292525 ], [ -45.355076020427852, -23.601438300877081 ], [ -45.355240545404833, -23.601339903277307 ], [ -45.355405070134871, -23.601241505504934 ], [ -45.355569594617954, -23.601143107559967 ], [ -45.355734118854087, -23.601044709442409 ], [ -45.355898642843279, -23.600946311152253 ], [ -45.356063166585507, -23.600847912689506 ], [ -45.3562276900808, -23.600749514054176 ], [ -45.35639221332913, -23.600651115246265 ], [ -45.356556736330518, -23.600552716265778 ], [ -45.356721259084956, -23.600454317112703 ], [ -45.356891471852705, -23.600368198527384 ], [ -45.357082376827691, -23.600326738099913 ], [ -45.357273281679483, -23.600285277438985 ], [ -45.35746418640808, -23.600243816544616 ], [ -45.357658951761557, -23.600225100182708 ], [ -45.357854476257806, -23.600210856209159 ], [ -45.358050000708324, -23.600196611989922 ], [ -45.358245525113098, -23.600182367524976 ], [ -45.358441049472141, -23.600168122814345 ], [ -45.358636573785439, -23.60015387785802 ], [ -45.358832098053, -23.600139632656003 ], [ -45.359027622274809, -23.600125387208298 ], [ -45.359223146450873, -23.600111141514894 ], [ -45.359418670581178, -23.60009689557581 ], [ -45.359614194665731, -23.600082649391034 ], [ -45.359809718704525, -23.600068402960559 ], [ -45.360005242697568, -23.600054156284408 ], [ -45.360200766644844, -23.600039909362557 ], [ -45.360396290546362, -23.60002566219503 ], [ -45.360591814402106, -23.6000114147818 ], [ -45.360787338212077, -23.599997167122901 ], [ -45.360981511047967, -23.599971897957705 ], [ -45.361175556857539, -23.599945592880726 ], [ -45.361369602586279, -23.59991928756213 ], [ -45.361564332232767, -23.599905456992587 ], [ -45.361760266871144, -23.599913603428703 ], [ -45.361956022534734, -23.599912000088192 ], [ -45.362151545996078, -23.599897750374726 ], [ -45.362347069411641, -23.599883500415576 ], [ -45.362542592781402, -23.599869250210745 ], [ -45.362738116105369, -23.599854999760236 ], [ -45.362933639383542, -23.599840749064043 ], [ -45.363129162615905, -23.599826498122173 ], [ -45.363324685802468, -23.599812246934611 ], [ -45.363520208943221, -23.599797995501376 ], [ -45.363715732038166, -23.599783743822464 ], [ -45.36390665265926, -23.599742532668415 ], [ -45.364097479111436, -23.599700770398403 ], [ -45.364288305439544, -23.599659007895166 ], [ -45.364473799965218, -23.599602839356205 ], [ -45.36464697996599, -23.599518782570332 ], [ -45.364813939659982, -23.599423935570449 ], [ -45.364980899112197, -23.599329088392892 ], [ -45.36511321900042, -23.599195991656806 ], [ -45.365244346496453, -23.599061578442587 ], [ -45.365375473725592, -23.598927165118642 ], [ -45.36553591152677, -23.598828644370052 ] ] } },
{ "type": "Feature", "properties": { "regiao": 2, "rodovia": "SP 055", "ra_geo": 1.0, "ra_hid": 0.0, "ra": 1, "km": 94.07, "fonte": "tabela", "fonte_geo": "tabela", "fonte_hid": "tabela" }, "geometry": { "type": "LineString", "coordinates": [ [ -45.365712367598881, -23.598749738938203 ], [ -45.365888823457617, -23.598670833307672 ], [ -45.36607198873984, -23.598678153589237 ], [ -45.366258856162418, -23.598733049042494 ], [ -45.366445723737591, -23.59878794426858 ] ] } },
{ "type": "Feature", "properties": { "regiao": 2, "rodovia": "SP 055", "ra_geo": 1.0, "ra_hid": 0.0, "ra": 1, "km": 94.16, "fonte": "tabela", "fonte_geo": "tabela", "fonte_hid": "tabela" }, "geometry": { "type": "LineString", "coordinates": [ [ -45.366614300450415, -23.598873286226958 ], [ -45.366763974308874, -23.598990093827762 ], [ -45.366913648431847, -23.599106901279249 ], [ -45.367062238302594, -23.599224668992502 ] ] } },
{ "type": "Feature", "properties": { "regiao": 2, "rodovia": "SP 055", "ra_geo": 3.0, "ra_hid": 0.0, "ra": 3, "km": 94.28, "fonte": "tabela", "fonte_geo": "tabela", "fonte_hid": "tabela" }, "geometry": { "type": "LineString", "coordinates": [ [ -45.367182929098036, -23.599367143285267 ], [ -45.367303620155106, -23.599509617478382 ], [ -45.367424311473826, -23.59965209157183 ], [ -45.367577518405739, -23.599760663728297 ], [ -45.367745774979788, -23.599853544588477 ], [ -45.367914031789105, -23.599946425262274 ], [ -45.368039710550029, -23.600077259659809 ] ] } },
{ "type": "Feature", "properties": { "regiao": 2, "rodovia": "SP 055", "ra_geo": 3.0, "ra_hid": 0.0, "ra": 3, "km": 94.4, "fonte": "tabela", "fonte_geo": "tabela", "fonte_hid": "tabela" }, "geometry": { "type": "LineString", "coordinates": [ [ -45.368134846112547, -23.600235320113732 ], [ -45.368229981905031, -23.600393380503323 ], [ -45.368300046306146, -23.600561681242834 ], [ -45.368363226760884, -23.60073279374156 ] ] } },
{ "type": "Feature", "properties": { "regiao": 2, "rodovia": "SP 055", "ra_geo": 4.0, "ra_hid": 0.0, "ra": 4, "km": 94.57, "fonte": "tabela", "fonte_geo": "tabela", "fonte_hid": "tabela" }, "geometry": { "type": "LineString", "coordinates": [ [ -45.368426407382458, -23.600903906208767 ], [ -45.368545612220494, -23.601042300552603 ], [ -45.368686545679189, -23.601168005393237 ], [ -45.368827479406441, -23.601293710100588 ], [ -45.368981389872246, -23.60140486443122 ], [ -45.369142512903458, -23.601507931583384 ], [ -45.369303636185251, -23.601610998563846 ], [ -45.369464759717623, -23.601714065372612 ], [ -45.369625883500575, -23.601817132009668 ], [ -45.369765510400917, -23.601940479139991 ], [ -45.369881101581313, -23.602086501997768 ], [ -45.369996693018827, -23.602232524763558 ] ] } },
{ "type": "Feature", "properties": { "regiao": 2, "rodovia": "SP 055", "ra_geo": 4.0, "ra_hid": 0.0, "ra": 4, "km": 94.75, "fonte": "tabela", "fonte_geo": "tabela", "fonte_hid": "tabela" }, "geometry": { "type": "LineString", "coordinates": [ [ -45.370035258224753, -23.602407373605757 ], [ -45.370062874697972, -23.602586319888193 ], [ -45.37009049124967, -23.602765266160663 ], [ -45.370118107879833, -23.602944212423168 ], [ -45.370145724588475, -23.603123158675718 ], [ -45.37017334137559, -23.603302104918292 ] ] } },
{ "type": "Feature", "properties": { "regiao": 2, "rodovia": "SP 055", "ra_geo": 4.0, "ra_hid": 0.0, "ra": 4, "km": 94.98, "fonte": "tabela", "fonte_geo": "tabela", "fonte_hid": "tabela" }, "geometry": { "type": "LineString", "coordinates": [ [ -45.370220110365182, -23.603474646752193 ], [ -45.370323451556068, -23.603628271063378 ], [ -45.370426792989385, -23.603781895299736 ], [ -45.370530134665138, -23.603935519461253 ], [ -45.370588748450189, -23.604106029091913 ], [ -45.370632068331069, -23.604282312427834 ], [ -45.370675388331087, -23.60445859574623 ], [ -45.370666223968776, -23.604630558032273 ], [ -45.370589678995344, -23.60479697289006 ], [ -45.370513133831238, -23.604963387708985 ], [ -45.370436588476466, -23.605129802489046 ], [ -45.370291144922504, -23.605245840957327 ], [ -45.370132684618788, -23.605352361980596 ], [ -45.369974224057913, -23.605458882843902 ], [ -45.369815763239863, -23.605565403547242 ] ] } },
{ "type": "Feature", "properties": { "regiao": 2, "rodovia": "SP 055", "ra_geo": 3.0, "ra_hid": 1.0, "ra": 3, "km": 95.19, "fonte": "tabela", "fonte_geo": "tabela", "fonte_hid": "tabela" }, "geometry": { "type": "LineString", "coordinates": [ [ -45.369694755280683, -23.60570751769383 ], [ -45.36957433424476, -23.605850189777023 ], [ -45.369453912949119, -23.605992861767465 ], [ -45.369359008630113, -23.606146636213253 ], [ -45.369315973108229, -23.606322978799277 ] ] } },
{ "type": "Feature", "properties": { "regiao": 2, "rodovia": "SP 055", "ra_geo": 3.0, "ra_hid": 1.0, "ra": 3, "km": 95.31, "fonte": "tabela", "fonte_geo": "tabela", "fonte_hid": "tabela" }, "geometry": { "type": "LineString", "coordinates": [ [ -45.36927293747452, -23.606499321370816 ], [ -45.369229901729, -23.606675663927863 ], [ -45.369191923893759, -23.60685297163846 ], [ -45.369155425884991, -23.607030561735172 ], [ -45.369118927781294, -23.60720815182048 ], [ -45.369126958470353, -23.6073826077644 ], [ -45.369192302583556, -23.607553029728628 ] ] } },
{ "type": "Feature", "properties": { "regiao": 2, "rodovia": "SP 055", "ra_geo": 4.0, "ra_hid": 2.0, "ra": 4, "km": 95.59, "fonte": "tabela", "fonte_geo": "tabela", "fonte_hid": "tabela" }, "geometry": { "type": "LineString", "coordinates": [ [ -45.369257646868547, -23.607723451659506 ], [ -45.369372269215162, -23.607860999436614 ], [ -45.369527560358172, -23.607971416394541 ], [ -45.369682851760381, -23.608081833192315 ], [ -45.369853131818878, -23.608171385484191 ], [ -45.370024095799508, -23.608259985860506 ], [ -45.370200049142305, -23.608338593077537 ], [ -45.370384298262401, -23.608400584464764 ], [ -45.370577252846374, -23.608424752774702 ], [ -45.370772947248575, -23.608437017061778 ], [ -45.370968641683554, -23.608449281101713 ], [ -45.371164613299996, -23.60845670537023 ], [ -45.371360621581339, -23.608463489459588 ], [ -45.371556629879187, -23.608470273301215 ], [ -45.371750561417748, -23.608491051723 ], [ -45.371941350288338, -23.608533008080769 ], [ -45.372132139277092, -23.608574964202326 ], [ -45.372286082358599, -23.60866610084588 ], [ -45.372396281698812, -23.608815625234161 ] ] } },
{ "type": "Feature", "properties": { "regiao": 2, "rodovia": "SP 055", "ra_geo": 4.0, "ra_hid": 1.0, "ra": 4, "km": 95.88, "fonte": "tabela", "fonte_geo": "tabela", "fonte_hid": "tabela" }, "geometry": { "type": "LineString", "coordinates": [ [ -45.372506481290358, -23.608965149538196 ], [ -45.372571569178398, -23.609130240116396 ], [ -45.372595052586867, -23.609309686773312 ], [ -45.372618536062845, -23.609489133421739 ], [ -45.372642019606346, -23.609668580061665 ], [ -45.372722185073791, -23.609832788135609 ], [ -45.372807102685798, -23.609995718630369 ], [ -45.372892020510037, -23.610158649072634 ], [ -45.373005944761665, -23.610297143368992 ] ] } },
{ "type": "Feature", "properties": { "regiao": 2, "rodovia": "SP 055", "ra_geo": 4.0, "ra_hid": 1.0, "ra": 4, "km": 96.03, "fonte": "tabela", "fonte_geo": "tabela", "fonte_hid": "tabela" }, "geometry": { "type": "LineString", "coordinates": [ [ -45.373173335489817, -23.61039133008946 ], [ -45.373338918182142, -23.610488225048503 ], [ -45.373504501116329, -23.610585119826666 ], [ -45.37367669152701, -23.610670916350458 ], [ -45.373854346156328, -23.610747534864135 ] ] } },
{ "type": "Feature", "properties": { "regiao": 2, "rodovia": "SP 055", "ra_geo": 4.0, "ra_hid": 3.0, "ra": 4, "km": 96.29, "fonte": "tabela", "fonte_geo": "tabela", "fonte_hid": "tabela" }, "geometry": { "type": "LineString", "coordinates": [ [ -45.374032000989807, -23.610824153171119 ], [ -45.374209656027439, -23.610900771271442 ], [ -45.374396182052756, -23.610947426801779 ], [ -45.374591449166545, -23.610964558087044 ], [ -45.374786716327456, -23.610981689126007 ], [ -45.374981983535477, -23.61099881991866 ], [ -45.375177250790614, -23.611015950465013 ], [ -45.375372518092853, -23.611033080765068 ], [ -45.375567944392927, -23.611039898007895 ], [ -45.375763620104308, -23.611028461423704 ], [ -45.375955985735857, -23.611063795764878 ], [ -45.376149157943154, -23.611093139923181 ], [ -45.376345062029962, -23.611102193728151 ], [ -45.376519266652423, -23.611185208281665 ], [ -45.376693434955214, -23.611268347169716 ], [ -45.376864209637098, -23.611356726737508 ], [ -45.377026317041533, -23.611458490788962 ], [ -45.377188424694907, -23.6115602546666 ], [ -45.377350532597227, -23.611662018370414 ], [ -45.377506594604377, -23.611771448102271 ] ] } },
{ "type": "Feature", "properties": { "regiao": 2, "rodovia": "SP 055", "ra_geo": 3.0, "ra_hid": 1.0, "ra": 3, "km": 96.56, "fonte": "tabela", "fonte_geo": "tabela", "fonte_hid": "tabela" }, "geometry": { "type": "LineString", "coordinates": [ [ -45.377661689853781, -23.61188210380082 ], [ -45.377815041927072, -23.611994617231669 ], [ -45.377956260652986, -23.61212006070107 ], [ -45.378105400486078, -23.612236490652826 ], [ -45.378267924055287, -23.61233769093711 ] ] } },
{ "type": "Feature", "properties": { "regiao": 2, "rodovia": "SP 055", "ra_geo": 1.0, "ra_hid": 1.0, "ra": 1, "km": 96.66, "fonte": "tabela", "fonte_geo": "tabela", "fonte_hid": "tabela" }, "geometry": { "type": "LineString", "coordinates": [ [ -45.378430447872674, -23.612438891046718 ], [ -45.378596456674686, -23.612534570267002 ], [ -45.378772276270311, -23.612614706842734 ], [ -45.378948096077458, -23.61269484321576 ], [ -45.379132034395887, -23.612756638237929 ] ] } },
{ "type": "Feature", "properties": { "regiao": 2, "rodovia": "SP 055", "ra_geo": 1.0, "ra_hid": 4.0, "ra": 4, "km": 98.18, "fonte": "tabela", "fonte_geo": "tabela", "fonte_hid": "tabela" }, "geometry": { "type": "LineString", "coordinates": [ [ -45.379319352447737, -23.612809410887134 ], [ -45.379513448139456, -23.612835519136706 ], [ -45.37970754390448, -23.6128616271425 ], [ -45.379901977299639, -23.612885448313566 ], [ -45.380096588792014, -23.612908063259081 ], [ -45.380291200347521, -23.612930677959678 ], [ -45.380486117126154, -23.612949467698613 ], [ -45.380682225508451, -23.61295332262263 ], [ -45.380878333898451, -23.612957177298746 ], [ -45.381074442296168, -23.61296103172695 ], [ -45.381270550701572, -23.612964885907253 ], [ -45.381466659114686, -23.612968739839648 ], [ -45.381662767535488, -23.612972593524137 ], [ -45.381858875963992, -23.61297644696073 ], [ -45.382054984400185, -23.612980300149395 ], [ -45.382250402680469, -23.612987744314523 ], [ -45.382436021333433, -23.61304618047615 ], [ -45.382621640147995, -23.613104616413242 ], [ -45.382807259124171, -23.613163052125795 ], [ -45.382992878261938, -23.613221487613803 ], [ -45.383178497561303, -23.61327992287729 ], [ -45.383361390305446, -23.613343493377613 ], [ -45.383525377862611, -23.613442669845078 ], [ -45.383689365665056, -23.61354184613484 ], [ -45.383853353712787, -23.613641022246867 ], [ -45.384008561473628, -23.61374900887067 ], [ -45.384129745606387, -23.61389113610403 ], [ -45.384250930001421, -23.614033263236781 ], [ -45.384372114658731, -23.614175390268922 ], [ -45.38449329957831, -23.614317517200465 ], [ -45.384614484760164, -23.614459644031367 ], [ -45.384773684128426, -23.614565157589606 ], [ -45.384933137584206, -23.614670426498908 ], [ -45.385092591293493, -23.614775695239661 ], [ -45.3852699813322, -23.614846518971667 ], [ -45.385458870379175, -23.614895259838097 ], [ -45.385647759562609, -23.614944000472541 ], [ -45.385843294989179, -23.614943148528809 ], [ -45.386039377689016, -23.614938212565193 ], [ -45.386235460370351, -23.614933276354055 ], [ -45.386431543033176, -23.614928339895407 ], [ -45.386627625677498, -23.614923403189223 ], [ -45.386822359731191, -23.614941845728634 ], [ -45.387016769724625, -23.614965907109983 ], [ -45.387211179785339, -23.614989968246828 ], [ -45.387402542281471, -23.61502952333888 ], [ -45.38759375059589, -23.615069862627127 ], [ -45.387780823060773, -23.615121989939947 ], [ -45.387961472212858, -23.615192425140773 ], [ -45.388142723725011, -23.615261469965496 ], [ -45.388326359170499, -23.615325011465746 ], [ -45.388509994790184, -23.615388552745888 ], [ -45.388694116929365, -23.61545076606771 ], [ -45.388881981401823, -23.615502762906196 ], [ -45.389069846019304, -23.615554759514996 ], [ -45.389257710781827, -23.615606755894099 ], [ -45.389445575689379, -23.615658752043529 ], [ -45.38963344074196, -23.61571074796327 ], [ -45.389821305939577, -23.615762743653317 ], [ -45.390009171282216, -23.615814739113674 ], [ -45.390197036769884, -23.615866734344333 ], [ -45.390384902402573, -23.615918729345296 ], [ -45.390572768180277, -23.615970724116565 ], [ -45.39076063410301, -23.616022718658126 ], [ -45.390948500170765, -23.61607471296999 ], [ -45.391136366383527, -23.61612670705215 ], [ -45.391324232741312, -23.616178700904609 ], [ -45.39151209924411, -23.616230694527363 ], [ -45.391699965891917, -23.616282687920418 ], [ -45.391887832684731, -23.616334681083746 ], [ -45.392075699622559, -23.616386674017367 ], [ -45.392263566705395, -23.61643866672128 ], [ -45.392451433933232, -23.61649065919547 ], [ -45.392639301306076, -23.61654265143995 ], [ -45.392827168823914, -23.616594643454711 ], [ -45.393015036486752, -23.616646635239753 ], [ -45.393202904294597, -23.616698626795078 ], [ -45.393390772247429, -23.61675061812068 ], [ -45.393578640345261, -23.616802609216553 ], [ -45.393766508588087, -23.6168546000827 ], [ -45.393954376975898, -23.616906590719115 ], [ -45.394142340703901, -23.616958157515555 ], [ -45.394337167553601, -23.616979184235557 ], [ -45.394531994461673, -23.617000210710096 ], [ -45.394724233993522, -23.617032868533769 ], [ -45.394912327924558, -23.617084162848379 ], [ -45.395100421998748, -23.617135456932733 ], [ -45.395274971237029, -23.617216827512166 ], [ -45.395447217410144, -23.617303312351275 ], [ -45.395631943647672, -23.617361087818903 ], [ -45.395821357036056, -23.617408080861537 ], [ -45.396010770556146, -23.617455073670907 ], [ -45.396200184207949, -23.617502066247017 ], [ -45.396389597991458, -23.617549058589869 ], [ -45.396579011906674, -23.617596050699458 ], [ -45.396768425953589, -23.617643042575779 ], [ -45.396963219755307, -23.617651310385295 ], [ -45.397159372538539, -23.61764979571052 ], [ -45.397353895377883, -23.617670830976486 ], [ -45.397548097717163, -23.617696301018487 ], [ -45.397742300127739, -23.617721770816384 ], [ -45.39792573148263, -23.617782297664697 ], [ -45.398105604084414, -23.617854407720966 ], [ -45.39827994379332, -23.617935825352767 ], [ -45.398442739770836, -23.618036662106977 ], [ -45.398606042465744, -23.618136695959201 ], [ -45.398781694271833, -23.618217157325173 ], [ -45.398967743743327, -23.618273237616275 ], [ -45.399155854770093, -23.618324483910154 ], [ -45.399343965939856, -23.61837572997371 ], [ -45.39953207725263, -23.618426975806941 ], [ -45.399720188708393, -23.618478221409852 ], [ -45.399908173663512, -23.618529857493925 ], [ -45.400095974706481, -23.61858206118681 ], [ -45.400283775894962, -23.618634264650066 ], [ -45.400471577228942, -23.618686467883702 ], [ -45.40065937870844, -23.618738670887712 ], [ -45.400847180333436, -23.618790873662096 ], [ -45.401034982103937, -23.618843076206854 ], [ -45.401222784019936, -23.618895278521986 ], [ -45.40141058608144, -23.618947480607481 ], [ -45.401598388288441, -23.61899968246335 ], [ -45.401786190640934, -23.619051884089593 ], [ -45.401973993138924, -23.619104085486192 ], [ -45.40216685955253, -23.619121858677779 ], [ -45.402362966790768, -23.619117597742914 ], [ -45.402559074012352, -23.619113336560407 ], [ -45.402755181217273, -23.619109075130261 ], [ -45.402950262510622, -23.619113253952161 ], [ -45.403140488257911, -23.619157381841649 ], [ -45.403330214365369, -23.619203210521491 ], [ -45.40351862166672, -23.619253528193447 ], [ -45.403695655753239, -23.619329319398531 ], [ -45.403867949690778, -23.61941572774705 ], [ -45.40402810655344, -23.619518984691627 ], [ -45.404181433705453, -23.619631722714171 ], [ -45.40435436749226, -23.61971549576818 ], [ -45.404531693651087, -23.619792780009522 ], [ -45.404709020015396, -23.619870064044637 ] ] } },
{ "type": "Feature", "properties": { "regiao": 2, "rodovia": "SP 055", "ra_geo": 2.0, "ra_hid": 2.0, "ra": 2, "km": 99.83, "fonte": "tabela", "fonte_geo": "tabela", "fonte_hid": "figura" }, "geometry": { "type": "LineString", "coordinates": [ [ -45.404709020015396, -23.619870064044637 ], [ -45.404896565255257, -23.619923996822404 ], [ -45.40508411064534, -23.619977929371046 ], [ -45.405271656185668, -23.620031861690563 ], [ -45.405459201876212, -23.620085793780955 ], [ -45.405646747716993, -23.620139725642218 ], [ -45.405834293707997, -23.620193657274342 ], [ -45.406021839849217, -23.620247588677337 ], [ -45.406209386140674, -23.620301519851211 ], [ -45.406396626214672, -23.620356339087287 ], [ -45.406583555757436, -23.62041205890413 ], [ -45.406770485455041, -23.620467778493246 ], [ -45.406959135419207, -23.620518275485868 ], [ -45.407148144912952, -23.620567681116 ], [ -45.407337154545004, -23.620617086513672 ], [ -45.407526164315378, -23.62066649167885 ], [ -45.407715174224059, -23.620715896611575 ], [ -45.407904184271047, -23.620765301311813 ] ] } },
{ "type": "Feature", "properties": { "regiao": 2, "rodovia": "SP 055", "ra_geo": 1.0, "ra_hid": 3.0, "ra": 3, "km": 100.14, "fonte": "tabela", "fonte_geo": "tabela", "fonte_hid": "figura" }, "geometry": { "type": "LineString", "coordinates": [ [ -45.408093194456335, -23.620814705779576 ], [ -45.408282204779937, -23.62086411001486 ], [ -45.408471215241832, -23.620913514017666 ], [ -45.408660225842034, -23.620962917787988 ], [ -45.408849236580529, -23.621012321325829 ], [ -45.409038247457325, -23.621061724631172 ], [ -45.409225066869766, -23.621115787067222 ], [ -45.40939342770421, -23.621209092776521 ], [ -45.409561788775228, -23.621302398298738 ] ] } },
{ "type": "Feature", "properties": { "regiao": 2, "rodovia": "SP 055", "ra_geo": 1.0, "ra_hid": 3.0, "ra": 3, "km": 100.29, "fonte": "tabela", "fonte_geo": "tabela", "fonte_hid": "figura" }, "geometry": { "type": "LineString", "coordinates": [ [ -45.409730150082801, -23.621395703633869 ], [ -45.409898511626949, -23.621489008781914 ], [ -45.410066873407658, -23.621582313742866 ], [ -45.410235235424935, -23.62167561851674 ] ] } },
{ "type": "Feature", "properties": { "regiao": 2, "rodovia": "SP 055", "ra_geo": 3.0, "ra_hid": 3.0, "ra": 3, "km": 100.42, "fonte": "tabela", "fonte_geo": "tabela", "fonte_hid": "figura" }, "geometry": { "type": "LineString", "coordinates": [ [ -45.41040359767878, -23.621768923103506 ], [ -45.410571960169193, -23.621862227503183 ], [ -45.410740322896167, -23.621955531715752 ], [ -45.41090868585971, -23.622048835741232 ], [ -45.411077049059827, -23.622142139579598 ], [ -45.411245412496505, -23.622235443230867 ], [ -45.411413776169752, -23.622328746695018 ], [ -45.411582140079567, -23.622422049972069 ] ] } },
{ "type": "Feature", "properties": { "regiao": 2, "rodovia": "SP 055", "ra_geo": 1.0, "ra_hid": 3.0, "ra": 3, "km": 100.6, "fonte": "tabela", "fonte_geo": "tabela", "fonte_hid": "figura" }, "geometry": { "type": "LineString", "coordinates": [ [ -45.411750504225949, -23.62251535306201 ], [ -45.41190283524616, -23.622627706945053 ], [ -45.412042828649923, -23.622754720658605 ], [ -45.41218282232358, -23.622881734240014 ], [ -45.412322816267114, -23.623008747689283 ], [ -45.412462810480534, -23.62313576100642 ], [ -45.412602804963846, -23.623262774191407 ] ] } },
{ "type": "Feature", "properties": { "regiao": 2, "rodovia": "SP 055", "ra_geo": 3.0, "ra_hid": 4.0, "ra": 4, "km": 100.79, "fonte": "tabela", "fonte_geo": "tabela", "fonte_hid": "figura" }, "geometry": { "type": "LineString", "coordinates": [ [ -45.412742799717044, -23.623389787244264 ], [ -45.412882794740128, -23.62351680016496 ], [ -45.413022790033118, -23.623643812953503 ], [ -45.413187152399779, -23.623727414880239 ], [ -45.413380558480874, -23.623759273952054 ], [ -45.413573964651668, -23.623791132781378 ], [ -45.413767370912161, -23.623822991368176 ], [ -45.413960777262353, -23.623854849712494 ], [ -45.414153905301724, -23.623888049497456 ], [ -45.414346426361433, -23.62392417470183 ] ] } },
{ "type": "Feature", "properties": { "regiao": 2, "rodovia": "SP 055", "ra_geo": 4.0, "ra_hid": 2.0, "ra": 4, "km": 101.09, "fonte": "tabela", "fonte_geo": "tabela", "fonte_hid": "figura" }, "geometry": { "type": "LineString", "coordinates": [ [ -45.414538947522963, -23.623960299665701 ], [ -45.414732806652978, -23.623988671790276 ], [ -45.41492799408784, -23.624009346875759 ], [ -45.41511777052407, -23.62405137207573 ], [ -45.415302709796869, -23.624112483565884 ], [ -45.415489286674642, -23.624167906245322 ], [ -45.415682788346309, -23.624199271813634 ], [ -45.41587629010624, -23.624230637139245 ], [ -45.416069791954435, -23.624262002222117 ], [ -45.4162632938909, -23.624293367062261 ], [ -45.416456795915629, -23.624324731659666 ], [ -45.416650298028614, -23.624356096014349 ], [ -45.416843800229856, -23.624387460126311 ], [ -45.417037302519347, -23.624418823995523 ], [ -45.417230804897102, -23.62445018762201 ], [ -45.417424307363106, -23.624481551005758 ] ] } },
{ "type": "Feature", "properties": { "regiao": 2, "rodovia": "SP 055", "ra_geo": 1.0, "ra_hid": 2.0, "ra": 2, "km": 101.61, "fonte": "tabela", "fonte_geo": "tabela", "fonte_hid": "figura" }, "geometry": { "type": "LineString", "coordinates": [ [ -45.41761780991736, -23.624512914146774 ], [ -45.417811312559856, -23.624544277045054 ], [ -45.418004815290587, -23.624575639700581 ], [ -45.418198318109567, -23.624607002113382 ], [ -45.41839182101679, -23.624638364283442 ], [ -45.418585324012241, -23.624669726210758 ], [ -45.418778827095935, -23.624701087895325 ], [ -45.418972330267849, -23.624732449337156 ], [ -45.419165833528005, -23.624763810536244 ], [ -45.419359336876376, -23.62479517149259 ], [ -45.419552840312981, -23.624826532206182 ], [ -45.419746343837808, -23.624857892677024 ], [ -45.419939847450848, -23.624889252905124 ], [ -45.420133351152117, -23.624920612890467 ], [ -45.420326854941592, -23.624951972633067 ], [ -45.420520358819282, -23.624983332132903 ], [ -45.420713862785192, -23.625014691389989 ], [ -45.420907366839295, -23.625046050404329 ], [ -45.421100870981618, -23.625077409175908 ], [ -45.421294375212135, -23.625108767704727 ], [ -45.421487879530851, -23.625140125990796 ], [ -45.421681383937774, -23.625171484034098 ], [ -45.421874888432896, -23.62520284183465 ], [ -45.422068393016204, -23.625234199392438 ], [ -45.422261897687704, -23.625265556707465 ], [ -45.422455402447405, -23.625296913779724 ], [ -45.422648907295283, -23.625328270609227 ], [ -45.422842412231347, -23.625359627195948 ], [ -45.423035917255589, -23.625390983539923 ] ] } },
{ "type": "Feature", "properties": { "regiao": 2, "rodovia": "SP 055", "ra_geo": 1.0, "ra_hid": 1.0, "ra": 1, "km": 102.13, "fonte": "tabela", "fonte_geo": "tabela", "fonte_hid": "figura" }, "geometry": { "type": "LineString", "coordinates": [ [ -45.423229422368024, -23.62542233964113 ], [ -45.42342292756863, -23.625453695499562 ], [ -45.423615695183869, -23.625488429402026 ], [ -45.423807305896624, -23.625528461755209 ], [ -45.423998916722049, -23.625568493869881 ], [ -45.424190527660144, -23.625608525746053 ], [ -45.424369733995242, -23.62567110634971 ], [ -45.424491657676846, -23.625799600616457 ], [ -45.424472639076548, -23.62597961908763 ], [ -45.424396348947027, -23.626146440837402 ], [ -45.42432005862721, -23.626313262548873 ], [ -45.424243768117087, -23.62648008422202 ], [ -45.424253900486846, -23.626660293103679 ], [ -45.424266788975551, -23.626840928906315 ], [ -45.424279677503776, -23.627021564703156 ], [ -45.424292566071536, -23.627202200494235 ] ] } },
{ "type": "Feature", "properties": { "regiao": 2, "rodovia": "SP 055", "ra_geo": 1.0, "ra_hid": 1.0, "ra": 1, "km": 102.34, "fonte": "tabela", "fonte_geo": "tabela", "fonte_hid": "figura" }, "geometry": { "type": "LineString", "coordinates": [ [ -45.424292566071536, -23.627202200494235 ], [ -45.424393231802966, -23.627357626017037 ], [ -45.424493897773978, -23.627513051468011 ], [ -45.424594563984577, -23.627668476847148 ], [ -45.424695230434772, -23.627823902154439 ] ] } },
{ "type": "Feature", "properties": { "regiao": 2, "rodovia": "SP 055", "ra_geo": 1.0, "ra_hid": 3.0, "ra": 3, "km": 102.51, "fonte": "tabela", "fonte_geo": "tabela", "fonte_hid": "figura" }, "geometry": { "type": "LineString", "coordinates": [ [ -45.424795897124554, -23.627979327389912 ], [ -45.424918755165436, -23.628120188734211 ], [ -45.425045288953299, -23.628258637787088 ], [ -45.425171823007908, -23.628397086730452 ], [ -45.425295809620017, -23.62853744444342 ], [ -45.425414415579702, -23.628681470563453 ], [ -45.425510654512465, -23.628839259021664 ], [ -45.42559978751963, -23.629000103784641 ], [ -45.425669273182393, -23.629169398942615 ], [ -45.425707979690991, -23.629346661236774 ], [ -45.425758564318926, -23.629520435380648 ], [ -45.425838595712776, -23.629685730320535 ] ] } },
{ "type": "Feature", "properties": { "regiao": 2, "rodovia": "SP 055", "ra_geo": 3.0, "ra_hid": 3.0, "ra": 3, "km": 102.69, "fonte": "tabela", "fonte_geo": "tabela", "fonte_hid": "figura" }, "geometry": { "type": "LineString", "coordinates": [ [ -45.425918627310345, -23.629851025212748 ], [ -45.42601241756546, -23.630010011586297 ], [ -45.426107282119744, -23.630168505417902 ], [ -45.426202146904629, -23.630326999184966 ], [ -45.42629701192012, -23.630485492887491 ], [ -45.426391877166211, -23.630643986525499 ] ] } },
{ "type": "Feature", "properties": { "regiao": 2, "rodovia": "SP 055", "ra_geo": 1.0, "ra_hid": 3.0, "ra": 3, "km": 102.82, "fonte": "tabela", "fonte_geo": "tabela", "fonte_hid": "figura" }, "geometry": { "type": "LineString", "coordinates": [ [ -45.426486742642915, -23.630802480098957 ], [ -45.426581608350219, -23.630960973607884 ], [ -45.426676474288151, -23.631119467052276 ], [ -45.426771340456682, -23.631277960432133 ], [ -45.426866206855841, -23.631436453747444 ], [ -45.426961073485629, -23.631594946998216 ], [ -45.427052657102955, -23.631754958123551 ] ] } },
{ "type": "Feature", "properties": { "regiao": 2, "rodovia": "SP 055", "ra_geo": 2.0, "ra_hid": 2.0, "ra": 2, "km": 103.04, "fonte": "figura", "fonte_geo": "figura", "fonte_hid": "figura" }, "geometry": { "type": "LineString", "coordinates": [ [ -45.427133877293727, -23.631919760608177 ], [ -45.427215097690578, -23.63208456304384 ], [ -45.427296318293529, -23.63224936543056 ], [ -45.427377539102565, -23.632414167768317 ], [ -45.427458760117702, -23.632578970057121 ], [ -45.427539981338938, -23.632743772296962 ], [ -45.427621202766282, -23.63290857448785 ], [ -45.427702424399726, -23.633073376629774 ], [ -45.427783646239277, -23.633238178722745 ], [ -45.427864868284942, -23.633402980766743 ], [ -45.427946090536715, -23.633567782761784 ], [ -45.428027312994608, -23.633732584707861 ], [ -45.428108535658616, -23.633897386604971 ], [ -45.428189758528745, -23.634062188453104 ], [ -45.428270981604996, -23.634226990252294 ] ] } },
{ "type": "Feature", "properties": { "regiao": 2, "rodovia": "SP 055", "ra_geo": 1.0, "ra_hid": 2.0, "ra": 2, "km": 103.24, "fonte": "figura", "fonte_geo": "figura", "fonte_hid": "figura" }, "geometry": { "type": "LineString", "coordinates": [ [ -45.428352204887375, -23.6343917920025 ], [ -45.428433428375882, -23.634556593703749 ], [ -45.428514652070518, -23.634721395356014 ], [ -45.428595875971283, -23.634886196959314 ], [ -45.428677100078183, -23.635050998513634 ] ] } },
{ "type": "Feature", "properties": { "regiao": 2, "rodovia": "SP 055", "ra_geo": 1.0, "ra_hid": 1.0, "ra": 1, "km": 103.71, "fonte": "figura", "fonte_geo": "figura", "fonte_hid": "figura" }, "geometry": { "type": "LineString", "coordinates": [ [ -45.428758324391232, -23.635215800019001 ], [ -45.42883954891041, -23.635380601475372 ], [ -45.428920773635745, -23.635545402882773 ], [ -45.429001998567216, -23.635710204241203 ], [ -45.429083223704843, -23.635875005550652 ], [ -45.429164449048614, -23.636039806811137 ], [ -45.42924567459854, -23.63620460802262 ], [ -45.429326900354624, -23.636369409185139 ], [ -45.429408126316865, -23.636534210298674 ], [ -45.42948935248527, -23.63669901136322 ], [ -45.429570578859845, -23.636863812378792 ], [ -45.429651805440578, -23.637028613345379 ], [ -45.429733032227482, -23.637193414262978 ], [ -45.429814259220556, -23.637358215131592 ], [ -45.429895486419809, -23.63752301595121 ], [ -45.429976713825241, -23.637687816721847 ], [ -45.430057941436843, -23.637852617443492 ], [ -45.430139169254637, -23.63801741811616 ], [ -45.430220397278617, -23.638182218739818 ], [ -45.430301625508775, -23.638347019314494 ], [ -45.430382853945133, -23.638511819840172 ], [ -45.430464082587676, -23.638676620316868 ], [ -45.430545311436418, -23.638841420744555 ], [ -45.430626540491353, -23.63900622112325 ], [ -45.430707769752495, -23.639171021452942 ], [ -45.430791216850899, -23.639334873258822 ], [ -45.430875436119088, -23.639498394848307 ], [ -45.430959655599217, -23.639661916385567 ], [ -45.4310126553952, -23.639835935373558 ], [ -45.431051909015082, -23.640012783645069 ], [ -45.431072316885775, -23.640192799775193 ], [ -45.43109272481648, -23.640372815897663 ], [ -45.431113132807191, -23.640552832012471 ], [ -45.431133540857907, -23.640732848119615 ], [ -45.431153948968628, -23.640912864219086 ], [ -45.431174357139362, -23.641092880310897 ], [ -45.431194765370101, -23.641272896395044 ], [ -45.431215173660853, -23.641452912471522 ], [ -45.431235582011617, -23.641632928540336 ], [ -45.431255990422393, -23.641812944601483 ], [ -45.431276398893182, -23.641992960654967 ], [ -45.431308126520548, -23.64217147349601 ] ] } },
{ "type": "Feature", "properties": { "regiao": 2, "rodovia": "SP 055", "ra_geo": 1.0, "ra_hid": 3.0, "ra": 3, "km": 104.39, "fonte": "figura", "fonte_geo": "figura", "fonte_hid": "figura" }, "geometry": { "type": "LineString", "coordinates": [ [ -45.431343739065994, -23.642349470409808 ], [ -45.431379351711762, -23.642527467309964 ], [ -45.431414964457851, -23.64270546419645 ], [ -45.431450577304268, -23.642883461069278 ], [ -45.431486190251022, -23.643061457928464 ], [ -45.431521803298089, -23.643239454773987 ], [ -45.431557416445507, -23.643417451605849 ], [ -45.431593029693246, -23.643595448424055 ], [ -45.431628643041321, -23.643773445228597 ], [ -45.431664256489739, -23.643951442019485 ], [ -45.431699870038486, -23.644129438796714 ], [ -45.431735483687575, -23.644307435560282 ], [ -45.431771097437, -23.644485432310194 ], [ -45.431806711286768, -23.644663429046446 ], [ -45.431842325236886, -23.644841425769041 ], [ -45.43187793928734, -23.645019422477972 ], [ -45.431913553438143, -23.645197419173243 ], [ -45.431949167689289, -23.645375415854851 ], [ -45.431984782040786, -23.645553412522805 ], [ -45.432020396492632, -23.645731409177102 ], [ -45.432056011044828, -23.645909405817729 ], [ -45.432091625697375, -23.646087402444699 ], [ -45.432127240450285, -23.646265399058006 ], [ -45.432162855303538, -23.646443395657652 ], [ -45.432198470257163, -23.646621392243635 ] ] } },
{ "type": "Feature", "properties": { "regiao": 2, "rodovia": "SP 055", "ra_geo": 1.0, "ra_hid": null, "ra": 1, "km": 104.84, "fonte": "figura", "fonte_geo": "figura", "fonte_hid": "figura" }, "geometry": { "type": "LineString", "coordinates": [ [ -45.432234085311137, -23.646799388815964 ], [ -45.432269700465469, -23.646977385374626 ], [ -45.432305315720164, -23.647155381919621 ], [ -45.432340931075224, -23.647333378450956 ], [ -45.432376546530641, -23.64751137496863 ], [ -45.432412162086429, -23.647689371472644 ], [ -45.432447777742588, -23.647867367962988 ], [ -45.432483393499105, -23.648045364439671 ], [ -45.432519009356, -23.648223360902687 ], [ -45.432554625313259, -23.64840135735205 ], [ -45.432590241370896, -23.648579353787742 ], [ -45.432625857528905, -23.648757350209767 ], [ -45.432661473787284, -23.648935346618128 ], [ -45.432697090146043, -23.649113343012825 ], [ -45.432732706605179, -23.649291339393852 ], [ -45.432768323164701, -23.649469335761221 ], [ -45.432803939824595, -23.649647332114913 ], [ -45.432839556584881, -23.649825328454952 ], [ -45.432875173445545, -23.65000332478132 ], [ -45.432910790406595, -23.650181321094021 ] ] } },
{ "type": "Feature", "properties": { "regiao": 2, "rodovia": "SP 055", "ra_geo": 1.0, "ra_hid": 2.0, "ra": 2, "km": 105.1, "fonte": "figura", "fonte_geo": "figura", "fonte_hid": "figura" }, "geometry": { "type": "LineString", "coordinates": [ [ -45.43294640746803, -23.650359317393058 ], [ -45.432982024629851, -23.650537313678424 ], [ -45.433017641892064, -23.650715309950129 ], [ -45.43305325925467, -23.650893306208161 ], [ -45.433088876717662, -23.651071302452525 ], [ -45.433124494281053, -23.651249298683222 ] ] } },
{ "type": "Feature", "properties": { "regiao": 2, "rodovia": "SP 055", "ra_geo": 4.0, "ra_hid": 4.0, "ra": 4, "km": 105.2, "fonte": "figura", "fonte_geo": "figura", "fonte_hid": "figura" }, "geometry": { "type": "LineString", "coordinates": [ [ -45.433160111944829, -23.651427294900252 ], [ -45.43319572970902, -23.651605291103614 ], [ -45.433231347573596, -23.651783287293313 ], [ -45.433266965538564, -23.65196128346934 ] ] } },
{ "type": "Feature", "properties": { "regiao": 2, "rodovia": "SP 055", "ra_geo": 1.0, "ra_hid": 4.0, "ra": 4, "km": 105.3, "fonte": "figura", "fonte_geo": "figura", "fonte_hid": "figura" }, "geometry": { "type": "LineString", "coordinates": [ [ -45.43330258360394, -23.652139279631697 ], [ -45.433338201769722, -23.65231727578038 ], [ -45.433373820035911, -23.652495271915395 ], [ -45.433409438402499, -23.652673268036747 ], [ -45.433445056869488, -23.652851264144424 ], [ -45.43348067543689, -23.653029260238437 ] ] } },
{ "type": "Feature", "properties": { "regiao": 2, "rodovia": "SP 055", "ra_geo": 3.0, "ra_hid": 4.0, "ra": 4, "km": 105.5, "fonte": "figura", "fonte_geo": "figura", "fonte_hid": "figura" }, "geometry": { "type": "LineString", "coordinates": [ [ -45.433516294104699, -23.653207256318773 ], [ -45.433551912872922, -23.653385252385437 ], [ -45.433587531741551, -23.653563248438438 ], [ -45.433623150710602, -23.653741244477771 ], [ -45.43365876978006, -23.653919240503424 ], [ -45.433694388949938, -23.654097236515408 ], [ -45.43373000822023, -23.654275232513719 ], [ -45.433765627590944, -23.654453228498358 ], [ -45.433801247062071, -23.65463122446933 ], [ -45.433836866633627, -23.654809220426621 ], [ -45.433872486305603, -23.654987216370245 ], [ -45.433908106078015, -23.655165212300194 ], [ -45.43394372595084, -23.655343208216472 ], [ -45.433979345924094, -23.655521204119069 ] ] } },
{ "type": "Feature", "properties": { "regiao": 2, "rodovia": "SP 055", "ra_geo": 3.0, "ra_hid": 3.0, "ra": 3, "km": 105.85, "fonte": "figura", "fonte_geo": "figura", "fonte_hid": "figura" }, "geometry": { "type": "LineString", "coordinates": [ [ -45.434014965997783, -23.655699200008009 ], [ -45.434050586171892, -23.655877195883264 ], [ -45.434086206446437, -23.656055191744841 ], [ -45.434121826821418, -23.656233187592754 ], [ -45.434157194811057, -23.656411225402845 ], [ -45.434191371377672, -23.656589461290551 ], [ -45.434225548040963, -23.656767697165282 ], [ -45.434259724800924, -23.656945933027036 ], [ -45.434293901657576, -23.6571241688758 ], [ -45.434328078610896, -23.65730240471159 ], [ -45.434362255660908, -23.657480640534388 ], [ -45.434396432807596, -23.657658876344215 ], [ -45.434430610050967, -23.657837112141056 ], [ -45.434464787391029, -23.658015347924916 ], [ -45.434498964827775, -23.658193583695788 ], [ -45.434533142361211, -23.658371819453688 ], [ -45.434567319991338, -23.658550055198607 ], [ -45.434601497718148, -23.658728290930551 ], [ -45.434635675541656, -23.658906526649492 ], [ -45.434669853461855, -23.659084762355459 ], [ -45.434704031478759, -23.65926299804844 ] ] } },
{ "type": "Feature", "properties": { "regiao": 2, "rodovia": "SP 055", "ra_geo": 3.0, "ra_hid": 4.0, "ra": 4, "km": 106.13, "fonte": "figura", "fonte_geo": "figura", "fonte_hid": "figura" }, "geometry": { "type": "LineString", "coordinates": [ [ -45.434739441524393, -23.659441017410973 ], [ -45.434778845517187, -23.659618335472032 ], [ -45.434818249620207, -23.65979565351746 ], [ -45.434857653833461, -23.659972971547255 ], [ -45.434897058156942, -23.66015028956144 ], [ -45.434936462590663, -23.660327607559999 ], [ -45.434975867134611, -23.660504925542931 ] ] } },
{ "type": "Feature", "properties": { "regiao": 2, "rodovia": "SP 055", "ra_geo": 3.0, "ra_hid": 3.0, "ra": 3, "km": 106.58, "fonte": "figura", "fonte_geo": "figura", "fonte_hid": "figura" }, "geometry": { "type": "LineString", "coordinates": [ [ -45.435015271788799, -23.660682243510234 ], [ -45.435054676553221, -23.660859561461923 ], [ -45.435094081427891, -23.661036879397983 ], [ -45.435133486412802, -23.661214197318422 ], [ -45.435173264820122, -23.661391444464488 ], [ -45.435213068481609, -23.661568686829057 ], [ -45.435252872254367, -23.661745929177791 ], [ -45.435255003335193, -23.661925112105195 ], [ -45.435277490884573, -23.662104917620805 ], [ -45.43529997849965, -23.662284723128089 ], [ -45.435332818638514, -23.662462952232826 ], [ -45.435374351645756, -23.662639857654149 ], [ -45.435420753230922, -23.662815396000887 ], [ -45.435493424729003, -23.662983557804669 ], [ -45.435566096416103, -23.663151719567988 ], [ -45.435638768292229, -23.663319881290867 ], [ -45.435697952190615, -23.663491617328383 ], [ -45.435733409212688, -23.663669640983986 ], [ -45.435768866334818, -23.663847664625997 ], [ -45.435757292543727, -23.664028200090119 ], [ -45.435744411157195, -23.664208805383975 ], [ -45.435744294160926, -23.664389787735551 ], [ -45.435744585311255, -23.664570782139464 ], [ -45.435772070461958, -23.664749498511938 ], [ -45.435807232919885, -23.664927571755275 ], [ -45.435842395477117, -23.665105644985161 ], [ -45.435877558133647, -23.665283718201582 ], [ -45.435912720889476, -23.66546179140455 ], [ -45.43594788374461, -23.665639864594056 ], [ -45.43598304669905, -23.665817937770104 ], [ -45.436018209752802, -23.665996010932684 ], [ -45.436053372905853, -23.666174084081799 ], [ -45.436088536158216, -23.666352157217457 ], [ -45.436123699509885, -23.666530230339653 ], [ -45.436158862960866, -23.666708303448384 ], [ -45.43619402651116, -23.666886376543665 ], [ -45.436229190160766, -23.667064449625475 ], [ -45.436264353909692, -23.667242522693826 ] ] } },
{ "type": "Feature", "properties": { "regiao": 2, "rodovia": "SP 055", "ra_geo": 2.0, "ra_hid": 3.0, "ra": 3, "km": 107.24, "fonte": "figura", "fonte_geo": "figura", "fonte_hid": "figura" }, "geometry": { "type": "LineString", "coordinates": [ [ -45.436299517757938, -23.667420595748709 ], [ -45.436334681705489, -23.667598668790127 ], [ -45.436369845752374, -23.667776741818091 ], [ -45.436405009898571, -23.667954814832587 ], [ -45.436440174144096, -23.668132887833625 ], [ -45.43647533848894, -23.668310960821195 ], [ -45.43651050293311, -23.668489033795293 ], [ -45.436545667476615, -23.668667106755937 ], [ -45.436580832119439, -23.668845179703109 ], [ -45.43661599686159, -23.669023252636819 ], [ -45.436651161703075, -23.669201325557065 ], [ -45.436686326643901, -23.669379398463853 ], [ -45.436721491684054, -23.669557471357173 ], [ -45.436756656823533, -23.669735544237017 ], [ -45.436791822062361, -23.669913617103401 ], [ -45.436826987400522, -23.670091689956315 ], [ -45.436862152838017, -23.670269762795773 ], [ -45.436897318374868, -23.670447835621761 ], [ -45.436932484011045, -23.670625908434282 ], [ -45.436967649746578, -23.67080398123333 ], [ -45.437002815581444, -23.670982054018911 ], [ -45.437037981515665, -23.671160126791026 ], [ -45.437073147549221, -23.671338199549677 ], [ -45.437108313682138, -23.671516272294859 ], [ -45.437143479914404, -23.67169434502657 ], [ -45.437178646246018, -23.671872417744819 ], [ -45.437213812676987, -23.672050490449596 ], [ -45.437248979207311, -23.672228563140912 ] ] } },
{ "type": "Feature", "properties": { "regiao": 2, "rodovia": "SP 055", "ra_geo": 1.0, "ra_hid": 3.0, "ra": 3, "km": 107.72, "fonte": "figura", "fonte_geo": "figura", "fonte_hid": "figura" }, "geometry": { "type": "LineString", "coordinates": [ [ -45.43728414583699, -23.672406635818749 ], [ -45.437319312566032, -23.672584708483107 ], [ -45.437354479394422, -23.672762781134011 ], [ -45.437389646322181, -23.672940853771447 ], [ -45.437424813349296, -23.673118926395404 ], [ -45.437459980475779, -23.673296999005899 ], [ -45.437509582682623, -23.673471430155793 ], [ -45.437577843869022, -23.673641154299318 ], [ -45.437646105235032, -23.673810878406456 ], [ -45.437709561305127, -23.673981605038563 ], [ -45.437727373185417, -23.674161854373246 ], [ -45.43774518511885, -23.67434210370098 ], [ -45.437762997105409, -23.674522353021768 ], [ -45.437780809145103, -23.674702602335596 ], [ -45.437831240634445, -23.674875905902141 ], [ -45.437876574385761, -23.675049756091923 ], [ -45.437885476069141, -23.675230564620421 ], [ -45.437894377781333, -23.675411373143845 ], [ -45.437903279522359, -23.675592181662193 ] ] } },
{ "type": "Feature", "properties": { "regiao": 2, "rodovia": "SP 055", "ra_geo": 1.0, "ra_hid": 2.0, "ra": 2, "km": 108.0, "fonte": "figura", "fonte_geo": "figura", "fonte_hid": "figura" }, "geometry": { "type": "LineString", "coordinates": [ [ -45.437932954654535, -23.675770861392422 ], [ -45.4379674227119, -23.675949049957065 ], [ -45.438001890866822, -23.676127238508563 ], [ -45.438036359119295, -23.676305427046927 ], [ -45.438070827469339, -23.676483615572145 ], [ -45.438104918577245, -23.676661864980698 ], [ -45.438138286629552, -23.676840231081247 ], [ -45.438171654776546, -23.67701859716918 ], [ -45.438205023018234, -23.677196963244494 ] ] } },
{ "type": "Feature", "properties": { "regiao": 2, "rodovia": "SP 055", "ra_geo": 1.0, "ra_hid": 2.0, "ra": 2, "km": 108.35, "fonte": "figura", "fonte_geo": "figura", "fonte_hid": "figura" }, "geometry": { "type": "LineString", "coordinates": [ [ -45.438238391354602, -23.677375329307182 ], [ -45.438271759785664, -23.677553695357247 ], [ -45.438305128311427, -23.677732061394686 ], [ -45.43833849693187, -23.677910427419516 ], [ -45.438371865647021, -23.678088793431701 ], [ -45.438405234456859, -23.678267159431286 ], [ -45.438438603361398, -23.678445525418244 ], [ -45.438471972360638, -23.678623891392576 ], [ -45.438505341454579, -23.678802257354278 ], [ -45.438538710643222, -23.678980623303357 ], [ -45.438572079926566, -23.679158989239824 ], [ -45.438605449304617, -23.679337355163646 ], [ -45.43863881877737, -23.679515721074868 ], [ -45.438672188344832, -23.679694086973448 ], [ -45.438705558007001, -23.679872452859417 ], [ -45.438738927763886, -23.680050818732749 ], [ -45.438772297615479, -23.680229184593461 ], [ -45.43880566756178, -23.680407550441554 ], [ -45.438839037602804, -23.680585916277018 ], [ -45.438872407738529, -23.68076428209984 ], [ -45.438905777968984, -23.680942647910054 ], [ -45.438939148294153, -23.681121013707642 ], [ -45.438972518714039, -23.681299379492593 ], [ -45.439005889228646, -23.681477745264928 ], [ -45.439039259837976, -23.681656111024633 ], [ -45.439072630542029, -23.681834476771709 ] ] } },
{ "type": "Feature", "properties": { "regiao": 2, "rodovia": "SP 055", "ra_geo": 2.0, "ra_hid": 3.0, "ra": 3, "km": 108.66, "fonte": "figura", "fonte_geo": "figura", "fonte_hid": "figura" }, "geometry": { "type": "LineString", "coordinates": [ [ -45.439106001340804, -23.682012842506158 ], [ -45.439139372234308, -23.68219120822798 ], [ -45.439172743222542, -23.68236957393718 ], [ -45.439206114305499, -23.682547939633743 ], [ -45.439239485483185, -23.682726305317683 ] ] } },
{ "type": "Feature", "properties": { "regiao": 2, "rodovia": "SP 055", "ra_geo": 3.0, "ra_hid": 3.0, "ra": 3, "km": 109.05, "fonte": "figura", "fonte_geo": "figura", "fonte_hid": "figura" }, "geometry": { "type": "LineString", "coordinates": [ [ -45.439272856755608, -23.682904670989 ], [ -45.43930622812276, -23.68308303664768 ], [ -45.439339599584642, -23.683261402293731 ], [ -45.439372971141267, -23.683439767927151 ], [ -45.439406342792623, -23.683618133547956 ], [ -45.439439714538722, -23.683796499156117 ], [ -45.43947308637955, -23.683974864751658 ], [ -45.43950645831513, -23.684153230334569 ], [ -45.439539830345446, -23.684331595904847 ], [ -45.439573202470505, -23.684509961462492 ], [ -45.439606574690316, -23.684688327007514 ], [ -45.439639947004864, -23.684866692539906 ], [ -45.439673319414162, -23.685045058059661 ], [ -45.439706691918211, -23.685223423566786 ], [ -45.439741389081526, -23.685401574196508 ], [ -45.439776200913656, -23.685579706227845 ], [ -45.439811012844302, -23.68575783824588 ], [ -45.439845824873458, -23.685935970250586 ], [ -45.439880637001146, -23.686114102242001 ], [ -45.439915580670075, -23.686292207019136 ], [ -45.439966865183699, -23.686466930204222 ], [ -45.440018149837542, -23.686641653366362 ], [ -45.440079640415405, -23.686813319915533 ], [ -45.440149763861797, -23.686982400973722 ], [ -45.440219887492006, -23.687151481993791 ], [ -45.440295428311494, -23.687318474445956 ], [ -45.440377022950628, -23.687483132875304 ], [ -45.440458617797233, -23.687647791255138 ], [ -45.440540212851296, -23.687812449585444 ], [ -45.44062180811283, -23.687977107866214 ], [ -45.440712714729024, -23.688136186151329 ], [ -45.440843141020075, -23.688271581304893 ], [ -45.440973567580571, -23.688406976342229 ], [ -45.441119886991856, -23.688523541986616 ] ] } },
{ "type": "Feature", "properties": { "regiao": 2, "rodovia": "SP 055", "ra_geo": 1.0, "ra_hid": 1.0, "ra": 1, "km": 110.46, "fonte": "tabela", "fonte_geo": "figura", "fonte_hid": "tabela" }, "geometry": { "type": "LineString", "coordinates": [ [ -45.441294545039341, -23.688606532571125 ], [ -45.441469203305033, -23.688689522954466 ], [ -45.44164386178894, -23.688772513136623 ], [ -45.441818520491054, -23.688855503117601 ], [ -45.441993179411377, -23.688938492897389 ], [ -45.442166833406638, -23.689023008510219 ], [ -45.442327456383914, -23.689127308322387 ], [ -45.442488079614868, -23.689231607962732 ], [ -45.442635774041186, -23.689350003806439 ], [ -45.442774298949459, -23.689478397202791 ], [ -45.442912824128626, -23.68960679046905 ], [ -45.443013845837747, -23.689761513983569 ], [ -45.443129927120786, -23.689907434971627 ], [ -45.443237562560789, -23.690057619897921 ], [ -45.443311989625393, -23.690225134037654 ], [ -45.443386416883023, -23.690392648135155 ], [ -45.443458229728435, -23.690560805500713 ], [ -45.443484443998358, -23.690740182170543 ], [ -45.443510658344138, -23.690919558830707 ], [ -45.443536872765783, -23.691098935481225 ], [ -45.443537029088368, -23.691279787226392 ], [ -45.443517011886335, -23.69145895358276 ], [ -45.443479194053808, -23.69163652046743 ], [ -45.443447470365932, -23.691815140985327 ], [ -45.443400127533799, -23.691989973800915 ], [ -45.443332205862049, -23.692159816165926 ], [ -45.443253988780718, -23.692325601992643 ], [ -45.443167487237169, -23.692488123628522 ], [ -45.443080985482176, -23.69265064521586 ], [ -45.44299448351574, -23.692813166754682 ], [ -45.442907981337846, -23.692975688244978 ], [ -45.442821478948503, -23.693138209686726 ], [ -45.442734976347708, -23.693300731079958 ], [ -45.442648473535442, -23.693463252424653 ], [ -45.442561970511726, -23.693625773720811 ], [ -45.442475467276545, -23.693788294968439 ], [ -45.442388963829892, -23.693950816167526 ], [ -45.442302460171767, -23.694113337318083 ], [ -45.442200286371296, -23.694267477619455 ], [ -45.442089859465547, -23.694417203942834 ], [ -45.441979432309545, -23.694566930188326 ], [ -45.441869004903289, -23.694716656355912 ], [ -45.441763016625728, -23.694868981122404 ], [ -45.441662664683591, -23.695024605299512 ], [ -45.441562312505646, -23.695180229411996 ], [ -45.441461960091878, -23.695335853459856 ], [ -45.441361607442289, -23.695491477443092 ], [ -45.44126563128323, -23.695649306993552 ], [ -45.441177389544677, -23.695811034327615 ], [ -45.441089079502909, -23.695972729887597 ], [ -45.440999855120651, -23.696133999488957 ], [ -45.440910630521742, -23.696295269038796 ], [ -45.440809582984038, -23.696450076232846 ], [ -45.440698577599399, -23.69659944052454 ], [ -45.440587043214315, -23.696748415246208 ], [ -45.440453177089395, -23.696880939892463 ], [ -45.440319310694498, -23.697013464424717 ], [ -45.440197294842854, -23.69715496050976 ], [ -45.440081988682941, -23.697301536277539 ], [ -45.439966682266892, -23.69744811196048 ], [ -45.439851375594714, -23.697594687558595 ], [ -45.439736068666377, -23.697741263071872 ], [ -45.439630487264026, -23.697893694073006 ], [ -45.439530923851727, -23.698049748383514 ], [ -45.439431360204814, -23.698205802630355 ], [ -45.439331796323295, -23.698361856813541 ], [ -45.439232232207161, -23.698517910933056 ], [ -45.439132667856413, -23.698673964988899 ], [ -45.439033103271051, -23.698830018981063 ], [ -45.438933538451067, -23.698986072909573 ], [ -45.438833973396463, -23.699142126774408 ], [ -45.43873440810723, -23.699298180575564 ], [ -45.438634842583369, -23.699454234313052 ], [ -45.438535276824879, -23.699610287986861 ], [ -45.438435710831762, -23.69976634159698 ], [ -45.438336144604001, -23.699922395143439 ], [ -45.438236578141606, -23.700078448626208 ], [ -45.438137011444574, -23.700234502045294 ], [ -45.438037444512894, -23.700390555400698 ], [ -45.437937877346563, -23.70054660869242 ], [ -45.437838309945583, -23.700702661920449 ], [ -45.437738742309961, -23.700858715084792 ], [ -45.437639174439681, -23.701014768185448 ], [ -45.43754347037023, -23.701172537137936 ], [ -45.43747285047386, -23.701341445348991 ], [ -45.437402230398945, -23.701510353526832 ], [ -45.437331610145478, -23.701679261671465 ], [ -45.437257466396431, -23.701846703557518 ], [ -45.437166454550422, -23.702007125838797 ], [ -45.437075442484407, -23.702167548066534 ], [ -45.436975794795494, -23.702323297118063 ], [ -45.43686787509268, -23.702474569758742 ], [ -45.436759955142811, -23.702625842324906 ], [ -45.436634305859826, -23.702764899326247 ], [ -45.436507148147058, -23.702902917088117 ], [ -45.436379990167538, -23.703040934746991 ], [ -45.436257753088462, -23.703182413916551 ], [ -45.436146583489879, -23.703331678190544 ], [ -45.436035413639964, -23.703480942385553 ], [ -45.435924243538715, -23.703630206501543 ], [ -45.435813073186139, -23.703779470538546 ], [ -45.435701902582224, -23.703928734496522 ], [ -45.435593518777097, -23.704079647061455 ], [ -45.435492304118831, -23.70423480062458 ], [ -45.435391089223245, -23.704389954121929 ], [ -45.435289874090365, -23.7045451075535 ], [ -45.435188658720158, -23.704700260919289 ] ] } },
{ "type": "Feature", "properties": { "regiao": 2, "rodovia": "SP 055", "ra_geo": 1.0, "ra_hid": 0.0, "ra": 1, "km": 111.75, "fonte": "tabela", "fonte_geo": "figura", "fonte_hid": "tabela" }, "geometry": { "type": "LineString", "coordinates": [ [ -45.43508744311265, -23.704855414219299 ], [ -45.434986227267814, -23.705010567453524 ], [ -45.43490194450078, -23.705173374721703 ], [ -45.434830546006893, -23.705342005911238 ], [ -45.434744703597701, -23.705504347046173 ], [ -45.434635565419207, -23.705654128045904 ], [ -45.434517467146527, -23.705798415418549 ], [ -45.434416882286989, -23.705953916577535 ], [ -45.434316297191089, -23.706109417671509 ], [ -45.434215711858855, -23.706264918700505 ], [ -45.434115126290259, -23.706420419664486 ], [ -45.434014540485315, -23.706575920563466 ], [ -45.433913954444002, -23.70673142139745 ], [ -45.433813368166341, -23.706886922166422 ], [ -45.433712781652318, -23.707042422870401 ], [ -45.433612194901926, -23.707197923509362 ], [ -45.433511607915165, -23.707353424083312 ], [ -45.433411020692034, -23.707508924592254 ], [ -45.433310433232528, -23.707664425036182 ], [ -45.433209845536652, -23.707819925415098 ], [ -45.433109257604393, -23.707975425729 ] ] } },
{ "type": "Feature", "properties": { "regiao": 2, "rodovia": "SP 055", "ra_geo": 1.0, "ra_hid": 1.0, "ra": 1, "km": 112.02, "fonte": "tabela", "fonte_geo": "figura", "fonte_hid": "tabela" }, "geometry": { "type": "LineString", "coordinates": [ [ -45.433008669435758, -23.70813092597788 ], [ -45.432908081030725, -23.708286426161749 ], [ -45.432807492389323, -23.708441926280596 ], [ -45.432706903511516, -23.708597426334421 ], [ -45.432606314397326, -23.708752926323228 ], [ -45.432505725046738, -23.708908426247014 ] ] } },
{ "type": "Feature", "properties": { "regiao": 2, "rodovia": "SP 055", "ra_geo": 2.0, "ra_hid": 1.0, "ra": 2, "km": 112.14, "fonte": "tabela", "fonte_geo": "figura", "fonte_hid": "tabela" }, "geometry": { "type": "LineString", "coordinates": [ [ -45.43240513545976, -23.709063926105767 ], [ -45.43230454563637, -23.709219425899494 ], [ -45.43220395557659, -23.709374925628193 ], [ -45.432103365280391, -23.709530425291863 ], [ -45.432002774747794, -23.709685924890501 ], [ -45.431902183978778, -23.709841424424113 ] ] } },
{ "type": "Feature", "properties": { "regiao": 2, "rodovia": "SP 055", "ra_geo": 0.0, "ra_hid": 1.0, "ra": 1, "km": 112.38, "fonte": "tabela", "fonte_geo": "figura", "fonte_hid": "tabela" }, "geometry": { "type": "LineString", "coordinates": [ [ -45.431801592973351, -23.709996923892685 ], [ -45.431701001731504, -23.710152423296222 ], [ -45.431600410253246, -23.710307922634723 ], [ -45.431499818538562, -23.710463421908187 ], [ -45.431399226587459, -23.710618921116605 ], [ -45.431298634399923, -23.710774420259991 ], [ -45.431198041975961, -23.71092991933833 ], [ -45.431097449315558, -23.711085418351619 ], [ -45.43099685641873, -23.711240917299875 ], [ -45.430896263285454, -23.711396416183078 ], [ -45.430795669915746, -23.71155191500123 ], [ -45.43069507630959, -23.711707413754333 ], [ -45.430594482466994, -23.711862912442385 ], [ -45.430493888387936, -23.712018411065383 ], [ -45.430393294072438, -23.712173909623328 ], [ -45.430292699520479, -23.712329408116211 ], [ -45.430217356202846, -23.712494928272289 ], [ -45.430157944295296, -23.712666716152466 ] ] } },
{ "type": "Feature", "properties": { "regiao": 2, "rodovia": "SP 055", "ra_geo": 3.0, "ra_hid": null, "ra": 3, "km": 53.69, "fonte": "tabela", "fonte_geo": "tabela", "fonte_hid": "figura" }, "geometry": { "type": "LineString", "coordinates": [ [ -45.062686645250686, -23.466653618630662 ], [ -45.062809191992649, -23.46679460863102 ], [ -45.06293173899509, -23.466935598531975 ], [ -45.063054286258016, -23.467076588333551 ], [ -45.063176833781434, -23.467217578035726 ], [ -45.0633000507693, -23.467358069580882 ], [ -45.063423517760612, -23.467498375153689 ], [ -45.06354698501309, -23.467638680625665 ], [ -45.063670452526743, -23.467778985996819 ], [ -45.063793920301563, -23.467919291267133 ] ] } },
{ "type": "Feature", "properties": { "regiao": 2, "rodovia": "SP 055", "ra_geo": 3.0, "ra_hid": null, "ra": 3, "km": 53.83, "fonte": "tabela", "fonte_geo": "tabela", "fonte_hid": "figura" }, "geometry": { "type": "LineString", "coordinates": [ [ -45.063917388337551, -23.468059596436603 ], [ -45.064040856634733, -23.468199901505255 ], [ -45.064164325193083, -23.468340206473052 ], [ -45.064287794012621, -23.468480511340012 ], [ -45.064411263093341, -23.468620816106135 ] ] } },
{ "type": "Feature", "properties": { "regiao": 2, "rodovia": "SP 055", "ra_geo": 3.0, "ra_hid": 4.0, "ra": 4, "km": 53.98, "fonte": "tabela", "fonte_geo": "tabela", "fonte_hid": "figura" }, "geometry": { "type": "LineString", "coordinates": [ [ -45.064534732435256, -23.468761120771401 ], [ -45.064658202038345, -23.468901425335822 ], [ -45.064784551481303, -23.469039489724512 ], [ -45.064913621148719, -23.46917543810028 ], [ -45.065042691080649, -23.469311386366282 ], [ -45.065171761277099, -23.469447334522499 ], [ -45.065300831738071, -23.469583282568955 ], [ -45.065422250630171, -23.469724863012353 ], [ -45.065537303261998, -23.469871129748956 ], [ -45.065652356147638, -23.470017396397363 ] ] } },
{ "type": "Feature", "properties": { "regiao": 2, "rodovia": "SP 055", "ra_geo": 0.0, "ra_hid": 3.0, "ra": 3, "km": 54.22, "fonte": "tabela", "fonte_geo": "tabela", "fonte_hid": "figura" }, "geometry": { "type": "LineString", "coordinates": [ [ -45.065768383253307, -23.470162973120146 ], [ -45.065891854025587, -23.470303277755669 ], [ -45.066015325059077, -23.470443582290322 ], [ -45.066138796353783, -23.470583886724118 ], [ -45.066262267909707, -23.470724191057037 ], [ -45.066385739726854, -23.470864495289085 ], [ -45.066501104033534, -23.471010288905035 ], [ -45.06660919127561, -23.471161009648625 ], [ -45.066717278763463, -23.471311730313829 ], [ -45.066825366497113, -23.471462450900642 ], [ -45.066933454476555, -23.471613171409068 ], [ -45.067041542701794, -23.471763891839103 ], [ -45.067141260168761, -23.471919401387655 ], [ -45.067239595906216, -23.472075701514374 ], [ -45.067337931875649, -23.472232001575431 ] ] } },
{ "type": "Feature", "properties": { "regiao": 2, "rodovia": "SP 055", "ra_geo": 1.0, "ra_hid": 3.0, "ra": 3, "km": 54.57, "fonte": "tabela", "fonte_geo": "tabela", "fonte_hid": "figura" }, "geometry": { "type": "LineString", "coordinates": [ [ -45.067436268077067, -23.472388301570813 ], [ -45.067534604510485, -23.47254460150052 ], [ -45.067632941175894, -23.472700901364536 ], [ -45.067731278073303, -23.472857201162888 ], [ -45.067829615202719, -23.473013500895554 ], [ -45.067927952564133, -23.473169800562538 ], [ -45.068026290157555, -23.473326100163842 ], [ -45.068124627982982, -23.473482399699446 ], [ -45.068222966040423, -23.473638699169374 ], [ -45.068321304329878, -23.473794998573624 ], [ -45.068419642851346, -23.473951297912173 ], [ -45.068517981604835, -23.474107597185025 ], [ -45.068616320590351, -23.474263896392191 ], [ -45.068714659807888, -23.474420195533668 ], [ -45.068812999257453, -23.474576494609448 ], [ -45.068912672355154, -23.474732049285084 ], [ -45.069017158247163, -23.47488491744318 ], [ -45.069121644380239, -23.4750377855277 ], [ -45.06922613075438, -23.475190653538636 ], [ -45.069330617369594, -23.475343521475981 ], [ -45.069435104225889, -23.475496389339757 ] ] } },
{ "type": "Feature", "properties": { "regiao": 2, "rodovia": "SP 055", "ra_geo": 0.0, "ra_hid": 2.0, "ra": 2, "km": 54.82, "fonte": "tabela", "fonte_geo": "tabela", "fonte_hid": "figura" }, "geometry": { "type": "LineString", "coordinates": [ [ -45.069539591323263, -23.475649257129941 ], [ -45.069645622457507, -23.475801186936984 ], [ -45.069756612828975, -23.475950103905703 ], [ -45.06986760344985, -23.476099020791978 ] ] } },
{ "type": "Feature", "properties": { "regiao": 2, "rodovia": "SP 055", "ra_geo": 3.0, "ra_hid": 2.0, "ra": 3, "km": 54.94, "fonte": "tabela", "fonte_geo": "tabela", "fonte_hid": "figura" }, "geometry": { "type": "LineString", "coordinates": [ [ -45.069978594320141, -23.476247937595812 ], [ -45.070089585439852, -23.476396854317187 ], [ -45.070200576808979, -23.476545770956122 ], [ -45.07031156842752, -23.476694687512609 ], [ -45.070422560295498, -23.476843603986641 ], [ -45.070533552412897, -23.476992520378218 ], [ -45.070644544779725, -23.47714143668734 ], [ -45.070754051963299, -23.477291251544148 ], [ -45.070857894761659, -23.477444493208964 ] ] } },
{ "type": "Feature", "properties": { "regiao": 2, "rodovia": "SP 055", "ra_geo": 4.0, "ra_hid": null, "ra": 4, "km": 55.22, "fonte": "tabela", "fonte_geo": "tabela", "fonte_hid": "figura" }, "geometry": { "type": "LineString", "coordinates": [ [ -45.070961737800232, -23.477597734801027 ], [ -45.071065581079019, -23.477750976320337 ], [ -45.071138504105306, -23.477917331656716 ], [ -45.071197014699706, -23.478089799579767 ], [ -45.071231776752299, -23.478265874773072 ], [ -45.071236308396699, -23.478446541796998 ], [ -45.071240840054145, -23.478627208816572 ], [ -45.071207139625372, -23.478803519382073 ], [ -45.071155080159642, -23.478977737976862 ], [ -45.071103020557771, -23.479151956550712 ], [ -45.071064043608779, -23.479328837822766 ], [ -45.071031788882912, -23.479507087265084 ], [ -45.070999534071035, -23.479685336696875 ], [ -45.071069644576959, -23.479848283067049 ], [ -45.071161284161775, -23.480008010936736 ], [ -45.071278434042398, -23.480141131063156 ], [ -45.071461506762247, -23.480205491959442 ], [ -45.071644579659235, -23.480269852639786 ], [ -45.07183474076902, -23.480289713459371 ], [ -45.072030146964103, -23.480276644729408 ] ] } },
{ "type": "Feature", "properties": { "regiao": 2, "rodovia": "SP 055", "ra_geo": 4.0, "ra_hid": 0.0, "ra": 4, "km": 55.63, "fonte": "tabela", "fonte_geo": "tabela", "fonte_hid": "figura" }, "geometry": { "type": "LineString", "coordinates": [ [ -45.072225553119971, -23.480263575754595 ], [ -45.072420959236624, -23.480250506534933 ], [ -45.072616365314069, -23.480237437070432 ], [ -45.072811771352285, -23.480224367361078 ], [ -45.07300037859163, -23.480249534451648 ], [ -45.073181021720593, -23.480319493161453 ], [ -45.073361665039592, -23.480389451660859 ], [ -45.073500801405466, -23.480506260731048 ], [ -45.073611107119092, -23.480655612276703 ], [ -45.073721413081387, -23.480804963740827 ], [ -45.073785253189449, -23.480974083738161 ], [ -45.073836809860957, -23.481148429656155 ], [ -45.073888366668641, -23.481322775552869 ], [ -45.073939923612492, -23.48149712142828 ], [ -45.073991480692513, -23.4816714672824 ], [ -45.074043037908709, -23.481845813115235 ], [ -45.074094595261073, -23.482020158926773 ], [ -45.07414615274962, -23.482194504717025 ], [ -45.074197710374342, -23.482368850485983 ], [ -45.074249268135254, -23.482543196233642 ], [ -45.074300826032342, -23.48271754196001 ], [ -45.074352384065605, -23.482891887665083 ] ] } },
{ "type": "Feature", "properties": { "regiao": 2, "rodovia": "SP 055", "ra_geo": 4.0, "ra_hid": null, "ra": 4, "km": 56.09, "fonte": "tabela", "fonte_geo": "tabela", "fonte_hid": "figura" }, "geometry": { "type": "LineString", "coordinates": [ [ -45.074403942235072, -23.483066233348868 ], [ -45.074461438701071, -23.483238972819965 ], [ -45.07452012611607, -23.483411390170776 ], [ -45.074578813684276, -23.48358380749529 ], [ -45.074637501405675, -23.483756224793506 ], [ -45.074682096356874, -23.483932130401428 ], [ -45.074724880390875, -23.484108484266986 ], [ -45.07476766453933, -23.484284838116519 ], [ -45.074816078956403, -23.484459903432953 ], [ -45.074867635067719, -23.484634249751178 ], [ -45.074919191315232, -23.484808596048104 ], [ -45.074970747698941, -23.484982942323732 ], [ -45.075022304218855, -23.485157288578055 ], [ -45.075073860874966, -23.485331634811093 ], [ -45.075125417667287, -23.485505981022825 ], [ -45.075176974595813, -23.485680327213249 ], [ -45.075228531660549, -23.485854673382384 ], [ -45.075280088861497, -23.486029019530228 ], [ -45.075331646198656, -23.486203365656749 ], [ -45.075383203672033, -23.486377711761989 ], [ -45.07543476128162, -23.48655205784592 ], [ -45.075486319027426, -23.486726403908548 ], [ -45.075537876909458, -23.486900749949875 ], [ -45.075589434927714, -23.487075095969903 ], [ -45.075640993082189, -23.487249441968615 ] ] } },
{ "type": "Feature", "properties": { "regiao": 2, "rodovia": "SP 055", "ra_geo": 1.0, "ra_hid": null, "ra": 1, "km": 56.47, "fonte": "tabela", "fonte_geo": "tabela", "fonte_hid": "figura" }, "geometry": { "type": "LineString", "coordinates": [ [ -45.075692551372889, -23.487423787946039 ], [ -45.075744109799821, -23.487598133902154 ], [ -45.075795668362979, -23.487772479836963 ], [ -45.075847227062376, -23.48794682575047 ], [ -45.075898785897998, -23.488121171642671 ], [ -45.07595034486986, -23.488295517513567 ], [ -45.076001903977961, -23.488469863363147 ], [ -45.076053463222301, -23.488644209191435 ], [ -45.076105022602874, -23.488818554998414 ], [ -45.076156582119701, -23.488992900784069 ], [ -45.076208141772767, -23.489167246548437 ], [ -45.07625970156208, -23.489341592291485 ], [ -45.076311261487653, -23.489515938013223 ], [ -45.076362821549459, -23.48969028371366 ] ] } },
{ "type": "Feature", "properties": { "regiao": 2, "rodovia": "SP 055", "ra_geo": 1.0, "ra_hid": null, "ra": 1, "km": 56.65, "fonte": "tabela", "fonte_geo": "tabela", "fonte_hid": "figura" }, "geometry": { "type": "LineString", "coordinates": [ [ -45.076414381747533, -23.489864629392788 ], [ -45.076465942081853, -23.490038975050599 ], [ -45.076517502552434, -23.490213320687097 ], [ -45.076569063159276, -23.490387666302286 ], [ -45.076620623902372, -23.490562011896166 ] ] } },
{ "type": "Feature", "properties": { "regiao": 2, "rodovia": "SP 055", "ra_geo": 3.0, "ra_hid": null, "ra": 3, "km": 56.81, "fonte": "tabela", "fonte_geo": "tabela", "fonte_hid": "figura" }, "geometry": { "type": "LineString", "coordinates": [ [ -45.076672184781735, -23.49073635746873 ], [ -45.076723745797359, -23.490910703019992 ], [ -45.076775306949251, -23.491085048549937 ], [ -45.076826868237411, -23.491259394058559 ], [ -45.076878429661839, -23.491433739545872 ], [ -45.076929991222549, -23.491608085011876 ], [ -45.07698155291952, -23.491782430456556 ], [ -45.077033114752773, -23.491956775879931 ], [ -45.077084676722308, -23.492131121281993 ], [ -45.077142980346011, -23.492303644084199 ], [ -45.077201628119319, -23.492476073860225 ] ] } },
{ "type": "Feature", "properties": { "regiao": 2, "rodovia": "SP 055", "ra_geo": 3.0, "ra_hid": 4.0, "ra": 4, "km": 56.95, "fonte": "tabela", "fonte_geo": "tabela", "fonte_hid": "figura" }, "geometry": { "type": "LineString", "coordinates": [ [ -45.07726027604582, -23.492648503609963 ], [ -45.077318924125514, -23.492820933333423 ], [ -45.077410837793728, -23.492979702273981 ], [ -45.077514752882678, -23.493132301795249 ] ] } },
{ "type": "Feature", "properties": { "regiao": 2, "rodovia": "SP 055", "ra_geo": 1.0, "ra_hid": 4.0, "ra": 4, "km": 57.05, "fonte": "tabela", "fonte_geo": "tabela", "fonte_hid": "figura" }, "geometry": { "type": "LineString", "coordinates": [ [ -45.077651341281033, -23.493261869865659 ], [ -45.077787929946432, -23.493391437813493 ], [ -45.077932712805229, -23.493510135710139 ], [ -45.078111971521096, -23.493583098624644 ], [ -45.078291230433784, -23.49365606133173 ], [ -45.078474767978982, -23.493714026174636 ] ] } },
{ "type": "Feature", "properties": { "regiao": 2, "rodovia": "SP 055", "ra_geo": 1.0, "ra_hid": 3.0, "ra": 3, "km": 57.15, "fonte": "tabela", "fonte_geo": "tabela", "fonte_hid": "figura" }, "geometry": { "type": "LineString", "coordinates": [ [ -45.078669748530402, -23.493731878763686 ], [ -45.078864729133571, -23.493749731108601 ], [ -45.079058421663824, -23.493739924373919 ], [ -45.07925102436603, -23.493706717778849 ] ] } },
{ "type": "Feature", "properties": { "regiao": 2, "rodovia": "SP 055", "ra_geo": 1.0, "ra_hid": 1.0, "ra": 1, "km": 57.61, "fonte": "tabela", "fonte_geo": "tabela", "fonte_hid": "figura" }, "geometry": { "type": "LineString", "coordinates": [ [ -45.079443626971013, -23.493673510945843 ], [ -45.079634189269136, -23.493632099024026 ], [ -45.079823232989732, -23.493584580315819 ], [ -45.080012276574109, -23.493537061378351 ], [ -45.080201320022276, -23.493489542211641 ], [ -45.08039036333421, -23.493442022815675 ], [ -45.080579406509933, -23.493394503190483 ], [ -45.080770842815014, -23.493360303673001 ], [ -45.080966400487476, -23.493349042817936 ], [ -45.081161958125918, -23.493337781717546 ], [ -45.081354911319309, -23.493353606621525 ], [ -45.081545268349927, -23.49339643262174 ], [ -45.08173562550283, -23.49343925838885 ], [ -45.08192598277801, -23.493482083922856 ], [ -45.082116340175467, -23.493524909223751 ], [ -45.082306697695202, -23.493567734291531 ], [ -45.082497055337207, -23.493610559126214 ], [ -45.082687413101482, -23.493653383727782 ], [ -45.082877961564506, -23.493693668689179 ], [ -45.083072901260408, -23.493675441202239 ], [ -45.083267840901897, -23.49365721347155 ], [ -45.083429519687044, -23.493562958781439 ], [ -45.083583586517882, -23.493451305263449 ], [ -45.083681693993604, -23.493299990305253 ], [ -45.08375900980802, -23.49313393924054 ], [ -45.083785577872206, -23.492958579597595 ], [ -45.083771289547592, -23.492778345743137 ], [ -45.083757001262654, -23.492598111883087 ], [ -45.083742713017379, -23.492417878017452 ], [ -45.083728424811781, -23.492237644146233 ], [ -45.083714136645852, -23.492057410269414 ], [ -45.083704830034797, -23.491877226348407 ], [ -45.08372336415367, -23.491697321646154 ], [ -45.083763471333754, -23.491522785152835 ], [ -45.083845562379913, -23.491358695856274 ], [ -45.08395176531851, -23.491209281677534 ], [ -45.084083051064376, -23.491075133516585 ], [ -45.084233627584652, -23.490961249340735 ], [ -45.084413934930893, -23.490894280160742 ], [ -45.084600865427475, -23.49084032992965 ], [ -45.084792145564563, -23.49080117398762 ], [ -45.0849834255879, -23.490762017810965 ], [ -45.085174705497494, -23.490722861399664 ] ] } },
{ "type": "Feature", "properties": { "regiao": 2, "rodovia": "SP 055", "ra_geo": 1.0, "ra_hid": 2.0, "ra": 2, "km": 58.12, "fonte": "tabela", "fonte_geo": "tabela", "fonte_hid": "figura" }, "geometry": { "type": "LineString", "coordinates": [ [ -45.085365985293329, -23.490683704753732 ], [ -45.085557264975407, -23.490644547873174 ], [ -45.085748544543733, -23.490605390757977 ], [ -45.085939823998295, -23.490566233408146 ], [ -45.086132871970101, -23.490537528057391 ], [ -45.08632799153412, -23.490521065529279 ], [ -45.086523111048827, -23.490504602756978 ], [ -45.086718230514251, -23.490488139740506 ], [ -45.086913349930356, -23.490471676479842 ], [ -45.087108469297171, -23.490455212975014 ] ] } },
{ "type": "Feature", "properties": { "regiao": 2, "rodovia": "SP 055", "ra_geo": 1.0, "ra_hid": 1.0, "ra": 1, "km": 58.32, "fonte": "tabela", "fonte_geo": "tabela", "fonte_hid": "figura" }, "geometry": { "type": "LineString", "coordinates": [ [ -45.087303588614674, -23.490438749226019 ], [ -45.087498707882858, -23.490422285232835 ], [ -45.087693827101745, -23.490405820995488 ], [ -45.087888946271306, -23.490389356513958 ], [ -45.088084065391548, -23.490372891788258 ], [ -45.088279184462479, -23.49035642681838 ], [ -45.088474303484084, -23.490339961604342 ], [ -45.088669422456363, -23.490323496146132 ], [ -45.088864541379309, -23.490307030443741 ], [ -45.089059660252929, -23.49029056449719 ] ] } },
{ "type": "Feature", "properties": { "regiao": 2, "rodovia": "SP 055", "ra_geo": 1.0, "ra_hid": 2.0, "ra": 2, "km": 58.82, "fonte": "tabela", "fonte_geo": "tabela", "fonte_hid": "figura" }, "geometry": { "type": "LineString", "coordinates": [ [ -45.089254779077216, -23.490274098306461 ], [ -45.08944989785217, -23.490257631871572 ], [ -45.089645016577776, -23.490241165192501 ], [ -45.08984013525405, -23.490224698269277 ], [ -45.090035253880984, -23.490208231101885 ], [ -45.090230372458564, -23.490191763690316 ], [ -45.090425490986803, -23.490175296034586 ], [ -45.090620609465681, -23.490158828134689 ], [ -45.090815727895219, -23.490142359990632 ], [ -45.091010846275388, -23.4901258916024 ], [ -45.09120596460621, -23.490109422970015 ], [ -45.091401082887657, -23.490092954093456 ], [ -45.091596201119749, -23.49007648497275 ], [ -45.091791319302473, -23.490060015607881 ], [ -45.091985992201778, -23.490039888637739 ], [ -45.092180211816022, -23.490016038466099 ], [ -45.092374431359509, -23.489992188052586 ], [ -45.092568650832234, -23.489968337397176 ], [ -45.092762783922005, -23.489943903841112 ], [ -45.092956821779318, -23.489918827662969 ], [ -45.093150859562343, -23.48989375124339 ], [ -45.093344897271095, -23.489868674582379 ], [ -45.093538934905546, -23.489843597679947 ], [ -45.093732972465709, -23.489818520536087 ], [ -45.093927009951578, -23.489793443150802 ], [ -45.094121197274369, -23.489769379759313 ], [ -45.094315431899133, -23.489745636630754 ], [ -45.094509666453419, -23.489721893260267 ], [ -45.094703979629614, -23.489698719712539 ], [ -45.094898467965422, -23.489676815302158 ], [ -45.095092956236051, -23.489654910649222 ], [ -45.095285551284036, -23.489621762905962 ], [ -45.095478081211155, -23.489588228773638 ], [ -45.095670611040013, -23.489554694403669 ], [ -45.09586156336001, -23.48951430004287 ], [ -45.096052276336842, -23.489472865122533 ], [ -45.096242989193634, -23.489431429969006 ], [ -45.096433701930358, -23.489389994582286 ], [ -45.09662441454703, -23.489348558962369 ], [ -45.096815127043648, -23.489307123109253 ], [ -45.097005839420198, -23.489265687022939 ], [ -45.097196551676689, -23.489224250703451 ] ] } },
{ "type": "Feature", "properties": { "regiao": 2, "rodovia": "SP 055", "ra_geo": 2.0, "ra_hid": 2.0, "ra": 2, "km": 59.38, "fonte": "tabela", "fonte_geo": "tabela", "fonte_hid": "figura" }, "geometry": { "type": "LineString", "coordinates": [ [ -45.097387263813111, -23.489182814150766 ], [ -45.097577975829466, -23.489141377364895 ], [ -45.097768687725761, -23.489099940345842 ], [ -45.097959399501974, -23.489058503093585 ], [ -45.098150111158112, -23.489017065608159 ], [ -45.09834082269419, -23.488975627889552 ], [ -45.09853153411018, -23.488934189937765 ], [ -45.098722245406094, -23.488892751752793 ], [ -45.098912956581927, -23.488851313334635 ], [ -45.099103667637671, -23.488809874683312 ], [ -45.099294378573333, -23.488768435798814 ], [ -45.099485089388907, -23.488726996681141 ], [ -45.099675800084391, -23.488685557330296 ], [ -45.099866510659787, -23.488644117746276 ], [ -45.100057221115087, -23.48860267792908 ] ] } },
{ "type": "Feature", "properties": { "regiao": 2, "rodovia": "SP 055", "ra_geo": 1.0, "ra_hid": 1.0, "ra": 1, "km": 59.93, "fonte": "tabela", "fonte_geo": "tabela", "fonte_hid": "figura" }, "geometry": { "type": "LineString", "coordinates": [ [ -45.100247931450298, -23.488561237878724 ], [ -45.100438641665399, -23.488519797595202 ], [ -45.100629351760411, -23.488478357078517 ], [ -45.100820061735313, -23.488436916328659 ], [ -45.101010771590119, -23.488395475345641 ], [ -45.101201481324814, -23.488354034129451 ], [ -45.101392190939407, -23.488312592680121 ], [ -45.101582900433883, -23.488271150997623 ], [ -45.101773609808248, -23.488229709081974 ], [ -45.101964319062503, -23.488188266933157 ], [ -45.102155028196634, -23.48814682455119 ], [ -45.102345737210655, -23.488105381936077 ], [ -45.102536446104551, -23.488063939087805 ], [ -45.102726990244278, -23.488021858083865 ], [ -45.102917490229594, -23.487979606231157 ], [ -45.103106389343615, -23.48793201013126 ], [ -45.103292016894265, -23.487874252796754 ], [ -45.103483003879013, -23.48783527633984 ], [ -45.103675408513496, -23.487801148570757 ], [ -45.103867018943376, -23.487763470775448 ], [ -45.104058355511874, -23.487724569034494 ], [ -45.104249691967169, -23.487685667058873 ], [ -45.10444102830926, -23.487646764848556 ], [ -45.104632364538141, -23.487607862403575 ], [ -45.104823700653803, -23.487568959723912 ], [ -45.105015036656255, -23.487530056809582 ], [ -45.105206372545496, -23.487491153660574 ], [ -45.105398500813038, -23.487457092971614 ], [ -45.105593761705045, -23.487442175077923 ], [ -45.105789022552095, -23.487427256939739 ], [ -45.10598358124583, -23.487423855089354 ], [ -45.106175797891979, -23.487458869833286 ], [ -45.106368014638669, -23.487493884339639 ], [ -45.106560231485908, -23.487528898608414 ], [ -45.106723700285777, -23.487623787464447 ], [ -45.106880994807149, -23.487731536052735 ], [ -45.107019102370259, -23.487851580933139 ], [ -45.1070737181021, -23.48802513302029 ], [ -45.107128333977819, -23.488198685083919 ], [ -45.107182949997402, -23.488372237124036 ], [ -45.107204491799052, -23.488551326679552 ], [ -45.10721949399165, -23.488731511142944 ] ] } },
{ "type": "Feature", "properties": { "regiao": 2, "rodovia": "SP 055", "ra_geo": 1.0, "ra_hid": 1.0, "ra": 1, "km": 60.4, "fonte": "tabela", "fonte_geo": "tabela", "fonte_hid": "figura" }, "geometry": { "type": "LineString", "coordinates": [ [ -45.10723449622607, -23.488911695600592 ], [ -45.107193590868235, -23.48908810028172 ], [ -45.107146257963358, -23.489263391825176 ], [ -45.107094348404814, -23.48943751495138 ], [ -45.10707763120697, -23.489614991519929 ], [ -45.107149548879569, -23.489783092616484 ] ] } },
{ "type": "Feature", "properties": { "regiao": 2, "rodovia": "SP 055", "ra_geo": 3.0, "ra_hid": 3.0, "ra": 3, "km": 60.5, "fonte": "tabela", "fonte_geo": "tabela", "fonte_hid": "figura" }, "geometry": { "type": "LineString", "coordinates": [ [ -45.107221466735304, -23.489951193675562 ], [ -45.107293384774181, -23.490119294697166 ], [ -45.107365302996207, -23.490287395681293 ], [ -45.107437221401391, -23.490455496627931 ], [ -45.107509139989723, -23.490623597537095 ] ] } },
{ "type": "Feature", "properties": { "regiao": 2, "rodovia": "SP 055", "ra_geo": 4.0, "ra_hid": 4.0, "ra": 4, "km": 60.62, "fonte": "tabela", "fonte_geo": "tabela", "fonte_hid": "figura" }, "geometry": { "type": "LineString", "coordinates": [ [ -45.107569945069663, -23.490795060753747 ], [ -45.107619952638657, -23.49096979067712 ], [ -45.107638291643994, -23.491147795728171 ], [ -45.107576524831821, -23.491315394840491 ], [ -45.107488207786616, -23.491476710450641 ], [ -45.107459220186264, -23.491652185224233 ], [ -45.107451619804976, -23.491832764127182 ] ] } },
{ "type": "Feature", "properties": { "regiao": 2, "rodovia": "SP 055", "ra_geo": 4.0, "ra_hid": null, "ra": 4, "km": 60.82, "fonte": "tabela", "fonte_geo": "tabela", "fonte_hid": "figura" }, "geometry": { "type": "LineString", "coordinates": [ [ -45.107462194982233, -23.492009267536492 ], [ -45.107558833070875, -23.492166473146423 ], [ -45.107658505426265, -23.4923208323351 ], [ -45.107830572415452, -23.492407275164908 ], [ -45.1079701275156, -23.49252706287443 ], [ -45.108081525844632, -23.492675728871873 ], [ -45.108192924423896, -23.492824394785938 ], [ -45.1083043232534, -23.492973060616599 ], [ -45.108432652652276, -23.493109209052751 ], [ -45.108579961912191, -23.493224828430286 ], [ -45.108752882771547, -23.493309811506762 ], [ -45.10892580385201, -23.493394794389619 ], [ -45.109098725153594, -23.493479777078843 ], [ -45.109271646676291, -23.493564759574429 ] ] } },
{ "type": "Feature", "properties": { "regiao": 2, "rodovia": "SP 055", "ra_geo": 3.0, "ra_hid": 0.0, "ra": 3, "km": 61.04, "fonte": "tabela", "fonte_geo": "tabela", "fonte_hid": "figura" }, "geometry": { "type": "LineString", "coordinates": [ [ -45.109429989805534, -23.493666634025896 ], [ -45.109558569280324, -23.493802995589633 ], [ -45.109687149019813, -23.493939357043892 ], [ -45.109812964137518, -23.494077721234571 ], [ -45.109926135101546, -23.494225244767826 ], [ -45.110039306317844, -23.494372768215147 ], [ -45.1101524777864, -23.494520291576542 ], [ -45.110265649507227, -23.494667814852004 ] ] } },
{ "type": "Feature", "properties": { "regiao": 2, "rodovia": "SP 055", "ra_geo": 3.0, "ra_hid": 0.0, "ra": 3, "km": 61.27, "fonte": "tabela", "fonte_geo": "tabela", "fonte_hid": "figura" }, "geometry": { "type": "LineString", "coordinates": [ [ -45.110378821480332, -23.494815338041537 ], [ -45.110491993705708, -23.494962861145122 ], [ -45.110623821739956, -23.49509207900342 ], [ -45.110790468082243, -23.49518713261601 ], [ -45.110957114663044, -23.495282186048325 ], [ -45.111132297776052, -23.495362272367263 ], [ -45.111318846522749, -23.49541755259294 ], [ -45.111505395424167, -23.495472832594306 ], [ -45.111691944480292, -23.49552811237136 ], [ -45.111842788720679, -23.495641053254143 ], [ -45.11198920159773, -23.495761150789392 ], [ -45.112135614739977, -23.495881248184205 ], [ -45.112282028147412, -23.496001345438579 ], [ -45.112428441820065, -23.496121442552507 ], [ -45.112574855757913, -23.496241539525997 ], [ -45.112721269960957, -23.496361636359037 ] ] } },
{ "type": "Feature", "properties": { "regiao": 2, "rodovia": "SP 055", "ra_geo": 4.0, "ra_hid": 0.0, "ra": 4, "km": 61.62, "fonte": "tabela", "fonte_geo": "tabela", "fonte_hid": "figura" }, "geometry": { "type": "LineString", "coordinates": [ [ -45.1128765666029, -23.496464119624399 ], [ -45.113070488326471, -23.496490009119942 ], [ -45.113264410124728, -23.496515898373769 ], [ -45.113458472093306, -23.496540864486946 ], [ -45.113650719885236, -23.496574478694022 ], [ -45.113841064406721, -23.496617368791956 ], [ -45.114031409050391, -23.496660258656654 ], [ -45.114221753816253, -23.496703148288105 ], [ -45.114407911388703, -23.496758393419185 ], [ -45.114590858698044, -23.496823111512182 ], [ -45.114773806185198, -23.496887829389138 ], [ -45.114956753850173, -23.49695254705005 ], [ -45.115139701692975, -23.497017264494929 ], [ -45.115322649713598, -23.497081981723763 ], [ -45.11548864089616, -23.497174123519322 ], [ -45.11564219322608, -23.497286383043789 ], [ -45.115780451760934, -23.497413955785273 ], [ -45.115905982304128, -23.497552109222447 ], [ -45.116017208338363, -23.497700887452854 ], [ -45.116164294176833, -23.497818030900302 ] ] } },
{ "type": "Feature", "properties": { "regiao": 2, "rodovia": "SP 055", "ra_geo": 3.0, "ra_hid": 0.0, "ra": 3, "km": 61.95, "fonte": "tabela", "fonte_geo": "tabela", "fonte_hid": "figura" }, "geometry": { "type": "LineString", "coordinates": [ [ -45.11633304322762, -23.497908752004935 ], [ -45.116509258982596, -23.497985733419529 ], [ -45.116703124922772, -23.498011989718524 ], [ -45.116896990938642, -23.498038245775916 ], [ -45.117083483437668, -23.49808730928136 ], [ -45.11726128426659, -23.498163257806024 ], [ -45.117439085298557, -23.498239206126243 ], [ -45.117616886533547, -23.498315154242011 ], [ -45.117794687971575, -23.498391102153317 ], [ -45.117972489612633, -23.498467049860167 ], [ -45.118150291456729, -23.498542997362552 ], [ -45.118328093503848, -23.498618944660471 ], [ -45.118505895753998, -23.498694891753935 ], [ -45.118663913480262, -23.498794975351586 ] ] } },
{ "type": "Feature", "properties": { "regiao": 2, "rodovia": "SP 055", "ra_geo": 1.0, "ra_hid": 0.0, "ra": 1, "km": 62.15, "fonte": "tabela", "fonte_geo": "tabela", "fonte_hid": "figura" }, "geometry": { "type": "LineString", "coordinates": [ [ -45.118791622475655, -23.498932034755157 ], [ -45.118919331735377, -23.499069094050565 ], [ -45.119047041259442, -23.499206153237822 ], [ -45.119174751047844, -23.499343212316898 ], [ -45.119302461100588, -23.499480271287815 ], [ -45.119430171417676, -23.499617330150578 ] ] } },
{ "type": "Feature", "properties": { "regiao": 2, "rodovia": "SP 055", "ra_geo": 0.0, "ra_hid": 0.0, "ra": 0, "km": 62.32, "fonte": "tabela", "fonte_geo": "tabela", "fonte_hid": "figura" }, "geometry": { "type": "LineString", "coordinates": [ [ -45.119557881999114, -23.49975438890516 ], [ -45.119678807873704, -23.499896454434047 ], [ -45.119815549954296, -23.500021065591341 ], [ -45.119988628882126, -23.500101188056217 ], [ -45.120183585933681, -23.500119341732265 ], [ -45.120379131153356, -23.50011328754205 ], [ -45.12057477419787, -23.500103205477242 ], [ -45.120770417211432, -23.50009312316687 ], [ -45.120966060194036, -23.500083040610932 ], [ -45.121154262491601, -23.500129040176638 ], [ -45.121341497736793, -23.500182329518655 ], [ -45.121528733131576, -23.500235618634658 ] ] } },
{ "type": "Feature", "properties": { "regiao": 2, "rodovia": "SP 055", "ra_geo": 2.0, "ra_hid": 0.0, "ra": 2, "km": 62.6, "fonte": "tabela", "fonte_geo": "tabela", "fonte_hid": "figura" }, "geometry": { "type": "LineString", "coordinates": [ [ -45.121715968675957, -23.500288907524659 ], [ -45.121903204369929, -23.500342196188669 ], [ -45.122090440213491, -23.500395484626662 ], [ -45.122283594413922, -23.500413244086715 ], [ -45.122479540074089, -23.500414245496334 ], [ -45.122673446584194, -23.500431086576555 ], [ -45.122858793786413, -23.500487627923832 ], [ -45.123034532271575, -23.500565520025209 ], [ -45.123181614813063, -23.500684699122143 ], [ -45.123324757303237, -23.500808109819534 ], [ -45.123467900059943, -23.500931520382341 ], [ -45.123620634140622, -23.501042115292275 ], [ -45.123802358666715, -23.501103393946387 ], [ -45.123997045770544, -23.501123875668974 ], [ -45.124190965535455, -23.501101146271999 ], [ -45.124386163639585, -23.501090817339133 ], [ -45.124581618166424, -23.501103656162432 ] ] } },
{ "type": "Feature", "properties": { "regiao": 2, "rodovia": "SP 055", "ra_geo": 4.0, "ra_hid": 0.0, "ra": 4, "km": 62.96, "fonte": "tabela", "fonte_geo": "tabela", "fonte_hid": "figura" }, "geometry": { "type": "LineString", "coordinates": [ [ -45.124776529462622, -23.501119036620853 ], [ -45.124962647096389, -23.501175561776257 ], [ -45.125148764887946, -23.501232086708225 ], [ -45.125330340367043, -23.501298737351298 ], [ -45.12550535889109, -23.501380004790448 ], [ -45.125680377629074, -23.501461272031211 ], [ -45.125855396580995, -23.501542539073593 ], [ -45.126030415746847, -23.501623805917589 ], [ -45.126206628695279, -23.50170175340379 ], [ -45.126399619590295, -23.501733043790143 ], [ -45.126592610575273, -23.501764333936908 ], [ -45.126785601650219, -23.501795623844078 ], [ -45.126979447125336, -23.501821863484736 ], [ -45.127173601370501, -23.501846278102768 ], [ -45.127366929822642, -23.50187534253984 ], [ -45.127559384291196, -23.501909328251966 ], [ -45.1277518388573, -23.501943313725761 ], [ -45.1279460786876, -23.501966238309727 ], [ -45.128140922749417, -23.501985419288655 ], [ -45.128335766866392, -23.502004600023607 ] ] } },
{ "type": "Feature", "properties": { "regiao": 2, "rodovia": "SP 055", "ra_geo": 1.0, "ra_hid": 0.0, "ra": 1, "km": 63.27, "fonte": "tabela", "fonte_geo": "tabela", "fonte_hid": "figura" }, "geometry": { "type": "LineString", "coordinates": [ [ -45.128530611038542, -23.50202378051457 ], [ -45.128720564924279, -23.501995997428196 ], [ -45.128907889959706, -23.501942969624356 ], [ -45.129089311063879, -23.501880651692439 ], [ -45.129231013298195, -23.50175583423708 ], [ -45.12937271526549, -23.501631016652006 ], [ -45.129497269282581, -23.501492489149825 ], [ -45.129611141438083, -23.501345421476085 ], [ -45.129725013341229, -23.501198353717449 ], [ -45.12983888499204, -23.501051285873949 ], [ -45.129952756390495, -23.500904217945546 ], [ -45.130066627536614, -23.500757149932273 ] ] } },
{ "type": "Feature", "properties": { "regiao": 2, "rodovia": "SP 055", "ra_geo": 1.0, "ra_hid": 1.0, "ra": 1, "km": 63.96, "fonte": "tabela", "fonte_geo": "tabela", "fonte_hid": "figura" }, "geometry": { "type": "LineString", "coordinates": [ [ -45.130180498430391, -23.500610081834104 ], [ -45.130294369071827, -23.500463013651068 ], [ -45.130401812020047, -23.500312041159329 ], [ -45.13050335083188, -23.500157482388577 ], [ -45.130625751211731, -23.500016658222517 ], [ -45.130751263915698, -23.499877883172012 ], [ -45.130892319413597, -23.499753344561494 ], [ -45.131041926062956, -23.49963663841655 ], [ -45.131191532448597, -23.499519932127395 ], [ -45.131341138570519, -23.499403225694007 ], [ -45.13149074442871, -23.499286519116403 ], [ -45.131643155292871, -23.499173340315782 ], [ -45.131808813216246, -23.499076821235661 ], [ -45.131978652075205, -23.498987020000264 ], [ -45.132152570613805, -23.498903773877906 ], [ -45.132326488933145, -23.498820527561506 ], [ -45.132509585524787, -23.498756167624329 ], [ -45.13269273632563, -23.498691935034277 ], [ -45.132875994779496, -23.498627964124445 ], [ -45.133059253055464, -23.49856399299934 ], [ -45.133242511153526, -23.49850002165898 ], [ -45.133424194635552, -23.49843233824177 ], [ -45.133605874142766, -23.498364645681811 ], [ -45.133787553463435, -23.49829695291027 ], [ -45.133969232597558, -23.49822925992714 ], [ -45.134151135881275, -23.498162083171795 ], [ -45.134325094135441, -23.49807974856304 ], [ -45.134495286224784, -23.497990192578158 ], [ -45.134665478083441, -23.497900636407405 ], [ -45.134835669711407, -23.497811080050777 ], [ -45.135005861108688, -23.497721523508282 ], [ -45.13517605227527, -23.49763196677992 ], [ -45.135346243211174, -23.497542409865694 ], [ -45.135516433916393, -23.497452852765615 ], [ -45.135686624390914, -23.497363295479673 ], [ -45.135856814634749, -23.497273738007873 ], [ -45.1360270046479, -23.497184180350214 ], [ -45.136197194430359, -23.497094622506708 ], [ -45.136367383982126, -23.497005064477349 ], [ -45.136537573303215, -23.496915506262141 ], [ -45.136712676913518, -23.496836223869163 ], [ -45.1368991407601, -23.496780695317778 ], [ -45.137085604449325, -23.496725166543595 ], [ -45.137272067981215, -23.496669637546614 ], [ -45.137461748493685, -23.496626321221957 ], [ -45.137655051616917, -23.496596757215212 ], [ -45.137848354652618, -23.496567192968957 ], [ -45.138041657600787, -23.496537628483189 ], [ -45.138234960461432, -23.496508063757908 ], [ -45.138428297695157, -23.496478691109782 ], [ -45.138621636103785, -23.49644932526434 ], [ -45.138814974425436, -23.496419959179299 ], [ -45.139001940858932, -23.496367036725001 ], [ -45.139187579631752, -23.496309206352795 ], [ -45.13937344606704, -23.496252005389881 ], [ -45.139560082055731, -23.496197319893266 ], [ -45.139752106812679, -23.4961613640831 ], [ -45.139944131464169, -23.496125408036647 ], [ -45.1401361560102, -23.496089451753868 ] ] } },
{ "type": "Feature", "properties": { "regiao": 2, "rodovia": "SP 055", "ra_geo": 2.0, "ra_hid": 1.0, "ra": 2, "km": 64.7, "fonte": "tabela", "fonte_geo": "tabela", "fonte_hid": "figura" }, "geometry": { "type": "LineString", "coordinates": [ [ -45.140329187431746, -23.496060135538812 ], [ -45.140524539638186, -23.496046123388876 ], [ -45.140695888831416, -23.495961348026356 ], [ -45.140853093191168, -23.495853478909019 ], [ -45.140949540314587, -23.495696735328078 ], [ -45.141048022616985, -23.495540517118599 ], [ -45.141126468871789, -23.495376038998256 ], [ -45.141187594355856, -23.495204342805106 ], [ -45.141287659454079, -23.495049795946496 ], [ -45.141394011549778, -23.494898017961098 ], [ -45.141512322175899, -23.494755687799625 ], [ -45.141658604691038, -23.494635456611402 ], [ -45.141831945575959, -23.49455175764604 ], [ -45.142012729678264, -23.494488305136645 ], [ -45.142207154049778, -23.494465873150865 ], [ -45.142399853046626, -23.494479860143684 ], [ -45.142591415164439, -23.494517846638455 ] ] } },
{ "type": "Feature", "properties": { "regiao": 2, "rodovia": "SP 055", "ra_geo": 2.0, "ra_hid": 0.0, "ra": 2, "km": 65.05, "fonte": "tabela", "fonte_geo": "tabela", "fonte_hid": "figura" }, "geometry": { "type": "LineString", "coordinates": [ [ -45.142782977390752, -23.494555832897003 ], [ -45.142970838569127, -23.494606338790142 ], [ -45.143159160236983, -23.494653123130743 ], [ -45.143349878124589, -23.49464391180442 ], [ -45.143530492522878, -23.494573977990264 ], [ -45.143708557381025, -23.494498567480438 ], [ -45.143877818574261, -23.494411864488761 ], [ -45.144011933993497, -23.494280116874172 ], [ -45.144145698525946, -23.494148066091395 ], [ -45.144285651795926, -23.494026547857292 ], [ -45.144478635368451, -23.493995278561975 ], [ -45.14467211191527, -23.493967013437629 ], [ -45.144866484328993, -23.493944207333147 ], [ -45.145050346118794, -23.493887600482957 ], [ -45.145228278890123, -23.493811927091198 ], [ -45.145397809262221, -23.493721436845377 ], [ -45.145568815757876, -23.493634912525764 ], [ -45.145760976687612, -23.49360018552774 ], [ -45.145956906029951, -23.493598444548809 ] ] } },
{ "type": "Feature", "properties": { "regiao": 2, "rodovia": "SP 055", "ra_geo": 4.0, "ra_hid": 0.0, "ra": 4, "km": 65.62, "fonte": "tabela", "fonte_geo": "tabela", "fonte_hid": "figura" }, "geometry": { "type": "LineString", "coordinates": [ [ -45.146152799062598, -23.493597731477575 ], [ -45.146348190441735, -23.493611226169065 ], [ -45.146542917430416, -23.493612679536042 ], [ -45.146735813867231, -23.493580959393537 ], [ -45.146928165987347, -23.493547177484775 ], [ -45.147115282086304, -23.493493561668316 ], [ -45.147302398032693, -23.493439945627554 ], [ -45.147489513826521, -23.493386329362522 ], [ -45.147678040933556, -23.49333759065582 ], [ -45.14786923988644, -23.493298085597882 ], [ -45.148048145339224, -23.493234760185857 ], [ -45.148201952406637, -23.49312280343862 ], [ -45.148351057224076, -23.493006005040058 ], [ -45.148488581129278, -23.492877282259958 ], [ -45.148629095577668, -23.49275190271932 ], [ -45.148782218139225, -23.492641266968299 ], [ -45.148911289448996, -23.492505302439895 ], [ -45.14905072536672, -23.492380995844059 ], [ -45.149220569245287, -23.492290891160682 ], [ -45.149390412892217, -23.492200786292326 ], [ -45.149560256307531, -23.492110681239019 ], [ -45.149741507795312, -23.492044040176584 ], [ -45.14991406196134, -23.491959090978135 ], [ -45.150099881654597, -23.491901774216082 ], [ -45.150285701185993, -23.491844457232851 ], [ -45.150472166457568, -23.491789010951113 ], [ -45.150659707412586, -23.491736680718486 ], [ -45.150847248218298, -23.491684350260584 ], [ -45.151034788874718, -23.491632019577409 ], [ -45.151222329381831, -23.49157968866896 ], [ -45.151409869739638, -23.49152735753524 ], [ -45.151603347756804, -23.491508538693427 ], [ -45.151799193803221, -23.491503084781584 ], [ -45.15199503983203, -23.491497630623705 ], [ -45.152190519745446, -23.491497720020448 ], [ -45.15238393843007, -23.491526475342116 ], [ -45.15257651446268, -23.491559795550142 ], [ -45.152769090590688, -23.491593115519553 ], [ -45.152963193592626, -23.491616111005538 ] ] } },
{ "type": "Feature", "properties": { "regiao": 2, "rodovia": "SP 055", "ra_geo": 4.0, "ra_hid": 0.0, "ra": 4, "km": 66.09, "fonte": "tabela", "fonte_geo": "tabela", "fonte_hid": "figura" }, "geometry": { "type": "LineString", "coordinates": [ [ -45.153158223768955, -23.491622963906604 ], [ -45.15335201888351, -23.491597647348613 ], [ -45.153539343193479, -23.491544805765745 ], [ -45.153725033887305, -23.49148713613161 ], [ -45.153910724418374, -23.491429466276642 ], [ -45.154093490736663, -23.491365080338927 ], [ -45.154270853332221, -23.491288283542382 ], [ -45.154448215721324, -23.491211486544326 ], [ -45.154632682217077, -23.491154746336427 ], [ -45.154824994067845, -23.491120155376858 ] ] } },
{ "type": "Feature", "properties": { "regiao": 2, "rodovia": "SP 055", "ra_geo": 4.0, "ra_hid": 0.0, "ra": 4, "km": 66.39, "fonte": "tabela", "fonte_geo": "tabela", "fonte_hid": "figura" }, "geometry": { "type": "LineString", "coordinates": [ [ -45.15501502987803, -23.491146594186343 ], [ -45.155204310324969, -23.491193290822981 ], [ -45.15539359090392, -23.491239987228738 ], [ -45.155578979277223, -23.491297296553569 ], [ -45.155760127585587, -23.491366167422626 ], [ -45.155941276081052, -23.491435038079501 ], [ -45.156122424763652, -23.491503908524212 ], [ -45.156303573633359, -23.491572778756733 ], [ -45.15648472269018, -23.49164164877709 ], [ -45.156665871934123, -23.491710518585261 ], [ -45.156847021365174, -23.491779388181257 ], [ -45.157028170983345, -23.491848257565067 ], [ -45.157209320788624, -23.491917126736681 ], [ -45.15739047078101, -23.491985995696115 ], [ -45.15757162096051, -23.492054864443357 ], [ -45.157752771327118, -23.492123732978406 ], [ -45.157933921880826, -23.492192601301269 ], [ -45.158115967228817, -23.492259023914798 ], [ -45.158305326390924, -23.492305453698723 ], [ -45.158492826133845, -23.492357674989389 ], [ -45.158679063385932, -23.492413828668049 ] ] } },
{ "type": "Feature", "properties": { "regiao": 2, "rodovia": "SP 055", "ra_geo": 4.0, "ra_hid": 0.0, "ra": 4, "km": 66.86, "fonte": "tabela", "fonte_geo": "tabela", "fonte_hid": "figura" }, "geometry": { "type": "LineString", "coordinates": [ [ -45.158870632131517, -23.492450133372408 ], [ -45.159063753490301, -23.492480657761035 ], [ -45.159257197245921, -23.492508214865254 ], [ -45.159453045846583, -23.492513634164119 ], [ -45.159648894461697, -23.49251905321676 ], [ -45.159844743091234, -23.492524472023188 ], [ -45.160039733742245, -23.492538704890475 ], [ -45.160234762750349, -23.492546963219439 ], [ -45.160430644878126, -23.492542695823019 ], [ -45.160626176676111, -23.492531215672248 ], [ -45.160821687887079, -23.492519312159992 ], [ -45.161017199061355, -23.49250740840262 ], [ -45.161201594916243, -23.492451050325144 ], [ -45.16138301267415, -23.492382782223693 ], [ -45.161564430244063, -23.492314513911481 ], [ -45.161727482600526, -23.492217592118195 ], [ -45.161880133147598, -23.492104299157575 ], [ -45.162033015746538, -23.491991272073626 ], [ -45.162189812156072, -23.491883413377781 ], [ -45.162357496277785, -23.491789932080081 ], [ -45.162524905078691, -23.491696042143563 ], [ -45.162690107423835, -23.491598892438219 ], [ -45.162878048245361, -23.49154779827132 ], [ -45.163065988920664, -23.491496703878248 ], [ -45.163253929449745, -23.491445609258989 ], [ -45.163443252633272, -23.491399298676743 ], [ -45.163633829880986, -23.491357327161811 ] ] } },
{ "type": "Feature", "properties": { "regiao": 2, "rodovia": "SP 055", "ra_geo": 3.0, "ra_hid": 0.0, "ra": 3, "km": 67.2, "fonte": "tabela", "fonte_geo": "tabela", "fonte_hid": "figura" }, "geometry": { "type": "LineString", "coordinates": [ [ -45.163824407006587, -23.491315355414276 ], [ -45.164014984010066, -23.491273383434152 ], [ -45.164205560891432, -23.49123141122141 ], [ -45.164396137650662, -23.491189438776068 ], [ -45.164586714287779, -23.491147466098141 ], [ -45.164777290802768, -23.491105493187618 ], [ -45.164967867195635, -23.491063520044491 ], [ -45.165158443466368, -23.491021546668772 ] ] } },
{ "type": "Feature", "properties": { "regiao": 2, "rodovia": "SP 055", "ra_geo": 2.0, "ra_hid": 1.0, "ra": 2, "km": 67.43, "fonte": "tabela", "fonte_geo": "tabela", "fonte_hid": "figura" }, "geometry": { "type": "LineString", "coordinates": [ [ -45.165349860964902, -23.490983207927851 ], [ -45.16554240667233, -23.490949743584817 ], [ -45.165734836017613, -23.490915715236749 ], [ -45.165927363270136, -23.490882210119963 ], [ -45.166120952740869, -23.490854336087367 ], [ -45.166315054145386, -23.490829706072752 ], [ -45.166508955855406, -23.490803988673015 ], [ -45.166701443379637, -23.490770242101934 ], [ -45.166893930804342, -23.490736495293525 ], [ -45.167086518484325, -23.490703401298113 ], [ -45.167281592088614, -23.490686484486108 ], [ -45.167475987029945, -23.490664404791623 ], [ -45.167670078335767, -23.490640942590311 ], [ -45.167865964313656, -23.490636946525239 ], [ -45.168061850278079, -23.490632950214017 ] ] } },
{ "type": "Feature", "properties": { "regiao": 2, "rodovia": "SP 055", "ra_geo": 3.0, "ra_hid": 2.0, "ra": 3, "km": 67.82, "fonte": "tabela", "fonte_geo": "tabela", "fonte_hid": "figura" }, "geometry": { "type": "LineString", "coordinates": [ [ -45.168257361087655, -23.490628691009196 ], [ -45.16845316283117, -23.490635294296307 ], [ -45.168648363965481, -23.490650908694757 ], [ -45.168843588979598, -23.490666260204797 ], [ -45.169038888300719, -23.490680793146137 ], [ -45.16923417349377, -23.490695486918938 ], [ -45.169427534428493, -23.490724089183409 ], [ -45.169620562475806, -23.490755097817164 ], [ -45.169813327289226, -23.490787268414113 ], [ -45.170003665323854, -23.490830150097988 ], [ -45.170194003480127, -23.490873031548443 ], [ -45.170383816265478, -23.490917506780431 ], [ -45.170567819195554, -23.490979605695301 ], [ -45.17075158055102, -23.491042305901221 ], [ -45.170935011816042, -23.491105827649463 ], [ -45.171117357237463, -23.491171952852341 ], [ -45.171299651837558, -23.491238200115273 ], [ -45.171477390006828, -23.491313405014637 ], [ -45.171649150101736, -23.491400362439872 ], [ -45.171820910421069, -23.491487319673521 ], [ -45.171992670964805, -23.491574276715571 ], [ -45.172164431732959, -23.49166123356602 ], [ -45.172336192725531, -23.491748190224879 ], [ -45.172507697621391, -23.491835575430798 ], [ -45.172679095673544, -23.491923139536173 ], [ -45.172850493951216, -23.49201070345071 ] ] } },
{ "type": "Feature", "properties": { "regiao": 2, "rodovia": "SP 055", "ra_geo": 1.0, "ra_hid": 3.0, "ra": 3, "km": 68.12, "fonte": "tabela", "fonte_geo": "tabela", "fonte_hid": "figura" }, "geometry": { "type": "LineString", "coordinates": [ [ -45.173021892454408, -23.492098267174431 ], [ -45.173193291183118, -23.492185830707314 ], [ -45.17336469013734, -23.492273394049366 ], [ -45.173536089317082, -23.492360957200574 ] ] } },
{ "type": "Feature", "properties": { "regiao": 2, "rodovia": "SP 055", "ra_geo": 4.0, "ra_hid": 3.0, "ra": 4, "km": 68.4, "fonte": "tabela", "fonte_geo": "tabela", "fonte_hid": "figura" }, "geometry": { "type": "LineString", "coordinates": [ [ -45.173707488722343, -23.492448520160952 ], [ -45.173879004435996, -23.492535889053013 ], [ -45.174050646948409, -23.492623046354819 ], [ -45.174222289685602, -23.492710203465261 ], [ -45.174393932647583, -23.492797360384337 ], [ -45.174564868013086, -23.492885691354182 ], [ -45.174735723118111, -23.492974155659216 ], [ -45.174906578450262, -23.49306261977457 ], [ -45.175077434009566, -23.493151083700241 ], [ -45.175248289796002, -23.493239547436215 ], [ -45.175419145809578, -23.493328010982495 ], [ -45.175583330179762, -23.493426332301063 ], [ -45.175744541848736, -23.493529046097965 ], [ -45.175905753766919, -23.493631759725226 ], [ -45.176066965934325, -23.493734473182855 ], [ -45.176228178350947, -23.493837186470852 ], [ -45.176374043478738, -23.49395149188225 ], [ -45.176451446987627, -23.494117507750946 ], [ -45.176525675796341, -23.494284171476753 ], [ -45.17653143492889, -23.494464807793975 ], [ -45.176537194078882, -23.494645444106698 ], [ -45.176562711093972, -23.494824421441233 ], [ -45.176592414678545, -23.495003047245838 ], [ -45.176658808968327, -23.495167460446464 ], [ -45.176776306523031, -23.495312078138813 ] ] } },
{ "type": "Feature", "properties": { "regiao": 2, "rodovia": "SP 055", "ra_geo": 3.0, "ra_hid": null, "ra": 3, "km": 68.75, "fonte": "tabela", "fonte_geo": "tabela", "fonte_hid": "figura" }, "geometry": { "type": "LineString", "coordinates": [ [ -45.176893804334618, -23.495456695738337 ], [ -45.177042101908789, -23.495572382928714 ], [ -45.177200959203986, -23.495678173675795 ], [ -45.177358975035496, -23.495785031815807 ], [ -45.177472424225485, -23.495932133766537 ], [ -45.177584409641057, -23.496080424715192 ], [ -45.1777021343756, -23.49622339744236 ], [ -45.177862081648854, -23.496327783512633 ], [ -45.178022029173469, -23.496432169415804 ], [ -45.178192117147596, -23.496514128752722 ], [ -45.178385088931037, -23.496545477604304 ] ] } },
{ "type": "Feature", "properties": { "regiao": 2, "rodovia": "SP 055", "ra_geo": 3.0, "ra_hid": 3.0, "ra": 3, "km": 68.98, "fonte": "tabela", "fonte_geo": "tabela", "fonte_hid": "figura" }, "geometry": { "type": "LineString", "coordinates": [ [ -45.178578090344189, -23.496576666485815 ], [ -45.178760479686993, -23.496632304459506 ], [ -45.178925320637838, -23.496730001054548 ], [ -45.179089489337372, -23.496828652594687 ], [ -45.179253313212719, -23.496927794049355 ], [ -45.179417137332443, -23.497026935329043 ], [ -45.179580961696551, -23.497126076433702 ], [ -45.179758007945537, -23.497192055751892 ], [ -45.179952445944771, -23.497214414340476 ], [ -45.18014688400789, -23.497236772685969 ], [ -45.180342423949419, -23.497247497784628 ], [ -45.180538120410269, -23.49725657038973 ], [ -45.180733816896129, -23.497265642748872 ] ] } },
{ "type": "Feature", "properties": { "regiao": 2, "rodovia": "SP 055", "ra_geo": 1.0, "ra_hid": 1.0, "ra": 1, "km": 69.19, "fonte": "tabela", "fonte_geo": "tabela", "fonte_hid": "figura" }, "geometry": { "type": "LineString", "coordinates": [ [ -45.180929513407008, -23.497274714862044 ], [ -45.181125209942898, -23.497283786729263 ], [ -45.181320906503792, -23.497292858350519 ], [ -45.18151660308969, -23.497301929725793 ], [ -45.181711855123964, -23.497316997667813 ], [ -45.181893705918547, -23.497376471334775 ], [ -45.182069181719733, -23.497456885185574 ], [ -45.182229298724387, -23.49755600784064 ], [ -45.182360755678758, -23.497690005720482 ] ] } },
{ "type": "Feature", "properties": { "regiao": 2, "rodovia": "SP 055", "ra_geo": 1.0, "ra_hid": 1.0, "ra": 1, "km": 69.4, "fonte": "tabela", "fonte_geo": "tabela", "fonte_hid": "figura" }, "geometry": { "type": "LineString", "coordinates": [ [ -45.182451749015591, -23.497850052440523 ], [ -45.182541069971329, -23.498010715808185 ], [ -45.182594787558763, -23.498184506528109 ], [ -45.182648505288626, -23.498358297224762 ], [ -45.182702223160909, -23.498532087898141 ], [ -45.182755941175614, -23.49870587854825 ], [ -45.18280965933274, -23.4988796691751 ], [ -45.182863377632302, -23.499053459778665 ], [ -45.182917096074284, -23.499227250358949 ], [ -45.182970814658702, -23.49940104091597 ], [ -45.18304877881728, -23.499565191555007 ], [ -45.183148910613404, -23.499720528449497 ] ] } },
{ "type": "Feature", "properties": { "regiao": 2, "rodovia": "SP 055", "ra_geo": 3.0, "ra_hid": 1.0, "ra": 3, "km": 69.56, "fonte": "tabela", "fonte_geo": "tabela", "fonte_hid": "figura" }, "geometry": { "type": "LineString", "coordinates": [ [ -45.183249042645151, -23.499875865275083 ], [ -45.183349174912507, -23.500031202031732 ], [ -45.18344997758485, -23.500186156199501 ], [ -45.183556051929166, -23.500338101460787 ], [ -45.183662126517497, -23.500490046645353 ] ] } },
{ "type": "Feature", "properties": { "regiao": 2, "rodovia": "SP 055", "ra_geo": 4.0, "ra_hid": null, "ra": 4, "km": 69.67, "fonte": "tabela", "fonte_geo": "tabela", "fonte_hid": "figura" }, "geometry": { "type": "LineString", "coordinates": [ [ -45.183768201349835, -23.500641991753216 ], [ -45.183874276426195, -23.50079393678438 ], [ -45.183980351746555, -23.500945881738819 ], [ -45.184086427310945, -23.501097826616562 ], [ -45.184192503119355, -23.501249771417573 ], [ -45.184298579171788, -23.501401716141874 ] ] } },
{ "type": "Feature", "properties": { "regiao": 2, "rodovia": "SP 055", "ra_geo": 2.0, "ra_hid": null, "ra": 2, "km": 69.93, "fonte": "tabela", "fonte_geo": "tabela", "fonte_hid": "figura" }, "geometry": { "type": "LineString", "coordinates": [ [ -45.184404655468242, -23.501553660789469 ], [ -45.184419537504233, -23.501733697771808 ], [ -45.184433770996748, -23.501913934544323 ], [ -45.184448004529798, -23.502094171311125 ], [ -45.184462238103372, -23.502274408072218 ], [ -45.18446740199095, -23.502454980477044 ], [ -45.184468873627097, -23.502635689519462 ], [ -45.184470345269091, -23.502816398557638 ], [ -45.184502685890735, -23.502991337063165 ], [ -45.184577631718803, -23.503158311108965 ], [ -45.184652577737054, -23.503325285113949 ], [ -45.184727523945483, -23.503492259078111 ], [ -45.184810646515629, -23.503655421579307 ], [ -45.184911990933863, -23.503810089786448 ], [ -45.185013335589559, -23.503964757923107 ], [ -45.185114680482727, -23.504119425989273 ], [ -45.185174799043452, -23.50428946428368 ], [ -45.185218478148492, -23.504465631644951 ], [ -45.185262157371334, -23.504641798989265 ], [ -45.185319585782935, -23.504813016187875 ], [ -45.185416885171662, -23.504969878512227 ] ] } },
{ "type": "Feature", "properties": { "regiao": 2, "rodovia": "SP 055", "ra_geo": 3.0, "ra_hid": null, "ra": 3, "km": 70.2, "fonte": "tabela", "fonte_geo": "tabela", "fonte_hid": "figura" }, "geometry": { "type": "LineString", "coordinates": [ [ -45.185514184791728, -23.505126740771189 ], [ -45.185611484643118, -23.505283602964756 ], [ -45.185758388226198, -23.505397349976594 ], [ -45.185922427488514, -23.505496202790354 ], [ -45.186082744379242, -23.505600011447537 ], [ -45.186240753894872, -23.505706892146012 ] ] } },
{ "type": "Feature", "properties": { "regiao": 2, "rodovia": "SP 055", "ra_geo": 1.0, "ra_hid": 1.0, "ra": 1, "km": 70.36, "fonte": "tabela", "fonte_geo": "tabela", "fonte_hid": "figura" }, "geometry": { "type": "LineString", "coordinates": [ [ -45.186402128882953, -23.505809391231196 ], [ -45.186563887642478, -23.505911390806592 ], [ -45.186725646650416, -23.506013390211098 ], [ -45.186890061961101, -23.506111683076231 ], [ -45.187055224753479, -23.506208933035573 ], [ -45.187220387787576, -23.506306182817017 ], [ -45.187385551063379, -23.506403432420591 ], [ -45.187550714580887, -23.506500681846259 ], [ -45.187715200781042, -23.506598845961921 ], [ -45.187873514371205, -23.506705344752376 ], [ -45.188031828215344, -23.506811843378834 ] ] } },
{ "type": "Feature", "properties": { "regiao": 2, "rodovia": "SP 055", "ra_geo": 1.0, "ra_hid": 1.0, "ra": 1, "km": 70.56, "fonte": "tabela", "fonte_geo": "tabela", "fonte_hid": "figura" }, "geometry": { "type": "LineString", "coordinates": [ [ -45.188190142313466, -23.506918341841303 ], [ -45.18834663484936, -23.50702679923446 ], [ -45.188484899890604, -23.507154857747619 ], [ -45.188623165199182, -23.507282916134226 ], [ -45.188761430775081, -23.507410974394272 ], [ -45.188899696618307, -23.507539032527767 ], [ -45.18899594104942, -23.507695694376835 ], [ -45.189087896408857, -23.507855275855633 ], [ -45.189179851990907, -23.508014857275459 ] ] } },
{ "type": "Feature", "properties": { "regiao": 2, "rodovia": "SP 055", "ra_geo": 1.0, "ra_hid": null, "ra": 1, "km": 70.84, "fonte": "tabela", "fonte_geo": "tabela", "fonte_hid": "figura" }, "geometry": { "type": "LineString", "coordinates": [ [ -45.189271807795549, -23.508174438636289 ], [ -45.189314432273221, -23.508350729585459 ], [ -45.189355996585775, -23.508527331375859 ], [ -45.18939719589217, -23.508704006216618 ], [ -45.189432930725275, -23.508881627881223 ], [ -45.18946407719271, -23.509060044568184 ], [ -45.18949522374583, -23.509238461244276 ], [ -45.189526370384634, -23.50941687790953 ], [ -45.189557517109129, -23.509595294563923 ], [ -45.189588663919317, -23.509773711207458 ], [ -45.189619810815188, -23.50995212784014 ], [ -45.189650924503546, -23.510130549402067 ], [ -45.189682038094432, -23.510308970980301 ], [ -45.189713151770924, -23.510487392547692 ], [ -45.189744265533022, -23.510665814104254 ], [ -45.189775379380734, -23.510844235649962 ], [ -45.189806493314052, -23.511022657184835 ], [ -45.189837607332983, -23.511201078708858 ], [ -45.189868721437527, -23.511379500222045 ], [ -45.189899835627685, -23.511557921724386 ] ] } },
{ "type": "Feature", "properties": { "regiao": 2, "rodovia": "SP 055", "ra_geo": 1.0, "ra_hid": null, "ra": 1, "km": 71.23, "fonte": "tabela", "fonte_geo": "tabela", "fonte_hid": "figura" }, "geometry": { "type": "LineString", "coordinates": [ [ -45.190117637356067, -23.512806871937162 ], [ -45.190148752231174, -23.512985293352749 ], [ -45.190190331633879, -23.513161739176351 ], [ -45.190237753934447, -23.513337081924654 ], [ -45.190285176362245, -23.513512424653761 ], [ -45.190363850487401, -23.513675739302244 ], [ -45.190465670869699, -23.513830145473527 ], [ -45.190568225614257, -23.513984136999078 ] ] } },
{ "type": "Feature", "properties": { "regiao": 2, "rodovia": "SP 055", "ra_geo": 1.0, "ra_hid": null, "ra": 1, "km": 71.34, "fonte": "tabela", "fonte_geo": "tabela", "fonte_hid": "figura" }, "geometry": { "type": "LineString", "coordinates": [ [ -45.190682551351195, -23.514129338603528 ], [ -45.190825187439486, -23.514253260239034 ], [ -45.190967823794615, -23.514377181740183 ], [ -45.191136145645416, -23.514469109789093 ] ] } },
{ "type": "Feature", "properties": { "regiao": 2, "rodovia": "SP 055", "ra_geo": 1.0, "ra_hid": 1.0, "ra": 1, "km": 71.66, "fonte": "tabela", "fonte_geo": "tabela", "fonte_hid": "figura" }, "geometry": { "type": "LineString", "coordinates": [ [ -45.19130631212726, -23.514558740280794 ], [ -45.191485032187423, -23.514632282248733 ], [ -45.191666084635564, -23.514701437286849 ], [ -45.191846021879684, -23.514772846593086 ], [ -45.192021327905081, -23.514853616933628 ], [ -45.192196634143201, -23.514934387074582 ], [ -45.192374199719971, -23.515010650926044 ], [ -45.192554489139177, -23.515081481942438 ], [ -45.192734778749923, -23.515152312748192 ], [ -45.192915068552225, -23.515223143343302 ], [ -45.193095358546081, -23.515293973727776 ], [ -45.193275648731479, -23.515364803901594 ], [ -45.193455939108425, -23.515435633864751 ], [ -45.193636229676919, -23.515506463617271 ], [ -45.193816520436954, -23.515577293159133 ], [ -45.193996811388537, -23.515648122490344 ], [ -45.194177102531661, -23.515718951610889 ], [ -45.194357393866326, -23.515789780520766 ], [ -45.194537685392532, -23.515860609219999 ], [ -45.194717977110287, -23.515931437708552 ], [ -45.194898269019568, -23.516002265986447 ], [ -45.195078561120397, -23.516073094053674 ], [ -45.19525885341276, -23.516143921910221 ], [ -45.195439145896664, -23.516214749556106 ], [ -45.195619438572095, -23.516285576991308 ], [ -45.195799731439067, -23.516356404215838 ], [ -45.195980024497565, -23.516427231229688 ], [ -45.196160317747605, -23.516498058032841 ], [ -45.196340611189171, -23.516568884625332 ] ] } },
{ "type": "Feature", "properties": { "regiao": 2, "rodovia": "SP 055", "ra_geo": 1.0, "ra_hid": 2.0, "ra": 2, "km": 72.09, "fonte": "tabela", "fonte_geo": "tabela", "fonte_hid": "figura" }, "geometry": { "type": "LineString", "coordinates": [ [ -45.196520904822272, -23.516639711007127 ], [ -45.196701198646899, -23.516710537178241 ], [ -45.196881492663053, -23.516781363138662 ], [ -45.197061786870741, -23.516852188888379 ], [ -45.197242081269948, -23.516923014427412 ], [ -45.19742237586069, -23.516993839755756 ], [ -45.197602670642951, -23.517064664873391 ], [ -45.197782965616739, -23.51713548978033 ], [ -45.197963260782053, -23.51720631447656 ], [ -45.198143556138881, -23.51727713896209 ], [ -45.198323851687235, -23.517347963236919 ], [ -45.198504147427116, -23.517418787301036 ], [ -45.198684443358509, -23.517489611154446 ], [ -45.198864739481415, -23.517560434797133 ], [ -45.199045035795848, -23.517631258229105 ] ] } },
{ "type": "Feature", "properties": { "regiao": 2, "rodovia": "SP 055", "ra_geo": 1.0, "ra_hid": 2.0, "ra": 2, "km": 72.35, "fonte": "tabela", "fonte_geo": "tabela", "fonte_hid": "figura" }, "geometry": { "type": "LineString", "coordinates": [ [ -45.199225332301793, -23.517702081450363 ], [ -45.199405628999259, -23.517772904460902 ], [ -45.199585925888236, -23.517843727260725 ], [ -45.199766222968719, -23.517914549849809 ], [ -45.199946520240722, -23.517985372228178 ], [ -45.200126817704238, -23.518056194395825 ], [ -45.200307115359266, -23.518127016352739 ], [ -45.200487413205799, -23.518197838098914 ], [ -45.200667711243838, -23.518268659634352 ], [ -45.20084800947339, -23.518339480959064 ], [ -45.201028307894447, -23.518410302073033 ], [ -45.201208606507016, -23.518481122976265 ] ] } },
{ "type": "Feature", "properties": { "regiao": 2, "rodovia": "SP 055", "ra_geo": 3.0, "ra_hid": 4.0, "ra": 4, "km": 72.58, "fonte": "tabela", "fonte_geo": "tabela", "fonte_hid": "figura" }, "geometry": { "type": "LineString", "coordinates": [ [ -45.20139451067152, -23.518537685637046 ], [ -45.201582140050824, -23.518589860128529 ], [ -45.201763563509424, -23.518657931704393 ], [ -45.201938853095548, -23.518738314225111 ], [ -45.202111320162174, -23.518824133225952 ], [ -45.202286601876295, -23.518904562497521 ], [ -45.202466900796786, -23.518975384156587 ], [ -45.202647199908775, -23.519046205604887 ], [ -45.202827499212262, -23.519117026842451 ], [ -45.203007798707262, -23.519187847869237 ], [ -45.20318809839376, -23.519258668685268 ] ] } },
{ "type": "Feature", "properties": { "regiao": 2, "rodovia": "SP 055", "ra_geo": 4.0, "ra_hid": 3.0, "ra": 4, "km": 72.94, "fonte": "tabela", "fonte_geo": "tabela", "fonte_hid": "figura" }, "geometry": { "type": "LineString", "coordinates": [ [ -45.203368398271749, -23.519329489290534 ], [ -45.203548698341244, -23.519400309685032 ], [ -45.203728998602237, -23.519471129868769 ], [ -45.203909299054722, -23.519541949841734 ], [ -45.204089599698705, -23.519612769603924 ], [ -45.204269900534186, -23.519683589155342 ], [ -45.204450201561158, -23.519754408495992 ], [ -45.204630502779622, -23.519825227625851 ], [ -45.204810804189577, -23.51989604654494 ], [ -45.204991105791024, -23.519966865253235 ], [ -45.205171407583968, -23.520037683750758 ], [ -45.20535170956839, -23.520108502037488 ], [ -45.20553201174431, -23.520179320113424 ], [ -45.205708155829491, -23.520257821100209 ], [ -45.205877922881051, -23.520348104932147 ], [ -45.206047690163146, -23.520438388576288 ], [ -45.20621745767577, -23.520528672032654 ], [ -45.206387225418929, -23.520618955301238 ], [ -45.206556993392603, -23.520709238382025 ], [ -45.206726761596819, -23.520799521275023 ], [ -45.206896530031564, -23.520889803980232 ], [ -45.207066298696844, -23.520980086497655 ], [ -45.207236067592646, -23.52107036882726 ], [ -45.207405836718983, -23.521160650969076 ], [ -45.207575606075849, -23.521250932923099 ], [ -45.207745375663244, -23.521341214689304 ] ] } },
{ "type": "Feature", "properties": { "regiao": 2, "rodovia": "SP 055", "ra_geo": 1.0, "ra_hid": 3.0, "ra": 3, "km": 73.25, "fonte": "tabela", "fonte_geo": "tabela", "fonte_hid": "figura" }, "geometry": { "type": "LineString", "coordinates": [ [ -45.207915145481174, -23.521431496267713 ], [ -45.208084915529625, -23.521521777658297 ], [ -45.208254685808612, -23.521612058861084 ], [ -45.208424456318127, -23.521702339876057 ], [ -45.208594227058178, -23.521792620703202 ], [ -45.208763998028751, -23.521882901342533 ] ] } },
{ "type": "Feature", "properties": { "regiao": 2, "rodovia": "SP 055", "ra_geo": 4.0, "ra_hid": 3.0, "ra": 4, "km": 73.52, "fonte": "tabela", "fonte_geo": "tabela", "fonte_hid": "figura" }, "geometry": { "type": "LineString", "coordinates": [ [ -45.208933769229859, -23.521973181794053 ], [ -45.209103540661495, -23.522063462057741 ], [ -45.20927331232366, -23.522153742133593 ], [ -45.20944308421636, -23.522244022021635 ], [ -45.209612856339582, -23.522334301721838 ], [ -45.20978262869334, -23.522424581234201 ], [ -45.209952401277626, -23.522514860558736 ], [ -45.21012217409244, -23.52260513969544 ], [ -45.21029194713779, -23.522695418644293 ], [ -45.210461720413669, -23.522785697405304 ], [ -45.210631493920076, -23.522875975978476 ], [ -45.210801267657011, -23.522966254363798 ], [ -45.210971041624475, -23.52305653256127 ], [ -45.211140815822475, -23.523146810570882 ], [ -45.211310590251003, -23.523237088392655 ], [ -45.211480364910059, -23.52332736602656 ], [ -45.211650139799644, -23.523417643472605 ], [ -45.211819914919765, -23.523507920730797 ], [ -45.211989690270407, -23.523598197801117 ], [ -45.212159465851585, -23.523688474683574 ], [ -45.212329241663291, -23.523778751378163 ], [ -45.212499017705525, -23.523869027884881 ] ] } },
{ "type": "Feature", "properties": { "regiao": 2, "rodovia": "SP 055", "ra_geo": 1.0, "ra_hid": 3.0, "ra": 3, "km": 73.79, "fonte": "tabela", "fonte_geo": "tabela", "fonte_hid": "figura" }, "geometry": { "type": "LineString", "coordinates": [ [ -45.212668793978288, -23.523959304203718 ], [ -45.212838570481587, -23.52404958033469 ], [ -45.213008347215414, -23.524139856277785 ], [ -45.21317812417977, -23.524230132032987 ], [ -45.213347901374654, -23.524320407600307 ], [ -45.213517678800073, -23.524410682979745 ] ] } },
{ "type": "Feature", "properties": { "regiao": 2, "rodovia": "SP 055", "ra_geo": 3.0, "ra_hid": 3.0, "ra": 3, "km": 74.18, "fonte": "tabela", "fonte_geo": "tabela", "fonte_hid": "figura" }, "geometry": { "type": "LineString", "coordinates": [ [ -45.213687456456022, -23.524500958171306 ], [ -45.213857234342491, -23.524591233174959 ], [ -45.214027012459496, -23.524681507990728 ], [ -45.21419679080703, -23.5247717826186 ], [ -45.214366569385092, -23.524862057058577 ], [ -45.21453634819369, -23.524952331310654 ], [ -45.214706127232809, -23.525042605374821 ], [ -45.214875906502463, -23.5251328792511 ], [ -45.215045686002647, -23.525223152939461 ], [ -45.215215465733365, -23.525313426439908 ], [ -45.215385245694605, -23.525403699752456 ], [ -45.215555025886381, -23.525493972877079 ], [ -45.215724806308685, -23.525584245813786 ], [ -45.215894586961511, -23.525674518562578 ], [ -45.216064367844872, -23.525764791123454 ], [ -45.216234148958762, -23.525855063496394 ], [ -45.216403930303187, -23.525945335681413 ], [ -45.216573711878134, -23.526035607678512 ], [ -45.216743493683616, -23.526125879487669 ], [ -45.216913275719627, -23.526216151108898 ], [ -45.217083057986166, -23.526306422542191 ], [ -45.217252840483233, -23.526396693787543 ], [ -45.21742262321083, -23.526486964844956 ], [ -45.217592406168961, -23.526577235714431 ], [ -45.217762189357614, -23.52666750639596 ], [ -45.21793197277681, -23.526757776889539 ], [ -45.21810175642652, -23.526848047195163 ], [ -45.218271540306773, -23.526938317312837 ], [ -45.21844132441754, -23.527028587242562 ], [ -45.21861110875885, -23.527118856984337 ], [ -45.218780893330688, -23.527209126538132 ], [ -45.218950678133048, -23.527299395903984 ], [ -45.219120463165943, -23.527389665081859 ], [ -45.219290248429367, -23.527479934071778 ] ] } },
{ "type": "Feature", "properties": { "regiao": 2, "rodovia": "SP 055", "ra_geo": 3.0, "ra_hid": 3.0, "ra": 3, "km": 74.61, "fonte": "tabela", "fonte_geo": "tabela", "fonte_hid": "figura" }, "geometry": { "type": "LineString", "coordinates": [ [ -45.219460033923319, -23.527570202873711 ], [ -45.219629819647807, -23.5276604714877 ], [ -45.219799605602816, -23.527750739913699 ], [ -45.219969391788354, -23.527841008151718 ], [ -45.220139178204427, -23.527931276201763 ], [ -45.220308964851029, -23.528021544063829 ], [ -45.220478751728159, -23.528111811737908 ], [ -45.22064853883581, -23.528202079223998 ], [ -45.220818326174005, -23.528292346522111 ], [ -45.22098811374272, -23.528382613632232 ] ] } },
{ "type": "Feature", "properties": { "regiao": 2, "rodovia": "SP 055", "ra_geo": 3.0, "ra_hid": 3.0, "ra": 3, "km": 74.85, "fonte": "tabela", "fonte_geo": "tabela", "fonte_hid": "figura" }, "geometry": { "type": "LineString", "coordinates": [ [ -45.221157901541972, -23.528472880554354 ], [ -45.221327689571744, -23.528563147288484 ], [ -45.221497477832052, -23.528653413834615 ], [ -45.221667266322889, -23.528743680192747 ], [ -45.221837055044247, -23.528833946362873 ], [ -45.222006715138775, -23.528924409911649 ], [ -45.222172784081543, -23.529020379661734 ], [ -45.222338853264219, -23.529116349231632 ], [ -45.222504922686809, -23.529212318621337 ], [ -45.222670992349315, -23.529308287830851 ], [ -45.222837062251742, -23.529404256860168 ], [ -45.222998657698646, -23.529506251843465 ], [ -45.223155758837351, -23.529614299546452 ], [ -45.223312860231971, -23.529722347087421 ], [ -45.223469961882508, -23.529830394466366 ] ] } },
{ "type": "Feature", "properties": { "regiao": 2, "rodovia": "SP 055", "ra_geo": 1.0, "ra_hid": 4.0, "ra": 4, "km": 75.24, "fonte": "tabela", "fonte_geo": "tabela", "fonte_hid": "figura" }, "geometry": { "type": "LineString", "coordinates": [ [ -45.223614602498593, -23.529952279671388 ], [ -45.223758668584907, -23.530074803036996 ], [ -45.223902176646376, -23.530197881266218 ], [ -45.224045504267067, -23.530321139001849 ], [ -45.224188832154617, -23.530444396601503 ], [ -45.22433089254114, -23.530568894370617 ], [ -45.224472821489385, -23.530693520858652 ], [ -45.224614151980148, -23.530818723298097 ], [ -45.22475523853732, -23.530944160572275 ], [ -45.22489632536189, -23.531069597714509 ], [ -45.225037412453879, -23.531195034724771 ], [ -45.225178499813289, -23.531320471603067 ], [ -45.225319587440111, -23.531445908349401 ], [ -45.225461273624106, -23.531570758463001 ], [ -45.225605695939585, -23.531692926485302 ], [ -45.22575011852156, -23.531815094369623 ], [ -45.225890420505742, -23.531940971161664 ], [ -45.226017850048976, -23.53207820572522 ], [ -45.226136600199894, -23.532221972480848 ], [ -45.226255350609478, -23.532365739141209 ], [ -45.226374101277713, -23.53250950570634 ], [ -45.22648233898731, -23.532659754206392 ], [ -45.226581072720307, -23.532815862557669 ], [ -45.22667980676443, -23.532971970799963 ], [ -45.226778541042648, -23.533128078974691 ] ] } },
{ "type": "Feature", "properties": { "regiao": 2, "rodovia": "SP 055", "ra_geo": 0.0, "ra_hid": 4.0, "ra": 4, "km": 75.54, "fonte": "tabela", "fonte_geo": "tabela", "fonte_hid": "figura" }, "geometry": { "type": "LineString", "coordinates": [ [ -45.226877275554969, -23.533284187081847 ], [ -45.226976010301385, -23.533440295121448 ], [ -45.227065561371809, -23.533600971690191 ], [ -45.227152853570452, -23.533762772002135 ], [ -45.227240145983956, -23.533924572260105 ], [ -45.227319741852519, -23.534089313906637 ] ] } },
{ "type": "Feature", "properties": { "regiao": 2, "rodovia": "SP 055", "ra_geo": 0.0, "ra_hid": null, "ra": 0, "km": 75.64, "fonte": "tabela", "fonte_geo": "tabela", "fonte_hid": "figura" }, "geometry": { "type": "LineString", "coordinates": [ [ -45.227382190954621, -23.534260608501103 ], [ -45.227444640220234, -23.534431903065485 ], [ -45.22750708964935, -23.534603197599786 ], [ -45.227569539241976, -23.534774492103999 ] ] } },
{ "type": "Feature", "properties": { "regiao": 2, "rodovia": "SP 055", "ra_geo": 1.0, "ra_hid": 4.0, "ra": 4, "km": 75.83, "fonte": "tabela", "fonte_geo": "tabela", "fonte_hid": "figura" }, "geometry": { "type": "LineString", "coordinates": [ [ -45.227631988998112, -23.534945786578145 ], [ -45.227694438917766, -23.535117081022207 ], [ -45.227756889000929, -23.535288375436195 ], [ -45.22781933924761, -23.535459669820092 ], [ -45.227881789657815, -23.535630964173894 ], [ -45.227944240231537, -23.535802258497636 ], [ -45.22800669096879, -23.535973552791287 ], [ -45.228069141869568, -23.53614484705485 ], [ -45.22813159293387, -23.536316141288328 ], [ -45.228194044161704, -23.536487435491718 ], [ -45.228256495553076, -23.536658729665021 ], [ -45.228318947107979, -23.536830023808243 ], [ -45.228381398826421, -23.53700131792138 ], [ -45.228444283890255, -23.537172476509955 ], [ -45.228507769974009, -23.537343447127167 ] ] } },
{ "type": "Feature", "properties": { "regiao": 2, "rodovia": "SP 055", "ra_geo": 0.0, "ra_hid": 3.0, "ra": 3, "km": 76.04, "fonte": "tabela", "fonte_geo": "tabela", "fonte_hid": "figura" }, "geometry": { "type": "LineString", "coordinates": [ [ -45.228571256223667, -23.537514417713453 ], [ -45.228634742639223, -23.537685388268802 ], [ -45.228698229220683, -23.537856358793217 ], [ -45.228761715968048, -23.538027329286709 ], [ -45.22882520288131, -23.538198299749265 ], [ -45.228888689960485, -23.53836927018088 ], [ -45.228952177205564, -23.538540240581568 ] ] } },
{ "type": "Feature", "properties": { "regiao": 2, "rodovia": "SP 055", "ra_geo": 0.0, "ra_hid": null, "ra": 0, "km": 76.19, "fonte": "tabela", "fonte_geo": "tabela", "fonte_hid": "figura" }, "geometry": { "type": "LineString", "coordinates": [ [ -45.229015664616568, -23.538711210951323 ], [ -45.229079152193471, -23.538882181290141 ], [ -45.229142639936299, -23.539053151598019 ], [ -45.229206127845046, -23.539224121874959 ], [ -45.229269615919712, -23.539395092120959 ], [ -45.229333104160304, -23.539566062336021 ], [ -45.229396592566815, -23.539737032520151 ], [ -45.229460081139266, -23.539908002673329 ], [ -45.229523569877635, -23.540078972795584 ] ] } },
{ "type": "Feature", "properties": { "regiao": 2, "rodovia": "SP 055", "ra_geo": 0.0, "ra_hid": 3.0, "ra": 3, "km": 76.4, "fonte": "tabela", "fonte_geo": "tabela", "fonte_hid": "figura" }, "geometry": { "type": "LineString", "coordinates": [ [ -45.229587058781945, -23.540249942886881 ], [ -45.229650547852181, -23.540420912947241 ], [ -45.229713509265991, -23.540592047994085 ], [ -45.229765594108443, -23.540766045191308 ], [ -45.229813230359746, -23.540941294504595 ], [ -45.229868122387167, -23.541114724606047 ], [ -45.229931157744247, -23.541285837419505 ], [ -45.229994193266236, -23.541456950202395 ], [ -45.230057228953143, -23.5416280629547 ], [ -45.230120264804967, -23.541799175676438 ], [ -45.230183300821722, -23.541970288367597 ], [ -45.2302463370034, -23.542141401028182 ] ] } },
{ "type": "Feature", "properties": { "regiao": 2, "rodovia": "SP 055", "ra_geo": 0.0, "ra_hid": null, "ra": 0, "km": 76.55, "fonte": "tabela", "fonte_geo": "tabela", "fonte_hid": "figura" }, "geometry": { "type": "LineString", "coordinates": [ [ -45.230309373350003, -23.542312513658192 ], [ -45.230372409861531, -23.542483626257624 ], [ -45.230435446537996, -23.542654738826474 ], [ -45.230498483379385, -23.542825851364743 ] ] } },
{ "type": "Feature", "properties": { "regiao": 2, "rodovia": "SP 055", "ra_geo": 1.0, "ra_hid": 3.0, "ra": 3, "km": 76.72, "fonte": "tabela", "fonte_geo": "tabela", "fonte_hid": "figura" }, "geometry": { "type": "LineString", "coordinates": [ [ -45.23056152038572, -23.542996963872444 ], [ -45.230624557556993, -23.543168076349556 ], [ -45.230687594893197, -23.543339188796075 ], [ -45.230750632394347, -23.543510301212027 ], [ -45.230813670060435, -23.543681413597394 ], [ -45.230876707891483, -23.543852525952182 ], [ -45.230939745887468, -23.544023638276375 ], [ -45.231002784048414, -23.544194750569996 ], [ -45.231065822374312, -23.544365862833025 ], [ -45.231128860865162, -23.544536975065469 ], [ -45.231191899520972, -23.544708087267328 ], [ -45.231254938341742, -23.544879199438604 ], [ -45.231317977327471, -23.545050311579278 ] ] } },
{ "type": "Feature", "properties": { "regiao": 2, "rodovia": "SP 055", "ra_geo": 4.0, "ra_hid": 3.0, "ra": 4, "km": 77.07, "fonte": "tabela", "fonte_geo": "tabela", "fonte_hid": "figura" }, "geometry": { "type": "LineString", "coordinates": [ [ -45.231422324348138, -23.545201628498013 ], [ -45.23153800747636, -23.545347513061404 ], [ -45.23165369086054, -23.545493397534035 ], [ -45.231792689268012, -23.545614605922118 ], [ -45.231965297736949, -23.545700242016409 ], [ -45.2321379064282, -23.545785877916483 ], [ -45.232313839310621, -23.545863284355583 ], [ -45.232505161135101, -23.545902592019043 ], [ -45.232696483071237, -23.54594189944611 ], [ -45.232887805119042, -23.545981206636771 ], [ -45.233079127278508, -23.546020513591049 ], [ -45.233270449549636, -23.54605982030893 ], [ -45.233461771932426, -23.546099126790409 ], [ -45.233653094426877, -23.546138433035498 ], [ -45.233844417032984, -23.546177739044172 ], [ -45.234035739750738, -23.546217044816441 ], [ -45.234227062580153, -23.546256350352326 ], [ -45.234418385521209, -23.546295655651797 ], [ -45.234609708573913, -23.546334960714859 ], [ -45.234801031738264, -23.54637426554152 ], [ -45.234992355014256, -23.546413570131772 ], [ -45.235183678401889, -23.546452874485606 ], [ -45.235375001901161, -23.546492178603035 ] ] } },
{ "type": "Feature", "properties": { "regiao": 2, "rodovia": "SP 055", "ra_geo": 1.0, "ra_hid": 2.0, "ra": 2, "km": 77.34, "fonte": "tabela", "fonte_geo": "tabela", "fonte_hid": "figura" }, "geometry": { "type": "LineString", "coordinates": [ [ -45.235566325512075, -23.546531482484049 ], [ -45.235757649234621, -23.546570786128655 ], [ -45.235948973068787, -23.546610089536838 ], [ -45.2361402970146, -23.546649392708606 ], [ -45.236331621072033, -23.546688695643958 ] ] } },
{ "type": "Feature", "properties": { "regiao": 2, "rodovia": "SP 055", "ra_geo": 1.0, "ra_hid": 1.0, "ra": 1, "km": 78.09, "fonte": "tabela", "fonte_geo": "tabela", "fonte_hid": "figura" }, "geometry": { "type": "LineString", "coordinates": [ [ -45.236522945241092, -23.546727998342888 ], [ -45.236714269521784, -23.546767300805406 ], [ -45.236905593914081, -23.546806603031502 ], [ -45.237096918418011, -23.546845905021172 ], [ -45.237288243033554, -23.546885206774416 ], [ -45.237479567760715, -23.546924508291234 ], [ -45.237670892599489, -23.546963809571618 ], [ -45.237862217549868, -23.547003110615581 ], [ -45.238053542611858, -23.547042411423121 ], [ -45.238244867785461, -23.54708171199422 ], [ -45.238436193070662, -23.547121012328898 ], [ -45.238627518467467, -23.547160312427131 ], [ -45.238818763022493, -23.547199943699777 ], [ -45.239009892313327, -23.54724004707359 ], [ -45.239201021717982, -23.547280150211421 ], [ -45.239392151236451, -23.547320253113266 ], [ -45.239583280868715, -23.547360355779134 ], [ -45.239774410614793, -23.547400458209015 ], [ -45.239965540474678, -23.547440560402922 ], [ -45.240156670448364, -23.547480662360819 ], [ -45.240347800535844, -23.547520764082741 ], [ -45.240538930737131, -23.547560865568666 ], [ -45.240730061052204, -23.54760096681861 ], [ -45.240921191481078, -23.547641067832551 ], [ -45.241112322023739, -23.547681168610499 ], [ -45.241303452680192, -23.547721269152461 ], [ -45.241494583450432, -23.547761369458421 ], [ -45.241685714334459, -23.547801469528377 ], [ -45.241876845332271, -23.54784156936234 ], [ -45.242067976443856, -23.547881668960304 ], [ -45.242259107669227, -23.547921768322251 ], [ -45.242450239008377, -23.547961867448212 ], [ -45.2426413704613, -23.548001966338159 ], [ -45.242832502027987, -23.548042064992099 ], [ -45.243023633708454, -23.54808216341004 ], [ -45.243214765502685, -23.548122261591963 ], [ -45.243405897410689, -23.548162359537869 ], [ -45.243597029432451, -23.548202457247779 ], [ -45.243788161567977, -23.548242554721675 ], [ -45.243979293817262, -23.54828265195955 ], [ -45.244170426180311, -23.5483227489614 ], [ -45.244361558657111, -23.548362845727258 ], [ -45.244552691247662, -23.54840294225707 ], [ -45.244743524183214, -23.548444226323468 ], [ -45.244934224863314, -23.548486034656388 ], [ -45.245124925661862, -23.5485278427543 ], [ -45.245315500412481, -23.548570128429944 ], [ -45.245505707954379, -23.548613805011733 ], [ -45.245695915619805, -23.548657481359641 ], [ -45.245886123408752, -23.548701157473662 ], [ -45.246076331321227, -23.548744833353815 ], [ -45.246266539357222, -23.548788509000076 ], [ -45.246456747516746, -23.548832184412465 ], [ -45.24664597184816, -23.548878560067244 ], [ -45.246826208128169, -23.548949603842175 ], [ -45.247006444600203, -23.549020647405989 ], [ -45.247186681264253, -23.549091690758708 ], [ -45.247366783900425, -23.549162949836795 ], [ -45.247524398598969, -23.549270388276501 ], [ -45.247682013552961, -23.549377826552849 ], [ -45.247839628762421, -23.549485264665858 ], [ -45.247997244227335, -23.549592702615506 ], [ -45.248129044555469, -23.549726293837864 ], [ -45.248259889647713, -23.549860852959021 ], [ -45.248390735006588, -23.549995411965529 ], [ -45.248518929978403, -23.550131744346196 ], [ -45.248616376490247, -23.550288521458988 ], [ -45.248704998306927, -23.550449710746623 ], [ -45.248793620341175, -23.550610899978608 ], [ -45.248882242592998, -23.550772089154936 ], [ -45.248968149464524, -23.55093448604066 ], [ -45.249049841164137, -23.551098757670989 ] ] } },
{ "type": "Feature", "properties": { "regiao": 2, "rodovia": "SP 055", "ra_geo": 1.0, "ra_hid": null, "ra": 1, "km": 79.01, "fonte": "tabela", "fonte_geo": "tabela", "fonte_hid": "figura" }, "geometry": { "type": "LineString", "coordinates": [ [ -45.249131533068393, -23.551263029253231 ], [ -45.249213225177286, -23.551427300787378 ], [ -45.249296201195484, -23.551591020948837 ], [ -45.249380063204839, -23.551754360634803 ], [ -45.249463925423008, -23.551917700270383 ], [ -45.249547787849998, -23.55208103985554 ], [ -45.249631650485803, -23.552244379390316 ], [ -45.249715513330429, -23.552407718874676 ], [ -45.249799376383883, -23.552571058308633 ], [ -45.249883239646152, -23.552734397692184 ], [ -45.249967103117257, -23.552897737025326 ], [ -45.250050966797197, -23.553061076308065 ], [ -45.250134830685965, -23.553224415540388 ], [ -45.25021869478357, -23.553387754722305 ], [ -45.250302100187561, -23.553551290117369 ], [ -45.250383222422919, -23.553715802018104 ], [ -45.250464344861832, -23.553880313871343 ], [ -45.250545467504317, -23.554044825677057 ], [ -45.250626590350365, -23.554209337435264 ], [ -45.25070771339999, -23.554373849145964 ], [ -45.250788836653193, -23.554538360809158 ], [ -45.250869960109966, -23.554702872424823 ], [ -45.250951083770325, -23.554867383992978 ] ] } },
{ "type": "Feature", "properties": { "regiao": 2, "rodovia": "SP 055", "ra_geo": 1.0, "ra_hid": 1.0, "ra": 1, "km": 79.29, "fonte": "tabela", "fonte_geo": "tabela", "fonte_hid": "figura" }, "geometry": { "type": "LineString", "coordinates": [ [ -45.25103220763426, -23.555031895513622 ], [ -45.251113331701788, -23.555196406986742 ], [ -45.2511944559729, -23.555360918412351 ], [ -45.251275580447604, -23.555525429790436 ], [ -45.251356705125893, -23.555689941121003 ] ] } },
{ "type": "Feature", "properties": { "regiao": 2, "rodovia": "SP 055", "ra_geo": 1.0, "ra_hid": null, "ra": 1, "km": 79.57, "fonte": "tabela", "fonte_geo": "tabela", "fonte_hid": "figura" }, "geometry": { "type": "LineString", "coordinates": [ [ -45.251437830007781, -23.555854452404045 ], [ -45.251518955093275, -23.556018963639573 ], [ -45.25160008038236, -23.556183474827574 ], [ -45.251681205875052, -23.556347985968049 ], [ -45.251762331571349, -23.556512497061 ], [ -45.251843457471253, -23.55667700810643 ], [ -45.251924583574763, -23.556841519104335 ], [ -45.2520057098819, -23.557006030054705 ], [ -45.252086836392643, -23.557170540957539 ], [ -45.252167963107006, -23.557335051812856 ], [ -45.252249090024989, -23.557499562620634 ], [ -45.252330217146593, -23.557664073380892 ], [ -45.252411344471824, -23.557828584093606 ], [ -45.252492472000682, -23.557993094758789 ], [ -45.252578455214596, -23.558155366798402 ], [ -45.25267258026031, -23.558313885160107 ], [ -45.25276670553319, -23.558472403459675 ], [ -45.252860831033232, -23.558630921697112 ], [ -45.252954956760441, -23.558789439872395 ], [ -45.25308960671758, -23.558920091977697 ], [ -45.253227609291535, -23.559048438741605 ], [ -45.253365612133585, -23.559176785378618 ], [ -45.253503615243737, -23.559305131888742 ], [ -45.253656746275226, -23.559416746533067 ] ] } },
{ "type": "Feature", "properties": { "regiao": 2, "rodovia": "SP 055", "ra_geo": 1.0, "ra_hid": 1.0, "ra": 1, "km": 79.86, "fonte": "tabela", "fonte_geo": "tabela", "fonte_hid": "figura" }, "geometry": { "type": "LineString", "coordinates": [ [ -45.253818562242564, -23.559518755435558 ], [ -45.253980378458834, -23.559620764166169 ], [ -45.254142194924029, -23.559722772724893 ], [ -45.254304011638148, -23.559824781111729 ], [ -45.254465828601198, -23.559926789326671 ], [ -45.25462764581318, -23.560028797369721 ] ] } },
{ "type": "Feature", "properties": { "regiao": 2, "rodovia": "SP 055", "ra_geo": 1.0, "ra_hid": 2.0, "ra": 2, "km": 80.33, "fonte": "tabela", "fonte_geo": "tabela", "fonte_hid": "figura" }, "geometry": { "type": "LineString", "coordinates": [ [ -45.254789463274079, -23.560130805240878 ], [ -45.254951280983917, -23.560232812940136 ], [ -45.255113098942687, -23.560334820467489 ], [ -45.255274917150381, -23.56043682782294 ], [ -45.255436735607013, -23.560538835006483 ], [ -45.25559855431257, -23.560640842018117 ], [ -45.255760373267059, -23.560742848857846 ], [ -45.255922192470486, -23.560844855525655 ], [ -45.256084011922844, -23.560946862021556 ], [ -45.256245831624142, -23.561048868345541 ], [ -45.256407992124302, -23.561150411490495 ], [ -45.256570685311132, -23.56125123056562 ], [ -45.256733378745281, -23.561352049467033 ], [ -45.256896072426748, -23.561452868194742 ], [ -45.257058766355549, -23.561553686748749 ], [ -45.257221460531682, -23.561654505129034 ], [ -45.257382020674243, -23.561758173864309 ], [ -45.257541982754027, -23.561862641534717 ], [ -45.25770194508592, -23.561967109036949 ], [ -45.25786190766992, -23.562071576370986 ], [ -45.258021870506035, -23.562176043536844 ], [ -45.258181833594271, -23.562280510534521 ], [ -45.258341796934616, -23.562384977363983 ], [ -45.258501760527068, -23.562489444025253 ], [ -45.258661724371649, -23.562593910518327 ], [ -45.258821688468338, -23.562698376843205 ], [ -45.258982391217373, -23.562801870311599 ], [ -45.259143526173233, -23.562904784707335 ], [ -45.259296991111484, -23.563017231356046 ], [ -45.259450456310383, -23.563129677849361 ], [ -45.259603921769937, -23.563242124187258 ], [ -45.259752570461046, -23.563359782258313 ], [ -45.259897383385066, -23.563481590664761 ], [ -45.260047708329672, -23.563597565432463 ], [ -45.260198478157321, -23.563713069476119 ], [ -45.260339952850579, -23.563838121763013 ], [ -45.260481954403637, -23.563962704502313 ], [ -45.260624782231616, -23.564086489123419 ], [ -45.260767610327093, -23.564210273608975 ], [ -45.260910438690061, -23.564334057958988 ], [ -45.261053267320527, -23.564457842173436 ], [ -45.261196096218498, -23.564581626252338 ] ] } },
{ "type": "Feature", "properties": { "regiao": 2, "rodovia": "SP 055", "ra_geo": 1.0, "ra_hid": null, "ra": 1, "km": 80.81, "fonte": "tabela", "fonte_geo": "tabela", "fonte_hid": "figura" }, "geometry": { "type": "LineString", "coordinates": [ [ -45.26133892538396, -23.564705410195671 ], [ -45.261481754816927, -23.564829194003437 ], [ -45.261624584517399, -23.564952977675659 ], [ -45.261767414485384, -23.5650767612123 ], [ -45.261910244720873, -23.565200544613376 ], [ -45.262053075223861, -23.565324327878887 ], [ -45.262212088301688, -23.565428461268581 ], [ -45.262379824950237, -23.565522001979037 ] ] } },
{ "type": "Feature", "properties": { "regiao": 2, "rodovia": "SP 055", "ra_geo": 1.0, "ra_hid": 2.0, "ra": 2, "km": 81.44, "fonte": "tabela", "fonte_geo": "tabela", "fonte_hid": "figura" }, "geometry": { "type": "LineString", "coordinates": [ [ -45.262547561835135, -23.565615542505277 ], [ -45.262729057899442, -23.565678027988966 ], [ -45.262919877092223, -23.565719470639756 ], [ -45.263110696402414, -23.565760913055023 ], [ -45.263306165033754, -23.565767494389835 ], [ -45.263502191923635, -23.565769889600791 ], [ -45.263698218818007, -23.565772284564513 ], [ -45.263894245716891, -23.565774679281013 ], [ -45.264090272620273, -23.565777073750262 ], [ -45.264286299528145, -23.565779467972291 ], [ -45.264482326440501, -23.565781861947077 ], [ -45.264678353357354, -23.56578425567464 ], [ -45.264874380278698, -23.565786649154955 ], [ -45.265070407204519, -23.565789042388051 ], [ -45.265266434134823, -23.565791435373903 ], [ -45.26546246106961, -23.565793828112525 ], [ -45.265658488008867, -23.565796220603911 ], [ -45.265854514952601, -23.56579861284807 ], [ -45.266050541900803, -23.565801004844985 ], [ -45.266246568853475, -23.565803396594674 ], [ -45.266442595810609, -23.565805788097112 ], [ -45.266638622772206, -23.565808179352334 ], [ -45.266834649738264, -23.565810570360313 ], [ -45.267030676708785, -23.565812961121065 ], [ -45.267226703683754, -23.565815351634573 ], [ -45.267422730663178, -23.565817741900855 ], [ -45.26761875764705, -23.565820131919899 ], [ -45.26781478463537, -23.565822521691697 ], [ -45.26801081162813, -23.565824911216271 ], [ -45.268206838625332, -23.565827300493613 ], [ -45.268402865626975, -23.56582968952371 ], [ -45.268598892633058, -23.565832078306581 ], [ -45.268794919643568, -23.565834466842212 ], [ -45.268990946658512, -23.565836855130609 ], [ -45.269186973677883, -23.565839243171766 ], [ -45.269383000701673, -23.565841630965696 ], [ -45.26957902772989, -23.565844018512387 ], [ -45.269775054762526, -23.56584640581184 ], [ -45.269971081799582, -23.565848792864053 ], [ -45.270167108841051, -23.565851179669039 ], [ -45.270363135886932, -23.565853566226782 ], [ -45.270559162937225, -23.565855952537298 ], [ -45.270755189991917, -23.565858338600567 ], [ -45.270951217051021, -23.565860724416613 ], [ -45.271147244114523, -23.565863109985408 ], [ -45.271343271182417, -23.56586549530698 ], [ -45.271539298254716, -23.565867880381305 ], [ -45.271735325331406, -23.5658702652084 ], [ -45.271931352412487, -23.565872649788254 ], [ -45.272127379497952, -23.565875034120879 ], [ -45.272323406587809, -23.565877418206256 ], [ -45.272519433682042, -23.565879802044403 ], [ -45.272715460780653, -23.565882185635314 ], [ -45.272911487883647, -23.565884568978987 ], [ -45.273107514991011, -23.565886952075424 ], [ -45.273303542102752, -23.565889334924623 ] ] } },
{ "type": "Feature", "properties": { "regiao": 2, "rodovia": "SP 055", "ra_geo": 0.0, "ra_hid": 2.0, "ra": 2, "km": 112.93, "fonte": "tabela", "fonte_geo": "figura", "fonte_hid": "tabela" }, "geometry": { "type": "LineString", "coordinates": [ [ -45.430157944295296, -23.712666716152466 ], [ -45.430052770341987, -23.712823277028999 ], [ -45.429961850763959, -23.712987238853415 ], [ -45.429870930961236, -23.713151200624242 ], [ -45.429780010933804, -23.713315162341459 ], [ -45.429679382230326, -23.713473676051482 ], [ -45.429562780787315, -23.713623226631281 ], [ -45.429446179079839, -23.71377277712417 ], [ -45.429329577107879, -23.713922327530156 ], [ -45.429212890340487, -23.714071821672498 ], [ -45.429095455898256, -23.714220819021079 ], [ -45.428978021190588, -23.714369816281536 ], [ -45.428867598567109, -23.714523096620848 ], [ -45.428764166240278, -23.714680646736962 ], [ -45.428660733667016, -23.714838196784328 ], [ -45.428557300847309, -23.714995746762916 ], [ -45.428453867781172, -23.715153296672767 ], [ -45.428350434468577, -23.715310846513844 ] ] } },
{ "type": "Feature", "properties": { "regiao": 2, "rodovia": "SP 055", "ra_geo": 1.0, "ra_hid": 0.0, "ra": 1, "km": 113.81, "fonte": "tabela", "fonte_geo": "tabela", "fonte_hid": "tabela" }, "geometry": { "type": "LineString", "coordinates": [ [ -45.42824700090955, -23.715468396286177 ], [ -45.428143567104065, -23.715625945989725 ], [ -45.428040133052129, -23.715783495624521 ], [ -45.42793669875374, -23.71594104519054 ], [ -45.427833264208893, -23.7160985946878 ], [ -45.427729829417579, -23.716256144116297 ], [ -45.427626394379807, -23.716413693476007 ], [ -45.427522959095569, -23.716571242766953 ], [ -45.427419523564865, -23.716728791989116 ], [ -45.42731608778768, -23.716886341142509 ], [ -45.427212651764023, -23.717043890227117 ], [ -45.427109215493886, -23.717201439242952 ], [ -45.427005778977275, -23.717358988190004 ], [ -45.426902342214177, -23.717516537068281 ], [ -45.426798905204592, -23.717674085877768 ], [ -45.426695467948527, -23.717831634618459 ], [ -45.42659203044596, -23.717989183290374 ], [ -45.426505907075523, -23.71815502398719 ], [ -45.426425183306257, -23.718323450681563 ], [ -45.426359133365452, -23.718497170000894 ], [ -45.426294120198541, -23.718671263298713 ], [ -45.426222074580835, -23.718842564345138 ] ] } },
{ "type": "Feature", "properties": { "regiao": 2, "rodovia": "SP 055", "ra_geo": 1.0, "ra_hid": 2.0, "ra": 2, "km": 114.41, "fonte": "tabela", "fonte_geo": "tabela", "fonte_hid": "figura" }, "geometry": { "type": "LineString", "coordinates": [ [ -45.426129182719905, -23.719005588263208 ], [ -45.426036290630499, -23.71916861212538 ], [ -45.425915861117538, -23.719313494921515 ], [ -45.425778256138358, -23.719447062898364 ], [ -45.425640650879089, -23.719580630754528 ] ] } },
{ "type": "Feature", "properties": { "regiao": 2, "rodovia": "SP 055", "ra_geo": 1.0, "ra_hid": 2.0, "ra": 2, "km": 114.57, "fonte": "tabela", "fonte_geo": "tabela", "fonte_hid": "figura" }, "geometry": { "type": "LineString", "coordinates": [ [ -45.425640650879089, -23.719580630754528 ], [ -45.425517806353497, -23.719722122169188 ], [ -45.42539496156374, -23.719863613487508 ], [ -45.425278982893808, -23.720009436717621 ], [ -45.425180005287075, -23.720165986014074 ], [ -45.425081141834283, -23.720322595598528 ], [ -45.424984482981955, -23.72048036838871 ], [ -45.424887823899205, -23.720638141118631 ] ] } },
{ "type": "Feature", "properties": { "regiao": 2, "rodovia": "SP 055", "ra_geo": 1.0, "ra_hid": 1.0, "ra": 1, "km": 115.04, "fonte": "tabela", "fonte_geo": "tabela", "fonte_hid": "figura" }, "geometry": { "type": "LineString", "coordinates": [ [ -45.424791164586033, -23.720795913788265 ], [ -45.424694505042446, -23.720953686397621 ], [ -45.42459784526843, -23.721111458946691 ], [ -45.424498693646711, -23.721267889972093 ], [ -45.424396744324461, -23.721422814804086 ], [ -45.424294794763263, -23.721577739569234 ], [ -45.424192844963095, -23.721732664267538 ], [ -45.424090894923957, -23.721887588899001 ], [ -45.423988944645856, -23.722042513463613 ], [ -45.423886994128779, -23.722197437961384 ], [ -45.423785043372732, -23.722352362392296 ], [ -45.423683092377708, -23.722507286756358 ], [ -45.4235811411437, -23.722662211053567 ], [ -45.423479189670701, -23.722817135283918 ], [ -45.423377237958725, -23.722972059447418 ], [ -45.423275286007765, -23.723126983544063 ], [ -45.423173333817807, -23.723281907573842 ], [ -45.423071381388851, -23.723436831536755 ], [ -45.422969428720911, -23.723591755432807 ], [ -45.422867475813966, -23.723746679262 ], [ -45.422765522668016, -23.723901603024338 ], [ -45.422663569283067, -23.724056526719799 ], [ -45.422561615659106, -23.724211450348381 ], [ -45.422459661796147, -23.724366373910108 ], [ -45.422357707694161, -23.724521297404952 ], [ -45.422255753353163, -23.724676220832929 ], [ -45.422153798773145, -23.724831144194042 ], [ -45.422051843954115, -23.724986067488274 ], [ -45.421949888896059, -23.725140990715619 ], [ -45.421847933598968, -23.725295913876085 ], [ -45.421745978062859, -23.725450836969674 ], [ -45.421644022287715, -23.725605759996384 ], [ -45.421542066273538, -23.725760682956217 ], [ -45.42144011002032, -23.725915605849163 ], [ -45.421338153528062, -23.726070528675212 ], [ -45.421236196796762, -23.726225451434377 ], [ -45.421134239826422, -23.726380374126656 ], [ -45.42101812271077, -23.726526125303984 ], [ -45.420894184524769, -23.72666681080781 ], [ -45.420770246073602, -23.726807496213539 ], [ -45.420608614865927, -23.72690744170157 ], [ -45.420438034394692, -23.726997714485783 ] ] } },
{ "type": "Feature", "properties": { "regiao": 2, "rodovia": "SP 055", "ra_geo": 1.0, "ra_hid": 1.0, "ra": 1, "km": 115.48, "fonte": "tabela", "fonte_geo": "tabela", "fonte_hid": "figura" }, "geometry": { "type": "LineString", "coordinates": [ [ -45.420262068704005, -23.727072869996448 ], [ -45.42006654898239, -23.72709313225409 ], [ -45.419871029196258, -23.72711339426537 ], [ -45.419678639138326, -23.727090553921403 ] ] } },
{ "type": "Feature", "properties": { "regiao": 2, "rodovia": "SP 055", "ra_geo": 4.0, "ra_hid": 0.0, "ra": 4, "km": 116.07, "fonte": "tabela", "fonte_geo": "tabela", "fonte_hid": "figura" }, "geometry": { "type": "LineString", "coordinates": [ [ -45.419487788631649, -23.727046512611572 ], [ -45.419297224318669, -23.727001736369029 ], [ -45.419119446574825, -23.726924121312052 ], [ -45.41894166903888, -23.726846506046982 ], [ -45.418763891710803, -23.726768890573808 ], [ -45.418586114590624, -23.726691274892552 ], [ -45.418408337678329, -23.726613659003203 ], [ -45.418230560973917, -23.726536042905749 ], [ -45.418039962561558, -23.72649395505934 ], [ -45.417847081797689, -23.726458191482234 ], [ -45.417654201135228, -23.726422427662939 ], [ -45.41746919129281, -23.72646373918834 ], [ -45.417286930543902, -23.72653197305965 ], [ -45.417104669602274, -23.726600206718242 ], [ -45.416943406774685, -23.726699627961914 ], [ -45.416795949887103, -23.726819554744488 ], [ -45.416648492729202, -23.726939481388403 ], [ -45.416488337590273, -23.727042500657756 ], [ -45.416314395551851, -23.727127162554385 ], [ -45.416137857226126, -23.727201142409278 ], [ -45.415941311286382, -23.727192798315468 ], [ -45.415744765367542, -23.727184453971525 ], [ -45.41555316831554, -23.727143461914746 ], [ -45.415361650460682, -23.727101947927252 ], [ -45.415170132723432, -23.727060433700689 ], [ -45.414991673323158, -23.726986008328009 ], [ -45.414816183840408, -23.726904098126258 ], [ -45.414652564642054, -23.726806135316476 ], [ -45.414505450360231, -23.726685852376693 ], [ -45.414358336347895, -23.726565569291335 ], [ -45.41421122260504, -23.726445286060425 ], [ -45.414175934000731, -23.726267610216318 ], [ -45.41414215728193, -23.72608915845538 ], [ -45.414108380658959, -23.725910706681667 ], [ -45.414074604131812, -23.725732254895195 ], [ -45.414011177584271, -23.72556163831403 ], [ -45.413893332992586, -23.725422391678986 ], [ -45.413745818497453, -23.725302526488683 ], [ -45.413562847730041, -23.725264965491601 ], [ -45.413378274328871, -23.725319376674953 ], [ -45.413212842845098, -23.725410801554208 ], [ -45.41307719909387, -23.7255420127345 ], [ -45.412939322138854, -23.725671237526726 ], [ -45.412769082336858, -23.725752861789136 ], [ -45.412574263097916, -23.725753952193188 ], [ -45.412379179609673, -23.725731370182373 ], [ -45.412184477523937, -23.725705286178012 ], [ -45.411992694909394, -23.725666244911459 ], [ -45.411811432612872, -23.725596090589171 ], [ -45.411630786949239, -23.725524311059282 ], [ -45.411450141480614, -23.725452531315 ], [ -45.411269496207012, -23.725380751356326 ], [ -45.411088851128412, -23.725308971183271 ], [ -45.410908206244841, -23.72523719079582 ], [ -45.410727561556271, -23.725165410193998 ], [ -45.410546917062732, -23.725093629377781 ], [ -45.410357667644632, -23.725044155554041 ], [ -45.410168311883005, -23.724994957532868 ] ] } },
{ "type": "Feature", "properties": { "regiao": 2, "rodovia": "SP 055", "ra_geo": 2.0, "ra_hid": 0.0, "ra": 2, "km": 116.79, "fonte": "tabela", "fonte_geo": "tabela", "fonte_hid": "figura" }, "geometry": { "type": "LineString", "coordinates": [ [ -45.409978956260026, -23.72494575927761 ], [ -45.409794647292124, -23.724956776163751 ], [ -45.409615730614568, -23.725032135427611 ], [ -45.409436813728668, -23.725107494486611 ], [ -45.409368114376633, -23.72525843181414 ], [ -45.409340927709763, -23.725437835232707 ], [ -45.409305246241551, -23.725614556401769 ], [ -45.409207113448119, -23.725771558354481 ], [ -45.409101224398327, -23.725922202209983 ], [ -45.408943173414514, -23.726030086172642 ], [ -45.40877206089926, -23.726117374180649 ], [ -45.408592322107417, -23.726191059900867 ], [ -45.408412583110795, -23.72626474541428 ], [ -45.408232843909396, -23.72633843072089 ], [ -45.408056207453811, -23.726416323523601 ], [ -45.407923907034288, -23.726548832407833 ], [ -45.407889513271854, -23.726717223732141 ], [ -45.407920101560805, -23.72689616233388 ] ] } },
{ "type": "Feature", "properties": { "regiao": 2, "rodovia": "SP 055", "ra_geo": 1.0, "ra_hid": 1.0, "ra": 1, "km": 117.08, "fonte": "tabela", "fonte_geo": "tabela", "fonte_hid": "figura" }, "geometry": { "type": "LineString", "coordinates": [ [ -45.407950689937131, -23.727075100924282 ], [ -45.407926915380052, -23.727252049847834 ], [ -45.4078285440225, -23.727407080795803 ], [ -45.407683800481053, -23.727526787511628 ], [ -45.407519494547927, -23.727618361072285 ], [ -45.407322983636206, -23.727609329938378 ], [ -45.407137983012312, -23.727562919957389 ], [ -45.406965561799076, -23.727475659774697 ], [ -45.406793140813228, -23.727388399395661 ], [ -45.406620720054761, -23.727301138820273 ], [ -45.4064558150572, -23.727202738477988 ], [ -45.406294432276965, -23.727099117676175 ] ] } },
{ "type": "Feature", "properties": { "regiao": 2, "rodovia": "SP 055", "ra_geo": 3.0, "ra_hid": 0.0, "ra": 3, "km": 117.32, "fonte": "tabela", "fonte_geo": "tabela", "fonte_hid": "figura" }, "geometry": { "type": "LineString", "coordinates": [ [ -45.406133049750466, -23.726995496701083 ], [ -45.405971667477715, -23.726891875552734 ], [ -45.405810285458706, -23.72678825423111 ], [ -45.405648903693439, -23.726684632736223 ], [ -45.405487522181907, -23.726581011068077 ], [ -45.405329185766568, -23.726473491272618 ], [ -45.405171127087741, -23.72636561608812 ], [ -45.405013068667884, -23.726257740737054 ], [ -45.404855010506978, -23.726149865219394 ], [ -45.404697818108076, -23.726040933098808 ], [ -45.404541724859307, -23.725930659505931 ], [ -45.404358690803832, -23.725884860474313 ], [ -45.404165551110033, -23.72589413720743 ] ] } },
{ "type": "Feature", "properties": { "regiao": 2, "rodovia": "SP 055", "ra_geo": 1.0, "ra_hid": 0.0, "ra": 1, "km": 117.66, "fonte": "tabela", "fonte_geo": "tabela", "fonte_hid": "figura" }, "geometry": { "type": "LineString", "coordinates": [ [ -45.403978197035293, -23.725949454856099 ], [ -45.403790842799175, -23.726004772279584 ], [ -45.403603488401671, -23.726060089477873 ], [ -45.403416133842789, -23.726115406450951 ], [ -45.403228779122536, -23.726170723198834 ], [ -45.403041424240897, -23.726226039721507 ], [ -45.402854069197893, -23.726281356018973 ], [ -45.402677170624486, -23.726355556702355 ], [ -45.402523588447032, -23.726466217752542 ], [ -45.40245854781903, -23.726636854071046 ], [ -45.402426964682682, -23.726814187728419 ], [ -45.402484742721562, -23.726987342571626 ], [ -45.402603661036807, -23.727127578866202 ], [ -45.402765666625719, -23.727226550952771 ], [ -45.402902545436355, -23.727356673854555 ], [ -45.40303942451888, -23.727486796629325 ], [ -45.403176303873273, -23.727616919277086 ], [ -45.403313183499556, -23.727747041797823 ], [ -45.40345006339772, -23.727877164191547 ], [ -45.403583583716582, -23.728010062048273 ], [ -45.403709325348522, -23.728149386025219 ], [ -45.403828697240662, -23.728293113977283 ], [ -45.403938975075128, -23.72844312944763 ] ] } },
{ "type": "Feature", "properties": { "regiao": 2, "rodovia": "SP 055", "ra_geo": 1.0, "ra_hid": 1.0, "ra": 1, "km": 117.96, "fonte": "tabela", "fonte_geo": "tabela", "fonte_hid": "figura" }, "geometry": { "type": "LineString", "coordinates": [ [ -45.404014781497345, -23.728609491660567 ], [ -45.404075043372742, -23.728781886287255 ], [ -45.404114056930531, -23.728959159740366 ], [ -45.40414755773638, -23.729137655824061 ], [ -45.404181058637249, -23.729316151895162 ], [ -45.404214559633154, -23.72949464795364 ], [ -45.404211688530069, -23.72967574946993 ], [ -45.404208581426978, -23.729856867887253 ], [ -45.40420275653306, -23.730037498549006 ] ] } },
{ "type": "Feature", "properties": { "regiao": 2, "rodovia": "SP 055", "ra_geo": 2.0, "ra_hid": 1.0, "ra": 2, "km": 118.25, "fonte": "tabela", "fonte_geo": "tabela", "fonte_hid": "figura" }, "geometry": { "type": "LineString", "coordinates": [ [ -45.404118048510945, -23.730200993350302 ], [ -45.404033340280023, -23.730364488104623 ], [ -45.403948631840294, -23.730527982811985 ], [ -45.403825048734355, -23.730664062539578 ], [ -45.403675641439797, -23.730781930665316 ], [ -45.403526233875901, -23.730899798648569 ], [ -45.403373056923584, -23.731013322671661 ], [ -45.403215181224994, -23.731121431653882 ], [ -45.403057305264802, -23.731229540476932 ], [ -45.402899429042989, -23.731337649140844 ], [ -45.402741552559576, -23.731445757645591 ], [ -45.402583496653477, -23.73155364120548 ], [ -45.402424104902586, -23.731659848904389 ], [ -45.402263745899525, -23.73176479271228 ], [ -45.402101449714799, -23.731867205054279 ], [ -45.401939153274981, -23.731969617228032 ], [ -45.401776856580064, -23.732072029233525 ], [ -45.401614559630069, -23.732174441070747 ], [ -45.401452262424982, -23.732276852739716 ], [ -45.401288877660456, -23.732377712097033 ], [ -45.401120588039795, -23.732471569876243 ] ] } },
{ "type": "Feature", "properties": { "regiao": 2, "rodovia": "SP 055", "ra_geo": 1.0, "ra_hid": 0.0, "ra": 1, "km": 118.53, "fonte": "tabela", "fonte_geo": "tabela", "fonte_hid": "figura" }, "geometry": { "type": "LineString", "coordinates": [ [ -45.400952298176229, -23.73256542747442 ], [ -45.400780501768331, -23.732653190138393 ], [ -45.400601605111383, -23.732728611132504 ], [ -45.400422708245934, -23.732804031921681 ], [ -45.400247324651886, -23.732885774934601 ], [ -45.400076210390061, -23.732975200733982 ], [ -45.39990509589267, -23.73306462634611 ], [ -45.399771900160644, -23.733189778174793 ], [ -45.399670824391102, -23.733345192817492 ] ] } },
{ "type": "Feature", "properties": { "regiao": 2, "rodovia": "SP 055", "ra_geo": 1.0, "ra_hid": null, "ra": 1, "km": 118.75, "fonte": "tabela", "fonte_geo": "tabela", "fonte_hid": "figura" }, "geometry": { "type": "LineString", "coordinates": [ [ -45.399573875513767, -23.733501641019423 ], [ -45.399575497212808, -23.733682775868552 ], [ -45.399577118920298, -23.733863910713374 ], [ -45.399651055548226, -23.734026176248243 ], [ -45.399752919048872, -23.734181154747379 ], [ -45.399838721523778, -23.73434293755296 ], [ -45.399900327871144, -23.734514971119673 ], [ -45.399944559198282, -23.734690294973454 ], [ -45.399961714686015, -23.734870746148154 ], [ -45.399978870224913, -23.735051197316118 ], [ -45.400004823086448, -23.735230658411549 ], [ -45.400034389600791, -23.735409680843588 ], [ -45.400038105020506, -23.735590789496992 ], [ -45.400036456186164, -23.735771828098567 ] ] } },
{ "type": "Feature", "properties": { "regiao": 2, "rodovia": "SP 055", "ra_geo": 1.0, "ra_hid": 0.0, "ra": 1, "km": 118.99, "fonte": "tabela", "fonte_geo": "tabela", "fonte_hid": "figura" }, "geometry": { "type": "LineString", "coordinates": [ [ -45.400027162168577, -23.735952766863949 ], [ -45.400017868129282, -23.736133705624901 ], [ -45.400075996759831, -23.736304920519235 ], [ -45.400144955110136, -23.736474573514972 ], [ -45.40021391364202, -23.736644226473828 ], [ -45.400304830769038, -23.736803279643794 ], [ -45.40041720613889, -23.736951974543366 ], [ -45.400542801278796, -23.737088789402222 ], [ -45.400701573274347, -23.737195789377331 ], [ -45.400866815811938, -23.737288985363914 ], [ -45.401060307562538, -23.73732191409913 ] ] } },
{ "type": "Feature", "properties": { "regiao": 2, "rodovia": "SP 055", "ra_geo": 2.0, "ra_hid": 0.0, "ra": 2, "km": 119.15, "fonte": "tabela", "fonte_geo": "tabela", "fonte_hid": "figura" }, "geometry": { "type": "LineString", "coordinates": [ [ -45.401253799406668, -23.737354842590769 ], [ -45.401447291344326, -23.737387770838787 ], [ -45.401623154511391, -23.737460983695062 ], [ -45.401787408782077, -23.737560725093104 ], [ -45.401951663301261, -23.737660466311986 ], [ -45.40209701832336, -23.737780292030354 ] ] } },
{ "type": "Feature", "properties": { "regiao": 2, "rodovia": "SP 055", "ra_geo": 4.0, "ra_hid": 0.0, "ra": 4, "km": 119.31, "fonte": "tabela", "fonte_geo": "tabela", "fonte_hid": "figura" }, "geometry": { "type": "LineString", "coordinates": [ [ -45.402227680629956, -23.737915731786799 ], [ -45.402358343207169, -23.738051171426811 ], [ -45.402411358067383, -23.738216523771662 ], [ -45.4024244272982, -23.738397264627778 ], [ -45.402437496569043, -23.738578005478093 ], [ -45.402450565879903, -23.738758746322599 ], [ -45.402463635230788, -23.738939487161296 ], [ -45.402476704621698, -23.739120227994192 ], [ -45.402519312516944, -23.739294748748147 ], [ -45.402592900673945, -23.739462745821964 ], [ -45.402666489022565, -23.739630742854551 ] ] } },
{ "type": "Feature", "properties": { "regiao": 2, "rodovia": "SP 055", "ra_geo": 3.0, "ra_hid": 0.0, "ra": 3, "km": 119.62, "fonte": "tabela", "fonte_geo": "tabela", "fonte_hid": "figura" }, "geometry": { "type": "LineString", "coordinates": [ [ -45.402744169937506, -23.739796141778786 ], [ -45.402888602417185, -23.739919163150596 ], [ -45.403033035167809, -23.740042184381839 ], [ -45.403177468189384, -23.740165205472518 ], [ -45.403350381336516, -23.740246374727089 ], [ -45.403533650263924, -23.740312326037493 ], [ -45.403715348487331, -23.740381850967665 ], [ -45.403900972664708, -23.740440996477716 ], [ -45.404090218098744, -23.740490625484249 ], [ -45.404279463672758, -23.740540254256846 ], [ -45.40446370568624, -23.740602367164666 ], [ -45.404629558996874, -23.740699845919341 ], [ -45.404752919010818, -23.740839933228408 ], [ -45.404813350483586, -23.741011890463245 ], [ -45.40492029691687, -23.741162329122844 ], [ -45.405022597085086, -23.741315897646466 ], [ -45.405102231494155, -23.741481542085385 ], [ -45.405196926228285, -23.74164001828348 ], [ -45.405309596191309, -23.741787513500071 ], [ -45.405441537482908, -23.741921901603156 ], [ -45.405573479045628, -23.742056289587598 ] ] } },
{ "type": "Feature", "properties": { "regiao": 2, "rodovia": "SP 055", "ra_geo": 3.0, "ra_hid": 0.0, "ra": 3, "km": 119.91, "fonte": "tabela", "fonte_geo": "tabela", "fonte_hid": "figura" }, "geometry": { "type": "LineString", "coordinates": [ [ -45.405705420879485, -23.742190677453408 ], [ -45.405837362984464, -23.742325065200582 ], [ -45.405957765130012, -23.742467920216026 ], [ -45.406070653940468, -23.74261628806962 ], [ -45.406183543008027, -23.742764655834424 ], [ -45.40629226729591, -23.742915599116699 ], [ -45.406398796159607, -23.743067900095316 ], [ -45.406505325272704, -23.743220200994145 ], [ -45.406611854635194, -23.74337250181317 ], [ -45.4067183842471, -23.743524802552404 ] ] } },
{ "type": "Feature", "properties": { "regiao": 2, "rodovia": "SP 055", "ra_geo": 2.0, "ra_hid": 0.0, "ra": 2, "km": 120.09, "fonte": "tabela", "fonte_geo": "tabela", "fonte_hid": "figura" }, "geometry": { "type": "LineString", "coordinates": [ [ -45.4067183842471, -23.743524802552404 ], [ -45.40684075295232, -23.743666535625511 ], [ -45.406963121923269, -23.743808268595526 ], [ -45.40710203865855, -23.743935275622672 ], [ -45.407237763702675, -23.744066299754433 ], [ -45.407373489018525, -23.744197323761085 ], [ -45.407506703351082, -23.744330426467734 ], [ -45.407633886631253, -23.744468521806748 ] ] } },
{ "type": "Feature", "properties": { "regiao": 2, "rodovia": "SP 055", "ra_geo": 1.0, "ra_hid": 0.0, "ra": 1, "km": 120.26, "fonte": "tabela", "fonte_geo": "tabela", "fonte_hid": "figura" }, "geometry": { "type": "LineString", "coordinates": [ [ -45.407753214204497, -23.744611634842826 ], [ -45.40784922718862, -23.744769639563962 ], [ -45.407945240406519, -23.744927644219068 ], [ -45.40803053031793, -23.745090650430665 ], [ -45.408112155447334, -23.745255365999423 ] ] } },
{ "type": "Feature", "properties": { "regiao": 2, "rodovia": "SP 055", "ra_geo": 2.0, "ra_hid": null, "ra": 2, "km": 120.55, "fonte": "tabela", "fonte_geo": "tabela", "fonte_hid": "figura" }, "geometry": { "type": "LineString", "coordinates": [ [ -45.408193780784707, -23.745420081518745 ], [ -45.408238051683732, -23.745592870335575 ], [ -45.408297490836596, -23.745765448238849 ], [ -45.408356930149417, -23.745938026113265 ], [ -45.408424387620812, -23.746107911401868 ], [ -45.408499635789539, -23.746275180487636 ], [ -45.408574884153353, -23.746442449530516 ], [ -45.408650132712246, -23.746609718530522 ], [ -45.408725381466219, -23.746776987487628 ], [ -45.408800630415286, -23.746944256401861 ], [ -45.408875879559446, -23.747111525273208 ], [ -45.408952557754404, -23.74727818756374 ], [ -45.40904190745772, -23.74743947093739 ], [ -45.409131257383493, -23.747600754253014 ], [ -45.409230991985183, -23.747756379488365 ], [ -45.409341612499517, -23.747906073534516 ], [ -45.409471247737926, -23.748036860808469 ] ] } },
{ "type": "Feature", "properties": { "regiao": 2, "rodovia": "SP 055", "ra_geo": 2.0, "ra_hid": 0.0, "ra": 2, "km": 120.96, "fonte": "tabela", "fonte_geo": "tabela", "fonte_hid": "figura" }, "geometry": { "type": "LineString", "coordinates": [ [ -45.409641907140873, -23.748126856544783 ], [ -45.409812566776324, -23.748216852088383 ], [ -45.409987561273269, -23.748299489804481 ], [ -45.41015622359641, -23.748391437759636 ], [ -45.410313479313182, -23.748500173640004 ], [ -45.410469066224692, -23.748610751216798 ], [ -45.410613489666424, -23.748733648146064 ], [ -45.410760759847491, -23.748853200841069 ], [ -45.410924904967672, -23.748952936245527 ], [ -45.411086016527669, -23.749056780094502 ], [ -45.411247174126018, -23.749160558532108 ], [ -45.411416250185312, -23.749253054024749 ], [ -45.411535565430434, -23.749396099378146 ], [ -45.411652179548121, -23.749541888855031 ] ] } },
{ "type": "Feature", "properties": { "regiao": 2, "rodovia": "SP 055", "ra_geo": 3.0, "ra_hid": 0.0, "ra": 3, "km": 121.26, "fonte": "tabela", "fonte_geo": "tabela", "fonte_hid": "figura" }, "geometry": { "type": "LineString", "coordinates": [ [ -45.411723707329124, -23.749706228158903 ], [ -45.411763938811411, -23.749883443685825 ], [ -45.411804170406342, -23.750060659196699 ], [ -45.411844402113907, -23.750237874691546 ], [ -45.411877821314121, -23.750416151848285 ], [ -45.411903205618977, -23.750595681164175 ], [ -45.411930861604532, -23.750774909568687 ], [ -45.41196150341964, -23.750953742463921 ], [ -45.41199214532233, -23.751132575347796 ] ] } },
{ "type": "Feature", "properties": { "regiao": 2, "rodovia": "SP 055", "ra_geo": 1.0, "ra_hid": null, "ra": 1, "km": 121.5, "fonte": "tabela", "fonte_geo": "tabela", "fonte_hid": "figura" }, "geometry": { "type": "LineString", "coordinates": [ [ -45.412022787312623, -23.75131140822031 ], [ -45.412053429390504, -23.751490241081459 ], [ -45.412084071555981, -23.751669073931243 ], [ -45.412114713809054, -23.751847906769672 ], [ -45.412145356149729, -23.752026739596744 ], [ -45.412175998578, -23.752205572412453 ], [ -45.412216106359516, -23.752382484380355 ], [ -45.412270002345281, -23.752556598240499 ], [ -45.412323898477887, -23.752730712075937 ] ] } },
{ "type": "Feature", "properties": { "regiao": 2, "rodovia": "SP 055", "ra_geo": 1.0, "ra_hid": 1.0, "ra": 1, "km": 121.84, "fonte": "tabela", "fonte_geo": "tabela", "fonte_hid": "figura" }, "geometry": { "type": "LineString", "coordinates": [ [ -45.412383398479719, -23.752903002030653 ], [ -45.412460387853372, -23.753069599701703 ], [ -45.412535188873534, -23.753237009102865 ], [ -45.412601848631112, -23.753407148541186 ], [ -45.412647781765735, -23.753583185904688 ], [ -45.412693715027523, -23.753759223248835 ], [ -45.412732772295094, -23.753936164381326 ], [ -45.412742204917372, -23.754116999419914 ], [ -45.412753795278356, -23.754297715173639 ], [ -45.412767944260352, -23.754478289481298 ], [ -45.412782093285429, -23.754658863782925 ], [ -45.4127962423536, -23.754839438078516 ], [ -45.412810391464859, -23.755020012368043 ], [ -45.412824540619205, -23.75520058665154 ], [ -45.412841019863897, -23.755380960380535 ], [ -45.412845109284646, -23.755561762899699 ], [ -45.412841745660934, -23.755742637218056 ] ] } },
{ "type": "Feature", "properties": { "regiao": 2, "rodovia": "SP 055", "ra_geo": 1.0, "ra_hid": 0.0, "ra": 1, "km": 122.2, "fonte": "tabela", "fonte_geo": "tabela", "fonte_hid": "figura" }, "geometry": { "type": "LineString", "coordinates": [ [ -45.412816592622356, -23.755922194091124 ], [ -45.412791439518749, -23.756101750956869 ], [ -45.412766286350106, -23.756281307815339 ], [ -45.412741133116413, -23.756460864666497 ], [ -45.41271597981769, -23.756640421510365 ], [ -45.412693064775567, -23.756820215291803 ], [ -45.412673275301472, -23.757000339939932 ], [ -45.412641268716015, -23.757178969664366 ], [ -45.412611182065746, -23.757357865092953 ], [ -45.412584792073794, -23.757537271499395 ] ] } },
{ "type": "Feature", "properties": { "regiao": 2, "rodovia": "SP 055", "ra_geo": 1.0, "ra_hid": 1.0, "ra": 1, "km": 123.76, "fonte": "tabela", "fonte_geo": "tabela", "fonte_hid": "figura" }, "geometry": { "type": "LineString", "coordinates": [ [ -45.412558402013453, -23.75771667789817 ], [ -45.412532011884721, -23.757896084289293 ], [ -45.412505621687593, -23.758075490672756 ], [ -45.412479231422068, -23.758254897048552 ], [ -45.412452841088154, -23.758434303416696 ], [ -45.412426450685835, -23.758613709777183 ], [ -45.412400060215134, -23.758793116130001 ], [ -45.412373669676022, -23.758972522475172 ], [ -45.412347279068513, -23.759151928812681 ], [ -45.412320888392607, -23.75933133514253 ], [ -45.412294549239725, -23.75951074787038 ], [ -45.412268348135783, -23.75969017773939 ], [ -45.412242146963948, -23.759869607600805 ], [ -45.412215945724228, -23.76004903745461 ], [ -45.412189744416601, -23.76022846730082 ], [ -45.412163543041089, -23.760407897139419 ], [ -45.412137341597685, -23.760587326970413 ], [ -45.412090713347553, -23.760762960338628 ], [ -45.412039214896609, -23.760937688550921 ], [ -45.411987716311685, -23.761112416743998 ], [ -45.411888359485417, -23.76126863301759 ], [ -45.411788784827351, -23.761424765059211 ], [ -45.411689209933698, -23.761580897036772 ], [ -45.41158963480445, -23.761737028950304 ], [ -45.411490059439608, -23.76189316079979 ], [ -45.411390483839156, -23.762049292585232 ], [ -45.41129090800311, -23.762205424306632 ], [ -45.411191331931448, -23.76236155596397 ], [ -45.411091755624177, -23.762517687557271 ], [ -45.410986440370188, -23.762670326733673 ], [ -45.410869347656075, -23.762815798686177 ], [ -45.410752254682826, -23.762961270550804 ], [ -45.410631833332445, -23.763103627141621 ], [ -45.410471828332035, -23.763208932747428 ], [ -45.410311823072789, -23.763314238189611 ], [ -45.410151817554713, -23.763419543468203 ], [ -45.409984896366907, -23.7635150114133 ], [ -45.409814958934589, -23.763606188913997 ], [ -45.409645021263458, -23.763697366229955 ], [ -45.409477399610523, -23.76379199034351 ], [ -45.409312862188749, -23.763891204506951 ], [ -45.409148324515847, -23.763990418497315 ], [ -45.408966506468374, -23.764057867298018 ], [ -45.408781619753675, -23.764119675272518 ], [ -45.408598496211077, -23.76418466065104 ], [ -45.40843570606102, -23.764286287777068 ], [ -45.40827291565661, -23.764387914733685 ], [ -45.408120791767992, -23.764500356574832 ], [ -45.407995182347207, -23.764639681614497 ], [ -45.407869572659685, -23.764779006553198 ], [ -45.407743962705425, -23.764918331390906 ], [ -45.40761835248442, -23.765057656127627 ], [ -45.407492741996677, -23.76519698076336 ], [ -45.4073689318476, -23.765337650718568 ], [ -45.407246592073975, -23.765479419445715 ], [ -45.407124252036162, -23.765621188076988 ], [ -45.407001911734156, -23.765762956612409 ], [ -45.40687957116797, -23.765904725051954 ], [ -45.406757230337583, -23.766046493395635 ], [ -45.406634889243009, -23.76618826164345 ], [ -45.406512547884233, -23.76633002979538 ], [ -45.406408895217474, -23.766483408386012 ], [ -45.406311788953595, -23.766640854017574 ], [ -45.40620511214037, -23.76679247707958 ], [ -45.40608576854487, -23.766936393838829 ], [ -45.40596642468789, -23.767080310506778 ], [ -45.405826151079779, -23.767207188465296 ], [ -45.405685518408099, -23.767333774206943 ], [ -45.405546167462909, -23.767461435285384 ], [ -45.405422211568457, -23.767602011319351 ], [ -45.405298255408461, -23.767742587254922 ], [ -45.405174298982914, -23.76788316309208 ], [ -45.405050869784453, -23.768024121106553 ], [ -45.404931462150849, -23.768167993659208 ], [ -45.404812054255679, -23.768311866120442 ], [ -45.404694722783283, -23.768457124814688 ], [ -45.404583203777165, -23.768606263802127 ], [ -45.404471684518228, -23.76875540270963 ], [ -45.404361663048761, -23.768905357476751 ], [ -45.404273277694514, -23.769067096861782 ], [ -45.404184892124128, -23.769228836195829 ], [ -45.404096506337588, -23.769390575478873 ], [ -45.404011408399505, -23.769553680468093 ], [ -45.403938095265488, -23.769721680533582 ], [ -45.403864781503771, -23.769889680399682 ], [ -45.403791467556651, -23.77005768022989 ], [ -45.403718153424116, -23.770225680024197 ], [ -45.403644839106185, -23.770393679782625 ], [ -45.403571524602839, -23.77056167950515 ], [ -45.403498209914076, -23.770729679191788 ], [ -45.403424895039905, -23.770897678842516 ], [ -45.40335157998031, -23.771065678457362 ], [ -45.403278264735292, -23.771233678036296 ], [ -45.403204949304858, -23.771401677579345 ], [ -45.403131491663345, -23.77156962310983 ], [ -45.403054646307055, -23.771736281178292 ], [ -45.402977800757725, -23.771902939207571 ], [ -45.402900955015369, -23.772069597197689 ], [ -45.402824109079972, -23.772236255148627 ], [ -45.40274726295155, -23.772402913060382 ], [ -45.402670416630073, -23.772569570932973 ], [ -45.402593570115563, -23.772736228766369 ], [ -45.402516723407999, -23.772902886560594 ], [ -45.402439876507401, -23.773069544315636 ], [ -45.402363029413742, -23.773236202031498 ], [ -45.402288351126785, -23.773403544402179 ], [ -45.402237867922139, -23.773578524522197 ], [ -45.402187384585886, -23.773753504623571 ], [ -45.40214596188796, -23.773930484545961 ] ] } },
{ "type": "Feature", "properties": { "regiao": 2, "rodovia": "SP 055", "ra_geo": 1.0, "ra_hid": 0.0, "ra": 1, "km": 125.32, "fonte": "tabela", "fonte_geo": "tabela", "fonte_hid": "figura" }, "geometry": { "type": "LineString", "coordinates": [ [ -45.402104716739672, -23.774107503666333 ], [ -45.402068897690192, -23.774285516224563 ], [ -45.402033385314404, -23.774463584935891 ], [ -45.402019448780436, -23.774644122109311 ], [ -45.402006504825124, -23.774824772841139 ], [ -45.401993560838008, -23.775005423568135 ], [ -45.401965161766732, -23.775184245742576 ], [ -45.401928033848293, -23.775362035172627 ], [ -45.401890905832623, -23.775539824591025 ] ] } },
{ "type": "Feature", "properties": { "regiao": 2, "rodovia": "SP 055", "ra_geo": 1.0, "ra_hid": 1.0, "ra": 1, "km": 125.66, "fonte": "tabela", "fonte_geo": "tabela", "fonte_hid": "figura" }, "geometry": { "type": "LineString", "coordinates": [ [ -45.40183074491511, -23.775712177789284 ], [ -45.401770315457107, -23.775884467618042 ], [ -45.401714394771922, -23.776057946333957 ], [ -45.401666515397572, -23.776233545395282 ], [ -45.401621295163153, -23.776409703404159 ], [ -45.401581586890522, -23.776587020009831 ], [ -45.401542073825524, -23.776764373111849 ], [ -45.40150346499312, -23.776941895246697 ], [ -45.401464856059576, -23.777119417369235 ], [ -45.401426247024894, -23.777296939479452 ], [ -45.401387637889073, -23.777474461577373 ], [ -45.401326303532009, -23.777645112286731 ], [ -45.401242980821159, -23.777809114412431 ], [ -45.401159657903868, -23.7779731164925 ], [ -45.401036008684009, -23.778112749991887 ], [ -45.400910330247456, -23.778252032223673 ], [ -45.400781319773195, -23.778388553582882 ] ] } },
{ "type": "Feature", "properties": { "regiao": 2, "rodovia": "SP 055", "ra_geo": 2.0, "ra_hid": 1.0, "ra": 2, "km": 126.13, "fonte": "tabela", "fonte_geo": "tabela", "fonte_hid": "figura" }, "geometry": { "type": "LineString", "coordinates": [ [ -45.400643937836705, -23.778518138292544 ], [ -45.400506555628034, -23.778647722881459 ], [ -45.400372175654248, -23.778779912079987 ], [ -45.400239710707829, -23.778913762721352 ], [ -45.400107245490602, -23.779047613250405 ], [ -45.399974780002566, -23.779181463667143 ], [ -45.399842314243713, -23.779315313971555 ], [ -45.399709848214037, -23.779449164163641 ], [ -45.39957689950888, -23.779582602352932 ], [ -45.399441767901692, -23.779714176836563 ], [ -45.399306636022793, -23.779845751203339 ], [ -45.399171503500483, -23.779977325129973 ], [ -45.399036370615363, -23.780108898860519 ], [ -45.39890123745851, -23.780240472474205 ], [ -45.398766104029932, -23.78037204597101 ], [ -45.398629903101991, -23.780502599908367 ], [ -45.398481991764555, -23.780621967898579 ], [ -45.398334080156538, -23.780741335748861 ], [ -45.39817705045337, -23.78084993071349 ] ] } },
{ "type": "Feature", "properties": { "regiao": 2, "rodovia": "SP 055", "ra_geo": 3.0, "ra_hid": 2.0, "ra": 3, "km": 164.04, "fonte": "figura", "fonte_geo": "figura", "fonte_hid": "figura" }, "geometry": { "type": "LineString", "coordinates": [ [ -45.640443945161543, -23.780070849376955 ], [ -45.640437751200636, -23.779889989735466 ], [ -45.640486368663105, -23.779720879628087 ], [ -45.640578770258152, -23.779561155214051 ], [ -45.640671171630999, -23.779401430746283 ] ] } },
{ "type": "Feature", "properties": { "regiao": 2, "rodovia": "SP 055", "ra_geo": 3.0, "ra_hid": 0.0, "ra": 3, "km": 164.55, "fonte": "figura", "fonte_geo": "figura", "fonte_hid": "figura" }, "geometry": { "type": "LineString", "coordinates": [ [ -45.640756228263271, -23.779238308050736 ], [ -45.640840424248587, -23.779074787200255 ], [ -45.640897581296933, -23.778904281167559 ], [ -45.640918159396001, -23.778724325401985 ], [ -45.640938737444642, -23.778544369630719 ], [ -45.640959315442856, -23.778364413853765 ], [ -45.640979893390657, -23.778184458071113 ], [ -45.641115649640035, -23.778078289300129 ], [ -45.641291888039468, -23.777998054672238 ], [ -45.641416443385914, -23.77787249286785 ], [ -45.641495049036095, -23.777706632270746 ] ] } },
{ "type": "Feature", "properties": { "regiao": 2, "rodovia": "SP 055", "ra_geo": 2.0, "ra_hid": 0.0, "ra": 2, "km": 165.43, "fonte": "figura", "fonte_geo": "figura", "fonte_hid": "figura" }, "geometry": { "type": "LineString", "coordinates": [ [ -45.641489070717213, -23.777526450158582 ], [ -45.641477199999734, -23.77734590092113 ], [ -45.641453719969526, -23.777166246269989 ], [ -45.641430240010024, -23.776986591609742 ], [ -45.641390853252609, -23.776810065198092 ], [ -45.641332492820389, -23.77663727016763 ], [ -45.641262138627432, -23.776469239923724 ], [ -45.641165522694585, -23.776311642690001 ], [ -45.641060398304333, -23.776158836006548 ], [ -45.640949533726584, -23.776009433143596 ], [ -45.640834707134232, -23.77586254650198 ], [ -45.640719880801853, -23.775715659766654 ], [ -45.640605054729434, -23.775568772937611 ], [ -45.640490228916974, -23.775421886014865 ], [ -45.640375403364473, -23.775274998998409 ], [ -45.640260578071931, -23.775128111888247 ] ] } },
{ "type": "Feature", "properties": { "regiao": 2, "rodovia": "SP 055", "ra_geo": 2.0, "ra_hid": 0.0, "ra": 2, "km": 166.02, "fonte": "figura", "fonte_geo": "figura", "fonte_hid": "figura" }, "geometry": { "type": "LineString", "coordinates": [ [ -45.640260578071931, -23.775128111888247 ], [ -45.640162095425595, -23.774971458594155 ], [ -45.640063613018356, -23.77481480522902 ], [ -45.639989783900567, -23.774647522103319 ], [ -45.639922023584781, -23.774477622323847 ], [ -45.639869798372374, -23.774303727535443 ], [ -45.639832043321874, -23.774126111601564 ], [ -45.639794288379804, -23.773948495652196 ], [ -45.639756533546155, -23.773770879687341 ], [ -45.639718778820928, -23.773593263706989 ], [ -45.63966210786166, -23.773420419547744 ] ] } },
{ "type": "Feature", "properties": { "regiao": 2, "rodovia": "SP 055", "ra_geo": 2.0, "ra_hid": 1.0, "ra": 2, "km": 166.28, "fonte": "figura", "fonte_geo": "figura", "fonte_hid": "figura" }, "geometry": { "type": "LineString", "coordinates": [ [ -45.639596178272292, -23.773249910980034 ], [ -45.639509068273973, -23.773095754400906 ], [ -45.639338085064551, -23.773006350393764 ], [ -45.639167102085636, -23.772916946191259 ], [ -45.639013217736562, -23.772805465404115 ], [ -45.638865612764654, -23.772685877261679 ], [ -45.638738682878156, -23.772553769371239 ], [ -45.638677761334641, -23.772381690290764 ], [ -45.638616839956548, -23.772209611179008 ], [ -45.638572842635767, -23.772033869964954 ], [ -45.638544063444307, -23.771854835787309 ], [ -45.6385152843377, -23.771675801598501 ], [ -45.638528753760426, -23.771495662337742 ], [ -45.638546437657517, -23.771315412835754 ] ] } },
{ "type": "Feature", "properties": { "regiao": 2, "rodovia": "SP 055", "ra_geo": 1.0, "ra_hid": 1.0, "ra": 1, "km": 169.24, "fonte": "figura", "fonte_geo": "figura", "fonte_hid": "figura" }, "geometry": { "type": "LineString", "coordinates": [ [ -45.638582883710832, -23.771140507604279 ], [ -45.638678927335356, -23.770982578314037 ], [ -45.638766571628089, -23.770820749339034 ], [ -45.638875196351862, -23.770670206984985 ], [ -45.638986975835159, -23.770521305527961 ], [ -45.639098755066208, -23.770372403992628 ], [ -45.639210534045027, -23.770223502379004 ], [ -45.639322312771611, -23.770074600687074 ], [ -45.63943853860745, -23.769928803251464 ], [ -45.639564193512776, -23.769789587558645 ], [ -45.639689848151811, -23.769650371766847 ], [ -45.639815502524556, -23.76951115587606 ], [ -45.639941156631018, -23.76937193988628 ], [ -45.64007365735403, -23.769238467670171 ], [ -45.640212667335263, -23.769110456203432 ], [ -45.640367348120421, -23.769000635980138 ], [ -45.640535726895997, -23.768907147106965 ], [ -45.64070410542795, -23.768813658054274 ], [ -45.640878647837951, -23.768733081029026 ], [ -45.641067691412871, -23.768683243181634 ], [ -45.641256734838365, -23.768633405105636 ], [ -45.641445778114416, -23.768583566801023 ], [ -45.641641137478203, -23.768566410668274 ], [ -45.64183726417081, -23.768553264076782 ], [ -45.642033410394625, -23.768540405865522 ], [ -45.642229870129697, -23.768532527146476 ], [ -45.642426329834748, -23.768524648178023 ], [ -45.642622789509794, -23.768516768960168 ], [ -45.642819249154812, -23.768508889492917 ], [ -45.643015708769816, -23.768501009776262 ], [ -45.6432121683548, -23.768493129810206 ], [ -45.643408627909757, -23.76848524959475 ], [ -45.643605087434679, -23.768477369129894 ], [ -45.643801546929581, -23.768469488415636 ], [ -45.64399800639444, -23.768461607451993 ], [ -45.644194465829273, -23.768453726238938 ], [ -45.644390925234056, -23.76844584477648 ], [ -45.644587384608805, -23.768437963064631 ], [ -45.644783843953512, -23.768430081103379 ], [ -45.644980303268163, -23.768422198892733 ], [ -45.645176762552765, -23.768414316432683 ], [ -45.645373221807326, -23.768406433723236 ], [ -45.645569681031823, -23.768398550764385 ], [ -45.645766140226264, -23.768390667556151 ], [ -45.64596259939065, -23.768382784098513 ], [ -45.646159058524965, -23.768374900391482 ], [ -45.646355517629218, -23.76836701643505 ], [ -45.6465519767034, -23.768359132229225 ], [ -45.646748435747519, -23.768351247774 ], [ -45.646944894761553, -23.768343363069388 ], [ -45.647140486659104, -23.768325476111702 ], [ -45.647335818636925, -23.768304591425448 ], [ -45.647531150546129, -23.768283706493442 ], [ -45.647716108978017, -23.768225452576875 ], [ -45.6478983882918, -23.768157547952846 ], [ -45.648075758455924, -23.768081583151478 ], [ -45.648233816132155, -23.767973909574824 ], [ -45.648391873546316, -23.767866235840575 ], [ -45.648566830429012, -23.767784579383068 ], [ -45.648744708538743, -23.767707420343214 ], [ -45.648922586434566, -23.767630261102305 ], [ -45.649100464116465, -23.76755310166034 ], [ -45.649278341584441, -23.76747594201731 ], [ -45.649456218838509, -23.767398782173238 ], [ -45.649607659686978, -23.767285369549917 ], [ -45.649752642878418, -23.767163101613693 ], [ -45.649897625798296, -23.767040833545373 ], [ -45.650042608446626, -23.766918565344945 ], [ -45.6501875908234, -23.766796297012419 ], [ -45.650332572928633, -23.76667402854779 ], [ -45.650477554762311, -23.76655175995106 ], [ -45.650622536324448, -23.766429491222237 ], [ -45.650767517615044, -23.766307222361327 ], [ -45.650912498634092, -23.76618495336831 ], [ -45.651057479381599, -23.766062684243209 ], [ -45.651202459857572, -23.765940414986037 ], [ -45.651347440062004, -23.765818145596779 ], [ -45.651492419994895, -23.765695876075437 ], [ -45.651637399656266, -23.765573606422013 ], [ -45.651782379046089, -23.765451336636517 ], [ -45.651927358164393, -23.765329066718948 ], [ -45.652072337011163, -23.765206796669286 ], [ -45.652217315586405, -23.765084526487577 ], [ -45.652362293890121, -23.764962256173799 ], [ -45.652507271922317, -23.76483998572796 ], [ -45.652652249682987, -23.764717715150052 ], [ -45.652797227172137, -23.764595444440086 ], [ -45.652960587242298, -23.764495853962835 ], [ -45.653129238931143, -23.764402792299023 ], [ -45.653297890377026, -23.764309730455214 ], [ -45.653466541579967, -23.764216668431416 ], [ -45.653637149416689, -23.7641267955958 ], [ -45.653810830496042, -23.764041931802563 ], [ -45.653984511346472, -23.763957067818044 ], [ -45.65415819196798, -23.763872203642276 ], [ -45.654331872360565, -23.763787339275236 ], [ -45.654505552524228, -23.763702474716936 ], [ -45.654679232458967, -23.763617609967387 ], [ -45.654864338389274, -23.763557462800208 ], [ -45.655051211746084, -23.763501139165029 ], [ -45.655238084936776, -23.76344481530689 ], [ -45.655424957961351, -23.763388491225822 ], [ -45.655611830819801, -23.763332166921796 ], [ -45.655798703512133, -23.763275842394844 ], [ -45.655985576038347, -23.763219517644952 ], [ -45.656172448398436, -23.763163192672124 ], [ -45.656359320592394, -23.763106867476367 ], [ -45.656546192620233, -23.763050542057663 ], [ -45.656733064481941, -23.76299421641604 ], [ -45.656919936177516, -23.762937890551491 ], [ -45.65710680770696, -23.762881564464006 ], [ -45.657293679070271, -23.762825238153606 ], [ -45.657480550267451, -23.762768911620274 ], [ -45.657667421298491, -23.762712584864023 ], [ -45.6578542921634, -23.762656257884853 ], [ -45.658041162862162, -23.762599930682768 ], [ -45.658228033394778, -23.762543603257772 ], [ -45.658414990767049, -23.762487522312281 ], [ -45.65860217930139, -23.762432097063868 ], [ -45.658789367671844, -23.762376671591742 ], [ -45.658976555878432, -23.762321245895887 ], [ -45.659163743921134, -23.762265819976317 ], [ -45.659350931799949, -23.762210393833044 ], [ -45.659538119514885, -23.762154967466049 ], [ -45.659724858863648, -23.762098277158543 ], [ -45.659911524692006, -23.762041379807805 ], [ -45.660098190352791, -23.761984482234681 ], [ -45.660284855845994, -23.761927584439192 ], [ -45.660471521171623, -23.761870686421315 ], [ -45.660658186329663, -23.761813788181062 ], [ -45.660844851320128, -23.761756889718434 ], [ -45.661031516143005, -23.761699991033435 ], [ -45.661218180798301, -23.761643092126064 ], [ -45.661404736280225, -23.761585892620211 ], [ -45.661591083641312, -23.761528119861037 ], [ -45.661777430832643, -23.761470346880301 ], [ -45.661963777854211, -23.761412573678015 ], [ -45.66215012470601, -23.761354800254153 ], [ -45.662336471388045, -23.761297026608737 ], [ -45.662522817900317, -23.761239252741767 ], [ -45.662709164242813, -23.761181478653242 ], [ -45.662895510415545, -23.761123704343159 ], [ -45.663081856418508, -23.761065929811522 ], [ -45.663268202251686, -23.761008155058335 ], [ -45.663454547915094, -23.76095038008361 ], [ -45.663640893408726, -23.760892604887339 ], [ -45.66382723873258, -23.760834829469516 ], [ -45.66401358388665, -23.760777053830147 ], [ -45.664199928870943, -23.760719277969255 ], [ -45.664386273685452, -23.760661501886808 ], [ -45.664572618330176, -23.760603725582833 ], [ -45.664758962805116, -23.760545949057317 ], [ -45.664945307110273, -23.760488172310282 ], [ -45.66513165124563, -23.760430395341704 ], [ -45.665317995211204, -23.760372618151589 ], [ -45.665504339006986, -23.760314840739959 ], [ -45.665690682632977, -23.760257063106803 ], [ -45.665877902352243, -23.760201748578279 ], [ -45.666065288703578, -23.760146902715533 ], [ -45.666252674892448, -23.760092056628622 ], [ -45.666440060918873, -23.760037210317542 ], [ -45.666627446782833, -23.759982363782292 ], [ -45.666814832484334, -23.759927517022881 ], [ -45.667002218023377, -23.759872670039318 ], [ -45.667189603399954, -23.759817822831579 ], [ -45.667376988614066, -23.759762975399696 ], [ -45.667564373665712, -23.759708127743654 ], [ -45.667751758554893, -23.759653279863457 ], [ -45.6679391432816, -23.759598431759105 ], [ -45.668126527845835, -23.759543583430606 ], [ -45.668313912247605, -23.759488734877962 ], [ -45.668501264034433, -23.759433794057639 ], [ -45.66868793314557, -23.759376917238839 ], [ -45.668874602089147, -23.759320040197721 ], [ -45.669061270865136, -23.759263162934268 ], [ -45.669247939473564, -23.759206285448499 ], [ -45.669434607914411, -23.759149407740409 ], [ -45.669621276187684, -23.759092529810008 ], [ -45.669807944293375, -23.759035651657285 ], [ -45.669994998985985, -23.758979872043231 ], [ -45.670182440927952, -23.758925192836607 ], [ -45.670369882707867, -23.758870513405697 ], [ -45.670557324325721, -23.758815833750514 ], [ -45.670744765781514, -23.758761153871045 ], [ -45.670932207075246, -23.758706473767315 ], [ -45.671119648206918, -23.758651793439299 ], [ -45.671307089176523, -23.758597112887013 ], [ -45.671494529984066, -23.758542432110467 ], [ -45.671681970629535, -23.758487751109641 ], [ -45.671869411112937, -23.758433069884564 ], [ -45.672056851434277, -23.758378388435208 ], [ -45.672244291593536, -23.758323706761594 ], [ -45.67243441920585, -23.758279300609729 ], [ -45.672628360773111, -23.758249476818413 ], [ -45.672822302245663, -23.758219652785513 ], [ -45.673016243623529, -23.758189828511032 ], [ -45.673210313903994, -23.758161255711773 ], [ -45.673406888693037, -23.758156985536981 ], [ -45.673603463462584, -23.758152715112359 ], [ -45.673800038212633, -23.758148444437911 ], [ -45.673996612943171, -23.758144173513628 ], [ -45.674192227561974, -23.758160878554637 ], [ -45.674387715495719, -23.758180352215355 ], [ -45.674583203481106, -23.758199825627369 ], [ -45.674778691518121, -23.758219298790632 ], [ -45.674974179606771, -23.758238771705187 ], [ -45.675169667747042, -23.758258244371003 ], [ -45.675351407363806, -23.758323438798673 ], [ -45.675529954692287, -23.758399249852832 ], [ -45.675708502223259, -23.758475060695218 ], [ -45.675887049956714, -23.75855087132582 ], [ -45.676065597892659, -23.758626681744648 ], [ -45.676244146031102, -23.758702491951677 ], [ -45.676422694372022, -23.758778301946933 ], [ -45.676595574680668, -23.758864273771469 ], [ -45.676766565126535, -23.758953633960552 ], [ -45.676937555802461, -23.759042993954051 ], [ -45.677108546708446, -23.759132353751969 ], [ -45.677263234879511, -23.759243820179943 ], [ -45.677416589246626, -23.759357095441487 ], [ -45.677569943877749, -23.759470370543109 ], [ -45.677723298772875, -23.75958364548482 ], [ -45.677863125838854, -23.759710066755197 ], [ -45.67799433680014, -23.759844861218898 ], [ -45.678125548032455, -23.75997965556266 ], [ -45.678255466114805, -23.760115427626996 ], [ -45.678373637777959, -23.760260080206709 ], [ -45.678491809704219, -23.760404732687398 ], [ -45.67860998189358, -23.760549385069055 ], [ -45.678728154346054, -23.760694037351669 ], [ -45.678846327061635, -23.760838689535241 ], [ -45.678934822112822, -23.761000118406123 ], [ -45.679021559818047, -23.761162540762577 ], [ -45.679108297742701, -23.761324963062027 ], [ -45.679195035886778, -23.761487385304484 ], [ -45.679281774250285, -23.761649807489924 ], [ -45.679359641692777, -23.76181596802396 ], [ -45.679436559073146, -23.761982528963646 ], [ -45.679513476653987, -23.762149089857004 ], [ -45.67959039443533, -23.762315650704039 ], [ -45.679667312417145, -23.762482211504725 ], [ -45.679744230599461, -23.762648772259087 ], [ -45.679821148982256, -23.762815332967111 ], [ -45.67989806756556, -23.762981893628801 ], [ -45.679974986349357, -23.763148454244156 ], [ -45.680051905333649, -23.763315014813166 ], [ -45.680128824518455, -23.763481575335842 ], [ -45.680205743903755, -23.763648135812176 ], [ -45.680282663489571, -23.763814696242168 ], [ -45.680359583275887, -23.763981256625826 ], [ -45.680436503262726, -23.764147816963145 ], [ -45.680513423450073, -23.764314377254117 ], [ -45.680590343837942, -23.764480937498732 ], [ -45.680667264426333, -23.764647497697016 ], [ -45.680744185215246, -23.764814057848948 ], [ -45.680821106204682, -23.764980617954528 ], [ -45.680898027394647, -23.765147178013773 ], [ -45.680970080032225, -23.765315556148622 ], [ -45.681040999135874, -23.765484357604905 ], [ -45.681111918427519, -23.765653159020768 ], [ -45.681182837907151, -23.76582196039622 ], [ -45.681253757574787, -23.765990761731267 ], [ -45.681332647678097, -23.766156092315882 ], [ -45.681429480391273, -23.766313609679649 ] ] } },
{ "type": "Feature", "properties": { "regiao": 2, "rodovia": "SP 055", "ra_geo": 1.0, "ra_hid": 1.0, "ra": 1, "km": 172.45, "fonte": "figura", "fonte_geo": "figura", "fonte_hid": "figura" }, "geometry": { "type": "LineString", "coordinates": [ [ -45.681526313341102, -23.766471126974189 ], [ -45.681623146527585, -23.766628644199496 ], [ -45.681724994944453, -23.766783102038225 ], [ -45.681844904056376, -23.766926542302343 ], [ -45.68196481343297, -23.767069982464712 ], [ -45.682084723074226, -23.767213422525309 ], [ -45.682208417476801, -23.767353841004759 ], [ -45.682345774593003, -23.767483351495716 ], [ -45.682483131981336, -23.767612861856129 ], [ -45.682620489641778, -23.767742372085994 ], [ -45.682766189201708, -23.767863508842684 ], [ -45.682918270937677, -23.767978239274171 ], [ -45.683070352939069, -23.7680929695481 ], [ -45.683224398271946, -23.768205397504826 ], [ -45.683381635499615, -23.768314082351221 ], [ -45.683538872986652, -23.768422767030032 ], [ -45.68369950990401, -23.7685264945288 ], [ -45.683873769199785, -23.768610356662027 ], [ -45.684048028715097, -23.768694218592611 ], [ -45.684222288449959, -23.768778080320537 ], [ -45.684396914295732, -23.768861285047215 ], [ -45.684572615694535, -23.768942559270418 ], [ -45.684748317307609, -23.769023833287854 ], [ -45.684924019134947, -23.769105107099538 ], [ -45.685099721176556, -23.769186380705456 ], [ -45.685275423432429, -23.769267654105622 ], [ -45.685451125902574, -23.769348927300019 ], [ -45.685625064197545, -23.769433350104212 ], [ -45.685798915167908, -23.769517928993956 ], [ -45.685972766359257, -23.769602507681899 ], [ -45.686146617771584, -23.769687086168037 ], [ -45.68632046940489, -23.769771664452374 ], [ -45.686498419685293, -23.769847510513575 ], [ -45.686684503941862, -23.769906026660543 ], [ -45.686870588359525, -23.769964542579036 ], [ -45.687056672938283, -23.770023058269025 ], [ -45.687250262968057, -23.770044188669527 ] ] } },
{ "type": "Feature", "properties": { "regiao": 3, "rodovia": "SP 055", "ra_geo": 1.0, "ra_hid": null, "ra": 1, "km": 109.81, "fonte": "figura", "fonte_geo": "figura", "fonte_hid": "figura" }, "geometry": { "type": "LineString", "coordinates": [ [ -45.443129927120786, -23.689907434971627 ], [ -45.443237562560789, -23.690057619897921 ], [ -45.443311989625393, -23.690225134037654 ], [ -45.443386416883023, -23.690392648135155 ], [ -45.443458229728435, -23.690560805500713 ], [ -45.443484443998358, -23.690740182170543 ], [ -45.443510658344138, -23.690919558830707 ], [ -45.443536872765783, -23.691098935481225 ], [ -45.443537029088368, -23.691279787226392 ], [ -45.443517011886335, -23.69145895358276 ], [ -45.443479194053808, -23.69163652046743 ], [ -45.443447470365932, -23.691815140985327 ], [ -45.443400127533799, -23.691989973800915 ], [ -45.443332205862049, -23.692159816165926 ], [ -45.443253988780718, -23.692325601992643 ], [ -45.443167487237169, -23.692488123628522 ], [ -45.443080985482176, -23.69265064521586 ], [ -45.44299448351574, -23.692813166754682 ] ] } },
{ "type": "Feature", "properties": { "regiao": 3, "rodovia": "SP 055", "ra_geo": 2.0, "ra_hid": 1.0, "ra": 2, "km": 110.12, "fonte": "tabela", "fonte_geo": "figura", "fonte_hid": "tabela" }, "geometry": { "type": "LineString", "coordinates": [ [ -45.442907981337846, -23.692975688244978 ], [ -45.442821478948503, -23.693138209686726 ], [ -45.442734976347708, -23.693300731079958 ], [ -45.442648473535442, -23.693463252424653 ], [ -45.442561970511726, -23.693625773720811 ], [ -45.442475467276545, -23.693788294968439 ], [ -45.442388963829892, -23.693950816167526 ], [ -45.442302460171767, -23.694113337318083 ], [ -45.442200286371296, -23.694267477619455 ], [ -45.442089859465547, -23.694417203942834 ], [ -45.441979432309545, -23.694566930188326 ], [ -45.441869004903289, -23.694716656355912 ], [ -45.441763016625728, -23.694868981122404 ] ] } },
{ "type": "Feature", "properties": { "regiao": 3, "rodovia": "SP 055", "ra_geo": 1.0, "ra_hid": 4.0, "ra": 4, "km": 110.49, "fonte": "tabela", "fonte_geo": "figura", "fonte_hid": "tabela" }, "geometry": { "type": "LineString", "coordinates": [ [ -45.441662664683591, -23.695024605299512 ], [ -45.441562312505646, -23.695180229411996 ], [ -45.441461960091878, -23.695335853459856 ], [ -45.441361607442289, -23.695491477443092 ], [ -45.44126563128323, -23.695649306993552 ], [ -45.441177389544677, -23.695811034327615 ], [ -45.441089079502909, -23.695972729887597 ], [ -45.440999855120651, -23.696133999488957 ], [ -45.440910630521742, -23.696295269038796 ], [ -45.440809582984038, -23.696450076232846 ], [ -45.440698577599399, -23.69659944052454 ], [ -45.440587043214315, -23.696748415246208 ], [ -45.440453177089395, -23.696880939892463 ], [ -45.440319310694498, -23.697013464424717 ], [ -45.440197294842854, -23.69715496050976 ], [ -45.440081988682941, -23.697301536277539 ], [ -45.439966682266892, -23.69744811196048 ], [ -45.439851375594714, -23.697594687558595 ], [ -45.439736068666377, -23.697741263071872 ], [ -45.439630487264026, -23.697893694073006 ], [ -45.439530923851727, -23.698049748383514 ], [ -45.439431360204814, -23.698205802630355 ], [ -45.439331796323295, -23.698361856813541 ], [ -45.439232232207161, -23.698517910933056 ] ] } },
{ "type": "Feature", "properties": { "regiao": 3, "rodovia": "SP 055", "ra_geo": 2.0, "ra_hid": 1.0, "ra": 2, "km": 110.92, "fonte": "tabela", "fonte_geo": "figura", "fonte_hid": "tabela" }, "geometry": { "type": "LineString", "coordinates": [ [ -45.439132667856413, -23.698673964988899 ], [ -45.439033103271051, -23.698830018981063 ], [ -45.438933538451067, -23.698986072909573 ], [ -45.438833973396463, -23.699142126774408 ], [ -45.43873440810723, -23.699298180575564 ], [ -45.438634842583369, -23.699454234313052 ], [ -45.438535276824879, -23.699610287986861 ], [ -45.438435710831762, -23.69976634159698 ], [ -45.438336144604001, -23.699922395143439 ], [ -45.438236578141606, -23.700078448626208 ], [ -45.438137011444574, -23.700234502045294 ], [ -45.438037444512894, -23.700390555400698 ], [ -45.437937877346563, -23.70054660869242 ], [ -45.437838309945583, -23.700702661920449 ], [ -45.437738742309961, -23.700858715084792 ], [ -45.437639174439681, -23.701014768185448 ], [ -45.43754347037023, -23.701172537137936 ], [ -45.43747285047386, -23.701341445348991 ] ] } },
{ "type": "Feature", "properties": { "regiao": 3, "rodovia": "SP 055", "ra_geo": 1.0, "ra_hid": 0.0, "ra": 1, "km": 111.2, "fonte": "tabela", "fonte_geo": "figura", "fonte_hid": "tabela" }, "geometry": { "type": "LineString", "coordinates": [ [ -45.437402230398945, -23.701510353526832 ], [ -45.437331610145478, -23.701679261671465 ], [ -45.437257466396431, -23.701846703557518 ], [ -45.437166454550422, -23.702007125838797 ], [ -45.437075442484407, -23.702167548066534 ], [ -45.436975794795494, -23.702323297118063 ], [ -45.43686787509268, -23.702474569758742 ], [ -45.436759955142811, -23.702625842324906 ], [ -45.436634305859826, -23.702764899326247 ], [ -45.436507148147058, -23.702902917088117 ] ] } },
{ "type": "Feature", "properties": { "regiao": 3, "rodovia": "SP 055", "ra_geo": 1.0, "ra_hid": 1.0, "ra": 1, "km": 111.41, "fonte": "tabela", "fonte_geo": "figura", "fonte_hid": "tabela" }, "geometry": { "type": "LineString", "coordinates": [ [ -45.436379990167538, -23.703040934746991 ], [ -45.436257753088462, -23.703182413916551 ], [ -45.436146583489879, -23.703331678190544 ], [ -45.436035413639964, -23.703480942385553 ], [ -45.435924243538715, -23.703630206501543 ], [ -45.435813073186139, -23.703779470538546 ], [ -45.435701902582224, -23.703928734496522 ], [ -45.435593518777097, -23.704079647061455 ], [ -45.435492304118831, -23.70423480062458 ], [ -45.435391089223245, -23.704389954121929 ], [ -45.435289874090365, -23.7045451075535 ] ] } },
{ "type": "Feature", "properties": { "regiao": 3, "rodovia": "SP 055", "ra_geo": null, "ra_hid": 1.0, "ra": 1, "km": 111.56, "fonte": "tabela", "fonte_geo": "figura", "fonte_hid": "tabela" }, "geometry": { "type": "LineString", "coordinates": [ [ -45.435188658720158, -23.704700260919289 ], [ -45.43508744311265, -23.704855414219299 ], [ -45.434986227267814, -23.705010567453524 ], [ -45.43490194450078, -23.705173374721703 ] ] } },
{ "type": "Feature", "properties": { "regiao": 3, "rodovia": "SP 055", "ra_geo": 1.0, "ra_hid": 1.0, "ra": 1, "km": 111.75, "fonte": "tabela", "fonte_geo": "figura", "fonte_hid": "tabela" }, "geometry": { "type": "LineString", "coordinates": [ [ -45.434830546006893, -23.705342005911238 ], [ -45.434744703597701, -23.705504347046173 ], [ -45.434635565419207, -23.705654128045904 ], [ -45.434517467146527, -23.705798415418549 ], [ -45.434416882286989, -23.705953916577535 ], [ -45.434316297191089, -23.706109417671509 ], [ -45.434215711858855, -23.706264918700505 ], [ -45.434115126290259, -23.706420419664486 ], [ -45.434014540485315, -23.706575920563466 ], [ -45.433913954444002, -23.70673142139745 ], [ -45.433813368166341, -23.706886922166422 ], [ -45.433712781652318, -23.707042422870401 ], [ -45.433612194901926, -23.707197923509362 ], [ -45.433511607915165, -23.707353424083312 ], [ -45.433411020692034, -23.707508924592254 ] ] } },
{ "type": "Feature", "properties": { "regiao": 3, "rodovia": "SP 055", "ra_geo": 1.0, "ra_hid": 3.0, "ra": 3, "km": 112.13, "fonte": "tabela", "fonte_geo": "figura", "fonte_hid": "tabela" }, "geometry": { "type": "LineString", "coordinates": [ [ -45.433310433232528, -23.707664425036182 ], [ -45.433209845536652, -23.707819925415098 ], [ -45.433109257604393, -23.707975425729 ], [ -45.433008669435758, -23.70813092597788 ], [ -45.432908081030725, -23.708286426161749 ], [ -45.432807492389323, -23.708441926280596 ], [ -45.432706903511516, -23.708597426334421 ], [ -45.432606314397326, -23.708752926323228 ], [ -45.432505725046738, -23.708908426247014 ], [ -45.43240513545976, -23.709063926105767 ], [ -45.43230454563637, -23.709219425899494 ], [ -45.43220395557659, -23.709374925628193 ], [ -45.432103365280391, -23.709530425291863 ], [ -45.432002774747794, -23.709685924890501 ], [ -45.431902183978778, -23.709841424424113 ], [ -45.431801592973351, -23.709996923892685 ], [ -45.431701001731504, -23.710152423296222 ], [ -45.431600410253246, -23.710307922634723 ], [ -45.431499818538562, -23.710463421908187 ], [ -45.431399226587459, -23.710618921116605 ], [ -45.431298634399923, -23.710774420259991 ], [ -45.431198041975961, -23.71092991933833 ], [ -45.431097449315558, -23.711085418351619 ] ] } },
{ "type": "Feature", "properties": { "regiao": 3, "rodovia": "SP 055", "ra_geo": 1.0, "ra_hid": 0.0, "ra": 1, "km": 112.4, "fonte": "tabela", "fonte_geo": "figura", "fonte_hid": "tabela" }, "geometry": { "type": "LineString", "coordinates": [ [ -45.43099685641873, -23.711240917299875 ], [ -45.430896263285454, -23.711396416183078 ], [ -45.430795669915746, -23.71155191500123 ], [ -45.43069507630959, -23.711707413754333 ] ] } },
{ "type": "Feature", "properties": { "regiao": 3, "rodovia": "SP 055", "ra_geo": 3.0, "ra_hid": 1.0, "ra": 3, "km": 112.5, "fonte": "tabela", "fonte_geo": "figura", "fonte_hid": "tabela" }, "geometry": { "type": "LineString", "coordinates": [ [ -45.430594482466994, -23.711862912442385 ], [ -45.430493888387936, -23.712018411065383 ], [ -45.430393294072438, -23.712173909623328 ], [ -45.430292699520479, -23.712329408116211 ], [ -45.430217356202846, -23.712494928272289 ], [ -45.430157944295296, -23.712666716152466 ] ] } },
{ "type": "Feature", "properties": { "regiao": 3, "rodovia": "SP 055", "ra_geo": 3.0, "ra_hid": 1.0, "ra": 3, "km": 112.79, "fonte": "tabela", "fonte_geo": "figura", "fonte_hid": "tabela" }, "geometry": { "type": "LineString", "coordinates": [ [ -45.430157944295296, -23.712666716152466 ], [ -45.430052770341987, -23.712823277028999 ], [ -45.429961850763959, -23.712987238853415 ], [ -45.429870930961236, -23.713151200624242 ], [ -45.429780010933804, -23.713315162341459 ], [ -45.429679382230326, -23.713473676051482 ], [ -45.429562780787315, -23.713623226631281 ], [ -45.429446179079839, -23.71377277712417 ], [ -45.429329577107879, -23.713922327530156 ], [ -45.429212890340487, -23.714071821672498 ], [ -45.429095455898256, -23.714220819021079 ], [ -45.428978021190588, -23.714369816281536 ] ] } },
{ "type": "Feature", "properties": { "regiao": 3, "rodovia": "SP 055", "ra_geo": 3.0, "ra_hid": 0.0, "ra": 3, "km": 113.28, "fonte": "tabela", "fonte_geo": "tabela", "fonte_hid": "tabela" }, "geometry": { "type": "LineString", "coordinates": [ [ -45.428867598567109, -23.714523096620848 ], [ -45.428764166240278, -23.714680646736962 ], [ -45.428660733667016, -23.714838196784328 ], [ -45.428557300847309, -23.714995746762916 ], [ -45.428453867781172, -23.715153296672767 ], [ -45.428350434468577, -23.715310846513844 ], [ -45.42824700090955, -23.715468396286177 ], [ -45.428143567104065, -23.715625945989725 ], [ -45.428040133052129, -23.715783495624521 ], [ -45.42793669875374, -23.71594104519054 ] ] } },
{ "type": "Feature", "properties": { "regiao": 3, "rodovia": "SP 055", "ra_geo": 3.0, "ra_hid": 1.0, "ra": 3, "km": 113.68, "fonte": "tabela", "fonte_geo": "tabela", "fonte_hid": "tabela" }, "geometry": { "type": "LineString", "coordinates": [ [ -45.427833264208893, -23.7160985946878 ], [ -45.427729829417579, -23.716256144116297 ], [ -45.427626394379807, -23.716413693476007 ], [ -45.427522959095569, -23.716571242766953 ], [ -45.427419523564865, -23.716728791989116 ], [ -45.42731608778768, -23.716886341142509 ], [ -45.427212651764023, -23.717043890227117 ], [ -45.427109215493886, -23.717201439242952 ] ] } },
{ "type": "Feature", "properties": { "regiao": 3, "rodovia": "SP 055", "ra_geo": 1.0, "ra_hid": 2.0, "ra": 2, "km": 114.19, "fonte": "tabela", "fonte_geo": "tabela", "fonte_hid": "figura" }, "geometry": { "type": "LineString", "coordinates": [ [ -45.427005778977275, -23.717358988190004 ], [ -45.426902342214177, -23.717516537068281 ], [ -45.426798905204592, -23.717674085877768 ], [ -45.426695467948527, -23.717831634618459 ], [ -45.42659203044596, -23.717989183290374 ], [ -45.426505907075523, -23.71815502398719 ], [ -45.426425183306257, -23.718323450681563 ], [ -45.426359133365452, -23.718497170000894 ], [ -45.426294120198541, -23.718671263298713 ], [ -45.426222074580835, -23.718842564345138 ], [ -45.426129182719905, -23.719005588263208 ], [ -45.426036290630499, -23.71916861212538 ], [ -45.425915861117538, -23.719313494921515 ], [ -45.425778256138358, -23.719447062898364 ], [ -45.425640650879089, -23.719580630754528 ] ] } },
{ "type": "Feature", "properties": { "regiao": 3, "rodovia": "SP 055", "ra_geo": 1.0, "ra_hid": null, "ra": 1, "km": 114.67, "fonte": "tabela", "fonte_geo": "tabela", "fonte_hid": "figura" }, "geometry": { "type": "LineString", "coordinates": [ [ -45.425640650879089, -23.719580630754528 ], [ -45.425517806353497, -23.719722122169188 ], [ -45.42539496156374, -23.719863613487508 ], [ -45.425278982893808, -23.720009436717621 ], [ -45.425180005287075, -23.720165986014074 ], [ -45.425081141834283, -23.720322595598528 ], [ -45.424984482981955, -23.72048036838871 ], [ -45.424887823899205, -23.720638141118631 ], [ -45.424791164586033, -23.720795913788265 ], [ -45.424694505042446, -23.720953686397621 ], [ -45.42459784526843, -23.721111458946691 ], [ -45.424498693646711, -23.721267889972093 ], [ -45.424396744324461, -23.721422814804086 ], [ -45.424294794763263, -23.721577739569234 ], [ -45.424192844963095, -23.721732664267538 ], [ -45.424090894923957, -23.721887588899001 ], [ -45.423988944645856, -23.722042513463613 ], [ -45.423886994128779, -23.722197437961384 ], [ -45.423785043372732, -23.722352362392296 ] ] } },
{ "type": "Feature", "properties": { "regiao": 3, "rodovia": "SP 055", "ra_geo": 2.0, "ra_hid": null, "ra": 2, "km": 114.89, "fonte": "tabela", "fonte_geo": "tabela", "fonte_hid": "figura" }, "geometry": { "type": "LineString", "coordinates": [ [ -45.423683092377708, -23.722507286756358 ], [ -45.4235811411437, -23.722662211053567 ], [ -45.423479189670701, -23.722817135283918 ], [ -45.423377237958725, -23.722972059447418 ] ] } },
{ "type": "Feature", "properties": { "regiao": 3, "rodovia": "SP 055", "ra_geo": 4.0, "ra_hid": 3.0, "ra": 4, "km": 114.99, "fonte": "tabela", "fonte_geo": "tabela", "fonte_hid": "figura" }, "geometry": { "type": "LineString", "coordinates": [ [ -45.423275286007765, -23.723126983544063 ], [ -45.423173333817807, -23.723281907573842 ], [ -45.423071381388851, -23.723436831536755 ], [ -45.422969428720911, -23.723591755432807 ], [ -45.422867475813966, -23.723746679262 ], [ -45.422765522668016, -23.723901603024338 ], [ -45.422663569283067, -23.724056526719799 ] ] } },
{ "type": "Feature", "properties": { "regiao": 3, "rodovia": "SP 055", "ra_geo": 2.0, "ra_hid": 3.0, "ra": 3, "km": 115.11, "fonte": "tabela", "fonte_geo": "tabela", "fonte_hid": "figura" }, "geometry": { "type": "LineString", "coordinates": [ [ -45.422561615659106, -23.724211450348381 ], [ -45.422459661796147, -23.724366373910108 ], [ -45.422357707694161, -23.724521297404952 ], [ -45.422255753353163, -23.724676220832929 ], [ -45.422153798773145, -23.724831144194042 ] ] } },
{ "type": "Feature", "properties": { "regiao": 3, "rodovia": "SP 055", "ra_geo": 1.0, "ra_hid": null, "ra": 1, "km": 115.2, "fonte": "tabela", "fonte_geo": "tabela", "fonte_hid": "figura" }, "geometry": { "type": "LineString", "coordinates": [ [ -45.422051843954115, -23.724986067488274 ], [ -45.421949888896059, -23.725140990715619 ], [ -45.421847933598968, -23.725295913876085 ], [ -45.421745978062859, -23.725450836969674 ], [ -45.421644022287715, -23.725605759996384 ] ] } },
{ "type": "Feature", "properties": { "regiao": 3, "rodovia": "SP 055", "ra_geo": 2.0, "ra_hid": null, "ra": 2, "km": 115.32, "fonte": "tabela", "fonte_geo": "tabela", "fonte_hid": "figura" }, "geometry": { "type": "LineString", "coordinates": [ [ -45.421542066273538, -23.725760682956217 ], [ -45.42144011002032, -23.725915605849163 ], [ -45.421338153528062, -23.726070528675212 ], [ -45.421236196796762, -23.726225451434377 ], [ -45.421134239826422, -23.726380374126656 ], [ -45.42101812271077, -23.726526125303984 ], [ -45.420894184524769, -23.72666681080781 ] ] } },
{ "type": "Feature", "properties": { "regiao": 3, "rodovia": "SP 055", "ra_geo": 1.0, "ra_hid": null, "ra": 1, "km": 115.43, "fonte": "tabela", "fonte_geo": "tabela", "fonte_hid": "figura" }, "geometry": { "type": "LineString", "coordinates": [ [ -45.420770246073602, -23.726807496213539 ], [ -45.420608614865927, -23.72690744170157 ], [ -45.420438034394692, -23.726997714485783 ], [ -45.420262068704005, -23.727072869996448 ], [ -45.42006654898239, -23.72709313225409 ] ] } },
{ "type": "Feature", "properties": { "regiao": 3, "rodovia": "SP 055", "ra_geo": 1.0, "ra_hid": null, "ra": 1, "km": 115.55, "fonte": "tabela", "fonte_geo": "tabela", "fonte_hid": "figura" }, "geometry": { "type": "LineString", "coordinates": [ [ -45.419871029196258, -23.72711339426537 ], [ -45.419678639138326, -23.727090553921403 ], [ -45.419487788631649, -23.727046512611572 ], [ -45.419297224318669, -23.727001736369029 ], [ -45.419119446574825, -23.726924121312052 ], [ -45.41894166903888, -23.726846506046982 ], [ -45.418763891710803, -23.726768890573808 ] ] } },
{ "type": "Feature", "properties": { "regiao": 3, "rodovia": "SP 055", "ra_geo": 4.0, "ra_hid": 2.0, "ra": 4, "km": 115.78, "fonte": "tabela", "fonte_geo": "tabela", "fonte_hid": "figura" }, "geometry": { "type": "LineString", "coordinates": [ [ -45.418586114590624, -23.726691274892552 ], [ -45.418408337678329, -23.726613659003203 ], [ -45.418230560973917, -23.726536042905749 ], [ -45.418039962561558, -23.72649395505934 ], [ -45.417847081797689, -23.726458191482234 ], [ -45.417654201135228, -23.726422427662939 ], [ -45.41746919129281, -23.72646373918834 ], [ -45.417286930543902, -23.72653197305965 ], [ -45.417104669602274, -23.726600206718242 ], [ -45.416943406774685, -23.726699627961914 ], [ -45.416795949887103, -23.726819554744488 ], [ -45.416648492729202, -23.726939481388403 ], [ -45.416488337590273, -23.727042500657756 ], [ -45.416314395551851, -23.727127162554385 ], [ -45.416137857226126, -23.727201142409278 ], [ -45.415941311286382, -23.727192798315468 ], [ -45.415744765367542, -23.727184453971525 ] ] } },
{ "type": "Feature", "properties": { "regiao": 3, "rodovia": "SP 055", "ra_geo": 4.0, "ra_hid": 1.0, "ra": 4, "km": 116.04, "fonte": "tabela", "fonte_geo": "tabela", "fonte_hid": "figura" }, "geometry": { "type": "LineString", "coordinates": [ [ -45.41555316831554, -23.727143461914746 ], [ -45.415361650460682, -23.727101947927252 ], [ -45.415170132723432, -23.727060433700689 ], [ -45.414991673323158, -23.726986008328009 ], [ -45.414816183840408, -23.726904098126258 ], [ -45.414652564642054, -23.726806135316476 ], [ -45.414505450360231, -23.726685852376693 ], [ -45.414358336347895, -23.726565569291335 ], [ -45.41421122260504, -23.726445286060425 ], [ -45.414175934000731, -23.726267610216318 ], [ -45.41414215728193, -23.72608915845538 ] ] } },
{ "type": "Feature", "properties": { "regiao": 3, "rodovia": "SP 055", "ra_geo": 3.0, "ra_hid": 1.0, "ra": 3, "km": 116.28, "fonte": "tabela", "fonte_geo": "tabela", "fonte_hid": "figura" }, "geometry": { "type": "LineString", "coordinates": [ [ -45.414108380658959, -23.725910706681667 ], [ -45.414074604131812, -23.725732254895195 ], [ -45.414011177584271, -23.72556163831403 ], [ -45.413893332992586, -23.725422391678986 ], [ -45.413745818497453, -23.725302526488683 ], [ -45.413562847730041, -23.725264965491601 ], [ -45.413378274328871, -23.725319376674953 ], [ -45.413212842845098, -23.725410801554208 ], [ -45.41307719909387, -23.7255420127345 ], [ -45.412939322138854, -23.725671237526726 ], [ -45.412769082336858, -23.725752861789136 ], [ -45.412574263097916, -23.725753952193188 ], [ -45.412379179609673, -23.725731370182373 ], [ -45.412184477523937, -23.725705286178012 ] ] } },
{ "type": "Feature", "properties": { "regiao": 3, "rodovia": "SP 055", "ra_geo": 3.0, "ra_hid": 3.0, "ra": 3, "km": 116.55, "fonte": "tabela", "fonte_geo": "tabela", "fonte_hid": "figura" }, "geometry": { "type": "LineString", "coordinates": [ [ -45.411992694909394, -23.725666244911459 ], [ -45.411811432612872, -23.725596090589171 ], [ -45.411630786949239, -23.725524311059282 ], [ -45.411450141480614, -23.725452531315 ], [ -45.411269496207012, -23.725380751356326 ], [ -45.411088851128412, -23.725308971183271 ], [ -45.410908206244841, -23.72523719079582 ], [ -45.410727561556271, -23.725165410193998 ], [ -45.410546917062732, -23.725093629377781 ], [ -45.410357667644632, -23.725044155554041 ], [ -45.410168311883005, -23.724994957532868 ], [ -45.409978956260026, -23.72494575927761 ], [ -45.409794647292124, -23.724956776163751 ], [ -45.409615730614568, -23.725032135427611 ] ] } },
{ "type": "Feature", "properties": { "regiao": 3, "rodovia": "SP 055", "ra_geo": 4.0, "ra_hid": 3.0, "ra": 4, "km": 116.81, "fonte": "tabela", "fonte_geo": "tabela", "fonte_hid": "figura" }, "geometry": { "type": "LineString", "coordinates": [ [ -45.409436813728668, -23.725107494486611 ], [ -45.409368114376633, -23.72525843181414 ], [ -45.409340927709763, -23.725437835232707 ], [ -45.409305246241551, -23.725614556401769 ], [ -45.409207113448119, -23.725771558354481 ], [ -45.409101224398327, -23.725922202209983 ], [ -45.408943173414514, -23.726030086172642 ], [ -45.40877206089926, -23.726117374180649 ], [ -45.408592322107417, -23.726191059900867 ], [ -45.408412583110795, -23.72626474541428 ], [ -45.408232843909396, -23.72633843072089 ], [ -45.408056207453811, -23.726416323523601 ], [ -45.407923907034288, -23.726548832407833 ], [ -45.407889513271854, -23.726717223732141 ] ] } },
{ "type": "Feature", "properties": { "regiao": 3, "rodovia": "SP 055", "ra_geo": 1.0, "ra_hid": 0.0, "ra": 1, "km": 117.02, "fonte": "tabela", "fonte_geo": "tabela", "fonte_hid": "figura" }, "geometry": { "type": "LineString", "coordinates": [ [ -45.407920101560805, -23.72689616233388 ], [ -45.407950689937131, -23.727075100924282 ], [ -45.407926915380052, -23.727252049847834 ], [ -45.4078285440225, -23.727407080795803 ], [ -45.407683800481053, -23.727526787511628 ], [ -45.407519494547927, -23.727618361072285 ], [ -45.407322983636206, -23.727609329938378 ], [ -45.407137983012312, -23.727562919957389 ] ] } },
{ "type": "Feature", "properties": { "regiao": 3, "rodovia": "SP 055", "ra_geo": 2.0, "ra_hid": 0.0, "ra": 2, "km": 117.14, "fonte": "tabela", "fonte_geo": "tabela", "fonte_hid": "figura" }, "geometry": { "type": "LineString", "coordinates": [ [ -45.406965561799076, -23.727475659774697 ], [ -45.406793140813228, -23.727388399395661 ], [ -45.406620720054761, -23.727301138820273 ], [ -45.4064558150572, -23.727202738477988 ] ] } },
{ "type": "Feature", "properties": { "regiao": 3, "rodovia": "SP 055", "ra_geo": 4.0, "ra_hid": 3.0, "ra": 4, "km": 117.41, "fonte": "tabela", "fonte_geo": "tabela", "fonte_hid": "figura" }, "geometry": { "type": "LineString", "coordinates": [ [ -45.406294432276965, -23.727099117676175 ], [ -45.406133049750466, -23.726995496701083 ], [ -45.405971667477715, -23.726891875552734 ], [ -45.405810285458706, -23.72678825423111 ], [ -45.405648903693439, -23.726684632736223 ], [ -45.405487522181907, -23.726581011068077 ], [ -45.405329185766568, -23.726473491272618 ], [ -45.405171127087741, -23.72636561608812 ], [ -45.405013068667884, -23.726257740737054 ], [ -45.404855010506978, -23.726149865219394 ], [ -45.404697818108076, -23.726040933098808 ], [ -45.404541724859307, -23.725930659505931 ], [ -45.404358690803832, -23.725884860474313 ], [ -45.404165551110033, -23.72589413720743 ], [ -45.403978197035293, -23.725949454856099 ], [ -45.403790842799175, -23.726004772279584 ], [ -45.403603488401671, -23.726060089477873 ], [ -45.403416133842789, -23.726115406450951 ], [ -45.403228779122536, -23.726170723198834 ], [ -45.403041424240897, -23.726226039721507 ], [ -45.402854069197893, -23.726281356018973 ], [ -45.402677170624486, -23.726355556702355 ], [ -45.402523588447032, -23.726466217752542 ], [ -45.40245854781903, -23.726636854071046 ], [ -45.402426964682682, -23.726814187728419 ] ] } },
{ "type": "Feature", "properties": { "regiao": 3, "rodovia": "SP 055", "ra_geo": 3.0, "ra_hid": 3.0, "ra": 3, "km": 117.74, "fonte": "tabela", "fonte_geo": "tabela", "fonte_hid": "figura" }, "geometry": { "type": "LineString", "coordinates": [ [ -45.402484742721562, -23.726987342571626 ], [ -45.402603661036807, -23.727127578866202 ], [ -45.402765666625719, -23.727226550952771 ], [ -45.402902545436355, -23.727356673854555 ], [ -45.40303942451888, -23.727486796629325 ], [ -45.403176303873273, -23.727616919277086 ], [ -45.403313183499556, -23.727747041797823 ], [ -45.40345006339772, -23.727877164191547 ], [ -45.403583583716582, -23.728010062048273 ], [ -45.403709325348522, -23.728149386025219 ] ] } },
{ "type": "Feature", "properties": { "regiao": 3, "rodovia": "SP 055", "ra_geo": 3.0, "ra_hid": null, "ra": 3, "km": 118.08, "fonte": "tabela", "fonte_geo": "tabela", "fonte_hid": "figura" }, "geometry": { "type": "LineString", "coordinates": [ [ -45.403828697240662, -23.728293113977283 ], [ -45.403938975075128, -23.72844312944763 ], [ -45.404014781497345, -23.728609491660567 ], [ -45.404075043372742, -23.728781886287255 ], [ -45.404114056930531, -23.728959159740366 ], [ -45.40414755773638, -23.729137655824061 ], [ -45.404181058637249, -23.729316151895162 ], [ -45.404214559633154, -23.72949464795364 ], [ -45.404211688530069, -23.72967574946993 ], [ -45.404208581426978, -23.729856867887253 ], [ -45.40420275653306, -23.730037498549006 ], [ -45.404118048510945, -23.730200993350302 ], [ -45.404033340280023, -23.730364488104623 ], [ -45.403948631840294, -23.730527982811985 ], [ -45.403825048734355, -23.730664062539578 ], [ -45.403675641439797, -23.730781930665316 ], [ -45.403526233875901, -23.730899798648569 ], [ -45.403373056923584, -23.731013322671661 ], [ -45.403215181224994, -23.731121431653882 ], [ -45.403057305264802, -23.731229540476932 ], [ -45.402899429042989, -23.731337649140844 ], [ -45.402741552559576, -23.731445757645591 ], [ -45.402583496653477, -23.73155364120548 ], [ -45.402424104902586, -23.731659848904389 ], [ -45.402263745899525, -23.73176479271228 ] ] } },
{ "type": "Feature", "properties": { "regiao": 3, "rodovia": "SP 055", "ra_geo": 1.0, "ra_hid": null, "ra": 1, "km": 118.39, "fonte": "tabela", "fonte_geo": "tabela", "fonte_hid": "figura" }, "geometry": { "type": "LineString", "coordinates": [ [ -45.402101449714799, -23.731867205054279 ], [ -45.401939153274981, -23.731969617228032 ], [ -45.401776856580064, -23.732072029233525 ], [ -45.401614559630069, -23.732174441070747 ], [ -45.401452262424982, -23.732276852739716 ], [ -45.401288877660456, -23.732377712097033 ], [ -45.401120588039795, -23.732471569876243 ], [ -45.400952298176229, -23.73256542747442 ] ] } },
{ "type": "Feature", "properties": { "regiao": 3, "rodovia": "SP 055", "ra_geo": 4.0, "ra_hid": null, "ra": 4, "km": 118.54, "fonte": "tabela", "fonte_geo": "tabela", "fonte_hid": "figura" }, "geometry": { "type": "LineString", "coordinates": [ [ -45.400780501768331, -23.732653190138393 ], [ -45.400601605111383, -23.732728611132504 ], [ -45.400422708245934, -23.732804031921681 ], [ -45.400247324651886, -23.732885774934601 ], [ -45.400076210390061, -23.732975200733982 ], [ -45.39990509589267, -23.73306462634611 ], [ -45.399771900160644, -23.733189778174793 ], [ -45.399670824391102, -23.733345192817492 ] ] } },
{ "type": "Feature", "properties": { "regiao": 3, "rodovia": "SP 055", "ra_geo": 3.0, "ra_hid": null, "ra": 3, "km": 118.91, "fonte": "tabela", "fonte_geo": "tabela", "fonte_hid": "figura" }, "geometry": { "type": "LineString", "coordinates": [ [ -45.399573875513767, -23.733501641019423 ], [ -45.399575497212808, -23.733682775868552 ], [ -45.399577118920298, -23.733863910713374 ], [ -45.399651055548226, -23.734026176248243 ], [ -45.399752919048872, -23.734181154747379 ], [ -45.399838721523778, -23.73434293755296 ], [ -45.399900327871144, -23.734514971119673 ], [ -45.399944559198282, -23.734690294973454 ], [ -45.399961714686015, -23.734870746148154 ], [ -45.399978870224913, -23.735051197316118 ], [ -45.400004823086448, -23.735230658411549 ], [ -45.400034389600791, -23.735409680843588 ], [ -45.400038105020506, -23.735590789496992 ], [ -45.400036456186164, -23.735771828098567 ], [ -45.400027162168577, -23.735952766863949 ], [ -45.400017868129282, -23.736133705624901 ], [ -45.400075996759831, -23.736304920519235 ], [ -45.400144955110136, -23.736474573514972 ], [ -45.40021391364202, -23.736644226473828 ], [ -45.400304830769038, -23.736803279643794 ], [ -45.40041720613889, -23.736951974543366 ], [ -45.400542801278796, -23.737088789402222 ], [ -45.400701573274347, -23.737195789377331 ], [ -45.400866815811938, -23.737288985363914 ], [ -45.401060307562538, -23.73732191409913 ], [ -45.401253799406668, -23.737354842590769 ], [ -45.401447291344326, -23.737387770838787 ], [ -45.401623154511391, -23.737460983695062 ], [ -45.401787408782077, -23.737560725093104 ], [ -45.401951663301261, -23.737660466311986 ] ] } },
{ "type": "Feature", "properties": { "regiao": 3, "rodovia": "SP 055", "ra_geo": 4.0, "ra_hid": null, "ra": 4, "km": 119.36, "fonte": "tabela", "fonte_geo": "tabela", "fonte_hid": "figura" }, "geometry": { "type": "LineString", "coordinates": [ [ -45.40209701832336, -23.737780292030354 ], [ -45.402227680629956, -23.737915731786799 ], [ -45.402358343207169, -23.738051171426811 ], [ -45.402411358067383, -23.738216523771662 ], [ -45.4024244272982, -23.738397264627778 ], [ -45.402437496569043, -23.738578005478093 ], [ -45.402450565879903, -23.738758746322599 ], [ -45.402463635230788, -23.738939487161296 ], [ -45.402476704621698, -23.739120227994192 ], [ -45.402519312516944, -23.739294748748147 ], [ -45.402592900673945, -23.739462745821964 ], [ -45.402666489022565, -23.739630742854551 ], [ -45.402744169937506, -23.739796141778786 ], [ -45.402888602417185, -23.739919163150596 ], [ -45.403033035167809, -23.740042184381839 ], [ -45.403177468189384, -23.740165205472518 ], [ -45.403350381336516, -23.740246374727089 ], [ -45.403533650263924, -23.740312326037493 ] ] } },
{ "type": "Feature", "properties": { "regiao": 3, "rodovia": "SP 055", "ra_geo": 3.0, "ra_hid": null, "ra": 3, "km": 119.69, "fonte": "tabela", "fonte_geo": "tabela", "fonte_hid": "figura" }, "geometry": { "type": "LineString", "coordinates": [ [ -45.403715348487331, -23.740381850967665 ], [ -45.403900972664708, -23.740440996477716 ], [ -45.404090218098744, -23.740490625484249 ], [ -45.404279463672758, -23.740540254256846 ], [ -45.40446370568624, -23.740602367164666 ], [ -45.404629558996874, -23.740699845919341 ], [ -45.404752919010818, -23.740839933228408 ], [ -45.404813350483586, -23.741011890463245 ], [ -45.40492029691687, -23.741162329122844 ], [ -45.405022597085086, -23.741315897646466 ], [ -45.405102231494155, -23.741481542085385 ], [ -45.405196926228285, -23.74164001828348 ], [ -45.405309596191309, -23.741787513500071 ], [ -45.405441537482908, -23.741921901603156 ], [ -45.405573479045628, -23.742056289587598 ], [ -45.405705420879485, -23.742190677453408 ] ] } },
{ "type": "Feature", "properties": { "regiao": 3, "rodovia": "SP 055", "ra_geo": 4.0, "ra_hid": null, "ra": 4, "km": 119.92, "fonte": "tabela", "fonte_geo": "tabela", "fonte_hid": "figura" }, "geometry": { "type": "LineString", "coordinates": [ [ -45.405837362984464, -23.742325065200582 ], [ -45.405957765130012, -23.742467920216026 ], [ -45.406070653940468, -23.74261628806962 ], [ -45.406183543008027, -23.742764655834424 ], [ -45.40629226729591, -23.742915599116699 ], [ -45.406398796159607, -23.743067900095316 ], [ -45.406505325272704, -23.743220200994145 ], [ -45.406611854635194, -23.74337250181317 ], [ -45.4067183842471, -23.743524802552404 ] ] } },
{ "type": "Feature", "properties": { "regiao": 3, "rodovia": "SP 055", "ra_geo": 3.0, "ra_hid": null, "ra": 3, "km": 120.21, "fonte": "tabela", "fonte_geo": "tabela", "fonte_hid": "figura" }, "geometry": { "type": "LineString", "coordinates": [ [ -45.4067183842471, -23.743524802552404 ], [ -45.40684075295232, -23.743666535625511 ], [ -45.406963121923269, -23.743808268595526 ], [ -45.40710203865855, -23.743935275622672 ], [ -45.407237763702675, -23.744066299754433 ], [ -45.407373489018525, -23.744197323761085 ], [ -45.407506703351082, -23.744330426467734 ], [ -45.407633886631253, -23.744468521806748 ], [ -45.407753214204497, -23.744611634842826 ], [ -45.40784922718862, -23.744769639563962 ], [ -45.407945240406519, -23.744927644219068 ], [ -45.40803053031793, -23.745090650430665 ], [ -45.408112155447334, -23.745255365999423 ], [ -45.408193780784707, -23.745420081518745 ], [ -45.408238051683732, -23.745592870335575 ], [ -45.408297490836596, -23.745765448238849 ], [ -45.408356930149417, -23.745938026113265 ] ] } },
{ "type": "Feature", "properties": { "regiao": 3, "rodovia": "SP 055", "ra_geo": 4.0, "ra_hid": null, "ra": 4, "km": 120.59, "fonte": "tabela", "fonte_geo": "tabela", "fonte_hid": "figura" }, "geometry": { "type": "LineString", "coordinates": [ [ -45.408424387620812, -23.746107911401868 ], [ -45.408499635789539, -23.746275180487636 ], [ -45.408574884153353, -23.746442449530516 ], [ -45.408650132712246, -23.746609718530522 ], [ -45.408725381466219, -23.746776987487628 ], [ -45.408800630415286, -23.746944256401861 ], [ -45.408875879559446, -23.747111525273208 ], [ -45.408952557754404, -23.74727818756374 ], [ -45.40904190745772, -23.74743947093739 ], [ -45.409131257383493, -23.747600754253014 ], [ -45.409230991985183, -23.747756379488365 ], [ -45.409341612499517, -23.747906073534516 ] ] } },
{ "type": "Feature", "properties": { "regiao": 3, "rodovia": "SP 055", "ra_geo": 1.0, "ra_hid": null, "ra": 1, "km": 120.87, "fonte": "tabela", "fonte_geo": "tabela", "fonte_hid": "figura" }, "geometry": { "type": "LineString", "coordinates": [ [ -45.409471247737926, -23.748036860808469 ], [ -45.409641907140873, -23.748126856544783 ], [ -45.409812566776324, -23.748216852088383 ], [ -45.409987561273269, -23.748299489804481 ], [ -45.41015622359641, -23.748391437759636 ], [ -45.410313479313182, -23.748500173640004 ], [ -45.410469066224692, -23.748610751216798 ], [ -45.410613489666424, -23.748733648146064 ], [ -45.410760759847491, -23.748853200841069 ] ] } },
{ "type": "Feature", "properties": { "regiao": 3, "rodovia": "SP 055", "ra_geo": 4.0, "ra_hid": null, "ra": 4, "km": 121.17, "fonte": "tabela", "fonte_geo": "tabela", "fonte_hid": "figura" }, "geometry": { "type": "LineString", "coordinates": [ [ -45.410924904967672, -23.748952936245527 ], [ -45.411086016527669, -23.749056780094502 ], [ -45.411247174126018, -23.749160558532108 ], [ -45.411416250185312, -23.749253054024749 ], [ -45.411535565430434, -23.749396099378146 ], [ -45.411652179548121, -23.749541888855031 ], [ -45.411723707329124, -23.749706228158903 ], [ -45.411763938811411, -23.749883443685825 ], [ -45.411804170406342, -23.750060659196699 ], [ -45.411844402113907, -23.750237874691546 ], [ -45.411877821314121, -23.750416151848285 ], [ -45.411903205618977, -23.750595681164175 ], [ -45.411930861604532, -23.750774909568687 ], [ -45.41196150341964, -23.750953742463921 ] ] } },
{ "type": "Feature", "properties": { "regiao": 3, "rodovia": "SP 055", "ra_geo": 2.0, "ra_hid": null, "ra": 2, "km": 121.41, "fonte": "tabela", "fonte_geo": "tabela", "fonte_hid": "figura" }, "geometry": { "type": "LineString", "coordinates": [ [ -45.41199214532233, -23.751132575347796 ], [ -45.412022787312623, -23.75131140822031 ], [ -45.412053429390504, -23.751490241081459 ], [ -45.412084071555981, -23.751669073931243 ] ] } },
{ "type": "Feature", "properties": { "regiao": 3, "rodovia": "SP 055", "ra_geo": 1.0, "ra_hid": null, "ra": 1, "km": 121.63, "fonte": "tabela", "fonte_geo": "tabela", "fonte_hid": "figura" }, "geometry": { "type": "LineString", "coordinates": [ [ -45.412114713809054, -23.751847906769672 ], [ -45.412145356149729, -23.752026739596744 ], [ -45.412175998578, -23.752205572412453 ], [ -45.412216106359516, -23.752382484380355 ], [ -45.412270002345281, -23.752556598240499 ], [ -45.412323898477887, -23.752730712075937 ], [ -45.412383398479719, -23.752903002030653 ], [ -45.412460387853372, -23.753069599701703 ], [ -45.412535188873534, -23.753237009102865 ], [ -45.412601848631112, -23.753407148541186 ], [ -45.412647781765735, -23.753583185904688 ], [ -45.412693715027523, -23.753759223248835 ], [ -45.412732772295094, -23.753936164381326 ] ] } },
{ "type": "Feature", "properties": { "regiao": 3, "rodovia": "SP 055", "ra_geo": 3.0, "ra_hid": null, "ra": 3, "km": 122.17, "fonte": "tabela", "fonte_geo": "tabela", "fonte_hid": "figura" }, "geometry": { "type": "LineString", "coordinates": [ [ -45.412742204917372, -23.754116999419914 ], [ -45.412753795278356, -23.754297715173639 ], [ -45.412767944260352, -23.754478289481298 ], [ -45.412782093285429, -23.754658863782925 ], [ -45.4127962423536, -23.754839438078516 ], [ -45.412810391464859, -23.755020012368043 ], [ -45.412824540619205, -23.75520058665154 ], [ -45.412841019863897, -23.755380960380535 ], [ -45.412845109284646, -23.755561762899699 ], [ -45.412841745660934, -23.755742637218056 ], [ -45.412816592622356, -23.755922194091124 ], [ -45.412791439518749, -23.756101750956869 ], [ -45.412766286350106, -23.756281307815339 ], [ -45.412741133116413, -23.756460864666497 ], [ -45.41271597981769, -23.756640421510365 ], [ -45.412693064775567, -23.756820215291803 ], [ -45.412673275301472, -23.757000339939932 ], [ -45.412641268716015, -23.757178969664366 ], [ -45.412611182065746, -23.757357865092953 ], [ -45.412584792073794, -23.757537271499395 ], [ -45.412558402013453, -23.75771667789817 ], [ -45.412532011884721, -23.757896084289293 ], [ -45.412505621687593, -23.758075490672756 ], [ -45.412479231422068, -23.758254897048552 ], [ -45.412452841088154, -23.758434303416696 ], [ -45.412426450685835, -23.758613709777183 ], [ -45.412400060215134, -23.758793116130001 ], [ -45.412373669676022, -23.758972522475172 ] ] } },
{ "type": "Feature", "properties": { "regiao": 3, "rodovia": "SP 055", "ra_geo": 1.0, "ra_hid": null, "ra": 1, "km": 122.64, "fonte": "tabela", "fonte_geo": "tabela", "fonte_hid": "figura" }, "geometry": { "type": "LineString", "coordinates": [ [ -45.412347279068513, -23.759151928812681 ], [ -45.412320888392607, -23.75933133514253 ], [ -45.412294549239725, -23.75951074787038 ], [ -45.412268348135783, -23.75969017773939 ], [ -45.412242146963948, -23.759869607600805 ], [ -45.412215945724228, -23.76004903745461 ], [ -45.412189744416601, -23.76022846730082 ], [ -45.412163543041089, -23.760407897139419 ] ] } },
{ "type": "Feature", "properties": { "regiao": 3, "rodovia": "SP 055", "ra_geo": 1.0, "ra_hid": null, "ra": 1, "km": 122.88, "fonte": "tabela", "fonte_geo": "tabela", "fonte_hid": "figura" }, "geometry": { "type": "LineString", "coordinates": [ [ -45.412137341597685, -23.760587326970413 ], [ -45.412090713347553, -23.760762960338628 ], [ -45.412039214896609, -23.760937688550921 ], [ -45.411987716311685, -23.761112416743998 ], [ -45.411888359485417, -23.76126863301759 ], [ -45.411788784827351, -23.761424765059211 ], [ -45.411689209933698, -23.761580897036772 ], [ -45.41158963480445, -23.761737028950304 ], [ -45.411490059439608, -23.76189316079979 ], [ -45.411390483839156, -23.762049292585232 ] ] } },
{ "type": "Feature", "properties": { "regiao": 3, "rodovia": "SP 055", "ra_geo": 1.0, "ra_hid": null, "ra": 1, "km": 123.08, "fonte": "tabela", "fonte_geo": "tabela", "fonte_hid": "figura" }, "geometry": { "type": "LineString", "coordinates": [ [ -45.41129090800311, -23.762205424306632 ], [ -45.411191331931448, -23.76236155596397 ], [ -45.411091755624177, -23.762517687557271 ], [ -45.410986440370188, -23.762670326733673 ], [ -45.410869347656075, -23.762815798686177 ] ] } },
{ "type": "Feature", "properties": { "regiao": 3, "rodovia": "SP 055", "ra_geo": 1.0, "ra_hid": null, "ra": 1, "km": 123.3, "fonte": "tabela", "fonte_geo": "tabela", "fonte_hid": "figura" }, "geometry": { "type": "LineString", "coordinates": [ [ -45.410752254682826, -23.762961270550804 ], [ -45.410631833332445, -23.763103627141621 ], [ -45.410471828332035, -23.763208932747428 ], [ -45.410311823072789, -23.763314238189611 ], [ -45.410151817554713, -23.763419543468203 ], [ -45.409984896366907, -23.7635150114133 ], [ -45.409814958934589, -23.763606188913997 ], [ -45.409645021263458, -23.763697366229955 ], [ -45.409477399610523, -23.76379199034351 ], [ -45.409312862188749, -23.763891204506951 ], [ -45.409148324515847, -23.763990418497315 ], [ -45.408966506468374, -23.764057867298018 ] ] } },
{ "type": "Feature", "properties": { "regiao": 3, "rodovia": "SP 055", "ra_geo": 1.0, "ra_hid": null, "ra": 1, "km": 123.55, "fonte": "tabela", "fonte_geo": "tabela", "fonte_hid": "figura" }, "geometry": { "type": "LineString", "coordinates": [ [ -45.408781619753675, -23.764119675272518 ], [ -45.408598496211077, -23.76418466065104 ], [ -45.40843570606102, -23.764286287777068 ], [ -45.40827291565661, -23.764387914733685 ], [ -45.408120791767992, -23.764500356574832 ], [ -45.407995182347207, -23.764639681614497 ], [ -45.407869572659685, -23.764779006553198 ] ] } },
{ "type": "Feature", "properties": { "regiao": 3, "rodovia": "SP 055", "ra_geo": 4.0, "ra_hid": 2.0, "ra": 4, "km": 123.76, "fonte": "tabela", "fonte_geo": "tabela", "fonte_hid": "figura" }, "geometry": { "type": "LineString", "coordinates": [ [ -45.407743962705425, -23.764918331390906 ], [ -45.40761835248442, -23.765057656127627 ], [ -45.407492741996677, -23.76519698076336 ], [ -45.4073689318476, -23.765337650718568 ], [ -45.407246592073975, -23.765479419445715 ], [ -45.407124252036162, -23.765621188076988 ], [ -45.407001911734156, -23.765762956612409 ], [ -45.40687957116797, -23.765904725051954 ], [ -45.406757230337583, -23.766046493395635 ] ] } },
{ "type": "Feature", "properties": { "regiao": 3, "rodovia": "SP 055", "ra_geo": 3.0, "ra_hid": 2.0, "ra": 3, "km": 123.99, "fonte": "tabela", "fonte_geo": "tabela", "fonte_hid": "figura" }, "geometry": { "type": "LineString", "coordinates": [ [ -45.406634889243009, -23.76618826164345 ], [ -45.406512547884233, -23.76633002979538 ], [ -45.406408895217474, -23.766483408386012 ], [ -45.406311788953595, -23.766640854017574 ], [ -45.40620511214037, -23.76679247707958 ], [ -45.40608576854487, -23.766936393838829 ], [ -45.40596642468789, -23.767080310506778 ], [ -45.405826151079779, -23.767207188465296 ] ] } },
{ "type": "Feature", "properties": { "regiao": 3, "rodovia": "SP 055", "ra_geo": 4.0, "ra_hid": null, "ra": 4, "km": 124.55, "fonte": "tabela", "fonte_geo": "tabela", "fonte_hid": "figura" }, "geometry": { "type": "LineString", "coordinates": [ [ -45.405685518408099, -23.767333774206943 ], [ -45.405546167462909, -23.767461435285384 ], [ -45.405422211568457, -23.767602011319351 ], [ -45.405298255408461, -23.767742587254922 ], [ -45.405174298982914, -23.76788316309208 ], [ -45.405050869784453, -23.768024121106553 ], [ -45.404931462150849, -23.768167993659208 ], [ -45.404812054255679, -23.768311866120442 ], [ -45.404694722783283, -23.768457124814688 ], [ -45.404583203777165, -23.768606263802127 ], [ -45.404471684518228, -23.76875540270963 ], [ -45.404361663048761, -23.768905357476751 ], [ -45.404273277694514, -23.769067096861782 ], [ -45.404184892124128, -23.769228836195829 ], [ -45.404096506337588, -23.769390575478873 ], [ -45.404011408399505, -23.769553680468093 ], [ -45.403938095265488, -23.769721680533582 ], [ -45.403864781503771, -23.769889680399682 ], [ -45.403791467556651, -23.77005768022989 ], [ -45.403718153424116, -23.770225680024197 ], [ -45.403644839106185, -23.770393679782625 ], [ -45.403571524602839, -23.77056167950515 ], [ -45.403498209914076, -23.770729679191788 ], [ -45.403424895039905, -23.770897678842516 ], [ -45.40335157998031, -23.771065678457362 ], [ -45.403278264735292, -23.771233678036296 ], [ -45.403204949304858, -23.771401677579345 ], [ -45.403131491663345, -23.77156962310983 ], [ -45.403054646307055, -23.771736281178292 ], [ -45.402977800757725, -23.771902939207571 ], [ -45.402900955015369, -23.772069597197689 ], [ -45.402824109079972, -23.772236255148627 ], [ -45.40274726295155, -23.772402913060382 ], [ -45.402670416630073, -23.772569570932973 ], [ -45.402593570115563, -23.772736228766369 ] ] } },
{ "type": "Feature", "properties": { "regiao": 3, "rodovia": "SP 055", "ra_geo": 2.0, "ra_hid": null, "ra": 2, "km": 125.11, "fonte": "tabela", "fonte_geo": "tabela", "fonte_hid": "figura" }, "geometry": { "type": "LineString", "coordinates": [ [ -45.402516723407999, -23.772902886560594 ], [ -45.402439876507401, -23.773069544315636 ], [ -45.402363029413742, -23.773236202031498 ], [ -45.402288351126785, -23.773403544402179 ], [ -45.402237867922139, -23.773578524522197 ], [ -45.402187384585886, -23.773753504623571 ], [ -45.40214596188796, -23.773930484545961 ] ] } },
{ "type": "Feature", "properties": { "regiao": 3, "rodovia": "SP 055", "ra_geo": 4.0, "ra_hid": null, "ra": 4, "km": 125.26, "fonte": "tabela", "fonte_geo": "tabela", "fonte_hid": "figura" }, "geometry": { "type": "LineString", "coordinates": [ [ -45.402104716739672, -23.774107503666333 ], [ -45.402068897690192, -23.774285516224563 ], [ -45.402033385314404, -23.774463584935891 ], [ -45.402019448780436, -23.774644122109311 ], [ -45.402006504825124, -23.774824772841139 ] ] } },
{ "type": "Feature", "properties": { "regiao": 3, "rodovia": "SP 055", "ra_geo": 2.0, "ra_hid": null, "ra": 2, "km": 125.41, "fonte": "tabela", "fonte_geo": "tabela", "fonte_hid": "figura" }, "geometry": { "type": "LineString", "coordinates": [ [ -45.401993560838008, -23.775005423568135 ], [ -45.401965161766732, -23.775184245742576 ], [ -45.401928033848293, -23.775362035172627 ], [ -45.401890905832623, -23.775539824591025 ], [ -45.40183074491511, -23.775712177789284 ], [ -45.401770315457107, -23.775884467618042 ] ] } },
{ "type": "Feature", "properties": { "regiao": 3, "rodovia": "SP 055", "ra_geo": 4.0, "ra_hid": null, "ra": 4, "km": 125.61, "fonte": "tabela", "fonte_geo": "tabela", "fonte_hid": "figura" }, "geometry": { "type": "LineString", "coordinates": [ [ -45.401714394771922, -23.776057946333957 ], [ -45.401666515397572, -23.776233545395282 ], [ -45.401621295163153, -23.776409703404159 ], [ -45.401581586890522, -23.776587020009831 ], [ -45.401542073825524, -23.776764373111849 ], [ -45.40150346499312, -23.776941895246697 ], [ -45.401464856059576, -23.777119417369235 ], [ -45.401426247024894, -23.777296939479452 ], [ -45.401387637889073, -23.777474461577373 ] ] } },
{ "type": "Feature", "properties": { "regiao": 3, "rodovia": "SP 055", "ra_geo": 4.0, "ra_hid": null, "ra": 4, "km": 126.07, "fonte": "tabela", "fonte_geo": "tabela", "fonte_hid": "figura" }, "geometry": { "type": "LineString", "coordinates": [ [ -45.401326303532009, -23.777645112286731 ], [ -45.401242980821159, -23.777809114412431 ], [ -45.401159657903868, -23.7779731164925 ], [ -45.401036008684009, -23.778112749991887 ], [ -45.400910330247456, -23.778252032223673 ], [ -45.400781319773195, -23.778388553582882 ], [ -45.400643937836705, -23.778518138292544 ], [ -45.400506555628034, -23.778647722881459 ], [ -45.400372175654248, -23.778779912079987 ], [ -45.400239710707829, -23.778913762721352 ], [ -45.400107245490602, -23.779047613250405 ], [ -45.399974780002566, -23.779181463667143 ], [ -45.399842314243713, -23.779315313971555 ], [ -45.399709848214037, -23.779449164163641 ], [ -45.39957689950888, -23.779582602352932 ], [ -45.399441767901692, -23.779714176836563 ], [ -45.399306636022793, -23.779845751203339 ], [ -45.399171503500483, -23.779977325129973 ], [ -45.399036370615363, -23.780108898860519 ], [ -45.39890123745851, -23.780240472474205 ], [ -45.398766104029932, -23.78037204597101 ], [ -45.398629903101991, -23.780502599908367 ], [ -45.398481991764555, -23.780621967898579 ], [ -45.398334080156538, -23.780741335748861 ], [ -45.39817705045337, -23.78084993071349 ], [ -45.398015075598494, -23.78095268310436 ] ] } },
{ "type": "Feature", "properties": { "regiao": 3, "rodovia": "SP 055", "ra_geo": 2.0, "ra_hid": null, "ra": 2, "km": 126.47, "fonte": "tabela", "fonte_geo": "tabela", "fonte_hid": "figura" }, "geometry": { "type": "LineString", "coordinates": [ [ -45.397853100487637, -23.781055435327339 ], [ -45.397743580732481, -23.781201350614008 ], [ -45.397650665825388, -23.781360929359842 ], [ -45.397561950949182, -23.78152122554015 ], [ -45.397586443949017, -23.781700859951091 ] ] } },
{ "type": "Feature", "properties": { "regiao": 3, "rodovia": "SP 055", "ra_geo": 4.0, "ra_hid": null, "ra": 4, "km": 126.82, "fonte": "tabela", "fonte_geo": "tabela", "fonte_hid": "figura" }, "geometry": { "type": "LineString", "coordinates": [ [ -45.397614132117461, -23.781880064600571 ], [ -45.397650036845505, -23.782057876086931 ], [ -45.397707613593383, -23.782230992085545 ], [ -45.397765190497005, -23.782404108056785 ], [ -45.397829002602585, -23.782574382541284 ], [ -45.397943730280915, -23.782721453618411 ], [ -45.398058458218621, -23.782868524604037 ], [ -45.398173186415711, -23.78301559549816 ], [ -45.398311955926346, -23.783143886742497 ], [ -45.398451016494406, -23.783271950710645 ], [ -45.398590077334902, -23.783400014547777 ], [ -45.398711912857337, -23.783542147487239 ], [ -45.398833582467766, -23.783684416052473 ], [ -45.398934209749008, -23.783836228534071 ], [ -45.398982709330426, -23.784011683936384 ], [ -45.399031209045496, -23.784187139317741 ], [ -45.399060008061184, -23.784365585254314 ], [ -45.399075314280772, -23.784546079390729 ], [ -45.399090620546538, -23.78472657352086 ], [ -45.399072119927524, -23.784906161193387 ], [ -45.399045419407749, -23.785085528999268 ] ] } },
{ "type": "Feature", "properties": { "regiao": 3, "rodovia": "SP 055", "ra_geo": 2.0, "ra_hid": null, "ra": 2, "km": 127.18, "fonte": "tabela", "fonte_geo": "tabela", "fonte_hid": "figura" }, "geometry": { "type": "LineString", "coordinates": [ [ -45.399018718818503, -23.785264896797354 ], [ -45.398992018159809, -23.785444264587642 ], [ -45.398961300719044, -23.785623077579952 ], [ -45.398929602081957, -23.785801755050926 ], [ -45.39889790336197, -23.785980432512439 ], [ -45.398866204559084, -23.786159109964473 ], [ -45.398833790654145, -23.786337666259442 ] ] } },
{ "type": "Feature", "properties": { "regiao": 3, "rodovia": "SP 055", "ra_geo": 4.0, "ra_hid": null, "ra": 4, "km": 127.45, "fonte": "tabela", "fonte_geo": "tabela", "fonte_hid": "figura" }, "geometry": { "type": "LineString", "coordinates": [ [ -45.398794253966649, -23.786515015727296 ], [ -45.398754717175521, -23.7866923651824 ], [ -45.398715180280746, -23.786869714624746 ], [ -45.398633315039831, -23.78703399182082 ], [ -45.398548582150802, -23.787197383418526 ], [ -45.398463803713689, -23.787360753152665 ], [ -45.398366327209096, -23.787518012785139 ], [ -45.398268850471958, -23.787675272355997 ], [ -45.398171797471363, -23.787832729052784 ], [ -45.398092006043235, -23.787998214136877 ], [ -45.398012214415701, -23.788163699178892 ], [ -45.397932422588788, -23.78832918417881 ], [ -45.397949892071935, -23.788509500550273 ] ] } },
{ "type": "Feature", "properties": { "regiao": 3, "rodovia": "SP 055", "ra_geo": 4.0, "ra_hid": null, "ra": 4, "km": 127.93, "fonte": "tabela", "fonte_geo": "tabela", "fonte_hid": "figura" }, "geometry": { "type": "LineString", "coordinates": [ [ -45.397967409906514, -23.788689824280052 ], [ -45.397988396322901, -23.788868213507932 ], [ -45.39807002639543, -23.789032937741997 ], [ -45.398151656676312, -23.789197661926629 ], [ -45.398232733315211, -23.789362611839863 ], [ -45.398310470763121, -23.789528923015929 ], [ -45.398388208411575, -23.78969523414662 ], [ -45.398465946260593, -23.78986154523195 ], [ -45.398543684310177, -23.790027856271902 ], [ -45.398621422560318, -23.790194167266499 ], [ -45.398699161011038, -23.790360478215714 ], [ -45.398776899662323, -23.790526789119564 ], [ -45.39885463851418, -23.790693099978036 ], [ -45.398932377566609, -23.790859410791143 ], [ -45.399010116819625, -23.791025721558864 ], [ -45.399087856273212, -23.791192032281213 ], [ -45.399165595927386, -23.79135834295818 ], [ -45.399243335782138, -23.791524653589786 ], [ -45.399321075837491, -23.791690964176002 ], [ -45.399410919268369, -23.791851815052375 ], [ -45.39949995297485, -23.792013017084908 ], [ -45.399576971954993, -23.792179611601657 ], [ -45.399617066423779, -23.792355207509939 ], [ -45.399639785684997, -23.792535039120683 ] ] } },
{ "type": "Feature", "properties": { "regiao": 3, "rodovia": "SP 055", "ra_geo": 1.0, "ra_hid": null, "ra": 1, "km": 128.39, "fonte": "tabela", "fonte_geo": "tabela", "fonte_hid": "figura" }, "geometry": { "type": "LineString", "coordinates": [ [ -45.399682011949558, -23.792711465546944 ], [ -45.399741142049628, -23.79288411315288 ], [ -45.399801374626904, -23.793056463360575 ], [ -45.399861607366283, -23.7932288135388 ], [ -45.399915186556058, -23.793403011252671 ], [ -45.39996861580493, -23.793577250617453 ], [ -45.400022045199663, -23.793751489957906 ], [ -45.40008406430254, -23.793923278610201 ], [ -45.400147132230614, -23.794094768041514 ], [ -45.400210200327379, -23.794266257441034 ], [ -45.400272095437721, -23.794438097979629 ] ] } },
{ "type": "Feature", "properties": { "regiao": 3, "rodovia": "SP 055", "ra_geo": 3.0, "ra_hid": null, "ra": 3, "km": 128.64, "fonte": "tabela", "fonte_geo": "tabela", "fonte_hid": "figura" }, "geometry": { "type": "LineString", "coordinates": [ [ -45.400330749912612, -23.794610908585224 ], [ -45.400389404545919, -23.794783719162581 ], [ -45.400448059337641, -23.794956529711708 ], [ -45.400506714287772, -23.795129340232609 ], [ -45.400565369396325, -23.79530215072527 ], [ -45.400624024663301, -23.79547496118969 ], [ -45.400682680088693, -23.795647771625877 ], [ -45.400741335672514, -23.795820582033823 ] ] } },
{ "type": "Feature", "properties": { "regiao": 3, "rodovia": "SP 055", "ra_geo": 4.0, "ra_hid": 0.0, "ra": 4, "km": 128.88, "fonte": "tabela", "fonte_geo": "tabela", "fonte_hid": "figura" }, "geometry": { "type": "LineString", "coordinates": [ [ -45.400801167783293, -23.795993050277371 ], [ -45.400861107525614, -23.796165487234973 ], [ -45.400921047429378, -23.796337924163318 ], [ -45.400980987494606, -23.796510361062428 ], [ -45.401040927721283, -23.796682797932277 ], [ -45.401100868109431, -23.796855234772877 ], [ -45.401160808659029, -23.797027671584225 ], [ -45.401220749370097, -23.797200108366322 ], [ -45.401280690242629, -23.797372545119156 ], [ -45.401340631276632, -23.797544981842755 ] ] } },
{ "type": "Feature", "properties": { "regiao": 3, "rodovia": "SP 055", "ra_geo": 1.0, "ra_hid": 0.0, "ra": 1, "km": 129.3, "fonte": "tabela", "fonte_geo": "tabela", "fonte_hid": "figura" }, "geometry": { "type": "LineString", "coordinates": [ [ -45.401400572472106, -23.797717418537093 ], [ -45.401460513829051, -23.797889855202175 ], [ -45.401520455347466, -23.798062291838004 ], [ -45.401580397027367, -23.798234728444573 ], [ -45.401640338868738, -23.798407165021882 ], [ -45.401700280871594, -23.798579601569941 ], [ -45.401760223035943, -23.798752038088743 ], [ -45.401820165361769, -23.798924474578293 ], [ -45.401880107849081, -23.799096911038568 ], [ -45.401940050497885, -23.799269347469597 ], [ -45.401999993308188, -23.799441783871359 ], [ -45.402059936279976, -23.799614220243864 ], [ -45.402119879413263, -23.799786656587106 ], [ -45.402179822708042, -23.799959092901091 ], [ -45.402239766164335, -23.800131529185812 ], [ -45.402299709782127, -23.80030396544127 ], [ -45.402361325537825, -23.800475897579883 ], [ -45.402423911782321, -23.800647537143014 ], [ -45.40248649819447, -23.800819176674747 ], [ -45.402549084774286, -23.800990816175069 ], [ -45.402611671521754, -23.801162455643976 ], [ -45.402674258436896, -23.801334095081469 ] ] } },
{ "type": "Feature", "properties": { "regiao": 3, "rodovia": "SP 055", "ra_geo": 1.0, "ra_hid": null, "ra": 1, "km": 129.8, "fonte": "tabela", "fonte_geo": "tabela", "fonte_hid": "figura" }, "geometry": { "type": "LineString", "coordinates": [ [ -45.402736845519691, -23.801505734487552 ], [ -45.402799432770152, -23.801677373862216 ], [ -45.402861977953613, -23.801849025626613 ], [ -45.402919190429671, -23.80202224574931 ], [ -45.402976403060798, -23.80219546584485 ], [ -45.403033615846986, -23.802368685913251 ], [ -45.403090828788251, -23.802541905954513 ], [ -45.403148041884577, -23.802715125968639 ], [ -45.403205255135987, -23.802888345955612 ], [ -45.403262468542472, -23.803061565915439 ], [ -45.403325670640768, -23.803233000200745 ], [ -45.403389756223902, -23.803404171069072 ], [ -45.403453841978155, -23.803575341904722 ], [ -45.403517927903536, -23.803746512707701 ], [ -45.403582014000051, -23.803917683477994 ], [ -45.403646100267693, -23.804088854215617 ] ] } },
{ "type": "Feature", "properties": { "regiao": 3, "rodovia": "SP 055", "ra_geo": 1.0, "ra_hid": 3.0, "ra": 3, "km": 130.06, "fonte": "tabela", "fonte_geo": "tabela", "fonte_hid": "figura" }, "geometry": { "type": "LineString", "coordinates": [ [ -45.559703725611172, -23.791467745710719 ], [ -45.55952301302608, -23.791538414504803 ], [ -45.559342300241703, -23.791609083090304 ], [ -45.559161587258039, -23.791679751467239 ], [ -45.558980874075083, -23.791750419635584 ], [ -45.558800160692854, -23.791821087595356 ], [ -45.558619447111326, -23.791891755346548 ], [ -45.558438733330526, -23.791962422889135 ] ] } },
{ "type": "Feature", "properties": { "regiao": 3, "rodovia": "SP 055", "ra_geo": 1.0, "ra_hid": null, "ra": 1, "km": 130.22, "fonte": "tabela", "fonte_geo": "tabela", "fonte_hid": "figura" }, "geometry": { "type": "LineString", "coordinates": [ [ -45.55825801935044, -23.792033090223143 ], [ -45.558077305171068, -23.79210375734856 ], [ -45.557896590792417, -23.792174424265383 ], [ -45.557715876214488, -23.792245090973616 ], [ -45.557535272205001, -23.792315994291211 ], [ -45.557355270939041, -23.792388186478473 ], [ -45.557175269470441, -23.792460378458834 ], [ -45.556995267799216, -23.792532570232289 ], [ -45.556815265925351, -23.792604761798859 ] ] } },
{ "type": "Feature", "properties": { "regiao": 3, "rodovia": "SP 055", "ra_geo": 1.0, "ra_hid": null, "ra": 1, "km": 130.45, "fonte": "tabela", "fonte_geo": "tabela", "fonte_hid": "figura" }, "geometry": { "type": "LineString", "coordinates": [ [ -45.556635263848854, -23.792676953158509 ], [ -45.556455261569724, -23.792749144311269 ], [ -45.556275259087968, -23.792821335257106 ], [ -45.55609525640358, -23.792893525996039 ], [ -45.555913393551386, -23.792961604786683 ], [ -45.555730887189803, -23.793028261211894 ], [ -45.555548380638029, -23.793094917424163 ], [ -45.555365873896058, -23.793161573423507 ], [ -45.555182728650365, -23.793226682904308 ], [ -45.554998154183316, -23.79328833034209 ], [ -45.554812793510948, -23.793344574250963 ], [ -45.554617096748466, -23.793329765942929 ], [ -45.554421482958482, -23.793314077921874 ], [ -45.554256512009424, -23.793228129732199 ], [ -45.554103583432955, -23.793114799331409 ], [ -45.553949291336458, -23.793003091450704 ], [ -45.553791626803275, -23.79289539635915 ] ] } },
{ "type": "Feature", "properties": { "regiao": 3, "rodovia": "SP 055", "ra_geo": 1.0, "ra_hid": 4.0, "ra": 4, "km": 130.67, "fonte": "tabela", "fonte_geo": "tabela", "fonte_hid": "figura" }, "geometry": { "type": "LineString", "coordinates": [ [ -45.553633962528394, -23.79278770110021 ], [ -45.553476298511804, -23.792680005673883 ], [ -45.553318634753502, -23.792572310080164 ], [ -45.553160971253497, -23.792464614319066 ], [ -45.553003308011782, -23.792356918390585 ], [ -45.552845645028356, -23.792249222294735 ], [ -45.552669767733683, -23.792184142280973 ] ] } },
{ "type": "Feature", "properties": { "regiao": 3, "rodovia": "SP 055", "ra_geo": 4.0, "ra_hid": 3.0, "ra": 4, "km": 130.82, "fonte": "tabela", "fonte_geo": "tabela", "fonte_hid": "figura" }, "geometry": { "type": "LineString", "coordinates": [ [ -45.55247461708899, -23.792164155746011 ], [ -45.552280831341832, -23.792152063181312 ], [ -45.552142791651384, -23.792272162656413 ], [ -45.552020391970466, -23.792412541512533 ], [ -45.551878648395643, -23.792537578764804 ], [ -45.551728468579043, -23.792652833831561 ], [ -45.551556251391965, -23.792738431773326 ], [ -45.551376804325656, -23.79281178445682 ], [ -45.551197357054228, -23.792885136934693 ], [ -45.551017909577695, -23.792958489206939 ] ] } },
{ "type": "Feature", "properties": { "regiao": 3, "rodovia": "SP 055", "ra_geo": 4.0, "ra_hid": 4.0, "ra": 4, "km": 131.01, "fonte": "tabela", "fonte_geo": "tabela", "fonte_hid": "figura" }, "geometry": { "type": "LineString", "coordinates": [ [ -45.550837742010458, -23.793030286892854 ], [ -45.550655955863505, -23.793098589950809 ], [ -45.550474169522616, -23.793166892797537 ], [ -45.550292382987806, -23.793235195433034 ], [ -45.55011059625906, -23.793303497857309 ], [ -45.549928809336393, -23.793371800070354 ], [ -45.549747022219805, -23.793440102072164 ], [ -45.549566230235008, -23.793509649666802 ], [ -45.549446618081113, -23.793651890711814 ], [ -45.549375115563628, -23.793820167773312 ], [ -45.549342371732749, -23.793995181304162 ] ] } },
{ "type": "Feature", "properties": { "regiao": 3, "rodovia": "SP 055", "ra_geo": 3.0, "ra_hid": null, "ra": 3, "km": 131.21, "fonte": "tabela", "fonte_geo": "tabela", "fonte_hid": "figura" }, "geometry": { "type": "LineString", "coordinates": [ [ -45.549342242585801, -23.79417586344082 ], [ -45.549500366540606, -23.794265705849572 ], [ -45.549653603796052, -23.794378684379812 ], [ -45.549806841315302, -23.794491662751359 ], [ -45.549960079098369, -23.79460464096422 ], [ -45.550113317145247, -23.794717619018396 ], [ -45.550266555455927, -23.794830596913872 ], [ -45.550340463677905, -23.794992646661864 ], [ -45.550396315585715, -23.795165865710409 ], [ -45.550452167646185, -23.795339084732142 ] ] } },
{ "type": "Feature", "properties": { "regiao": 3, "rodovia": "SP 055", "ra_geo": 4.0, "ra_hid": null, "ra": 4, "km": 131.39, "fonte": "tabela", "fonte_geo": "tabela", "fonte_hid": "figura" }, "geometry": { "type": "LineString", "coordinates": [ [ -45.550479458114353, -23.795517530622206 ], [ -45.550499886630142, -23.79569723227571 ], [ -45.550520315207457, -23.795876933921306 ], [ -45.550547336426455, -23.796055794219722 ], [ -45.550580829196853, -23.796233828623887 ], [ -45.550554799853515, -23.796409790206173 ], [ -45.550506778303969, -23.796584985916375 ], [ -45.550416773738966, -23.796743721994453 ], [ -45.550312838406796, -23.796897018402873 ], [ -45.550204668934065, -23.797047489186603 ] ] } },
{ "type": "Feature", "properties": { "regiao": 3, "rodovia": "SP 055", "ra_geo": 4.0, "ra_hid": null, "ra": 4, "km": 131.69, "fonte": "tabela", "fonte_geo": "tabela", "fonte_hid": "figura" }, "geometry": { "type": "LineString", "coordinates": [ [ -45.550081040246404, -23.797187856490357 ], [ -45.549957142819558, -23.797327997801297 ], [ -45.549804197423896, -23.797427610388784 ], [ -45.549614230353662, -23.797473351651831 ], [ -45.549424263145667, -23.797519092683164 ], [ -45.549230994178004, -23.797492022511801 ], [ -45.549037555773481, -23.797460951206244 ], [ -45.548844168407584, -23.797429612057879 ], [ -45.548648484922175, -23.797416427846283 ], [ -45.548452431498433, -23.797406275605123 ], [ -45.548256426370543, -23.797395379307606 ], [ -45.548078733120576, -23.797324809737848 ], [ -45.547905544618779, -23.797239656375066 ], [ -45.547732356339743, -23.797154502812816 ], [ -45.547544117678626, -23.797105428272925 ], [ -45.547353352841689, -23.797062612201191 ], [ -45.54716178710504, -23.797022917386592 ], [ -45.54697120266821, -23.797061534619871 ], [ -45.546786965740488, -23.797121785180263 ], [ -45.546599595205066, -23.797163567259854 ], [ -45.546403453431878, -23.797172147963405 ], [ -45.546207311627548, -23.797180728418102 ], [ -45.546011439893789, -23.79718418018361 ] ] } },
{ "type": "Feature", "properties": { "regiao": 3, "rodovia": "SP 055", "ra_geo": 3.0, "ra_hid": null, "ra": 3, "km": 131.98, "fonte": "tabela", "fonte_geo": "tabela", "fonte_hid": "figura" }, "geometry": { "type": "LineString", "coordinates": [ [ -45.545817118876826, -23.797158188666497 ], [ -45.545622760539722, -23.797132436458377 ], [ -45.545428344468192, -23.79710705433601 ], [ -45.545233928467027, -23.797081671967224 ], [ -45.545039512536235, -23.797056289352035 ], [ -45.5448450966758, -23.797030906490431 ], [ -45.544651428677177, -23.797001081957362 ], [ -45.544457779454397, -23.796971146158391 ], [ -45.544264130315263, -23.796941210114653 ] ] } },
{ "type": "Feature", "properties": { "regiao": 3, "rodovia": "SP 055", "ra_geo": 2.0, "ra_hid": 0.0, "ra": 2, "km": 132.13, "fonte": "tabela", "fonte_geo": "tabela", "fonte_hid": "figura" }, "geometry": { "type": "LineString", "coordinates": [ [ -45.54407158533607, -23.796906203586101 ], [ -45.543880350623766, -23.796865180179271 ], [ -45.543689116026727, -23.796824156533027 ], [ -45.543495743895967, -23.796802781497082 ], [ -45.543299466472099, -23.796808111263509 ], [ -45.543103189026844, -23.796813440780568 ], [ -45.542922668279061, -23.796856331480758 ], [ -45.542773402314843, -23.796973728724932 ] ] } },
{ "type": "Feature", "properties": { "regiao": 3, "rodovia": "SP 055", "ra_geo": 0.0, "ra_hid": 0.0, "ra": 0, "km": 132.27, "fonte": "tabela", "fonte_geo": "tabela", "fonte_hid": "figura" }, "geometry": { "type": "LineString", "coordinates": [ [ -45.54262413608155, -23.797091125827812 ], [ -45.542536571873256, -23.797249620930184 ], [ -45.542480946760065, -23.797422902175718 ], [ -45.542430587723096, -23.797597393520832 ], [ -45.542391143945828, -23.797774393087145 ], [ -45.542351700066611, -23.797951392641288 ], [ -45.542335942312434, -23.798130075156799 ], [ -45.542345386380738, -23.798310548326416 ] ] } },
{ "type": "Feature", "properties": { "regiao": 3, "rodovia": "SP 055", "ra_geo": 1.0, "ra_hid": 0.0, "ra": 1, "km": 132.39, "fonte": "tabela", "fonte_geo": "tabela", "fonte_hid": "figura" }, "geometry": { "type": "LineString", "coordinates": [ [ -45.542358756589216, -23.798489677958226 ], [ -45.542479771367837, -23.798631971117523 ], [ -45.54260078641137, -23.798774264174526 ], [ -45.542741043765211, -23.798898354361317 ], [ -45.54289898218024, -23.799005718547949 ] ] } },
{ "type": "Feature", "properties": { "regiao": 3, "rodovia": "SP 055", "ra_geo": 1.0, "ra_hid": null, "ra": 1, "km": 132.63, "fonte": "tabela", "fonte_geo": "tabela", "fonte_hid": "figura" }, "geometry": { "type": "LineString", "coordinates": [ [ -45.543056920853303, -23.79911308256672 ], [ -45.543214859784392, -23.799220446417603 ], [ -45.5433727989735, -23.79932781010061 ], [ -45.54353073842065, -23.799435173615748 ], [ -45.543682407900363, -23.799549424551053 ], [ -45.543824974684654, -23.799673674573693 ], [ -45.543969071709839, -23.799796417325741 ], [ -45.544104493566998, -23.799925493267324 ], [ -45.544203348774566, -23.800081610328636 ], [ -45.544302204221076, -23.800237727319164 ], [ -45.544401059906527, -23.800393844238901 ], [ -45.544486228899707, -23.800556547704417 ], [ -45.544569198465361, -23.800720309658743 ], [ -45.544650542362895, -23.800884747523241 ], [ -45.544729276614675, -23.80105027038891 ], [ -45.544808011069655, -23.801215793207227 ], [ -45.54488674572783, -23.801381315978183 ], [ -45.544965480589212, -23.801546838701793 ], [ -45.545044215653789, -23.801712361378037 ], [ -45.545122950921574, -23.801877884006931 ], [ -45.545201686392573, -23.802043406588467 ] ] } },
{ "type": "Feature", "properties": { "regiao": 3, "rodovia": "SP 055", "ra_geo": 4.0, "ra_hid": null, "ra": 4, "km": 132.93, "fonte": "tabela", "fonte_geo": "tabela", "fonte_hid": "figura" }, "geometry": { "type": "LineString", "coordinates": [ [ -45.54527262351138, -23.802211742597919 ], [ -45.545337144941698, -23.802382393215392 ], [ -45.545401666544834, -23.802553043799055 ], [ -45.545417085486385, -23.802722794197013 ], [ -45.545345227157661, -23.802890944597852 ], [ -45.545273368647862, -23.803059094964947 ], [ -45.545189046612833, -23.803221345348497 ], [ -45.545082134347062, -23.803372901920959 ], [ -45.544975221835358, -23.803524458420892 ], [ -45.544868309077721, -23.803676014848303 ], [ -45.544761396074165, -23.80382757120319 ], [ -45.544654482824676, -23.803979127485547 ] ] } },
{ "type": "Feature", "properties": { "regiao": 3, "rodovia": "SP 055", "ra_geo": 3.0, "ra_hid": null, "ra": 3, "km": 133.12, "fonte": "tabela", "fonte_geo": "tabela", "fonte_hid": "figura" }, "geometry": { "type": "LineString", "coordinates": [ [ -45.544547569329247, -23.804130683695377 ], [ -45.544440655587877, -23.804282239832677 ], [ -45.544333741600575, -23.804433795897452 ], [ -45.544226827367332, -23.804585351889699 ], [ -45.544119912888135, -23.804736907809399 ], [ -45.544012998162998, -23.804888463656567 ], [ -45.543906083191906, -23.805040019431203 ], [ -45.543799167974861, -23.805191575133303 ], [ -45.54369225251186, -23.805343130762843 ] ] } },
{ "type": "Feature", "properties": { "regiao": 3, "rodovia": "SP 055", "ra_geo": 3.0, "ra_hid": 3.0, "ra": 3, "km": 133.24, "fonte": "tabela", "fonte_geo": "tabela", "fonte_hid": "figura" }, "geometry": { "type": "LineString", "coordinates": [ [ -45.543585336802906, -23.805494686319854 ], [ -45.543478420847983, -23.805646241804325 ], [ -45.543348497412332, -23.805773043203853 ], [ -45.543169179418697, -23.805846699939881 ], [ -45.542989861219212, -23.805920356470452 ] ] } },
{ "type": "Feature", "properties": { "regiao": 3, "rodovia": "SP 055", "ra_geo": 4.0, "ra_hid": 3.0, "ra": 4, "km": 133.42, "fonte": "tabela", "fonte_geo": "tabela", "fonte_hid": "figura" }, "geometry": { "type": "LineString", "coordinates": [ [ -45.542810542813861, -23.805994012795566 ], [ -45.542631224202651, -23.806067668915212 ], [ -45.542451905385576, -23.806141324829397 ], [ -45.54227258636265, -23.806214980538119 ], [ -45.542093267133865, -23.806288636041366 ], [ -45.541913947699214, -23.806362291339145 ], [ -45.54173462805872, -23.806435946431446 ], [ -45.541555308212359, -23.806509601318268 ], [ -45.541375988160148, -23.806583255999612 ], [ -45.541196667902092, -23.806656910475478 ], [ -45.541017347438171, -23.806730564745862 ], [ -45.540838026768405, -23.806804218810761 ], [ -45.540658705892781, -23.806877872670171 ], [ -45.540479384811313, -23.806951526324106 ] ] } },
{ "type": "Feature", "properties": { "regiao": 3, "rodovia": "SP 055", "ra_geo": 2.0, "ra_hid": null, "ra": 2, "km": 133.6, "fonte": "tabela", "fonte_geo": "tabela", "fonte_hid": "figura" }, "geometry": { "type": "LineString", "coordinates": [ [ -45.540300063523993, -23.807025179772531 ], [ -45.540120742030822, -23.80709883301547 ], [ -45.539941420331807, -23.807172486052913 ], [ -45.539762098426948, -23.807246138884853 ], [ -45.53958954358265, -23.807326764189632 ], [ -45.539489788162683, -23.807482398754534 ] ] } },
{ "type": "Feature", "properties": { "regiao": 3, "rodovia": "SP 055", "ra_geo": 1.0, "ra_hid": null, "ra": 1, "km": 133.9, "fonte": "tabela", "fonte_geo": "tabela", "fonte_hid": "figura" }, "geometry": { "type": "LineString", "coordinates": [ [ -45.539188555191572, -23.809218475250688 ], [ -45.539214946258681, -23.8093975183582 ], [ -45.539241337403297, -23.809576561455753 ], [ -45.539267728625433, -23.809755604543337 ], [ -45.539333923742625, -23.809922620224405 ], [ -45.539428050023226, -23.810081196038972 ], [ -45.539522176535343, -23.810239771788737 ], [ -45.539616303278983, -23.810398347473676 ], [ -45.539710430254154, -23.810556923093806 ] ] } },
{ "type": "Feature", "properties": { "regiao": 3, "rodovia": "SP 055", "ra_geo": 3.0, "ra_hid": null, "ra": 3, "km": 134.04, "fonte": "tabela", "fonte_geo": "tabela", "fonte_hid": "figura" }, "geometry": { "type": "LineString", "coordinates": [ [ -45.53980455746084, -23.810715498649127 ], [ -45.539899892183442, -23.810873437942771 ], [ -45.540000934403807, -23.811028369639097 ], [ -45.540074580208433, -23.811193794994878 ], [ -45.540032507095155, -23.811359739051234 ], [ -45.539895991856639, -23.811486089348438 ], [ -45.539745719770472, -23.811602413082269 ] ] } },
{ "type": "Feature", "properties": { "regiao": 3, "rodovia": "SP 055", "ra_geo": 3.0, "ra_hid": null, "ra": 3, "km": 134.15, "fonte": "tabela", "fonte_geo": "tabela", "fonte_hid": "figura" }, "geometry": { "type": "LineString", "coordinates": [ [ -45.539595447415614, -23.811718736672784 ], [ -45.539445174792064, -23.811835060119993 ], [ -45.539294901899822, -23.811951383423864 ], [ -45.539144628738882, -23.812067706584418 ], [ -45.538994355309256, -23.812184029601653 ] ] } },
{ "type": "Feature", "properties": { "regiao": 3, "rodovia": "SP 055", "ra_geo": 4.0, "ra_hid": null, "ra": 4, "km": 134.33, "fonte": "tabela", "fonte_geo": "tabela", "fonte_hid": "figura" }, "geometry": { "type": "LineString", "coordinates": [ [ -45.538844081610925, -23.812300352475567 ], [ -45.538693807643902, -23.81241667520613 ], [ -45.53856261270429, -23.812549590759112 ], [ -45.538444827644106, -23.812694168802594 ], [ -45.538327042324532, -23.812838746758132 ], [ -45.538155271437127, -23.812921710651288 ], [ -45.537976706961594, -23.812996920998799 ], [ -45.537798142276827, -23.813072131142551 ], [ -45.537626887484244, -23.813157937311715 ], [ -45.537481799434168, -23.813278442805405 ], [ -45.537416031233171, -23.813444295421519 ], [ -45.537392674085602, -23.813623695002274 ], [ -45.537377352818758, -23.813803681233001 ], [ -45.53727241361527, -23.813952675784044 ], [ -45.537152615103906, -23.81409569727678 ] ] } },
{ "type": "Feature", "properties": { "regiao": 3, "rodovia": "SP 055", "ra_geo": 3.0, "ra_hid": null, "ra": 3, "km": 134.54, "fonte": "tabela", "fonte_geo": "tabela", "fonte_hid": "figura" }, "geometry": { "type": "LineString", "coordinates": [ [ -45.537011708378522, -23.814219810737573 ], [ -45.536833504303907, -23.814287847010185 ], [ -45.536640146431488, -23.814285697149508 ], [ -45.536445792385294, -23.814260575557764 ], [ -45.53624940875352, -23.814259201462157 ], [ -45.53605302512058, -23.814257827116407 ], [ -45.535856641740892, -23.814256461736495 ], [ -45.535660587135013, -23.814267006316769 ] ] } },
{ "type": "Feature", "properties": { "regiao": 3, "rodovia": "SP 055", "ra_geo": 2.0, "ra_hid": null, "ra": 2, "km": 134.71, "fonte": "tabela", "fonte_geo": "tabela", "fonte_hid": "figura" }, "geometry": { "type": "LineString", "coordinates": [ [ -45.535464532492206, -23.814277550648374 ], [ -45.535268336194527, -23.814270953258372 ], [ -45.535072129971404, -23.814263152260018 ], [ -45.534875923766464, -23.814255351011639 ], [ -45.534679819607803, -23.814250380083244 ], [ -45.534484606269629, -23.814270123736307 ], [ -45.534289392867244, -23.814289867143284 ], [ -45.534094179400654, -23.814309610304189 ], [ -45.533898965869859, -23.81432935321898 ], [ -45.533702836146489, -23.814321573436597 ], [ -45.533506675296849, -23.814312857717486 ] ] } },
{ "type": "Feature", "properties": { "regiao": 3, "rodovia": "SP 055", "ra_geo": 1.0, "ra_hid": null, "ra": 1, "km": 134.88, "fonte": "tabela", "fonte_geo": "tabela", "fonte_hid": "figura" }, "geometry": { "type": "LineString", "coordinates": [ [ -45.533310514468141, -23.814304141748391 ], [ -45.533116817880064, -23.81428280904618 ], [ -45.532929630808226, -23.81422814876916 ], [ -45.532742443888843, -23.814173488261776 ], [ -45.532556130449557, -23.814116553573708 ], [ -45.532373170730651, -23.814050886762089 ], [ -45.532190211191931, -23.813985219729584 ], [ -45.532007251833399, -23.8139195524762 ] ] } },
{ "type": "Feature", "properties": { "regiao": 3, "rodovia": "SP 055", "ra_geo": 2.0, "ra_hid": 0.0, "ra": 2, "km": 135.2, "fonte": "tabela", "fonte_geo": "tabela", "fonte_hid": "figura" }, "geometry": { "type": "LineString", "coordinates": [ [ -45.531819436966721, -23.813867134148843 ], [ -45.531630612897914, -23.813817469669427 ], [ -45.531441788968323, -23.81376780495594 ], [ -45.53125048643269, -23.813732184670773 ], [ -45.531054283400046, -23.813724330869814 ], [ -45.530858080385784, -23.813716476818836 ], [ -45.530661877389896, -23.813708622517829 ], [ -45.53047027201147, -23.81374454675835 ], [ -45.530279332815574, -23.813786815352721 ], [ -45.530088393491361, -23.813829083712658 ], [ -45.529918904231259, -23.813916344678855 ], [ -45.529755779120158, -23.814016955087425 ], [ -45.529592653755621, -23.814117565326612 ], [ -45.529429528137655, -23.814218175396419 ], [ -45.529266402266252, -23.81431878529682 ], [ -45.529103276141427, -23.814419395027844 ], [ -45.528940149763159, -23.814520004589468 ], [ -45.528777023131454, -23.814620613981699 ], [ -45.52861389624632, -23.814721223204522 ], [ -45.528450769107742, -23.814821832257945 ], [ -45.528287641715735, -23.814922441141963 ], [ -45.528119939736847, -23.815016359191873 ], [ -45.527950729729881, -23.815108071692205 ], [ -45.527781519482609, -23.815199784009998 ], [ -45.527643694942121, -23.8153263375773 ], [ -45.527514329937958, -23.815462282227585 ], [ -45.527384964665046, -23.815598226771733 ] ] } },
{ "type": "Feature", "properties": { "regiao": 3, "rodovia": "SP 055", "ra_geo": 2.0, "ra_hid": null, "ra": 2, "km": 135.66, "fonte": "tabela", "fonte_geo": "tabela", "fonte_hid": "figura" }, "geometry": { "type": "LineString", "coordinates": [ [ -45.526905031634072, -23.816889892477565 ], [ -45.527005788097561, -23.817044852411861 ], [ -45.527151539775559, -23.817163866669226 ], [ -45.527325849113581, -23.817247109270649 ], [ -45.527500158670939, -23.817330351670215 ], [ -45.527674468447628, -23.817413593867929 ], [ -45.527848778443648, -23.817496835863803 ], [ -45.528023088658998, -23.817580077657823 ], [ -45.528197399093678, -23.817663319249995 ], [ -45.528345249417029, -23.817777789660816 ] ] } },
{ "type": "Feature", "properties": { "regiao": 3, "rodovia": "SP 055", "ra_geo": 3.0, "ra_hid": null, "ra": 3, "km": 135.83, "fonte": "tabela", "fonte_geo": "tabela", "fonte_hid": "figura" }, "geometry": { "type": "LineString", "coordinates": [ [ -45.528475536214565, -23.817912989075211 ], [ -45.528435567157736, -23.818081497775232 ], [ -45.528376352550715, -23.818253771676485 ], [ -45.52826167030257, -23.818386605709996 ], [ -45.528095387532247, -23.81848274950454 ], [ -45.527929104514669, -23.818578893122904 ], [ -45.527762426087939, -23.818674443439136 ], [ -45.527593839058568, -23.818767129188402 ] ] } },
{ "type": "Feature", "properties": { "regiao": 3, "rodovia": "SP 055", "ra_geo": 2.0, "ra_hid": null, "ra": 2, "km": 135.99, "fonte": "tabela", "fonte_geo": "tabela", "fonte_hid": "figura" }, "geometry": { "type": "LineString", "coordinates": [ [ -45.527425251787271, -23.818859814756472 ], [ -45.527256664274056, -23.81895250014334 ], [ -45.527084545081081, -23.819039133167283 ], [ -45.526907417050211, -23.819117182227078 ], [ -45.52673028880421, -23.81919523108634 ], [ -45.526553160343092, -23.819273279745097 ], [ -45.526379491744898, -23.819357592857841 ], [ -45.526232429203553, -23.81946969943716 ], [ -45.526121527546941, -23.819618818284237 ], [ -45.526093134943842, -23.81978700435312 ] ] } },
{ "type": "Feature", "properties": { "regiao": 3, "rodovia": "SP 055", "ra_geo": 2.0, "ra_hid": null, "ra": 2, "km": 136.14, "fonte": "tabela", "fonte_geo": "tabela", "fonte_hid": "figura" }, "geometry": { "type": "LineString", "coordinates": [ [ -45.526118965445598, -23.819966055513625 ], [ -45.526225494227205, -23.820117100985044 ], [ -45.526335099862941, -23.8202670289784 ], [ -45.52647055368142, -23.820396341472595 ], [ -45.526628692019067, -23.820503489134747 ], [ -45.526812667774145, -23.820565245359557 ], [ -45.526998382415997, -23.820624023158299 ] ] } },
{ "type": "Feature", "properties": { "regiao": 3, "rodovia": "SP 055", "ra_geo": 4.0, "ra_hid": null, "ra": 4, "km": 136.34, "fonte": "tabela", "fonte_geo": "tabela", "fonte_hid": "figura" }, "geometry": { "type": "LineString", "coordinates": [ [ -45.527183282356837, -23.820684940782115 ], [ -45.527369422244071, -23.820742127480603 ], [ -45.527547698242074, -23.820808439490449 ], [ -45.527688687802339, -23.82093026716657 ], [ -45.527749486292798, -23.82110207383543 ], [ -45.527748176048419, -23.821282667455154 ], [ -45.527702547035958, -23.821450486751672 ], [ -45.527586007576502, -23.821595829897266 ], [ -45.527464632382191, -23.821737878502486 ], [ -45.527343256924865, -23.821879927014209 ], [ -45.527221881204525, -23.822021975432449 ], [ -45.527133034585063, -23.822181271215676 ], [ -45.527060278919002, -23.822349098674994 ], [ -45.527068722761491, -23.822528654990371 ], [ -45.527082068930532, -23.82270891941041 ] ] } },
{ "type": "Feature", "properties": { "regiao": 3, "rodovia": "SP 055", "ra_geo": 2.0, "ra_hid": null, "ra": 2, "km": 136.66, "fonte": "tabela", "fonte_geo": "tabela", "fonte_hid": "figura" }, "geometry": { "type": "LineString", "coordinates": [ [ -45.527095234654276, -23.822889194967107 ], [ -45.52710818963633, -23.823069483530883 ], [ -45.527158559768957, -23.823240567912592 ], [ -45.527245149494291, -23.823402742216636 ], [ -45.527343931754629, -23.823557767282647 ], [ -45.527467175434936, -23.823698449016806 ], [ -45.527590419382101, -23.823839130645201 ], [ -45.527713663596124, -23.823979812167828 ], [ -45.527836908077013, -23.824120493584701 ], [ -45.527972648622644, -23.824249086069916 ], [ -45.528131575671495, -23.824355247309022 ], [ -45.528290502977335, -23.824461408378284 ], [ -45.528449430540178, -23.824567569277693 ], [ -45.528608358360017, -23.824673730007255 ], [ -45.528754159458217, -23.824793869846516 ], [ -45.528891427868523, -23.824923096528465 ], [ -45.529028696550853, -23.825052323081234 ], [ -45.52914593058258, -23.825193455138489 ], [ -45.529217538342103, -23.825361700394936 ], [ -45.529289146290154, -23.825529945611187 ] ] } },
{ "type": "Feature", "properties": { "regiao": 3, "rodovia": "SP 055", "ra_geo": 3.0, "ra_hid": null, "ra": 3, "km": 136.88, "fonte": "tabela", "fonte_geo": "tabela", "fonte_hid": "figura" }, "geometry": { "type": "LineString", "coordinates": [ [ -45.529354988650354, -23.825698812907863 ], [ -45.529327643172181, -23.825877735046959 ], [ -45.52930029762404, -23.826056657178398 ], [ -45.529272952005925, -23.826235579302182 ] ] } },
{ "type": "Feature", "properties": { "regiao": 3, "rodovia": "SP 055", "ra_geo": 4.0, "ra_hid": null, "ra": 4, "km": 137.18, "fonte": "tabela", "fonte_geo": "tabela", "fonte_hid": "figura" }, "geometry": { "type": "LineString", "coordinates": [ [ -45.529163221956566, -23.826380708524308 ], [ -45.529036816749141, -23.826518997842868 ], [ -45.528906123827468, -23.826652889679863 ], [ -45.528742987338994, -23.82675350620217 ], [ -45.528579850596913, -23.826854122554977 ], [ -45.528416713601217, -23.826954738738298 ], [ -45.528253576351908, -23.82705535475213 ], [ -45.528086306334842, -23.827148842564061 ], [ -45.527904593975748, -23.82721741945408 ], [ -45.527722881421909, -23.827285996132687 ], [ -45.527540439255084, -23.827350804577218 ], [ -45.527344163246973, -23.827344150485551 ], [ -45.52714788725369, -23.827337496143628 ], [ -45.52695161127523, -23.827330841551447 ], [ -45.526756414698326, -23.827311904212241 ], [ -45.526561525619094, -23.82728946821068 ], [ -45.52636663660185, -23.827267031961501 ], [ -45.526174028168029, -23.827235168077621 ], [ -45.525987188046798, -23.82717945898721 ], [ -45.525800348080921, -23.827123749667152 ], [ -45.525613508270396, -23.827068040117442 ], [ -45.525426668615239, -23.827012330338082 ], [ -45.525239829115428, -23.826956620329078 ], [ -45.525052705212879, -23.826901832527163 ], [ -45.524861906903539, -23.826858956061592 ], [ -45.524671108715005, -23.826816079357435 ], [ -45.52448031064727, -23.82677320241471 ], [ -45.524285757132326, -23.82675028442284 ], [ -45.524091513923729, -23.826771702664249 ] ] } },
{ "type": "Feature", "properties": { "regiao": 3, "rodovia": "SP 055", "ra_geo": 2.0, "ra_hid": null, "ra": 2, "km": 137.49, "fonte": "tabela", "fonte_geo": "tabela", "fonte_hid": "figura" }, "geometry": { "type": "LineString", "coordinates": [ [ -45.523897450217163, -23.82679953830851 ], [ -45.523705989740456, -23.826839572749215 ], [ -45.523514889756733, -23.82688129679304 ], [ -45.523323789646149, -23.826923020601907 ], [ -45.523137472291104, -23.826977831953798 ] ] } },
{ "type": "Feature", "properties": { "regiao": 3, "rodovia": "SP 055", "ra_geo": 3.0, "ra_hid": 0.0, "ra": 3, "km": 137.79, "fonte": "tabela", "fonte_geo": "tabela", "fonte_hid": "figura" }, "geometry": { "type": "LineString", "coordinates": [ [ -45.522957783146488, -23.82705078088307 ], [ -45.522778093797442, -23.827123729605745 ], [ -45.522598404243965, -23.827196678121798 ], [ -45.522418714486051, -23.827269626431228 ], [ -45.522239024523707, -23.827342574534043 ], [ -45.522059334356939, -23.827415522430236 ], [ -45.521879643985741, -23.8274884701198 ], [ -45.521699953410121, -23.827561417602741 ], [ -45.521520262630062, -23.827634364879046 ], [ -45.521340996818594, -23.827703246194702 ], [ -45.521145150527715, -23.827689567678124 ], [ -45.520981663619636, -23.827593848287474 ], [ -45.520836542849523, -23.8274720955486 ], [ -45.520704356882852, -23.827339466573171 ], [ -45.520573324644054, -23.827207309225898 ], [ -45.52041214325952, -23.827104059484515 ], [ -45.52025359791655, -23.826997465922641 ], [ -45.520096834796576, -23.826888611671347 ], [ -45.519952766512397, -23.826766413007636 ], [ -45.519791608266729, -23.826664419632376 ], [ -45.519616593107138, -23.826583655120871 ], [ -45.519435602717486, -23.826519931826738 ], [ -45.519239481637634, -23.82651016556763 ], [ -45.519048372299793, -23.826536395658056 ], [ -45.518887175049628, -23.826639097627385 ], [ -45.51874965304134, -23.826768097986047 ], [ -45.518616806273045, -23.826900637751201 ], [ -45.518505666342584, -23.827049610455823 ], [ -45.518348293302701, -23.827153668568798 ] ] } },
{ "type": "Feature", "properties": { "regiao": 3, "rodovia": "SP 055", "ra_geo": 1.0, "ra_hid": 0.0, "ra": 1, "km": 138.22, "fonte": "tabela", "fonte_geo": "tabela", "fonte_hid": "figura" }, "geometry": { "type": "LineString", "coordinates": [ [ -45.518191200922935, -23.827261373760585 ], [ -45.51802031719717, -23.827347783036359 ], [ -45.517841566091469, -23.827422658169262 ], [ -45.517662814777218, -23.827497533097727 ], [ -45.517484063254429, -23.827572407821755 ], [ -45.517305311523103, -23.827647282341363 ], [ -45.517126559583239, -23.82772215665652 ], [ -45.516947807434832, -23.827797030767226 ], [ -45.516769055077887, -23.82787190467349 ], [ -45.516590302512405, -23.827946778375313 ], [ -45.516411549738379, -23.828021651872685 ], [ -45.51623279675583, -23.828096525165606 ], [ -45.516054043564736, -23.828171398254071 ], [ -45.51587529016512, -23.828246271138088 ], [ -45.515696536556966, -23.828321143817643 ], [ -45.515517201158353, -23.828388928873078 ], [ -45.515490942215898, -23.828567526767429 ], [ -45.515446759223806, -23.828743578097004 ] ] } },
{ "type": "Feature", "properties": { "regiao": 3, "rodovia": "SP 055", "ra_geo": 2.0, "ra_hid": null, "ra": 2, "km": 138.55, "fonte": "tabela", "fonte_geo": "tabela", "fonte_hid": "figura" }, "geometry": { "type": "LineString", "coordinates": [ [ -45.515534955351441, -23.828888683431792 ], [ -45.515665143779643, -23.829023972273689 ], [ -45.515795332478497, -23.829159260998608 ], [ -45.515925521448004, -23.829294549606569 ], [ -45.516086031576471, -23.829392086447815 ], [ -45.516264853775731, -23.829466823539477 ], [ -45.516446829922693, -23.829534180760881 ], [ -45.516633104854051, -23.829591479151425 ], [ -45.516819379944977, -23.829648777313626 ], [ -45.517005655195454, -23.829706075247472 ], [ -45.517187105452066, -23.829775219682464 ], [ -45.51736844814544, -23.829844628453767 ], [ -45.51751296245309, -23.829948176789475 ], [ -45.517564999365227, -23.830118132216697 ], [ -45.517548783971009, -23.830298197544693 ], [ -45.517491689489148, -23.830470271071484 ], [ -45.517403970148905, -23.830631556112813 ], [ -45.517295333698989, -23.830781966568004 ], [ -45.517184726198181, -23.830931276268043 ] ] } },
{ "type": "Feature", "properties": { "regiao": 3, "rodovia": "SP 055", "ra_geo": 3.0, "ra_hid": null, "ra": 3, "km": 138.77, "fonte": "tabela", "fonte_geo": "tabela", "fonte_hid": "figura" }, "geometry": { "type": "LineString", "coordinates": [ [ -45.517078514712935, -23.831083195712388 ], [ -45.516942436622728, -23.831211500567655 ], [ -45.516757521798993, -23.83125456877039 ], [ -45.516562723193296, -23.831277704229155 ], [ -45.5163678006002, -23.831259800562076 ] ] } },
{ "type": "Feature", "properties": { "regiao": 3, "rodovia": "SP 055", "ra_geo": 2.0, "ra_hid": null, "ra": 2, "km": 139.0, "fonte": "tabela", "fonte_geo": "tabela", "fonte_hid": "figura" }, "geometry": { "type": "LineString", "coordinates": [ [ -45.516172865273255, -23.831237661142058 ], [ -45.515977930007537, -23.831215521474324 ], [ -45.515786869276987, -23.831174632046427 ], [ -45.515596699655866, -23.831129430673659 ], [ -45.515406530162075, -23.831084229063748 ], [ -45.515220287918311, -23.831028705345133 ], [ -45.515040981455179, -23.830954952177557 ], [ -45.514861675191419, -23.830881198797208 ], [ -45.514682369127037, -23.830807445204094 ], [ -45.514500475918403, -23.83073949286786 ], [ -45.514316525028548, -23.830676154549401 ], [ -45.5141325743135, -23.830612816007839 ], [ -45.51394862377326, -23.830549477243174 ], [ -45.513764673407827, -23.830486138255406 ], [ -45.51358026924354, -23.830423930012639 ], [ -45.513395714586316, -23.830362096890539 ], [ -45.51321116010017, -23.830300263543986 ], [ -45.5130266057851, -23.830238429972979 ], [ -45.512842174229057, -23.830176287487049 ], [ -45.512657750944719, -23.830114124380643 ] ] } },
{ "type": "Feature", "properties": { "regiao": 3, "rodovia": "SP 055", "ra_geo": 3.0, "ra_hid": 0.0, "ra": 3, "km": 139.26, "fonte": "tabela", "fonte_geo": "tabela", "fonte_hid": "figura" }, "geometry": { "type": "LineString", "coordinates": [ [ -45.512472960813163, -23.830053138231357 ], [ -45.51228075610198, -23.830015933894188 ], [ -45.512088551495808, -23.829978729315297 ], [ -45.511896346994632, -23.829941524494703 ], [ -45.511704142598468, -23.829904319432401 ], [ -45.511511938307308, -23.829867114128383 ], [ -45.511319154048813, -23.829871626830819 ], [ -45.511125978199402, -23.829904297829874 ], [ -45.510932802248504, -23.829936968588385 ] ] } },
{ "type": "Feature", "properties": { "regiao": 3, "rodovia": "SP 055", "ra_geo": 3.0, "ra_hid": 0.0, "ra": 3, "km": 139.58, "fonte": "tabela", "fonte_geo": "tabela", "fonte_hid": "figura" }, "geometry": { "type": "LineString", "coordinates": [ [ -45.510738205192069, -23.82996083086114 ], [ -45.510543040744388, -23.829981176292762 ], [ -45.510347876230895, -23.830001521478284 ], [ -45.510153671111674, -23.829991590673124 ], [ -45.509960126423437, -23.829960821486896 ], [ -45.509766581821751, -23.829930052055989 ], [ -45.509581996341979, -23.829876534604363 ], [ -45.50941194128891, -23.829786123393966 ], [ -45.509241886469056, -23.829695711990901 ], [ -45.509071831882416, -23.829605300395173 ], [ -45.508901777528976, -23.82951488860677 ], [ -45.508731723408751, -23.8294244766257 ], [ -45.508561669521747, -23.829334064451981 ], [ -45.508391615867943, -23.829243652085598 ], [ -45.50822156244736, -23.829153239526544 ], [ -45.508049794523266, -23.829066771501818 ], [ -45.507858860888355, -23.829024394094699 ], [ -45.507666190707916, -23.829008240996824 ], [ -45.507478159975939, -23.829060459671229 ], [ -45.50731735490119, -23.829154326627638 ], [ -45.507179317119743, -23.829282845873472 ], [ -45.50705207008177, -23.829420483130701 ], [ -45.506902619317813, -23.829534866576267 ], [ -45.506737837108865, -23.8296331934881 ], [ -45.506553204002721, -23.829694077159054 ], [ -45.506367521347478, -23.829752981236798 ] ] } },
{ "type": "Feature", "properties": { "regiao": 3, "rodovia": "SP 055", "ra_geo": 4.0, "ra_hid": 0.0, "ra": 4, "km": 139.97, "fonte": "tabela", "fonte_geo": "tabela", "fonte_hid": "figura" }, "geometry": { "type": "LineString", "coordinates": [ [ -45.506181838520597, -23.829811885093267 ], [ -45.505996155522091, -23.829870788728464 ], [ -45.505809276052808, -23.829925382437022 ], [ -45.505615589603067, -23.829955121004406 ], [ -45.505419236504899, -23.829950631557519 ], [ -45.505226849110706, -23.829984756865709 ], [ -45.505034883893757, -23.830022993866493 ], [ -45.504851314973536, -23.830080896015652 ], [ -45.504682203910797, -23.83017277597196 ], [ -45.504507625978917, -23.830255572899123 ], [ -45.50433304782252, -23.830338369631427 ], [ -45.504152415380283, -23.830408674834008 ], [ -45.503972255942358, -23.830479110085186 ], [ -45.503807253323487, -23.830577125525728 ], [ -45.50364225045459, -23.830675140792572 ], [ -45.503479712346746, -23.830776516556742 ], [ -45.503312814343232, -23.830869236944675 ] ] } },
{ "type": "Feature", "properties": { "regiao": 3, "rodovia": "SP 055", "ra_geo": 3.0, "ra_hid": 0.0, "ra": 3, "km": 140.2, "fonte": "tabela", "fonte_geo": "tabela", "fonte_hid": "figura" }, "geometry": { "type": "LineString", "coordinates": [ [ -45.503127312945381, -23.830928626976124 ], [ -45.502936796353524, -23.830972098748152 ], [ -45.502745519923273, -23.831013158910203 ], [ -45.502554243368145, -23.831054218836695 ], [ -45.502362966688146, -23.831095278527652 ], [ -45.502171689883276, -23.83113633798305 ], [ -45.501979745420421, -23.831174240939667 ], [ -45.501785686230825, -23.831202145181535 ] ] } },
{ "type": "Feature", "properties": { "regiao": 3, "rodovia": "SP 055", "ra_geo": 4.0, "ra_hid": 0.0, "ra": 4, "km": 140.38, "fonte": "tabela", "fonte_geo": "tabela", "fonte_hid": "figura" }, "geometry": { "type": "LineString", "coordinates": [ [ -45.501591626953484, -23.831230049180405 ], [ -45.501397165522491, -23.831252086135216 ], [ -45.501200833093399, -23.831246822344269 ], [ -45.501004500675208, -23.831241558302981 ], [ -45.500812445330723, -23.831220851110686 ], [ -45.500637309102267, -23.831139055476985 ], [ -45.500465053039115, -23.831052260051035 ], [ -45.500293132296306, -23.830964882706535 ], [ -45.500121211781185, -23.830877505165457 ], [ -45.499949291493763, -23.830790127427797 ], [ -45.499781057384133, -23.830697445229241 ], [ -45.499622672110874, -23.83059059024523 ] ] } },
{ "type": "Feature", "properties": { "regiao": 3, "rodovia": "SP 055", "ra_geo": 4.0, "ra_hid": 0.0, "ra": 4, "km": 140.58, "fonte": "tabela", "fonte_geo": "tabela", "fonte_hid": "figura" }, "geometry": { "type": "LineString", "coordinates": [ [ -45.499464287095613, -23.830483735092674 ], [ -45.499293572069966, -23.83039824533563 ], [ -45.499108619018827, -23.83033742697755 ], [ -45.498923666136328, -23.830276608394197 ], [ -45.498730283167284, -23.830266466423115 ], [ -45.498534022821815, -23.830273620983871 ], [ -45.498337762449907, -23.830280775295087 ], [ -45.498141502051553, -23.830287929356782 ], [ -45.497945497633964, -23.830299276589166 ], [ -45.497749600546932, -23.830312382338352 ], [ -45.497554221912857, -23.83033061611977 ] ] } },
{ "type": "Feature", "properties": { "regiao": 3, "rodovia": "SP 055", "ra_geo": 2.0, "ra_hid": 0.0, "ra": 2, "km": 140.77, "fonte": "tabela", "fonte_geo": "tabela", "fonte_hid": "figura" }, "geometry": { "type": "LineString", "coordinates": [ [ -45.497359057496055, -23.83035096902411 ], [ -45.497163893013557, -23.830371321682318 ], [ -45.496976054498312, -23.830335319386418 ], [ -45.496791610360987, -23.830273207014596 ], [ -45.49660716639557, -23.830211094418669 ], [ -45.496422722602048, -23.830148981598633 ], [ -45.496238202425118, -23.830087061636995 ], [ -45.496053904549129, -23.830024588434295 ], [ -45.495869875481731, -23.829961443827585 ] ] } },
{ "type": "Feature", "properties": { "regiao": 3, "rodovia": "SP 055", "ra_geo": 3.0, "ra_hid": 0.0, "ra": 3, "km": 140.91, "fonte": "tabela", "fonte_geo": "tabela", "fonte_hid": "figura" }, "geometry": { "type": "LineString", "coordinates": [ [ -45.49569569917066, -23.829883023456002 ], [ -45.495547258287523, -23.829764702806632 ], [ -45.495400773696716, -23.829644336891135 ], [ -45.49525429798917, -23.82952396182429 ], [ -45.49510378191097, -23.829408200616832 ], [ -45.494944746124332, -23.829302168196314 ], [ -45.494785710594705, -23.829196135605983 ] ] } },
{ "type": "Feature", "properties": { "regiao": 3, "rodovia": "SP 055", "ra_geo": 4.0, "ra_hid": 0.0, "ra": 4, "km": 141.02, "fonte": "tabela", "fonte_geo": "tabela", "fonte_hid": "figura" }, "geometry": { "type": "LineString", "coordinates": [ [ -45.494626675322088, -23.829090102845853 ], [ -45.494457209814236, -23.829007387480665 ], [ -45.494263109717117, -23.828979743305847 ], [ -45.494069009697611, -23.828952098885161 ], [ -45.49387478743877, -23.828925193168573 ] ] } },
{ "type": "Feature", "properties": { "regiao": 3, "rodovia": "SP 055", "ra_geo": 4.0, "ra_hid": null, "ra": 4, "km": 141.23, "fonte": "tabela", "fonte_geo": "tabela", "fonte_hid": "figura" }, "geometry": { "type": "LineString", "coordinates": [ [ -45.49368054007185, -23.828898439345071 ], [ -45.493484716316424, -23.828884858175893 ], [ -45.4932887942836, -23.828872098251345 ], [ -45.493092872284286, -23.828859338077127 ], [ -45.492910112614624, -23.828808752389474 ], [ -45.492844346023944, -23.828659759667747 ], [ -45.492837315600042, -23.828479192717325 ], [ -45.492827100408945, -23.828298777452847 ], [ -45.492810948206227, -23.82811892849659 ], [ -45.492758401196042, -23.827945292174249 ], [ -45.492668108117897, -23.827784833887325 ], [ -45.492577815264674, -23.82762437554052 ], [ -45.492487522636374, -23.827463917133851 ], [ -45.492397230232989, -23.827303458667313 ], [ -45.492282449843053, -23.827164526247788 ], [ -45.492112307071459, -23.827074259608096 ], [ -45.491940988300314, -23.826985901167145 ], [ -45.491769249893295, -23.826898258220869 ] ] } },
{ "type": "Feature", "properties": { "regiao": 3, "rodovia": "SP 055", "ra_geo": 3.0, "ra_hid": null, "ra": 3, "km": 141.61, "fonte": "tabela", "fonte_geo": "tabela", "fonte_hid": "figura" }, "geometry": { "type": "LineString", "coordinates": [ [ -45.491590615276877, -23.826823148153334 ], [ -45.491410251760591, -23.826751729492795 ], [ -45.491228217797953, -23.826683877409053 ], [ -45.49105878168492, -23.826594553619131 ], [ -45.490891044827762, -23.826500870460016 ], [ -45.490720109910221, -23.826411880681885 ], [ -45.490549175223379, -23.826322890709392 ], [ -45.490378240767207, -23.826233900542512 ], [ -45.490206122417263, -23.826146884419213 ], [ -45.490033141103957, -23.826061307254577 ], [ -45.489860962272672, -23.825974387003981 ], [ -45.48966910927625, -23.825936342697851 ], [ -45.489475176340115, -23.825908688326329 ], [ -45.48927916678025, -23.825908078573015 ], [ -45.489082848825248, -23.825913551031356 ], [ -45.488887427952015, -23.825900310152374 ], [ -45.488704465554029, -23.825834607969792 ], [ -45.488521503336749, -23.825768905566498 ], [ -45.488344282718636, -23.825692043487546 ], [ -45.488173056313613, -23.825603530823621 ], [ -45.487997402908988, -23.825522915376983 ], [ -45.487818837256505, -23.825448397042905 ], [ -45.487626181827643, -23.82541324929451 ], [ -45.487433526498137, -23.825378101303524 ] ] } },
{ "type": "Feature", "properties": { "regiao": 3, "rodovia": "SP 055", "ra_geo": 4.0, "ra_hid": null, "ra": 4, "km": 141.96, "fonte": "tabela", "fonte_geo": "tabela", "fonte_hid": "figura" }, "geometry": { "type": "LineString", "coordinates": [ [ -45.487239782831587, -23.825348930176165 ], [ -45.487045194043198, -23.825324400170075 ], [ -45.486850605323333, -23.825299869917117 ], [ -45.486656016672001, -23.825275339417271 ], [ -45.48646155459484, -23.825250056330482 ], [ -45.486268003882316, -23.825219353500838 ], [ -45.48607445325635, -23.825188650426597 ], [ -45.485880902716943, -23.825157947107776 ], [ -45.485687352264101, -23.825127243544372 ], [ -45.485493801897832, -23.825096539736364 ], [ -45.485299542436252, -23.825070219895824 ], [ -45.48510466031648, -23.825047749546219 ], [ -45.484909778259166, -23.82502527894912 ], [ -45.484714979105924, -23.825002345110654 ], [ -45.48452254960938, -23.824966167702058 ] ] } },
{ "type": "Feature", "properties": { "regiao": 3, "rodovia": "SP 055", "ra_geo": 2.0, "ra_hid": 0.0, "ra": 2, "km": 142.21, "fonte": "tabela", "fonte_geo": "tabela", "fonte_hid": "figura" }, "geometry": { "type": "LineString", "coordinates": [ [ -45.484330120215141, -23.824929990051373 ], [ -45.484137690923198, -23.824893812158621 ], [ -45.483945261733567, -23.824857634023807 ], [ -45.483752832646239, -23.824821455646905 ], [ -45.483560403661237, -23.824785277027939 ], [ -45.483367974778538, -23.824749098166915 ], [ -45.483184926852068, -23.824686192902337 ], [ -45.483005836653078, -23.824612012339511 ], [ -45.482826746654546, -23.824537831564658 ], [ -45.482673986153252, -23.82443993460404 ], [ -45.482597145022467, -23.824273653747884 ], [ -45.482520304090833, -23.824107372846697 ] ] } },
{ "type": "Feature", "properties": { "regiao": 3, "rodovia": "SP 055", "ra_geo": 3.0, "ra_hid": null, "ra": 3, "km": 142.57, "fonte": "tabela", "fonte_geo": "tabela", "fonte_hid": "figura" }, "geometry": { "type": "LineString", "coordinates": [ [ -45.482443463358358, -23.823941091900483 ], [ -45.482357165268361, -23.823778792299752 ], [ -45.482270615038779, -23.823616598879756 ], [ -45.482173246579045, -23.823464268323054 ], [ -45.481997730019415, -23.823383183565845 ], [ -45.481822213675073, -23.823302098604472 ], [ -45.481646697546026, -23.823221013438925 ], [ -45.481468122607296, -23.823146281121204 ], [ -45.48128490934689, -23.823081181953292 ], [ -45.48110169626576, -23.82301608256417 ], [ -45.480918483363922, -23.822950982953856 ], [ -45.480735270641354, -23.822885883122346 ], [ -45.480552058098084, -23.822820783069648 ], [ -45.480368845734098, -23.822755682795766 ], [ -45.480185633549397, -23.822690582300687 ], [ -45.479999345753079, -23.822638058848277 ], [ -45.479803479814194, -23.822624701654583 ], [ -45.479607613910723, -23.822611344211424 ], [ -45.479411748042651, -23.82259798651878 ], [ -45.479215882209992, -23.822584628576664 ], [ -45.479020016412747, -23.822571270385065 ], [ -45.478824150650915, -23.822557911943996 ], [ -45.478628284924497, -23.82254455325344 ], [ -45.478432419233506, -23.822531194313417 ], [ -45.478236553577936, -23.822517835123922 ], [ -45.478040687957794, -23.822504475684941 ], [ -45.477844822373079, -23.822491115996488 ], [ -45.47769910701146, -23.822371752096654 ] ] } },
{ "type": "Feature", "properties": { "regiao": 3, "rodovia": "SP 055", "ra_geo": 1.0, "ra_hid": null, "ra": 1, "km": 142.89, "fonte": "tabela", "fonte_geo": "tabela", "fonte_hid": "figura" }, "geometry": { "type": "LineString", "coordinates": [ [ -45.477555000205797, -23.822248988565601 ], [ -45.477410893670914, -23.822126224893569 ], [ -45.477319462249852, -23.821977235616618 ], [ -45.477286561062257, -23.821799105649514 ], [ -45.477253659968937, -23.821620975669855 ], [ -45.477220758969892, -23.821442845677645 ], [ -45.477187858065122, -23.821264715672875 ] ] } },
{ "type": "Feature", "properties": { "regiao": 3, "rodovia": "SP 055", "ra_geo": 2.0, "ra_hid": null, "ra": 2, "km": 143.08, "fonte": "tabela", "fonte_geo": "tabela", "fonte_hid": "figura" }, "geometry": { "type": "LineString", "coordinates": [ [ -45.477154957254619, -23.82108658565555 ], [ -45.477096639190698, -23.820915041604891 ], [ -45.477023649490114, -23.820747299183076 ], [ -45.476950659980574, -23.820579556720073 ], [ -45.476877670662084, -23.820411814215905 ], [ -45.476804681534638, -23.820244071670551 ], [ -45.476731692598229, -23.820076329084021 ], [ -45.476658703852848, -23.819908586456311 ], [ -45.476513885433583, -23.819796263766182 ], [ -45.476347051135519, -23.819700927332235 ], [ -45.476180217079111, -23.819605590712726 ], [ -45.476013383264352, -23.819510253907648 ], [ -45.475843216255136, -23.819421014693443 ], [ -45.475660547751744, -23.81935464433904 ] ] } },
{ "type": "Feature", "properties": { "regiao": 3, "rodovia": "SP 055", "ra_geo": 3.0, "ra_hid": null, "ra": 3, "km": 143.28, "fonte": "tabela", "fonte_geo": "tabela", "fonte_hid": "figura" }, "geometry": { "type": "LineString", "coordinates": [ [ -45.475477879430713, -23.819288273764723 ], [ -45.475295211292028, -23.819221902970497 ], [ -45.475112543335705, -23.819155531956344 ], [ -45.474925267587302, -23.819103246355237 ], [ -45.474763180365599, -23.819012779694667 ], [ -45.474636936770452, -23.818875277837932 ], [ -45.474519118364036, -23.818730717186632 ], [ -45.474395496061106, -23.818590319481665 ] ] } },
{ "type": "Feature", "properties": { "regiao": 3, "rodovia": "SP 055", "ra_geo": 4.0, "ra_hid": null, "ra": 4, "km": 143.46, "fonte": "tabela", "fonte_geo": "tabela", "fonte_hid": "figura" }, "geometry": { "type": "LineString", "coordinates": [ [ -45.474271846767486, -23.818449941221399 ], [ -45.474148197740817, -23.818309562855212 ], [ -45.474017298726046, -23.818176151871601 ], [ -45.473851479491358, -23.81808091637296 ], [ -45.47366367784872, -23.818036511607822 ], [ -45.473470821681452, -23.818002757912783 ], [ -45.47327896898728, -23.817964181922907 ], [ -45.473093681399348, -23.817905768132338 ], [ -45.472927218697897, -23.817813943512423 ], [ -45.472788158398771, -23.817689108212285 ], [ -45.472686390344109, -23.817534574570878 ], [ -45.472579516694516, -23.817382998972167 ] ] } },
{ "type": "Feature", "properties": { "regiao": 3, "rodovia": "SP 055", "ra_geo": 4.0, "ra_hid": null, "ra": 4, "km": 143.72, "fonte": "tabela", "fonte_geo": "tabela", "fonte_hid": "figura" }, "geometry": { "type": "LineString", "coordinates": [ [ -45.472478062376169, -23.817228525983989 ], [ -45.472361185989321, -23.81709060044183 ], [ -45.472194063375952, -23.816995697318355 ], [ -45.472003398752889, -23.816966741728947 ], [ -45.471807386086304, -23.81695698479767 ], [ -45.471611025615942, -23.816953596446016 ], [ -45.471416560497524, -23.816977069756099 ], [ -45.47122537868097, -23.816955224259104 ], [ -45.471040203738113, -23.816897968175883 ], [ -45.470891513364741, -23.816786103111198 ], [ -45.470781591848805, -23.816636571857646 ], [ -45.470688805219709, -23.816477632518456 ], [ -45.470602485282249, -23.816315404388455 ], [ -45.47051622444171, -23.8161530823213 ], [ -45.47042996381856, -23.815990760199117 ], [ -45.470310530009193, -23.81584932715759 ], [ -45.470176991230879, -23.815716910812398 ] ] } },
{ "type": "Feature", "properties": { "regiao": 3, "rodovia": "SP 055", "ra_geo": 3.0, "ra_hid": null, "ra": 3, "km": 144.11, "fonte": "tabela", "fonte_geo": "tabela", "fonte_hid": "figura" }, "geometry": { "type": "LineString", "coordinates": [ [ -45.470012029954475, -23.815618861654706 ], [ -45.469851144179252, -23.8155164739577 ], [ -45.469721791208656, -23.815380517799078 ], [ -45.46960393926112, -23.815236251047679 ], [ -45.469491019329475, -23.815088420501173 ], [ -45.46937809965516, -23.814940589865152 ], [ -45.469262786102014, -23.814794365322186 ], [ -45.469144315426362, -23.814650258915339 ], [ -45.469025845013526, -23.814506152410697 ], [ -45.468869118692588, -23.814405890311569 ], [ -45.468715976544438, -23.814293090259618 ], [ -45.468544760047237, -23.814241911881656 ], [ -45.468350360524113, -23.814267577935123 ], [ -45.468155960920114, -23.814293243744679 ], [ -45.467963755748244, -23.81432857019356 ], [ -45.46777445418325, -23.814376679481484 ], [ -45.467583909169406, -23.814404399039372 ], [ -45.467389946552288, -23.814376071644414 ], [ -45.467201752042975, -23.814333769265115 ], [ -45.467036240910431, -23.814236509981008 ], [ -45.466870730022578, -23.814139250514195 ], [ -45.466705219379399, -23.814041990864695 ], [ -45.466539708980889, -23.813944731032503 ], [ -45.466374198827069, -23.813847471017617 ], [ -45.466208688917916, -23.81375021082005 ], [ -45.466043179253447, -23.813652950439792 ] ] } },
{ "type": "Feature", "properties": { "regiao": 3, "rodovia": "SP 055", "ra_geo": 1.0, "ra_hid": null, "ra": 1, "km": 144.41, "fonte": "tabela", "fonte_geo": "tabela", "fonte_hid": "figura" }, "geometry": { "type": "LineString", "coordinates": [ [ -45.465862916685261, -23.81359333603606 ], [ -45.46566802659148, -23.81357104727828 ], [ -45.465473136559787, -23.813548758273125 ], [ -45.465278246590181, -23.813526469020605 ], [ -45.465095253200111, -23.813579282752837 ], [ -45.464915383845181, -23.81365181955077 ], [ -45.464735514287256, -23.813724356141364 ] ] } },
{ "type": "Feature", "properties": { "regiao": 3, "rodovia": "SP 055", "ra_geo": 3.0, "ra_hid": null, "ra": 3, "km": 144.54, "fonte": "tabela", "fonte_geo": "tabela", "fonte_hid": "figura" }, "geometry": { "type": "LineString", "coordinates": [ [ -45.464555644526335, -23.813796892524621 ], [ -45.464447215865661, -23.813933189526029 ], [ -45.464373873209212, -23.814100800626054 ], [ -45.464300530367751, -23.814268411690509 ], [ -45.464237269736643, -23.814437799521642 ], [ -45.464238097967325, -23.814618481612293 ], [ -45.464238926204878, -23.814799163698684 ] ] } },
{ "type": "Feature", "properties": { "regiao": 3, "rodovia": "SP 055", "ra_geo": 0.0, "ra_hid": 0.0, "ra": 0, "km": 144.64, "fonte": "tabela", "fonte_geo": "tabela", "fonte_hid": "figura" }, "geometry": { "type": "LineString", "coordinates": [ [ -45.464239754449331, -23.814979845780819 ], [ -45.464240582700654, -23.815160527858705 ], [ -45.46424141095887, -23.815341209932324 ], [ -45.464242239223971, -23.815521892001694 ], [ -45.46424306749595, -23.81570257406679 ] ] } },
{ "type": "Feature", "properties": { "regiao": 3, "rodovia": "SP 055", "ra_geo": 4.0, "ra_hid": 0.0, "ra": 4, "km": 144.73, "fonte": "tabela", "fonte_geo": "tabela", "fonte_hid": "figura" }, "geometry": { "type": "LineString", "coordinates": [ [ -45.464243895774807, -23.815883256127641 ], [ -45.464244724060563, -23.816063938184232 ], [ -45.464243033945827, -23.816244606636587 ], [ -45.46431159723133, -23.816411729302796 ] ] } },
{ "type": "Feature", "properties": { "regiao": 3, "rodovia": "SP 055", "ra_geo": 2.0, "ra_hid": 0.0, "ra": 2, "km": 145.03, "fonte": "tabela", "fonte_geo": "tabela", "fonte_hid": "figura" }, "geometry": { "type": "LineString", "coordinates": [ [ -45.46439182546883, -23.816576649357977 ], [ -45.464472053912125, -23.816741569364762 ], [ -45.464552282561215, -23.816906489323138 ], [ -45.464607382070035, -23.817078682181652 ], [ -45.464621397723143, -23.817256724769365 ], [ -45.464558717833548, -23.817425553861703 ], [ -45.464462123346905, -23.817582620683801 ], [ -45.464358062614394, -23.817735856796961 ], [ -45.464232335894152, -23.817873244745602 ], [ -45.464081000659505, -23.81798479147028 ], [ -45.46390198573404, -23.818054940523833 ], [ -45.463710951674543, -23.818030346118174 ], [ -45.463532972728238, -23.817953952456126 ], [ -45.463354993987316, -23.817877558584669 ], [ -45.463177015451805, -23.81780116450383 ], [ -45.463008446956408, -23.817709485017065 ], [ -45.462845702751956, -23.817608344847869 ], [ -45.462682958798005, -23.817507204501705 ], [ -45.462520215094564, -23.817406063978574 ], [ -45.462357471641617, -23.817304923278463 ], [ -45.462194728439187, -23.817203782401371 ], [ -45.462031985487251, -23.817102641347333 ], [ -45.461872749885764, -23.816996909489504 ], [ -45.461706261762885, -23.816904946381623 ], [ -45.461519131954397, -23.816850206625588 ], [ -45.461333363927309, -23.816791576807251 ], [ -45.461147596063512, -23.81673294676213 ], [ -45.460961968699088, -23.816719689876731 ], [ -45.460776566612331, -23.816779291820374 ] ] } },
{ "type": "Feature", "properties": { "regiao": 3, "rodovia": "SP 055", "ra_geo": 1.0, "ra_hid": null, "ra": 1, "km": 145.41, "fonte": "tabela", "fonte_geo": "tabela", "fonte_hid": "figura" }, "geometry": { "type": "LineString", "coordinates": [ [ -45.460591164352685, -23.816838893543281 ], [ -45.460405761920164, -23.816898495045439 ], [ -45.460223958580642, -23.81696623018863 ], [ -45.460046025198771, -23.817042711168771 ], [ -45.459868091605472, -23.817119191946063 ], [ -45.459690157800736, -23.817195672520509 ], [ -45.459512223784564, -23.817272152892105 ], [ -45.459334289556971, -23.817348633060838 ], [ -45.459156355117933, -23.817425113026729 ], [ -45.458978420467467, -23.817501592789764 ], [ -45.458800485605572, -23.817578072349935 ], [ -45.458622550532247, -23.817654551707243 ], [ -45.458444615247494, -23.817731030861694 ], [ -45.458266679751304, -23.817807509813267 ] ] } },
{ "type": "Feature", "properties": { "regiao": 3, "rodovia": "SP 055", "ra_geo": 1.0, "ra_hid": 0.0, "ra": 1, "km": 145.7, "fonte": "tabela", "fonte_geo": "tabela", "fonte_hid": "figura" }, "geometry": { "type": "LineString", "coordinates": [ [ -45.458088744043692, -23.817883988561977 ], [ -45.457910808124652, -23.817960467107824 ], [ -45.457732871994182, -23.818036945450793 ], [ -45.45755493565229, -23.818113423590891 ], [ -45.457376999098969, -23.818189901528108 ], [ -45.457199062334226, -23.818266379262443 ], [ -45.457021125358054, -23.818342856793898 ], [ -45.456843188170467, -23.818419334122471 ], [ -45.456665250771451, -23.818495811248162 ], [ -45.456487313161013, -23.818572288170969 ], [ -45.456309375339153, -23.818648764890877 ], [ -45.456131437305878, -23.818725241407886 ], [ -45.455950863926958, -23.818795892302738 ], [ -45.455768886049221, -23.81886328028348 ], [ -45.455592793722325, -23.818943291546613 ], [ -45.455416701176787, -23.819023302611118 ], [ -45.455240608412602, -23.819103313477015 ], [ -45.455064515429775, -23.819183324144273 ] ] } },
{ "type": "Feature", "properties": { "regiao": 3, "rodovia": "SP 055", "ra_geo": 1.0, "ra_hid": null, "ra": 1, "km": 145.95, "fonte": "tabela", "fonte_geo": "tabela", "fonte_hid": "figura" }, "geometry": { "type": "LineString", "coordinates": [ [ -45.454888422228315, -23.819263334612916 ], [ -45.454712328808213, -23.819343344882917 ], [ -45.454536235169478, -23.819423354954292 ], [ -45.454360141312101, -23.819503364827021 ], [ -45.454184047236083, -23.819583374501118 ], [ -45.454007952941431, -23.819663383976579 ], [ -45.453855802958444, -23.819774918626852 ], [ -45.45371358677172, -23.819899532323639 ], [ -45.453571370313206, -23.820024145891377 ] ] } },
{ "type": "Feature", "properties": { "regiao": 3, "rodovia": "SP 055", "ra_geo": 1.0, "ra_hid": null, "ra": 1, "km": 146.24, "fonte": "tabela", "fonte_geo": "tabela", "fonte_hid": "figura" }, "geometry": { "type": "LineString", "coordinates": [ [ -45.45305831529825, -23.821758987472755 ], [ -45.453018077963279, -23.821935717044262 ], [ -45.452987452565523, -23.822114190662305 ], [ -45.452956827088258, -23.822292664271416 ], [ -45.452926201531483, -23.822471137871595 ] ] } },
{ "type": "Feature", "properties": { "regiao": 3, "rodovia": "SP 055", "ra_geo": 2.0, "ra_hid": null, "ra": 2, "km": 146.52, "fonte": "tabela", "fonte_geo": "tabela", "fonte_hid": "figura" }, "geometry": { "type": "LineString", "coordinates": [ [ -45.452491845918843, -23.823653590698914 ], [ -45.452386175861761, -23.82380579385261 ], [ -45.452274882588178, -23.823954669842191 ], [ -45.452163589062224, -23.824103545752408 ], [ -45.452052295283913, -23.824252421583271 ], [ -45.451939238738689, -23.824399940695624 ], [ -45.451799581586286, -23.824526984941272 ], [ -45.451659924161881, -23.824654029062437 ], [ -45.451516481157235, -23.824777384593883 ], [ -45.451348828404058, -23.824855797926293 ], [ -45.451154504735143, -23.824882047374526 ], [ -45.450960180983763, -23.824908296578919 ], [ -45.450766003149234, -23.824928768024762 ], [ -45.450573215169513, -23.824894240248206 ] ] } },
{ "type": "Feature", "properties": { "regiao": 3, "rodovia": "SP 055", "ra_geo": 4.0, "ra_hid": null, "ra": 4, "km": 146.84, "fonte": "tabela", "fonte_geo": "tabela", "fonte_hid": "figura" }, "geometry": { "type": "LineString", "coordinates": [ [ -45.450380427287683, -23.824859712228893 ], [ -45.450187047473761, -23.824828951375409 ], [ -45.44999152313995, -23.824811837446479 ], [ -45.449795998853062, -23.824794723268795 ], [ -45.449600474613099, -23.824777608842336 ], [ -45.449407543219756, -23.824804566560488 ], [ -45.44921516884888, -23.824840993960645 ], [ -45.449022794366506, -23.82487742112221 ], [ -45.44882789100685, -23.824887079661547 ], [ -45.448631569696872, -23.824881728275553 ], [ -45.448435248398575, -23.824876376639313 ], [ -45.448241526862013, -23.824852841856618 ], [ -45.448046073148063, -23.824866285906314 ], [ -45.447850038054767, -23.824876408403771 ], [ -45.447673787267377, -23.824813554296149 ], [ -45.447556034564023, -23.824670647635223 ], [ -45.447469184620026, -23.824508588774769 ], [ -45.447395760578665, -23.824342056656793 ], [ -45.447254702927523, -23.824218111440793 ], [ -45.447086508507901, -23.824126718475249 ], [ -45.446899140443897, -23.824072537803261 ] ] } },
{ "type": "Feature", "properties": { "regiao": 3, "rodovia": "SP 055", "ra_geo": 3.0, "ra_hid": 3.0, "ra": 3, "km": 147.07, "fonte": "tabela", "fonte_geo": "tabela", "fonte_hid": "figura" }, "geometry": { "type": "LineString", "coordinates": [ [ -45.446721206834432, -23.82400041206488 ], [ -45.446558709712029, -23.823898925057378 ], [ -45.446396212840767, -23.823797437873512 ], [ -45.446233716220647, -23.823695950513287 ], [ -45.446071219851667, -23.82359446297669 ] ] } },
{ "type": "Feature", "properties": { "regiao": 3, "rodovia": "SP 055", "ra_geo": 3.0, "ra_hid": 1.0, "ra": 3, "km": 147.19, "fonte": "tabela", "fonte_geo": "tabela", "fonte_hid": "figura" }, "geometry": { "type": "LineString", "coordinates": [ [ -45.445908723733815, -23.823492975263736 ], [ -45.445746227867112, -23.823391487374419 ], [ -45.445579509097627, -23.823296439391857 ], [ -45.445406142033931, -23.823211529862295 ], [ -45.445232775193396, -23.823126620133515 ], [ -45.44505854616753, -23.823043224762312 ], [ -45.444881466180327, -23.822965642359328 ], [ -45.444697460326687, -23.822902461990502 ] ] } },
{ "type": "Feature", "properties": { "regiao": 3, "rodovia": "SP 055", "ra_geo": 4.0, "ra_hid": 1.0, "ra": 4, "km": 147.34, "fonte": "tabela", "fonte_geo": "tabela", "fonte_hid": "figura" }, "geometry": { "type": "LineString", "coordinates": [ [ -45.444512547565978, -23.822841563742742 ], [ -45.444320570726383, -23.822811946593216 ], [ -45.444141939853566, -23.822877347127672 ], [ -45.443994756918414, -23.822992381270119 ], [ -45.443891808738748, -23.823144294632517 ], [ -45.443830502997109, -23.823315703109291 ], [ -45.443779344954251, -23.823489979263048 ], [ -45.443744148545996, -23.823667738301307 ] ] } },
{ "type": "Feature", "properties": { "regiao": 3, "rodovia": "SP 055", "ra_geo": 4.0, "ra_hid": 0.0, "ra": 4, "km": 147.63, "fonte": "tabela", "fonte_geo": "tabela", "fonte_hid": "figura" }, "geometry": { "type": "LineString", "coordinates": [ [ -45.443656972080177, -23.823827074349069 ], [ -45.443540883263189, -23.823969046533346 ], [ -45.443373782791824, -23.824063997029246 ], [ -45.443206682075299, -23.824158947346483 ], [ -45.443034357313934, -23.824241796813581 ], [ -45.442903522299076, -23.824374443954664 ], [ -45.4428074814507, -23.824531281964187 ], [ -45.442723852597673, -23.824694766903619 ], [ -45.442583179935603, -23.824803906216104 ], [ -45.442391977742204, -23.824807751709979 ], [ -45.442224801165153, -23.82471798122701 ], [ -45.442068894369505, -23.82460809150751 ], [ -45.441911427392213, -23.824500162989413 ], [ -45.441750426670183, -23.824396676286423 ], [ -45.441617953832768, -23.82426542633209 ], [ -45.44156477335499, -23.824091654015966 ], [ -45.44153328056629, -23.823913307930599 ], [ -45.441466795171138, -23.823747781944046 ], [ -45.44136523201194, -23.823593639899038 ], [ -45.441316585080948, -23.823422501331134 ], [ -45.441331757299828, -23.823243376297075 ], [ -45.44136288415681, -23.823065142050691 ], [ -45.441339925203451, -23.822886863753254 ], [ -45.441255807539235, -23.822725551494361 ] ] } },
{ "type": "Feature", "properties": { "regiao": 3, "rodovia": "SP 055", "ra_geo": 4.0, "ra_hid": null, "ra": 4, "km": 147.89, "fonte": "tabela", "fonte_geo": "tabela", "fonte_hid": "figura" }, "geometry": { "type": "LineString", "coordinates": [ [ -45.441156414197209, -23.822569712400867 ], [ -45.441047033732417, -23.822419920225354 ], [ -45.440996251811754, -23.822250453563498 ], [ -45.440979392665973, -23.822070879637142 ], [ -45.440896603304736, -23.821907032542114 ] ] } },
{ "type": "Feature", "properties": { "regiao": 3, "rodovia": "SP 055", "ra_geo": 3.0, "ra_hid": null, "ra": 3, "km": 147.97, "fonte": "tabela", "fonte_geo": "tabela", "fonte_hid": "figura" }, "geometry": { "type": "LineString", "coordinates": [ [ -45.440813814154197, -23.821743185396095 ], [ -45.440731025214362, -23.821579338199093 ], [ -45.440645313531192, -23.821417177689884 ], [ -45.440521004978308, -23.821277290198523 ] ] } },
{ "type": "Feature", "properties": { "regiao": 3, "rodovia": "SP 055", "ra_geo": 1.0, "ra_hid": null, "ra": 1, "km": 148.24, "fonte": "tabela", "fonte_geo": "tabela", "fonte_hid": "figura" }, "geometry": { "type": "LineString", "coordinates": [ [ -45.440396696692794, -23.821137402600492 ], [ -45.440271480894566, -23.820998243986867 ], [ -45.440137592469561, -23.820866050966472 ], [ -45.439953418889452, -23.820824514546519 ], [ -45.439764654614059, -23.820774618368919 ], [ -45.43959470856862, -23.820690435790386 ], [ -45.439488788267127, -23.820542371708139 ], [ -45.439435042872255, -23.820368584528595 ], [ -45.439380071426143, -23.820195131368063 ], [ -45.439322605657068, -23.82002236656546 ], [ -45.439243151638777, -23.819862610001547 ], [ -45.439097722185679, -23.819744000644818 ], [ -45.43890751782898, -23.819766070736708 ], [ -45.438724185465482, -23.819830876910878 ], [ -45.438539281923944, -23.819891765928087 ], [ -45.438360802094493, -23.819966544848469 ], [ -45.438184849782644, -23.820046819955625 ], [ -45.43800889725172, -23.820127094864347 ], [ -45.437832944501721, -23.820207369574639 ], [ -45.437656991532648, -23.820287644086488 ], [ -45.437481038344501, -23.820367918399917 ], [ -45.437305084937279, -23.820448192514885 ], [ -45.437129131310982, -23.820528466431419 ], [ -45.436953177465618, -23.820608740149499 ], [ -45.43677722340118, -23.820689013669135 ], [ -45.436601269117666, -23.820769286990323 ] ] } },
{ "type": "Feature", "properties": { "regiao": 3, "rodovia": "SP 055", "ra_geo": 1.0, "ra_hid": 0.0, "ra": 1, "km": 148.71, "fonte": "tabela", "fonte_geo": "tabela", "fonte_hid": "figura" }, "geometry": { "type": "LineString", "coordinates": [ [ -45.436425314615079, -23.820849560113061 ], [ -45.436249359893424, -23.820929833037347 ], [ -45.436090850662787, -23.821030912917251 ], [ -45.435961773711306, -23.821167096262194 ], [ -45.435836512150615, -23.821304632254723 ], [ -45.435832869157721, -23.821485285298976 ], [ -45.435829226159051, -23.821665938339077 ], [ -45.435825583154596, -23.82184659137501 ], [ -45.435810748197731, -23.822026525728187 ], [ -45.435787075383736, -23.822205892564927 ], [ -45.435640904490192, -23.822313280714244 ], [ -45.435468919959135, -23.822400535752784 ], [ -45.435296935195787, -23.822487790601855 ], [ -45.435124950200141, -23.822575045261452 ], [ -45.434951773718211, -23.82265971315249 ], [ -45.434763999303897, -23.822712684645023 ], [ -45.434576224733576, -23.822765655910732 ], [ -45.434388450007248, -23.822818626949626 ], [ -45.43420033854634, -23.822870356161527 ], [ -45.43400751522023, -23.822904704079924 ], [ -45.433814691788626, -23.822939051758507 ], [ -45.433621868251542, -23.822973399197252 ], [ -45.433431054644352, -23.82301461965535 ], [ -45.433245526722345, -23.823073914642134 ], [ -45.433059998628373, -23.823133209407672 ], [ -45.432872846310921, -23.823187952365203 ] ] } },
{ "type": "Feature", "properties": { "regiao": 3, "rodovia": "SP 055", "ra_geo": 4.0, "ra_hid": 0.0, "ra": 4, "km": 149.02, "fonte": "tabela", "fonte_geo": "tabela", "fonte_hid": "figura" }, "geometry": { "type": "LineString", "coordinates": [ [ -45.432695825906649, -23.823256328131301 ], [ -45.432566955446255, -23.823392678695932 ], [ -45.432466908668033, -23.823542725707171 ], [ -45.432420630564117, -23.823718322529267 ], [ -45.43235442364027, -23.823886664786851 ], [ -45.432209129215977, -23.824002546686643 ], [ -45.432042534238825, -23.824097089116485 ], [ -45.431858755351648, -23.824157311950099 ] ] } },
{ "type": "Feature", "properties": { "regiao": 3, "rodovia": "SP 055", "ra_geo": 4.0, "ra_hid": 3.0, "ra": 4, "km": 149.14, "fonte": "tabela", "fonte_geo": "tabela", "fonte_hid": "figura" }, "geometry": { "type": "LineString", "coordinates": [ [ -45.431662393300108, -23.82415464445921 ], [ -45.431466007917194, -23.824157309975611 ], [ -45.431269622521995, -23.824159975241979 ], [ -45.431073237114504, -23.824162640258329 ], [ -45.430876851694734, -23.824165305024646 ] ] } },
{ "type": "Feature", "properties": { "regiao": 3, "rodovia": "SP 055", "ra_geo": 3.0, "ra_hid": 3.0, "ra": 3, "km": 149.22, "fonte": "tabela", "fonte_geo": "tabela", "fonte_hid": "figura" }, "geometry": { "type": "LineString", "coordinates": [ [ -45.430680466262686, -23.824167969540923 ], [ -45.43048408081836, -23.824170633807189 ], [ -45.430287722956116, -23.824172163254488 ], [ -45.430091663553299, -23.824161421397715 ] ] } },
{ "type": "Feature", "properties": { "regiao": 3, "rodovia": "SP 055", "ra_geo": 2.0, "ra_hid": 3.0, "ra": 3, "km": 149.35, "fonte": "tabela", "fonte_geo": "tabela", "fonte_hid": "figura" }, "geometry": { "type": "LineString", "coordinates": [ [ -45.429895604178547, -23.824150679291161 ], [ -45.429699544831848, -23.824139936934802 ], [ -45.429519733337457, -23.824076908060547 ], [ -45.429339445481048, -23.824005409676023 ], [ -45.429155841604242, -23.823941299974543 ], [ -45.428970899101479, -23.823881734524559 ], [ -45.428775539694087, -23.823868493407527 ], [ -45.428582700856602, -23.823897674651398 ], [ -45.428414631449613, -23.823985052772088 ], [ -45.42828885041402, -23.824123824070838 ] ] } },
{ "type": "Feature", "properties": { "regiao": 3, "rodovia": "SP 055", "ra_geo": 3.0, "ra_hid": 3.0, "ra": 3, "km": 149.51, "fonte": "tabela", "fonte_geo": "tabela", "fonte_hid": "figura" }, "geometry": { "type": "LineString", "coordinates": [ [ -45.428196176086118, -23.824282891370377 ], [ -45.428105175767229, -23.824443003228584 ], [ -45.428002181731145, -23.824596851913338 ], [ -45.427899187454081, -23.824750700529709 ], [ -45.427776983543396, -23.824891813587861 ], [ -45.42765091451929, -23.825030364220343 ], [ -45.427522058562545, -23.825166717306992 ], [ -45.427392497000994, -23.825302514089401 ] ] } },
{ "type": "Feature", "properties": { "regiao": 3, "rodovia": "SP 055", "ra_geo": 4.0, "ra_hid": 3.0, "ra": 4, "km": 149.67, "fonte": "tabela", "fonte_geo": "tabela", "fonte_hid": "figura" }, "geometry": { "type": "LineString", "coordinates": [ [ -45.427262935170297, -23.825438310764412 ], [ -45.427107866623032, -23.825548926658499 ], [ -45.426951487691298, -23.825658249009365 ], [ -45.42679418314156, -23.825766436034414 ], [ -45.426633683643075, -23.82586988957884 ], [ -45.426456067635961, -23.825947017583882 ], [ -45.426289872163089, -23.826042120808513 ], [ -45.426126317462021, -23.826140333753624 ], [ -45.425938124281139, -23.826192048271022 ] ] } },
{ "type": "Feature", "properties": { "regiao": 3, "rodovia": "SP 055", "ra_geo": 1.0, "ra_hid": 3.0, "ra": 3, "km": 149.82, "fonte": "tabela", "fonte_geo": "tabela", "fonte_hid": "figura" }, "geometry": { "type": "LineString", "coordinates": [ [ -45.425744741874077, -23.826208521340064 ], [ -45.425557086504433, -23.826167458281766 ], [ -45.425383818913886, -23.826084789833409 ], [ -45.425228837331495, -23.825974402584162 ], [ -45.425109482954774, -23.825830906586575 ], [ -45.425034538495396, -23.825664151513617 ], [ -45.424987350933357, -23.825489112474212 ], [ -45.424945294591623, -23.825312619027322 ] ] } },
{ "type": "Feature", "properties": { "regiao": 3, "rodovia": "SP 055", "ra_geo": 2.0, "ra_hid": 0.0, "ra": 2, "km": 150.23, "fonte": "tabela", "fonte_geo": "tabela", "fonte_hid": "figura" }, "geometry": { "type": "LineString", "coordinates": [ [ -45.424927585874215, -23.82513618516705 ], [ -45.424984413578628, -23.824963525942536 ], [ -45.425054999567301, -23.82479535318004 ], [ -45.425109103513975, -23.824622034055146 ], [ -45.425045712051578, -23.824474309130441 ], [ -45.424860037324613, -23.824491593004478 ], [ -45.424680598939119, -23.824565060692468 ], [ -45.424501160348747, -23.824638528173789 ], [ -45.424318508062122, -23.824704645937075 ], [ -45.424129943142859, -23.824751768862054 ], [ -45.423943158725507, -23.824730159913734 ], [ -45.423846903262096, -23.824576549331873 ], [ -45.423811137840026, -23.824399763152496 ], [ -45.423779243821095, -23.824234542459106 ], [ -45.423629414671872, -23.824130086434742 ], [ -45.423433016112469, -23.824131750725165 ], [ -45.423238726377399, -23.824153885381207 ], [ -45.423045484464517, -23.82418619190992 ], [ -45.422852242452031, -23.824218498197666 ], [ -45.42265637483014, -23.824227289314859 ], [ -45.422463826003394, -23.824200331883464 ], [ -45.422336750527222, -23.824071832581946 ], [ -45.422228469605848, -23.823923962142697 ], [ -45.422087814918754, -23.823798413958542 ], [ -45.421916307480025, -23.823710861143233 ], [ -45.421736002847936, -23.823639585733854 ], [ -45.421575978504364, -23.823536873806582 ], [ -45.421434578225913, -23.823411472088562 ], [ -45.421306948630779, -23.823274907219407 ], [ -45.421214240318378, -23.82311625286064 ], [ -45.421174190796684, -23.822942222269884 ], [ -45.421158314677371, -23.822762129152917 ], [ -45.421142438605983, -23.822582036029509 ], [ -45.421142901635889, -23.822401845872875 ], [ -45.421082138328316, -23.822236237738888 ], [ -45.420952261378993, -23.822109362402866 ], [ -45.420784318931382, -23.822015680452509 ] ] } },
{ "type": "Feature", "properties": { "regiao": 3, "rodovia": "SP 055", "ra_geo": 1.0, "ra_hid": null, "ra": 1, "km": 150.63, "fonte": "tabela", "fonte_geo": "tabela", "fonte_hid": "figura" }, "geometry": { "type": "LineString", "coordinates": [ [ -45.420616376722975, -23.821921998314714 ], [ -45.420436561445406, -23.821855880898198 ], [ -45.420244451769101, -23.821818306086715 ], [ -45.420052342199632, -23.82178073103416 ], [ -45.419860232736994, -23.821743155740503 ], [ -45.419665663317588, -23.821750718486861 ], [ -45.419470431856972, -23.821770427572019 ] ] } },
{ "type": "Feature", "properties": { "regiao": 3, "rodovia": "SP 055", "ra_geo": 4.0, "ra_hid": 0.0, "ra": 4, "km": 150.77, "fonte": "tabela", "fonte_geo": "tabela", "fonte_hid": "figura" }, "geometry": { "type": "LineString", "coordinates": [ [ -45.419275200333331, -23.821790136410762 ], [ -45.419100895757033, -23.821867365066005 ], [ -45.41893277652057, -23.821960773258567 ], [ -45.418765074665508, -23.822054819239714 ], [ -45.418597372566836, -23.82214886504071 ], [ -45.418433350323674, -23.8222480310123 ], [ -45.418318119986004, -23.822393691855428 ], [ -45.418260573666046, -23.822563721323128 ], [ -45.418267426283805, -23.822743889287359 ] ] } },
{ "type": "Feature", "properties": { "regiao": 3, "rodovia": "SP 055", "ra_geo": 4.0, "ra_hid": 1.0, "ra": 4, "km": 150.94, "fonte": "tabela", "fonte_geo": "tabela", "fonte_hid": "figura" }, "geometry": { "type": "LineString", "coordinates": [ [ -45.418245333866622, -23.822918985260106 ], [ -45.418112308092674, -23.823050180558358 ], [ -45.417961361363325, -23.823165277668984 ], [ -45.417776382885897, -23.823206861096914 ], [ -45.41760584544754, -23.823136579987441 ], [ -45.417454067688482, -23.823024426409376 ], [ -45.417307751292036, -23.822904054135133 ], [ -45.417230838601192, -23.822740686571841 ], [ -45.417190208733786, -23.822563956497724 ], [ -45.417155488841097, -23.822386139648064 ] ] } },
{ "type": "Feature", "properties": { "regiao": 3, "rodovia": "SP 055", "ra_geo": 4.0, "ra_hid": null, "ra": 4, "km": 151.08, "fonte": "tabela", "fonte_geo": "tabela", "fonte_hid": "figura" }, "geometry": { "type": "LineString", "coordinates": [ [ -45.417056974687092, -23.822230316963573 ], [ -45.416917339402715, -23.822112961707443 ], [ -45.41672950711795, -23.822060165519876 ], [ -45.416541674981744, -23.822007369101005 ], [ -45.416374143060423, -23.821917328032445 ] ] } },
{ "type": "Feature", "properties": { "regiao": 3, "rodovia": "SP 055", "ra_geo": 3.0, "ra_hid": null, "ra": 3, "km": 151.2, "fonte": "tabela", "fonte_geo": "tabela", "fonte_hid": "figura" }, "geometry": { "type": "LineString", "coordinates": [ [ -45.416244990256544, -23.821781725227176 ], [ -45.416138440503666, -23.821629950351632 ], [ -45.416046500563048, -23.821470953401416 ], [ -45.415900065313465, -23.821351737026575 ], [ -45.415724059775933, -23.821276109598031 ], [ -45.415534363758091, -23.82122929542313 ], [ -45.415339793471247, -23.821234763345519 ], [ -45.415154038636011, -23.821292706950747 ] ] } },
{ "type": "Feature", "properties": { "regiao": 3, "rodovia": "SP 055", "ra_geo": 2.0, "ra_hid": 1.0, "ra": 2, "km": 151.43, "fonte": "tabela", "fonte_geo": "tabela", "fonte_hid": "figura" }, "geometry": { "type": "LineString", "coordinates": [ [ -45.414982322062578, -23.821378356137004 ], [ -45.414816707425686, -23.821475461307546 ], [ -45.414658238140227, -23.821582200096604 ], [ -45.414496917315873, -23.821685161940515 ], [ -45.414328410399769, -23.821776150582739 ], [ -45.414175276563569, -23.821889289173967 ], [ -45.414022142460958, -23.822002427615129 ], [ -45.413868059405566, -23.822114428040322 ], [ -45.413709588381238, -23.822221165641409 ], [ -45.413551117096439, -23.822327903081749 ], [ -45.413402579018751, -23.82244594751911 ], [ -45.413255889147756, -23.822566096175574 ], [ -45.41311128712541, -23.822688282608393 ], [ -45.41298422715294, -23.822825793475264 ], [ -45.41285356446582, -23.822960641239121 ], [ -45.412704107467569, -23.823061921726179 ], [ -45.412511121117511, -23.823057447775458 ], [ -45.412357388280448, -23.822956184483168 ] ] } },
{ "type": "Feature", "properties": { "regiao": 3, "rodovia": "SP 055", "ra_geo": 1.0, "ra_hid": 1.0, "ra": 1, "km": 151.79, "fonte": "tabela", "fonte_geo": "tabela", "fonte_hid": "figura" }, "geometry": { "type": "LineString", "coordinates": [ [ -45.412242198952065, -23.822810252181679 ], [ -45.412136863978112, -23.822657751183069 ], [ -45.41203152925209, -23.822505250106076 ], [ -45.411926194773997, -23.822352748950735 ], [ -45.41182086054382, -23.822200247717042 ], [ -45.411715526561572, -23.822047746404984 ], [ -45.41161019282724, -23.821895245014559 ], [ -45.411504859340823, -23.821742743545791 ], [ -45.411399526102315, -23.821590241998678 ], [ -45.411294193111722, -23.821437740373209 ], [ -45.411188860369037, -23.821285238669379 ], [ -45.41103624646847, -23.821173157881233 ], [ -45.410878636065391, -23.821065348674949 ], [ -45.410721025921539, -23.820957539302491 ], [ -45.410557520329171, -23.82085764184944 ], [ -45.410391382525589, -23.820761276993505 ], [ -45.410225244965623, -23.820664911954022 ], [ -45.410059107649246, -23.82056854673095 ], [ -45.409892970576479, -23.82047218132433 ], [ -45.409726833747307, -23.820375815734131 ], [ -45.409586554262937, -23.820252538213865 ] ] } },
{ "type": "Feature", "properties": { "regiao": 3, "rodovia": "SP 055", "ra_geo": 2.0, "ra_hid": 1.0, "ra": 2, "km": 152.09, "fonte": "tabela", "fonte_geo": "tabela", "fonte_hid": "figura" }, "geometry": { "type": "LineString", "coordinates": [ [ -45.40946220326208, -23.820112682680154 ], [ -45.409337852528537, -23.81997282703999 ], [ -45.409260920372361, -23.819807656315756 ], [ -45.409190630710071, -23.819638939455249 ], [ -45.409127216219296, -23.819468314683178 ], [ -45.409084369850582, -23.81929198207887 ], [ -45.40904152360131, -23.819115649457043 ], [ -45.409009682218702, -23.818937441569389 ], [ -45.40898103775033, -23.818758688919523 ], [ -45.408952393364302, -23.818579936259127 ], [ -45.40890793644256, -23.818404298135764 ], [ -45.408854519321245, -23.818230424871341 ], [ -45.408801102345691, -23.818056551582565 ] ] } },
{ "type": "Feature", "properties": { "regiao": 3, "rodovia": "SP 055", "ra_geo": 3.0, "ra_hid": null, "ra": 3, "km": 152.28, "fonte": "tabela", "fonte_geo": "tabela", "fonte_hid": "figura" }, "geometry": { "type": "LineString", "coordinates": [ [ -45.408747685515898, -23.817882678269434 ], [ -45.408692845591609, -23.817709181901304 ], [ -45.408637591749304, -23.817535795180508 ], [ -45.408582338057194, -23.817362408434033 ], [ -45.408527084515271, -23.817189021661846 ], [ -45.408471831123542, -23.817015634863985 ], [ -45.408416577882008, -23.81684224804043 ] ] } },
{ "type": "Feature", "properties": { "regiao": 3, "rodovia": "SP 055", "ra_geo": 4.0, "ra_hid": 3.0, "ra": 4, "km": 152.39, "fonte": "tabela", "fonte_geo": "tabela", "fonte_hid": "figura" }, "geometry": { "type": "LineString", "coordinates": [ [ -45.408431829212795, -23.81666383192697 ], [ -45.408457371355603, -23.816484681730735 ], [ -45.408482913432188, -23.816305531527082 ], [ -45.408508455442579, -23.816126381316 ], [ -45.408533997386762, -23.815947231097503 ], [ -45.408669922052809, -23.815820649899827 ] ] } },
{ "type": "Feature", "properties": { "regiao": 3, "rodovia": "SP 055", "ra_geo": 4.0, "ra_hid": 3.0, "ra": 4, "km": 152.59, "fonte": "tabela", "fonte_geo": "tabela", "fonte_hid": "figura" }, "geometry": { "type": "LineString", "coordinates": [ [ -45.408814171625906, -23.815698033377739 ], [ -45.408958420927682, -23.815575416722513 ], [ -45.409102669958152, -23.815452799934121 ], [ -45.409246918717308, -23.815330183012581 ], [ -45.409391167205165, -23.815207565957891 ], [ -45.409448035960722, -23.815047593209371 ], [ -45.409456885904213, -23.814867091957005 ], [ -45.409465735827261, -23.814686590700262 ], [ -45.409474585729868, -23.814506089439135 ], [ -45.409483435612039, -23.81432558817362 ], [ -45.40949084969683, -23.814145034144428 ], [ -45.409497675169249, -23.813964458482275 ], [ -45.409488500974149, -23.81378408286556 ], [ -45.409476344237348, -23.81360374453558 ], [ -45.409446434815827, -23.813426401407373 ], [ -45.409388247647385, -23.813253829249057 ] ] } },
{ "type": "Feature", "properties": { "regiao": 3, "rodovia": "SP 055", "ra_geo": 4.0, "ra_hid": 3.0, "ra": 4, "km": 152.85, "fonte": "tabela", "fonte_geo": "tabela", "fonte_hid": "figura" }, "geometry": { "type": "LineString", "coordinates": [ [ -45.409330060636115, -23.813081257062823 ], [ -45.409289047293903, -23.812905022766255 ], [ -45.409258784651591, -23.812726495995673 ], [ -45.409228522095901, -23.812547969213899 ], [ -45.409198259626827, -23.812369442420934 ], [ -45.409167997244374, -23.812190915616785 ], [ -45.40913773494853, -23.812012388801431 ], [ -45.409024654119115, -23.811882632796571 ], [ -45.408859108448354, -23.811786954786292 ], [ -45.408667196433186, -23.811748596172237 ], [ -45.408480979767113, -23.81169243089359 ], [ -45.40837455069763, -23.811555307218949 ] ] } },
{ "type": "Feature", "properties": { "regiao": 3, "rodovia": "SP 055", "ra_geo": 3.0, "ra_hid": 3.0, "ra": 3, "km": 153.05, "fonte": "tabela", "fonte_geo": "tabela", "fonte_hid": "figura" }, "geometry": { "type": "LineString", "coordinates": [ [ -45.408434607166484, -23.811390511100949 ], [ -45.408611351780145, -23.811343112599225 ], [ -45.408806914660516, -23.81134624392238 ], [ -45.408993375051217, -23.811299249954981 ], [ -45.409141382061819, -23.811181406789657 ], [ -45.409245333858991, -23.811035500297116 ], [ -45.409328084834229, -23.810871638860597 ], [ -45.409387508603622, -23.810700043361539 ], [ -45.409433476496389, -23.810524822757529 ], [ -45.409433056284165, -23.810344138269038 ] ] } },
{ "type": "Feature", "properties": { "regiao": 3, "rodovia": "SP 055", "ra_geo": 1.0, "ra_hid": 3.0, "ra": 3, "km": 153.2, "fonte": "tabela", "fonte_geo": "tabela", "fonte_hid": "figura" }, "geometry": { "type": "LineString", "coordinates": [ [ -45.409429439977188, -23.810163661878061 ], [ -45.40940219842382, -23.809984723749526 ], [ -45.40932839482015, -23.809828329621851 ], [ -45.409183518376011, -23.809706346870289 ], [ -45.409010257065674, -23.809630496465473 ], [ -45.408821925097861, -23.809579521986247 ], [ -45.408625703321626, -23.809572149988561 ] ] } },
{ "type": "Feature", "properties": { "regiao": 3, "rodovia": "SP 055", "ra_geo": 3.0, "ra_hid": 3.0, "ra": 3, "km": 153.34, "fonte": "tabela", "fonte_geo": "tabela", "fonte_hid": "figura" }, "geometry": { "type": "LineString", "coordinates": [ [ -45.408429481563509, -23.809564777740956 ], [ -45.40823325982354, -23.809557405243435 ], [ -45.408061032813926, -23.809502813157877 ], [ -45.407929056839265, -23.809369011036498 ], [ -45.407805887472314, -23.809229286849266 ], [ -45.407698850604611, -23.809077798377132 ], [ -45.407591813986905, -23.808926309824383 ], [ -45.407493418683408, -23.808769960060591 ], [ -45.407395643901026, -23.80861326128014 ] ] } },
{ "type": "Feature", "properties": { "regiao": 3, "rodovia": "SP 055", "ra_geo": 1.0, "ra_hid": 3.0, "ra": 3, "km": 153.48, "fonte": "tabela", "fonte_geo": "tabela", "fonte_hid": "figura" }, "geometry": { "type": "LineString", "coordinates": [ [ -45.40729786935534, -23.808456562431353 ], [ -45.407200095046342, -23.808299863514193 ], [ -45.407101887588219, -23.808143394439963 ], [ -45.407003472661174, -23.807987035485016 ], [ -45.406905057971805, -23.807830676460906 ], [ -45.406806643520113, -23.807674317367642 ] ] } },
{ "type": "Feature", "properties": { "regiao": 3, "rodovia": "SP 055", "ra_geo": 1.0, "ra_hid": 2.0, "ra": 2, "km": 153.62, "fonte": "tabela", "fonte_geo": "tabela", "fonte_hid": "figura" }, "geometry": { "type": "LineString", "coordinates": [ [ -45.406708229306105, -23.807517958205224 ], [ -45.406609815329759, -23.807361598973653 ], [ -45.406511401591089, -23.807205239672925 ], [ -45.406412988090089, -23.807048880303046 ], [ -45.406314574826759, -23.806892520864015 ], [ -45.40621616180109, -23.80673616135584 ], [ -45.406117749013077, -23.806579801778511 ], [ -45.406019336462727, -23.806423442132044 ], [ -45.405920924150031, -23.806267082416433 ] ] } },
{ "type": "Feature", "properties": { "regiao": 3, "rodovia": "SP 055", "ra_geo": 1.0, "ra_hid": null, "ra": 1, "km": 153.86, "fonte": "tabela", "fonte_geo": "tabela", "fonte_hid": "figura" }, "geometry": { "type": "LineString", "coordinates": [ [ -45.405822512074984, -23.806110722631672 ], [ -45.405724100237592, -23.805954362777772 ], [ -45.405625688637848, -23.805798002854733 ], [ -45.405528148681014, -23.805641181375655 ], [ -45.405430630939385, -23.805484348188752 ], [ -45.405333113434004, -23.80532751493384 ], [ -45.405235596164864, -23.805170681610928 ], [ -45.405138079131959, -23.805013848220025 ], [ -45.405040562335287, -23.804857014761119 ], [ -45.404938986545403, -23.804702439727173 ], [ -45.404833329163999, -23.804550135688494 ], [ -45.404727672030695, -23.804397831571102 ], [ -45.404559844808979, -23.804315152678541 ], [ -45.404376957639492, -23.804249339605914 ], [ -45.404186517146506, -23.804223602299707 ], [ -45.403990224648354, -23.804228913362191 ], [ -45.403807643312007, -23.804191591321921 ], [ -45.403646100267693, -23.804088854215617 ] ] } },
{ "type": "Feature", "properties": { "regiao": 3, "rodovia": "SP 055", "ra_geo": 3.0, "ra_hid": 3.0, "ra": 3, "km": 155.23, "fonte": "tabela", "fonte_geo": "tabela", "fonte_hid": "figura" }, "geometry": { "type": "LineString", "coordinates": [ [ -45.559703725611172, -23.791467745710719 ], [ -45.559887387671274, -23.791402938087259 ], [ -45.560071049545073, -23.791338130248118 ], [ -45.560259188854779, -23.791285811603398 ], [ -45.560448705477299, -23.79123733488094 ], [ -45.560638221954449, -23.791188857928088 ], [ -45.560827738286235, -23.791140380744867 ], [ -45.561017254472645, -23.791091903331274 ], [ -45.561206463183638, -23.791042439287512 ], [ -45.561395103945877, -23.790991152621555 ], [ -45.561583744555371, -23.790939865727459 ], [ -45.561772385012127, -23.790888578605255 ], [ -45.56196298790146, -23.790844346481048 ], [ -45.562155207114074, -23.790805925035517 ], [ -45.562347426208589, -23.790767503352541 ], [ -45.562539645185005, -23.790729081432087 ], [ -45.562731864043315, -23.790690659274194 ], [ -45.562926310737446, -23.790664560365588 ], [ -45.563121694964487, -23.790643647407013 ], [ -45.563317079123557, -23.790622734202223 ], [ -45.563512463214657, -23.79060182075121 ], [ -45.563707847237779, -23.790580907053979 ], [ -45.563903231192917, -23.790559993110534 ], [ -45.56409861508007, -23.790539078920876 ], [ -45.564292231620016, -23.790509311252968 ], [ -45.564482938061502, -23.790464965702114 ], [ -45.564679556852354, -23.790463881741921 ], [ -45.564875353624295, -23.790449869300083 ], [ -45.565070637371491, -23.790428179082436 ], [ -45.565265921048415, -23.790406488618867 ], [ -45.565461204655065, -23.790384797909361 ], [ -45.565656488191443, -23.790363106953951 ], [ -45.565851771657549, -23.790341415752629 ], [ -45.566047055053367, -23.790319724305384 ], [ -45.566242338378913, -23.790298032612217 ], [ -45.566437621634172, -23.790276340673135 ], [ -45.566632904819137, -23.790254648488144 ], [ -45.566828187933815, -23.790232956057238 ], [ -45.567023470978206, -23.79021126338041 ], [ -45.567218753952297, -23.790189570457677 ], [ -45.567414036856093, -23.790167877289029 ], [ -45.567609319689588, -23.790146183874469 ], [ -45.567805790621485, -23.790142501270552 ], [ -45.568002491150551, -23.790142298977099 ], [ -45.568199191673365, -23.790142096432977 ], [ -45.568395892189933, -23.790141893638197 ], [ -45.568592592700256, -23.790141690592726 ], [ -45.568789293204318, -23.790141487296598 ], [ -45.568985993702121, -23.79014128374979 ], [ -45.569182694193664, -23.790141079952317 ], [ -45.569379394678947, -23.790140875904164 ], [ -45.569576095157963, -23.790140671605339 ], [ -45.569772795630712, -23.790140467055846 ], [ -45.569969496097194, -23.79014026225569 ], [ -45.570166196557402, -23.790140057204841 ], [ -45.570362897011329, -23.790139851903326 ], [ -45.570559597458974, -23.790139646351147 ], [ -45.570756297900353, -23.790139440548291 ], [ -45.570952998335436, -23.790139234494774 ], [ -45.571149698764238, -23.79013902819057 ], [ -45.571346399186744, -23.790138821635697 ], [ -45.571543098555892, -23.790138332015328 ], [ -45.571739795930434, -23.790137305543016 ], [ -45.571936493296214, -23.790136278820082 ], [ -45.572133190653219, -23.790135251846536 ], [ -45.572329888001462, -23.790134224622367 ], [ -45.572526585340931, -23.790133197147593 ], [ -45.572723282671618, -23.790132169422197 ], [ -45.572919979993536, -23.790131141446182 ], [ -45.573116677306672, -23.790130113219547 ], [ -45.573313374611025, -23.790129084742301 ] ] } },
{ "type": "Feature", "properties": { "regiao": 3, "rodovia": "SP 055", "ra_geo": 2.0, "ra_hid": 2.0, "ra": 2, "km": 156.66, "fonte": "tabela", "fonte_geo": "tabela", "fonte_hid": "figura" }, "geometry": { "type": "LineString", "coordinates": [ [ -45.57351007190659, -23.790128056014435 ], [ -45.573706769193372, -23.790127027035954 ], [ -45.573903466471364, -23.790125997806864 ], [ -45.57410016374056, -23.790124968327149 ], [ -45.57429685988496, -23.790125519627701 ], [ -45.57449355552253, -23.790126784487807 ], [ -45.574690251158216, -23.790128049097159 ], [ -45.574886946792006, -23.790129313455775 ], [ -45.575083642423891, -23.790130577563648 ], [ -45.575280338053879, -23.790131841420763 ], [ -45.575477033681956, -23.790133105027142 ] ] } },
{ "type": "Feature", "properties": { "regiao": 3, "rodovia": "SP 055", "ra_geo": 2.0, "ra_hid": 1.0, "ra": 2, "km": 157.18, "fonte": "tabela", "fonte_geo": "tabela", "fonte_hid": "figura" }, "geometry": { "type": "LineString", "coordinates": [ [ -45.575673729308136, -23.79013436838277 ], [ -45.575870424932397, -23.790135631487662 ], [ -45.576067120554747, -23.790136894341803 ], [ -45.576263816175185, -23.790138156945194 ], [ -45.576460511793705, -23.790139419297844 ], [ -45.576657207410307, -23.790140681399752 ], [ -45.576853903024983, -23.790141943250905 ], [ -45.577050598637726, -23.790143204851319 ], [ -45.577247294248544, -23.790144466200982 ], [ -45.577443989857436, -23.790145727299908 ], [ -45.577640685464388, -23.790146988148084 ], [ -45.577837381069408, -23.79014824874551 ], [ -45.578034076672481, -23.790149509092199 ], [ -45.578230772273614, -23.790150769188141 ], [ -45.5784274678728, -23.790152029033326 ], [ -45.578624163470046, -23.790153288627785 ], [ -45.578820859065338, -23.790154547971476 ], [ -45.57901755465867, -23.790155807064433 ], [ -45.579214250250054, -23.790157065906648 ] ] } },
{ "type": "Feature", "properties": { "regiao": 3, "rodovia": "SP 055", "ra_geo": 2.0, "ra_hid": null, "ra": 2, "km": 157.58, "fonte": "tabela", "fonte_geo": "tabela", "fonte_hid": "figura" }, "geometry": { "type": "LineString", "coordinates": [ [ -45.579410945839477, -23.790158324498108 ], [ -45.579607641426939, -23.790159582838829 ], [ -45.579804337012433, -23.790160840928802 ], [ -45.580001032595966, -23.790162098768029 ] ] } },
{ "type": "Feature", "properties": { "regiao": 3, "rodovia": "SP 055", "ra_geo": 2.0, "ra_hid": 0.0, "ra": 2, "km": 158.0, "fonte": "tabela", "fonte_geo": "tabela", "fonte_hid": "figura" }, "geometry": { "type": "LineString", "coordinates": [ [ -45.580197728177531, -23.790163356356512 ], [ -45.580394423757113, -23.790164613694238 ], [ -45.580591119334727, -23.79016587078123 ], [ -45.580787814910366, -23.790167127617472 ], [ -45.580984510484022, -23.790168384202964 ], [ -45.581181206055696, -23.790169640537719 ], [ -45.58137790162538, -23.790170896621724 ], [ -45.581574597193082, -23.790172152454971 ], [ -45.581771292758788, -23.790173408037489 ], [ -45.581967988322504, -23.790174663369243 ], [ -45.582164683884216, -23.790175918450267 ], [ -45.582361379443938, -23.790177173280544 ], [ -45.582558075001657, -23.790178427860063 ], [ -45.582754770557365, -23.790179682188842 ], [ -45.582951466111069, -23.790180936266879 ], [ -45.583148099828897, -23.790179740145149 ], [ -45.583344520035304, -23.790170085010772 ], [ -45.583540940206937, -23.790160429626972 ], [ -45.583735557685742, -23.79014095848342 ], [ -45.583924517888519, -23.790090683698114 ] ] } },
{ "type": "Feature", "properties": { "regiao": 3, "rodovia": "SP 055", "ra_geo": 3.0, "ra_hid": 0.0, "ra": 3, "km": 158.47, "fonte": "tabela", "fonte_geo": "tabela", "fonte_hid": "figura" }, "geometry": { "type": "LineString", "coordinates": [ [ -45.584112712342645, -23.790038366814844 ], [ -45.584295159991804, -23.789970723310315 ], [ -45.584468681132073, -23.789887253081034 ], [ -45.584633809066233, -23.789788901789713 ], [ -45.584795418459919, -23.789686553687226 ], [ -45.58493424942769, -23.789558330346512 ], [ -45.585073080123067, -23.789430106884147 ] ] } },
{ "type": "Feature", "properties": { "regiao": 3, "rodovia": "SP 055", "ra_geo": 2.0, "ra_hid": 0.0, "ra": 2, "km": 158.75, "fonte": "tabela", "fonte_geo": "tabela", "fonte_hid": "figura" }, "geometry": { "type": "LineString", "coordinates": [ [ -45.585199178707057, -23.789291356047805 ], [ -45.585322933901224, -23.7891506677135 ], [ -45.585446688830153, -23.78900997928265 ], [ -45.585570443493864, -23.78886929075524 ], [ -45.585694197892352, -23.788728602131286 ], [ -45.585817952025629, -23.788587913410787 ], [ -45.585941705893688, -23.788447224593764 ], [ -45.586065459496531, -23.788306535680192 ], [ -45.586189212834164, -23.788165846670079 ] ] } },
{ "type": "Feature", "properties": { "regiao": 3, "rodovia": "SP 055", "ra_geo": 3.0, "ra_hid": 0.0, "ra": 3, "km": 158.99, "fonte": "tabela", "fonte_geo": "tabela", "fonte_hid": "figura" }, "geometry": { "type": "LineString", "coordinates": [ [ -45.586312965906593, -23.788025157563435 ], [ -45.58643671871382, -23.78788446836025 ], [ -45.586560471255844, -23.787743779060548 ], [ -45.586684223532657, -23.787603089664316 ], [ -45.586807975544275, -23.787462400171538 ] ] } },
{ "type": "Feature", "properties": { "regiao": 3, "rodovia": "SP 055", "ra_geo": 2.0, "ra_hid": 0.0, "ra": 2, "km": 159.21, "fonte": "tabela", "fonte_geo": "tabela", "fonte_hid": "figura" }, "geometry": { "type": "LineString", "coordinates": [ [ -45.586931727290697, -23.787321710582251 ], [ -45.587055478771937, -23.787181020896437 ], [ -45.587179229987974, -23.787040331114095 ], [ -45.587302980938823, -23.786899641235237 ], [ -45.587426731624497, -23.78675895125987 ], [ -45.587550482044975, -23.786618261187986 ], [ -45.587674232200278, -23.786477571019578 ], [ -45.5877979820904, -23.786336880754668 ] ] } },
{ "type": "Feature", "properties": { "regiao": 3, "rodovia": "SP 055", "ra_geo": 3.0, "ra_hid": 0.0, "ra": 3, "km": 159.58, "fonte": "tabela", "fonte_geo": "tabela", "fonte_hid": "figura" }, "geometry": { "type": "LineString", "coordinates": [ [ -45.58792604104363, -23.786199843889456 ], [ -45.588068297245087, -23.786074843721234 ], [ -45.588210553174214, -23.785949843425279 ], [ -45.58838650786538, -23.785872361318106 ], [ -45.588568124508299, -23.785802863094041 ], [ -45.588749740953972, -23.785733364659492 ], [ -45.588931421148963, -23.785731025180379 ], [ -45.589113169555745, -23.785800230838394 ], [ -45.589294918150834, -23.785869436277995 ], [ -45.589358991680413, -23.786035897986768 ], [ -45.589414312844482, -23.786209593462075 ], [ -45.589470223940523, -23.786383122884367 ], [ -45.589529972590704, -23.786555572029286 ] ] } },
{ "type": "Feature", "properties": { "regiao": 3, "rodovia": "SP 055", "ra_geo": 3.0, "ra_hid": null, "ra": 3, "km": 159.95, "fonte": "tabela", "fonte_geo": "tabela", "fonte_hid": "figura" }, "geometry": { "type": "LineString", "coordinates": [ [ -45.589589721403307, -23.786728021144143 ], [ -45.589599556377443, -23.78690455507909 ], [ -45.589527279822207, -23.787069092525588 ], [ -45.589400054593838, -23.787205102600655 ], [ -45.589240544285843, -23.787311009710791 ], [ -45.589086451852005, -23.787422350355715 ], [ -45.588958099298921, -23.787559504947406 ], [ -45.588853181264611, -23.787703276392392 ] ] } },
{ "type": "Feature", "properties": { "regiao": 3, "rodovia": "SP 055", "ra_geo": 4.0, "ra_hid": null, "ra": 4, "km": 160.48, "fonte": "tabela", "fonte_geo": "tabela", "fonte_hid": "figura" }, "geometry": { "type": "LineString", "coordinates": [ [ -45.588875848891036, -23.787883072409706 ], [ -45.588963526162964, -23.788036967601691 ], [ -45.589098215736037, -23.788164405854538 ], [ -45.589289466633893, -23.788205659977827 ], [ -45.589482673932132, -23.78823960427502 ], [ -45.589675881325284, -23.788273548328227 ], [ -45.589868074103265, -23.788310994724171 ], [ -45.590054004244436, -23.788370058781759 ], [ -45.590214720969804, -23.788458620498862 ], [ -45.590320902470054, -23.788610984229276 ], [ -45.590362420555053, -23.788783915564824 ], [ -45.590379737942676, -23.788964113563129 ], [ -45.590366629126038, -23.789144713033906 ], [ -45.590353520278967, -23.78932531250009 ], [ -45.590340411401485, -23.789505911961676 ], [ -45.590317850986843, -23.789685614575092 ], [ -45.590290633515451, -23.789864875284234 ], [ -45.590257454471747, -23.790043088555993 ], [ -45.590210981954677, -23.790218966183609 ], [ -45.590213554410184, -23.790398960474089 ], [ -45.590224679144498, -23.790579672605347 ], [ -45.590302190623888, -23.790745751641595 ], [ -45.590381252440928, -23.790911488946481 ] ] } },
{ "type": "Feature", "properties": { "regiao": 3, "rodovia": "SP 055", "ra_geo": 4.0, "ra_hid": null, "ra": 4, "km": 161.39, "fonte": "tabela", "fonte_geo": "tabela", "fonte_hid": "figura" }, "geometry": { "type": "LineString", "coordinates": [ [ -45.590460314462483, -23.791077226203367 ], [ -45.590561047955006, -23.791225599872753 ], [ -45.590728573365723, -23.791320458299012 ], [ -45.590909168295873, -23.791297156998894 ], [ -45.591092380399658, -23.791232344325927 ], [ -45.591254895618839, -23.791130372641128 ], [ -45.591413111652166, -23.791023437436333 ], [ -45.591557389336842, -23.790900409798862 ], [ -45.591680141350949, -23.790763089369911 ], [ -45.591761548140319, -23.790598316182184 ], [ -45.591831784734623, -23.790429654510458 ], [ -45.591889282627314, -23.790256558335155 ], [ -45.591964945578376, -23.79009054306643 ], [ -45.592060067324844, -23.78993211300952 ], [ -45.592155188843819, -23.789773682895312 ], [ -45.592250310135292, -23.789615252723845 ], [ -45.59234355464055, -23.789456230057866 ], [ -45.592374164137951, -23.789277433280596 ], [ -45.592404773557192, -23.789098636494803 ], [ -45.592413913082289, -23.788918192505502 ], [ -45.592415902415674, -23.788737199939312 ], [ -45.592453000172235, -23.788561734480659 ], [ -45.592516509301831, -23.788390426957157 ], [ -45.592580018269608, -23.788219119407053 ], [ -45.592643527075552, -23.788047811830339 ], [ -45.592746311742474, -23.787894420068309 ], [ -45.592856014634343, -23.787744184108135 ], [ -45.592965717276243, -23.787593948072086 ], [ -45.593075419668175, -23.787443711960176 ] ] } },
{ "type": "Feature", "properties": { "regiao": 3, "rodovia": "SP 055", "ra_geo": 4.0, "ra_hid": null, "ra": 4, "km": 162.08, "fonte": "tabela", "fonte_geo": "tabela", "fonte_hid": "figura" }, "geometry": { "type": "LineString", "coordinates": [ [ -45.593187935763055, -23.787295397594658 ], [ -45.593312426919752, -23.787155261826882 ], [ -45.593436917810678, -23.787015125961464 ], [ -45.593589438029113, -23.786901219316082 ], [ -45.593743789326581, -23.78678902624393 ], [ -45.593881079964383, -23.786660472278015 ], [ -45.594009263040917, -23.786523184399126 ], [ -45.594137445849078, -23.786385896416714 ], [ -45.594265628388861, -23.786248608330794 ], [ -45.594393810660272, -23.786111320141373 ], [ -45.594521992663317, -23.785974031848443 ] ] } },
{ "type": "Feature", "properties": { "regiao": 3, "rodovia": "SP 055", "ra_geo": 4.0, "ra_hid": null, "ra": 4, "km": 162.69, "fonte": "tabela", "fonte_geo": "tabela", "fonte_hid": "figura" }, "geometry": { "type": "LineString", "coordinates": [ [ -45.594650174397991, -23.78583674345202 ], [ -45.5947783558643, -23.785699454952081 ], [ -45.594906537062244, -23.785562166348658 ], [ -45.595061402717512, -23.785453617082652 ], [ -45.595228765667343, -23.785358527501852 ], [ -45.595402430684977, -23.78527784833534 ], [ -45.595594715232224, -23.785239743924372 ], [ -45.595786999661982, -23.785201639275925 ], [ -45.595983212212516, -23.785195134975226 ], [ -45.59617988039178, -23.785192295874566 ], [ -45.596376548556577, -23.785189456523515 ], [ -45.596573216706922, -23.785186616922061 ], [ -45.5967698848428, -23.785183777070227 ], [ -45.596963975715376, -23.785157596681731 ], [ -45.59715724486761, -23.785123975173931 ], [ -45.597350513914918, -23.785090353426003 ], [ -45.597543782857272, -23.785056731437951 ], [ -45.597737051694693, -23.785023109209757 ], [ -45.597927553056998, -23.784981361757268 ], [ -45.598107100440316, -23.784907453749387 ], [ -45.598284430711836, -23.784831117593768 ], [ -45.598394484769358, -23.784681101001212 ], [ -45.598340142921593, -23.784533130015095 ], [ -45.598225721590978, -23.784385906549115 ] ] } },
{ "type": "Feature", "properties": { "regiao": 3, "rodovia": "SP 055", "ra_geo": 3.0, "ra_hid": null, "ra": 3, "km": 163.21, "fonte": "figura", "fonte_geo": "figura", "fonte_hid": "figura" }, "geometry": { "type": "LineString", "coordinates": [ [ -45.598140427059057, -23.784228359135557 ], [ -45.598066560531791, -23.784071526633035 ], [ -45.597926816538674, -23.783944151882324 ], [ -45.59778707281783, -23.783816776997554 ], [ -45.597647329369238, -23.783689401978737 ], [ -45.597507586192911, -23.783562026825877 ] ] } },
{ "type": "Feature", "properties": { "regiao": 3, "rodovia": "SP 055", "ra_geo": 3.0, "ra_hid": 0.0, "ra": 3, "km": 163.74, "fonte": "figura", "fonte_geo": "figura", "fonte_hid": "figura" }, "geometry": { "type": "LineString", "coordinates": [ [ -45.597377389191386, -23.7834271771702 ], [ -45.597263135895531, -23.78327984381556 ], [ -45.597139644629003, -23.783139382548452 ], [ -45.597007045342423, -23.783005696685542 ], [ -45.596874446327575, -23.782872010701013 ], [ -45.596741847584447, -23.782738324594856 ], [ -45.596609249113051, -23.782604638367083 ], [ -45.596484806355917, -23.782465939217293 ], [ -45.596401397730446, -23.782302018213031 ], [ -45.596322972665128, -23.782139167860795 ], [ -45.596476634603981, -23.782026182823213 ], [ -45.596642712404758, -23.781972620459253 ], [ -45.596830948795976, -23.782025107463411 ], [ -45.597019185333416, -23.782077594234678 ], [ -45.597207422017071, -23.782130080773033 ], [ -45.597395658846928, -23.782182567078504 ], [ -45.597583895822993, -23.782235053151062 ], [ -45.597773350679674, -23.782274877497883 ], [ -45.597968678986923, -23.782253632130669 ], [ -45.598164007224931, -23.782232386517542 ], [ -45.598359335393667, -23.7822111406585 ], [ -45.598550889676559, -23.782171236188535 ], [ -45.598741443690685, -23.782126386629965 ], [ -45.598931997568855, -23.782081536838561 ] ] } },
{ "type": "Feature", "properties": { "regiao": 3, "rodovia": "SP 055", "ra_geo": 4.0, "ra_hid": 0.0, "ra": 4, "km": 164.34, "fonte": "figura", "fonte_geo": "figura", "fonte_hid": "figura" }, "geometry": { "type": "LineString", "coordinates": [ [ -45.599123814059631, -23.78204207989867 ], [ -45.599317529801688, -23.782010734718401 ], [ -45.599511571020308, -23.781982331815097 ], [ -45.599707675037685, -23.781985491347744 ], [ -45.599902471169493, -23.782010532023264 ], [ -45.600097267370195, -23.782035572451413 ], [ -45.600264187202285, -23.782120797822238 ], [ -45.600418714617803, -23.782232778732414 ], [ -45.600576202444238, -23.782339838535101 ], [ -45.600758288192949, -23.782408277699176 ], [ -45.600940374128044, -23.782476716644034 ] ] } },
{ "type": "Feature", "properties": { "regiao": 3, "rodovia": "SP 055", "ra_geo": 3.0, "ra_hid": 0.0, "ra": 3, "km": 164.73, "fonte": "figura", "fonte_geo": "figura", "fonte_hid": "figura" }, "geometry": { "type": "LineString", "coordinates": [ [ -45.601136420375539, -23.782481080044583 ], [ -45.601333102242485, -23.782482525788549 ], [ -45.601529192185275, -23.782473924535061 ], [ -45.601724551244629, -23.78245291854358 ], [ -45.601872164594241, -23.78235545063011 ], [ -45.601990254041695, -23.782210702262429 ], [ -45.602108343229332, -23.782065953806995 ], [ -45.602226432157146, -23.781921205263814 ], [ -45.602344520825142, -23.78177645663289 ], [ -45.602462609233328, -23.781631707914222 ], [ -45.602580697381697, -23.781486959107824 ] ] } },
{ "type": "Feature", "properties": { "regiao": 3, "rodovia": "SP 055", "ra_geo": 2.0, "ra_hid": 0.0, "ra": 2, "km": 165.21, "fonte": "figura", "fonte_geo": "figura", "fonte_hid": "figura" }, "geometry": { "type": "LineString", "coordinates": [ [ -45.602749966812347, -23.781413084541075 ], [ -45.602946359041276, -23.781422981818981 ], [ -45.603108857120127, -23.78151869319257 ], [ -45.603221129905975, -23.781667309162252 ], [ -45.603291818945003, -23.781835792699347 ], [ -45.603458944206288, -23.781856802807027 ], [ -45.603599622147215, -23.781733025266824 ], [ -45.603763776423698, -23.781633318512959 ], [ -45.603927930447441, -23.781533611588333 ], [ -45.604092084218451, -23.781433904492957 ], [ -45.604261899249479, -23.781343485525436 ], [ -45.604439936386967, -23.781266555952513 ], [ -45.604617973311107, -23.781189626177781 ], [ -45.604796010021914, -23.781112696201216 ], [ -45.604969038432237, -23.78102878878645 ], [ -45.605115799388265, -23.7809082858954 ], [ -45.605262560073079, -23.780787782868465 ] ] } },
{ "type": "Feature", "properties": { "regiao": 3, "rodovia": "SP 055", "ra_geo": 4.0, "ra_hid": null, "ra": 4, "km": 165.65, "fonte": "figura", "fonte_geo": "figura", "fonte_hid": "figura" }, "geometry": { "type": "LineString", "coordinates": [ [ -45.605384516528389, -23.780648390067785 ], [ -45.60548569640239, -23.780493174813842 ], [ -45.6056365057281, -23.780405639806276 ], [ -45.605830777688766, -23.780377375028223 ], [ -45.605943666959469, -23.780497667858359 ], [ -45.606013624496264, -23.7806620840284 ], [ -45.605994251764471, -23.780842197876744 ], [ -45.60603528753947, -23.781005905158139 ] ] } },
{ "type": "Feature", "properties": { "regiao": 3, "rodovia": "SP 055", "ra_geo": 3.0, "ra_hid": 0.0, "ra": 3, "km": 165.86, "fonte": "figura", "fonte_geo": "figura", "fonte_hid": "figura" }, "geometry": { "type": "LineString", "coordinates": [ [ -45.606156829723652, -23.781148211678961 ], [ -45.606272741524364, -23.781294245035479 ], [ -45.606380684145989, -23.781445553289505 ], [ -45.60648862701985, -23.781596861460027 ] ] } },
{ "type": "Feature", "properties": { "regiao": 3, "rodovia": "SP 055", "ra_geo": 4.0, "ra_hid": 0.0, "ra": 4, "km": 155.18, "fonte": "tabela", "fonte_geo": "tabela", "fonte_hid": "figura" }, "geometry": { "type": "LineString", "coordinates": [ [ -45.60648862701985, -23.781596861460027 ], [ -45.606536069885095, -23.78177384553808 ], [ -45.60660703151612, -23.781929560352847 ], [ -45.606798497357588, -23.781976296298865 ], [ -45.606987925908562, -23.781980481342806 ], [ -45.607174182793543, -23.781918429113688 ], [ -45.607360439497008, -23.781856376662954 ], [ -45.607551596220546, -23.78181053066039 ], [ -45.607745912795338, -23.781775135558227 ], [ -45.607940229259249, -23.781739740213464 ], [ -45.608103384995992, -23.781650803304817 ], [ -45.608243088828466, -23.781521570733371 ] ] } },
{ "type": "Feature", "properties": { "regiao": 3, "rodovia": "SP 055", "ra_geo": 4.0, "ra_hid": null, "ra": 4, "km": 156.99, "fonte": "tabela", "fonte_geo": "tabela", "fonte_hid": "figura" }, "geometry": { "type": "LineString", "coordinates": [ [ -45.608380073265685, -23.781390558560751 ], [ -45.608466862797357, -23.781226697317287 ], [ -45.608553652115262, -23.78106283602601 ], [ -45.608693479631626, -23.780960780565422 ], [ -45.608886807399287, -23.780921069144512 ] ] } },
{ "type": "Feature", "properties": { "regiao": 3, "rodovia": "SP 055", "ra_geo": 4.0, "ra_hid": null, "ra": 4, "km": 158.9, "fonte": "tabela", "fonte_geo": "tabela", "fonte_hid": "figura" }, "geometry": { "type": "LineString", "coordinates": [ [ -45.609068823787275, -23.780908005444463 ], [ -45.609181714185787, -23.781057794335567 ], [ -45.609294604845111, -23.781207583135949 ], [ -45.609399835430864, -23.781361363863841 ], [ -45.609481352858388, -23.781527502247197 ], [ -45.60956287049715, -23.781693640579732 ], [ -45.609644388347157, -23.781859778861438 ], [ -45.60971191093352, -23.782031051972076 ], [ -45.609776965855382, -23.782203230487909 ], [ -45.609842020953408, -23.782375408969006 ], [ -45.609937125769918, -23.782534680604833 ], [ -45.610038757507027, -23.782691148844304 ], [ -45.61016186552051, -23.782808045569801 ] ] } },
{ "type": "Feature", "properties": { "regiao": 3, "rodovia": "SP 055", "ra_geo": 4.0, "ra_hid": 1.0, "ra": 4, "km": 161.56, "fonte": "tabela", "fonte_geo": "tabela", "fonte_hid": "figura" }, "geometry": { "type": "LineString", "coordinates": [ [ -45.610358848819217, -23.782788820628305 ], [ -45.61055583205399, -23.782769595436591 ], [ -45.610729247021403, -23.782688194960233 ], [ -45.610896485840719, -23.782590501680993 ], [ -45.611063724407479, -23.782492808224479 ], [ -45.611233855674428, -23.782399581109981 ], [ -45.611406792831637, -23.782310686282948 ], [ -45.611579729750439, -23.782221791265986 ], [ -45.611762124867866, -23.78216969825041 ], [ -45.611960012061459, -23.782177883945234 ], [ -45.612157899273704, -23.782186069385883 ], [ -45.612344716096125, -23.782230777612821 ] ] } },
{ "type": "Feature", "properties": { "regiao": 3, "rodovia": "SP 055", "ra_geo": 3.0, "ra_hid": 1.0, "ra": 3, "km": 163.68, "fonte": "figura", "fonte_geo": "figura", "fonte_hid": "figura" }, "geometry": { "type": "LineString", "coordinates": [ [ -45.61251863708889, -23.782318031587959 ], [ -45.612692558310464, -23.782405285361403 ], [ -45.612819586313925, -23.782534979659218 ], [ -45.612911491920499, -23.782696461457267 ], [ -45.613003397757623, -23.782857943192582 ], [ -45.61317230256946, -23.782937867348547 ], [ -45.613358899258849, -23.78299905213705 ], [ -45.613546024317984, -23.783049469376493 ] ] } },
{ "type": "Feature", "properties": { "regiao": 3, "rodovia": "SP 055", "ra_geo": 3.0, "ra_hid": 2.0, "ra": 3, "km": 165.27, "fonte": "figura", "fonte_geo": "figura", "fonte_hid": "figura" }, "geometry": { "type": "LineString", "coordinates": [ [ -45.613737852885308, -23.783004005677672 ], [ -45.613929681313813, -23.782958541742971 ], [ -45.614121759489123, -23.78291416417844 ], [ -45.614317156069639, -23.782884216672855 ], [ -45.614512552554771, -23.782854268921689 ], [ -45.614698603715183, -23.78288975470463 ], [ -45.614878955380632, -23.782965148236173 ] ] } },
{ "type": "Feature", "properties": { "regiao": 3, "rodovia": "SP 055", "ra_geo": 4.0, "ra_hid": 2.0, "ra": 4, "km": 155.05, "fonte": "tabela", "fonte_geo": "tabela", "fonte_hid": "figura" }, "geometry": { "type": "LineString", "coordinates": [ [ -45.614878955380632, -23.782965148236173 ], [ -45.615047609948505, -23.78305817989607 ], [ -45.615216264753542, -23.783151211365645 ], [ -45.61538491979573, -23.783244242644898 ], [ -45.615553575075083, -23.783337273733821 ], [ -45.615719372487639, -23.783434436345701 ], [ -45.615882349522828, -23.783535676308237 ], [ -45.61604532680817, -23.783636916092171 ], [ -45.616211293622989, -23.783733928580922 ], [ -45.616377887248419, -23.783830054859941 ], [ -45.616544481116179, -23.783926180952939 ], [ -45.616711075226277, -23.784022306859889 ], [ -45.616877669578713, -23.784118432580787 ], [ -45.617044264173487, -23.784214558115654 ], [ -45.617221919675927, -23.784282106568977 ], [ -45.617417037658328, -23.784304538146117 ], [ -45.617612155701764, -23.784326969475188 ], [ -45.617807273806207, -23.784349400556174 ], [ -45.618003239348688, -23.784363342293652 ], [ -45.618199532951458, -23.784373997553796 ], [ -45.618395826580127, -23.78438465256367 ], [ -45.618591213977034, -23.784386700843342 ], [ -45.618781632622891, -23.784341562667059 ], [ -45.618972051131877, -23.784296424258361 ], [ -45.619162469503983, -23.784251285617231 ], [ -45.619352887739218, -23.784206146743699 ], [ -45.619543305837567, -23.784161007637739 ], [ -45.619729552387845, -23.784103638911819 ], [ -45.619913845003815, -23.784040542102453 ], [ -45.620098137437225, -23.783977445076253 ], [ -45.620282429688075, -23.783914347833228 ], [ -45.620466721756372, -23.783851250373374 ], [ -45.620651013642103, -23.783788152696697 ] ] } },
{ "type": "Feature", "properties": { "regiao": 3, "rodovia": "SP 055", "ra_geo": 3.0, "ra_hid": 2.0, "ra": 3, "km": 156.47, "fonte": "tabela", "fonte_geo": "tabela", "fonte_hid": "figura" }, "geometry": { "type": "LineString", "coordinates": [ [ -45.620835305345274, -23.783725054803206 ], [ -45.621019596865878, -23.783661956692889 ], [ -45.621203901196559, -23.783598893126705 ], [ -45.621391378064125, -23.783544317712636 ], [ -45.621579523514583, -23.783540731025809 ], [ -45.621758709795834, -23.783610910729717 ], [ -45.621921268271571, -23.783712342660156 ], [ -45.622075781161968, -23.783824258941383 ], [ -45.622255741747907, -23.783895959531581 ], [ -45.62243892032329, -23.78396145208886 ], [ -45.622625629551401, -23.78401805860009 ] ] } },
{ "type": "Feature", "properties": { "regiao": 3, "rodovia": "SP 055", "ra_geo": 3.0, "ra_hid": 4.0, "ra": 4, "km": 157.09, "fonte": "tabela", "fonte_geo": "tabela", "fonte_hid": "figura" }, "geometry": { "type": "LineString", "coordinates": [ [ -45.622809610611604, -23.784081591289894 ], [ -45.622972663419965, -23.784181630828158 ], [ -45.62312136527548, -23.784300024229616 ], [ -45.62327040538959, -23.784418059150813 ], [ -45.62341875427424, -23.784536773724696 ], [ -45.623556574418991, -23.784665839115743 ], [ -45.623694394836001, -23.78479490437589 ], [ -45.623832215525269, -23.784923969505169 ] ] } },
{ "type": "Feature", "properties": { "regiao": 3, "rodovia": "SP 055", "ra_geo": 3.0, "ra_hid": null, "ra": 3, "km": 158.09, "fonte": "tabela", "fonte_geo": "tabela", "fonte_hid": "figura" }, "geometry": { "type": "LineString", "coordinates": [ [ -45.623970036486796, -23.785053034503552 ], [ -45.624107857720588, -23.785182099371049 ], [ -45.62424567922664, -23.785311164107661 ], [ -45.624383501004957, -23.785440228713369 ], [ -45.624521323055546, -23.785569293188182 ], [ -45.624659145378402, -23.785698357532105 ], [ -45.624807149963516, -23.785816196985657 ], [ -45.624969774595954, -23.785917919226431 ], [ -45.62515823536458, -23.785947738138937 ], [ -45.625342516065686, -23.785912297554717 ], [ -45.625509937784749, -23.785817393993646 ], [ -45.625667038667586, -23.785708686256431 ], [ -45.625823200411453, -23.785598722599385 ], [ -45.62597936189097, -23.785488758788322 ], [ -45.626135523106122, -23.785378794823227 ], [ -45.626291684056909, -23.785268830704112 ], [ -45.626441175822137, -23.785151335506807 ], [ -45.626590698740493, -23.785033964234238 ], [ -45.626755501563743, -23.784935256876775 ], [ -45.626916828858228, -23.784831962321757 ], [ -45.627074466688605, -23.784723798217591 ], [ -45.627232104256329, -23.784615633956438 ], [ -45.627389741561409, -23.784507469538287 ] ] } },
{ "type": "Feature", "properties": { "regiao": 3, "rodovia": "SP 055", "ra_geo": 3.0, "ra_hid": 3.0, "ra": 3, "km": 159.03, "fonte": "tabela", "fonte_geo": "tabela", "fonte_hid": "figura" }, "geometry": { "type": "LineString", "coordinates": [ [ -45.627557114656327, -23.784412502975592 ], [ -45.627726479572353, -23.784320756053727 ], [ -45.627900935082963, -23.784237271211424 ], [ -45.628075390367179, -23.784153786175761 ], [ -45.628253971377795, -23.78407811094544 ], [ -45.628433074031598, -23.784003423324751 ] ] } },
{ "type": "Feature", "properties": { "regiao": 3, "rodovia": "SP 055", "ra_geo": 3.0, "ra_hid": null, "ra": 3, "km": 159.35, "fonte": "tabela", "fonte_geo": "tabela", "fonte_hid": "figura" }, "geometry": { "type": "LineString", "coordinates": [ [ -45.628613553131487, -23.783931738412168 ], [ -45.6287966687199, -23.78386580471707 ], [ -45.628979784119018, -23.783799870808092 ], [ -45.62916289932884, -23.783733936685248 ] ] } },
{ "type": "Feature", "properties": { "regiao": 3, "rodovia": "SP 055", "ra_geo": 3.0, "ra_hid": 0.0, "ra": 3, "km": 159.7, "fonte": "tabela", "fonte_geo": "tabela", "fonte_hid": "figura" }, "geometry": { "type": "LineString", "coordinates": [ [ -45.629348086517325, -23.783673364363441 ], [ -45.629535323332071, -23.783618095944739 ], [ -45.629722559983421, -23.783562827301871 ], [ -45.629909796471367, -23.783507558434863 ], [ -45.630097032795923, -23.7834522893437 ], [ -45.63028426895707, -23.783397020028399 ], [ -45.630471504954812, -23.783341750488958 ] ] } },
{ "type": "Feature", "properties": { "regiao": 3, "rodovia": "SP 055", "ra_geo": 3.0, "ra_hid": 0.0, "ra": 3, "km": 160.38, "fonte": "tabela", "fonte_geo": "tabela", "fonte_hid": "figura" }, "geometry": { "type": "LineString", "coordinates": [ [ -45.630659326712333, -23.783288349609418 ], [ -45.630849780259474, -23.783243343433163 ], [ -45.631041242963803, -23.783203185203643 ], [ -45.631236286915048, -23.783180229857074 ], [ -45.631431330791727, -23.783157274265456 ], [ -45.63162637459385, -23.7831343184288 ], [ -45.631821418321415, -23.783111362347093 ], [ -45.632016461974416, -23.78308840602034 ], [ -45.632211505552846, -23.783065449448543 ], [ -45.632406549056711, -23.783042492631704 ], [ -45.632601592486004, -23.783019535569839 ], [ -45.63279663584072, -23.78299657826291 ], [ -45.632991679120863, -23.782973620710944 ], [ -45.633186722326428, -23.782950662913944 ] ] } },
{ "type": "Feature", "properties": { "regiao": 3, "rodovia": "SP 055", "ra_geo": 3.0, "ra_hid": null, "ra": 3, "km": 161.0, "fonte": "tabela", "fonte_geo": "tabela", "fonte_hid": "figura" }, "geometry": { "type": "LineString", "coordinates": [ [ -45.633381765457415, -23.782927704871909 ], [ -45.633576808513816, -23.782904746584826 ], [ -45.633771851495631, -23.782881788052713 ], [ -45.633966894402853, -23.782858829275558 ], [ -45.63416193723549, -23.782835870253372 ] ] } },
{ "type": "Feature", "properties": { "regiao": 3, "rodovia": "SP 055", "ra_geo": 3.0, "ra_hid": null, "ra": 3, "km": 161.29, "fonte": "tabela", "fonte_geo": "tabela", "fonte_hid": "figura" }, "geometry": { "type": "LineString", "coordinates": [ [ -45.63435697999352, -23.782812910986152 ], [ -45.634552022676964, -23.782789951473895 ], [ -45.634747065285815, -23.782766991716603 ], [ -45.634942107820052, -23.782744031714277 ] ] } },
{ "type": "Feature", "properties": { "regiao": 3, "rodovia": "SP 055", "ra_geo": 3.0, "ra_hid": null, "ra": 3, "km": 161.77, "fonte": "tabela", "fonte_geo": "tabela", "fonte_hid": "figura" }, "geometry": { "type": "LineString", "coordinates": [ [ -45.635137150279689, -23.782721071466927 ], [ -45.63533219266472, -23.782698110974536 ], [ -45.635528250524942, -23.782686420132237 ], [ -45.635724738510731, -23.782679502666916 ], [ -45.635921226469435, -23.782672584951936 ], [ -45.636117714401053, -23.782665666987299 ], [ -45.636314202305591, -23.782658748773024 ], [ -45.636510784079903, -23.782656529685863 ], [ -45.636707415515822, -23.782656796288741 ], [ -45.636904046946228, -23.782657062641153 ], [ -45.637100678371119, -23.782657328743092 ] ] } },
{ "type": "Feature", "properties": { "regiao": 3, "rodovia": "SP 055", "ra_geo": 4.0, "ra_hid": null, "ra": 4, "km": 162.55, "fonte": "tabela", "fonte_geo": "tabela", "fonte_hid": "figura" }, "geometry": { "type": "LineString", "coordinates": [ [ -45.637297266709346, -23.782654542265281 ], [ -45.637493824278039, -23.782649576768012 ], [ -45.637690381825486, -23.782644611020768 ], [ -45.637886965726167, -23.782644162963663 ], [ -45.638083569884991, -23.782647185290376 ], [ -45.638280174046578, -23.782650207366508 ], [ -45.638476539316144, -23.782657259198078 ], [ -45.638672334039605, -23.782673936030804 ], [ -45.638868128806791, -23.7826906126141 ], [ -45.639063923617698, -23.782707288947964 ], [ -45.639259718472331, -23.782723965032392 ], [ -45.639434529324596, -23.782664928784943 ], [ -45.639597727513618, -23.782563993682036 ] ] } },
{ "type": "Feature", "properties": { "regiao": 3, "rodovia": "SP 055", "ra_geo": 4.0, "ra_hid": null, "ra": 4, "km": 163.16, "fonte": "figura", "fonte_geo": "figura", "fonte_hid": "figura" }, "geometry": { "type": "LineString", "coordinates": [ [ -45.639678217667154, -23.782417598199071 ], [ -45.639697415063623, -23.782237513251086 ], [ -45.639716612413423, -23.78205742829768 ], [ -45.639735809716555, -23.781877343338845 ], [ -45.639743521351527, -23.781696588349213 ], [ -45.639760400300339, -23.781518233376609 ] ] } },
{ "type": "Feature", "properties": { "regiao": 3, "rodovia": "SP 055", "ra_geo": 2.0, "ra_hid": null, "ra": 2, "km": 163.52, "fonte": "figura", "fonte_geo": "figura", "fonte_hid": "figura" }, "geometry": { "type": "LineString", "coordinates": [ [ -45.639845953833934, -23.78135530972019 ], [ -45.639934680122543, -23.781193846531089 ], [ -45.640048119954145, -23.781047565391038 ], [ -45.640177183823326, -23.780911052046566 ], [ -45.640305426352135, -23.780774118741359 ] ] } },
{ "type": "Feature", "properties": { "regiao": 3, "rodovia": "SP 055", "ra_geo": 3.0, "ra_hid": null, "ra": 3, "km": 165.26, "fonte": "figura", "fonte_geo": "figura", "fonte_hid": "figura" }, "geometry": { "type": "LineString", "coordinates": [ [ -45.640979893390657, -23.778184458071113 ], [ -45.641115649640035, -23.778078289300129 ], [ -45.641291888039468, -23.777998054672238 ], [ -45.641416443385914, -23.77787249286785 ], [ -45.641495049036095, -23.777706632270746 ], [ -45.641489070717213, -23.777526450158582 ], [ -45.641477199999734, -23.77734590092113 ], [ -45.641453719969526, -23.777166246269989 ], [ -45.641430240010024, -23.776986591609742 ], [ -45.641390853252609, -23.776810065198092 ], [ -45.641332492820389, -23.77663727016763 ], [ -45.641262138627432, -23.776469239923724 ], [ -45.641165522694585, -23.776311642690001 ], [ -45.641060398304333, -23.776158836006548 ], [ -45.640949533726584, -23.776009433143596 ], [ -45.640834707134232, -23.77586254650198 ], [ -45.640719880801853, -23.775715659766654 ], [ -45.640605054729434, -23.775568772937611 ], [ -45.640490228916974, -23.775421886014865 ], [ -45.640375403364473, -23.775274998998409 ], [ -45.640260578071931, -23.775128111888247 ] ] } },
{ "type": "Feature", "properties": { "regiao": 3, "rodovia": "SP 055", "ra_geo": 2.0, "ra_hid": null, "ra": 2, "km": 165.97, "fonte": "figura", "fonte_geo": "figura", "fonte_hid": "figura" }, "geometry": { "type": "LineString", "coordinates": [ [ -45.640260578071931, -23.775128111888247 ], [ -45.640162095425595, -23.774971458594155 ], [ -45.640063613018356, -23.77481480522902 ], [ -45.639989783900567, -23.774647522103319 ], [ -45.639922023584781, -23.774477622323847 ], [ -45.639869798372374, -23.774303727535443 ], [ -45.639832043321874, -23.774126111601564 ] ] } },
{ "type": "Feature", "properties": { "regiao": 3, "rodovia": "SP 055", "ra_geo": 1.0, "ra_hid": null, "ra": 1, "km": 166.18, "fonte": "figura", "fonte_geo": "figura", "fonte_hid": "figura" }, "geometry": { "type": "LineString", "coordinates": [ [ -45.639794288379804, -23.773948495652196 ], [ -45.639756533546155, -23.773770879687341 ], [ -45.639718778820928, -23.773593263706989 ], [ -45.63966210786166, -23.773420419547744 ], [ -45.639596178272292, -23.773249910980034 ], [ -45.639509068273973, -23.773095754400906 ], [ -45.639338085064551, -23.773006350393764 ], [ -45.639167102085636, -23.772916946191259 ], [ -45.639013217736562, -23.772805465404115 ], [ -45.638865612764654, -23.772685877261679 ], [ -45.638738682878156, -23.772553769371239 ], [ -45.638677761334641, -23.772381690290764 ] ] } },
{ "type": "Feature", "properties": { "regiao": 3, "rodovia": "SP 055", "ra_geo": 1.0, "ra_hid": null, "ra": 1, "km": 166.52, "fonte": "figura", "fonte_geo": "figura", "fonte_hid": "figura" }, "geometry": { "type": "LineString", "coordinates": [ [ -45.638582883710832, -23.771140507604279 ], [ -45.638678927335356, -23.770982578314037 ], [ -45.638766571628089, -23.770820749339034 ], [ -45.638875196351862, -23.770670206984985 ], [ -45.638986975835159, -23.770521305527961 ], [ -45.639098755066208, -23.770372403992628 ], [ -45.639210534045027, -23.770223502379004 ], [ -45.639322312771611, -23.770074600687074 ] ] } },
{ "type": "Feature", "properties": { "regiao": 3, "rodovia": "SP 055", "ra_geo": null, "ra_hid": 1.0, "ra": 1, "km": 166.69, "fonte": "figura", "fonte_geo": "figura", "fonte_hid": "figura" }, "geometry": { "type": "LineString", "coordinates": [ [ -45.63943853860745, -23.769928803251464 ], [ -45.639564193512776, -23.769789587558645 ], [ -45.639689848151811, -23.769650371766847 ], [ -45.639815502524556, -23.76951115587606 ], [ -45.639941156631018, -23.76937193988628 ], [ -45.64007365735403, -23.769238467670171 ], [ -45.640212667335263, -23.769110456203432 ], [ -45.640367348120421, -23.769000635980138 ] ] } },
{ "type": "Feature", "properties": { "regiao": 3, "rodovia": "SP 055", "ra_geo": 1.0, "ra_hid": 1.0, "ra": 1, "km": 166.92, "fonte": "figura", "fonte_geo": "figura", "fonte_hid": "figura" }, "geometry": { "type": "LineString", "coordinates": [ [ -45.640535726895997, -23.768907147106965 ], [ -45.64070410542795, -23.768813658054274 ], [ -45.640878647837951, -23.768733081029026 ], [ -45.641067691412871, -23.768683243181634 ], [ -45.641256734838365, -23.768633405105636 ], [ -45.641445778114416, -23.768583566801023 ], [ -45.641641137478203, -23.768566410668274 ], [ -45.64183726417081, -23.768553264076782 ], [ -45.642033410394625, -23.768540405865522 ], [ -45.642229870129697, -23.768532527146476 ], [ -45.642426329834748, -23.768524648178023 ], [ -45.642622789509794, -23.768516768960168 ], [ -45.642819249154812, -23.768508889492917 ], [ -45.643015708769816, -23.768501009776262 ] ] } },
{ "type": "Feature", "properties": { "regiao": 3, "rodovia": "SP 055", "ra_geo": 1.0, "ra_hid": null, "ra": 1, "km": 167.48, "fonte": "figura", "fonte_geo": "figura", "fonte_hid": "figura" }, "geometry": { "type": "LineString", "coordinates": [ [ -45.6432121683548, -23.768493129810206 ], [ -45.643408627909757, -23.76848524959475 ], [ -45.643605087434679, -23.768477369129894 ], [ -45.643801546929581, -23.768469488415636 ], [ -45.64399800639444, -23.768461607451993 ], [ -45.644194465829273, -23.768453726238938 ], [ -45.644390925234056, -23.76844584477648 ], [ -45.644587384608805, -23.768437963064631 ], [ -45.644783843953512, -23.768430081103379 ], [ -45.644980303268163, -23.768422198892733 ], [ -45.645176762552765, -23.768414316432683 ], [ -45.645373221807326, -23.768406433723236 ], [ -45.645569681031823, -23.768398550764385 ], [ -45.645766140226264, -23.768390667556151 ], [ -45.64596259939065, -23.768382784098513 ], [ -45.646159058524965, -23.768374900391482 ], [ -45.646355517629218, -23.76836701643505 ], [ -45.6465519767034, -23.768359132229225 ], [ -45.646748435747519, -23.768351247774 ], [ -45.646944894761553, -23.768343363069388 ], [ -45.647140486659104, -23.768325476111702 ], [ -45.647335818636925, -23.768304591425448 ], [ -45.647531150546129, -23.768283706493442 ], [ -45.647716108978017, -23.768225452576875 ], [ -45.6478983882918, -23.768157547952846 ], [ -45.648075758455924, -23.768081583151478 ], [ -45.648233816132155, -23.767973909574824 ], [ -45.648391873546316, -23.767866235840575 ], [ -45.648566830429012, -23.767784579383068 ], [ -45.648744708538743, -23.767707420343214 ], [ -45.648922586434566, -23.767630261102305 ], [ -45.649100464116465, -23.76755310166034 ], [ -45.649278341584441, -23.76747594201731 ], [ -45.649456218838509, -23.767398782173238 ], [ -45.649607659686978, -23.767285369549917 ], [ -45.649752642878418, -23.767163101613693 ], [ -45.649897625798296, -23.767040833545373 ], [ -45.650042608446626, -23.766918565344945 ] ] } },
{ "type": "Feature", "properties": { "regiao": 3, "rodovia": "SP 055", "ra_geo": 1.0, "ra_hid": null, "ra": 1, "km": 169.04, "fonte": "figura", "fonte_geo": "figura", "fonte_hid": "figura" }, "geometry": { "type": "LineString", "coordinates": [ [ -45.652652249682987, -23.764717715150052 ], [ -45.652797227172137, -23.764595444440086 ], [ -45.652960587242298, -23.764495853962835 ], [ -45.653129238931143, -23.764402792299023 ], [ -45.653297890377026, -23.764309730455214 ], [ -45.653466541579967, -23.764216668431416 ], [ -45.653637149416689, -23.7641267955958 ], [ -45.653810830496042, -23.764041931802563 ], [ -45.653984511346472, -23.763957067818044 ], [ -45.65415819196798, -23.763872203642276 ], [ -45.654331872360565, -23.763787339275236 ], [ -45.654505552524228, -23.763702474716936 ], [ -45.654679232458967, -23.763617609967387 ], [ -45.654864338389274, -23.763557462800208 ], [ -45.655051211746084, -23.763501139165029 ], [ -45.655238084936776, -23.76344481530689 ], [ -45.655424957961351, -23.763388491225822 ], [ -45.655611830819801, -23.763332166921796 ], [ -45.655798703512133, -23.763275842394844 ], [ -45.655985576038347, -23.763219517644952 ], [ -45.656172448398436, -23.763163192672124 ], [ -45.656359320592394, -23.763106867476367 ], [ -45.656546192620233, -23.763050542057663 ], [ -45.656733064481941, -23.76299421641604 ], [ -45.656919936177516, -23.762937890551491 ], [ -45.65710680770696, -23.762881564464006 ], [ -45.657293679070271, -23.762825238153606 ], [ -45.657480550267451, -23.762768911620274 ], [ -45.657667421298491, -23.762712584864023 ], [ -45.6578542921634, -23.762656257884853 ], [ -45.658041162862162, -23.762599930682768 ], [ -45.658228033394778, -23.762543603257772 ], [ -45.658414990767049, -23.762487522312281 ], [ -45.65860217930139, -23.762432097063868 ], [ -45.658789367671844, -23.762376671591742 ], [ -45.658976555878432, -23.762321245895887 ], [ -45.659163743921134, -23.762265819976317 ], [ -45.659350931799949, -23.762210393833044 ], [ -45.659538119514885, -23.762154967466049 ], [ -45.659724858863648, -23.762098277158543 ], [ -45.659911524692006, -23.762041379807805 ], [ -45.660098190352791, -23.761984482234681 ], [ -45.660284855845994, -23.761927584439192 ], [ -45.660471521171623, -23.761870686421315 ], [ -45.660658186329663, -23.761813788181062 ], [ -45.660844851320128, -23.761756889718434 ], [ -45.661031516143005, -23.761699991033435 ], [ -45.661218180798301, -23.761643092126064 ], [ -45.661404736280225, -23.761585892620211 ], [ -45.661591083641312, -23.761528119861037 ], [ -45.661777430832643, -23.761470346880301 ], [ -45.661963777854211, -23.761412573678015 ], [ -45.66215012470601, -23.761354800254153 ], [ -45.662336471388045, -23.761297026608737 ], [ -45.662522817900317, -23.761239252741767 ], [ -45.662709164242813, -23.761181478653242 ], [ -45.662895510415545, -23.761123704343159 ], [ -45.663081856418508, -23.761065929811522 ], [ -45.663268202251686, -23.761008155058335 ], [ -45.663454547915094, -23.76095038008361 ], [ -45.663640893408726, -23.760892604887339 ], [ -45.66382723873258, -23.760834829469516 ], [ -45.66401358388665, -23.760777053830147 ], [ -45.664199928870943, -23.760719277969255 ], [ -45.664386273685452, -23.760661501886808 ], [ -45.664572618330176, -23.760603725582833 ], [ -45.664758962805116, -23.760545949057317 ], [ -45.664945307110273, -23.760488172310282 ], [ -45.66513165124563, -23.760430395341704 ], [ -45.665317995211204, -23.760372618151589 ], [ -45.665504339006986, -23.760314840739959 ], [ -45.665690682632977, -23.760257063106803 ], [ -45.665877902352243, -23.760201748578279 ], [ -45.666065288703578, -23.760146902715533 ], [ -45.666252674892448, -23.760092056628622 ] ] } },
{ "type": "Feature", "properties": { "regiao": 3, "rodovia": "SP 055", "ra_geo": 1.0, "ra_hid": 1.0, "ra": 1, "km": 170.14, "fonte": "figura", "fonte_geo": "figura", "fonte_hid": "figura" }, "geometry": { "type": "LineString", "coordinates": [ [ -45.666440060918873, -23.760037210317542 ], [ -45.666627446782833, -23.759982363782292 ], [ -45.666814832484334, -23.759927517022881 ], [ -45.667002218023377, -23.759872670039318 ], [ -45.667189603399954, -23.759817822831579 ], [ -45.667376988614066, -23.759762975399696 ], [ -45.667564373665712, -23.759708127743654 ], [ -45.667751758554893, -23.759653279863457 ], [ -45.6679391432816, -23.759598431759105 ], [ -45.668126527845835, -23.759543583430606 ], [ -45.668313912247605, -23.759488734877962 ], [ -45.668501264034433, -23.759433794057639 ], [ -45.66868793314557, -23.759376917238839 ], [ -45.668874602089147, -23.759320040197721 ], [ -45.669061270865136, -23.759263162934268 ], [ -45.669247939473564, -23.759206285448499 ], [ -45.669434607914411, -23.759149407740409 ], [ -45.669621276187684, -23.759092529810008 ], [ -45.669807944293375, -23.759035651657285 ], [ -45.669994998985985, -23.758979872043231 ], [ -45.670182440927952, -23.758925192836607 ], [ -45.670369882707867, -23.758870513405697 ], [ -45.670557324325721, -23.758815833750514 ], [ -45.670744765781514, -23.758761153871045 ], [ -45.670932207075246, -23.758706473767315 ], [ -45.671119648206918, -23.758651793439299 ], [ -45.671307089176523, -23.758597112887013 ], [ -45.671494529984066, -23.758542432110467 ] ] } },
{ "type": "Feature", "properties": { "regiao": 3, "rodovia": "SP 055", "ra_geo": 1.0, "ra_hid": null, "ra": 1, "km": 171.26, "fonte": "figura", "fonte_geo": "figura", "fonte_hid": "figura" }, "geometry": { "type": "LineString", "coordinates": [ [ -45.671681970629535, -23.758487751109641 ], [ -45.671869411112937, -23.758433069884564 ], [ -45.672056851434277, -23.758378388435208 ], [ -45.672244291593536, -23.758323706761594 ], [ -45.67243441920585, -23.758279300609729 ], [ -45.672628360773111, -23.758249476818413 ], [ -45.672822302245663, -23.758219652785513 ], [ -45.673016243623529, -23.758189828511032 ], [ -45.673210313903994, -23.758161255711773 ], [ -45.673406888693037, -23.758156985536981 ], [ -45.673603463462584, -23.758152715112359 ], [ -45.673800038212633, -23.758148444437911 ], [ -45.673996612943171, -23.758144173513628 ], [ -45.674192227561974, -23.758160878554637 ], [ -45.674387715495719, -23.758180352215355 ], [ -45.674583203481106, -23.758199825627369 ], [ -45.674778691518121, -23.758219298790632 ], [ -45.674974179606771, -23.758238771705187 ], [ -45.675169667747042, -23.758258244371003 ], [ -45.675351407363806, -23.758323438798673 ], [ -45.675529954692287, -23.758399249852832 ], [ -45.675708502223259, -23.758475060695218 ], [ -45.675887049956714, -23.75855087132582 ], [ -45.676065597892659, -23.758626681744648 ], [ -45.676244146031102, -23.758702491951677 ], [ -45.676422694372022, -23.758778301946933 ], [ -45.676595574680668, -23.758864273771469 ], [ -45.676766565126535, -23.758953633960552 ], [ -45.676937555802461, -23.759042993954051 ], [ -45.677108546708446, -23.759132353751969 ], [ -45.677263234879511, -23.759243820179943 ], [ -45.677416589246626, -23.759357095441487 ], [ -45.677569943877749, -23.759470370543109 ], [ -45.677723298772875, -23.75958364548482 ], [ -45.677863125838854, -23.759710066755197 ], [ -45.67799433680014, -23.759844861218898 ], [ -45.678125548032455, -23.75997965556266 ], [ -45.678255466114805, -23.760115427626996 ], [ -45.678373637777959, -23.760260080206709 ], [ -45.678491809704219, -23.760404732687398 ], [ -45.67860998189358, -23.760549385069055 ], [ -45.678728154346054, -23.760694037351669 ], [ -45.678846327061635, -23.760838689535241 ], [ -45.678934822112822, -23.761000118406123 ], [ -45.679021559818047, -23.761162540762577 ], [ -45.679108297742701, -23.761324963062027 ], [ -45.679195035886778, -23.761487385304484 ], [ -45.679281774250285, -23.761649807489924 ], [ -45.679359641692777, -23.76181596802396 ], [ -45.679436559073146, -23.761982528963646 ], [ -45.679513476653987, -23.762149089857004 ], [ -45.67959039443533, -23.762315650704039 ], [ -45.679667312417145, -23.762482211504725 ], [ -45.679744230599461, -23.762648772259087 ], [ -45.679821148982256, -23.762815332967111 ], [ -45.67989806756556, -23.762981893628801 ], [ -45.679974986349357, -23.763148454244156 ], [ -45.680051905333649, -23.763315014813166 ], [ -45.680128824518455, -23.763481575335842 ], [ -45.680205743903755, -23.763648135812176 ], [ -45.680282663489571, -23.763814696242168 ], [ -45.680359583275887, -23.763981256625826 ], [ -45.680436503262726, -23.764147816963145 ], [ -45.680513423450073, -23.764314377254117 ], [ -45.680590343837942, -23.764480937498732 ], [ -45.680667264426333, -23.764647497697016 ], [ -45.680744185215246, -23.764814057848948 ], [ -45.680821106204682, -23.764980617954528 ], [ -45.680898027394647, -23.765147178013773 ], [ -45.680970080032225, -23.765315556148622 ], [ -45.681040999135874, -23.765484357604905 ], [ -45.681111918427519, -23.765653159020768 ], [ -45.681182837907151, -23.76582196039622 ], [ -45.681253757574787, -23.765990761731267 ], [ -45.681332647678097, -23.766156092315882 ], [ -45.681429480391273, -23.766313609679649 ], [ -45.681526313341102, -23.766471126974189 ] ] } },
{ "type": "Feature", "properties": { "regiao": 3, "rodovia": "SP 055", "ra_geo": 1.0, "ra_hid": 1.0, "ra": 1, "km": 172.34, "fonte": "figura", "fonte_geo": "figura", "fonte_hid": "figura" }, "geometry": { "type": "LineString", "coordinates": [ [ -45.681623146527585, -23.766628644199496 ], [ -45.681724994944453, -23.766783102038225 ], [ -45.681844904056376, -23.766926542302343 ], [ -45.68196481343297, -23.767069982464712 ], [ -45.682084723074226, -23.767213422525309 ], [ -45.682208417476801, -23.767353841004759 ], [ -45.682345774593003, -23.767483351495716 ], [ -45.682483131981336, -23.767612861856129 ], [ -45.682620489641778, -23.767742372085994 ], [ -45.682766189201708, -23.767863508842684 ], [ -45.682918270937677, -23.767978239274171 ], [ -45.683070352939069, -23.7680929695481 ], [ -45.683224398271946, -23.768205397504826 ], [ -45.683381635499615, -23.768314082351221 ], [ -45.683538872986652, -23.768422767030032 ], [ -45.68369950990401, -23.7685264945288 ], [ -45.683873769199785, -23.768610356662027 ], [ -45.684048028715097, -23.768694218592611 ], [ -45.684222288449959, -23.768778080320537 ], [ -45.684396914295732, -23.768861285047215 ], [ -45.684572615694535, -23.768942559270418 ], [ -45.684748317307609, -23.769023833287854 ], [ -45.684924019134947, -23.769105107099538 ], [ -45.685099721176556, -23.769186380705456 ], [ -45.685275423432429, -23.769267654105622 ] ] } },
{ "type": "Feature", "properties": { "regiao": 3, "rodovia": "SP 055", "ra_geo": 1.0, "ra_hid": null, "ra": 1, "km": 172.77, "fonte": "figura", "fonte_geo": "figura", "fonte_hid": "figura" }, "geometry": { "type": "LineString", "coordinates": [ [ -45.685451125902574, -23.769348927300019 ], [ -45.685625064197545, -23.769433350104212 ], [ -45.685798915167908, -23.769517928993956 ], [ -45.685972766359257, -23.769602507681899 ], [ -45.686146617771584, -23.769687086168037 ], [ -45.68632046940489, -23.769771664452374 ], [ -45.686498419685293, -23.769847510513575 ], [ -45.686684503941862, -23.769906026660543 ], [ -45.686870588359525, -23.769964542579036 ], [ -45.687056672938283, -23.770023058269025 ], [ -45.687250262968057, -23.770044188669527 ], [ -45.687446781285288, -23.770050732717642 ], [ -45.687643299615367, -23.770057276515235 ], [ -45.68783675376725, -23.770039544819422 ], [ -45.688026408394393, -23.769991712958742 ] ] } },
{ "type": "Feature", "properties": { "regiao": 3, "rodovia": "SP 055", "ra_geo": 1.0, "ra_hid": 1.0, "ra": 1, "km": 173.14, "fonte": "figura", "fonte_geo": "figura", "fonte_hid": "figura" }, "geometry": { "type": "LineString", "coordinates": [ [ -45.688216062876961, -23.769943880868055 ], [ -45.68840466038467, -23.769892632331583 ], [ -45.688593248324565, -23.769841353136183 ], [ -45.68878183611087, -23.769790073713573 ], [ -45.688970359075512, -23.769738620955135 ], [ -45.689153338378489, -23.769672328726092 ], [ -45.689336317491005, -23.769606036283992 ], [ -45.689519296413053, -23.769539743628805 ], [ -45.689702275144647, -23.769473450760557 ], [ -45.689885253685766, -23.76940715767925 ], [ -45.690064238958598, -23.769334417022979 ], [ -45.690219453846566, -23.76922329607806 ], [ -45.690374668469161, -23.769112174981668 ], [ -45.690529882826368, -23.769001053733799 ], [ -45.690685096918202, -23.768889932334474 ], [ -45.690840310744647, -23.768778810783679 ], [ -45.69099552430572, -23.768667689081425 ], [ -45.691150737601426, -23.768556567227698 ], [ -45.691305950631751, -23.768445445222525 ], [ -45.691461163396703, -23.768334323065897 ] ] } },
{ "type": "Feature", "properties": { "regiao": 3, "rodovia": "SP 055", "ra_geo": 1.0, "ra_hid": 1.0, "ra": 1, "km": 173.41, "fonte": "figura", "fonte_geo": "figura", "fonte_hid": "figura" }, "geometry": { "type": "LineString", "coordinates": [ [ -45.691616375896281, -23.768223200757809 ], [ -45.691777124674253, -23.768120334089684 ], [ -45.691954631205569, -23.768042455835019 ], [ -45.692132137521227, -23.767964577380479 ], [ -45.692310903692103, -23.76788924185329 ] ] } },
{ "type": "Feature", "properties": { "regiao": 3, "rodovia": "SP 055", "ra_geo": 1.0, "ra_hid": null, "ra": 1, "km": 173.81, "fonte": "figura", "fonte_geo": "figura", "fonte_hid": "figura" }, "geometry": { "type": "LineString", "coordinates": [ [ -45.692491182627187, -23.767816959662763 ], [ -45.692671461358373, -23.767744677265775 ], [ -45.692851739885661, -23.767672394662323 ], [ -45.693043403198651, -23.76763343846368 ], [ -45.693236189055554, -23.767597768323437 ], [ -45.693428974800987, -23.767562097944843 ], [ -45.693621760434937, -23.767526427327883 ], [ -45.693814545957416, -23.767490756472569 ], [ -45.694009653306495, -23.767476363552525 ], [ -45.694206295801408, -23.767476038677774 ], [ -45.694402938288469, -23.767475713552685 ], [ -45.694599580767658, -23.767475388177253 ], [ -45.694794623143935, -23.767493437905063 ], [ -45.694988699403758, -23.767522582912378 ], [ -45.695182775743511, -23.767551727673688 ], [ -45.6953768521632, -23.767580872189001 ], [ -45.695570928662818, -23.767610016458306 ], [ -45.695760616674306, -23.767653921576784 ], [ -45.695943778274859, -23.767719778770299 ], [ -45.696126940054754, -23.767785635741749 ], [ -45.696310102013975, -23.767851492491101 ], [ -45.696492617384749, -23.767918718069655 ], [ -45.696669869171998, -23.767997085582639 ], [ -45.696847121167288, -23.768075452886457 ], [ -45.697024373370617, -23.768153819981077 ], [ -45.697200844263946, -23.768233649057088 ], [ -45.697376477958343, -23.768315044691995 ], [ -45.697552111867182, -23.768396440121197 ], [ -45.697727745990463, -23.768477835344704 ], [ -45.697903380328178, -23.768559230362509 ], [ -45.698079014880321, -23.768640625174601 ], [ -45.698254649646906, -23.768722019780991 ], [ -45.698430284627925, -23.768803414181669 ] ] } },
{ "type": "Feature", "properties": { "regiao": 3, "rodovia": "SP 055", "ra_geo": 1.0, "ra_hid": 0.0, "ra": 1, "km": 174.31, "fonte": "figura", "fonte_geo": "figura", "fonte_hid": "figura" }, "geometry": { "type": "LineString", "coordinates": [ [ -45.698605919823372, -23.768884808376626 ], [ -45.698781555233261, -23.768966202365871 ], [ -45.698957190857584, -23.769047596149406 ], [ -45.699132826696335, -23.769128989727218 ], [ -45.699308462749521, -23.769210383099292 ], [ -45.699484099017148, -23.769291776265661 ], [ -45.699659735499196, -23.769373169226299 ], [ -45.699835372195672, -23.769454561981206 ], [ -45.700010687039274, -23.769536537591581 ], [ -45.700185636295217, -23.769619175238038 ], [ -45.700360585768152, -23.769701812680239 ], [ -45.700535535458087, -23.769784449918173 ], [ -45.700710485365008, -23.769867086951844 ], [ -45.700885435488921, -23.769949723781259 ] ] } },
{ "type": "Feature", "properties": { "regiao": 3, "rodovia": "SP 055", "ra_geo": 2.0, "ra_hid": 0.0, "ra": 2, "km": 174.54, "fonte": "figura", "fonte_geo": "figura", "fonte_hid": "figura" }, "geometry": { "type": "LineString", "coordinates": [ [ -45.70106038582982, -23.770032360406397 ], [ -45.701235336387711, -23.770114996827271 ], [ -45.701410287162588, -23.770197633043864 ], [ -45.70158961820259, -23.77027185507572 ], [ -45.701769222286117, -23.77034555276358 ], [ -45.701948826567367, -23.770419250237101 ], [ -45.702128431046347, -23.770492947496265 ] ] } },
{ "type": "Feature", "properties": { "regiao": 3, "rodovia": "SP 055", "ra_geo": 2.0, "ra_hid": 0.0, "ra": 2, "km": 175.05, "fonte": "figura", "fonte_geo": "figura", "fonte_hid": "figura" }, "geometry": { "type": "LineString", "coordinates": [ [ -45.702128431046347, -23.770492947496265 ], [ -45.702317365495546, -23.770549968926694 ], [ -45.702506300103721, -23.770606990121664 ], [ -45.702695234870887, -23.770664011081191 ], [ -45.702884834457208, -23.770718753280274 ], [ -45.703079395838465, -23.770756486125133 ], [ -45.70327395732545, -23.770794218722031 ], [ -45.70346851891815, -23.770831951070974 ], [ -45.703664206058761, -23.770862181234701 ], [ -45.703862598125639, -23.770874381110445 ], [ -45.704060990222459, -23.77088658073043 ], [ -45.704259382349193, -23.770898780094647 ], [ -45.704456902871442, -23.770895021546643 ], [ -45.704652965495512, -23.770864572989968 ], [ -45.704849028021563, -23.770834124186418 ], [ -45.705045090449566, -23.770803675135987 ], [ -45.705241152779543, -23.770773225838685 ], [ -45.705437215011472, -23.770742776294504 ], [ -45.705633277145367, -23.77071232650345 ], [ -45.705829339181214, -23.770681876465517 ], [ -45.706025401119021, -23.770651426180716 ], [ -45.706221462958773, -23.770620975649042 ], [ -45.706417524700477, -23.770590524870492 ], [ -45.706613586344119, -23.770560073845076 ], [ -45.70680964788972, -23.770529622572795 ], [ -45.707005709337253, -23.770499171053643 ], [ -45.707201770686723, -23.770468719287628 ], [ -45.707397831938138, -23.770438267274749 ], [ -45.707593893091484, -23.770407815015002 ], [ -45.707789954146762, -23.770377362508395 ] ] } },
{ "type": "Feature", "properties": { "regiao": 3, "rodovia": "SP 055", "ra_geo": 0.0, "ra_hid": 0.0, "ra": 0, "km": 175.87, "fonte": "figura", "fonte_geo": "figura", "fonte_hid": "figura" }, "geometry": { "type": "LineString", "coordinates": [ [ -45.707986015103963, -23.770346909754924 ], [ -45.708182075963101, -23.770316456754593 ], [ -45.708378136724157, -23.770286003507405 ], [ -45.708574197387136, -23.770255550013356 ], [ -45.708770257952033, -23.770225096272441 ], [ -45.708966318418852, -23.770194642284679 ], [ -45.709163599828727, -23.770174889378939 ], [ -45.70936225719197, -23.770167195640305 ], [ -45.70956091452468, -23.770159501646685 ], [ -45.709759571826844, -23.770151807398054 ], [ -45.709958229098461, -23.770144112894439 ], [ -45.710156886339533, -23.77013641813582 ], [ -45.710355543550065, -23.770128723122212 ], [ -45.71055420073003, -23.770121027853605 ], [ -45.710750640734396, -23.770135678295919 ], [ -45.710944497910042, -23.770176360833396 ], [ -45.711138355199765, -23.770217043124443 ], [ -45.711332212603573, -23.770257725169056 ], [ -45.711526070121465, -23.770298406967214 ], [ -45.711713183291586, -23.770359344296736 ], [ -45.711898523572131, -23.770425606478256 ], [ -45.712083864035122, -23.770491868432302 ] ] } },
{ "type": "Feature", "properties": { "regiao": 3, "rodovia": "SP 055", "ra_geo": 2.0, "ra_hid": 0.0, "ra": 2, "km": 176.26, "fonte": "figura", "fonte_geo": "figura", "fonte_hid": "figura" }, "geometry": { "type": "LineString", "coordinates": [ [ -45.712083864035122, -23.770491868432302 ], [ -45.712273708351802, -23.770538930775153 ], [ -45.71246355279898, -23.770585992881067 ], [ -45.712653397376648, -23.770633054750057 ], [ -45.712843242084816, -23.770680116382106 ], [ -45.713033086923481, -23.770727177777236 ], [ -45.713226038659677, -23.770755508831076 ] ] } },
{ "type": "Feature", "properties": { "regiao": 3, "rodovia": "SP 055", "ra_geo": 1.0, "ra_hid": 0.0, "ra": 1, "km": 176.45, "fonte": "figura", "fonte_geo": "figura", "fonte_hid": "figura" }, "geometry": { "type": "LineString", "coordinates": [ [ -45.713422493503245, -23.770762720346852 ], [ -45.713618948361415, -23.7707699316122 ], [ -45.7138154032342, -23.77077714262709 ], [ -45.71401185812158, -23.770784353391544 ], [ -45.714208189359795, -23.770793893415508 ], [ -45.714404472375485, -23.770804342010763 ], [ -45.714600755415496, -23.770814790355775 ], [ -45.714797038479823, -23.770825238450549 ], [ -45.714993321568471, -23.770835686295065 ], [ -45.715185561169861, -23.770872890369244 ], [ -45.715377492457712, -23.770912135055077 ], [ -45.715569423854305, -23.770951379499408 ] ] } },
{ "type": "Feature", "properties": { "regiao": 3, "rodovia": "SP 055", "ra_geo": 1.0, "ra_hid": null, "ra": 1, "km": 176.72, "fonte": "figura", "fonte_geo": "figura", "fonte_hid": "figura" }, "geometry": { "type": "LineString", "coordinates": [ [ -45.715761355359632, -23.770990623702254 ], [ -45.715948630153441, -23.771043395666499 ], [ -45.716130102184636, -23.771113024839224 ], [ -45.716311574404038, -23.771182653793424 ], [ -45.716493046811642, -23.771252282529112 ], [ -45.716672374011893, -23.771326207475994 ], [ -45.716847972247052, -23.771407600356412 ], [ -45.717023570696512, -23.771488993031042 ], [ -45.717199169360278, -23.771570385499899 ], [ -45.717374768238351, -23.771651777762969 ], [ -45.71755036733073, -23.771733169820244 ], [ -45.717725966637417, -23.771814561671736 ], [ -45.71790156615841, -23.771895953317436 ], [ -45.718077165893703, -23.771977344757342 ], [ -45.718252765843296, -23.77205873599145 ] ] } },
{ "type": "Feature", "properties": { "regiao": 3, "rodovia": "SP 055", "ra_geo": 2.0, "ra_hid": null, "ra": 2, "km": 177.03, "fonte": "figura", "fonte_geo": "figura", "fonte_hid": "figura" }, "geometry": { "type": "LineString", "coordinates": [ [ -45.718428366007203, -23.772140127019757 ], [ -45.718603966385402, -23.772221517842262 ], [ -45.718779566977908, -23.772302908458965 ], [ -45.718955167784713, -23.772384298869859 ], [ -45.719141263660703, -23.77239282344981 ], [ -45.719333840821335, -23.772356347976594 ], [ -45.719526417868011, -23.772319872265644 ], [ -45.719664266338413, -23.772201208437398 ], [ -45.71978700048146, -23.772059847093075 ], [ -45.71990973436079, -23.771918485655046 ], [ -45.719999983592373, -23.771758514755163 ], [ -45.720083620220699, -23.771594755757604 ], [ -45.720167256644153, -23.771430996716369 ], [ -45.720250892862751, -23.771267237631434 ], [ -45.720334528876478, -23.771103478502837 ] ] } },
{ "type": "Feature", "properties": { "regiao": 3, "rodovia": "SP 055", "ra_geo": 3.0, "ra_hid": 1.0, "ra": 3, "km": 177.32, "fonte": "tabela", "fonte_geo": "figura", "fonte_hid": "tabela" }, "geometry": { "type": "LineString", "coordinates": [ [ -45.720418164685348, -23.770939719330563 ], [ -45.720501800289355, -23.770775960114609 ], [ -45.720585435688513, -23.770612200854977 ], [ -45.720669070882821, -23.770448441551682 ], [ -45.720734810672546, -23.770280658101811 ], [ -45.720742652162293, -23.770099855031432 ], [ -45.720750493637489, -23.769919051956968 ], [ -45.720687351758251, -23.769767349748562 ], [ -45.720536064958978, -23.769651784065275 ], [ -45.720384778425689, -23.769536218225596 ], [ -45.720233492158407, -23.769420652229535 ], [ -45.720082206157109, -23.7693050860771 ], [ -45.71993092042181, -23.769189519768297 ], [ -45.719817729350879, -23.769051158916675 ] ] } },
{ "type": "Feature", "properties": { "regiao": 3, "rodovia": "SP 055", "ra_geo": 3.0, "ra_hid": 4.0, "ra": 4, "km": 177.55, "fonte": "tabela", "fonte_geo": "figura", "fonte_hid": "tabela" }, "geometry": { "type": "LineString", "coordinates": [ [ -45.719764350847264, -23.768877008312909 ], [ -45.719710972491846, -23.768702857683365 ], [ -45.719707444373761, -23.76853209547604 ], [ -45.71978804193418, -23.768367051493147 ], [ -45.719868639295967, -23.768202007469625 ], [ -45.719961522397227, -23.768043135201822 ], [ -45.720068752000834, -23.767891469901333 ], [ -45.7201759813587, -23.767739804529445 ], [ -45.720283210470839, -23.767588139086172 ] ] } },
{ "type": "Feature", "properties": { "regiao": 3, "rodovia": "SP 055", "ra_geo": null, "ra_hid": 1.0, "ra": 1, "km": 177.69, "fonte": "tabela", "fonte_geo": "figura", "fonte_hid": "tabela" }, "geometry": { "type": "LineString", "coordinates": [ [ -45.720390439337237, -23.767436473571507 ], [ -45.720482758345767, -23.767278181658366 ], [ -45.720545139446685, -23.76710658438698 ], [ -45.720607520389677, -23.766934987090565 ], [ -45.720669901174723, -23.766763389769135 ] ] } },
{ "type": "Feature", "properties": { "regiao": 3, "rodovia": "SP 055", "ra_geo": null, "ra_hid": 1.0, "ra": 1, "km": 180.44, "fonte": "tabela", "fonte_geo": "figura", "fonte_hid": "tabela" }, "geometry": { "type": "LineString", "coordinates": [ [ -45.72851834035049, -23.746868650960803 ], [ -45.728569602108763, -23.7466939644973 ], [ -45.728620863736509, -23.746519278016233 ], [ -45.728672125233743, -23.746344591517587 ], [ -45.728723386600464, -23.746169905001384 ], [ -45.728774647836666, -23.745995218467613 ], [ -45.728825908942355, -23.745820531916262 ], [ -45.728877169917538, -23.745645845347358 ], [ -45.72892843076221, -23.745471158760882 ], [ -45.728979691476376, -23.745296472156841 ], [ -45.729030952060029, -23.745121785535229 ], [ -45.729082212513191, -23.744947098896063 ], [ -45.729133472835848, -23.744772412239332 ], [ -45.729184733027999, -23.744597725565033 ], [ -45.729235993089667, -23.744423038873176 ], [ -45.729287253020836, -23.744248352163748 ], [ -45.729338512821499, -23.744073665436758 ], [ -45.729389772491686, -23.743898978692208 ], [ -45.729441032031374, -23.743724291930107 ], [ -45.729494858925406, -23.743550402274252 ], [ -45.729569003868384, -23.743382820760573 ], [ -45.729643148626785, -23.743215239212386 ], [ -45.729754862954302, -23.743068286404657 ], [ -45.729879818417864, -23.742928604081953 ] ] } },
{ "type": "Feature", "properties": { "regiao": 3, "rodovia": "SP 055", "ra_geo": 4.0, "ra_hid": 1.0, "ra": 4, "km": 180.87, "fonte": "tabela", "fonte_geo": "figura", "fonte_hid": "tabela" }, "geometry": { "type": "LineString", "coordinates": [ [ -45.730790275263857, -23.742296733829956 ], [ -45.730980787031001, -23.742264315534666 ], [ -45.731177304725804, -23.742260238254818 ], [ -45.731373822401132, -23.742256160725415 ], [ -45.731569671394176, -23.742257273065654 ], [ -45.731759701567604, -23.742303550960163 ], [ -45.731949731869008, -23.742349828617463 ], [ -45.732139762298374, -23.742396106037557 ], [ -45.732329792855715, -23.742442383220443 ] ] } },
{ "type": "Feature", "properties": { "regiao": 3, "rodovia": "SP 055", "ra_geo": 3.0, "ra_hid": 1.0, "ra": 3, "km": 181.02, "fonte": "tabela", "fonte_geo": "figura", "fonte_hid": "tabela" }, "geometry": { "type": "LineString", "coordinates": [ [ -45.732519823541026, -23.742488660166117 ], [ -45.732709854354304, -23.742534936874581 ], [ -45.732899885295559, -23.742581213345829 ], [ -45.733089916364762, -23.742627489579871 ], [ -45.733279947561932, -23.74267376557669 ], [ -45.733469978887065, -23.742720041336291 ] ] } },
{ "type": "Feature", "properties": { "regiao": 3, "rodovia": "SP 055", "ra_geo": 2.0, "ra_hid": 1.0, "ra": 2, "km": 181.37, "fonte": "tabela", "fonte_geo": "figura", "fonte_hid": "tabela" }, "geometry": { "type": "LineString", "coordinates": [ [ -45.733655620193204, -23.74277743773095 ], [ -45.733833590954085, -23.742854264954122 ], [ -45.734011561919097, -23.742931091966454 ], [ -45.734190450426404, -23.743005733241045 ], [ -45.73437830251747, -23.743059019271751 ], [ -45.734566154755363, -23.743112305070014 ], [ -45.734738386253014, -23.743197238502706 ], [ -45.734905550465022, -23.743292438509062 ], [ -45.735072714916789, -23.743387638327473 ], [ -45.735239879608322, -23.743482837957909 ], [ -45.735407044539606, -23.7435780374004 ], [ -45.735574209710656, -23.74367323665491 ], [ -45.735741375121457, -23.743768435721464 ], [ -45.735908540772023, -23.743863634600032 ], [ -45.736075706662341, -23.743958833290641 ], [ -45.736242872792431, -23.744054031793265 ], [ -45.736410039162273, -23.744149230107922 ], [ -45.73657720577188, -23.744244428234587 ], [ -45.736744372621246, -23.744339626173286 ], [ -45.736911539710377, -23.744434823923985 ], [ -45.737078707039259, -23.744530021486707 ], [ -45.737245874607908, -23.744625218861433 ], [ -45.737413042416328, -23.744720416048168 ], [ -45.737580210464493, -23.744815613046907 ], [ -45.737747378752431, -23.744910809857654 ], [ -45.737905441984232, -23.745014906741904 ], [ -45.738018698309496, -23.745162801677136 ], [ -45.738131954893014, -23.745310696520225 ], [ -45.7382452117348, -23.745458591271159 ] ] } },
{ "type": "Feature", "properties": { "regiao": 3, "rodovia": "SP 055", "ra_geo": 1.0, "ra_hid": 1.0, "ra": 1, "km": 181.88, "fonte": "tabela", "fonte_geo": "figura", "fonte_hid": "tabela" }, "geometry": { "type": "LineString", "coordinates": [ [ -45.738358468834846, -23.745606485929951 ], [ -45.738471726193168, -23.745754380496596 ], [ -45.738584983809766, -23.745902274971087 ], [ -45.738711098052057, -23.746039769443065 ], [ -45.738855878816032, -23.746162164079287 ], [ -45.739000659850021, -23.746284558571226 ], [ -45.739145441154008, -23.746406952918896 ], [ -45.739290222728023, -23.746529347122291 ], [ -45.739435004572051, -23.746651741181402 ], [ -45.739583402082026, -23.746769648234931 ], [ -45.739752660424806, -23.746861666238665 ], [ -45.739921919001915, -23.746953684050023 ], [ -45.740091177813362, -23.747045701669006 ], [ -45.740260436859138, -23.747137719095612 ], [ -45.740429696139238, -23.747229736329849 ], [ -45.740598955653681, -23.7473217533717 ], [ -45.740773573812554, -23.74740441408921 ], [ -45.740951689124557, -23.747480968708842 ], [ -45.74112980464011, -23.747557523117237 ], [ -45.741307920359198, -23.747634077314427 ], [ -45.741486036281827, -23.747710631300368 ] ] } },
{ "type": "Feature", "properties": { "regiao": 3, "rodovia": "SP 055", "ra_geo": 2.0, "ra_hid": 1.0, "ra": 2, "km": 182.3, "fonte": "tabela", "fonte_geo": "figura", "fonte_hid": "tabela" }, "geometry": { "type": "LineString", "coordinates": [ [ -45.741664152407999, -23.747787185075097 ], [ -45.741842268737713, -23.747863738638589 ], [ -45.742020385270969, -23.747940291990862 ], [ -45.742198502007753, -23.748016845131893 ], [ -45.742376618948079, -23.748093398061677 ], [ -45.742554736091947, -23.748169950780238 ], [ -45.742732853439342, -23.748246503287543 ], [ -45.74291097099028, -23.748323055583619 ], [ -45.743089088744753, -23.748399607668439 ], [ -45.743267206702754, -23.748476159542008 ], [ -45.743445324864297, -23.748552711204344 ], [ -45.743623443229367, -23.748629262655413 ], [ -45.743801561797973, -23.748705813895235 ], [ -45.743979680570114, -23.748782364923787 ], [ -45.744157799545782, -23.748858915741096 ], [ -45.744335918724971, -23.748935466347142 ], [ -45.744514038107695, -23.749012016741919 ], [ -45.744692157693947, -23.749088566925433 ], [ -45.744870277483734, -23.749165116897672 ], [ -45.745048397477042, -23.749241666658659 ], [ -45.745226517673878, -23.749318216208369 ] ] } },
{ "type": "Feature", "properties": { "regiao": 3, "rodovia": "SP 055", "ra_geo": 1.0, "ra_hid": 1.0, "ra": 1, "km": 182.84, "fonte": "tabela", "fonte_geo": "figura", "fonte_hid": "tabela" }, "geometry": { "type": "LineString", "coordinates": [ [ -45.745404638074234, -23.749394765546789 ], [ -45.745582758678125, -23.749471314673947 ], [ -45.74576087948553, -23.749547863589818 ], [ -45.745939000496463, -23.749624412294413 ], [ -45.746117121710924, -23.74970096078772 ], [ -45.746295243128898, -23.749777509069748 ], [ -45.746473364750393, -23.749854057140489 ], [ -45.746651486575416, -23.749930604999932 ], [ -45.74682960860396, -23.750007152648084 ], [ -45.747007730836017, -23.750083700084947 ], [ -45.747185853271596, -23.750160247310514 ], [ -45.747363975910687, -23.750236794324788 ], [ -45.7475420987533, -23.750313341127747 ], [ -45.747720221799433, -23.750389887719415 ], [ -45.747898345049073, -23.750466434099764 ], [ -45.748076463186514, -23.750542990747601 ], [ -45.748254575860429, -23.750619558355506 ], [ -45.748432688737921, -23.750696125752107 ], [ -45.748610801818963, -23.750772692937439 ], [ -45.748788915103574, -23.750849259911472 ], [ -45.748967028591736, -23.750925826674216 ], [ -45.74914514228346, -23.751002393225651 ], [ -45.749323256178734, -23.751078959565799 ], [ -45.749501370277578, -23.751155525694639 ], [ -45.749679484579964, -23.751232091612177 ], [ -45.749857599085914, -23.751308657318404 ], [ -45.75003571379542, -23.75138522281333 ], [ -45.750213828708475, -23.75146178809694 ], [ -45.750391943825086, -23.751538353169241 ], [ -45.750574248035711, -23.75160534209644 ], [ -45.750760306312579, -23.751663749276457 ], [ -45.750946364749574, -23.751722156227803 ], [ -45.751132423346675, -23.751780562950501 ] ] } },
{ "type": "Feature", "properties": { "regiao": 3, "rodovia": "SP 055", "ra_geo": 1.0, "ra_hid": 1.0, "ra": 1, "km": 184.54, "fonte": "tabela", "fonte_geo": "figura", "fonte_hid": "tabela" }, "geometry": { "type": "LineString", "coordinates": [ [ -45.751318482103891, -23.751838969444545 ], [ -45.75150454102122, -23.751897375709923 ], [ -45.751690600098662, -23.751955781746638 ], [ -45.751876659336219, -23.752014187554686 ], [ -45.752062718733875, -23.752072593134066 ], [ -45.752248778291637, -23.75213099848478 ], [ -45.752434838009506, -23.752189403606813 ], [ -45.752620897887475, -23.752247808500183 ], [ -45.75280695792555, -23.752306213164875 ], [ -45.752993018123725, -23.752364617600893 ], [ -45.753184012332355, -23.752406405549486 ], [ -45.753376480650395, -23.752443229104454 ], [ -45.753568949069852, -23.752480052416775 ], [ -45.753761417590724, -23.752516875486439 ], [ -45.753953886213026, -23.752553698313438 ], [ -45.754146354936729, -23.752590520897783 ], [ -45.754338823761849, -23.752627343239478 ], [ -45.754531292688377, -23.752664165338501 ], [ -45.754723761716313, -23.752700987194871 ], [ -45.754916230845652, -23.752737808808575 ], [ -45.755108700076399, -23.752774630179619 ], [ -45.75530116940854, -23.752811451307988 ], [ -45.755493638842083, -23.752848272193702 ], [ -45.755686108377027, -23.752885092836738 ], [ -45.755878578013359, -23.752921913237113 ], [ -45.756071047751078, -23.752958733394809 ], [ -45.756263517590199, -23.752995553309837 ], [ -45.7564559875307, -23.753032372982183 ], [ -45.756648457572588, -23.753069192411868 ], [ -45.756840927715857, -23.753106011598874 ], [ -45.757033397960512, -23.753142830543208 ], [ -45.757225868306541, -23.75317964924486 ], [ -45.757418338753951, -23.753216467703837 ], [ -45.757610809302726, -23.753253285920128 ], [ -45.757803279952881, -23.75329010389374 ], [ -45.757995750704403, -23.753326921624673 ], [ -45.75818822155729, -23.753363739112917 ], [ -45.758380692511544, -23.753400556358475 ], [ -45.758573163567156, -23.753437373361351 ], [ -45.758765634724135, -23.753474190121533 ], [ -45.758958105982472, -23.753511006639023 ], [ -45.759150577342169, -23.753547822913831 ], [ -45.759343048803217, -23.753584638945945 ], [ -45.759535520365617, -23.753621454735374 ], [ -45.759727992029362, -23.753658270282109 ], [ -45.759924375182941, -23.753666036937869 ], [ -45.760120787690646, -23.753673585454298 ], [ -45.7603172002135, -23.75368113372048 ], [ -45.760513612751481, -23.753688681736385 ], [ -45.760710025304597, -23.753696229502037 ], [ -45.760906437872855, -23.753703777017417 ], [ -45.761102850456226, -23.753711324282548 ], [ -45.761299263054731, -23.753718871297405 ], [ -45.76149567566835, -23.753726418062005 ], [ -45.761692088297096, -23.753733964576334 ], [ -45.761888500940955, -23.753741510840406 ], [ -45.762084913599928, -23.753749056854208 ], [ -45.762281326274021, -23.753756602617749 ], [ -45.762477738963213, -23.753764148131015 ], [ -45.762674151667518, -23.753771693394029 ], [ -45.762870564386922, -23.753779238406768 ], [ -45.763066977121433, -23.753786783169243 ], [ -45.763263389871035, -23.753794327681451 ], [ -45.763459802635737, -23.753801871943399 ], [ -45.76365621541553, -23.753809415955065 ], [ -45.763852628210415, -23.753816959716485 ], [ -45.764049041020385, -23.753824503227616 ], [ -45.76424545384544, -23.753832046488505 ], [ -45.76444186668558, -23.753839589499105 ], [ -45.764638279540797, -23.753847132259459 ], [ -45.764834692411092, -23.753854674769524 ], [ -45.76502733499963, -23.753819565736556 ], [ -45.765219839531532, -23.7537828959804 ], [ -45.765412343948626, -23.75374622598699 ], [ -45.765604848250902, -23.753709555756345 ], [ -45.765797558849613, -23.753674705423496 ], [ -45.765994140744134, -23.753673992469761 ], [ -45.76619072262892, -23.753673279265971 ], [ -45.766387304503965, -23.753672565812135 ], [ -45.766583886369268, -23.753671852108237 ], [ -45.766778703777909, -23.753687470263582 ], [ -45.766971283140094, -23.753723804666183 ], [ -45.767163862602189, -23.753760138825829 ], [ -45.767356442164186, -23.75379647274254 ], [ -45.767549021826092, -23.753832806416284 ], [ -45.767741601587907, -23.753869139847076 ], [ -45.767934181449625, -23.753905473034905 ], [ -45.768126761411231, -23.753941805979789 ], [ -45.768319341472747, -23.753978138681703 ], [ -45.768514388634351, -23.753995938325978 ], [ -45.768710801786305, -23.754003476235656 ], [ -45.768907214953281, -23.754011013895074 ], [ -45.769103628135269, -23.75401855130421 ], [ -45.769300041332286, -23.754026088463068 ], [ -45.769496454544303, -23.754033625371662 ], [ -45.76969286777134, -23.754041162029974 ], [ -45.769889281013384, -23.754048698438012 ], [ -45.770085694270435, -23.754056234595772 ], [ -45.770282020206174, -23.754055354921697 ], [ -45.770478241214192, -23.754044366783411 ], [ -45.770674462181674, -23.75403337839677 ], [ -45.77087068310864, -23.754022389761758 ], [ -45.771066903995063, -23.754011400878408 ], [ -45.771263124840956, -23.754000411746681 ], [ -45.771459345646306, -23.753989422366619 ], [ -45.77165556641112, -23.75397843273819 ], [ -45.771851787135382, -23.753967442861413 ], [ -45.772048007819109, -23.753956452736279 ], [ -45.772244228462284, -23.753945462362786 ], [ -45.772440449064909, -23.753934471740948 ], [ -45.772636669626976, -23.753923480870757 ], [ -45.772832890148493, -23.753912489752214 ], [ -45.773029110629444, -23.753901498385325 ], [ -45.773225331069838, -23.75389050677007 ], [ -45.773421551469674, -23.753879514906473 ], [ -45.773617771828931, -23.753868522794527 ], [ -45.773813992147623, -23.753857530434225 ], [ -45.774010212425743, -23.753846537825581 ], [ -45.774206432663291, -23.753835544968574 ], [ -45.774402155773316, -23.753820534327573 ], [ -45.774596036564461, -23.753790634127125 ], [ -45.774789917259767, -23.753760733685596 ], [ -45.774983797859242, -23.753730833002979 ], [ -45.77517767836288, -23.753700932079255 ], [ -45.775371558770679, -23.75367103091445 ], [ -45.77556543905429, -23.753641129352882 ], [ -45.775759319216426, -23.753611227409355 ], [ -45.775953199282711, -23.753581325224744 ], [ -45.77614707925315, -23.753551422799038 ], [ -45.776340959127729, -23.753521520132249 ], [ -45.776534838906464, -23.753491617224388 ], [ -45.776728718589339, -23.753461714075431 ], [ -45.776922598176348, -23.753431810685395 ], [ -45.777116477667505, -23.753401907054283 ], [ -45.777310117302349, -23.753370854938513 ], [ -45.777502226587487, -23.753332474066845 ] ] } },
{ "type": "Feature", "properties": { "regiao": 3, "rodovia": "SP 055", "ra_geo": 1.0, "ra_hid": 1.0, "ra": 1, "km": 186.24, "fonte": "tabela", "fonte_geo": "figura", "fonte_hid": "tabela" }, "geometry": { "type": "LineString", "coordinates": [ [ -45.777502226587487, -23.753332474066845 ], [ -45.777694458491069, -23.753294067951384 ], [ -45.777886690274833, -23.753255661599532 ], [ -45.778078921938778, -23.753217255011268 ], [ -45.778271153482891, -23.753178848186614 ], [ -45.77846338490717, -23.753140441125563 ], [ -45.778655616211623, -23.75310203382811 ], [ -45.77884784739625, -23.753063626294267 ], [ -45.77904007846103, -23.753025218524034 ], [ -45.779232309405984, -23.752986810517392 ], [ -45.779424540231091, -23.752948402274377 ], [ -45.779616770855448, -23.752909993451929 ], [ -45.779809001308244, -23.752871584173722 ], [ -45.78000123164118, -23.752833174659134 ], [ -45.780193461854267, -23.752794764908153 ], [ -45.780385691947508, -23.752756354920795 ], [ -45.780577921920894, -23.752717944697054 ], [ -45.780770151774412, -23.752679534236922 ], [ -45.780962381508083, -23.752641123540425 ], [ -45.781154611121892, -23.752602712607541 ], [ -45.781346840615839, -23.752564301438273 ], [ -45.781539069989918, -23.75252589003264 ], [ -45.781731299244129, -23.752487478390627 ], [ -45.781923528378471, -23.752449066512238 ], [ -45.782115757392951, -23.752410654397483 ], [ -45.782307986287542, -23.752372242046356 ], [ -45.782500215062264, -23.752333829458845 ], [ -45.78269244371711, -23.75229541663499 ], [ -45.782884672252067, -23.752257003574748 ], [ -45.783076900667155, -23.752218590278144 ], [ -45.783269128962345, -23.752180176745185 ], [ -45.783461357137661, -23.75214176297586 ], [ -45.783653585193079, -23.75210334897017 ], [ -45.783845813128615, -23.752064934728118 ], [ -45.784038040944246, -23.752026520249711 ], [ -45.784230268639995, -23.751988105534949 ], [ -45.784422496215832, -23.751949690583817 ], [ -45.78461472367178, -23.751911275396338 ], [ -45.784806951007823, -23.751872859972515 ], [ -45.78499917822397, -23.75183444431233 ], [ -45.785191405320198, -23.751796028415793 ], [ -45.785383632296522, -23.751757612282908 ] ] } },
{ "type": "Feature", "properties": { "regiao": 4, "rodovia": "SP 055", "ra_geo": 1.0, "ra_hid": 1.0, "ra": 1, "km": 248.43, "fonte": "figura", "fonte_geo": "figura", "fonte_hid": "figura" }, "geometry": { "type": "LineString", "coordinates": [ [ -46.289257226619924, -23.915468632575781 ], [ -46.289351683188137, -23.915310077204861 ], [ -46.289446139532593, -23.915151521782587 ], [ -46.289540595653293, -23.914992966308958 ], [ -46.289635051550235, -23.914834410783978 ], [ -46.289732754677601, -23.914677582032738 ], [ -46.289835165291244, -23.914523256540878 ], [ -46.289937575667359, -23.914368930988186 ], [ -46.29003998580594, -23.914214605374685 ], [ -46.290142395707001, -23.914060279700358 ], [ -46.290241868897148, -23.913904360003734 ], [ -46.290339403562633, -23.913747388116317 ], [ -46.290436937998855, -23.913590416173996 ], [ -46.29053447220582, -23.913433444176768 ], [ -46.290632006183522, -23.913276472124647 ], [ -46.290729539931974, -23.913119500017615 ], [ -46.290827073451162, -23.91296252785569 ], [ -46.290924606741108, -23.912805555638858 ], [ -46.291022139801804, -23.912648583367137 ], [ -46.291119672633251, -23.912491611040515 ], [ -46.291217205235462, -23.912334638659001 ], [ -46.291314737608438, -23.912177666222593 ], [ -46.291412269752165, -23.912020693731293 ], [ -46.291512535688092, -23.911865236147918 ], [ -46.291617969118306, -23.911712642022106 ], [ -46.291723402306232, -23.911560047831674 ], [ -46.291828835251891, -23.911407453576597 ], [ -46.29193426795527, -23.911254859256886 ], [ -46.292038151594859, -23.911101392797246 ], [ -46.292138098478965, -23.910945709791573 ], [ -46.292238045129679, -23.910790026728151 ], [ -46.292337991547015, -23.910634343606947 ], [ -46.292437937730973, -23.910478660427991 ], [ -46.292537883681547, -23.91032297719126 ], [ -46.29263782939875, -23.91016729389678 ] ] } },
{ "type": "Feature", "properties": { "regiao": 4, "rodovia": "SP 055", "ra_geo": 1.0, "ra_hid": 1.0, "ra": 1, "km": 233.76, "fonte": "figura", "fonte_geo": "figura", "fonte_hid": "figura" }, "geometry": { "type": "LineString", "coordinates": [ [ -46.192096777839787, -23.881365256292099 ], [ -46.19228996771561, -23.881398869823354 ], [ -46.192483157680279, -23.881432483107918 ], [ -46.192673268980272, -23.88147820547097 ], [ -46.192862641244396, -23.881526834864307 ], [ -46.193052522404777, -23.881573711215378 ], [ -46.193239612860339, -23.881627939858873 ], [ -46.19342164460101, -23.881696277946091 ], [ -46.193603676524496, -23.881764615809729 ], [ -46.193782629031894, -23.881839452570947 ], [ -46.193961001127533, -23.881915514425621 ], [ -46.194139373424122, -23.881991576064458 ], [ -46.194317745921659, -23.882067637487452 ], [ -46.194496118620144, -23.882143698694605 ], [ -46.194674491519578, -23.88221975968592 ], [ -46.194852864619961, -23.882295820461383 ], [ -46.195031237921292, -23.882371881021005 ], [ -46.195209611423564, -23.882447941364774 ], [ -46.195387985126793, -23.882524001492683 ], [ -46.195566359030963, -23.882600061404752 ], [ -46.195744733136074, -23.88267612110096 ], [ -46.195923107442127, -23.88275218058131 ], [ -46.196101481949121, -23.8828282398458 ], [ -46.196279856657064, -23.88290429889441 ], [ -46.196458231565941, -23.882980357727174 ], [ -46.19663660667576, -23.883056416344068 ], [ -46.19681498198652, -23.883132474745089 ], [ -46.196993357498222, -23.883208532930233 ], [ -46.197171733210858, -23.88328459089951 ], [ -46.197350109124429, -23.883360648652911 ], [ -46.197528485238941, -23.883436706190427 ], [ -46.197706861554394, -23.883512763512073 ], [ -46.197885238070768, -23.88358882061782 ], [ -46.198063614788083, -23.883664877507698 ], [ -46.19824199170634, -23.883740934181684 ], [ -46.198420368825516, -23.883816990639776 ], [ -46.198598746145635, -23.883893046881976 ] ] } },
{ "type": "Feature", "properties": { "regiao": 4, "rodovia": "SP 055", "ra_geo": 3.0, "ra_hid": 1.0, "ra": 3, "km": 234.32, "fonte": "tabela", "fonte_geo": "tabela", "fonte_hid": "figura" }, "geometry": { "type": "LineString", "coordinates": [ [ -46.19877712366668, -23.883969102908289 ], [ -46.19895550138866, -23.884045158718699 ], [ -46.199133879311567, -23.884121214313225 ], [ -46.199312257435402, -23.884197269691839 ], [ -46.199488316348479, -23.884277439196001 ], [ -46.199658724679516, -23.884367632299227 ], [ -46.199829133240918, -23.884457825203224 ], [ -46.199999542032678, -23.884548017907967 ], [ -46.200154748970427, -23.884658463963522 ], [ -46.200306902267684, -23.884772978530716 ], [ -46.2004590558305, -23.884887492935043 ], [ -46.200611209658888, -23.885002007176496 ], [ -46.200758262344401, -23.885121326307278 ], [ -46.200886425120828, -23.885258438092123 ], [ -46.201014588169251, -23.885395549756986 ], [ -46.201142751489677, -23.885532661301873 ], [ -46.201270915082098, -23.885669772726789 ], [ -46.201392306507024, -23.885811092637585 ], [ -46.201482868985771, -23.885971570686308 ] ] } },
{ "type": "Feature", "properties": { "regiao": 4, "rodovia": "SP 055", "ra_geo": 1.0, "ra_hid": 0.0, "ra": 1, "km": 234.57, "fonte": "tabela", "fonte_geo": "tabela", "fonte_hid": "figura" }, "geometry": { "type": "LineString", "coordinates": [ [ -46.201573431694847, -23.886132048669495 ], [ -46.201663994634259, -23.886292526587159 ], [ -46.201754557804016, -23.886453004439282 ], [ -46.201857429813323, -23.886606081906486 ], [ -46.201980992873693, -23.886746719326066 ], [ -46.202104556203793, -23.886887356633196 ] ] } },
{ "type": "Feature", "properties": { "regiao": 4, "rodovia": "SP 055", "ra_geo": 3.0, "ra_hid": 0.0, "ra": 3, "km": 234.75, "fonte": "tabela", "fonte_geo": "tabela", "fonte_hid": "figura" }, "geometry": { "type": "LineString", "coordinates": [ [ -46.202228119803635, -23.887027993827843 ], [ -46.202351683673207, -23.887168630910022 ], [ -46.202475247812529, -23.887309267879736 ], [ -46.202598812221588, -23.887449904736972 ], [ -46.202722376900397, -23.887590541481725 ], [ -46.202847707287027, -23.887727891027996 ], [ -46.203044019605706, -23.887736424787178 ], [ -46.203239793695872, -23.887753244461408 ], [ -46.203435567824961, -23.887770063884396 ], [ -46.203631341992995, -23.887786883056155 ], [ -46.20381146991997, -23.887716287770672 ], [ -46.20399105589037, -23.88764266558184 ] ] } },
{ "type": "Feature", "properties": { "regiao": 4, "rodovia": "SP 055", "ra_geo": 2.0, "ra_hid": 0.0, "ra": 2, "km": 235.04, "fonte": "tabela", "fonte_geo": "tabela", "fonte_hid": "figura" }, "geometry": { "type": "LineString", "coordinates": [ [ -46.204170641649462, -23.887569043190815 ], [ -46.204342201977717, -23.887485609013712 ], [ -46.204468951437754, -23.887347389502473 ], [ -46.204595700630378, -23.887209169895172 ], [ -46.204722449555611, -23.887070950191813 ], [ -46.204849198213445, -23.886932730392399 ], [ -46.204975946603881, -23.886794510496927 ], [ -46.205102694726925, -23.886656290505417 ], [ -46.205229442582578, -23.886518070417843 ], [ -46.205356190170839, -23.886379850234235 ], [ -46.205485834275478, -23.886244051199707 ], [ -46.205623418602599, -23.886114889032488 ], [ -46.2057610026567, -23.885985726751084 ], [ -46.205898586437783, -23.885856564355478 ], [ -46.206044139696594, -23.885735761289322 ], [ -46.206205229480474, -23.885633019492641 ], [ -46.206382311257151, -23.885554441678227 ] ] } },
{ "type": "Feature", "properties": { "regiao": 4, "rodovia": "SP 055", "ra_geo": 1.0, "ra_hid": 0.0, "ra": 1, "km": 235.26, "fonte": "tabela", "fonte_geo": "tabela", "fonte_hid": "figura" }, "geometry": { "type": "LineString", "coordinates": [ [ -46.206559392812423, -23.885475863667804 ], [ -46.20673647414629, -23.885397285461337 ], [ -46.206913555258758, -23.88531870705885 ], [ -46.207091331554857, -23.885242296566929 ] ] } },
{ "type": "Feature", "properties": { "regiao": 4, "rodovia": "SP 055", "ra_geo": 1.0, "ra_hid": 1.0, "ra": 1, "km": 235.57, "fonte": "tabela", "fonte_geo": "tabela", "fonte_hid": "figura" }, "geometry": { "type": "LineString", "coordinates": [ [ -46.207286445337296, -23.88521994044914 ], [ -46.207481559041071, -23.885197584086505 ], [ -46.207676672666189, -23.885175227479042 ], [ -46.207871786212628, -23.88515287062674 ], [ -46.208066899680396, -23.885130513529589 ], [ -46.208259287112533, -23.885164051316352 ], [ -46.208451441108537, -23.885202377365552 ], [ -46.20864359520688, -23.885240703169977 ], [ -46.208835749407584, -23.885279028729641 ], [ -46.209027903710634, -23.885317354044535 ], [ -46.209204260231715, -23.885393285117342 ], [ -46.209374536640546, -23.885483689867389 ], [ -46.209544813280097, -23.885574094418381 ], [ -46.209715090150375, -23.885664498770307 ], [ -46.209876522918499, -23.885765319830583 ], [ -46.210013218219139, -23.885895276971166 ], [ -46.21014866790243, -23.886026331789026 ], [ -46.210284034784969, -23.88615745952826 ], [ -46.210419362995104, -23.886288621122961 ], [ -46.21053174414687, -23.886434931031356 ], [ -46.210623626448751, -23.886594773122706 ], [ -46.210715508983235, -23.886754615146831 ], [ -46.210807391750329, -23.886914457103714 ], [ -46.210880614114188, -23.887080473175104 ], [ -46.210920560341449, -23.887257499227054 ], [ -46.210960506688451, -23.887434525260254 ], [ -46.211000453155215, -23.88761155127472 ] ] } },
{ "type": "Feature", "properties": { "regiao": 4, "rodovia": "SP 055", "ra_geo": 1.0, "ra_hid": null, "ra": 1, "km": 236.14, "fonte": "tabela", "fonte_geo": "tabela", "fonte_hid": "figura" }, "geometry": { "type": "LineString", "coordinates": [ [ -46.211040399741727, -23.887788577270442 ], [ -46.211058624913228, -23.887968385964054 ], [ -46.2110728256039, -23.88814871022781 ], [ -46.211079783720081, -23.88832939204573 ], [ -46.211086663485219, -23.888510077728057 ], [ -46.21109354328145, -23.888690763405172 ], [ -46.211100423108761, -23.888871449077048 ], [ -46.21110730296715, -23.889052134743704 ], [ -46.211114182856633, -23.889232820405137 ], [ -46.211121062777181, -23.889413506061345 ], [ -46.211127942728822, -23.889594191712316 ], [ -46.211134822711543, -23.889774877358075 ], [ -46.211141702725342, -23.889955562998605 ], [ -46.211148582770228, -23.890136248633912 ], [ -46.2111554628462, -23.890316934263986 ], [ -46.211162342953251, -23.89049761988883 ], [ -46.211169223091389, -23.890678305508466 ], [ -46.211176103260605, -23.890858991122869 ], [ -46.211182983460915, -23.891039676732035 ], [ -46.211189863692312, -23.891220362335993 ], [ -46.211196743954787, -23.891401047934718 ], [ -46.211203624248348, -23.891581733528213 ], [ -46.211210504572996, -23.891762419116485 ], [ -46.21121738492873, -23.891943104699525 ], [ -46.211224265315558, -23.892123790277349 ], [ -46.211231145733464, -23.892304475849947 ], [ -46.211238026182457, -23.892485161417309 ], [ -46.211244906662536, -23.892665846979455 ], [ -46.211251787173715, -23.892846532536367 ], [ -46.211260022369565, -23.893027109986626 ] ] } },
{ "type": "Feature", "properties": { "regiao": 4, "rodovia": "SP 055", "ra_geo": 1.0, "ra_hid": 1.0, "ra": 1, "km": 236.53, "fonte": "tabela", "fonte_geo": "tabela", "fonte_hid": "figura" }, "geometry": { "type": "LineString", "coordinates": [ [ -46.21128710085457, -23.893206183737473 ], [ -46.211314179425706, -23.893385257476478 ], [ -46.211341258082967, -23.893564331203617 ], [ -46.211368336826368, -23.893743404918922 ], [ -46.211440358624287, -23.893905857891514 ], [ -46.211555678033193, -23.894052298619723 ], [ -46.211670997705632, -23.89419873924825 ], [ -46.211786317641604, -23.894345179777094 ], [ -46.211901637841109, -23.894491620206267 ] ] } },
{ "type": "Feature", "properties": { "regiao": 4, "rodovia": "SP 055", "ra_geo": 2.0, "ra_hid": 1.0, "ra": 2, "km": 236.7, "fonte": "tabela", "fonte_geo": "tabela", "fonte_hid": "figura" }, "geometry": { "type": "LineString", "coordinates": [ [ -46.212016958304147, -23.894638060535744 ], [ -46.212132279030733, -23.894784500765542 ], [ -46.212247600020859, -23.894930940895662 ], [ -46.212362921274526, -23.8950773809261 ], [ -46.212511888592012, -23.895187588504847 ], [ -46.212687267708802, -23.89526935390921 ], [ -46.21286264703911, -23.895351119103807 ], [ -46.213038026582929, -23.895432884088645 ] ] } },
{ "type": "Feature", "properties": { "regiao": 4, "rodovia": "SP 055", "ra_geo": 3.0, "ra_hid": 0.0, "ra": 3, "km": 236.97, "fonte": "tabela", "fonte_geo": "tabela", "fonte_hid": "figura" }, "geometry": { "type": "LineString", "coordinates": [ [ -46.21321619570152, -23.895506976859558 ], [ -46.213409798400576, -23.895538620457504 ], [ -46.213603401182617, -23.895570263807784 ], [ -46.213797004047613, -23.895601906910382 ], [ -46.213992921762291, -23.895612804797437 ], [ -46.214189479712068, -23.895617964747565 ], [ -46.214386037665456, -23.895623124445834 ], [ -46.214582595622424, -23.895628283892233 ], [ -46.214779153582995, -23.895633443086759 ], [ -46.214975711547154, -23.895638602029425 ], [ -46.215172269514902, -23.895643760720223 ], [ -46.215368827486245, -23.895648919159132 ], [ -46.215565385461161, -23.895654077346197 ], [ -46.215754967427394, -23.895699543803261 ], [ -46.215943558847833, -23.89575073430623 ], [ -46.216132150406686, -23.895801924571568 ], [ -46.216320742103946, -23.89585311459928 ], [ -46.216482918449699, -23.895952471783264 ], [ -46.216639817309918, -23.896061452489555 ] ] } },
{ "type": "Feature", "properties": { "regiao": 4, "rodovia": "SP 055", "ra_geo": 4.0, "ra_hid": 0.0, "ra": 4, "km": 237.54, "fonte": "tabela", "fonte_geo": "tabela", "fonte_hid": "figura" }, "geometry": { "type": "LineString", "coordinates": [ [ -46.216796716429904, -23.896170433023588 ], [ -46.216953615809672, -23.89627941338539 ], [ -46.217110515449214, -23.896388393574934 ], [ -46.217267415348523, -23.896497373592219 ], [ -46.217424315507614, -23.896606353437249 ], [ -46.217581215926479, -23.896715333110031 ], [ -46.217748080263064, -23.896808267927959 ], [ -46.217929908619105, -23.896877106003487 ], [ -46.218115530195035, -23.896936414299212 ], [ -46.218302734824974, -23.8969917455134 ], [ -46.218491921518257, -23.897017418069968 ], [ -46.218685085346799, -23.896983574032333 ], [ -46.218878249063529, -23.896949729755992 ], [ -46.219071412668455, -23.89691588524094 ], [ -46.219254998693657, -23.896864450015663 ], [ -46.219400218221566, -23.896742549113888 ], [ -46.219545437476008, -23.896620648084127 ], [ -46.219690656457011, -23.896498746926412 ], [ -46.219835875164556, -23.896376845640713 ], [ -46.219981093598655, -23.896254944227067 ], [ -46.220126311759309, -23.896133042685445 ], [ -46.220271529646517, -23.896011141015872 ], [ -46.220407145074283, -23.895882552589047 ], [ -46.22049542329195, -23.895721000256813 ], [ -46.220583701297421, -23.89555944787951 ], [ -46.220671979090696, -23.895397895457133 ], [ -46.220714352627056, -23.89522713373406 ], [ -46.220707292429168, -23.89504645462085 ], [ -46.220700232262963, -23.894865775502378 ], [ -46.220693172128442, -23.894685096378634 ], [ -46.220644816044029, -23.894510922611623 ], [ -46.220586057182068, -23.894338387589865 ], [ -46.220527298485997, -23.894165852535547 ], [ -46.220468539955803, -23.893993317448654 ], [ -46.220409781591492, -23.89382078232919 ], [ -46.220351023393064, -23.893648247177172 ], [ -46.220306130233467, -23.893472436917818 ], [ -46.220267164461788, -23.893295226536576 ] ] } },
{ "type": "Feature", "properties": { "regiao": 4, "rodovia": "SP 055", "ra_geo": 1.0, "ra_hid": 0.0, "ra": 1, "km": 237.96, "fonte": "tabela", "fonte_geo": "tabela", "fonte_hid": "figura" }, "geometry": { "type": "LineString", "coordinates": [ [ -46.220228198807462, -23.893118016137141 ], [ -46.220189233270489, -23.892940805719547 ], [ -46.220150267850869, -23.892763595283778 ], [ -46.220111302548595, -23.892586384829816 ] ] } },
{ "type": "Feature", "properties": { "regiao": 4, "rodovia": "SP 055", "ra_geo": 1.0, "ra_hid": null, "ra": 1, "km": 238.1, "fonte": "tabela", "fonte_geo": "tabela", "fonte_hid": "figura" }, "geometry": { "type": "LineString", "coordinates": [ [ -46.220072337363682, -23.892409174357699 ], [ -46.220033372296108, -23.892231963867399 ], [ -46.219997421283729, -23.892054378151446 ], [ -46.219983732545316, -23.891874020985615 ], [ -46.21997004385684, -23.891693663812909 ], [ -46.219956355218308, -23.891513306633293 ], [ -46.219942666629706, -23.891332949446802 ], [ -46.219989117687149, -23.891157646224624 ], [ -46.220038138365204, -23.890982558942419 ], [ -46.220087158921835, -23.890807471646063 ] ] } },
{ "type": "Feature", "properties": { "regiao": 4, "rodovia": "SP 055", "ra_geo": 1.0, "ra_hid": 1.0, "ra": 1, "km": 239.58, "fonte": "figura", "fonte_geo": "figura", "fonte_hid": "figura" }, "geometry": { "type": "LineString", "coordinates": [ [ -46.220136179357027, -23.890632384335547 ], [ -46.220189212577665, -23.890458980766784 ], [ -46.220300927563287, -23.890310199226089 ], [ -46.220412642297546, -23.890161417611822 ], [ -46.220524356780452, -23.890012635924005 ], [ -46.22064314689306, -23.889868984481677 ], [ -46.220774444580435, -23.889734401668505 ], [ -46.220940193016553, -23.889640069328642 ], [ -46.221113322867112, -23.889554361105031 ], [ -46.221286452482801, -23.889468652694898 ], [ -46.221459581863606, -23.889382944098237 ], [ -46.221632711009534, -23.889297235315041 ], [ -46.221817024444732, -23.889247618127978 ], [ -46.222013283493034, -23.889236548783025 ], [ -46.222209542495904, -23.889225479189008 ], [ -46.222405801453348, -23.889214409345911 ], [ -46.222602060365375, -23.889203339253736 ], [ -46.222797867073226, -23.889197469781401 ], [ -46.22298972093715, -23.889237067326782 ], [ -46.223181574906974, -23.889276664627886 ], [ -46.223373428982676, -23.889316261684737 ], [ -46.223565283164277, -23.889355858497325 ], [ -46.223757137451749, -23.889395455065635 ], [ -46.22394899184512, -23.88943505138969 ], [ -46.224140846344362, -23.889474647469463 ], [ -46.224332700949489, -23.889514243304973 ], [ -46.224524555660494, -23.889553838896202 ], [ -46.22471641047737, -23.889593434243171 ], [ -46.224909529716989, -23.889626718848636 ], [ -46.225104135382381, -23.88965258449452 ], [ -46.225298741113548, -23.889678449890923 ], [ -46.225493346910497, -23.889704315037875 ], [ -46.225687952773235, -23.889730179935345 ], [ -46.225882558701741, -23.889756044583354 ], [ -46.226078381438668, -23.889765495989831 ], [ -46.22627500446454, -23.889764151818181 ], [ -46.226471627474211, -23.88976280739535 ], [ -46.226668250467668, -23.889761462721314 ], [ -46.226864873444917, -23.889760117796104 ], [ -46.227061496405952, -23.889758772619697 ], [ -46.227258119350765, -23.889757427192105 ], [ -46.227454742279356, -23.889756081513312 ], [ -46.227651365191726, -23.889754735583345 ], [ -46.227847988087873, -23.889753389402177 ], [ -46.228044610967792, -23.889752042969832 ], [ -46.228241233831476, -23.889750696286285 ], [ -46.22843785667893, -23.889749349351561 ], [ -46.228634479510148, -23.889748002165632 ], [ -46.228831102325124, -23.88974665472854 ], [ -46.229027725123863, -23.889745307040243 ], [ -46.22922434790636, -23.889743959100759 ], [ -46.229420970672599, -23.889742610910083 ], [ -46.229617593422596, -23.889741262468227 ], [ -46.229814216156335, -23.889739913775177 ], [ -46.230010838873824, -23.889738564830942 ], [ -46.230207461575048, -23.889737215635517 ], [ -46.230404084260016, -23.889735866188911 ], [ -46.230600706928719, -23.889734516491103 ], [ -46.230797329581165, -23.889733166542115 ], [ -46.230993952217332, -23.889731816341943 ], [ -46.231190574837228, -23.889730465890576 ], [ -46.231387197440853, -23.889729115188025 ], [ -46.231583820028199, -23.889727764234287 ], [ -46.231780442599266, -23.889726413029354 ], [ -46.231977065154055, -23.889725061573248 ], [ -46.232173687692551, -23.889723709865944 ], [ -46.232370124459784, -23.88972659230377 ], [ -46.232565989803881, -23.889742500793929 ], [ -46.232761855183881, -23.889758409032662 ], [ -46.232957720599785, -23.889774317019977 ], [ -46.233153586051586, -23.889790224755874 ], [ -46.233349451539297, -23.889806132240334 ], [ -46.233545317062898, -23.889822039473376 ], [ -46.233741182622396, -23.889837946454993 ], [ -46.23393704821779, -23.889853853185183 ], [ -46.234132913849066, -23.889869759663945 ], [ -46.23432877951624, -23.889885665891288 ], [ -46.234524645219288, -23.889901571867199 ], [ -46.234720510958219, -23.88991747759168 ], [ -46.234916376733032, -23.889933383064736 ], [ -46.235108442956431, -23.889971958844939 ], [ -46.235300429491495, -23.890011010465283 ], [ -46.235492416130796, -23.890050061841048 ], [ -46.235684402874313, -23.89008911297223 ], [ -46.235876389722044, -23.890128163858829 ], [ -46.236067285461424, -23.89017107450864 ], [ -46.236255652813909, -23.890222929175348 ], [ -46.236444020306401, -23.890274783604838 ], [ -46.23663238793889, -23.890326637797092 ], [ -46.236820755711399, -23.890378491752131 ], [ -46.237009123623899, -23.890430345469948 ], [ -46.237197491676397, -23.890482198950519 ], [ -46.237385859868901, -23.890534052193875 ], [ -46.237574228201403, -23.890585905199988 ], [ -46.237762596673896, -23.890637757968875 ], [ -46.237950965286387, -23.890689610500516 ], [ -46.23813933403887, -23.890741462794928 ], [ -46.238327702931336, -23.8907933148521 ], [ -46.238516071963801, -23.890845166672026 ], [ -46.238704441136242, -23.890897018254719 ], [ -46.238892810448675, -23.890948869600162 ], [ -46.239081179901092, -23.891000720708355 ], [ -46.239269549493486, -23.891052571579301 ], [ -46.239457919225863, -23.891104422213012 ], [ -46.239646289098218, -23.891156272609464 ], [ -46.239834659110542, -23.891208122768663 ], [ -46.240023029262844, -23.891259972690605 ], [ -46.240211399555122, -23.891311822375293 ], [ -46.24039976998737, -23.891363671822731 ], [ -46.240588140559588, -23.891415521032897 ], [ -46.240776511271768, -23.891467370005806 ], [ -46.240962870034984, -23.891524837629223 ], [ -46.24114789502476, -23.891586030115178 ], [ -46.241332920179211, -23.891647222370878 ], [ -46.241517945498352, -23.891708414396309 ], [ -46.241702970982168, -23.891769606191474 ], [ -46.241887996630666, -23.891830797756366 ], [ -46.24206915848594, -23.89190069472502 ], [ -46.242247916913364, -23.891976006915808 ], [ -46.242426675539839, -23.892051318889521 ], [ -46.242605434365373, -23.892126630646185 ], [ -46.242784193389959, -23.892201942185782 ], [ -46.242948045326898, -23.892299772935857 ], [ -46.243102915004762, -23.892411172776686 ], [ -46.243257784945044, -23.892522572448989 ], [ -46.24341265514775, -23.892633971952787 ], [ -46.243567525612882, -23.892745371288061 ], [ -46.24369803316155, -23.89287943744144 ], [ -46.243821011507826, -23.893020508736967 ], [ -46.243943990123654, -23.893161579920573 ], [ -46.24406696900904, -23.893302650992265 ], [ -46.244189948163999, -23.893443721952025 ], [ -46.24427551910555, -23.8936055260145 ], [ -46.244353766174797, -23.89377138930924 ], [ -46.244433353764762, -23.893936692787179 ], [ -46.244517723297342, -23.894099999179218 ], [ -46.244602093049672, -23.894263305512808 ] ] } },
{ "type": "Feature", "properties": { "regiao": 4, "rodovia": "SP 055", "ra_geo": 1.0, "ra_hid": 1.0, "ra": 1, "km": 241.04, "fonte": "figura", "fonte_geo": "figura", "fonte_hid": "figura" }, "geometry": { "type": "LineString", "coordinates": [ [ -46.244670688246131, -23.894432719648723 ], [ -46.244738794340705, -23.894602323191975 ], [ -46.244806900622343, -23.894771926694045 ], [ -46.244875007091068, -23.894941530154931 ], [ -46.244943113746857, -23.895111133574645 ], [ -46.245011220589724, -23.895280736953193 ], [ -46.245079327619671, -23.895450340290541 ], [ -46.245147434836703, -23.89561994358672 ], [ -46.245215542240821, -23.895789546841723 ] ] } },
{ "type": "Feature", "properties": { "regiao": 4, "rodovia": "SP 055", "ra_geo": 1.0, "ra_hid": 1.0, "ra": 1, "km": 241.29, "fonte": "figura", "fonte_geo": "figura", "fonte_hid": "figura" }, "geometry": { "type": "LineString", "coordinates": [ [ -46.245283649832018, -23.89595915005555 ], [ -46.245351757610308, -23.896128753228176 ], [ -46.245419865575684, -23.89629835635963 ], [ -46.245487973728167, -23.896467959449897 ], [ -46.245556082067743, -23.896637562498984 ], [ -46.245624190594413, -23.896807165506893 ], [ -46.245692299308182, -23.896976768473607 ], [ -46.245760408209058, -23.897146371399124 ], [ -46.245828517297042, -23.89731597428348 ], [ -46.245896626572133, -23.897485577126627 ], [ -46.245964736034331, -23.897655179928591 ], [ -46.246032845683651, -23.897824782689366 ], [ -46.246100955520085, -23.897994385408964 ], [ -46.246169480889314, -23.898163828830597 ], [ -46.246252617379525, -23.898327669911737 ], [ -46.246335754087241, -23.898491510935827 ] ] } },
{ "type": "Feature", "properties": { "regiao": 4, "rodovia": "SP 055", "ra_geo": 1.0, "ra_hid": 1.0, "ra": 1, "km": 243.34, "fonte": "figura", "fonte_geo": "figura", "fonte_hid": "figura" }, "geometry": { "type": "LineString", "coordinates": [ [ -46.246425487987509, -23.898651690479802 ], [ -46.246544445063094, -23.898795650761073 ], [ -46.246663402405488, -23.898939610936743 ], [ -46.246782360014699, -23.899083571006837 ], [ -46.246897296822503, -23.899230180708106 ], [ -46.247024488906192, -23.899365581259534 ], [ -46.247177142146008, -23.899479547004194 ], [ -46.247329795650984, -23.899593512584548 ], [ -46.247482449421135, -23.899707478000579 ], [ -46.247635103456453, -23.899821443252293 ], [ -46.247799860646822, -23.899917459463943 ], [ -46.247978773070074, -23.89999248324381 ], [ -46.24815768569178, -23.900067506806213 ], [ -46.248336598511919, -23.900142530151129 ], [ -46.248515511530506, -23.900217553278562 ], [ -46.248703184572591, -23.900266996191004 ], [ -46.248896574667903, -23.900299744528301 ], [ -46.249089964849119, -23.900332492618166 ], [ -46.249283355116241, -23.900365240460602 ], [ -46.249479002730496, -23.900377700126825 ], [ -46.249675599316248, -23.900381630437646 ], [ -46.249872195901531, -23.900385560496613 ], [ -46.250068518767293, -23.900382372697425 ], [ -46.25026432251704, -23.900365687001404 ], [ -46.250460126204338, -23.900349001058085 ], [ -46.250654102884255, -23.900323375877669 ], [ -46.250843138783026, -23.900273576496051 ], [ -46.251032174526429, -23.900223776887714 ], [ -46.251221210114458, -23.900173977052702 ], [ -46.25141024554712, -23.900124176990985 ], [ -46.251599280824401, -23.900074376702584 ], [ -46.251788315946307, -23.900024576187491 ], [ -46.251977350912831, -23.899974775445703 ], [ -46.252166385723974, -23.899924974477244 ], [ -46.252355420379743, -23.899875173282087 ], [ -46.252544454880123, -23.899825371860256 ], [ -46.252733489225122, -23.899775570211737 ], [ -46.252922523414732, -23.899725768336548 ], [ -46.253111557448946, -23.899675966234675 ], [ -46.253300591327779, -23.899626163906127 ], [ -46.253489625051209, -23.899576361350899 ], [ -46.253678658619251, -23.899526558569004 ], [ -46.253867692031896, -23.899476755560446 ], [ -46.254056725289139, -23.899426952325197 ], [ -46.254245758390987, -23.899377148863294 ], [ -46.254434791337438, -23.899327345174729 ], [ -46.254623824128473, -23.89927754125949 ], [ -46.254812856764111, -23.899227737117588 ], [ -46.25500188924434, -23.899177932749033 ], [ -46.255190921569159, -23.899128128153812 ], [ -46.255379953738569, -23.899078323331938 ], [ -46.255568985752568, -23.899028518283409 ], [ -46.25575801761115, -23.898978713008223 ], [ -46.255947049314315, -23.898928907506377 ], [ -46.256136080862063, -23.898879101777894 ], [ -46.256325112254395, -23.898829295822743 ], [ -46.256514143491302, -23.898779489640955 ], [ -46.256703174572792, -23.898729683232528 ], [ -46.256892205498851, -23.898679876597441 ], [ -46.257081236269485, -23.89863006973572 ], [ -46.257270266884689, -23.898580262647354 ], [ -46.257459297344461, -23.898530455332356 ], [ -46.257648327648809, -23.898480647790713 ], [ -46.257837357797712, -23.898430840022435 ], [ -46.25802638779119, -23.898381032027519 ], [ -46.258215417629224, -23.898331223805975 ], [ -46.258398834335303, -23.898267253794977 ], [ -46.258578399057889, -23.898193565512543 ], [ -46.258757963568556, -23.898119877028265 ], [ -46.258937527867303, -23.898046188342143 ], [ -46.259117091954131, -23.897972499454159 ], [ -46.259296655829047, -23.897898810364339 ], [ -46.25946957149425, -23.897814037544663 ], [ -46.259633169600221, -23.897713730741035 ], [ -46.25977928606649, -23.8975939056869 ], [ -46.259917737901119, -23.897465523197603 ], [ -46.260056189462375, -23.897337140593031 ], [ -46.26019464075025, -23.89720875787317 ], [ -46.260333091764743, -23.897080375038037 ], [ -46.260447584032683, -23.896934773714086 ], [ -46.260549653273173, -23.896780244366443 ], [ -46.260651722276741, -23.896625714958191 ], [ -46.260753791043385, -23.896471185489357 ], [ -46.260855859573127, -23.896316655959925 ], [ -46.260949282731445, -23.896157829093106 ], [ -46.261034011462939, -23.895994680507329 ], [ -46.261118739989591, -23.895831531880415 ], [ -46.261203468311429, -23.895668383212367 ], [ -46.261288196428453, -23.895505234503204 ], [ -46.261379839273246, -23.895345675103048 ], [ -46.261487997193704, -23.895194688283063 ], [ -46.261596154867853, -23.89504370139467 ], [ -46.261704312295699, -23.894892714437873 ], [ -46.261812469477249, -23.894741727412665 ], [ -46.261922211803906, -23.894592189515983 ], [ -46.262085793683234, -23.894491866149256 ], [ -46.262249375305288, -23.894391542617857 ], [ -46.262412956670076, -23.894291218921783 ], [ -46.262576537777591, -23.894190895061048 ], [ -46.262740118627846, -23.894090571035644 ], [ -46.262914843172105, -23.8940107312302 ], [ -46.263099602082264, -23.893948904272175 ], [ -46.263283127517468, -23.89388400190979 ], [ -46.263466652760137, -23.893819099335563 ], [ -46.263650177810284, -23.893754196549484 ], [ -46.263835991499171, -23.893695230666253 ], [ -46.264023003363157, -23.893639373023046 ], [ -46.264210015056321, -23.89358351515877 ], [ -46.264397026578656, -23.893527657073474 ], [ -46.264584037930163, -23.893471798767116 ], [ -46.264771049110841, -23.893415940239723 ], [ -46.264958060120684, -23.893360081491288 ], [ -46.265145070959704, -23.893304222521806 ], [ -46.265332081627889, -23.893248363331288 ], [ -46.265519092125231, -23.893192503919739 ], [ -46.265706102451745, -23.893136644287161 ], [ -46.265893112607415, -23.893080784433543 ], [ -46.26608012259225, -23.893024924358894 ], [ -46.266267132406234, -23.892969064063223 ], [ -46.266454142049383, -23.892913203546517 ], [ -46.266641151521689, -23.892857342808792 ], [ -46.266828160823145, -23.89280148185005 ], [ -46.267015169953751, -23.892745620670269 ], [ -46.267202178913514, -23.892689759269487 ], [ -46.267389187702413, -23.89263389764767 ], [ -46.267576196320476, -23.892578035804849 ], [ -46.267763204767682, -23.892522173741003 ], [ -46.267950213044024, -23.892466311456161 ], [ -46.268137221149509, -23.892410448950304 ], [ -46.268324229084143, -23.89235458622343 ], [ -46.268511236847921, -23.892298723275555 ], [ -46.268698244440827, -23.892242860106673 ], [ -46.268885251862876, -23.892186996716795 ], [ -46.269072259114047, -23.892131133105913 ], [ -46.269259266194368, -23.892075269274027 ], [ -46.26944627310381, -23.892019405221145 ], [ -46.269636577175191, -23.891975092120862 ], [ -46.269829317406135, -23.891939313561242 ], [ -46.270022057519412, -23.891903534764396 ], [ -46.270214797515017, -23.891867755730317 ], [ -46.270407537392956, -23.891831976459027 ], [ -46.270600277153221, -23.891796196950509 ], [ -46.270793016795814, -23.891760417204779 ], [ -46.270985756320727, -23.89172463722182 ], [ -46.271178495727959, -23.89168885700164 ], [ -46.271371235017519, -23.891653076544245 ], [ -46.271563974189391, -23.891617295849631 ], [ -46.271758290916843, -23.891607355322297 ], [ -46.271954174446527, -23.89162307694728 ], [ -46.272150058011185, -23.891638798320727 ], [ -46.272345941610808, -23.891654519442657 ], [ -46.272541825245391, -23.891670240313047 ], [ -46.272713236304419, -23.891757125055278 ], [ -46.272883341364029, -23.891847807981694 ], [ -46.273053446654657, -23.891938490708853 ], [ -46.273223552176304, -23.892029173236775 ], [ -46.273386072579456, -23.892128772801073 ], [ -46.273522772938009, -23.892258726207487 ], [ -46.273659473570255, -23.892388679478664 ], [ -46.273794331491985, -23.892520244168544 ], [ -46.273928631363717, -23.892652296939787 ], [ -46.274062931509107, -23.892784349579969 ], [ -46.274197231928163, -23.892916402089089 ], [ -46.274331532620877, -23.893048454467142 ], [ -46.27446583358725, -23.893180506714124 ], [ -46.274600134827296, -23.893312558830043 ], [ -46.274734436340999, -23.893444610814882 ], [ -46.274843274182828, -23.89359437733782 ], [ -46.274949208474233, -23.893746609127799 ], [ -46.275059972313024, -23.893895988623068 ], [ -46.275170736410963, -23.894045368024923 ], [ -46.27528150076806, -23.894194747333355 ], [ -46.275328050699194, -23.89436960216495 ], [ -46.275370254220128, -23.894546181358198 ], [ -46.275412457867176, -23.894722760531049 ], [ -46.275454661640346, -23.894899339683494 ], [ -46.275479346999468, -23.895076725780456 ], [ -46.275456549468174, -23.895256299094704 ], [ -46.27543375188619, -23.89543587240415 ], [ -46.275410954253516, -23.89561544570882 ], [ -46.275388156570145, -23.895795019008695 ], [ -46.275364175333031, -23.895974422284542 ], [ -46.275326308570641, -23.896151830802307 ], [ -46.275288441716583, -23.896329239311147 ], [ -46.275250574770851, -23.896506647811055 ], [ -46.275212707733452, -23.896684056302043 ], [ -46.275185879496391, -23.896863155387859 ], [ -46.275159155888915, -23.897042270501515 ] ] } },
{ "type": "Feature", "properties": { "regiao": 4, "rodovia": "SP 055", "ra_geo": 1.0, "ra_hid": null, "ra": 1, "km": 245.35, "fonte": "figura", "fonte_geo": "figura", "fonte_hid": "figura" }, "geometry": { "type": "LineString", "coordinates": [ [ -46.275132432219962, -23.897221385609587 ], [ -46.275105708489512, -23.897400500712074 ], [ -46.275078984697579, -23.897579615808983 ], [ -46.275052260844149, -23.897758730900296 ], [ -46.275025536929235, -23.897937845986021 ], [ -46.275029151025294, -23.898117240057257 ], [ -46.27503242710592, -23.898297534470412 ], [ -46.2750253843164, -23.898478210949026 ], [ -46.275039754057275, -23.898658459620897 ], [ -46.275039660125692, -23.898838904595838 ], [ -46.275070580560104, -23.899015203780529 ], [ -46.275086154286129, -23.899195428329623 ], [ -46.275129974943709, -23.899371645494828 ] ] } },
{ "type": "Feature", "properties": { "regiao": 4, "rodovia": "SP 055", "ra_geo": 1.0, "ra_hid": 1.0, "ra": 1, "km": 245.57, "fonte": "figura", "fonte_geo": "figura", "fonte_hid": "figura" }, "geometry": { "type": "LineString", "coordinates": [ [ -46.275174213265252, -23.899547803403067 ], [ -46.275218451718068, -23.899723961289549 ], [ -46.275262690302142, -23.899900119154278 ], [ -46.275306929017489, -23.900076276997265 ], [ -46.275351167864109, -23.900252434818498 ], [ -46.275395406842001, -23.900428592617978 ], [ -46.27543964595116, -23.900604750395704 ], [ -46.275483885191612, -23.900780908151681 ], [ -46.275528124563323, -23.900957065885901 ] ] } },
{ "type": "Feature", "properties": { "regiao": 4, "rodovia": "SP 055", "ra_geo": 1.0, "ra_hid": null, "ra": 1, "km": 245.71, "fonte": "figura", "fonte_geo": "figura", "fonte_hid": "figura" }, "geometry": { "type": "LineString", "coordinates": [ [ -46.275572364066328, -23.901133223598368 ], [ -46.275616603700605, -23.901309381289082 ], [ -46.27566084346617, -23.901485538958045 ], [ -46.275705083363015, -23.901661696605249 ], [ -46.275749323391153, -23.90183785423071 ] ] } },
{ "type": "Feature", "properties": { "regiao": 4, "rodovia": "SP 055", "ra_geo": 1.0, "ra_hid": 1.0, "ra": 1, "km": 245.86, "fonte": "figura", "fonte_geo": "figura", "fonte_hid": "figura" }, "geometry": { "type": "LineString", "coordinates": [ [ -46.275793563550579, -23.902014011834407 ], [ -46.275837803841291, -23.90219016941635 ], [ -46.275882044263298, -23.902366326976541 ], [ -46.275926284816599, -23.902542484514978 ], [ -46.275970525501194, -23.902718642031648 ], [ -46.27601476631709, -23.902894799526571 ], [ -46.27605900726428, -23.903070956999734 ], [ -46.276103248342764, -23.90324711445114 ], [ -46.276147489552564, -23.903423271880797 ], [ -46.276191730893657, -23.903599429288686 ] ] } },
{ "type": "Feature", "properties": { "regiao": 4, "rodovia": "SP 055", "ra_geo": 1.0, "ra_hid": null, "ra": 1, "km": 246.0, "fonte": "figura", "fonte_geo": "figura", "fonte_hid": "figura" }, "geometry": { "type": "LineString", "coordinates": [ [ -46.276235972366059, -23.903775586674818 ], [ -46.276280213969777, -23.90395174403919 ], [ -46.276324455704795, -23.904127901381795 ], [ -46.276368697571122, -23.90430405870266 ] ] } },
{ "type": "Feature", "properties": { "regiao": 4, "rodovia": "SP 055", "ra_geo": 1.0, "ra_hid": 1.0, "ra": 1, "km": 246.18, "fonte": "figura", "fonte_geo": "figura", "fonte_hid": "figura" }, "geometry": { "type": "LineString", "coordinates": [ [ -46.276412939568765, -23.904480216001751 ], [ -46.276457181697722, -23.904656373279096 ], [ -46.276501423958003, -23.904832530534669 ], [ -46.276545666349591, -23.90500868776849 ], [ -46.276589908872502, -23.905184844980543 ], [ -46.276634151526736, -23.905361002170839 ], [ -46.276678394312292, -23.905537159339371 ], [ -46.27672263722917, -23.905713316486139 ], [ -46.276766880277378, -23.90588947361115 ], [ -46.276811123456916, -23.906065630714405 ], [ -46.276855366767776, -23.906241787795885 ], [ -46.276899610209973, -23.906417944855605 ], [ -46.2769438537835, -23.90659410189356 ], [ -46.276988097488363, -23.906770258909759 ] ] } },
{ "type": "Feature", "properties": { "regiao": 4, "rodovia": "SP 055", "ra_geo": 1.0, "ra_hid": 1.0, "ra": 1, "km": 246.43, "fonte": "figura", "fonte_geo": "figura", "fonte_hid": "figura" }, "geometry": { "type": "LineString", "coordinates": [ [ -46.277032341324571, -23.906946415904187 ], [ -46.277076585292107, -23.907122572876851 ], [ -46.277120829390988, -23.907298729827737 ], [ -46.277165073621219, -23.907474886756876 ], [ -46.277209317982781, -23.907651043664249 ], [ -46.277253562475693, -23.907827200549846 ], [ -46.277297807099956, -23.908003357413687 ], [ -46.277342051855562, -23.908179514255753 ], [ -46.27738629674252, -23.908355671076055 ], [ -46.277430541760829, -23.90853182787459 ] ] } },
{ "type": "Feature", "properties": { "regiao": 4, "rodovia": "SP 055", "ra_geo": 1.0, "ra_hid": null, "ra": 1, "km": 246.57, "fonte": "figura", "fonte_geo": "figura", "fonte_hid": "figura" }, "geometry": { "type": "LineString", "coordinates": [ [ -46.277474786910496, -23.908707984651368 ], [ -46.27751903219152, -23.908884141406368 ], [ -46.277563277603896, -23.909060298139597 ], [ -46.277607523147637, -23.909236454851062 ] ] } },
{ "type": "Feature", "properties": { "regiao": 4, "rodovia": "SP 055", "ra_geo": 1.0, "ra_hid": 1.0, "ra": 1, "km": 247.36, "fonte": "figura", "fonte_geo": "figura", "fonte_hid": "figura" }, "geometry": { "type": "LineString", "coordinates": [ [ -46.277651768822736, -23.909412611540759 ], [ -46.277704271905321, -23.909586831820462 ], [ -46.27775721474714, -23.909760948981344 ], [ -46.277810157741698, -23.909935066114105 ], [ -46.277863100888993, -23.910109183218761 ], [ -46.277927915082053, -23.9102792692977 ], [ -46.278010799672238, -23.910443219233137 ], [ -46.278093684479792, -23.910607169111582 ], [ -46.278176569504723, -23.910771118933031 ], [ -46.278267360949279, -23.91093071955126 ], [ -46.278385334294086, -23.911075367647527 ], [ -46.278503209830063, -23.911220082280128 ], [ -46.278619010772104, -23.911366206649003 ], [ -46.278734811978552, -23.911512330916832 ], [ -46.278850613449414, -23.911658455083636 ], [ -46.278991856788402, -23.911783999508376 ], [ -46.279134774588499, -23.911908189541503 ], [ -46.279277692661154, -23.91203237942814 ], [ -46.279421975468701, -23.912155012116489 ], [ -46.279584389684594, -23.912256954337014 ], [ -46.279746804150804, -23.91235889637375 ], [ -46.279909218867331, -23.912460838226686 ], [ -46.280075644208409, -23.912556553078609 ], [ -46.280250970683966, -23.912638447490846 ], [ -46.28042629737314, -23.912720341692815 ], [ -46.280604169990461, -23.912795652277698 ], [ -46.280796385248479, -23.912833871884253 ], [ -46.280988600608069, -23.912872091245401 ], [ -46.281180345287382, -23.912912233317183 ], [ -46.28137183767172, -23.912953406112511 ], [ -46.281563330166087, -23.912994578663856 ], [ -46.281754822770473, -23.913035750971218 ], [ -46.281946315484895, -23.913076923034598 ], [ -46.282137808309329, -23.913118094854003 ], [ -46.282329301243784, -23.91315926642941 ], [ -46.28252079428826, -23.913200437760835 ], [ -46.282712287442742, -23.913241608848274 ], [ -46.282903780707244, -23.913282779691716 ], [ -46.283095274081766, -23.913323950291172 ], [ -46.283286767566288, -23.913365120646638 ], [ -46.283478261160816, -23.913406290758108 ], [ -46.283669754865358, -23.91344746062558 ], [ -46.283861248679898, -23.913488630249063 ], [ -46.28405274260443, -23.913529799628545 ], [ -46.284244236638969, -23.913570968764031 ], [ -46.284435730783507, -23.913612137655512 ], [ -46.28462722503803, -23.913653306302997 ], [ -46.284818719402551, -23.913694474706471 ], [ -46.285010213877065, -23.913735642865944 ], [ -46.285201708461564, -23.91377681078141 ], [ -46.285393203156055, -23.913817978452872 ], [ -46.285584697960523, -23.913859145880323 ], [ -46.28577619287497, -23.91390031306377 ], [ -46.285967687899401, -23.913941480003206 ], [ -46.286147067879547, -23.914012402220688 ], [ -46.286320902689056, -23.914096943982209 ], [ -46.286494737717703, -23.914181485536535 ], [ -46.286668572965489, -23.914266026883631 ], [ -46.286842408432413, -23.914350568023522 ], [ -46.28700853100527, -23.914447272929948 ], [ -46.287166027026721, -23.914555291093066 ], [ -46.287320884646661, -23.914666731742841 ], [ -46.2874639812892, -23.914790630568337 ], [ -46.2876057991407, -23.914915884123459 ], [ -46.287723191352448, -23.915059986960745 ], [ -46.287832810364883, -23.915210088462366 ], [ -46.287954771054601, -23.915351866151486 ], [ -46.288077616871554, -23.915493046933197 ], [ -46.288214571525813, -23.915620815804342 ], [ -46.288372175230364, -23.91572895549734 ], [ -46.288561653362208, -23.91577246496194 ], [ -46.288751904272395, -23.915746570521634 ], [ -46.288925649394578, -23.915663129052124 ], [ -46.289091438134086, -23.915565880898658 ], [ -46.289257226619924, -23.915468632575781 ] ] } },
{ "type": "Feature", "properties": { "regiao": 4, "rodovia": "SP 055", "ra_geo": 1.0, "ra_hid": 1.0, "ra": 1, "km": 191.48, "fonte": "tabela", "fonte_geo": "figura", "fonte_hid": "tabela" }, "geometry": { "type": "LineString", "coordinates": [ [ -45.839085892642828, -23.755009345363689 ], [ -45.83928221620598, -23.755009898395191 ], [ -45.839478539762482, -23.755010451177156 ], [ -45.839674863312347, -23.755011003709619 ], [ -45.839871186855561, -23.755011555992564 ], [ -45.840067510392124, -23.755012108025987 ], [ -45.84026383392203, -23.755012659809903 ], [ -45.840460157445278, -23.755013211344295 ], [ -45.840656480961876, -23.755013762629183 ] ] } },
{ "type": "Feature", "properties": { "regiao": 4, "rodovia": "SP 055", "ra_geo": 2.0, "ra_hid": 1.0, "ra": 2, "km": 191.61, "fonte": "tabela", "fonte_geo": "figura", "fonte_hid": "tabela" }, "geometry": { "type": "LineString", "coordinates": [ [ -45.840852804471801, -23.755014313664542 ], [ -45.841049127975062, -23.755014864450377 ], [ -45.841245451471664, -23.755015414986715 ], [ -45.841441774961588, -23.755015965273532 ], [ -45.841638098444839, -23.755016515310821 ] ] } },
{ "type": "Feature", "properties": { "regiao": 4, "rodovia": "SP 055", "ra_geo": 2.0, "ra_hid": 3.0, "ra": 3, "km": 191.81, "fonte": "tabela", "fonte_geo": "figura", "fonte_hid": "tabela" }, "geometry": { "type": "LineString", "coordinates": [ [ -45.841834421921419, -23.755017065098606 ], [ -45.84203074539132, -23.755017614636884 ], [ -45.842227068854541, -23.75501816392563 ], [ -45.842423392311076, -23.755018712964858 ], [ -45.842619715760932, -23.75501926175458 ], [ -45.842816039204088, -23.75501981029478 ], [ -45.843008560600168, -23.755054855651405 ], [ -45.843201004109218, -23.755090608332409 ], [ -45.843393447715705, -23.755126360770564 ], [ -45.843585891419629, -23.755162112965866 ], [ -45.843778335220989, -23.755197864918316 ], [ -45.843970779119793, -23.755233616627923 ], [ -45.84416322311602, -23.75526936809467 ], [ -45.844355667209683, -23.755305119318564 ], [ -45.844548111400762, -23.755340870299605 ] ] } },
{ "type": "Feature", "properties": { "regiao": 4, "rodovia": "SP 055", "ra_geo": 1.0, "ra_hid": 1.0, "ra": 1, "km": 192.19, "fonte": "tabela", "fonte_geo": "figura", "fonte_hid": "tabela" }, "geometry": { "type": "LineString", "coordinates": [ [ -45.844740555689278, -23.755376621037787 ], [ -45.844933000075216, -23.755412371533112 ], [ -45.845125444558569, -23.75544812178558 ], [ -45.845317889139338, -23.755483871795178 ], [ -45.845510333817529, -23.755519621561923 ], [ -45.845702778593136, -23.755555371085805 ], [ -45.845895223466151, -23.75559112036682 ], [ -45.846087668436574, -23.755626869404974 ], [ -45.846280113504413, -23.755662618200255 ], [ -45.846472558669653, -23.755698366752675 ], [ -45.846664962214135, -23.755734304735213 ], [ -45.846857360104273, -23.75577026862813 ], [ -45.847049758092417, -23.755806232278267 ], [ -45.847242156178581, -23.755842195685634 ], [ -45.847434554362756, -23.75587815885023 ], [ -45.847626952644937, -23.75591412177204 ], [ -45.847819351025123, -23.755950084451083 ], [ -45.848011749503314, -23.755986046887351 ], [ -45.848204148079503, -23.756022009080819 ], [ -45.848396546753698, -23.756057971031531 ], [ -45.84858894552589, -23.75609393273945 ], [ -45.848781344396073, -23.756129894204591 ], [ -45.848973743364247, -23.756165855426936 ], [ -45.849166142430413, -23.756201816406506 ] ] } },
{ "type": "Feature", "properties": { "regiao": 4, "rodovia": "SP 055", "ra_geo": 1.0, "ra_hid": 1.0, "ra": 1, "km": 192.46, "fonte": "tabela", "fonte_geo": "figura", "fonte_hid": "tabela" }, "geometry": { "type": "LineString", "coordinates": [ [ -45.849358541594569, -23.756237777143294 ], [ -45.849550940856709, -23.756273737637279 ], [ -45.849744976556728, -23.756300045289979 ], [ -45.849940132350746, -23.756319745732785 ] ] } },
{ "type": "Feature", "properties": { "regiao": 4, "rodovia": "SP 055", "ra_geo": 1.0, "ra_hid": 1.0, "ra": 1, "km": 192.71, "fonte": "tabela", "fonte_geo": "figura", "fonte_hid": "tabela" }, "geometry": { "type": "LineString", "coordinates": [ [ -45.850135288195297, -23.756339445927338 ], [ -45.850330444090396, -23.756359145873649 ], [ -45.850525600036022, -23.75637884557171 ], [ -45.850720756032189, -23.756398545021515 ], [ -45.850915912078875, -23.756418244223084 ], [ -45.851111068176095, -23.756437943176387 ], [ -45.851306224323842, -23.75645764188144 ], [ -45.851501380522109, -23.75647734033824 ], [ -45.851696536770895, -23.75649703854678 ], [ -45.851891693070201, -23.756516736507074 ], [ -45.852086849420019, -23.756536434219107 ], [ -45.852282005820349, -23.756556131682885 ], [ -45.852477162271192, -23.756575828898406 ], [ -45.852672318772541, -23.75659552586567 ], [ -45.852867475324395, -23.756615222584678 ], [ -45.853062631926747, -23.756634919055429 ], [ -45.853257788579597, -23.756654615277917 ], [ -45.853452945282953, -23.756674311252144 ], [ -45.853648102036793, -23.756694006978112 ], [ -45.853843258841131, -23.756713702455819 ], [ -45.85403841569596, -23.756733397685263 ] ] } },
{ "type": "Feature", "properties": { "regiao": 4, "rodovia": "SP 055", "ra_geo": 3.0, "ra_hid": 2.0, "ra": 3, "km": 193.05, "fonte": "tabela", "fonte_geo": "figura", "fonte_hid": "tabela" }, "geometry": { "type": "LineString", "coordinates": [ [ -45.854233572601274, -23.756753092666447 ], [ -45.854428729557071, -23.75677278739936 ], [ -45.854623886563346, -23.756792481884016 ], [ -45.854819043620104, -23.756812176120405 ], [ -45.855014200727339, -23.756831870108527 ], [ -45.855209357885052, -23.756851563848393 ], [ -45.855404515093234, -23.756871257339981 ], [ -45.855599672351879, -23.756890950583301 ], [ -45.855794829660994, -23.756910643578362 ], [ -45.855989987020571, -23.756930336325144 ], [ -45.856185144430611, -23.75695002882366 ], [ -45.856380301891107, -23.756969721073904 ], [ -45.856575459402066, -23.756989413075885 ], [ -45.856770616963473, -23.757009104829592 ] ] } },
{ "type": "Feature", "properties": { "regiao": 4, "rodovia": "SP 055", "ra_geo": 1.0, "ra_hid": 1.0, "ra": 1, "km": 193.23, "fonte": "tabela", "fonte_geo": "figura", "fonte_hid": "tabela" }, "geometry": { "type": "LineString", "coordinates": [ [ -45.856965774575336, -23.757028796335021 ], [ -45.85716093223764, -23.75704848759219 ], [ -45.857356089950393, -23.757068178601081 ], [ -45.857551247713594, -23.757087869361687 ], [ -45.857746405527223, -23.757107559874033 ] ] } },
{ "type": "Feature", "properties": { "regiao": 4, "rodovia": "SP 055", "ra_geo": 1.0, "ra_hid": 1.0, "ra": 1, "km": 193.34, "fonte": "tabela", "fonte_geo": "figura", "fonte_hid": "tabela" }, "geometry": { "type": "LineString", "coordinates": [ [ -45.857941563391307, -23.75712725013809 ], [ -45.858136721305812, -23.757146940153877 ], [ -45.858331879270757, -23.75716662992139 ], [ -45.85852703728613, -23.757186319440621 ], [ -45.858722195351938, -23.757206008711574 ], [ -45.858917353468158, -23.757225697734253 ] ] } },
{ "type": "Feature", "properties": { "regiao": 4, "rodovia": "SP 055", "ra_geo": 2.0, "ra_hid": 1.0, "ra": 2, "km": 193.53, "fonte": "tabela", "fonte_geo": "figura", "fonte_hid": "tabela" }, "geometry": { "type": "LineString", "coordinates": [ [ -45.859112511634812, -23.757245386508643 ], [ -45.859307669851887, -23.757265075034759 ], [ -45.859502828119375, -23.757284763312601 ], [ -45.859697986437283, -23.757304451342161 ], [ -45.859893144805589, -23.757324139123423 ], [ -45.860088303224323, -23.757343826656417 ], [ -45.860283461693456, -23.757363513941129 ], [ -45.860478620212994, -23.757383200977547 ], [ -45.860673778782932, -23.757402887765682 ], [ -45.860868937403282, -23.757422574305533 ], [ -45.861064096074017, -23.757442260597102 ], [ -45.861259254795151, -23.757461946640376 ], [ -45.861454413566676, -23.757481632435372 ] ] } },
{ "type": "Feature", "properties": { "regiao": 4, "rodovia": "SP 055", "ra_geo": 1.0, "ra_hid": 1.0, "ra": 1, "km": 193.7, "fonte": "tabela", "fonte_geo": "figura", "fonte_hid": "tabela" }, "geometry": { "type": "LineString", "coordinates": [ [ -45.861649572388593, -23.757501317982079 ], [ -45.861844731260895, -23.757521003280498 ], [ -45.862039890183581, -23.757540688330621 ], [ -45.862235049156645, -23.757560373132463 ], [ -45.862430208180093, -23.757580057686006 ] ] } },
{ "type": "Feature", "properties": { "regiao": 4, "rodovia": "SP 055", "ra_geo": 1.0, "ra_hid": 1.0, "ra": 1, "km": 194.1, "fonte": "tabela", "fonte_geo": "figura", "fonte_hid": "tabela" }, "geometry": { "type": "LineString", "coordinates": [ [ -45.862625367253926, -23.757599741991253 ], [ -45.862820526378123, -23.757619426048219 ], [ -45.863015685552696, -23.757639109856886 ], [ -45.86321084477764, -23.757658793417257 ], [ -45.863406004052941, -23.757678476729346 ], [ -45.863601163378611, -23.757698159793129 ], [ -45.863796322754645, -23.757717842608628 ], [ -45.86399148355023, -23.757737513669532 ], [ -45.864186644986319, -23.75775717952239 ], [ -45.864381806472707, -23.75777684512693 ], [ -45.864576968009409, -23.757796510483182 ], [ -45.864772129596403, -23.757816175591135 ], [ -45.86496729123369, -23.757835840450781 ], [ -45.865162452921275, -23.757855505062114 ], [ -45.865357614659153, -23.757875169425155 ], [ -45.865552776447323, -23.757894833539883 ], [ -45.865747938285779, -23.757914497406311 ], [ -45.865943100174519, -23.757934161024426 ], [ -45.866138262113544, -23.757953824394242 ], [ -45.866333424102841, -23.757973487515752 ], [ -45.866528586142422, -23.757993150388948 ], [ -45.866723748232275, -23.758012813013842 ], [ -45.866918910372398, -23.758032475390415 ], [ -45.867114072562792, -23.758052137518682 ], [ -45.867309234803457, -23.758071799398643 ], [ -45.867504397094379, -23.758091461030293 ], [ -45.867699559435565, -23.758111122413624 ], [ -45.867894721827007, -23.758130783548648 ], [ -45.868089884268713, -23.758150444435358 ], [ -45.868285046760668, -23.758170105073756 ], [ -45.868480209302874, -23.758189765463833 ], [ -45.868675371895328, -23.758209425605596 ], [ -45.868870534538033, -23.758229085499053 ], [ -45.86906569723098, -23.758248745144179 ], [ -45.869260859974169, -23.758268404540988 ], [ -45.869456022767586, -23.758288063689488 ] ] } },
{ "type": "Feature", "properties": { "regiao": 4, "rodovia": "SP 055", "ra_geo": 2.0, "ra_hid": 1.0, "ra": 2, "km": 194.53, "fonte": "tabela", "fonte_geo": "figura", "fonte_hid": "tabela" }, "geometry": { "type": "LineString", "coordinates": [ [ -45.869651185611254, -23.758307722589667 ], [ -45.869846348505149, -23.758327381241525 ], [ -45.870041511449273, -23.758347039645066 ], [ -45.870236674443632, -23.758366697800277 ], [ -45.870431837488212, -23.758386355707174 ], [ -45.870627000583013, -23.758406013365754 ], [ -45.870822163728036, -23.758425670776003 ], [ -45.87101732692328, -23.758445327937924 ] ] } },
{ "type": "Feature", "properties": { "regiao": 4, "rodovia": "SP 055", "ra_geo": 1.0, "ra_hid": 1.0, "ra": 1, "km": 194.69, "fonte": "tabela", "fonte_geo": "figura", "fonte_hid": "tabela" }, "geometry": { "type": "LineString", "coordinates": [ [ -45.871212490168737, -23.758464984851532 ], [ -45.871407653464409, -23.758484641516809 ], [ -45.871602816810288, -23.758504297933769 ], [ -45.871797980206381, -23.758523954102394 ], [ -45.871993143652674, -23.758543610022695 ], [ -45.872188642593464, -23.758559343759718 ], [ -45.872384743579154, -23.758568038608662 ], [ -45.872580844582302, -23.758576733207896 ] ] } },
{ "type": "Feature", "properties": { "regiao": 4, "rodovia": "SP 055", "ra_geo": 1.0, "ra_hid": 1.0, "ra": 1, "km": 196.21, "fonte": "tabela", "fonte_geo": "figura", "fonte_hid": "tabela" }, "geometry": { "type": "LineString", "coordinates": [ [ -45.872776945602922, -23.758585427557431 ], [ -45.872973046641007, -23.758594121657246 ], [ -45.873169147698825, -23.758602815463814 ], [ -45.873365248774633, -23.758611509010539 ], [ -45.873561349867892, -23.758620202307547 ], [ -45.873757450978609, -23.758628895354864 ], [ -45.873953271102103, -23.758619951481123 ], [ -45.874149010916959, -23.758605969644385 ], [ -45.874344750681438, -23.758591987560841 ], [ -45.874537083300972, -23.758562815225488 ], [ -45.874722835805251, -23.758504306825525 ], [ -45.874908588136613, -23.758445798206647 ], [ -45.875092195740827, -23.758383211659211 ], [ -45.875257280929958, -23.758285406340921 ], [ -45.875422365868751, -23.758187600852249 ], [ -45.875587450557212, -23.758089795193197 ], [ -45.875752534995343, -23.757991989363756 ], [ -45.875917619183149, -23.757894183363931 ], [ -45.876082703120616, -23.757796377193738 ], [ -45.87624778680776, -23.757698570853169 ], [ -45.876413698714074, -23.757602112446374 ], [ -45.876589824644476, -23.757522274725641 ], [ -45.876759889081868, -23.757435990414486 ], [ -45.876871009030651, -23.757287016510354 ], [ -45.876982128729587, -23.757138042530926 ], [ -45.877093248178682, -23.756989068476177 ], [ -45.877204367377921, -23.756840094346117 ], [ -45.877315486327319, -23.756691120140754 ], [ -45.877426605026884, -23.756542145860077 ], [ -45.877537723476607, -23.756393171504094 ], [ -45.877648841676496, -23.756244197072814 ], [ -45.877759959626552, -23.75609522256622 ], [ -45.877913949185967, -23.755992677974557 ], [ -45.878091598095345, -23.755915756392238 ], [ -45.878269246790389, -23.755838834611033 ], [ -45.878446895271082, -23.75576191263098 ], [ -45.878626848737774, -23.755694825337471 ], [ -45.878823151202006, -23.755697489430762 ], [ -45.879019453665535, -23.755700153274393 ], [ -45.879209588778004, -23.755735697036627 ], [ -45.879395497946739, -23.755793771128825 ], [ -45.879581407273548, -23.755851844992002 ], [ -45.879767316758432, -23.755909918626159 ], [ -45.879953226401383, -23.755967992031312 ], [ -45.880139136202402, -23.756026065207418 ], [ -45.880325046161488, -23.756084138154513 ], [ -45.880513761901618, -23.756122509558256 ], [ -45.880709652225455, -23.756110500405335 ], [ -45.880905542504721, -23.756098491005073 ], [ -45.881101432739399, -23.756086481357492 ], [ -45.881282500552089, -23.756033023835947 ], [ -45.881447841553623, -23.75593558999137 ], [ -45.881613182305351, -23.755838155975926 ], [ -45.881778522807252, -23.755740721789596 ], [ -45.881927658953792, -23.755624802387409 ], [ -45.882066071028198, -23.755496649535662 ], [ -45.882204482831618, -23.755368496565833 ], [ -45.882342894364051, -23.75524034347794 ], [ -45.882481305625511, -23.755112190271966 ], [ -45.882619716615984, -23.754984036947935 ], [ -45.882758127335485, -23.754855883505847 ], [ -45.882896537784006, -23.754727729945685 ], [ -45.883034947961555, -23.754599576267481 ], [ -45.883196370199613, -23.75449810553291 ], [ -45.883363371333225, -23.754403103710995 ], [ -45.883530372220513, -23.754308101714624 ], [ -45.883697372861484, -23.754213099543769 ], [ -45.883864373256138, -23.754118097198454 ], [ -45.884031373404476, -23.754023094678669 ], [ -45.884198373306482, -23.75392809198442 ], [ -45.884365372962179, -23.753833089115716 ], [ -45.884532372371552, -23.753738086072538 ], [ -45.884699371534609, -23.753643082854914 ], [ -45.884866370451348, -23.753548079462831 ], [ -45.885033369121764, -23.753453075896299 ], [ -45.88520036754587, -23.753358072155315 ], [ -45.88536736572366, -23.753263068239885 ], [ -45.885534363655125, -23.753168064150017 ], [ -45.885701361340281, -23.753073059885704 ], [ -45.885868358779113, -23.752978055446942 ], [ -45.886035355971636, -23.752883050833741 ], [ -45.886202352917834, -23.752788046046117 ], [ -45.886369349617723, -23.752693041084054 ], [ -45.886536346071296, -23.75259803594756 ], [ -45.886703342278544, -23.752503030636642 ], [ -45.88687033823949, -23.752408025151304 ], [ -45.887037333954119, -23.752313019491535 ], [ -45.887204329422431, -23.752218013657345 ], [ -45.887371324644427, -23.752123007648741 ], [ -45.887538319620113, -23.752028001465728 ], [ -45.887705314349482, -23.751932995108284 ], [ -45.887872308832542, -23.75183798857644 ], [ -45.888039303069284, -23.751742981870198 ], [ -45.888206297059718, -23.751647974989545 ], [ -45.888373290803834, -23.751552967934479 ], [ -45.888540284301641, -23.751457960705022 ], [ -45.888707277553138, -23.751362953301161 ], [ -45.888874270558318, -23.751267945722905 ], [ -45.889041263317189, -23.75117293797026 ], [ -45.88920825582975, -23.751077930043223 ], [ -45.889381459426772, -23.750995400132336 ], [ -45.889568675649116, -23.750941020923481 ], [ -45.889755891708717, -23.75088664149207 ], [ -45.889943107605596, -23.750832261838099 ], [ -45.890130323339726, -23.750777881961554 ], [ -45.89031753891112, -23.750723501862449 ], [ -45.890504754319771, -23.750669121540795 ], [ -45.890699403204984, -23.750661353544885 ], [ -45.890895699215626, -23.750663913681517 ], [ -45.891091995225132, -23.750666473568554 ], [ -45.891288291233501, -23.750669033205991 ], [ -45.891484587240733, -23.750671592593815 ], [ -45.891680883246828, -23.750674151732046 ], [ -45.891873117872223, -23.750706123238437 ], [ -45.892063867943271, -23.750748846416471 ], [ -45.89225461813097, -23.750791569355066 ], [ -45.892445368435325, -23.750834292054211 ], [ -45.892636118856338, -23.750877014513911 ], [ -45.892826869394007, -23.750919736734158 ], [ -45.893017620048326, -23.750962458714962 ], [ -45.893208370819288, -23.751005180456314 ], [ -45.893399121706899, -23.751047901958206 ], [ -45.893589872711161, -23.751090623220644 ], [ -45.893780623832058, -23.751133344243634 ], [ -45.893971375069604, -23.751176065027163 ], [ -45.89416212642378, -23.751218785571233 ], [ -45.894352877894597, -23.751261505875842 ], [ -45.894543629482051, -23.751304225940991 ], [ -45.89473438118614, -23.751346945766677 ], [ -45.894925133006851, -23.7513896653529 ], [ -45.895115884944197, -23.751432384699651 ], [ -45.895306636998164, -23.751475103806943 ], [ -45.89549738916876, -23.751517822674771 ], [ -45.895688141455977, -23.751560541303125 ], [ -45.895878893859809, -23.751603259691993 ], [ -45.896069646380269, -23.751645977841406 ], [ -45.896260399017343, -23.751688695751341 ], [ -45.896446316098235, -23.751743992003217 ], [ -45.896623803163244, -23.751821216701568 ], [ -45.896801290432023, -23.751898441188963 ], [ -45.896978777904572, -23.751975665465416 ], [ -45.89715626558089, -23.752052889530908 ], [ -45.897333753460984, -23.752130113385455 ], [ -45.897488369662973, -23.752235096025881 ], [ -45.897617024336604, -23.752371587648735 ], [ -45.897745679279772, -23.752508079153991 ], [ -45.897874334492485, -23.752644570541644 ], [ -45.898002989974735, -23.752781061811707 ] ] } },
{ "type": "Feature", "properties": { "regiao": 4, "rodovia": "SP 055", "ra_geo": 1.0, "ra_hid": 1.0, "ra": 1, "km": 197.78, "fonte": "tabela", "fonte_geo": "figura", "fonte_hid": "tabela" }, "geometry": { "type": "LineString", "coordinates": [ [ -45.898131645726522, -23.752917552964149 ], [ -45.898236738199394, -23.753068814146236 ], [ -45.898327580555247, -23.753229007687057 ], [ -45.898418423138516, -23.753389201164467 ], [ -45.898509265949215, -23.753549394578481 ], [ -45.898600108987338, -23.753709587929094 ], [ -45.898690952252885, -23.753869781216302 ], [ -45.898781795745869, -23.754029974440098 ], [ -45.898872639466283, -23.754190167600495 ], [ -45.898963483414128, -23.754350360697476 ], [ -45.899054327589418, -23.754510553731055 ], [ -45.899145171992153, -23.754670746701226 ], [ -45.899237994855476, -23.754829650526389 ] ] } },
{ "type": "Feature", "properties": { "regiao": 4, "rodovia": "SP 055", "ra_geo": 1.0, "ra_hid": 1.0, "ra": 1, "km": 200.46, "fonte": "tabela", "fonte_geo": "figura", "fonte_hid": "tabela" }, "geometry": { "type": "LineString", "coordinates": [ [ -45.899371960608867, -23.754961744362035 ], [ -45.89950592663326, -23.75509383807108 ], [ -45.899639892928661, -23.755225931653584 ], [ -45.899773859495077, -23.755358025109508 ], [ -45.899907826332502, -23.755490118438875 ], [ -45.900062418629716, -23.75559608416609 ], [ -45.900240297565034, -23.755672551049951 ], [ -45.90041817670248, -23.755749017721985 ], [ -45.900596056042055, -23.755825484182161 ], [ -45.900773935583743, -23.755901950430498 ], [ -45.900951815327559, -23.755978416466995 ], [ -45.901129695273504, -23.75605488229164 ], [ -45.901307575421569, -23.756131347904446 ], [ -45.901485455771748, -23.756207813305391 ], [ -45.901663336324049, -23.75628427849448 ], [ -45.90184121707847, -23.756360743471717 ], [ -45.902020403560208, -23.756434437630595 ], [ -45.902202610643336, -23.756501721602469 ], [ -45.902384817907361, -23.756569005353185 ], [ -45.902567025352262, -23.756636288882746 ], [ -45.902749232978053, -23.756703572191139 ], [ -45.902931440784734, -23.756770855278386 ], [ -45.90311364877229, -23.756838138144452 ], [ -45.903295856940744, -23.756905420789369 ], [ -45.903478065290074, -23.756972703213108 ], [ -45.903660273820279, -23.757039985415684 ], [ -45.903842482531367, -23.757107267397078 ], [ -45.904024691423338, -23.757174549157309 ], [ -45.904206900496185, -23.757241830696358 ], [ -45.9043891097499, -23.757309112014234 ], [ -45.904571319184498, -23.757376393110917 ], [ -45.904753528799972, -23.757443673986437 ], [ -45.904935738596315, -23.757510954640757 ], [ -45.905117948573533, -23.757578235073908 ], [ -45.90530015873162, -23.757645515285862 ], [ -45.905482369070576, -23.757712795276628 ], [ -45.905664579590407, -23.757780075046199 ], [ -45.9058467902911, -23.757847354594571 ], [ -45.906029001172655, -23.757914633921764 ], [ -45.906211212235078, -23.757981913027745 ], [ -45.90639342347837, -23.75804919191253 ], [ -45.906575634902516, -23.758116470576113 ], [ -45.906757846507531, -23.758183749018496 ], [ -45.906940058293401, -23.758251027239663 ], [ -45.907122270260139, -23.758318305239627 ], [ -45.907304482407731, -23.758385583018377 ], [ -45.907486694736185, -23.758452860575925 ], [ -45.907668907245487, -23.758520137912246 ], [ -45.90785111993565, -23.75858741502736 ], [ -45.908033332806653, -23.758654691921247 ], [ -45.908215545858525, -23.758721968593928 ], [ -45.908397759091244, -23.758789245045374 ], [ -45.90857997250481, -23.758856521275607 ], [ -45.908762186099224, -23.758923797284602 ], [ -45.908944399874493, -23.758991073072377 ], [ -45.909126613830601, -23.759058348638909 ], [ -45.909308827967557, -23.759125623984222 ], [ -45.909491042285367, -23.759192899108299 ], [ -45.909673256784018, -23.759260174011136 ], [ -45.909855471463509, -23.759327448692726 ], [ -45.910037686323832, -23.759394723153093 ], [ -45.910219901365004, -23.759461997392204 ], [ -45.910402116587015, -23.759529271410081 ], [ -45.91058433198986, -23.759596545206705 ], [ -45.910766547573544, -23.75966381878208 ], [ -45.91094876333807, -23.75973109213621 ], [ -45.911130979283421, -23.759798365269077 ], [ -45.911313195409612, -23.759865638180695 ], [ -45.911495411716629, -23.759932910871051 ], [ -45.91167762820448, -23.760000183340161 ], [ -45.911859844873163, -23.760067455587993 ], [ -45.912042061722673, -23.760134727614577 ], [ -45.912224278753008, -23.760201999419888 ], [ -45.912406495964177, -23.760269271003938 ], [ -45.912588713356165, -23.760336542366716 ], [ -45.912770930928978, -23.760403813508216 ], [ -45.912953148682618, -23.760471084428445 ], [ -45.91313536661707, -23.760538355127419 ], [ -45.913317584732354, -23.760605625605088 ], [ -45.913499803028458, -23.760672895861493 ], [ -45.913682021505373, -23.760740165896614 ], [ -45.913864240163107, -23.760807435710454 ], [ -45.914046459001661, -23.760874705303003 ], [ -45.914228678021033, -23.760941974674274 ], [ -45.914410897221217, -23.761009243824248 ], [ -45.914593116602205, -23.761076512752929 ], [ -45.914775336164013, -23.761143781460333 ], [ -45.914957555906632, -23.761211049946418 ], [ -45.915139775830063, -23.761278318211222 ], [ -45.915321995934292, -23.761345586254716 ], [ -45.91550421621934, -23.761412854076916 ], [ -45.915686436685185, -23.76148012167781 ], [ -45.915868657331835, -23.761547389057398 ], [ -45.916050878159297, -23.761614656215677 ], [ -45.916233099167556, -23.761681923152658 ], [ -45.916415320356613, -23.761749189868311 ], [ -45.916597541726482, -23.761816456362663 ], [ -45.916779763277141, -23.761883722635691 ], [ -45.916961985008598, -23.761950988687406 ], [ -45.917144206920852, -23.762018254517798 ], [ -45.917326429013912, -23.76208552012687 ], [ -45.917508651287761, -23.762152785514619 ], [ -45.917690873742394, -23.762220050681037 ], [ -45.917873096377832, -23.762287315626136 ], [ -45.918055319194053, -23.7623545803499 ], [ -45.918237542191072, -23.762421844852334 ], [ -45.918419765368874, -23.76248910913344 ], [ -45.918601988727474, -23.762556373193192 ], [ -45.91878421226685, -23.762623637031627 ], [ -45.918966435987016, -23.762690900648707 ], [ -45.919148659887966, -23.762758164044456 ], [ -45.919330883969693, -23.76282542721885 ], [ -45.919513108232209, -23.76289269017191 ], [ -45.919695332675509, -23.762959952903621 ], [ -45.919877557299586, -23.763027215413967 ], [ -45.920059782104438, -23.763094477702978 ], [ -45.920242007090074, -23.763161739770624 ], [ -45.920424232256487, -23.763229001616921 ], [ -45.920606457603668, -23.763296263241852 ], [ -45.920788683131626, -23.763363524645428 ], [ -45.92097090884036, -23.763430785827641 ], [ -45.921153134729863, -23.763498046788488 ], [ -45.921335360800143, -23.763565307527969 ], [ -45.921517587051184, -23.763632568046084 ], [ -45.921699813482995, -23.763699828342823 ], [ -45.921882040095582, -23.763767088418202 ], [ -45.922064266888931, -23.763834348272194 ], [ -45.922246493863042, -23.763901607904817 ], [ -45.922428721017916, -23.763968867316052 ], [ -45.922610948353558, -23.764036126505921 ], [ -45.922793175869963, -23.764103385474392 ], [ -45.922975403567122, -23.764170644221494 ], [ -45.923157631445044, -23.764237902747197 ], [ -45.923339859503727, -23.764305161051517 ], [ -45.923522087743166, -23.764372419134446 ], [ -45.923704316163366, -23.764439676995988 ], [ -45.923886544764308, -23.76450693463612 ], [ -45.924068773546018, -23.764574192054862 ], [ -45.92425100250847, -23.764641449252206 ], [ -45.924433231651676, -23.764708706228159 ], [ -45.924615460975637, -23.764775962982704 ], [ -45.924797690480339, -23.764843219515836 ], [ -45.924979920165796, -23.76491047582757 ], [ -45.925162150032001, -23.764977731917892 ], [ -45.925344380078954, -23.765044987786805 ], [ -45.92552661030664, -23.765112243434295 ], [ -45.925708840715082, -23.765179498860384 ], [ -45.925891071304264, -23.765246754065046 ], [ -45.926073302074187, -23.7653140090483 ], [ -45.926255533024843, -23.76538126381012 ], [ -45.926437764156248, -23.765448518350521 ], [ -45.926619995468386, -23.765515772669499 ], [ -45.926802226961257, -23.76558302676705 ], [ -45.92698445863487, -23.765650280643168 ], [ -45.927166690489216, -23.765717534297867 ], [ -45.927348922524295, -23.765784787731118 ], [ -45.927531154740109, -23.765852040942946 ], [ -45.927713387136649, -23.765919293933319 ], [ -45.927895619713922, -23.765986546702269 ], [ -45.928077852471922, -23.766053799249772 ], [ -45.928260085410656, -23.766121051575837 ], [ -45.928442318530109, -23.766188303680448 ], [ -45.928624551830296, -23.766255555563614 ], [ -45.928806785311195, -23.766322807225329 ], [ -45.928989018972828, -23.766390058665596 ], [ -45.929171252815181, -23.766457309884423 ], [ -45.929353486838245, -23.766524560881773 ], [ -45.929535721042036, -23.766591811657676 ], [ -45.929717955426554, -23.766659062212117 ], [ -45.929900189991784, -23.766726312545092 ], [ -45.930082424737719, -23.766793562656609 ], [ -45.930264659664381, -23.76686081254666 ], [ -45.930446894771755, -23.766928062215239 ], [ -45.930629130059849, -23.766995311662352 ], [ -45.930811365528641, -23.767062560887993 ], [ -45.930993601178145, -23.767129809892165 ], [ -45.931175837008368, -23.767197058674846 ], [ -45.931358073019297, -23.767264307236072 ], [ -45.931540309210931, -23.767331555575794 ], [ -45.931722545583277, -23.76739880369405 ], [ -45.931904782136314, -23.767466051590823 ], [ -45.932087018870064, -23.767533299266102 ], [ -45.932269255784519, -23.767600546719898 ], [ -45.932451492879672, -23.767667793952203 ], [ -45.93263373015553, -23.767735040963011 ], [ -45.932815967612086, -23.767802287752328 ], [ -45.932998205249334, -23.767869534320148 ], [ -45.933180443067279, -23.767936780666478 ], [ -45.93336268106593, -23.768004026791299 ], [ -45.933544919245264, -23.76807127269462 ], [ -45.933727157605304, -23.768138518376436 ], [ -45.933909396146028, -23.768205763836754 ], [ -45.93409163486745, -23.768273009075561 ], [ -45.934273873769548, -23.768340254092845 ], [ -45.934456112852352, -23.768407498888632 ], [ -45.934638352115833, -23.768474743462892 ], [ -45.934820591560005, -23.768541987815645 ], [ -45.93500283118486, -23.768609231946876 ], [ -45.935185070990407, -23.768676475856598 ], [ -45.935367308286452, -23.768743725719858 ], [ -45.935549544621679, -23.768810977981893 ], [ -45.935731781137605, -23.768878230022409 ], [ -45.935914017834229, -23.76894548184141 ], [ -45.936096254711558, -23.769012733438881 ], [ -45.936278491769578, -23.769079984814827 ], [ -45.936460729008303, -23.769147235969257 ], [ -45.936642966427726, -23.769214486902143 ], [ -45.936825204027848, -23.769281737613518 ], [ -45.937007441808653, -23.769348988103346 ], [ -45.937189679770157, -23.769416238371644 ], [ -45.937371917912351, -23.769483488418402 ], [ -45.937554156235244, -23.769550738243623 ], [ -45.937736394738813, -23.769617987847305 ], [ -45.937918633423081, -23.769685237229446 ], [ -45.938100872288032, -23.76975248639004 ], [ -45.938283111333675, -23.76981973532909 ], [ -45.938465350560001, -23.769886984046586 ], [ -45.938647589967012, -23.769954232542538 ], [ -45.938829829554699, -23.770021480816929 ], [ -45.939012069323077, -23.770088728869776 ], [ -45.939194309272132, -23.770155976701062 ], [ -45.939376549401864, -23.770223224310783 ], [ -45.939558789712279, -23.770290471698953 ], [ -45.939741030203365, -23.770357718865554 ], [ -45.939923270875141, -23.770424965810598 ], [ -45.94010551172758, -23.770492212534055 ], [ -45.940287752760696, -23.770559459035969 ], [ -45.940469993974482, -23.770626705316296 ], [ -45.940652235368944, -23.770693951375055 ], [ -45.940834476944076, -23.770761197212238 ], [ -45.941016718699871, -23.770828442827849 ], [ -45.941198960636342, -23.770895688221866 ], [ -45.941381202753476, -23.770962933394312 ], [ -45.94156344505128, -23.771030178345189 ], [ -45.941745687529746, -23.771097423074458 ], [ -45.941927930188875, -23.771164667582152 ], [ -45.942110173028674, -23.771231911868252 ], [ -45.942292416049121, -23.77129915593277 ], [ -45.942474659250237, -23.771366399775673 ], [ -45.942656902632017, -23.771433643397003 ], [ -45.942839146194444, -23.771500886796726 ], [ -45.943021389937535, -23.771568129974849 ], [ -45.94320363386128, -23.771635372931375 ], [ -45.943385877965675, -23.7717026156663 ], [ -45.943568122250731, -23.77176985817961 ], [ -45.943750366716429, -23.771837100471327 ], [ -45.94393261136279, -23.771904342541415 ], [ -45.944114856189799, -23.771971584389902 ], [ -45.944297101197456, -23.772038826016782 ], [ -45.944479346385755, -23.772106067422037 ], [ -45.944661591754702, -23.772173308605687 ], [ -45.944843837304305, -23.772240549567698 ], [ -45.945026083034541, -23.772307790308098 ], [ -45.945208328945419, -23.772375030826876 ], [ -45.945390575036946, -23.772442271124028 ], [ -45.945572821309113, -23.772509511199544 ], [ -45.945755067761922, -23.772576751053446 ], [ -45.945937314395366, -23.772643990685697 ], [ -45.94611956120945, -23.772711230096334 ], [ -45.946301808204161, -23.772778469285321 ], [ -45.946484055379521, -23.772845708252675 ], [ -45.946666302735508, -23.772912946998396 ] ] } },
{ "type": "Feature", "properties": { "regiao": 4, "rodovia": "SP 055", "ra_geo": 1.0, "ra_hid": 1.0, "ra": 1, "km": 203.29, "fonte": "tabela", "fonte_geo": "figura", "fonte_hid": "tabela" }, "geometry": { "type": "LineString", "coordinates": [ [ -45.946848550272129, -23.77298018552246 ], [ -45.947039555889575, -23.773021749160876 ], [ -45.947230860847576, -23.773062435339355 ], [ -45.947422165916187, -23.773103121276812 ], [ -45.947613471095416, -23.773143806973255 ], [ -45.947804776385254, -23.773184492428669 ], [ -45.947996081785696, -23.773225177643059 ], [ -45.948191505322576, -23.773242599280085 ], [ -45.94838695029803, -23.773259899799466 ], [ -45.948582395315988, -23.773277200069774 ], [ -45.948777840376444, -23.773294500090998 ], [ -45.948973285479404, -23.773311799863141 ], [ -45.949168730624855, -23.773329099386189 ], [ -45.949364175812796, -23.773346398660166 ], [ -45.949559621043228, -23.773363697685046 ], [ -45.949755066316143, -23.773380996460855 ], [ -45.949950511631549, -23.773398294987576 ], [ -45.950145956989431, -23.773415593265202 ], [ -45.950341402389803, -23.773432891293744 ], [ -45.950536847832637, -23.773450189073206 ], [ -45.950732293317948, -23.773467486603575 ], [ -45.950927738845742, -23.773484783884854 ], [ -45.951123184415998, -23.773502080917034 ], [ -45.951318630028716, -23.773519377700133 ], [ -45.951514075683903, -23.773536674234148 ], [ -45.951709521381552, -23.773553970519067 ], [ -45.951904967121656, -23.773571266554896 ], [ -45.952100412904223, -23.773588562341633 ] ] } },
{ "type": "Feature", "properties": { "regiao": 4, "rodovia": "SP 055", "ra_geo": 1.0, "ra_hid": 1.0, "ra": 1, "km": 203.68, "fonte": "tabela", "fonte_geo": "figura", "fonte_hid": "tabela" }, "geometry": { "type": "LineString", "coordinates": [ [ -45.952295858729236, -23.773605857879279 ], [ -45.952491508713116, -23.773620926271185 ], [ -45.952687340886065, -23.773634007100949 ], [ -45.952883173088871, -23.773647087681056 ], [ -45.95307900532152, -23.773660168011496 ], [ -45.953274837584026, -23.773673248092297 ], [ -45.953470669876367, -23.773686327923421 ], [ -45.953666502198551, -23.773699407504896 ], [ -45.953862552462155, -23.773708246506988 ], [ -45.954058851985558, -23.773712235117262 ], [ -45.954254784676543, -23.773720347367686 ], [ -45.954449175426582, -23.773745794039112 ] ] } },
{ "type": "Feature", "properties": { "regiao": 4, "rodovia": "SP 055", "ra_geo": 2.0, "ra_hid": 1.0, "ra": 2, "km": 203.98, "fonte": "tabela", "fonte_geo": "figura", "fonte_hid": "tabela" }, "geometry": { "type": "LineString", "coordinates": [ [ -45.954643953344394, -23.773762139822242 ], [ -45.954839910735238, -23.77375075622767 ], [ -45.955035868082604, -23.773739372385467 ], [ -45.95523182538647, -23.773727988295654 ], [ -45.955427266039528, -23.773730912989503 ], [ -45.95562197000023, -23.773754243225202 ], [ -45.955816674021264, -23.773777573213078 ], [ -45.956011378102637, -23.773800902953109 ], [ -45.956206082244336, -23.773824232445332 ], [ -45.956400786446366, -23.773847561689717 ], [ -45.956595490708715, -23.773870890686265 ], [ -45.956790195031395, -23.773894219434993 ], [ -45.956984899414387, -23.773917547935888 ], [ -45.957179603857703, -23.773940876188941 ], [ -45.957374308361324, -23.773964204194165 ], [ -45.957569012925262, -23.773987531951558 ], [ -45.957763717549511, -23.774010859461107 ], [ -45.957958422234071, -23.77403418672283 ] ] } },
{ "type": "Feature", "properties": { "regiao": 4, "rodovia": "SP 055", "ra_geo": 1.0, "ra_hid": 1.0, "ra": 1, "km": 206.86, "fonte": "tabela", "fonte_geo": "figura", "fonte_hid": "tabela" }, "geometry": { "type": "LineString", "coordinates": [ [ -45.958153126978928, -23.774057513736718 ], [ -45.958347831784096, -23.774080840502759 ], [ -45.958542536649553, -23.774104167020973 ], [ -45.958737241575314, -23.774127493291342 ], [ -45.958931946561371, -23.774150819313878 ], [ -45.959126651607711, -23.774174145088551 ], [ -45.959321356714348, -23.774197470615405 ], [ -45.959516061881274, -23.774220795894415 ], [ -45.959710767108483, -23.774244120925566 ], [ -45.959905472395974, -23.774267445708894 ], [ -45.960084670240413, -23.774340284038782 ], [ -45.960262994745925, -23.774415911258853 ], [ -45.96044131945154, -23.774491538265583 ], [ -45.960619644357244, -23.774567165058979 ], [ -45.960797969463037, -23.774642791639028 ], [ -45.960976294768919, -23.77471841800573 ], [ -45.96115462027489, -23.774794044159091 ], [ -45.961332945980949, -23.774869670099097 ], [ -45.961511271887105, -23.774945295825756 ], [ -45.961689597993335, -23.77502092133906 ], [ -45.961867924299654, -23.775096546639023 ], [ -45.962046250806054, -23.775172171725622 ], [ -45.962224577512551, -23.775247796598855 ], [ -45.962402904419122, -23.775323421258726 ], [ -45.962581231525782, -23.775399045705235 ], [ -45.962746976211307, -23.775495059524459 ], [ -45.962908897341286, -23.775597269459819 ], [ -45.963070818720972, -23.775699479215849 ], [ -45.963232740350364, -23.775801688792548 ], [ -45.963394662229462, -23.775903898189899 ], [ -45.963556584358265, -23.776006107407934 ], [ -45.963718506736775, -23.776108316446617 ], [ -45.963880429364998, -23.776210525305959 ], [ -45.964042352242934, -23.776312733985947 ], [ -45.96420427537057, -23.7764149424866 ], [ -45.964366198747925, -23.776517150807887 ], [ -45.964528122374986, -23.776619358949834 ], [ -45.964690046251761, -23.776721566912414 ], [ -45.964851970378241, -23.776823774695647 ], [ -45.965013894754449, -23.776925982299513 ], [ -45.965175819380356, -23.777028189724021 ], [ -45.965337744255983, -23.777130396969163 ], [ -45.965505745202769, -23.777222167027318 ], [ -45.965687909979749, -23.777289606692996 ], [ -45.965870074937754, -23.777357046137055 ], [ -45.966053954495408, -23.777420344789736 ], [ -45.966238693381271, -23.777481568220075 ], [ -45.966423432432791, -23.777542791423269 ], [ -45.966608171649952, -23.777604014399294 ], [ -45.966792911032755, -23.77766523714817 ], [ -45.966977650581207, -23.777726459669893 ], [ -45.967165229338157, -23.777778639813814 ], [ -45.967356980390605, -23.777817531646971 ], [ -45.967550789259477, -23.777836337937956 ], [ -45.967747060056759, -23.777831113220081 ], [ -45.967943330828803, -23.777825888253179 ], [ -45.968136925215042, -23.777801471111253 ], [ -45.96832826922649, -23.777760917255321 ], [ -45.968519613110622, -23.777720363165869 ], [ -45.96871095686744, -23.777679808842905 ], [ -45.968902300496943, -23.777639254286424 ], [ -45.969093643999123, -23.777598699496441 ], [ -45.969284987373989, -23.777558144472941 ], [ -45.969476330621518, -23.77751758921594 ], [ -45.969667673741739, -23.777477033725432 ], [ -45.969859016734624, -23.777436478001409 ], [ -45.970050359600172, -23.777395922043887 ], [ -45.970241702338392, -23.777355365852859 ], [ -45.970433044949282, -23.77731480942834 ], [ -45.970624387432842, -23.777274252770301 ], [ -45.970815729789052, -23.777233695878785 ], [ -45.971007072017926, -23.777193138753756 ], [ -45.971198414119463, -23.777152581395246 ], [ -45.97138975609365, -23.777112023803227 ], [ -45.971581097940494, -23.777071465977727 ], [ -45.971772439659986, -23.777030907918736 ], [ -45.971963781252128, -23.776990349626239 ], [ -45.972155122716927, -23.776949791100265 ], [ -45.972346464054361, -23.776909232340802 ], [ -45.972537805264437, -23.776868673347852 ], [ -45.972729146347163, -23.776828114121415 ], [ -45.972920487302524, -23.776787554661496 ], [ -45.97311182813052, -23.776746994968097 ], [ -45.973303168831158, -23.776706435041216 ], [ -45.973494509404418, -23.776665874880862 ], [ -45.97368584985032, -23.776625314487017 ], [ -45.973877190168849, -23.776584753859705 ], [ -45.974068530359993, -23.776544192998916 ], [ -45.974259870423772, -23.776503631904653 ], [ -45.974451210360172, -23.776463070576909 ], [ -45.974642550169193, -23.77642250901571 ], [ -45.974833889850835, -23.776381947221029 ], [ -45.975025229405091, -23.776341385192886 ], [ -45.975216568831954, -23.776300822931272 ], [ -45.975407908131437, -23.776260260436196 ], [ -45.975599247303535, -23.776219697707663 ], [ -45.975790586348232, -23.776179134745654 ], [ -45.975981925265529, -23.776138571550188 ], [ -45.97617326405544, -23.776098008121259 ], [ -45.976364602717958, -23.776057444458882 ], [ -45.976555941253068, -23.776016880563038 ], [ -45.976747279660778, -23.775976316433741 ], [ -45.97693861794108, -23.775935752070989 ], [ -45.977129956093975, -23.775895187474788 ], [ -45.97732129411947, -23.775854622645127 ], [ -45.97751263201755, -23.775814057582025 ], [ -45.977703969788209, -23.775773492285474 ], [ -45.97789530743146, -23.775732926755467 ], [ -45.978086644947297, -23.775692360992025 ], [ -45.978277982335712, -23.775651794995127 ], [ -45.978469319596705, -23.775611228764799 ], [ -45.978663434825243, -23.775585335296835 ], [ -45.978858404574083, -23.775563955305028 ], [ -45.979053374249759, -23.775542575069053 ], [ -45.979248343852269, -23.775521194588887 ], [ -45.979443411431426, -23.775500601486222 ], [ -45.97963858344167, -23.775480847579939 ], [ -45.979833755383495, -23.775461093428799 ], [ -45.980028927256882, -23.775441339032827 ], [ -45.980224099061836, -23.775421584392014 ], [ -45.980419270798357, -23.775401829506379 ], [ -45.980615139653629, -23.775408080100917 ], [ -45.980811132464794, -23.775418953515597 ], [ -45.98100712529893, -23.77542982668038 ], [ -45.981203118156017, -23.775440699595276 ], [ -45.981399111036069, -23.775451572260259 ], [ -45.981595103939078, -23.775462444675355 ], [ -45.981791096865038, -23.775473316840564 ], [ -45.981987089813948, -23.775484188755858 ], [ -45.982183082785816, -23.775495060421267 ], [ -45.982379075780621, -23.775505931836769 ], [ -45.982574070393909, -23.775526899856075 ], [ -45.982768976243186, -23.775548765846732 ], [ -45.982963882148212, -23.77557063158914 ], [ -45.983158788108994, -23.775592497083263 ], [ -45.983353694125519, -23.775614362329129 ], [ -45.983548600197778, -23.775636227326718 ], [ -45.98374350632578, -23.775658092076039 ], [ -45.983938412509524, -23.775679956577097 ], [ -45.984133318748995, -23.77570182082987 ], [ -45.984328225044202, -23.775723684834382 ], [ -45.984523131395136, -23.775745548590614 ], [ -45.984718037801805, -23.775767412098578 ], [ -45.984912944264188, -23.775789275358264 ], [ -45.985107850782299, -23.775811138369665 ], [ -45.985302757356131, -23.77583300113281 ], [ -45.985497663985676, -23.775854863647666 ], [ -45.985692570670935, -23.775876725914248 ], [ -45.985887477411907, -23.775898587932549 ], [ -45.986082384208586, -23.775920449702571 ], [ -45.986277291060972, -23.775942311224316 ], [ -45.986472197969064, -23.775964172497776 ], [ -45.986665652950798, -23.775993769177965 ], [ -45.986857234245313, -23.776033348461581 ], [ -45.987048815646986, -23.776072927503421 ], [ -45.987240397155801, -23.776112506303466 ], [ -45.987431978771781, -23.776152084861749 ], [ -45.987623560494917, -23.776191663178238 ], [ -45.987815142325189, -23.776231241252951 ], [ -45.988006724262618, -23.77627081908587 ], [ -45.98819830630719, -23.776310396677012 ], [ -45.988389888458897, -23.776349974026363 ], [ -45.988581470717754, -23.776389551133928 ], [ -45.988772043304316, -23.776433054666214 ], [ -45.988962578951067, -23.776476702064677 ], [ -45.989153114716395, -23.776520349223521 ], [ -45.989343650600276, -23.776563996142752 ], [ -45.989534186602725, -23.776607642822359 ], [ -45.989724722723743, -23.776651289262336 ], [ -45.989915258963315, -23.776694935462693 ], [ -45.99010579532144, -23.776738581423434 ], [ -45.990296331798127, -23.776782227144547 ], [ -45.990486868393361, -23.776825872626031 ], [ -45.990677405107149, -23.776869517867887 ], [ -45.990867941939491, -23.776913162870109 ], [ -45.991058478890373, -23.7769568076327 ], [ -45.991249015959802, -23.777000452155665 ], [ -45.991439553147778, -23.777044096438988 ], [ -45.991630090454294, -23.777087740482671 ], [ -45.991820627879349, -23.777131384286729 ], [ -45.992011165422937, -23.777175027851136 ], [ -45.992201703085065, -23.777218671175909 ], [ -45.992392240865719, -23.777262314261037 ], [ -45.992582778764913, -23.777305957106528 ], [ -45.992773316782632, -23.77734959971237 ], [ -45.992963854918877, -23.777393242078571 ], [ -45.993154393173647, -23.777436884205123 ], [ -45.993344931546943, -23.77748052609202 ], [ -45.993535470038758, -23.777524167739262 ], [ -45.993726008649091, -23.77756780914687 ], [ -45.993916547377943, -23.777611450314819 ], [ -45.994107086225306, -23.777655091243105 ], [ -45.994297625191187, -23.777698731931739 ], [ -45.99448816427558, -23.777742372380718 ], [ -45.994678703478478, -23.777786012590038 ], [ -45.994869242799879, -23.777829652559699 ], [ -45.995059782239792, -23.777873292289701 ], [ -45.99525032179821, -23.777916931780027 ], [ -45.995440861475124, -23.7779605710307 ], [ -45.995631401270529, -23.778004210041704 ], [ -45.995821941184438, -23.778047848813046 ], [ -45.996012481216844, -23.778091487344717 ], [ -45.996203021367741, -23.778135125636705 ], [ -45.996393561637127, -23.778178763689031 ], [ -45.996584102025004, -23.778222401501683 ], [ -45.996774642531371, -23.778266039074666 ], [ -45.99696518315622, -23.778309676407968 ], [ -45.997155723899546, -23.778353313501587 ], [ -45.997346264761362, -23.778396950355535 ], [ -45.997536805741653, -23.778440586969804 ], [ -45.997727346840414, -23.778484223344389 ], [ -45.997917888057657, -23.778527859479279 ], [ -45.998108429393369, -23.7785714953745 ], [ -45.99829897084755, -23.778615131030037 ], [ -45.9984895124202, -23.778658766445883 ], [ -45.998678042042442, -23.778708862363718 ], [ -45.998864773164037, -23.778764733485083 ], [ -45.999051504437226, -23.778820604374829 ], [ -45.99923823586203, -23.778876475032952 ], [ -45.999424967438443, -23.778932345459456 ], [ -45.999611699166451, -23.778988215654326 ], [ -45.999798431046074, -23.779044085617581 ], [ -45.999985163077291, -23.779099955349196 ], [ -46.000171895260102, -23.779155824849187 ], [ -46.000358627594522, -23.779211694117539 ], [ -46.000545360080537, -23.77926756315426 ], [ -46.000732092718145, -23.779323431959355 ], [ -46.000918825507341, -23.779379300532796 ], [ -46.001105558448138, -23.779435168874617 ], [ -46.001292291540523, -23.77949103698478 ], [ -46.001479024784494, -23.779546904863313 ], [ -46.001665758180053, -23.779602772510188 ], [ -46.001852491727199, -23.779658639925429 ], [ -46.002039225425918, -23.779714507109016 ], [ -46.002225959276231, -23.779770374060959 ], [ -46.002412693278124, -23.779826240781244 ], [ -46.002599427431591, -23.779882107269881 ], [ -46.002786161736637, -23.779937973526859 ], [ -46.002972896193263, -23.779993839552183 ], [ -46.003159630801456, -23.780049705345846 ], [ -46.003346365561228, -23.780105570907853 ], [ -46.003533100472559, -23.780161436238192 ], [ -46.00371983553547, -23.780217301336876 ], [ -46.003906570749947, -23.780273166203884 ], [ -46.00409330611599, -23.78032903083923 ], [ -46.004280041633599, -23.780384895242904 ], [ -46.004466777302767, -23.780440759414908 ], [ -46.0046535131235, -23.780496623355241 ], [ -46.004840249095793, -23.780552487063904 ], [ -46.005026985219637, -23.780608350540881 ], [ -46.005213721495039, -23.780664213786189 ], [ -46.005400457922008, -23.780720076799806 ], [ -46.005587194500521, -23.780775939581755 ], [ -46.005773931230586, -23.780831802132013 ], [ -46.005960668112202, -23.780887664450592 ], [ -46.006147405145363, -23.780943526537481 ], [ -46.006334142330076, -23.780999388392676 ], [ -46.006520879666333, -23.78105525001618 ], [ -46.006707617154127, -23.781111111408006 ], [ -46.006894354793474, -23.78116697256813 ], [ -46.007081092584357, -23.781222833496553 ], [ -46.007267830526771, -23.78127869419329 ], [ -46.00745456862073, -23.781334554658319 ], [ -46.007641306866226, -23.781390414891646 ], [ -46.007828045263253, -23.781446274893277 ], [ -46.008014783811809, -23.781502134663196 ], [ -46.008201522511904, -23.781557994201417 ], [ -46.008388261363528, -23.781613853507924 ], [ -46.008575000366669, -23.781669712582726 ], [ -46.008761739521347, -23.781725571425817 ], [ -46.008948478827548, -23.781781430037185 ], [ -46.009135218285266, -23.781837288416853 ], [ -46.009321957894507, -23.781893146564791 ], [ -46.009508697655271, -23.781949004481021 ], [ -46.009695437567551, -23.782004862165522 ], [ -46.009882177631347, -23.782060719618308 ], [ -46.010068917846652, -23.782116576839361 ], [ -46.010255658213481, -23.782172433828698 ] ] } },
{ "type": "Feature", "properties": { "regiao": 4, "rodovia": "SP 055", "ra_geo": 1.0, "ra_hid": 2.0, "ra": 2, "km": 210.41, "fonte": "tabela", "fonte_geo": "figura", "fonte_hid": "tabela" }, "geometry": { "type": "LineString", "coordinates": [ [ -46.010442398731811, -23.782228290586303 ], [ -46.010629139401665, -23.782284147112186 ], [ -46.010815880223014, -23.782340003406329 ], [ -46.011002621195878, -23.78239585946875 ], [ -46.011189362320238, -23.78245171529942 ], [ -46.011376103596113, -23.782507570898371 ], [ -46.011562845023484, -23.782563426265568 ], [ -46.011749586602356, -23.78261928140104 ], [ -46.01193632833273, -23.782675136304761 ], [ -46.012123070214592, -23.782730990976752 ], [ -46.012309812247956, -23.782786845416982 ], [ -46.012496554432815, -23.78284269962548 ], [ -46.012683296769168, -23.782898553602212 ], [ -46.01287003925701, -23.782954407347212 ], [ -46.013056781896331, -23.783010260860451 ], [ -46.013243524687148, -23.783066114141935 ], [ -46.013430267629452, -23.783121967191661 ], [ -46.013617010723245, -23.783177820009637 ], [ -46.01380375396851, -23.783233672595856 ], [ -46.013990497365263, -23.783289524950312 ], [ -46.014177240913497, -23.783345377072997 ], [ -46.014363984613198, -23.783401228963935 ], [ -46.014550728464386, -23.783457080623084 ], [ -46.014737472467047, -23.783512932050485 ], [ -46.014924216621182, -23.783568783246107 ], [ -46.015110960926783, -23.783624634209961 ], [ -46.015297705383851, -23.783680484942039 ], [ -46.0154844499924, -23.783736335442345 ], [ -46.015671194752407, -23.783792185710869 ], [ -46.015857939663881, -23.783848035747624 ], [ -46.016044684726815, -23.783903885552586 ], [ -46.016231429941222, -23.78395973512578 ], [ -46.016418175307074, -23.784015584467177 ], [ -46.016604920824399, -23.784071433576788 ], [ -46.01679166649317, -23.784127282454627 ], [ -46.016978412313399, -23.784183131100665 ], [ -46.017165158285088, -23.784238979514917 ], [ -46.017351904408223, -23.784294827697373 ], [ -46.017538650682809, -23.784350675648046 ], [ -46.017725397108848, -23.784406523366904 ], [ -46.017912143686331, -23.784462370853991 ], [ -46.01809889041526, -23.784518218109252 ], [ -46.018285637295627, -23.78457406513273 ], [ -46.018472384327445, -23.784629911924387 ], [ -46.018659131510702, -23.784685758484258 ], [ -46.018845878845397, -23.784741604812307 ], [ -46.019032626331537, -23.784797450908567 ], [ -46.019219373969108, -23.78485329677299 ], [ -46.019406121758117, -23.784909142405628 ], [ -46.019592869698549, -23.784964987806429 ], [ -46.019779617790427, -23.785020832975434 ], [ -46.019966366033721, -23.785076677912606 ], [ -46.020153114428453, -23.785132522617975 ], [ -46.020339862974602, -23.785188367091511 ], [ -46.020526611672182, -23.785244211333232 ], [ -46.020713360521185, -23.785300055343118 ], [ -46.020900109521605, -23.785355899121189 ], [ -46.021086858673449, -23.785411742667428 ], [ -46.021273607976717, -23.785467585981841 ], [ -46.021460357431394, -23.785523429064419 ], [ -46.021647107037488, -23.785579271915172 ], [ -46.021833856794998, -23.785635114534077 ], [ -46.022020606703919, -23.785690956921155 ], [ -46.022207356764255, -23.785746799076385 ], [ -46.022394106975995, -23.785802640999787 ], [ -46.022580857339143, -23.785858482691342 ], [ -46.022767607853694, -23.785914324151051 ], [ -46.022954358519648, -23.78597016537892 ], [ -46.023141109337011, -23.786026006374939 ], [ -46.023327860305777, -23.786081847139108 ], [ -46.023514611425931, -23.786137687671427 ], [ -46.023701362697487, -23.786193527971893 ], [ -46.023888114120446, -23.786249368040508 ], [ -46.024074865694793, -23.786305207877266 ], [ -46.024261617420535, -23.786361047482156 ], [ -46.024448369297673, -23.7864168868552 ], [ -46.024635121326192, -23.786472725996376 ], [ -46.024821873506099, -23.786528564905698 ], [ -46.025008625837394, -23.786584403583142 ], [ -46.025195378320078, -23.786640242028735 ], [ -46.025382130954142, -23.786696080242443 ], [ -46.025568883739595, -23.786751918224301 ], [ -46.025755636676415, -23.786807755974266 ], [ -46.025942389764623, -23.78686359349237 ], [ -46.026129143004205, -23.786919430778596 ], [ -46.026315896395161, -23.786975267832947 ] ] } },
{ "type": "Feature", "properties": { "regiao": 4, "rodovia": "SP 055", "ra_geo": 1.0, "ra_hid": 1.0, "ra": 1, "km": 211.33, "fonte": "tabela", "fonte_geo": "figura", "fonte_hid": "tabela" }, "geometry": { "type": "LineString", "coordinates": [ [ -46.026503585119663, -23.787027294992612 ], [ -46.026698287495691, -23.78705075072391 ], [ -46.026892989931802, -23.787074206207102 ], [ -46.02708769242799, -23.787097661442164 ], [ -46.027282394984248, -23.787121116429113 ], [ -46.027477097600581, -23.787144571167946 ], [ -46.027671800276977, -23.787168025658662 ], [ -46.027866503013449, -23.787191479901264 ] ] } },
{ "type": "Feature", "properties": { "regiao": 4, "rodovia": "SP 055", "ra_geo": 1.0, "ra_hid": 1.0, "ra": 1, "km": 212.27, "fonte": "tabela", "fonte_geo": "figura", "fonte_hid": "tabela" }, "geometry": { "type": "LineString", "coordinates": [ [ -46.027866503013449, -23.787191479901264 ], [ -46.028048293293047, -23.787261342763475 ], [ -46.028230083759816, -23.787331205404232 ], [ -46.028411874413763, -23.787401067823527 ], [ -46.028592619635582, -23.787473110298727 ], [ -46.028771228403173, -23.78754960780482 ], [ -46.028949837373261, -23.787626105096248 ], [ -46.029128446545869, -23.787702602172999 ], [ -46.029307055920981, -23.787779099035088 ], [ -46.029485665498605, -23.787855595682494 ], [ -46.029664275278741, -23.787932092115209 ], [ -46.029842885261374, -23.788008588333263 ], [ -46.030022172309458, -23.788083515138879 ], [ -46.030209172826481, -23.788140559694305 ], [ -46.030396173498538, -23.788197604017075 ], [ -46.030583174325635, -23.788254648107198 ], [ -46.030770175307758, -23.788311691964651 ], [ -46.030957176444915, -23.788368735589465 ], [ -46.031144177737104, -23.788425778981605 ], [ -46.03133117918432, -23.788482822141098 ], [ -46.03151818078657, -23.788539865067932 ], [ -46.031705182543845, -23.788596907762091 ], [ -46.03189218445614, -23.788653950223594 ], [ -46.032079186523461, -23.788710992452419 ], [ -46.032266188745794, -23.788768034448584 ], [ -46.032453191123153, -23.788825076212074 ], [ -46.032640193655531, -23.788882117742897 ], [ -46.032827196342929, -23.788939159041036 ], [ -46.033014199185338, -23.788996200106507 ], [ -46.033201202182759, -23.789053240939293 ], [ -46.0333882053352, -23.789110281539408 ], [ -46.033575208642638, -23.789167321906831 ], [ -46.033762212105088, -23.789224362041587 ], [ -46.033949215722551, -23.789281401943647 ], [ -46.034136219495011, -23.789338441613015 ], [ -46.034323223422483, -23.789395481049702 ], [ -46.034510227504953, -23.7894525202537 ], [ -46.034697231742427, -23.789509559224999 ], [ -46.034884236134893, -23.789566597963606 ], [ -46.035071240682363, -23.789623636469521 ], [ -46.035258245384824, -23.789680674742733 ], [ -46.035445250242276, -23.789737712783246 ], [ -46.035632255254733, -23.789794750591064 ], [ -46.035819260422173, -23.789851788166171 ], [ -46.036006265744604, -23.789908825508579 ], [ -46.036193271222025, -23.789965862618278 ], [ -46.03638027685443, -23.79002289949527 ], [ -46.036567282641819, -23.790079936139545 ], [ -46.036754288584191, -23.790136972551117 ], [ -46.036941294681547, -23.790194008729969 ], [ -46.037128300933887, -23.790251044676104 ], [ -46.037315307341196, -23.790308080389526 ], [ -46.037502313903481, -23.79036511587023 ], [ -46.03768932062075, -23.790422151118207 ], [ -46.037876327492988, -23.790479186133464 ], [ -46.038063334520203, -23.790536220915993 ], [ -46.038250341702387, -23.790593255465801 ], [ -46.038437349039533, -23.790650289782874 ], [ -46.038624356531656, -23.79070732386722 ], [ -46.038811364178734, -23.790764357718835 ], [ -46.038998371980782, -23.790821391337712 ], [ -46.039185379937791, -23.790878424723864 ], [ -46.039372388049763, -23.790935457877268 ], [ -46.039559396316697, -23.790992490797937 ], [ -46.039746404738587, -23.791049523485864 ], [ -46.039933413315431, -23.791106555941049 ], [ -46.040120422047231, -23.791163588163482 ], [ -46.040307430933979, -23.791220620153183 ], [ -46.040494439975689, -23.791277651910118 ], [ -46.04068144917234, -23.791334683434318 ], [ -46.040868458523946, -23.791391714725755 ], [ -46.041055468030493, -23.791448745784443 ], [ -46.041242477691988, -23.791505776610379 ], [ -46.041429487508424, -23.791562807203558 ], [ -46.041616497479808, -23.791619837563971 ], [ -46.041803507606133, -23.791676867691635 ], [ -46.041990517887392, -23.791733897586518 ], [ -46.042177528323585, -23.791790927248652 ], [ -46.042364538914718, -23.791847956678019 ], [ -46.042551549660786, -23.791904985874606 ], [ -46.042738560561787, -23.791962014838436 ], [ -46.042925571617715, -23.792019043569482 ], [ -46.043112582828577, -23.792076072067772 ], [ -46.043299594194366, -23.79213310033327 ], [ -46.043486605715081, -23.792190128365998 ], [ -46.043673617390709, -23.792247156165946 ], [ -46.043860629221278, -23.792304183733116 ], [ -46.04404764120676, -23.792361211067494 ] ] } },
{ "type": "Feature", "properties": { "regiao": 4, "rodovia": "SP 055", "ra_geo": 1.0, "ra_hid": 1.0, "ra": 1, "km": 213.24, "fonte": "tabela", "fonte_geo": "figura", "fonte_hid": "tabela" }, "geometry": { "type": "LineString", "coordinates": [ [ -46.044234653347161, -23.792418238169102 ], [ -46.044421665642489, -23.792475265037911 ], [ -46.044608678092722, -23.792532291673943 ], [ -46.044795690697875, -23.792589318077169 ], [ -46.04498270345794, -23.792646344247615 ], [ -46.045169716372918, -23.792703370185261 ], [ -46.045356729442815, -23.792760395890127 ], [ -46.045543742667604, -23.792817421362184 ] ] } },
{ "type": "Feature", "properties": { "regiao": 4, "rodovia": "SP 055", "ra_geo": 0.0, "ra_hid": 3.0, "ra": 3, "km": 213.62, "fonte": "tabela", "fonte_geo": "figura", "fonte_hid": "tabela" }, "geometry": { "type": "LineString", "coordinates": [ [ -46.045730756047313, -23.792874446601441 ], [ -46.045917769581919, -23.792931471607893 ], [ -46.046104783271439, -23.792988496381561 ], [ -46.046291797115856, -23.793045520922405 ], [ -46.046478811115172, -23.793102545230457 ], [ -46.046665825269393, -23.79315956930569 ], [ -46.046852839578506, -23.793216593148124 ], [ -46.047039854042517, -23.793273616757741 ], [ -46.047226868661426, -23.793330640134549 ], [ -46.047413883435226, -23.793387663278544 ], [ -46.04760089836391, -23.793444686189716 ], [ -46.047787913447493, -23.793501708868074 ], [ -46.04797492868596, -23.793558731313603 ], [ -46.048161944079318, -23.793615753526314 ], [ -46.048348959627553, -23.793672775506202 ], [ -46.048535975330672, -23.79372979725327 ], [ -46.048722991188683, -23.793786818767501 ], [ -46.048910007201563, -23.793843840048904 ], [ -46.049097023369335, -23.793900861097477 ], [ -46.049284039691969, -23.793957881913219 ], [ -46.049471056169494, -23.794014902496119 ], [ -46.049658072801883, -23.794071922846189 ], [ -46.049845089589148, -23.794128942963418 ], [ -46.050032106531276, -23.794185962847809 ], [ -46.050219123628281, -23.794242982499352 ], [ -46.050406140880149, -23.79430000191806 ], [ -46.050593158286887, -23.794357021103917 ], [ -46.050780175848487, -23.794414040056932 ], [ -46.050967193564958, -23.794471058777088 ], [ -46.051154211436284, -23.794528077264403 ] ] } },
{ "type": "Feature", "properties": { "regiao": 4, "rodovia": "SP 055", "ra_geo": 1.0, "ra_hid": 1.0, "ra": 1, "km": 214.01, "fonte": "tabela", "fonte_geo": "figura", "fonte_hid": "tabela" }, "geometry": { "type": "LineString", "coordinates": [ [ -46.051341229462466, -23.794585095518858 ], [ -46.05152824764351, -23.794642113540462 ], [ -46.051715265979411, -23.794699131329207 ], [ -46.051902284470167, -23.794756148885096 ], [ -46.052089303115771, -23.794813166208119 ], [ -46.052276321916231, -23.794870183298293 ], [ -46.052463340871547, -23.794927200155584 ], [ -46.052650359981705, -23.79498421678003 ], [ -46.052837379246711, -23.795041233171602 ] ] } },
{ "type": "Feature", "properties": { "regiao": 4, "rodovia": "SP 055", "ra_geo": 1.0, "ra_hid": 1.0, "ra": 1, "km": 214.38, "fonte": "tabela", "fonte_geo": "figura", "fonte_hid": "tabela" }, "geometry": { "type": "LineString", "coordinates": [ [ -46.053024398666558, -23.795098249330298 ], [ -46.053211418241261, -23.795155265256131 ], [ -46.053398437970792, -23.795212280949084 ], [ -46.053585457855171, -23.795269296409174 ], [ -46.053772477894391, -23.795326311636373 ], [ -46.053959498088446, -23.795383326630702 ], [ -46.054146518437342, -23.795440341392144 ], [ -46.054333538941066, -23.795497355920713 ], [ -46.054520559599624, -23.79555437021639 ], [ -46.054707580413016, -23.795611384279194 ], [ -46.054894601381228, -23.795668398109097 ], [ -46.055081622504282, -23.795725411706126 ], [ -46.055268643782156, -23.79578242507025 ], [ -46.055455665214851, -23.79583943820149 ], [ -46.055642686802372, -23.795896451099825 ], [ -46.055829708544714, -23.795953463765279 ], [ -46.056016730441883, -23.796010476197825 ], [ -46.056203752493865, -23.79606748839748 ], [ -46.056390774700667, -23.796124500364222 ], [ -46.056577797062275, -23.796181512098073 ], [ -46.05676481957871, -23.796238523599001 ], [ -46.056951842249944, -23.796295534867038 ], [ -46.057138865075999, -23.79635254590216 ], [ -46.057325888056859, -23.796409556704372 ], [ -46.057512911192525, -23.796466567273669 ], [ -46.057699934483004, -23.796523577610056 ], [ -46.057886957928282, -23.796580587713525 ], [ -46.058073981528359, -23.796637597584073 ] ] } },
{ "type": "Feature", "properties": { "regiao": 4, "rodovia": "SP 055", "ra_geo": 1.0, "ra_hid": 1.0, "ra": 1, "km": 215.33, "fonte": "tabela", "fonte_geo": "figura", "fonte_hid": "tabela" }, "geometry": { "type": "LineString", "coordinates": [ [ -46.058073981528359, -23.796637597584073 ], [ -46.058265712405039, -23.796678287367886 ], [ -46.058457443391724, -23.79671897690897 ], [ -46.058649174488409, -23.796759666207336 ], [ -46.058840905695092, -23.796800355262977 ], [ -46.059032637011768, -23.796841044075897 ], [ -46.05922436843845, -23.796881732646078 ], [ -46.059416099975124, -23.796922420973541 ], [ -46.059607831621776, -23.796963109058272 ], [ -46.059799563378427, -23.797003796900263 ], [ -46.059991295245069, -23.797044484499537 ], [ -46.06018302722169, -23.797085171856065 ], [ -46.060373630914263, -23.79712959266832 ], [ -46.060560665513798, -23.797185823326156 ], [ -46.060747700265864, -23.797242053751123 ], [ -46.06093473517047, -23.797298283943213 ], [ -46.061121770227608, -23.797354513902416 ], [ -46.061308805437271, -23.797410743628749 ], [ -46.061495840799466, -23.797466973122205 ], [ -46.061682876314187, -23.797523202382767 ], [ -46.061869911981432, -23.797579431410455 ], [ -46.062056947801196, -23.797635660205252 ], [ -46.062243983773485, -23.797691888767154 ], [ -46.062431019898298, -23.79774811709618 ], [ -46.062618056175623, -23.797804345192301 ], [ -46.062805092605473, -23.797860573055537 ], [ -46.062992129187833, -23.797916800685879 ], [ -46.063179165922698, -23.797973028083312 ], [ -46.063366202810087, -23.798029255247858 ], [ -46.063553239849981, -23.798085482179509 ], [ -46.063740277042385, -23.798141708878237 ], [ -46.063927314387293, -23.798197935344078 ], [ -46.064114351884712, -23.798254161577013 ], [ -46.064301389534634, -23.798310387577022 ], [ -46.064488427337054, -23.798366613344143 ], [ -46.064675465291977, -23.798422838878338 ], [ -46.064862503399404, -23.798479064179631 ], [ -46.06504954165932, -23.798535289248004 ], [ -46.065236580071733, -23.798591514083455 ], [ -46.06542361863665, -23.798647738685997 ], [ -46.06561065735405, -23.798703963055619 ], [ -46.065797696223939, -23.798760187192308 ], [ -46.065984735246325, -23.798816411096084 ], [ -46.0661717744212, -23.798872634766933 ], [ -46.066358813748558, -23.798928858204846 ], [ -46.066545853228398, -23.798985081409842 ], [ -46.066732892860728, -23.799041304381891 ], [ -46.066919932645533, -23.799097527121027 ], [ -46.06710697258282, -23.799153749627223 ], [ -46.067294012672576, -23.799209971900471 ], [ -46.067481052914822, -23.799266193940799 ], [ -46.067668093309543, -23.799322415748179 ], [ -46.067855133856732, -23.799378637322611 ], [ -46.068042174556396, -23.799434858664107 ], [ -46.068229215408522, -23.799491079772661 ], [ -46.068416256413123, -23.799547300648257 ], [ -46.068603297570192, -23.799603521290919 ], [ -46.06879033887973, -23.799659741700612 ], [ -46.068977380341721, -23.799715961877361 ], [ -46.069164421956181, -23.799772181821165 ], [ -46.069351463723102, -23.799828401532 ], [ -46.069538505642477, -23.799884621009891 ], [ -46.069725547714313, -23.799940840254816 ], [ -46.069912589938603, -23.799997059266772 ], [ -46.070099632315355, -23.800053278045777 ], [ -46.070286674844546, -23.800109496591816 ], [ -46.070473717526198, -23.800165714904885 ], [ -46.070660760360298, -23.800221932984986 ], [ -46.070847803346844, -23.800278150832121 ], [ -46.07103484648583, -23.800334368446272 ], [ -46.071221889777277, -23.800390585827465 ], [ -46.07140893322115, -23.800446802975674 ] ] } },
{ "type": "Feature", "properties": { "regiao": 4, "rodovia": "SP 055", "ra_geo": 0.0, "ra_hid": 1.0, "ra": 1, "km": 216.08, "fonte": "tabela", "fonte_geo": "figura", "fonte_hid": "tabela" }, "geometry": { "type": "LineString", "coordinates": [ [ -46.071595976817477, -23.800503019890911 ], [ -46.071783020566237, -23.800559236573164 ], [ -46.071970064467436, -23.800615453022441 ], [ -46.072157108521068, -23.800671669238731 ], [ -46.072344152727133, -23.800727885222042 ], [ -46.072531197085638, -23.800784100972365 ], [ -46.072718241596576, -23.800840316489701 ] ] } },
{ "type": "Feature", "properties": { "regiao": 4, "rodovia": "SP 055", "ra_geo": 0.0, "ra_hid": 4.0, "ra": 4, "km": 217.03, "fonte": "tabela", "fonte_geo": "figura", "fonte_hid": "tabela" }, "geometry": { "type": "LineString", "coordinates": [ [ -46.072905286259939, -23.800896531774043 ], [ -46.073092506105809, -23.800951898288481 ], [ -46.07328892894612, -23.800962649327939 ], [ -46.073484508536346, -23.800977669077209 ], [ -46.073672480274823, -23.801031202861711 ], [ -46.073860452158613, -23.801084736411251 ], [ -46.074048424187716, -23.801138269725822 ], [ -46.074236396362124, -23.80119180280543 ], [ -46.074424368681832, -23.801245335650073 ], [ -46.074612341146846, -23.801298868259732 ], [ -46.074791906112097, -23.801371457288628 ], [ -46.074967244153953, -23.801453627251814 ], [ -46.075142582410173, -23.801535797006895 ], [ -46.075317920880778, -23.80161796655387 ], [ -46.075503509335448, -23.801677412332666 ], [ -46.075690555171754, -23.801733627236874 ], [ -46.075877601160464, -23.801789841908075 ], [ -46.076064647301592, -23.801846056346246 ], [ -46.07625169359514, -23.801902270551412 ], [ -46.076438740041077, -23.801958484523542 ], [ -46.076625786639433, -23.802014698262663 ], [ -46.076812833390186, -23.802070911768752 ], [ -46.07699988029335, -23.80212712504181 ], [ -46.077186927348912, -23.802183338081857 ], [ -46.07737397455687, -23.802239550888856 ], [ -46.077561021917226, -23.802295763462833 ], [ -46.077748069429987, -23.802351975803774 ], [ -46.077935117095137, -23.802408187911691 ], [ -46.078122164912678, -23.802464399786558 ], [ -46.078309212882608, -23.802520611428395 ], [ -46.078496261004943, -23.802576822837185 ], [ -46.078683309279654, -23.802633034012935 ], [ -46.078870357706755, -23.802689244955641 ], [ -46.079057406286239, -23.80274545566531 ], [ -46.079244455018113, -23.802801666141917 ], [ -46.079431503902363, -23.802857876385477 ], [ -46.079618552938996, -23.80291408639599 ], [ -46.079805602128012, -23.802970296173445 ], [ -46.079992651469396, -23.80302650571786 ], [ -46.080179700963164, -23.803082715029209 ], [ -46.080366750609301, -23.803138924107497 ], [ -46.080553800407813, -23.803195132952727 ], [ -46.080740850358701, -23.803251341564909 ], [ -46.080927900461944, -23.803307549944005 ], [ -46.08111495071757, -23.803363758090054 ], [ -46.08130200112555, -23.803419966003023 ], [ -46.081489051685899, -23.803476173682927 ], [ -46.081676102398617, -23.803532381129763 ], [ -46.081863153263697, -23.803588588343519 ], [ -46.082050204281131, -23.803644795324217 ], [ -46.08223725545092, -23.803701002071826 ], [ -46.082424306773071, -23.803757208586365 ], [ -46.082611358247568, -23.803813414867811 ], [ -46.082798409874428, -23.803869620916196 ], [ -46.082985461653635, -23.803925826731483 ], [ -46.083172513585197, -23.803982032313691 ], [ -46.083359565669099, -23.804038237662812 ], [ -46.083546617905355, -23.804094442778837 ], [ -46.083733670293952, -23.804150647661785 ], [ -46.083919304209843, -23.804210690347542 ], [ -46.084104815495778, -23.804271065014348 ], [ -46.084290326944888, -23.804331439451342 ], [ -46.084475838557182, -23.804391813658512 ], [ -46.084661350332659, -23.804452187635864 ], [ -46.084846862271313, -23.804512561383397 ], [ -46.085032374373135, -23.80457293490111 ], [ -46.085217886638141, -23.804633308189 ], [ -46.085403399066323, -23.804693681247041 ], [ -46.085588911657666, -23.804754054075268 ], [ -46.085774424412186, -23.804814426673666 ], [ -46.085959937329882, -23.804874799042231 ], [ -46.08614545041074, -23.804935171180961 ], [ -46.08633096365476, -23.804995543089856 ], [ -46.086516477061956, -23.8050559147689 ], [ -46.086701990632307, -23.805116286218112 ], [ -46.086887504365826, -23.805176657437482 ], [ -46.087073018262501, -23.805237028427001 ], [ -46.087258532322338, -23.805297399186689 ], [ -46.087444046545336, -23.805357769716515 ], [ -46.087629560931489, -23.805418140016496 ], [ -46.08781507548079, -23.80547851008663 ], [ -46.088000590193253, -23.8055388799269 ], [ -46.088186105068864, -23.805599249537323 ], [ -46.08837162010763, -23.805659618917886 ], [ -46.088557135309536, -23.805719988068592 ], [ -46.088742650674604, -23.805780356989427 ], [ -46.088924118381193, -23.805848777735811 ], [ -46.08909424536575, -23.805939758008254 ], [ -46.089264372582058, -23.806030738083336 ], [ -46.089434500030109, -23.806121717961044 ], [ -46.089604627709903, -23.806212697641406 ], [ -46.089774755621448, -23.806303677124383 ], [ -46.089944883764744, -23.806394656409989 ] ] } },
{ "type": "Feature", "properties": { "regiao": 4, "rodovia": "SP 055", "ra_geo": 0.0, "ra_hid": 1.0, "ra": 1, "km": 218.02, "fonte": "tabela", "fonte_geo": "figura", "fonte_hid": "tabela" }, "geometry": { "type": "LineString", "coordinates": [ [ -46.090115012139776, -23.806485635498237 ], [ -46.090285140746559, -23.806576614389094 ], [ -46.090455269585085, -23.806667593082572 ], [ -46.090625398655369, -23.806758571578676 ], [ -46.090795527957383, -23.806849549877395 ], [ -46.090956375376166, -23.806953812838486 ], [ -46.091116964662163, -23.807058445432034 ], [ -46.09127755420198, -23.807163077847552 ], [ -46.091438143995596, -23.807267710085057 ], [ -46.091598734043018, -23.807372342144546 ] ] } },
{ "type": "Feature", "properties": { "regiao": 4, "rodovia": "SP 055", "ra_geo": 1.0, "ra_hid": 3.0, "ra": 3, "km": 218.4, "fonte": "tabela", "fonte_geo": "figura", "fonte_hid": "tabela" }, "geometry": { "type": "LineString", "coordinates": [ [ -46.09175932434426, -23.807476974026013 ], [ -46.0919199148993, -23.807581605729464 ], [ -46.092080505708161, -23.807686237254881 ], [ -46.092241096770834, -23.807790868602282 ], [ -46.092401688087314, -23.807895499771643 ], [ -46.092562279657606, -23.808000130762967 ], [ -46.092722871481726, -23.808104761576271 ], [ -46.092883463559644, -23.808209392211527 ], [ -46.09304405589139, -23.80831402266875 ], [ -46.093204648476949, -23.808418652947928 ], [ -46.09336524131632, -23.808523283049055 ], [ -46.093525834409519, -23.808627912972145 ], [ -46.093686427756531, -23.808732542717177 ], [ -46.093847021357355, -23.808837172284161 ], [ -46.094007615212007, -23.80894180167309 ], [ -46.094168209320486, -23.809046430883956 ], [ -46.094328803682778, -23.809151059916772 ], [ -46.094496907664556, -23.809244308713481 ], [ -46.094671893264682, -23.809327128911207 ], [ -46.094846879080521, -23.809409948901358 ], [ -46.095021865112074, -23.809492768683956 ], [ -46.095196851359333, -23.809575588258983 ], [ -46.095371837822306, -23.809658407626419 ], [ -46.095546824500992, -23.809741226786297 ], [ -46.095721811395393, -23.809824045738591 ], [ -46.0958967985055, -23.80990686448331 ], [ -46.09607178583132, -23.80998968302044 ], [ -46.096246773372847, -23.81007250135 ], [ -46.096427291190388, -23.810143263284711 ], [ -46.09661386161185, -23.810200829973226 ] ] } },
{ "type": "Feature", "properties": { "regiao": 4, "rodovia": "SP 055", "ra_geo": 1.0, "ra_hid": 1.0, "ra": 1, "km": 218.74, "fonte": "tabela", "fonte_geo": "figura", "fonte_hid": "tabela" }, "geometry": { "type": "LineString", "coordinates": [ [ -46.096800432189184, -23.81025839642956 ], [ -46.096987002922383, -23.810315962653704 ], [ -46.097173573811446, -23.810373528645663 ], [ -46.097360144856381, -23.810431094405423 ], [ -46.097546716057167, -23.810488659933004 ], [ -46.097733287413817, -23.810546225228382 ] ] } },
{ "type": "Feature", "properties": { "regiao": 4, "rodovia": "SP 055", "ra_geo": 1.0, "ra_hid": 1.0, "ra": 1, "km": 219.63, "fonte": "tabela", "fonte_geo": "figura", "fonte_hid": "tabela" }, "geometry": { "type": "LineString", "coordinates": [ [ -46.097919858926332, -23.810603790291566 ], [ -46.098106430594697, -23.810661355122544 ], [ -46.098293002418927, -23.810718919721332 ], [ -46.098479574399008, -23.810776484087917 ], [ -46.098666146534939, -23.810834048222297 ], [ -46.098852718826713, -23.810891612124468 ], [ -46.099039291274352, -23.81094917579443 ], [ -46.099225863877834, -23.811006739232187 ], [ -46.099412436637159, -23.811064302437732 ], [ -46.099599009552328, -23.811121865411071 ], [ -46.099785582623348, -23.811179428152187 ], [ -46.099972155850203, -23.811236990661094 ], [ -46.100158729232902, -23.81129455293777 ], [ -46.100345302771444, -23.811352114982235 ], [ -46.100531876465816, -23.811409676794476 ], [ -46.100718450316023, -23.811467238374505 ], [ -46.100905024322067, -23.811524799722292 ], [ -46.101091598483954, -23.811582360837853 ], [ -46.101278172801656, -23.811639921721191 ], [ -46.101464747275195, -23.811697482372299 ], [ -46.101651321904562, -23.811755042791177 ], [ -46.101837896689759, -23.811812602977813 ], [ -46.10202447163077, -23.81187016293222 ], [ -46.102211046727611, -23.811927722654378 ], [ -46.102397621980273, -23.811985282144303 ], [ -46.102584197388751, -23.812042841401986 ], [ -46.102770772953058, -23.812100400427429 ], [ -46.102957348673165, -23.81215795922062 ], [ -46.103143924549101, -23.812215517781574 ], [ -46.103330500580853, -23.812273076110269 ], [ -46.103517076768405, -23.81233063420671 ], [ -46.103703653111786, -23.812388192070902 ], [ -46.103890229610961, -23.812445749702853 ], [ -46.104076806265951, -23.812503307102535 ], [ -46.104263383076741, -23.812560864269958 ], [ -46.10444996004334, -23.812618421205123 ], [ -46.104636537165746, -23.812675977908025 ], [ -46.104823114443946, -23.812733534378676 ], [ -46.105009691877946, -23.812791090617051 ], [ -46.105196269467747, -23.812848646623156 ], [ -46.105382847213349, -23.812906202396995 ], [ -46.105569425114737, -23.812963757938558 ], [ -46.105756003171926, -23.813021313247852 ], [ -46.105942578806975, -23.813078875397565 ], [ -46.106129151324325, -23.813136446296102 ], [ -46.106315723997497, -23.81319401696236 ], [ -46.106502296826498, -23.813251587396362 ], [ -46.106688869811329, -23.813309157598077 ], [ -46.106875442951988, -23.813366727567541 ], [ -46.10706201624847, -23.813424297304735 ], [ -46.107248589700781, -23.813481866809635 ], [ -46.107435163308907, -23.813539436082269 ], [ -46.107621737072854, -23.813597005122617 ], [ -46.107808310992624, -23.813654573930702 ], [ -46.107994885068209, -23.813712142506482 ], [ -46.108181459299601, -23.81376971085 ], [ -46.108368033686816, -23.813827278961227 ], [ -46.108554608229845, -23.813884846840164 ], [ -46.108741182928682, -23.813942414486807 ], [ -46.108927757783327, -23.813999981901166 ], [ -46.10911433279378, -23.814057549083234 ], [ -46.109300907960041, -23.814115116032994 ], [ -46.109487483282102, -23.81417268275047 ], [ -46.109674058759978, -23.814230249235649 ], [ -46.109860634393641, -23.814287815488523 ], [ -46.110047210183112, -23.814345381509103 ], [ -46.110233786128383, -23.814402947297364 ], [ -46.110420362229441, -23.814460512853334 ], [ -46.110606938486299, -23.814518078176981 ], [ -46.110793514898951, -23.814575643268331 ], [ -46.110980091467397, -23.814633208127372 ], [ -46.111166668191629, -23.814690772754094 ], [ -46.111353245071662, -23.814748337148512 ], [ -46.111539822107467, -23.814805901310599 ], [ -46.111726399299073, -23.814863465240382 ], [ -46.111912976646451, -23.814921028937835 ], [ -46.112099554149616, -23.814978592402973 ], [ -46.112286131808567, -23.815036155635777 ], [ -46.11247270962329, -23.81509371863627 ], [ -46.112659288375362, -23.815151279259972 ], [ -46.112845870184806, -23.815208831689947 ], [ -46.113032452150001, -23.815266383887572 ], [ -46.113219034270934, -23.815323935852863 ], [ -46.113405616547624, -23.815381487585814 ], [ -46.113592198980051, -23.815439039086414 ], [ -46.113778781568222, -23.81549659035467 ], [ -46.113965364312129, -23.815554141390578 ] ] } },
{ "type": "Feature", "properties": { "regiao": 4, "rodovia": "SP 055", "ra_geo": 1.0, "ra_hid": 1.0, "ra": 1, "km": 221.92, "fonte": "tabela", "fonte_geo": "figura", "fonte_hid": "tabela" }, "geometry": { "type": "LineString", "coordinates": [ [ -46.113965364312129, -23.815554141390578 ], [ -46.114159186231724, -23.815584403855986 ], [ -46.1143530082308, -23.815614666074264 ], [ -46.11454683030933, -23.815644928045426 ], [ -46.114740652467333, -23.815675189769461 ], [ -46.114934474704789, -23.815705451246366 ], [ -46.115127884001126, -23.815737423217477 ], [ -46.115317405729151, -23.815785497793154 ], [ -46.115506927587319, -23.815833572130369 ], [ -46.11569644957563, -23.815881646229101 ], [ -46.115885971694077, -23.815929720089372 ], [ -46.116074808916949, -23.81597976864273 ], [ -46.116259566545445, -23.816041578883421 ], [ -46.116444324340492, -23.816103388895691 ], [ -46.116629082302069, -23.816165198679542 ], [ -46.11681384043019, -23.816227008234954 ], [ -46.116991413699651, -23.816303655068563 ], [ -46.117164925024241, -23.816388690286558 ], [ -46.117338436568787, -23.816473725299897 ], [ -46.117511948333288, -23.816558760108606 ], [ -46.117685460317738, -23.816643794712647 ], [ -46.117858972522136, -23.816728829112058 ], [ -46.118034644783421, -23.816809246909095 ], [ -46.118221043880652, -23.816866737523384 ], [ -46.118407443133286, -23.816924227905741 ], [ -46.118593842541316, -23.816981718056176 ], [ -46.118780242104741, -23.817039207974684 ], [ -46.118966641823562, -23.817096697661256 ], [ -46.119153041697778, -23.817154187115896 ], [ -46.119339441727391, -23.817211676338609 ], [ -46.119525841912385, -23.817269165329382 ], [ -46.119712242252767, -23.817326654088212 ], [ -46.119898642748538, -23.817384142615115 ], [ -46.120085043399691, -23.817441630910071 ], [ -46.120271444206232, -23.817499118973078 ], [ -46.120457845168154, -23.81755660680415 ], [ -46.120644246285451, -23.817614094403268 ], [ -46.120830647558137, -23.817671581770441 ], [ -46.121017048986189, -23.81772906890566 ], [ -46.121203450569624, -23.817786555808933 ], [ -46.121389852308432, -23.81784404248025 ], [ -46.121576254202608, -23.817901528919609 ], [ -46.121762656252166, -23.817959015127009 ], [ -46.121949058457083, -23.818016501102459 ], [ -46.122135460817375, -23.818073986845945 ], [ -46.122321863333028, -23.818131472357457 ], [ -46.122508266004047, -23.818188957637016 ], [ -46.122694668830441, -23.8182464426846 ], [ -46.122881071812181, -23.818303927500217 ], [ -46.123067474949288, -23.81836141208387 ], [ -46.123253878241748, -23.818418896435549 ], [ -46.123440281689575, -23.818476380555254 ], [ -46.123626685292749, -23.81853386444298 ], [ -46.123813089051282, -23.818591348098742 ], [ -46.123999492965169, -23.818648831522506 ], [ -46.124185897034401, -23.818706314714301 ], [ -46.124372301258987, -23.818763797674112 ], [ -46.124558705638918, -23.818821280401934 ], [ -46.124745110174196, -23.818878762897775 ], [ -46.124931514864819, -23.818936245161623 ], [ -46.125117919710789, -23.81899372719348 ], [ -46.125304324712097, -23.819051208993354 ], [ -46.125490729868744, -23.819108690561229 ], [ -46.12567713518073, -23.819166171897102 ], [ -46.125863540648055, -23.819223653000986 ], [ -46.126049946270712, -23.819281133872867 ], [ -46.126236352048707, -23.819338614512755 ], [ -46.126422757982027, -23.819396094920638 ], [ -46.126609164070679, -23.819453575096507 ], [ -46.12679557031467, -23.819511055040376 ], [ -46.126981976713985, -23.819568534752239 ], [ -46.127168383268625, -23.819626014232089 ], [ -46.127354789978583, -23.819683493479928 ], [ -46.127541196843872, -23.819740972495758 ], [ -46.127727603864486, -23.819798451279567 ], [ -46.12791401104041, -23.819855929831366 ], [ -46.128100418371652, -23.819913408151137 ], [ -46.128285803650321, -23.819973034086978 ], [ -46.128458147911928, -23.820060061802238 ], [ -46.128630492397448, -23.820147089315178 ], [ -46.128802837106875, -23.820234116625794 ], [ -46.1289751820402, -23.820321143734084 ], [ -46.129147527197446, -23.820408170640064 ], [ -46.129315188478465, -23.820501617610578 ], [ -46.129468024524556, -23.820615384968324 ], [ -46.129620860834855, -23.820729152162805 ], [ -46.129773697409362, -23.820842919194057 ], [ -46.129926534248071, -23.820956686062051 ], [ -46.130079371351002, -23.82107045276679 ], [ -46.130232208718141, -23.821184219308282 ], [ -46.130385046349488, -23.821297985686517 ], [ -46.130537884245051, -23.82141175190149 ], [ -46.130690722404822, -23.821525517953202 ], [ -46.130843560828815, -23.821639283841659 ], [ -46.130996399517016, -23.821753049566833 ], [ -46.131137533981672, -23.821878681392562 ], [ -46.131275416960747, -23.822007609781743 ], [ -46.131413300212536, -23.822136538035149 ], [ -46.131551183737038, -23.822265466152817 ], [ -46.131689067534253, -23.822394394134701 ], [ -46.131826951604189, -23.822523321980817 ], [ -46.131964835946832, -23.822652249691178 ], [ -46.132102720562202, -23.822781177265764 ], [ -46.132240605450292, -23.822910104704576 ], [ -46.13237849061111, -23.823039032007607 ], [ -46.132516376044642, -23.823167959174874 ], [ -46.132654261750915, -23.823296886206357 ], [ -46.132792147729909, -23.823425813102052 ], [ -46.13293003398163, -23.823554739861969 ], [ -46.133067920506093, -23.823683666486087 ], [ -46.133205807303291, -23.823812592974434 ], [ -46.133343694373224, -23.823941519326976 ], [ -46.133481581715891, -23.82407044554374 ], [ -46.1336194693313, -23.824199371624694 ], [ -46.133757357219451, -23.824328297569863 ], [ -46.133895245380351, -23.824457223379223 ], [ -46.134033133814, -23.824586149052777 ], [ -46.134171022520391, -23.824715074590546 ], [ -46.134308911499545, -23.824843999992488 ], [ -46.134446800751434, -23.824972925258631 ], [ -46.134584690276093, -23.825101850388961 ], [ -46.134722580073493, -23.825230775383481 ], [ -46.134860470143664, -23.825359700242174 ], [ -46.134998360486584, -23.825488624965068 ], [ -46.135136251102274, -23.825617549552128 ], [ -46.135274141990728, -23.82574647400337 ], [ -46.135412033151944, -23.825875398318789 ], [ -46.135549924585931, -23.826004322498378 ], [ -46.135687816292688, -23.826133246542138 ], [ -46.135825708272215, -23.826262170450065 ], [ -46.135963600524519, -23.826391094222167 ], [ -46.136101493049594, -23.826520017858432 ], [ -46.136239385847453, -23.826648941358854 ], [ -46.136377278918083, -23.826777864723439 ], [ -46.136515172261504, -23.826906787952172 ], [ -46.136653065877702, -23.82703571104507 ], [ -46.136790959766685, -23.82716463400212 ], [ -46.13692885392846, -23.827293556823328 ], [ -46.137066748363026, -23.82742247950867 ], [ -46.137204643070369, -23.82755140205817 ], [ -46.137342538050518, -23.827680324471807 ], [ -46.137480433303459, -23.827809246749588 ], [ -46.137618328829198, -23.827938168891514 ], [ -46.137756224627736, -23.828067090897569 ] ] } },
{ "type": "Feature", "properties": { "regiao": 4, "rodovia": "SP 055", "ra_geo": 1.0, "ra_hid": 1.0, "ra": 1, "km": 223.53, "fonte": "tabela", "fonte_geo": "figura", "fonte_hid": "tabela" }, "geometry": { "type": "LineString", "coordinates": [ [ -46.137894120699073, -23.828196012767762 ], [ -46.138032017043209, -23.828324934502088 ], [ -46.138169913660157, -23.828453856100548 ], [ -46.138307809727394, -23.828582778307634 ], [ -46.138445704413364, -23.828711701876038 ], [ -46.13858359937214, -23.828840625308558 ], [ -46.138721494603729, -23.828969548605201 ], [ -46.138859390108131, -23.829098471765981 ], [ -46.138997285885353, -23.829227394790877 ], [ -46.139135181935401, -23.829356317679895 ], [ -46.13927307782469, -23.829485240825473 ], [ -46.139410973561212, -23.82961416422037 ], [ -46.139548869570561, -23.82974308747939 ], [ -46.139686765852744, -23.829872010602521 ] ] } },
{ "type": "Feature", "properties": { "regiao": 4, "rodovia": "SP 055", "ra_geo": 1.0, "ra_hid": 1.0, "ra": 1, "km": 223.84, "fonte": "tabela", "fonte_geo": "figura", "fonte_hid": "tabela" }, "geometry": { "type": "LineString", "coordinates": [ [ -46.139824662407747, -23.830000933589758 ], [ -46.139962559235585, -23.830129856441104 ], [ -46.140100456336256, -23.830258779156555 ], [ -46.140238353709755, -23.830387701736107 ], [ -46.140376251356088, -23.830516624179761 ], [ -46.140514149275262, -23.830645546487506 ], [ -46.140652047467285, -23.830774468659364 ], [ -46.140789945932141, -23.830903390695301 ], [ -46.140927844669847, -23.831032312595347 ], [ -46.141081022270015, -23.83114533158923 ], [ -46.141237056450521, -23.831255377407235 ], [ -46.141393090891441, -23.831365423055654 ], [ -46.141549125592782, -23.83147546853451 ], [ -46.141705160554544, -23.831585513843777 ], [ -46.14186119577672, -23.831695558983451 ], [ -46.142017231259317, -23.831805603953551 ] ] } },
{ "type": "Feature", "properties": { "regiao": 4, "rodovia": "SP 055", "ra_geo": 1.0, "ra_hid": 1.0, "ra": 1, "km": 224.35, "fonte": "tabela", "fonte_geo": "figura", "fonte_hid": "tabela" }, "geometry": { "type": "LineString", "coordinates": [ [ -46.142173267002342, -23.831915648754048 ], [ -46.142329303005781, -23.83202569338496 ], [ -46.142485339269641, -23.832135737846286 ], [ -46.142641375793929, -23.832245782138003 ], [ -46.142797412578652, -23.832355826260134 ], [ -46.142953449623782, -23.832465870212644 ], [ -46.143109486929355, -23.832575913995569 ], [ -46.143277734115443, -23.832667847061657 ], [ -46.143454248469986, -23.83274751754707 ], [ -46.1436307630333, -23.832827187821213 ], [ -46.143807277805379, -23.832906857884126 ], [ -46.14398379278623, -23.832986527735791 ], [ -46.144160307975838, -23.833066197376183 ], [ -46.144336823374211, -23.833145866805324 ], [ -46.144513338981348, -23.833225536023217 ], [ -46.144689961005902, -23.833304961562781 ], [ -46.144877381247618, -23.833359634030021 ], [ -46.145064801637218, -23.833414306262917 ], [ -46.145252222174719, -23.83346897826145 ], [ -46.145439642860119, -23.833523650025633 ], [ -46.145627063693411, -23.833578321555454 ], [ -46.145814484674595, -23.833632992850919 ], [ -46.146001905803665, -23.833687663912023 ], [ -46.146189327080627, -23.833742334738748 ], [ -46.146379218969876, -23.833787880523399 ], [ -46.146572622680942, -23.833820455326308 ], [ -46.146766026478012, -23.833853029882633 ], [ -46.1469594303611, -23.833885604192357 ], [ -46.147152834330186, -23.833918178255509 ], [ -46.147346238385282, -23.833950752072049 ], [ -46.147539642526382, -23.833983325642013 ], [ -46.14773304675348, -23.834015898965376 ], [ -46.147926451066574, -23.834048472042141 ], [ -46.148119855465666, -23.834081044872324 ] ] } },
{ "type": "Feature", "properties": { "regiao": 4, "rodovia": "SP 055", "ra_geo": 1.0, "ra_hid": 1.0, "ra": 1, "km": 225.95, "fonte": "figura", "fonte_geo": "figura", "fonte_hid": "figura" }, "geometry": { "type": "LineString", "coordinates": [ [ -46.148313259950747, -23.834113617455891 ], [ -46.148506664521825, -23.834146189792879 ], [ -46.148700069178886, -23.834178761883262 ], [ -46.148893473921937, -23.834211333727026 ], [ -46.149086878750978, -23.834243905324218 ], [ -46.149280283665988, -23.834276476674795 ], [ -46.149473688666987, -23.834309047778767 ], [ -46.149667093753962, -23.834341618636145 ], [ -46.149860498926905, -23.834374189246901 ], [ -46.150053904185825, -23.83440675961106 ], [ -46.150247309530712, -23.834439329728614 ], [ -46.150440714961569, -23.834471899599549 ], [ -46.150634120478394, -23.834504469223887 ], [ -46.15082752608118, -23.834537038601603 ], [ -46.151020931769921, -23.834569607732714 ], [ -46.151214337544623, -23.834602176617214 ], [ -46.151407743405287, -23.834634745255087 ], [ -46.151601149351897, -23.834667313646356 ], [ -46.151794555384463, -23.834699881791003 ], [ -46.151987961502975, -23.834732449689042 ], [ -46.152181367707435, -23.834765017340452 ], [ -46.152374773997835, -23.83479758474525 ], [ -46.152568180374189, -23.834830151903425 ], [ -46.152761586836469, -23.834862718814975 ], [ -46.152954993384689, -23.834895285479902 ], [ -46.15314840001885, -23.834927851898211 ], [ -46.153341806738936, -23.83496041806989 ], [ -46.153535213544963, -23.834992983994951 ], [ -46.153728620436908, -23.835025549673372 ], [ -46.153922027414779, -23.835058115105166 ], [ -46.154115434478584, -23.835090680290346 ], [ -46.1543088416283, -23.835123245228878 ], [ -46.154502248863942, -23.835155809920785 ], [ -46.154695656185488, -23.835188374366059 ], [ -46.154889063592954, -23.835220938564703 ], [ -46.155082471086338, -23.835253502516714 ], [ -46.155275878665627, -23.835286066222075 ], [ -46.15546928633082, -23.835318629680813 ], [ -46.155662694081919, -23.835351192892904 ], [ -46.155856101918928, -23.835383755858359 ], [ -46.156049509841829, -23.835416318577181 ], [ -46.156242917850626, -23.835448881049352 ], [ -46.156436325945322, -23.835481443274887 ], [ -46.156629734125907, -23.835514005253771 ], [ -46.15682314239239, -23.835546566986014 ], [ -46.15701569243803, -23.835582739133191 ], [ -46.157206223568792, -23.83562740451562 ], [ -46.157396754820041, -23.835672069657154 ], [ -46.157587286191763, -23.835716734557774 ], [ -46.157777817683964, -23.835761399217489 ], [ -46.157968349296645, -23.83580606363628 ], [ -46.158158881029792, -23.835850727814162 ], [ -46.158343443453298, -23.835910160987414 ], [ -46.158519418295548, -23.835990841319312 ], [ -46.158695393348694, -23.836071521440953 ], [ -46.158871368612722, -23.836152201352352 ], [ -46.159047344087647, -23.836232881053505 ], [ -46.15922331977346, -23.836313560544415 ], [ -46.159399295670156, -23.836394239825058 ], [ -46.159575271777754, -23.836474918895451 ], [ -46.159751248096228, -23.836555597755588 ], [ -46.159927224625598, -23.83663627640545 ], [ -46.160103201365843, -23.836716954845066 ], [ -46.160274191128792, -23.836804446460015 ], [ -46.160421649084178, -23.836924086865199 ], [ -46.160569107308788, -23.837043727116946 ], [ -46.160716565802609, -23.837163367215247 ], [ -46.160864024565647, -23.837283007160103 ], [ -46.16101148359791, -23.837402646951514 ], [ -46.161158942899391, -23.837522286589472 ], [ -46.161298834636973, -23.837649026008155 ], [ -46.16143178095011, -23.837782281555608 ], [ -46.161564727536025, -23.83791553697554 ], [ -46.161697674394723, -23.838048792267951 ], [ -46.161830621526207, -23.838182047432827 ], [ -46.161963568930474, -23.838315302470164 ], [ -46.162096516607548, -23.838448557379984 ], [ -46.162229464557406, -23.838581812162271 ], [ -46.162362412780055, -23.838715066817009 ], [ -46.162495361275511, -23.838848321344212 ], [ -46.162628310043765, -23.838981575743876 ], [ -46.162761259084817, -23.839114830015987 ], [ -46.162894208398676, -23.839248084160559 ], [ -46.16302715798534, -23.839381338177585 ], [ -46.16316010784481, -23.839514592067054 ], [ -46.163293057977093, -23.839647845828981 ], [ -46.163426008382189, -23.839781099463345 ], [ -46.163558959060097, -23.839914352970155 ], [ -46.163691910010826, -23.840047606349401 ], [ -46.163824861234374, -23.840180859601098 ], [ -46.163957812730743, -23.840314112725224 ], [ -46.164090764499932, -23.840447365721783 ], [ -46.16422371654194, -23.840580618590785 ], [ -46.164356668856783, -23.840713871332209 ], [ -46.16448962144446, -23.840847123946062 ], [ -46.164622574304957, -23.840980376432338 ], [ -46.164755527438295, -23.841113628791042 ], [ -46.164888480844468, -23.841246881022165 ], [ -46.165021434523482, -23.841380133125718 ], [ -46.165154388475329, -23.841513385101678 ], [ -46.165287342700019, -23.841646636950056 ], [ -46.165420297197564, -23.841779888670853 ], [ -46.165553251967943, -23.841913140264055 ], [ -46.16568620701117, -23.842046391729667 ], [ -46.16581916232726, -23.842179643067688 ], [ -46.165952117916191, -23.842312894278116 ], [ -46.166085073777985, -23.842446145360945 ], [ -46.166218029912635, -23.842579396316168 ], [ -46.16635098632014, -23.842712647143792 ], [ -46.1664839430005, -23.842845897843812 ], [ -46.166616899953738, -23.84297914841623 ], [ -46.166749857179838, -23.843112398861038 ], [ -46.1668828146788, -23.843245649178236 ], [ -46.167015772450632, -23.843378899367814 ], [ -46.167148730495342, -23.843512149429785 ], [ -46.167254500514531, -23.843664298481929 ], [ -46.16735757028048, -23.843818324623083 ], [ -46.167460640295275, -23.843972350682755 ], [ -46.167563710558909, -23.844126376660935 ], [ -46.167666781071397, -23.844280402557647 ], [ -46.167755253558028, -23.844441828745314 ], [ -46.167841786554924, -23.844604238179787 ] ] } },
{ "type": "Feature", "properties": { "regiao": 4, "rodovia": "SP 055", "ra_geo": 1.0, "ra_hid": null, "ra": 1, "km": 227.27, "fonte": "figura", "fonte_geo": "figura", "fonte_hid": "figura" }, "geometry": { "type": "LineString", "coordinates": [ [ -46.167928319774596, -23.844766647553886 ], [ -46.168014853217038, -23.84492905686761 ], [ -46.168101386882263, -23.845091466120955 ], [ -46.168187920770272, -23.845253875313915 ], [ -46.168274454881065, -23.845416284446504 ], [ -46.168360989214641, -23.845578693518704 ], [ -46.168412795164002, -23.845752996124887 ] ] } },
{ "type": "Feature", "properties": { "regiao": 4, "rodovia": "SP 055", "ra_geo": 1.0, "ra_hid": 1.0, "ra": 1, "km": 227.43, "fonte": "figura", "fonte_geo": "figura", "fonte_hid": "figura" }, "geometry": { "type": "LineString", "coordinates": [ [ -46.168462810933093, -23.845927911842519 ], [ -46.168512826846531, -23.8461028275348 ], [ -46.168562842904322, -23.846277743201703 ], [ -46.168612859106474, -23.846452658843244 ], [ -46.168662875452988, -23.846627574459415 ], [ -46.168702654417821, -23.846804176045797 ], [ -46.168721729660419, -23.846984187283347 ], [ -46.168740804967079, -23.84716419851237 ] ] } },
{ "type": "Feature", "properties": { "regiao": 4, "rodovia": "SP 055", "ra_geo": 1.0, "ra_hid": 1.0, "ra": 1, "km": 227.84, "fonte": "figura", "fonte_geo": "figura", "fonte_hid": "figura" }, "geometry": { "type": "LineString", "coordinates": [ [ -46.168759880337817, -23.847344209732853 ], [ -46.168778955772616, -23.847524220944795 ], [ -46.168798031271493, -23.847704232148203 ], [ -46.168817106834432, -23.847884243343071 ], [ -46.168820195087939, -23.84806495474897 ], [ -46.168819802520353, -23.848245818605029 ], [ -46.168819409963255, -23.84842668245696 ], [ -46.16881115834817, -23.848606992498311 ], [ -46.168781591547621, -23.848785800515614 ], [ -46.168752024676991, -23.848964608526344 ], [ -46.168726288570184, -23.849143900213484 ], [ -46.168702375389934, -23.849323422065986 ], [ -46.168678462155022, -23.849502943913254 ], [ -46.168654548865447, -23.849682465755293 ], [ -46.168627934366469, -23.849861559648716 ], [ -46.168585166595335, -23.850038094387209 ], [ -46.168542398718792, -23.850214629114394 ], [ -46.168499630736825, -23.85039116383026 ], [ -46.16845686264945, -23.850567698534814 ], [ -46.168414094456644, -23.850744233228056 ], [ -46.168371326158422, -23.850920767909976 ], [ -46.168334170517433, -23.851098344257178 ], [ -46.168299163974211, -23.851276319464549 ], [ -46.168264157346186, -23.851454294663661 ], [ -46.168229150633358, -23.851632269854534 ], [ -46.168194143835727, -23.85181024503715 ], [ -46.168159136953278, -23.85198822021151 ], [ -46.168124129986026, -23.85216619537762 ], [ -46.168089122933971, -23.852344170535485 ], [ -46.168054115797091, -23.852522145685086 ], [ -46.168019108575407, -23.852700120826437 ], [ -46.167984101268907, -23.852878095959539 ] ] } },
{ "type": "Feature", "properties": { "regiao": 4, "rodovia": "SP 055", "ra_geo": 1.0, "ra_hid": 0.0, "ra": 1, "km": 228.21, "fonte": "figura", "fonte_geo": "figura", "fonte_hid": "figura" }, "geometry": { "type": "LineString", "coordinates": [ [ -46.167949093877596, -23.853056071084382 ], [ -46.16791408640146, -23.853234046200974 ], [ -46.167879078840514, -23.853412021309314 ], [ -46.167844071194743, -23.853589996409394 ] ] } },
{ "type": "Feature", "properties": { "regiao": 4, "rodovia": "SP 055", "ra_geo": 2.0, "ra_hid": 0.0, "ra": 2, "km": 228.4, "fonte": "figura", "fonte_geo": "figura", "fonte_hid": "figura" }, "geometry": { "type": "LineString", "coordinates": [ [ -46.167809063464148, -23.853767971501227 ], [ -46.167774055648735, -23.853945946584801 ], [ -46.167739047748498, -23.854123921660111 ], [ -46.167704039763429, -23.854301896727186 ], [ -46.167669031693542, -23.854479871785998 ], [ -46.167634023538824, -23.854657846836545 ], [ -46.167599015299274, -23.854835821878847 ], [ -46.167564006974892, -23.855013796912889 ], [ -46.167528998565686, -23.855191771938674 ], [ -46.167493990071641, -23.85536974695621 ], [ -46.167458981492764, -23.855547721965483 ], [ -46.167423972829049, -23.855725696966491 ], [ -46.167388964080502, -23.855903671959254 ], [ -46.167353955247115, -23.856081646943757 ], [ -46.167318946328876, -23.856259621919996 ] ] } },
{ "type": "Feature", "properties": { "regiao": 4, "rodovia": "SP 055", "ra_geo": 1.0, "ra_hid": null, "ra": 1, "km": 228.96, "fonte": "figura", "fonte_geo": "figura", "fonte_hid": "figura" }, "geometry": { "type": "LineString", "coordinates": [ [ -46.167283937325813, -23.856437596887986 ], [ -46.167248928237889, -23.856615571847719 ], [ -46.167213919065134, -23.856793546799185 ], [ -46.167178909807532, -23.856971521742402 ], [ -46.167143900465078, -23.857149496677351 ], [ -46.167108891037785, -23.857327471604044 ], [ -46.167073881525631, -23.857505446522481 ], [ -46.167038871928632, -23.857683421432665 ], [ -46.167030481195773, -23.857863694426992 ], [ -46.167028866575762, -23.858044552418921 ], [ -46.167027251962836, -23.858225410406856 ], [ -46.167025637356986, -23.85840626839078 ], [ -46.167024022758213, -23.858587126370711 ], [ -46.167022408166517, -23.858767984346638 ], [ -46.167020793581912, -23.858948842318561 ], [ -46.167019179004377, -23.859129700286491 ], [ -46.16701756443392, -23.859310558250421 ], [ -46.167015949870539, -23.859491416210354 ], [ -46.167014335314242, -23.859672274166286 ], [ -46.167012720765022, -23.859853132118218 ], [ -46.16701110622288, -23.860033990066146 ], [ -46.167009491687807, -23.860214848010077 ], [ -46.167007877159826, -23.860395705950008 ], [ -46.167018825663348, -23.860576026819686 ], [ -46.167038675709207, -23.860755967145078 ], [ -46.167058525821254, -23.860935907461656 ], [ -46.167078375999488, -23.86111584776943 ], [ -46.167098226243908, -23.861295788068386 ], [ -46.167122777886199, -23.861475202580262 ], [ -46.167150397225747, -23.861654274010977 ], [ -46.167178016652358, -23.861833345429698 ], [ -46.167205636166052, -23.862012416836436 ], [ -46.167233255766817, -23.862191488231183 ], [ -46.167260875454666, -23.862370559613932 ], [ -46.167288495229592, -23.862549630984699 ], [ -46.167316115091594, -23.862728702343485 ], [ -46.167343735040681, -23.86290777369026 ], [ -46.167371355076853, -23.863086845025059 ], [ -46.167398975200108, -23.863265916347864 ], [ -46.167426595410447, -23.863444987658678 ] ] } },
{ "type": "Feature", "properties": { "regiao": 4, "rodovia": "SP 055", "ra_geo": 1.0, "ra_hid": 1.0, "ra": 1, "km": 229.5, "fonte": "figura", "fonte_geo": "figura", "fonte_hid": "figura" }, "geometry": { "type": "LineString", "coordinates": [ [ -46.16745421570787, -23.863624058957505 ], [ -46.167481836092378, -23.863803130244339 ], [ -46.167509456563984, -23.863982201519182 ], [ -46.167537077122674, -23.864161272782038 ], [ -46.167564697768455, -23.864340344032897 ], [ -46.16759231850132, -23.864519415271776 ], [ -46.167643853351322, -23.864691971368419 ], [ -46.167726746828414, -23.864855984136621 ], [ -46.167809640521831, -23.865019996848627 ], [ -46.167892534431559, -23.865184009504446 ], [ -46.167975428557597, -23.865348022104079 ], [ -46.168074881547646, -23.865501894678435 ] ] } },
{ "type": "Feature", "properties": { "regiao": 4, "rodovia": "SP 055", "ra_geo": 1.0, "ra_hid": 0.0, "ra": 1, "km": 229.7, "fonte": "figura", "fonte_geo": "figura", "fonte_hid": "figura" }, "geometry": { "type": "LineString", "coordinates": [ [ -46.168207461922698, -23.865635481188338 ], [ -46.16834004257089, -23.865769067571172 ], [ -46.168479823397767, -23.865896243410358 ], [ -46.168620713607233, -23.866022431615995 ], [ -46.168761604089518, -23.866148619680018 ], [ -46.168902494844637, -23.866274807602398 ], [ -46.169043385872577, -23.86640099538316 ], [ -46.169184277173329, -23.866527183022278 ] ] } },
{ "type": "Feature", "properties": { "regiao": 4, "rodovia": "SP 055", "ra_geo": 1.0, "ra_hid": 1.0, "ra": 1, "km": 230.12, "fonte": "figura", "fonte_geo": "figura", "fonte_hid": "figura" }, "geometry": { "type": "LineString", "coordinates": [ [ -46.169325168746923, -23.866653370519774 ], [ -46.169466060593344, -23.866779557875628 ], [ -46.169606952712599, -23.866905745089834 ], [ -46.169747845104681, -23.867031932162394 ], [ -46.169888737769597, -23.867158119093325 ], [ -46.170029630707354, -23.867284305882603 ], [ -46.170170523917953, -23.867410492530237 ], [ -46.170311417401386, -23.86753667903621 ], [ -46.170452311157661, -23.867662865400533 ], [ -46.17059320518679, -23.867789051623198 ], [ -46.170734099488755, -23.867915237704217 ], [ -46.170874994063567, -23.868041423643568 ], [ -46.171017535240615, -23.868165931793847 ], [ -46.171168437902878, -23.868281919520935 ], [ -46.171319340832007, -23.868397907087854 ], [ -46.171470244027986, -23.868513894494622 ], [ -46.171621147490839, -23.868629881741224 ], [ -46.171772051220543, -23.868745868827659 ], [ -46.171922955217113, -23.86886185575392 ], [ -46.172073859480555, -23.86897784252001 ], [ -46.172242303700678, -23.869070944471321 ], [ -46.17241181858774, -23.869162649595047 ], [ -46.172581333708017, -23.869254354521676 ], [ -46.172753191809178, -23.869342237337925 ], [ -46.172926268359078, -23.869428132562572 ], [ -46.173088234051654, -23.869528842078822 ], [ -46.17323703139234, -23.869647109242134 ], [ -46.173385829001738, -23.869765376249251 ], [ -46.173534626879849, -23.869883643100145 ], [ -46.173683425026674, -23.87000190979483 ], [ -46.173785721532333, -23.870150629669936 ], [ -46.173858591923278, -23.87031862029497 ], [ -46.173931462510765, -23.870486610874575 ] ] } },
{ "type": "Feature", "properties": { "regiao": 4, "rodovia": "SP 055", "ra_geo": 1.0, "ra_hid": 1.0, "ra": 1, "km": 230.63, "fonte": "figura", "fonte_geo": "figura", "fonte_hid": "figura" }, "geometry": { "type": "LineString", "coordinates": [ [ -46.174004333294789, -23.87065460140872 ], [ -46.174077204275356, -23.870822591897412 ], [ -46.174144051147685, -23.870991456481498 ], [ -46.174130967165162, -23.871171919209594 ], [ -46.174117883157898, -23.87135238193386 ], [ -46.174104799125871, -23.871532844654283 ], [ -46.174091715069103, -23.871713307370882 ], [ -46.17407863098758, -23.871893770083638 ], [ -46.174014276735001, -23.872060500408558 ], [ -46.173919940367711, -23.872219200220879 ], [ -46.173825603776628, -23.872377899981178 ], [ -46.173731266961767, -23.872536599689454 ], [ -46.173636929923113, -23.872695299345697 ], [ -46.173542592660667, -23.872853998949918 ], [ -46.173441343646935, -23.873007881073256 ], [ -46.173300684646279, -23.873134293983515 ], [ -46.173160025372098, -23.873260706773873 ] ] } },
{ "type": "Feature", "properties": { "regiao": 4, "rodovia": "SP 055", "ra_geo": 2.0, "ra_hid": 1.0, "ra": 2, "km": 230.92, "fonte": "figura", "fonte_geo": "figura", "fonte_hid": "figura" }, "geometry": { "type": "LineString", "coordinates": [ [ -46.173019365824395, -23.873387119444317 ], [ -46.172878706003161, -23.873513531994845 ], [ -46.172738045908403, -23.873639944425477 ], [ -46.172616899523639, -23.873779443151882 ], [ -46.17252900405208, -23.8739412406036 ], [ -46.172441108368936, -23.874103038010315 ], [ -46.172353212474214, -23.874264835372056 ], [ -46.172265316367906, -23.874426632688792 ], [ -46.172177420050012, -23.874588429960554 ], [ -46.172089523520519, -23.87475022718731 ], [ -46.172001626779441, -23.874912024369085 ] ] } },
{ "type": "Feature", "properties": { "regiao": 4, "rodovia": "SP 055", "ra_geo": 1.0, "ra_hid": null, "ra": 1, "km": 231.11, "fonte": "figura", "fonte_geo": "figura", "fonte_hid": "figura" }, "geometry": { "type": "LineString", "coordinates": [ [ -46.171913729826763, -23.875073821505861 ], [ -46.17191027776984, -23.875247625984841 ], [ -46.171940928820085, -23.875426279614871 ], [ -46.171971579965536, -23.875604933231443 ], [ -46.1720022312062, -23.875783586834558 ], [ -46.172032882542076, -23.875962240424229 ], [ -46.172096863001222, -23.876128899034956 ] ] } },
{ "type": "Feature", "properties": { "regiao": 4, "rodovia": "SP 055", "ra_geo": 1.0, "ra_hid": 1.0, "ra": 1, "km": 232.29, "fonte": "figura", "fonte_geo": "figura", "fonte_hid": "figura" }, "geometry": { "type": "LineString", "coordinates": [ [ -46.17220622525177, -23.876279224952995 ], [ -46.172315587759449, -23.876429550780561 ], [ -46.172424950524238, -23.876579876517667 ], [ -46.172534313546151, -23.876730202164286 ], [ -46.172657355800055, -23.876867705028168 ], [ -46.172822899476429, -23.876965367074103 ], [ -46.172988443396456, -23.877063028931012 ], [ -46.173153987560141, -23.877160690598895 ], [ -46.173319531967493, -23.877258352077757 ], [ -46.173485076618498, -23.877356013367589 ], [ -46.173650621513161, -23.877453674468381 ], [ -46.173816166651477, -23.87755133538014 ], [ -46.173981712033452, -23.877648996102856 ], [ -46.174147257659087, -23.877746656636539 ], [ -46.174312803528387, -23.877844316981172 ], [ -46.17447834964134, -23.877941977136768 ], [ -46.174643895997953, -23.87803963710331 ], [ -46.174809442598232, -23.878137296880798 ], [ -46.17497498944217, -23.878234956469246 ], [ -46.175140536529767, -23.878332615868626 ], [ -46.175306083861031, -23.878430275078955 ], [ -46.175472745565393, -23.878526054967811 ], [ -46.175651695979418, -23.878601108424927 ], [ -46.175830646592274, -23.878676161665116 ], [ -46.17600959740394, -23.878751214688378 ], [ -46.176188548414423, -23.878826267494716 ], [ -46.176367499623723, -23.878901320084111 ], [ -46.176546692840716, -23.878975752733716 ], [ -46.176736713010982, -23.879022437579618 ], [ -46.176926733307511, -23.879069122185225 ], [ -46.177116753730289, -23.87911580655053 ], [ -46.177306774279323, -23.879162490675537 ], [ -46.177496794954621, -23.879209174560241 ], [ -46.177686815756168, -23.879255858204644 ], [ -46.177876836683964, -23.879302541608745 ], [ -46.178066857738003, -23.87934922477254 ], [ -46.17825687891829, -23.87939590769604 ], [ -46.17844690022482, -23.879442590379217 ], [ -46.178636921657599, -23.879489272822084 ], [ -46.178826943216613, -23.87953595502465 ], [ -46.179016964901862, -23.879582636986907 ], [ -46.179206986713353, -23.879629318708844 ], [ -46.179397008651073, -23.879676000190464 ], [ -46.179587030715034, -23.879722681431776 ], [ -46.179777052905216, -23.879769362432757 ], [ -46.17996707522164, -23.879816043193429 ], [ -46.180149248082117, -23.879881348948707 ], [ -46.180323854190512, -23.879964609094621 ], [ -46.180498460515658, -23.880047869032712 ], [ -46.180673067057548, -23.880131128762979 ], [ -46.180847673816189, -23.88021438828542 ], [ -46.181022280791574, -23.880297647600052 ], [ -46.181202714271379, -23.880369623328448 ], [ -46.18138323993773, -23.880441420675943 ], [ -46.181563765795318, -23.880513217803109 ], [ -46.181744291844147, -23.880585014709965 ], [ -46.181933417921691, -23.880634455862538 ], [ -46.182122885763043, -23.88068300869563 ], [ -46.182312353735796, -23.880731561289515 ], [ -46.182501821839935, -23.880780113644214 ], [ -46.182692409468473, -23.880824420407944 ], [ -46.182885020430589, -23.880861053750074 ], [ -46.183077631490413, -23.880897686846627 ], [ -46.18327024264795, -23.880934319697602 ], [ -46.183462853903201, -23.880970952302995 ], [ -46.18365718670681, -23.880994321077409 ], [ -46.183853763613534, -23.88100039928716 ], [ -46.18405034052693, -23.881006477245013 ], [ -46.184246917446984, -23.881012554950978 ], [ -46.184443494373696, -23.881018632405059 ], [ -46.184640071307065, -23.881024709607239 ], [ -46.184836648247092, -23.881030786557535 ], [ -46.185033225193763, -23.881036863255929 ], [ -46.185229802147077, -23.88104293970245 ], [ -46.185426379107042, -23.881049015897048 ], [ -46.185622956073651, -23.881055091839777 ], [ -46.185819533046896, -23.881061167530618 ], [ -46.186016110026777, -23.88106724296955 ], [ -46.186212687013303, -23.881073318156595 ], [ -46.186409264006443, -23.881079393091749 ], [ -46.186605841006227, -23.881085467775012 ], [ -46.186802418012626, -23.881091542206384 ], [ -46.186998995025654, -23.881097616385855 ], [ -46.187195572045312, -23.881103690313438 ], [ -46.18739214907157, -23.88110976398913 ], [ -46.187588726104451, -23.881115837412924 ], [ -46.18778530314394, -23.881121910584813 ], [ -46.187981880190051, -23.881127983504822 ], [ -46.188178457242763, -23.881134056172932 ], [ -46.188375034302076, -23.881140128589145 ], [ -46.188571611367998, -23.88114620075347 ], [ -46.188768188440505, -23.881152272665894 ], [ -46.188964765519621, -23.881158344326423 ], [ -46.189161342605331, -23.881164415735057 ], [ -46.189357919697628, -23.881170486891797 ], [ -46.189554496796518, -23.881176557796639 ], [ -46.189751073901988, -23.881182628449583 ], [ -46.189947651014037, -23.881188698850643 ], [ -46.190144228132674, -23.881194768999798 ], [ -46.19034080525789, -23.881200838897051 ], [ -46.190537382389671, -23.881206908542413 ], [ -46.190733959528039, -23.881212977935878 ], [ -46.190930536672965, -23.881219047077455 ], [ -46.191127113824464, -23.881225115967119 ], [ -46.191323690982522, -23.881231184604893 ], [ -46.191517001569551, -23.881264378990469 ], [ -46.191710260237379, -23.881298005004552 ], [ -46.191903518994131, -23.881331630771758 ], [ -46.192096777839787, -23.881365256292099 ] ] } },
{ "type": "Feature", "properties": { "regiao": 4, "rodovia": "SP 055", "ra_geo": 1.0, "ra_hid": 1.0, "ra": 1, "km": 187.2, "fonte": "tabela", "fonte_geo": "figura", "fonte_hid": "tabela" }, "geometry": { "type": "LineString", "coordinates": [ [ -45.784806951007823, -23.751872859972515 ], [ -45.78499917822397, -23.75183444431233 ], [ -45.785191405320198, -23.751796028415793 ], [ -45.785383632296522, -23.751757612282908 ], [ -45.785575859101307, -23.751719195694765 ], [ -45.785768085662561, -23.75168077834623 ], [ -45.785960312103903, -23.751642360761359 ], [ -45.786152538425313, -23.751603942940132 ], [ -45.786344764626811, -23.751565524882558 ], [ -45.786536990708392, -23.75152710658865 ], [ -45.786729216670039, -23.751488688058405 ], [ -45.786921442511762, -23.751450269291823 ], [ -45.787113668233552, -23.751411850288903 ], [ -45.787305893835409, -23.751373431049643 ], [ -45.787498119317341, -23.751335011574053 ], [ -45.787690344679326, -23.751296591862125 ], [ -45.787882569921379, -23.75125817191385 ], [ -45.788074795043492, -23.751219751729266 ], [ -45.788267020045666, -23.751181331308345 ], [ -45.788459244927886, -23.751142910651097 ], [ -45.788651469690159, -23.75110448975752 ], [ -45.788843694332492, -23.751066068627619 ], [ -45.789035918854864, -23.751027647261392 ], [ -45.789220618722112, -23.750966655483641 ], [ -45.789403168891724, -23.750899215935476 ], [ -45.789590919509465, -23.750846636343521 ], [ -45.789781909660114, -23.750803313486898 ], [ -45.789972899677416, -23.750759990397327 ], [ -45.790163889561363, -23.750716667074805 ], [ -45.790360011933466, -23.7507088585972 ], [ -45.790556664155609, -23.750704716334837 ], [ -45.790752918189398, -23.7506944412461 ], [ -45.790948706611672, -23.750676995328647 ], [ -45.791144494974056, -23.750659549164478 ], [ -45.79134028327654, -23.750642102753588 ], [ -45.79153603991444, -23.750624464575957 ], [ -45.791728625369103, -23.750587609771149 ], [ -45.791921210708139, -23.75055075472903 ], [ -45.792113795931527, -23.750513899449611 ], [ -45.792306381039282, -23.750477043932879 ], [ -45.792498966031403, -23.750440188178843 ], [ -45.792691550907868, -23.750403332187496 ], [ -45.792884135668693, -23.750366475958849 ], [ -45.793076720313863, -23.750329619492899 ], [ -45.793269304843385, -23.750292762789648 ], [ -45.793462770963664, -23.750260294933565 ], [ -45.793656939502796, -23.750231323927434 ], [ -45.793852963021088, -23.750216337042954 ], [ -45.794048937363712, -23.750205920762266 ], [ -45.794244492397311, -23.750225452002208 ], [ -45.794440047481551, -23.750244982993053 ], [ -45.794635602616431, -23.750264513734834 ], [ -45.79482973993948, -23.750290611598214 ], [ -45.79501854885681, -23.750341390248522 ], [ -45.795207357913938, -23.750392168663886 ], [ -45.795396167110866, -23.750442946844313 ], [ -45.7955849764476, -23.750493724789788 ], [ -45.795760137883839, -23.750574668484624 ], [ -45.795932291642742, -23.750662260267575 ], [ -45.79610444562779, -23.750749851851587 ], [ -45.796276599838997, -23.750837443236652 ], [ -45.796446379786481, -23.750928477952201 ], [ -45.796605766556326, -23.751034585217592 ], [ -45.796765153582051, -23.751140692310226 ], [ -45.796924540863657, -23.751246799230099 ], [ -45.797083928401136, -23.751352905977196 ], [ -45.797243316194496, -23.751459012551525 ], [ -45.797402704243737, -23.751565118953085 ], [ -45.797562092548858, -23.75167122518187 ], [ -45.797721481109868, -23.751777331237875 ], [ -45.79788086992675, -23.751883437121112 ], [ -45.798040258999521, -23.751989542831549 ], [ -45.798199648328179, -23.75209564836921 ], [ -45.798359037912718, -23.752201753734081 ], [ -45.798518427753145, -23.752307858926173 ], [ -45.798677817849452, -23.752413963945465 ], [ -45.798837208201654, -23.752520068791959 ], [ -45.798996598809744, -23.752626173465657 ], [ -45.799155989673714, -23.752732277966562 ], [ -45.799315380793587, -23.752838382294655 ] ] } },
{ "type": "Feature", "properties": { "regiao": 4, "rodovia": "SP 055", "ra_geo": 1.0, "ra_hid": 1.0, "ra": 1, "km": 187.92, "fonte": "tabela", "fonte_geo": "figura", "fonte_hid": "tabela" }, "geometry": { "type": "LineString", "coordinates": [ [ -45.79947477216934, -23.752944486449955 ], [ -45.799634163800988, -23.753050590432448 ], [ -45.799793555688531, -23.753156694242119 ], [ -45.799952947831962, -23.753262797878985 ], [ -45.800112340231287, -23.753368901343034 ] ] } },
{ "type": "Feature", "properties": { "regiao": 4, "rodovia": "SP 055", "ra_geo": 1.0, "ra_hid": 1.0, "ra": 1, "km": 188.04, "fonte": "tabela", "fonte_geo": "figura", "fonte_hid": "tabela" }, "geometry": { "type": "LineString", "coordinates": [ [ -45.800271732886507, -23.753475004634275 ], [ -45.80043112579763, -23.753581107752691 ], [ -45.80059097701109, -23.753686619214506 ], [ -45.800751936493327, -23.753790699701927 ], [ -45.800912896228823, -23.753894780013386 ], [ -45.80107385621757, -23.753998860148901 ], [ -45.801234816459583, -23.754102940108449 ], [ -45.801395776954855, -23.754207019892039 ], [ -45.801556737703386, -23.75431109949967 ], [ -45.801717698705168, -23.754415178931325 ] ] } },
{ "type": "Feature", "properties": { "regiao": 4, "rodovia": "SP 055", "ra_geo": 1.0, "ra_hid": 1.0, "ra": 1, "km": 188.17, "fonte": "tabela", "fonte_geo": "figura", "fonte_hid": "tabela" }, "geometry": { "type": "LineString", "coordinates": [ [ -45.801878659960224, -23.75451925818702 ], [ -45.802039621468538, -23.75462333726675 ], [ -45.80220058323011, -23.754727416170493 ], [ -45.802361545244949, -23.754831494898262 ], [ -45.802522507513046, -23.754935573450052 ] ] } },
{ "type": "Feature", "properties": { "regiao": 4, "rodovia": "SP 055", "ra_geo": 1.0, "ra_hid": 2.0, "ra": 2, "km": 189.81, "fonte": "tabela", "fonte_geo": "figura", "fonte_hid": "tabela" }, "geometry": { "type": "LineString", "coordinates": [ [ -45.802683470034417, -23.755039651825872 ], [ -45.802844432809046, -23.755143730025708 ], [ -45.803005395836948, -23.755247808049546 ], [ -45.803166359118116, -23.755351885897404 ], [ -45.803327322652549, -23.755455963569268 ], [ -45.803488286440249, -23.755560041065145 ], [ -45.803649250481214, -23.755664118385027 ], [ -45.803810214775453, -23.755768195528901 ], [ -45.803971179322964, -23.755872272496781 ], [ -45.804132144123741, -23.755976349288659 ], [ -45.804293109177799, -23.756080425904536 ], [ -45.804454074485115, -23.756184502344396 ], [ -45.804615040045711, -23.756288578608242 ], [ -45.804776005859587, -23.756392654696096 ], [ -45.804936971926729, -23.756496730607918 ], [ -45.805127243368993, -23.756542001414907 ], [ -45.80531794937022, -23.756586400225792 ], [ -45.805508655493774, -23.75663079879752 ], [ -45.805699361739677, -23.756675197130093 ], [ -45.805890068107928, -23.756719595223487 ], [ -45.806083273737677, -23.756694116862352 ], [ -45.806276739601458, -23.75666135947063 ], [ -45.806470205360924, -23.756628601839136 ], [ -45.806663671016061, -23.756595843967855 ], [ -45.806857136566862, -23.756563085856794 ], [ -45.807049702072923, -23.756526720140524 ], [ -45.807239313665427, -23.756478514101289 ], [ -45.807428925111374, -23.756430307832836 ], [ -45.807618536410772, -23.756382101335159 ], [ -45.80780814756362, -23.756333894608265 ], [ -45.807997758569911, -23.756285687652149 ], [ -45.808187369429646, -23.756237480466822 ], [ -45.808376980142825, -23.756189273052286 ], [ -45.808566590709447, -23.756141065408531 ], [ -45.808756201129505, -23.75609285753557 ], [ -45.808945811402999, -23.756044649433402 ], [ -45.809135421529923, -23.755996441102024 ], [ -45.809325031510284, -23.755948232541446 ], [ -45.80951464134408, -23.755900023751657 ], [ -45.809704251031306, -23.755851814732662 ], [ -45.809893860571954, -23.755803605484473 ], [ -45.810083469966031, -23.755755396007093 ], [ -45.810273079213523, -23.755707186300508 ], [ -45.810462688314445, -23.755658976364735 ], [ -45.810652297268788, -23.755610766199759 ], [ -45.810841906076547, -23.755562555805597 ], [ -45.811035657257591, -23.75553482443528 ], [ -45.811231411249452, -23.755516994429208 ], [ -45.811427165180071, -23.755499164176538 ], [ -45.811622919049462, -23.755481333677249 ], [ -45.811818672857619, -23.755463502931345 ], [ -45.812014426604534, -23.755445671938833 ], [ -45.812210180290208, -23.755427840699721 ], [ -45.81240593391464, -23.755410009213993 ], [ -45.812601687477837, -23.755392177481657 ], [ -45.812797440979772, -23.755374345502705 ], [ -45.812993194420457, -23.755356513277153 ], [ -45.813188947799894, -23.755338680805 ], [ -45.813384701118068, -23.755320848086232 ], [ -45.813580454374986, -23.755303015120859 ], [ -45.813776207570648, -23.755285181908881 ], [ -45.813971960705032, -23.75526734845031 ], [ -45.814167713778161, -23.755249514745127 ], [ -45.81436346679002, -23.755231680793344 ], [ -45.814559219740602, -23.755213846594955 ], [ -45.81475497262992, -23.755196012149973 ], [ -45.814950725457955, -23.755178177458383 ], [ -45.815146478224705, -23.755160342520195 ], [ -45.815342230930185, -23.755142507335407 ], [ -45.815537932661513, -23.755124205438051 ], [ -45.815733627820904, -23.755105843656782 ], [ -45.815929322917462, -23.755087481629086 ], [ -45.816125017951187, -23.755069119354989 ], [ -45.816320712922057, -23.755050756834486 ], [ -45.816516407830086, -23.75503239406757 ], [ -45.816712102675268, -23.755014031054241 ], [ -45.816907797457603, -23.7549956677945 ], [ -45.817103492177083, -23.754977304288357 ], [ -45.817299186833701, -23.754958940535808 ], [ -45.817494881427464, -23.754940576536857 ], [ -45.817690575958366, -23.754922212291493 ], [ -45.817886270426399, -23.754903847799717 ], [ -45.818081964831578, -23.75488548306155 ], [ -45.818277659173873, -23.754867118076973 ], [ -45.818473353453307, -23.754848752845994 ], [ -45.818669047669871, -23.754830387368621 ], [ -45.818864741823553, -23.754812021644831 ], [ -45.819060435914352, -23.754793655674643 ], [ -45.819256129942268, -23.754775289458056 ], [ -45.819451823907315, -23.754756922995078 ], [ -45.819647517809464, -23.754738556285687 ], [ -45.819843211648724, -23.754720189329905 ], [ -45.820038905425086, -23.754701822127732 ], [ -45.820235385827594, -23.754695265042084 ], [ -45.820432051554846, -23.754691490294828 ], [ -45.820628621926765, -23.754685703147238 ], [ -45.820824897993731, -23.754673704909742 ], [ -45.821021174016636, -23.754661706423878 ], [ -45.82121744999548, -23.754649707689644 ], [ -45.821413725930256, -23.754637708707044 ], [ -45.821610001820957, -23.754625709476066 ], [ -45.821806277667584, -23.754613709996729 ], [ -45.822002553470142, -23.754601710269021 ], [ -45.822198829228618, -23.754589710292947 ], [ -45.82239510494302, -23.754577710068492 ], [ -45.822591380613339, -23.754565709595688 ], [ -45.822787656239569, -23.754553708874507 ], [ -45.82298393182171, -23.754541707904963 ], [ -45.823180207359762, -23.754529706687062 ], [ -45.823376482853725, -23.754517705220795 ], [ -45.823572758303584, -23.754505703506151 ], [ -45.823769033709347, -23.754493701543154 ], [ -45.823965309071006, -23.754481699331791 ], [ -45.82416158438857, -23.754469696872061 ], [ -45.824357859662015, -23.754457694163975 ], [ -45.824554134891365, -23.754445691207529 ], [ -45.824750410076589, -23.754433688002713 ], [ -45.824946685217711, -23.754421684549527 ], [ -45.825142960314707, -23.754409680847996 ], [ -45.825339419417546, -23.754403496601427 ], [ -45.825536120727712, -23.754404971238831 ], [ -45.825732822034105, -23.75440644562568 ], [ -45.825929523336725, -23.754407919761995 ], [ -45.82612622463558, -23.754409393647752 ], [ -45.826322925930661, -23.75441086728296 ], [ -45.826519627221963, -23.754412340667628 ], [ -45.826716328509491, -23.754413813801737 ], [ -45.826913029793232, -23.754415286685308 ], [ -45.827109731073186, -23.754416759318335 ], [ -45.827305700933884, -23.75442991361512 ], [ -45.82750128374429, -23.754449250141917 ], [ -45.827696866604448, -23.75446858641946 ], [ -45.827892449514358, -23.75448792244778 ], [ -45.828088032474021, -23.754507258226862 ], [ -45.828283615483421, -23.754526593756701 ], [ -45.828479820873895, -23.754539259248705 ], [ -45.828676121625222, -23.754550902770873 ], [ -45.828872422403315, -23.754562546042646 ], [ -45.829068723208167, -23.75457418906403 ], [ -45.829265024039763, -23.754585831835019 ], [ -45.829461324898126, -23.754597474355602 ], [ -45.829657625783227, -23.754609116625787 ], [ -45.829853926695087, -23.754620758645572 ], [ -45.830050227633684, -23.754632400414966 ], [ -45.830246528599027, -23.754644041933958 ], [ -45.830442829591107, -23.75465568320255 ], [ -45.830639130609924, -23.75466732422074 ], [ -45.83083543165548, -23.754678964988543 ], [ -45.831031732727766, -23.754690605505935 ], [ -45.831228033826768, -23.754702245772929 ], [ -45.831424334952516, -23.754713885789517 ], [ -45.831620636104972, -23.754725525555699 ], [ -45.83181693728416, -23.754737165071489 ], [ -45.832013238490063, -23.754748804336874 ], [ -45.832209539722683, -23.754760443351852 ], [ -45.832405840982013, -23.754772082116439 ], [ -45.832602142268058, -23.754783720630616 ], [ -45.832798443580806, -23.754795358894388 ], [ -45.832994744920256, -23.75480699690775 ], [ -45.833191046286409, -23.754818634670713 ], [ -45.83338734767927, -23.75483027218327 ], [ -45.833583649098827, -23.754841909445425 ], [ -45.833779950545072, -23.754853546457166 ], [ -45.833976252018005, -23.754865183218506 ], [ -45.834172553517639, -23.754876819729443 ], [ -45.834368855043955, -23.75488845598997 ], [ -45.834565156596952, -23.754900092000092 ], [ -45.834761458176629, -23.754911727759801 ], [ -45.834957759782988, -23.7549233632691 ], [ -45.835154061416027, -23.754934998527993 ], [ -45.835350363075733, -23.754946633536477 ], [ -45.835546664762113, -23.754958268294558 ], [ -45.835742966475159, -23.754969902802223 ], [ -45.835939268214872, -23.754981537059482 ], [ -45.836135569981238, -23.754993171066321 ], [ -45.836331990507553, -23.755001562036444 ], [ -45.836528697846099, -23.755002119618243 ], [ -45.836725405178008, -23.755002676949559 ], [ -45.836922112503288, -23.755003234030362 ], [ -45.837118819821931, -23.755003790860687 ], [ -45.837315527133939, -23.755004347440519 ], [ -45.837512234439302, -23.755004903769851 ], [ -45.837708941738022, -23.755005459848697 ], [ -45.837905649030084, -23.755006015677051 ], [ -45.838102356315503, -23.755006571254906 ], [ -45.83829906359427, -23.755007126582274 ], [ -45.83849577086638, -23.755007681659151 ], [ -45.838692478131833, -23.755008236485534 ], [ -45.838889185390627, -23.755008791061435 ], [ -45.839085892642828, -23.755009345363689 ] ] } }
]
}
