{
"type": "FeatureCollection",
"name": "malha_der_oficial",
"crs": { "type": "name", "properties": { "name": "urn:ogc:def:crs:OGC:1.3:CRS84" } },
"features": [
{ "type": "Feature", "properties": { "Rodovia": "SP 131", "TipoRodovi": "Eixo", "Orientacao": "Transversal", "Origem": "Estadual", "Municipio": "Ilhabela", "CodRegiona": "DR 06", "SedeRegion": "Taubaté", "KmInicial": 0.0, "KmFinal": 4.8, "Extensao": 4.8, "DescricaoI": "Ilhabela - entroncamento SPA 000/131 (km 0)", "DescricaoF": "Perequê (Ferry Boat) - entroncamento SPA 004/131", "Jurisdicao": "Estadual", "Administra": "DER", "Conservado": "05.04", "TipoPista": "PAV", "Sobreposic": null, "Subposicao": null, "PerimetroU": "Nã", "DataInicio": null, "DataFimCon": null, "EstadualCo": "Nã", "Denominaca": "s/d", "Legislacao": null, "TPUso": null, "TransfMuni": null, "Subtrecho": "131SPE0869" }, "geometry": { "type": "LineString", "coordinates": [ [ -45.356160829050062, -23.77521920709804, 0.0 ], [ -45.357072857400162, -23.775513136850339, 0.0 ], [ -45.357414751387616, -23.775810755499982, 0.0 ], [ -45.358591494188701, -23.779897146024972, 0.0 ], [ -45.357911732491452, -23.782872549717673, 0.0 ], [ -45.357973949427276, -23.785141002857081, 0.0 ], [ -45.362576357264366, -23.789760694752712, 0.0 ], [ -45.364565517710936, -23.793592047415963, 0.0 ], [ -45.36453782664573, -23.79487892560644, 0.0 ], [ -45.36380144606499, -23.796208909439549, 0.0 ], [ -45.363694104887031, -23.797805853199041, 0.0 ], [ -45.364924171703812, -23.80143382469889, 0.0 ], [ -45.364732988888747, -23.802916819249319, 0.0 ], [ -45.364765581509282, -23.803460695451374, 0.0 ], [ -45.365266033754729, -23.804419391887151, 0.0 ], [ -45.365126050250332, -23.806358586103393, 0.0 ], [ -45.365331305476111, -23.809461109748387, 0.0 ], [ -45.36651824031884, -23.81161193783548, 0.0 ], [ -45.366172038928987, -23.812543359430869, 0.0 ], [ -45.36625858837543, -23.813354547794521, 0.0 ], [ -45.365914008162065, -23.814674913899431, 0.0 ], [ -45.366417622727489, -23.815898872844542, 0.0 ], [ -45.366434636511414, -23.815938320936816, 0.0 ] ] } },
{ "type": "Feature", "properties": { "Rodovia": "SP 131", "TipoRodovi": "Eixo", "Orientacao": "Transversal", "Origem": "Estadual", "Municipio": "Ilhabela", "CodRegiona": "DR 06", "SedeRegion": "Taubaté", "KmInicial": 4.8, "KmFinal": 5.57, "Extensao": 0.77, "DescricaoI": "Perequê (Ferry Boat) - entroncamento SPA 004/131", "DescricaoF": "Final trecho CGR. 06", "Jurisdicao": "Estadual", "Administra": "DER", "Conservado": "05.04", "TipoPista": "PAV", "Sobreposic": null, "Subposicao": null, "PerimetroU": "Nã", "DataInicio": null, "DataFimCon": null, "EstadualCo": "Nã", "Denominaca": "s/d", "Legislacao": null, "TPUso": null, "TransfMuni": null, "Subtrecho": "131SPE2216" }, "geometry": { "type": "LineString", "coordinates": [ [ -45.366434636511414, -23.815938320936816, 0.0 ], [ -45.367412192915189, -23.818204925359467, 0.0 ], [ -45.368049490871655, -23.819190939994417, 0.0 ], [ -45.369413717123997, -23.82033650233199, 0.0 ] ] } },
{ "type": "Feature", "properties": { "Rodovia": "SP 131", "TipoRodovi": "Eixo", "Orientacao": "Transversal", "Origem": "Estadual", "Municipio": "Ilhabela", "CodRegiona": "DR 06", "SedeRegion": "Taubaté", "KmInicial": 5.57, "KmFinal": 16.59, "Extensao": 11.02, "DescricaoI": "Final trecho CGR. 06", "DescricaoF": "Ponta da Cela", "Jurisdicao": "Estadual", "Administra": "DER", "Conservado": "05.04", "TipoPista": "PAV", "Sobreposic": null, "Subposicao": null, "PerimetroU": "Nã", "DataInicio": null, "DataFimCon": null, "EstadualCo": "Nã", "Denominaca": "s/d", "Legislacao": null, "TPUso": null, "TransfMuni": null, "Subtrecho": "131SPE1308" }, "geometry": { "type": "LineString", "coordinates": [ [ -45.369413717123997, -23.82033650233199, 0.0 ], [ -45.369453659595862, -23.820370042612218, 0.0 ], [ -45.371181939679502, -23.820993689469489, 0.0 ], [ -45.376399982889687, -23.822412106104757, 0.0 ], [ -45.378672945614227, -23.821973662768119, 0.0 ], [ -45.380164400566244, -23.822670110124438, 0.0 ], [ -45.3824137103732, -23.824138799062315, 0.0 ], [ -45.38399736213313, -23.825947237107375, 0.0 ], [ -45.385672711704437, -23.828152542136657, 0.0 ], [ -45.386313666989373, -23.828716705010198, 0.0 ], [ -45.387127815453283, -23.829190109020306, 0.0 ], [ -45.388977526642982, -23.829794348290687, 0.0 ], [ -45.390984943321548, -23.830733455783811, 0.0 ], [ -45.392562488427203, -23.831853035943016, 0.0 ], [ -45.394236364777107, -23.833416993942844, 0.0 ], [ -45.394769500776121, -23.834479632324179, 0.0 ], [ -45.395560163275398, -23.835277860695449, 0.0 ], [ -45.396080021281257, -23.836111275547228, 0.0 ], [ -45.397273837370996, -23.837206004017879, 0.0 ], [ -45.398198242211485, -23.838551939057663, 0.0 ], [ -45.399584047256852, -23.839081134910366, 0.0 ], [ -45.400455241475264, -23.840325556388027, 0.0 ], [ -45.401998783569418, -23.842018462446408, 0.0 ], [ -45.40404221141867, -23.843574146140959, 0.0 ], [ -45.405894435035023, -23.846143421741402, 0.0 ], [ -45.412079825529098, -23.851630604707047, 0.0 ], [ -45.412369263424978, -23.852322234065159, 0.0 ], [ -45.412409825091721, -23.853829856404413, 0.0 ], [ -45.412630209027817, -23.854361755750041, 0.0 ], [ -45.417463619810036, -23.859421967133159, 0.0 ], [ -45.423516298623888, -23.861956218373283, 0.0 ], [ -45.427543112685292, -23.862160646515868, 0.0 ], [ -45.428140523288981, -23.862703497618984, 0.0 ], [ -45.428001154514213, -23.863055134615347, 0.0 ], [ -45.428122200286438, -23.863395160580716, 0.0 ], [ -45.429013207252588, -23.863723027245179, 0.0 ], [ -45.430628616688331, -23.865719961946279, 0.0 ], [ -45.432408981938487, -23.868612231420826, 0.0 ], [ -45.433957860880739, -23.869328550765193, 0.0 ], [ -45.435374774231803, -23.87095339022747, 0.0 ], [ -45.436901528873328, -23.871484769344626, 0.0 ], [ -45.437639841450654, -23.87193680528328, 0.0 ], [ -45.439031222757848, -23.872788675109103, 0.0 ], [ -45.441392788962176, -23.873770202303515, 0.0 ], [ -45.443421634213202, -23.875870525303323, 0.0 ], [ -45.443645489787251, -23.877495867423882, 0.0 ], [ -45.443671532478461, -23.877681903120969, 0.0 ], [ -45.444151134552108, -23.878093371774284, 0.0 ] ] } },
{ "type": "Feature", "properties": { "Rodovia": "SP 131", "TipoRodovi": "Eixo", "Orientacao": "Transversal", "Origem": "Estadual", "Municipio": "Ilhabela", "CodRegiona": "DR 06", "SedeRegion": "Taubaté", "KmInicial": 16.59, "KmFinal": 24.519, "Extensao": 7.929, "DescricaoI": "Ponta da Cela", "DescricaoF": "Borrifos", "Jurisdicao": "Estadual", "Administra": "DER", "Conservado": "05.04", "TipoPista": "PAV", "Sobreposic": null, "Subposicao": null, "PerimetroU": "Nã", "DataInicio": null, "DataFimCon": null, "EstadualCo": "Nã", "Denominaca": "s/d", "Legislacao": null, "TPUso": null, "TransfMuni": null, "Subtrecho": "131SPE4991" }, "geometry": { "type": "LineString", "coordinates": [ [ -45.444151134552108, -23.878093371774284, 0.0 ], [ -45.447195504777206, -23.880705184791886, 0.0 ], [ -45.44712926880247, -23.881661276601836, 0.0 ], [ -45.447499272571413, -23.882713998162707, 0.0 ], [ -45.448868620378953, -23.883961589281107, 0.0 ], [ -45.449131070489628, -23.88449938715631, 0.0 ], [ -45.449994587100562, -23.885037150488674, 0.0 ], [ -45.450692139661726, -23.88518401730769, 0.0 ], [ -45.450706147992229, -23.885299492894877, 0.0 ], [ -45.451007463425761, -23.885488150660638, 0.0 ], [ -45.451389341701905, -23.885916031675819, 0.0 ], [ -45.452134582403453, -23.886070897154831, 0.0 ], [ -45.452653596831745, -23.886790404080351, 0.0 ], [ -45.452913891105119, -23.887034151546889, 0.0 ], [ -45.453521489373067, -23.887336460233755, 0.0 ], [ -45.45358129960097, -23.887472337543933, 0.0 ], [ -45.453647206167368, -23.887622081553708, 0.0 ], [ -45.453211621378998, -23.888823095622257, 0.0 ], [ -45.453535168735463, -23.889642058362089, 0.0 ], [ -45.453640311750618, -23.891219662047988, 0.0 ], [ -45.453909706526744, -23.891474665573725, 0.0 ], [ -45.454720255883821, -23.891772921560484, 0.0 ], [ -45.455545162186837, -23.891928583687921, 0.0 ], [ -45.456294386299412, -23.892425084864364, 0.0 ], [ -45.456456818502275, -23.892616842290337, 0.0 ], [ -45.45644007379051, -23.893286228421292, 0.0 ], [ -45.456606834772607, -23.893754234039523, 0.0 ], [ -45.457243067597098, -23.894397750368768, 0.0 ], [ -45.457242181220813, -23.89481261259419, 0.0 ], [ -45.457126421893904, -23.895194263847298, 0.0 ], [ -45.457877817992028, -23.896342375156916, 0.0 ], [ -45.457930864205309, -23.897250395040256, 0.0 ], [ -45.458115490745008, -23.897552703738853, 0.0 ], [ -45.458767742739333, -23.89792467625858, 0.0 ], [ -45.458945737487603, -23.898119083075805, 0.0 ], [ -45.458740674443462, -23.899106984330711, 0.0 ], [ -45.458193456397623, -23.899407522384049, 0.0 ], [ -45.458024927541629, -23.899679627504909, 0.0 ], [ -45.45792072394039, -23.899975886266152, 0.0 ], [ -45.457965980421456, -23.900273208919689, 0.0 ], [ -45.45772827032313, -23.901218982424339, 0.0 ], [ -45.457721941087271, -23.901463279871585, 0.0 ], [ -45.457843364848429, -23.901724471072352, 0.0 ], [ -45.458304875352908, -23.902050098020531, 0.0 ], [ -45.458621766600672, -23.902702914665291, 0.0 ], [ -45.458568334333528, -23.90355488862841, 0.0 ], [ -45.45872809979025, -23.904292250073059, 0.0 ], [ -45.458467481347732, -23.904632765959239, 0.0 ], [ -45.457672381105503, -23.905288850920609, 0.0 ], [ -45.457384227662445, -23.906030212642221, 0.0 ], [ -45.457730057343973, -23.906646988893755, 0.0 ], [ -45.457754327069281, -23.908227321612525, 0.0 ], [ -45.457814353217984, -23.908524562947285, 0.0 ], [ -45.458088174586329, -23.908802217594417, 0.0 ], [ -45.458198447986796, -23.909053834631681, 0.0 ], [ -45.457959588652663, -23.90936238879587, 0.0 ], [ -45.457585128641824, -23.909579234676514, 0.0 ], [ -45.457210896895205, -23.910223549190494, 0.0 ], [ -45.457283989706994, -23.910635319214691, 0.0 ], [ -45.457784365241736, -23.911191611744037, 0.0 ], [ -45.457802941105122, -23.911401435890561, 0.0 ], [ -45.457582710277833, -23.911681441988801, 0.0 ], [ -45.456796301875855, -23.912205363069798, 0.0 ], [ -45.456785612851569, -23.912470926787872, 0.0 ], [ -45.456981114206314, -23.912757711422948, 0.0 ], [ -45.457044747262927, -23.913134011549818, 0.0 ], [ -45.456845417099451, -23.913454597278058, 0.0 ], [ -45.456453173685944, -23.91451909905086, 0.0 ], [ -45.456243558095608, -23.915351707339351, 0.0 ], [ -45.456050629438835, -23.915709385922444, 0.0 ], [ -45.455419233985822, -23.916254383813715, 0.0 ], [ -45.455038062333053, -23.916438587001799, 0.0 ], [ -45.454816147400258, -23.916639633213549, 0.0 ], [ -45.45471087287617, -23.918421619878341, 0.0 ], [ -45.454327762568376, -23.91916938100535, 0.0 ], [ -45.453744318184519, -23.919717906355167, 0.0 ], [ -45.452936319775993, -23.919705612195003, 0.0 ], [ -45.452080026860656, -23.920035660747665, 0.0 ], [ -45.451707600309625, -23.920562656706839, 0.0 ], [ -45.451184077306195, -23.920830399680632, 0.0 ], [ -45.450861685434248, -23.921404062589225, 0.0 ], [ -45.450596658405566, -23.921542681430896, 0.0 ], [ -45.449280949110687, -23.922078567479382, 0.0 ], [ -45.449025902766692, -23.922051949797574, 0.0 ], [ -45.448832136701093, -23.921902359578251, 0.0 ], [ -45.448609626000163, -23.921933992496825, 0.0 ], [ -45.448378796714515, -23.922402474999874, 0.0 ], [ -45.448354373400214, -23.922652043085645, 0.0 ], [ -45.449042528868333, -23.923418565075409, 0.0 ], [ -45.449658938540637, -23.923738440044239, 0.0 ], [ -45.449812218574579, -23.923994228207764, 0.0 ], [ -45.4498165662772, -23.924714955124252, 0.0 ], [ -45.448388880513129, -23.926018901360642, 0.0 ], [ -45.447838471046495, -23.925979564391248, 0.0 ], [ -45.447056452594218, -23.926123693769078, 0.0 ], [ -45.446674407309402, -23.926275559237702, 0.0 ], [ -45.446102213531617, -23.926653503022287, 0.0 ], [ -45.444717609504529, -23.927040360461884, 0.0 ], [ -45.444014568927891, -23.928277618127808, 0.0 ], [ -45.443823471774706, -23.928443601930478, 0.0 ], [ -45.443303875593308, -23.928651484763552, 0.0 ] ] } },
{ "type": "Feature", "properties": { "Rodovia": "SP 099", "TipoRodovi": "Eixo", "Orientacao": "Transversal", "Origem": "Estadual", "Municipio": "Caraguatatuba", "CodRegiona": "DR 06", "SedeRegion": "Taubaté", "KmInicial": 64.25, "KmFinal": 64.9, "Extensao": 0.65, "DescricaoI": "Divisa Municipal Paraibuna / Caraguatatuba", "DescricaoF": "Entroncamento SPI 095/099 - Inicio trecho sentido unico", "Jurisdicao": "Estadual", "Administra": "Concessionária", "Conservado": "Tamoios", "TipoPista": "DUP", "Sobreposic": null, "Subposicao": null, "PerimetroU": "Nã", "DataInicio": "18 04 2015", "DataFimCon": "18 04 2045", "EstadualCo": "Nã", "Denominaca": "Estrada dos Tamoios", "Legislacao": "Lei 1.796 de 18/10/78", "TPUso": null, "TransfMuni": null, "Subtrecho": "099SPE1962" }, "geometry": { "type": "LineString", "coordinates": [ [ -45.488426223190778, -23.572832849416525, 0.0 ], [ -45.486190528005004, -23.57519455012989, 0.0 ], [ -45.484164347520512, -23.576783384505678, 0.0 ] ] } },
{ "type": "Feature", "properties": { "Rodovia": "SP 099", "TipoRodovi": "Eixo", "Orientacao": "Transversal", "Origem": "Estadual", "Municipio": "Caraguatatuba", "CodRegiona": "DR 06", "SedeRegion": "Taubaté", "KmInicial": 64.9, "KmFinal": 81.1, "Extensao": 16.2, "DescricaoI": "Entroncamento SPI 095/099 - Inicio trecho sentido unico", "DescricaoF": "Final do trecho sentido unico", "Jurisdicao": "Estadual", "Administra": "Concessionária", "Conservado": "Tamoios", "TipoPista": "DUP", "Sobreposic": null, "Subposicao": null, "PerimetroU": "Nã", "DataInicio": "18 04 2015", "DataFimCon": "18 04 2045", "EstadualCo": "Nã", "Denominaca": "Estrada dos Tamoios", "Legislacao": "Lei 1.796 de 18/10/78", "TPUso": null, "TransfMuni": null, "Subtrecho": "099SPE5155" }, "geometry": { "type": "LineString", "coordinates": [ [ -45.484164347520512, -23.576783384505678, 0.0 ], [ -45.482725562364799, -23.577911561035169, 0.0 ], [ -45.481750418234306, -23.578480475706588, 0.0 ], [ -45.480700521757917, -23.578870571093464, 0.0 ], [ -45.477545891924542, -23.579648927424032, 0.0 ], [ -45.476511035452177, -23.579882984484207, 0.0 ], [ -45.475456993123231, -23.579974401903797, 0.0 ], [ -45.474410532223935, -23.57990402480322, 0.0 ], [ -45.473396392714434, -23.579668719144035, 0.0 ], [ -45.471950506932728, -23.579145518420269, 0.0 ], [ -45.471434723002929, -23.578958868300724, 0.0 ], [ -45.469476479150863, -23.578302054780998, 0.0 ], [ -45.468492754915303, -23.578218030603853, 0.0 ], [ -45.467518760151115, -23.578361248672437, 0.0 ], [ -45.466583789703535, -23.578718964787836, 0.0 ], [ -45.466483027429689, -23.578772101650628, 0.0 ], [ -45.457658688949145, -23.583455166063896, 0.0 ], [ -45.456891229050882, -23.584117656787978, 0.0 ], [ -45.456365948477981, -23.584978842243348, 0.0 ], [ -45.456155444283986, -23.585949489643301, 0.0 ], [ -45.456117187590962, -23.586746725743925, 0.0 ], [ -45.456162997479304, -23.589309386421839, 0.0 ], [ -45.456671601748482, -23.590494890892597, 0.0 ], [ -45.456802524610147, -23.590807581685326, 0.0 ], [ -45.456935128199348, -23.591158231801732, 0.0 ], [ -45.456993988203259, -23.591402008097166, 0.0 ], [ -45.456996777841795, -23.591642946333153, 0.0 ], [ -45.456921958180452, -23.592064199372835, 0.0 ], [ -45.456840055994732, -23.592379554977935, 0.0 ], [ -45.45674532372886, -23.59261182807753, 0.0 ], [ -45.456632783248381, -23.592858556898154, 0.0 ], [ -45.456613404065877, -23.593033716857846, 0.0 ], [ -45.456714738178448, -23.59318861661723, 0.0 ], [ -45.456979701123288, -23.593572769814116, 0.0 ], [ -45.457162216556078, -23.593814514704103, 0.0 ], [ -45.457238785279515, -23.593989658690997, 0.0 ], [ -45.457189579959106, -23.594171738897224, 0.0 ], [ -45.457105536683798, -23.594433387097304, 0.0 ], [ -45.456958420218413, -23.594993041425496, 0.0 ], [ -45.456831014435252, -23.595230193422321, 0.0 ], [ -45.456662425239408, -23.595367450714981, 0.0 ], [ -45.456519378287389, -23.595416268589229, 0.0 ], [ -45.456368342623485, -23.595391322226973, 0.0 ], [ -45.45621820793918, -23.595353200184526, 0.0 ], [ -45.456121516198024, -23.595325522962579, 0.0 ], [ -45.456006481516212, -23.595258855454887, 0.0 ], [ -45.455933213561664, -23.59515561796244, 0.0 ], [ -45.455867563041757, -23.595037519309457, 0.0 ], [ -45.455836992169111, -23.594936505692871, 0.0 ], [ -45.455834557748268, -23.594786725375009, 0.0 ], [ -45.4557655898303, -23.594064847577645, 0.0 ], [ -45.455735254362665, -23.593904766786114, 0.0 ], [ -45.455671679776593, -23.593637139477757, 0.0 ], [ -45.455574204571199, -23.593448279587083, 0.0 ], [ -45.455403685154074, -23.593215029968405, 0.0 ], [ -45.455220384988159, -23.592956005549429, 0.0 ], [ -45.454669263971915, -23.592400607536671, 0.0 ], [ -45.454269615479618, -23.591971492264214, 0.0 ], [ -45.454131421806458, -23.591794767759879, 0.0 ], [ -45.453982581214127, -23.591650880513448, 0.0 ], [ -45.453837650979679, -23.591542233336927, 0.0 ], [ -45.453567066842446, -23.591468241060799, 0.0 ], [ -45.453307583686971, -23.591480282887265, 0.0 ], [ -45.452851633378216, -23.591568229980826, 0.0 ], [ -45.452529327188103, -23.591659837607086, 0.0 ], [ -45.452260503870669, -23.591807544177051, 0.0 ], [ -45.452182949241035, -23.591958742113952, 0.0 ], [ -45.452131348401274, -23.592130569750637, 0.0 ], [ -45.452064486180269, -23.5922941464773, 0.0 ], [ -45.451983579933739, -23.592417213798811, 0.0 ], [ -45.45187878042573, -23.592507473719028, 0.0 ], [ -45.451723795331844, -23.59261082559458, 0.0 ], [ -45.451591186065478, -23.592638121062929, 0.0 ], [ -45.451405313592396, -23.592645412406352, 0.0 ], [ -45.451181285306312, -23.592630301755619, 0.0 ], [ -45.450987859727832, -23.592586485490461, 0.0 ], [ -45.450803170602398, -23.592530021719959, 0.0 ], [ -45.450667463181233, -23.592447802160283, 0.0 ], [ -45.450604747132239, -23.592356710854165, 0.0 ], [ -45.450577083318308, -23.592193187641247, 0.0 ], [ -45.450574665259943, -23.592057155695151, 0.0 ], [ -45.450576189444448, -23.591789789557527, 0.0 ], [ -45.450553336044038, -23.591678445127453, 0.0 ], [ -45.450523274246834, -23.591593388424439, 0.0 ], [ -45.45049372511744, -23.591460638194906, 0.0 ], [ -45.450388597473221, -23.591311138034868, 0.0 ], [ -45.450325708509979, -23.591209758267301, 0.0 ], [ -45.450158391563754, -23.590996848171091, 0.0 ], [ -45.450077161006952, -23.59080355570822, 0.0 ], [ -45.450081096258593, -23.59068765021674, 0.0 ], [ -45.450057454079186, -23.590591534941989, 0.0 ], [ -45.450095862785723, -23.590467288717761, 0.0 ], [ -45.450191334653361, -23.590205411602199, 0.0 ], [ -45.450388374510723, -23.589865835994981, 0.0 ], [ -45.450500001526343, -23.589648825118712, 0.0 ], [ -45.450571375357072, -23.589587559791845, 0.0 ], [ -45.450650261829892, -23.589541770529483, 0.0 ], [ -45.45077100727098, -23.589591817433508, 0.0 ], [ -45.45099074408941, -23.589563147470191, 0.0 ], [ -45.451130984763076, -23.589568933728437, 0.0 ], [ -45.45120552949134, -23.589459066633498, 0.0 ], [ -45.451266946009625, -23.589291039628687, 0.0 ], [ -45.451341478646349, -23.589056694216346, 0.0 ], [ -45.451345873182284, -23.588914447701281, 0.0 ], [ -45.451346648535271, -23.588557670149644, 0.0 ], [ -45.451339898801542, -23.588471856365114, 0.0 ], [ -45.45097534800658, -23.588102485068031, 0.0 ], [ -45.450310853397283, -23.587742731143116, 0.0 ], [ -45.449549284545924, -23.587877695886, 0.0 ], [ -45.448887400469303, -23.587823646818354, 0.0 ], [ -45.448712569220532, -23.5872845141242, 0.0 ], [ -45.448330110154487, -23.587024381605485, 0.0 ], [ -45.447777138575056, -23.587030934634495, 0.0 ], [ -45.447682712453563, -23.58650784119472, 0.0 ], [ -45.447230052307034, -23.58627075687896, 0.0 ], [ -45.446982959058772, -23.587424868498911, 0.0 ], [ -45.446388401013458, -23.587872708777713, 0.0 ], [ -45.446022777863739, -23.588361721517071, 0.0 ], [ -45.446365084696794, -23.58889118142228, 0.0 ], [ -45.44709831627415, -23.58907011015101, 0.0 ], [ -45.448212740013581, -23.589182925736988, 0.0 ], [ -45.447951939086344, -23.589659744365747, 0.0 ], [ -45.447638103463134, -23.589881865878951, 0.0 ], [ -45.446146336803963, -23.590422297071274, 0.0 ], [ -45.445400995987889, -23.590789312811783, 0.0 ], [ -45.445219458636124, -23.591134248206327, 0.0 ], [ -45.445563759919914, -23.591167388782676, 0.0 ], [ -45.446051681416343, -23.590954779961756, 0.0 ], [ -45.446754793381608, -23.590994070257537, 0.0 ], [ -45.447470101131415, -23.591222202322975, 0.0 ], [ -45.448209326558825, -23.592121015886427, 0.0 ], [ -45.448061229854005, -23.59279575032204, 0.0 ], [ -45.447718210543663, -23.593419517469844, 0.0 ], [ -45.447231405916938, -23.593389351642827, 0.0 ], [ -45.447405628536693, -23.592975910995808, 0.0 ], [ -45.447770452895945, -23.592559436167893, 0.0 ], [ -45.447522821909978, -23.592053066541492, 0.0 ], [ -45.446803081586154, -23.591877560779889, 0.0 ], [ -45.446049605201459, -23.59214377206888, 0.0 ], [ -45.444697440347163, -23.593250962657937, 0.0 ], [ -45.444123255516523, -23.59340150356708, 0.0 ], [ -45.443789493141061, -23.592906555776054, 0.0 ], [ -45.443497941439659, -23.591180008801999, 0.0 ], [ -45.443177955324359, -23.590789759075008, 0.0 ], [ -45.44061724285249, -23.58958979708575, 0.0 ], [ -45.440206205893418, -23.589544137593535, 0.0 ], [ -45.439739254376796, -23.589645762362299, 0.0 ], [ -45.439454195460371, -23.589684996632069, 0.0 ], [ -45.439268793813184, -23.589696942704975, 0.0 ], [ -45.438987521542472, -23.589760958816218, 0.0 ], [ -45.438835976512813, -23.589901782599291, 0.0 ], [ -45.438678110633617, -23.590105543318781, 0.0 ], [ -45.438601361639712, -23.590307236741342, 0.0 ], [ -45.438508127136657, -23.590441857350605, 0.0 ], [ -45.438342612885052, -23.590557810559677, 0.0 ], [ -45.438233602128918, -23.590701193258539, 0.0 ], [ -45.438112358807807, -23.591005184482722, 0.0 ], [ -45.438006295178504, -23.591499617443986, 0.0 ], [ -45.437916867738231, -23.591863183814631, 0.0 ], [ -45.437940904881444, -23.592069295781055, 0.0 ], [ -45.43795254890339, -23.592084895899191, 0.0 ], [ -45.438097037502189, -23.59227509953131, 0.0 ], [ -45.438276641317266, -23.592377174389753, 0.0 ], [ -45.438422054854712, -23.59239537210458, 0.0 ], [ -45.43855778009506, -23.592406381338428, 0.0 ], [ -45.438687054376899, -23.592397194216506, 0.0 ], [ -45.438818707592581, -23.592358238546296, 0.0 ], [ -45.439006365365103, -23.592279112901068, 0.0 ], [ -45.43920659766232, -23.592197793431037, 0.0 ], [ -45.439479298246347, -23.592098976367666, 0.0 ], [ -45.439643558413458, -23.591993279999755, 0.0 ], [ -45.43979298141879, -23.591865765698209, 0.0 ], [ -45.43987061000179, -23.591794324089332, 0.0 ], [ -45.439981957519898, -23.591532432394825, 0.0 ], [ -45.439988186858095, -23.59126004974642, 0.0 ], [ -45.440062841463366, -23.591030137985111, 0.0 ], [ -45.440099554532033, -23.590858994426824, 0.0 ], [ -45.440185380810945, -23.590673856297158, 0.0 ], [ -45.440283325044931, -23.59056734272772, 0.0 ], [ -45.4403776993516, -23.590475097564955, 0.0 ], [ -45.440576859485205, -23.590425692611806, 0.0 ], [ -45.440640975072533, -23.590472357009244, 0.0 ], [ -45.44075152852318, -23.590513601077362, 0.0 ], [ -45.440961860184494, -23.590724280239872, 0.0 ], [ -45.441160581175851, -23.590908940653875, 0.0 ], [ -45.441326331341401, -23.590977013178787, 0.0 ], [ -45.441456644180832, -23.591002548603846, 0.0 ], [ -45.441656110073623, -23.591045747491865, 0.0 ], [ -45.441814361409463, -23.591047297892629, 0.0 ], [ -45.441910197757224, -23.591083477192413, 0.0 ], [ -45.442043362349665, -23.591133262733507, 0.0 ], [ -45.442205228171403, -23.591257679332408, 0.0 ], [ -45.44241941393399, -23.591406194408613, 0.0 ], [ -45.442510047870989, -23.591553837773045, 0.0 ], [ -45.442591962735484, -23.59174234817112, 0.0 ], [ -45.442562927552963, -23.59193957992499, 0.0 ], [ -45.4424941169665, -23.592289425738084, 0.0 ], [ -45.442382679767697, -23.592603426107686, 0.0 ], [ -45.442289237972091, -23.592795266470706, 0.0 ], [ -45.442155469163318, -23.592971751306504, 0.0 ], [ -45.442022565439387, -23.593082173024616, 0.0 ], [ -45.441867311548314, -23.593158002271707, 0.0 ], [ -45.441745654089758, -23.593178048369914, 0.0 ], [ -45.441608826119328, -23.593162949021917, 0.0 ], [ -45.441329150620092, -23.593126281081943, 0.0 ], [ -45.441195500751434, -23.593106571802807, 0.0 ], [ -45.440955872356646, -23.593192804518392, 0.0 ], [ -45.44083048019143, -23.593338803900028, 0.0 ], [ -45.440690003007553, -23.593513741938214, 0.0 ], [ -45.440610354513851, -23.593750669782384, 0.0 ], [ -45.440568596520428, -23.593957333447822, 0.0 ], [ -45.440652613218589, -23.594189433696513, 0.0 ], [ -45.440841897928109, -23.594524510273562, 0.0 ], [ -45.441089977091899, -23.594865168568337, 0.0 ], [ -45.441277529714682, -23.595098457880653, 0.0 ], [ -45.441457229452247, -23.595191385076365, 0.0 ], [ -45.441762874506928, -23.595307794168168, 0.0 ], [ -45.442301743292418, -23.595463751649504, 0.0 ], [ -45.442865785172913, -23.595591768683516, 0.0 ], [ -45.443397951378728, -23.595640971841242, 0.0 ], [ -45.444196087675216, -23.595787298119998, 0.0 ], [ -45.444586176805458, -23.59588944921402, 0.0 ], [ -45.444727315279884, -23.595978382234971, 0.0 ], [ -45.444849830961246, -23.596090056596868, 0.0 ], [ -45.444882878378714, -23.596324898279772, 0.0 ], [ -45.444872279547283, -23.596615117189398, 0.0 ], [ -45.444798010191178, -23.597345680128132, 0.0 ], [ -45.444762411749402, -23.597812167930989, 0.0 ], [ -45.444739023979231, -23.597939166666794, 0.0 ], [ -45.444772204659742, -23.59810328409537, 0.0 ], [ -45.444806815242671, -23.598205401479024, 0.0 ], [ -45.444918743985696, -23.598327362041935, 0.0 ], [ -45.445101437389837, -23.598470609660549, 0.0 ], [ -45.445410578086232, -23.598590613027451, 0.0 ], [ -45.445534299743194, -23.598620461820559, 0.0 ], [ -45.445651261435188, -23.598634001606332, 0.0 ], [ -45.445746859919794, -23.598603759843623, 0.0 ], [ -45.445822208660296, -23.598564263622475, 0.0 ], [ -45.445900986327601, -23.598491305666482, 0.0 ], [ -45.445958887293344, -23.598390341538099, 0.0 ], [ -45.445967574219928, -23.598295169420442, 0.0 ], [ -45.446015373124553, -23.598165423899498, 0.0 ], [ -45.446048991929572, -23.598010755915688, 0.0 ], [ -45.446220475544209, -23.597866164019315, 0.0 ], [ -45.446339855295463, -23.597775861151096, 0.0 ], [ -45.446541389668795, -23.597719795121485, 0.0 ], [ -45.446834302149476, -23.597770213962573, 0.0 ], [ -45.447054849865715, -23.597869488905101, 0.0 ], [ -45.447235756212265, -23.59799490945063, 0.0 ], [ -45.44746293947361, -23.598299229673252, 0.0 ], [ -45.447664097519528, -23.598577196403845, 0.0 ], [ -45.447846821746047, -23.598797098530998, 0.0 ], [ -45.448118642097157, -23.599052989868397, 0.0 ], [ -45.448321814618986, -23.599168628179999, 0.0 ], [ -45.448565686143134, -23.59921086783503, 0.0 ], [ -45.448713016482074, -23.599176479705864, 0.0 ], [ -45.448934858612077, -23.599201125265964, 0.0 ], [ -45.449056058852264, -23.599198411449635, 0.0 ], [ -45.4491958028567, -23.599269183592501, 0.0 ], [ -45.449300923309913, -23.599368197790618, 0.0 ], [ -45.449414216161983, -23.59958531180855, 0.0 ], [ -45.449510756943219, -23.599780975220288, 0.0 ], [ -45.44961793157308, -23.600179333446906, 0.0 ], [ -45.44966716577872, -23.600469084198764, 0.0 ], [ -45.449708417696179, -23.600718433262553, 0.0 ], [ -45.449678036930322, -23.601113695681594, 0.0 ], [ -45.44959467221328, -23.601409823053828, 0.0 ], [ -45.449473976457881, -23.601629081379418, 0.0 ], [ -45.449374878005457, -23.601733316236182, 0.0 ], [ -45.449156010050736, -23.601772553951882, 0.0 ], [ -45.449019060568638, -23.601711408158501, 0.0 ], [ -45.448845401613895, -23.601644911292912, 0.0 ], [ -45.448585914248049, -23.601458268455591, 0.0 ], [ -45.448371750135408, -23.601282834230705, 0.0 ], [ -45.448147470422228, -23.601154265841117, 0.0 ], [ -45.447941556204441, -23.601125358319486, 0.0 ], [ -45.447779850562867, -23.601119482639099, 0.0 ], [ -45.447611452355282, -23.601238562287364, 0.0 ], [ -45.447516225359003, -23.601365745480464, 0.0 ], [ -45.447417391015385, -23.601506343144486, 0.0 ], [ -45.447394247808447, -23.60173296563978, 0.0 ], [ -45.447430751464395, -23.601911343607462, 0.0 ], [ -45.447607794884917, -23.602800154089568, 0.0 ], [ -45.447809400860152, -23.603030901415906, 0.0 ], [ -45.447993244780804, -23.6031753489039, 0.0 ], [ -45.448217460994684, -23.603325151350738, 0.0 ], [ -45.448421850652934, -23.603489474276383, 0.0 ], [ -45.448531237437024, -23.603655317702206, 0.0 ], [ -45.448586359498179, -23.603799517971961, 0.0 ], [ -45.448578310894924, -23.603931931333008, 0.0 ], [ -45.448498936900009, -23.604088924693471, 0.0 ], [ -45.44838142141856, -23.604148369234434, 0.0 ], [ -45.44817125701038, -23.604251484847634, 0.0 ], [ -45.447934582920944, -23.60430579704353, 0.0 ], [ -45.447701930576486, -23.604356586462391, 0.0 ], [ -45.447496843677349, -23.604433131449419, 0.0 ], [ -45.447354133539541, -23.604558696727121, 0.0 ], [ -45.447147720794042, -23.604735489693269, 0.0 ], [ -45.44700408611304, -23.604934068560489, 0.0 ], [ -45.446915648705733, -23.605057155536876, 0.0 ], [ -45.446837851793688, -23.60515779604496, 0.0 ], [ -45.446728906287973, -23.605205437024377, 0.0 ], [ -45.446625367950539, -23.605196098832142, 0.0 ], [ -45.446532518366709, -23.605155845225216, 0.0 ], [ -45.446423095411973, -23.605083415175368, 0.0 ], [ -45.446247984006959, -23.604896347080064, 0.0 ], [ -45.446018751599141, -23.604653511588904, 0.0 ], [ -45.445804366724907, -23.6044198719629, 0.0 ], [ -45.445725133894328, -23.60425711942252, 0.0 ], [ -45.445575497716135, -23.603853190858541, 0.0 ], [ -45.4454952354737, -23.60335522087129, 0.0 ], [ -45.445432186806705, -23.603176809187314, 0.0 ], [ -45.445361089566212, -23.603057102237177, 0.0 ], [ -45.445228155459517, -23.602952428303912, 0.0 ], [ -45.445030576680956, -23.602835029848517, 0.0 ], [ -45.444707189048742, -23.602727010544793, 0.0 ], [ -45.44447494238976, -23.602640879522159, 0.0 ], [ -45.443766371197249, -23.602532466622471, 0.0 ], [ -45.443256529861209, -23.602528615843202, 0.0 ], [ -45.44292049092553, -23.602525891657685, 0.0 ], [ -45.442727642910214, -23.60251525354262, 0.0 ], [ -45.442599582531642, -23.602477932375951, 0.0 ], [ -45.442432474485692, -23.602387638425, 0.0 ], [ -45.442373811304464, -23.602273608849721, 0.0 ], [ -45.442287301320739, -23.602098149554461, 0.0 ], [ -45.442172237007433, -23.601889169807752, 0.0 ], [ -45.441949904868501, -23.601606983480213, 0.0 ], [ -45.441810236516126, -23.601477427216647, 0.0 ], [ -45.441647197179257, -23.601364379722138, 0.0 ], [ -45.441428801143253, -23.601288290215724, 0.0 ], [ -45.441099368824936, -23.601219427625658, 0.0 ], [ -45.440875494067093, -23.601182176102231, 0.0 ], [ -45.440544338188744, -23.60109415146086, 0.0 ], [ -45.440270691758663, -23.601013909285879, 0.0 ], [ -45.440138735863933, -23.60094046953688, 0.0 ], [ -45.440123488005376, -23.60092989643552, 0.0 ], [ -45.439952552280047, -23.600793310579448, 0.0 ], [ -45.439777646080529, -23.600566207883247, 0.0 ], [ -45.439560487206755, -23.600205729230751, 0.0 ], [ -45.439467713572455, -23.600088292339247, 0.0 ], [ -45.439355295793654, -23.600005494605355, 0.0 ], [ -45.439211936955466, -23.59991578189312, 0.0 ], [ -45.439085305618775, -23.59982797474278, 0.0 ], [ -45.438941006181089, -23.599727915411648, 0.0 ], [ -45.43880118971439, -23.599577485297615, 0.0 ], [ -45.438709548086216, -23.599513938368474, 0.0 ], [ -45.438589820374013, -23.59942114992154, 0.0 ], [ -45.438481768701287, -23.599336441767502, 0.0 ], [ -45.43835380975468, -23.599208450615599, 0.0 ], [ -45.438176000470747, -23.599070369666105, 0.0 ], [ -45.437980365328229, -23.598860337500472, 0.0 ], [ -45.437858744871527, -23.598705873223672, 0.0 ], [ -45.437737128750584, -23.598571020665595, 0.0 ], [ -45.437567386671908, -23.598407535918557, 0.0 ], [ -45.43711884320706, -23.598108682738822, 0.0 ], [ -45.437020585244426, -23.598015895669629, 0.0 ], [ -45.436910543143519, -23.597960385999908, 0.0 ], [ -45.436634796843123, -23.597854369234241, 0.0 ], [ -45.43641791923163, -23.597894209366654, 0.0 ], [ -45.436170685863914, -23.597990649866126, 0.0 ], [ -45.436005690534188, -23.598067408925839, 0.0 ], [ -45.435802947722472, -23.598142005575074, 0.0 ], [ -45.435534238125442, -23.598164109574352, 0.0 ], [ -45.435089554811292, -23.598124841530662, 0.0 ], [ -45.434856812104144, -23.598209773667641, 0.0 ], [ -45.434728656351695, -23.59827358185818, 0.0 ], [ -45.434564109019824, -23.598334336517635, 0.0 ], [ -45.434308179812824, -23.598314905603196, 0.0 ], [ -45.434203933100562, -23.598244340081738, 0.0 ], [ -45.434092610304283, -23.598082513431539, 0.0 ], [ -45.434019155725593, -23.597948964758881, 0.0 ], [ -45.433882580328152, -23.597760022456768, 0.0 ], [ -45.433669501448669, -23.597628822308589, 0.0 ], [ -45.433434373529806, -23.597537366964406, 0.0 ], [ -45.433185749375461, -23.597503056295722, 0.0 ], [ -45.432893349947086, -23.597436101765162, 0.0 ], [ -45.432586324585053, -23.597342053251747, 0.0 ], [ -45.432375355169981, -23.597235189698765, 0.0 ], [ -45.431920660503835, -23.597206846269479, 0.0 ], [ -45.431787853368867, -23.597198568805233, 0.0 ], [ -45.431488171022188, -23.59742858978019, 0.0 ], [ -45.431452224313148, -23.598157811214687, 0.0 ], [ -45.431793911824307, -23.600030462512017, 0.0 ], [ -45.431630558124795, -23.601071711895624, 0.0 ], [ -45.431019089479101, -23.602015858209846, 0.0 ], [ -45.430187413462313, -23.602800098149064, 0.0 ], [ -45.429337445352623, -23.603458777370271, 0.0 ], [ -45.427956908667703, -23.606358121939174, 0.0 ], [ -45.428102863061902, -23.607306975555126, 0.0 ], [ -45.428423313038671, -23.608199075205619, 0.0 ], [ -45.428703872753374, -23.608597952388369, 0.0 ] ] } },
{ "type": "Feature", "properties": { "Rodovia": "SP 099", "TipoRodovi": "Eixo", "Orientacao": "Transversal", "Origem": "Estadual", "Municipio": "Caraguatatuba", "CodRegiona": "DR 06", "SedeRegion": "Taubaté", "KmInicial": 81.1, "KmFinal": 83.4, "Extensao": 2.3, "DescricaoI": "Final do trecho sentido unico", "DescricaoF": "Entroncamento SP 055 (km 102)", "Jurisdicao": "Estadual", "Administra": "Concessionária", "Conservado": "Tamoios", "TipoPista": "PAV", "Sobreposic": null, "Subposicao": null, "PerimetroU": "Nã", "DataInicio": "18 04 2015", "DataFimCon": "18 04 2045", "EstadualCo": "Nã", "Denominaca": "Estrada dos Tamoios", "Legislacao": "Lei 1.796 de 18/10/78", "TPUso": null, "TransfMuni": null, "Subtrecho": "099SPE2410" }, "geometry": { "type": "LineString", "coordinates": [ [ -45.428703872753374, -23.608597952388369, 0.0 ], [ -45.428971975176701, -23.608979116815178, 0.0 ], [ -45.430249532798683, -23.610215729830706, 0.0 ], [ -45.430478757169446, -23.61088240475036, 0.0 ], [ -45.431186106987887, -23.616583362196003, 0.0 ], [ -45.430926756106366, -23.617889963474518, 0.0 ], [ -45.430677358741299, -23.618490113355687, 0.0 ], [ -45.429666549132293, -23.6198487517754, 0.0 ], [ -45.427635540094272, -23.621914045997233, 0.0 ], [ -45.424474071279526, -23.625976487320262, 0.0 ], [ -45.424241410354774, -23.626485239847554, 0.0 ], [ -45.424292566071536, -23.627202200494231, 0.0 ] ] } },
{ "type": "Feature", "properties": { "Rodovia": "BR 101", "TipoRodovi": "Eixo", "Orientacao": "Sem Informação", "Origem": "Federal", "Municipio": "Ubatuba", "CodRegiona": "DR 06", "SedeRegion": "Taubaté", "KmInicial": 0.0, "KmFinal": 48.6, "Extensao": 48.6, "DescricaoI": "Divisa de Parati (RJ) com Ubatuba (SP)", "DescricaoF": "Entroncamento SP 125 - BR 383 (Planejada)", "Jurisdicao": "Federal", "Administra": "DNIT", "Conservado": "DNIT", "TipoPista": "PAV", "Sobreposic": null, "Subposicao": null, "PerimetroU": "Nã", "DataInicio": null, "DataFimCon": null, "EstadualCo": "Nã", "Denominaca": null, "Legislacao": null, "TPUso": null, "TransfMuni": null, "Subtrecho": "101BSP6778" }, "geometry": { "type": "LineString", "coordinates": [ [ -44.757615549931558, -23.34992033185376, 0.0 ], [ -44.760359678149129, -23.351141726106434, 0.0 ], [ -44.770098329147153, -23.356043883759231, 0.0 ], [ -44.773160873467774, -23.359588002829575, 0.0 ], [ -44.773561459699081, -23.359782115631916, 0.0 ], [ -44.774179215189477, -23.359933839406061, 0.0 ], [ -44.774833407150879, -23.36005690581851, 0.0 ], [ -44.776042188289068, -23.360290994868066, 0.0 ], [ -44.777195733811183, -23.360569648370305, 0.0 ], [ -44.777639779144721, -23.360819349375998, 0.0 ], [ -44.777991055627119, -23.36124839135546, 0.0 ], [ -44.778138678989592, -23.361456916199163, 0.0 ], [ -44.778509742621317, -23.361944326898435, 0.0 ], [ -44.778861580228067, -23.362188922419524, 0.0 ], [ -44.779192616648992, -23.362262157282537, 0.0 ], [ -44.781447669254852, -23.362487059129716, 0.0 ], [ -44.781695549213147, -23.362414716651394, 0.0 ], [ -44.782177799434592, -23.362063249224033, 0.0 ], [ -44.782344977408727, -23.361833542026243, 0.0 ], [ -44.782470033933528, -23.361387922151135, 0.0 ], [ -44.782754787116971, -23.36064025305431, 0.0 ], [ -44.782925286163568, -23.36037156872947, 0.0 ], [ -44.783109894486657, -23.360151512078897, 0.0 ], [ -44.783541161490881, -23.359818323594766, 0.0 ], [ -44.783813463475497, -23.359722400918418, 0.0 ], [ -44.784756626959471, -23.359913436034724, 0.0 ], [ -44.785780299118478, -23.360332674939738, 0.0 ], [ -44.786163607829643, -23.360566849432836, 0.0 ], [ -44.786943911509823, -23.361556312588426, 0.0 ], [ -44.787311004496161, -23.361851856686364, 0.0 ], [ -44.787723370321835, -23.36232918881807, 0.0 ], [ -44.78811791673413, -23.362720854620697, 0.0 ], [ -44.788612897890921, -23.362969272969451, 0.0 ], [ -44.790707874304658, -23.364122750948649, 0.0 ], [ -44.79129480482456, -23.3644329207612, 0.0 ], [ -44.791541101546613, -23.364460908417886, 0.0 ], [ -44.79218622718659, -23.364544231220449, 0.0 ], [ -44.792721914541296, -23.364634926042967, 0.0 ], [ -44.792981474860284, -23.36471147000951, 0.0 ], [ -44.794299599484205, -23.365114473891683, 0.0 ], [ -44.795362982479787, -23.365536465406425, 0.0 ], [ -44.796092295945577, -23.365891329803166, 0.0 ], [ -44.796615923707556, -23.365927002560177, 0.0 ], [ -44.797005794175966, -23.365883055991254, 0.0 ], [ -44.797293679693844, -23.365790370488877, 0.0 ], [ -44.798021322134048, -23.365437969441938, 0.0 ], [ -44.798375781753492, -23.365301112856518, 0.0 ], [ -44.798886824524502, -23.365079816602449, 0.0 ], [ -44.799456861416864, -23.364980863541838, 0.0 ], [ -44.799717735222941, -23.364995734343196, 0.0 ], [ -44.800166186291825, -23.365108418582828, 0.0 ], [ -44.800618687447773, -23.365365834352158, 0.0 ], [ -44.80093361979506, -23.365599918525955, 0.0 ], [ -44.801646363388045, -23.366703301524034, 0.0 ], [ -44.802082742174974, -23.367177843840427, 0.0 ], [ -44.802709725158969, -23.367521659033251, 0.0 ], [ -44.803499025579484, -23.367673375925129, 0.0 ], [ -44.805179212448593, -23.367825225980027, 0.0 ], [ -44.805549464007377, -23.367773512011581, 0.0 ], [ -44.806708574254039, -23.367626091242773, 0.0 ], [ -44.807358741535666, -23.367251726831942, 0.0 ], [ -44.80785334607517, -23.367096918991333, 0.0 ], [ -44.808367134180301, -23.367048924342583, 0.0 ], [ -44.809007787780011, -23.36713045108225, 0.0 ], [ -44.809497407022306, -23.367147999075261, 0.0 ], [ -44.81013869327392, -23.367249722803514, 0.0 ], [ -44.810930881268654, -23.367493147597955, 0.0 ], [ -44.813803282757412, -23.368295521721169, 0.0 ], [ -44.813880049418174, -23.36826037900585, 0.0 ], [ -44.814653241253964, -23.368477327168875, 0.0 ], [ -44.815372491783592, -23.368829633903239, 0.0 ], [ -44.816637440354988, -23.369833876440005, 0.0 ], [ -44.817391171037457, -23.370334560343707, 0.0 ], [ -44.817789043654493, -23.370300396520481, 0.0 ], [ -44.818269475136084, -23.370196131073868, 0.0 ], [ -44.818549550184692, -23.370028298680527, 0.0 ], [ -44.819888041075401, -23.369844395261079, 0.0 ], [ -44.820473382044653, -23.369716413387227, 0.0 ], [ -44.821190866342498, -23.369437697629724, 0.0 ], [ -44.821535552800775, -23.369190008887443, 0.0 ], [ -44.83266714692418, -23.360166423588016, 0.0 ], [ -44.834024185747026, -23.359292827045696, 0.0 ], [ -44.853808714781891, -23.352509973960906, 0.0 ], [ -44.855674586963382, -23.352221763714933, 0.0 ], [ -44.857745196771525, -23.352297670335314, 0.0 ], [ -44.859386451417755, -23.352219668990355, 0.0 ], [ -44.859827773417528, -23.352030695612186, 0.0 ], [ -44.860884557451591, -23.351443280751436, 0.0 ], [ -44.863160542907245, -23.349971685819749, 0.0 ], [ -44.864960512538602, -23.348939469243849, 0.0 ], [ -44.86565754001608, -23.34864318536922, 0.0 ], [ -44.867902991634423, -23.34835722470072, 0.0 ], [ -44.868984964520251, -23.348106916564873, 0.0 ], [ -44.86952415508928, -23.347891603769682, 0.0 ], [ -44.8699849442093, -23.347543552373022, 0.0 ], [ -44.872356052162999, -23.344991507943647, 0.0 ], [ -44.873909172147989, -23.343585220370983, 0.0 ], [ -44.874962913768236, -23.342256279549975, 0.0 ], [ -44.881053300133949, -23.333896763125271, 0.0 ], [ -44.881701774205283, -23.33270946551022, 0.0 ], [ -44.883492528313816, -23.328755073519723, 0.0 ], [ -44.886117612814353, -23.324369593582695, 0.0 ], [ -44.887609901524058, -23.321979828898399, 0.0 ], [ -44.888520921268388, -23.321026174100957, 0.0 ], [ -44.890052674247244, -23.319916299385515, 0.0 ], [ -44.891330905304599, -23.319149297620083, 0.0 ], [ -44.892157741083111, -23.318669198872005, 0.0 ], [ -44.893103306555723, -23.318239657483399, 0.0 ], [ -44.894489481435379, -23.317964349764349, 0.0 ], [ -44.895056658274861, -23.317797867467288, 0.0 ], [ -44.899705952097392, -23.317453813315836, 0.0 ], [ -44.900709120089282, -23.317526375853888, 0.0 ], [ -44.902795883417447, -23.317798967547233, 0.0 ], [ -44.903901802949896, -23.318060510372295, 0.0 ], [ -44.905610766129584, -23.318738473113608, 0.0 ], [ -44.906354517961518, -23.319202989930272, 0.0 ], [ -44.907075804209903, -23.31979495810582, 0.0 ], [ -44.909648190097499, -23.323974137236657, 0.0 ], [ -44.910876194973596, -23.325823860172175, 0.0 ], [ -44.911993608241644, -23.327060961108266, 0.0 ], [ -44.91337783522269, -23.328124199277994, 0.0 ], [ -44.914072697718922, -23.328656056295991, 0.0 ], [ -44.915269808879273, -23.329258340793039, 0.0 ], [ -44.916097526273667, -23.329606760618109, 0.0 ], [ -44.931526654989746, -23.335037631287754, 0.0 ], [ -44.932793418475484, -23.335782577994379, 0.0 ], [ -44.933842549217587, -23.336830151625385, 0.0 ], [ -44.935484025083078, -23.339172616923239, 0.0 ], [ -44.937435449005726, -23.341719403356429, 0.0 ], [ -44.938325657221114, -23.34249996348462, 0.0 ], [ -44.947209958021453, -23.349289624144625, 0.0 ], [ -44.947940528388294, -23.350069144062221, 0.0 ], [ -44.948036822662012, -23.350735931953206, 0.0 ], [ -44.948243755853596, -23.352168824271661, 0.0 ], [ -44.948212596797113, -23.352623858942433, 0.0 ], [ -44.9479452854738, -23.353094406690893, 0.0 ], [ -44.947692092540578, -23.353375684106737, 0.0 ], [ -44.946667403007346, -23.353794644185403, 0.0 ], [ -44.94631347651918, -23.354051161923984, 0.0 ], [ -44.946130872746345, -23.354291112815812, 0.0 ], [ -44.946002230047135, -23.354790064429501, 0.0 ], [ -44.946040285528412, -23.356219016923404, 0.0 ], [ -44.945728771779102, -23.356718425479045, 0.0 ], [ -44.944919657001101, -23.357315724401612, 0.0 ], [ -44.944655865995834, -23.357549616505242, 0.0 ], [ -44.94447584041076, -23.357794154509904, 0.0 ], [ -44.944354447720556, -23.358420037774447, 0.0 ], [ -44.944437199603897, -23.35870958858084, 0.0 ], [ -44.945065195398222, -23.359703745970201, 0.0 ], [ -44.945523547514149, -23.360339859169315, 0.0 ], [ -44.946077649766643, -23.360862852565809, 0.0 ], [ -44.946686446853512, -23.361310885885874, 0.0 ], [ -44.947307950263394, -23.361658549723444, 0.0 ], [ -44.948004426902415, -23.361805417511697, 0.0 ], [ -44.948714472981564, -23.361814132474624, 0.0 ], [ -44.951581920397352, -23.361554862699684, 0.0 ], [ -44.952183636057356, -23.361577400633646, 0.0 ], [ -44.952775170410298, -23.361857988898826, 0.0 ], [ -44.953250260107438, -23.36281259393088, 0.0 ], [ -44.953091890308514, -23.363277197219105, 0.0 ], [ -44.952798885314266, -23.363609469779686, 0.0 ], [ -44.952182024491762, -23.363959442526248, 0.0 ], [ -44.950778068343169, -23.364414018299463, 0.0 ], [ -44.949733601307869, -23.365246764716403, 0.0 ], [ -44.949300376935618, -23.366976570338206, 0.0 ], [ -44.949242492002163, -23.367460458451863, 0.0 ], [ -44.949260087121985, -23.36765735367571, 0.0 ], [ -44.94939059699324, -23.367978139109177, 0.0 ], [ -44.949690112555338, -23.368444249307736, 0.0 ], [ -44.951153404100666, -23.36990892687653, 0.0 ], [ -44.951673028532142, -23.370532579552989, 0.0 ], [ -44.952193511050382, -23.371781115835031, 0.0 ], [ -44.952557705076273, -23.3723910638871, 0.0 ], [ -44.953131851414135, -23.372710018844597, 0.0 ], [ -44.953777363810751, -23.372722445342472, 0.0 ], [ -44.956544928772026, -23.371979688853571, 0.0 ], [ -44.959564881899553, -23.373120226179466, 0.0 ], [ -44.960288195612385, -23.372999665137474, 0.0 ], [ -44.961028893623308, -23.372992854807812, 0.0 ], [ -44.96174134927233, -23.373168006085596, 0.0 ], [ -44.964235439246835, -23.374141721471908, 0.0 ], [ -44.964628050064512, -23.374315787604427, 0.0 ], [ -44.964966331226741, -23.374605940066161, 0.0 ], [ -44.967977478677881, -23.379015451967959, 0.0 ], [ -44.968121485049025, -23.379330947013198, 0.0 ], [ -44.968224054074604, -23.379684415949466, 0.0 ], [ -44.968122771741228, -23.380146513243041, 0.0 ], [ -44.966578766158854, -23.381619660456792, 0.0 ], [ -44.966396065665386, -23.381959289190618, 0.0 ], [ -44.966357025174226, -23.38226562662862, 0.0 ], [ -44.966404329396788, -23.382557523997647, 0.0 ], [ -44.966510744413561, -23.382824881801426, 0.0 ], [ -44.966750701319548, -23.383075151425846, 0.0 ], [ -44.968061119567999, -23.383413293800658, 0.0 ], [ -44.971472323384255, -23.383851064481444, 0.0 ], [ -44.97212350522377, -23.384240105132381, 0.0 ], [ -44.973119105980849, -23.385426023488254, 0.0 ], [ -44.973657462471238, -23.3857244438009, 0.0 ], [ -44.978444099308817, -23.38636892294787, 0.0 ], [ -44.979042174495945, -23.386589330003488, 0.0 ], [ -44.980283386631434, -23.387607408876391, 0.0 ], [ -44.980852994668709, -23.387921123378906, 0.0 ], [ -44.982914450539823, -23.388691580841122, 0.0 ], [ -44.983908654365557, -23.389198932874841, 0.0 ], [ -44.984871166998253, -23.389846556721256, 0.0 ], [ -44.985526897822055, -23.390085532596846, 0.0 ], [ -44.986243894206531, -23.390083772516164, 0.0 ], [ -44.987278008083116, -23.389745167981541, 0.0 ], [ -44.987673831796229, -23.389594760350843, 0.0 ], [ -44.988462297965746, -23.389588563254119, 0.0 ], [ -44.989992186762535, -23.390028336869282, 0.0 ], [ -44.990763165133743, -23.389934328693606, 0.0 ], [ -44.992060487707249, -23.389052927604546, 0.0 ], [ -44.992557924406832, -23.388929016891367, 0.0 ], [ -44.993015320082193, -23.388985693056718, 0.0 ], [ -44.994682844614381, -23.389431151207184, 0.0 ], [ -44.99527608625705, -23.389727227974337, 0.0 ], [ -44.996612208617705, -23.390787355490438, 0.0 ], [ -44.997424687850497, -23.391138736651143, 0.0 ], [ -44.998842972076922, -23.391402520343846, 0.0 ], [ -45.00101102417586, -23.391706207870985, 0.0 ], [ -45.002384938565513, -23.391945965896802, 0.0 ], [ -45.003113493734148, -23.391987066815958, 0.0 ], [ -45.006182824657543, -23.39190062288468, 0.0 ], [ -45.006906056931186, -23.391981457151104, 0.0 ], [ -45.007586387765784, -23.392143408287204, 0.0 ], [ -45.00821191892927, -23.392339216955488, 0.0 ], [ -45.019986496001245, -23.398034385680401, 0.0 ], [ -45.020673625003781, -23.398341169004627, 0.0 ], [ -45.021011337548948, -23.398643733298378, 0.0 ], [ -45.02130184151175, -23.399115810727178, 0.0 ], [ -45.021358824500759, -23.399733429522549, 0.0 ], [ -45.021055653993621, -23.400348385344735, 0.0 ], [ -45.017159551944218, -23.403561415865909, 0.0 ], [ -45.016773106060398, -23.403852038978208, 0.0 ], [ -45.016419256211201, -23.40421199806898, 0.0 ], [ -45.016204672899178, -23.404721974660276, 0.0 ], [ -45.016262923185231, -23.405318595922033, 0.0 ], [ -45.016642158490917, -23.405871060568732, 0.0 ], [ -45.018696547041792, -23.407429770409117, 0.0 ], [ -45.01887636339216, -23.407713876707476, 0.0 ], [ -45.019059012135429, -23.40800062179337, 0.0 ], [ -45.019810632457734, -23.411005962864305, 0.0 ], [ -45.0200185735441, -23.411686906466251, 0.0 ], [ -45.020150441330152, -23.411931605857934, 0.0 ], [ -45.020479790432489, -23.412274916885128, 0.0 ], [ -45.021078858921165, -23.412525819580427, 0.0 ], [ -45.029313164644869, -23.414177244561269, 0.0 ], [ -45.029689840738655, -23.41410070503877, 0.0 ], [ -45.030106633783731, -23.413897356693383, 0.0 ], [ -45.031279606869973, -23.412984215120971, 0.0 ], [ -45.031936012823067, -23.412808979060351, 0.0 ], [ -45.032651207978226, -23.41294529602493, 0.0 ], [ -45.033255586158845, -23.413350317580477, 0.0 ], [ -45.04102267157085, -23.419657063656821, 0.0 ], [ -45.041630331994469, -23.419966229962569, 0.0 ], [ -45.042252039162875, -23.419962828672197, 0.0 ], [ -45.04271420397194, -23.419739947939664, 0.0 ], [ -45.043429010907253, -23.419015879692616, 0.0 ], [ -45.048327386284001, -23.413224460061077, 0.0 ], [ -45.048987407107013, -23.412727196796645, 0.0 ], [ -45.049756282235478, -23.412543874769842, 0.0 ], [ -45.050482604363893, -23.412636575804772, 0.0 ], [ -45.05417186702774, -23.414283225752644, 0.0 ], [ -45.054958699126622, -23.414337160378189, 0.0 ], [ -45.055677157839348, -23.41411524391124, 0.0 ], [ -45.055953051707554, -23.413963107931504, 0.0 ], [ -45.056262678380051, -23.413663862528264, 0.0 ], [ -45.056663423287269, -23.41314092617009, 0.0 ], [ -45.057565359710154, -23.411833639753091, 0.0 ], [ -45.058805829346674, -23.410094165277936, 0.0 ], [ -45.059225046267905, -23.409325629061858, 0.0 ], [ -45.059961278360127, -23.408656657203991, 0.0 ], [ -45.060354341920451, -23.408401644106508, 0.0 ], [ -45.061030573276895, -23.408292238201309, 0.0 ], [ -45.061615176461196, -23.408330897796766, 0.0 ], [ -45.062276700589251, -23.40856872503733, 0.0 ], [ -45.062435200440241, -23.408639808005489, 0.0 ], [ -45.067129810989307, -23.4117821715781, 0.0 ], [ -45.067570193130322, -23.412256631876346, 0.0 ], [ -45.067806019120887, -23.412929040425016, 0.0 ], [ -45.067487657899797, -23.415185446111533, 0.0 ], [ -45.067483024954868, -23.416141343696079, 0.0 ], [ -45.067609329691436, -23.416882359341844, 0.0 ], [ -45.06783212459974, -23.417541412495567, 0.0 ], [ -45.068121487945056, -23.418144443663632, 0.0 ], [ -45.068486716305365, -23.418718633320967, 0.0 ], [ -45.068955410017679, -23.419264134692828, 0.0 ], [ -45.069860264432819, -23.420017443078937, 0.0 ], [ -45.073227907115331, -23.422660038959716, 0.0 ], [ -45.081928968249393, -23.429416750552043, 0.0 ], [ -45.082563583957501, -23.429951280756093, 0.0 ], [ -45.085689134284806, -23.433414525958366, 0.0 ], [ -45.085902926983437, -23.433545385416014, 0.0 ] ] } },
{ "type": "Feature", "properties": { "Rodovia": "BR 101", "TipoRodovi": "Eixo", "Orientacao": "Sem Informação", "Origem": "Federal", "Municipio": "Ubatuba", "CodRegiona": "DR 06", "SedeRegion": "Taubaté", "KmInicial": 48.6, "KmFinal": 53.6, "Extensao": 5.0, "DescricaoI": "Entroncamento SP 125 - BR 383 (Planejada)", "DescricaoF": "Praia Grande - Ubatuba - entroncamento SP 055", "Jurisdicao": "Federal", "Administra": "DNIT", "Conservado": "DNIT", "TipoPista": "PAV", "Sobreposic": null, "Subposicao": null, "PerimetroU": "Nã", "DataInicio": null, "DataFimCon": null, "EstadualCo": "Nã", "Denominaca": null, "Legislacao": null, "TPUso": null, "TransfMuni": null, "Subtrecho": "101BSP9413" }, "geometry": { "type": "LineString", "coordinates": [ [ -45.085902926983437, -23.433545385416014, 0.0 ], [ -45.085711625104835, -23.433605306367401, 0.0 ], [ -45.085727539246641, -23.433891865945569, 0.0 ], [ -45.086788838488488, -23.43490022304923, 0.0 ], [ -45.087419244773812, -23.435973753039637, 0.0 ], [ -45.087818998061692, -23.437950319235309, 0.0 ], [ -45.087363953246289, -23.440069268348825, 0.0 ], [ -45.086836874149625, -23.440991350269389, 0.0 ], [ -45.066241026168768, -23.460945754018038, 0.0 ], [ -45.064749885288776, -23.462298328273281, 0.0 ], [ -45.063918182474715, -23.462776747589107, 0.0 ], [ -45.063677086251232, -23.463309285334713, 0.0 ], [ -45.062273591442583, -23.46495388488789, 0.0 ], [ -45.062126048922806, -23.46543046348188, 0.0 ], [ -45.062193710107657, -23.465943207899482, 0.0 ], [ -45.062281408834927, -23.466141284334441, 0.0 ], [ -45.062419453387555, -23.46634621637709, 0.0 ], [ -45.062686645250686, -23.466653618630659, 0.0 ] ] } },
{ "type": "Feature", "properties": { "Rodovia": "SP 125", "TipoRodovi": "Eixo", "Orientacao": "Transversal", "Origem": "Estadual", "Municipio": "Ubatuba", "CodRegiona": "DR 06", "SedeRegion": "Taubaté", "KmInicial": 78.95, "KmFinal": 94.5, "Extensao": 15.55, "DescricaoI": "Divisa Municipal São Luíz do Paraitinga / Ubatuba", "DescricaoF": "Entroncamento BR 101 (km 48)", "Jurisdicao": "Estadual", "Administra": "DER", "Conservado": "06.02", "TipoPista": "PAV", "Sobreposic": null, "Subposicao": null, "PerimetroU": "Nã", "DataInicio": null, "DataFimCon": null, "EstadualCo": "Sim", "Denominaca": "Oswaldo Cruz", "Legislacao": "Lei 972 de 19/04/76", "TPUso": null, "TransfMuni": null, "Subtrecho": "125SPE1663" }, "geometry": { "type": "LineString", "coordinates": [ [ -45.12229338217918, -23.358340790022794, 0.0 ], [ -45.122264455716724, -23.360141010736911, 0.0 ], [ -45.121760129538579, -23.361713880510425, 0.0 ], [ -45.121943217848951, -23.362767469416209, 0.0 ], [ -45.12244917154564, -23.363536516678749, 0.0 ], [ -45.123262911353564, -23.36320881441382, 0.0 ], [ -45.123457180985476, -23.364314975638973, 0.0 ], [ -45.123347120638336, -23.364495061107625, 0.0 ], [ -45.123278744129834, -23.364608533214842, 0.0 ], [ -45.123486540039131, -23.364695437904736, 0.0 ], [ -45.124085988483799, -23.364348524839578, 0.0 ], [ -45.124974462630981, -23.365945053042122, 0.0 ], [ -45.125424871301639, -23.366169174504012, 0.0 ], [ -45.124346639926621, -23.366159624439504, 0.0 ], [ -45.123775298664462, -23.36635050244244, 0.0 ], [ -45.123183238512006, -23.367185895718517, 0.0 ], [ -45.122054637512733, -23.368160377704726, 0.0 ], [ -45.121142915905416, -23.36841449492595, 0.0 ], [ -45.122140491196056, -23.368532289851036, 0.0 ], [ -45.122355230297543, -23.36871008301771, 0.0 ], [ -45.12260725257979, -23.368718332526146, 0.0 ], [ -45.124117395102367, -23.367970058742021, 0.0 ], [ -45.124358197800468, -23.367911208722635, 0.0 ], [ -45.124526861824648, -23.36800354876889, 0.0 ], [ -45.124590043104476, -23.368220170820937, 0.0 ], [ -45.124505225110205, -23.368422555340164, 0.0 ], [ -45.124371438839461, -23.368486059207008, 0.0 ], [ -45.124140847157349, -23.368406561708596, 0.0 ], [ -45.123853791072918, -23.368865348068582, 0.0 ], [ -45.123663914417868, -23.368896104468618, 0.0 ], [ -45.12356619020219, -23.369097763251883, 0.0 ], [ -45.12201357128987, -23.369940185331878, 0.0 ], [ -45.1215004931639, -23.369759095965716, 0.0 ], [ -45.120797177129049, -23.369871790805529, 0.0 ], [ -45.12010321510904, -23.370633372614467, 0.0 ], [ -45.119011446290173, -23.371452278487105, 0.0 ], [ -45.116950676818028, -23.373610996985082, 0.0 ], [ -45.115503607988146, -23.370921806106587, 0.0 ], [ -45.114874090750796, -23.37012518867855, 0.0 ], [ -45.114550795699266, -23.369875952520587, 0.0 ], [ -45.114329044341204, -23.369938697733033, 0.0 ], [ -45.11493217112524, -23.371229951708781, 0.0 ], [ -45.114649908895295, -23.372120338001945, 0.0 ], [ -45.115033749387848, -23.374094180893842, 0.0 ], [ -45.115616387396081, -23.374829955482657, 0.0 ], [ -45.115361919200197, -23.375394145325572, 0.0 ], [ -45.115526332946331, -23.37593713048339, 0.0 ], [ -45.115265373405386, -23.375985132104002, 0.0 ], [ -45.114976081826107, -23.375404670271159, 0.0 ], [ -45.114789662956206, -23.375539253477911, 0.0 ], [ -45.114889066400913, -23.376262163028191, 0.0 ], [ -45.115650737448178, -23.376594284009681, 0.0 ], [ -45.116835634448456, -23.376797081085197, 0.0 ], [ -45.117352319748036, -23.376560181823908, 0.0 ], [ -45.118705333196814, -23.376638095798079, 0.0 ], [ -45.118821334599687, -23.377537466480078, 0.0 ], [ -45.118537805552045, -23.378592571045836, 0.0 ], [ -45.118741801379542, -23.378911215075895, 0.0 ], [ -45.119512946793392, -23.378650126732211, 0.0 ], [ -45.119756618168935, -23.379924737158106, 0.0 ], [ -45.119052391372087, -23.381334089682131, 0.0 ], [ -45.11957884425042, -23.381695952211, 0.0 ], [ -45.120295477339425, -23.382582550612643, 0.0 ], [ -45.119801798482825, -23.383701954589529, 0.0 ], [ -45.121264614483501, -23.384437099273693, 0.0 ], [ -45.121796357657708, -23.384458057312184, 0.0 ], [ -45.122170574613662, -23.385248375299067, 0.0 ], [ -45.122583556027244, -23.385505342137261, 0.0 ], [ -45.122311089277545, -23.386541377947964, 0.0 ], [ -45.122546107992839, -23.387857609026625, 0.0 ], [ -45.122382611529105, -23.390189351918021, 0.0 ], [ -45.12112730745158, -23.392636975676453, 0.0 ], [ -45.121270775934221, -23.395344201809674, 0.0 ], [ -45.121080541241312, -23.396235303258599, 0.0 ], [ -45.120601247253539, -23.397868654936037, 0.0 ], [ -45.120546327894573, -23.397991027844853, 0.0 ], [ -45.118923842577288, -23.401606226397281, 0.0 ], [ -45.11831663136104, -23.40531537261873, 0.0 ], [ -45.114538459624775, -23.412124404144983, 0.0 ], [ -45.114303050990728, -23.413393536367579, 0.0 ], [ -45.114367508875432, -23.414678672410851, 0.0 ], [ -45.11408212118242, -23.415976330114489, 0.0 ], [ -45.112412539493782, -23.423576590535614, 0.0 ], [ -45.112101145421398, -23.424109780111642, 0.0 ], [ -45.1101138068287, -23.425567554744756, 0.0 ], [ -45.107740448045995, -23.429870970513946, 0.0 ], [ -45.106458908898986, -23.431429388863066, 0.0 ], [ -45.105983346555156, -23.432927615704358, 0.0 ], [ -45.105515048137875, -23.433605953758356, 0.0 ], [ -45.10299081930367, -23.436071175802319, 0.0 ], [ -45.10179912027688, -23.436731926561748, 0.0 ], [ -45.097845690459899, -23.436794258108613, 0.0 ], [ -45.09646743579124, -23.437342331315993, 0.0 ], [ -45.093605932696398, -23.438047433280499, 0.0 ], [ -45.089659703838251, -23.4374947537599, 0.0 ], [ -45.089064184661858, -23.43728286921219, 0.0 ], [ -45.088442961571808, -23.436697006867679, 0.0 ], [ -45.087763891310118, -23.435618039197117, 0.0 ], [ -45.086973965704658, -23.433423294245067, 0.0 ], [ -45.086509016085436, -23.433339682818605, 0.0 ], [ -45.085902926983437, -23.433545385416014, 0.0 ] ] } },
{ "type": "Feature", "properties": { "Rodovia": "SP 150", "TipoRodovi": "Eixo", "Orientacao": "Radial", "Origem": "Estadual", "Municipio": "São Paulo", "CodRegiona": "DR 10", "SedeRegion": "São Paulo", "KmInicial": 9.7, "KmFinal": 13.18, "Extensao": 3.48, "DescricaoI": "São Paulo Perímetro Urbano (B)", "DescricaoF": "Divisa Municipal São Paulo / São Bernardo do Campo", "Jurisdicao": "Estadual", "Administra": "Concessionária", "Conservado": "Ecovias", "TipoPista": "DUP", "Sobreposic": null, "Subposicao": null, "PerimetroU": "Nã", "DataInicio": "29 05 1998", "DataFimCon": "29 03 2034", "EstadualCo": "Sim", "Denominaca": "Anchieta, Via", "Legislacao": "Men. Dec. 10.418 , 11/08/39", "TPUso": null, "TransfMuni": null, "Subtrecho": "150SPE6390" }, "geometry": { "type": "LineString", "coordinates": [ [ -46.601810144648134, -23.619712669738124, 0.0 ], [ -46.601758632072901, -23.620559793025851, 0.0 ], [ -46.601629933139456, -23.621010515998588, 0.0 ], [ -46.601359592627567, -23.621514158189864, 0.0 ], [ -46.600840743914056, -23.622387005854822, 0.0 ], [ -46.6004707866594, -23.622993849763347, 0.0 ], [ -46.599853574496443, -23.624136380666229, 0.0 ], [ -46.599720598716772, -23.624833665833858, 0.0 ], [ -46.598254463289436, -23.627246713438129, 0.0 ], [ -46.597490994715962, -23.628486814068808, 0.0 ], [ -46.597302755125575, -23.628823350758768, 0.0 ], [ -46.597139470001721, -23.629272892386247, 0.0 ], [ -46.596838045944388, -23.630669144756649, 0.0 ], [ -46.596512766334847, -23.632320854005911, 0.0 ], [ -46.596391032239254, -23.63283458051643, 0.0 ], [ -46.595933158686023, -23.634369038908694, 0.0 ], [ -46.595575632845247, -23.635454418357568, 0.0 ], [ -46.595421774465997, -23.635902965460435, 0.0 ], [ -46.595078224226434, -23.636606750980281, 0.0 ], [ -46.594723806638775, -23.637060845681269, 0.0 ], [ -46.594517880764194, -23.637275505035234, 0.0 ], [ -46.594219054345004, -23.637553170636544, 0.0 ], [ -46.591991711474563, -23.639252062492254, 0.0 ], [ -46.59071337870337, -23.640190640532808, 0.0 ], [ -46.589763808846662, -23.640882347830114, 0.0 ], [ -46.588452456717725, -23.641918807370164, 0.0 ], [ -46.587517703170697, -23.642630520194984, 0.0 ], [ -46.585375989841971, -23.644187479671892, 0.0 ], [ -46.585300992001194, -23.644247156195497, 0.0 ], [ -46.585135696873053, -23.644378681321157, 0.0 ], [ -46.585051517846253, -23.644454166670776, 0.0 ] ] } },
{ "type": "Feature", "properties": { "Rodovia": "SP 055", "TipoRodovi": "Eixo", "Orientacao": "Transversal", "Origem": "Estadual", "Municipio": "Cubatão", "CodRegiona": "DR 05", "SedeRegion": "Cubatão", "KmInicial": 259.5, "KmFinal": 268.045, "Extensao": 8.545, "DescricaoI": "Divisa Municipal Santos / Cubatão", "DescricaoF": "Entroncamento SP 148 (km 48)", "Jurisdicao": "Estadual", "Administra": "Concessionária", "Conservado": "Ecovias", "TipoPista": "DUP", "Sobreposic": null, "Subposicao": null, "PerimetroU": "Nã", "DataInicio": "29 05 1998", "DataFimCon": "29 03 2034", "EstadualCo": "Sim", "Denominaca": "Cônego Domênico Rangoni", "Legislacao": "Lei 7.855 de 18/05/92", "TPUso": null, "TransfMuni": null, "Subtrecho": "055SPE8785" }, "geometry": { "type": "LineString", "coordinates": [ [ -46.366716514177043, -23.857476334488886, 0.0 ], [ -46.366860557878752, -23.857454231518147, 0.0 ], [ -46.367115382991898, -23.857400230131748, 0.0 ], [ -46.367364883468582, -23.857348810285128, 0.0 ], [ -46.367606196679795, -23.857255091018001, 0.0 ], [ -46.367817865183362, -23.857172883342599, 0.0 ], [ -46.36807114084273, -23.857035193352555, 0.0 ], [ -46.368337728963077, -23.856891470949488, 0.0 ], [ -46.368678100797446, -23.856660653122248, 0.0 ], [ -46.369017013311989, -23.856340093703164, 0.0 ], [ -46.369258213477615, -23.856037206088459, 0.0 ], [ -46.36936470042037, -23.855866403542667, 0.0 ], [ -46.369484279132436, -23.855593186648591, 0.0 ], [ -46.369590285941882, -23.855310712560836, 0.0 ], [ -46.369670450899328, -23.854868091692762, 0.0 ], [ -46.369706494283029, -23.854376064030504, 0.0 ], [ -46.369708466366191, -23.853983274022625, 0.0 ], [ -46.369715701768946, -23.853620790330023, 0.0 ], [ -46.369707671425907, -23.853238242148528, 0.0 ], [ -46.369705057056386, -23.85256396913638, 0.0 ], [ -46.369722176442544, -23.852323224506257, 0.0 ], [ -46.36974608739613, -23.852027105605263, 0.0 ], [ -46.369889558671311, -23.851439423815915, 0.0 ], [ -46.370041848082664, -23.850998251202416, 0.0 ], [ -46.37024612925088, -23.850618539240262, 0.0 ], [ -46.370413950273779, -23.850310213806136, 0.0 ], [ -46.37059708390511, -23.850035822820875, 0.0 ], [ -46.371017291890269, -23.849569139178943, 0.0 ], [ -46.371238282689369, -23.849365671967437, 0.0 ], [ -46.371462602410382, -23.849155223986514, 0.0 ], [ -46.371933111753144, -23.848832708376733, 0.0 ], [ -46.37232956162773, -23.848609598873512, 0.0 ], [ -46.372692053371978, -23.848462836582147, 0.0 ], [ -46.373016866087497, -23.848319220044683, 0.0 ], [ -46.373351946069548, -23.848219762088245, 0.0 ], [ -46.373696993325048, -23.848150858888662, 0.0 ], [ -46.373991525695146, -23.848100930815537, 0.0 ], [ -46.374315040470321, -23.848078193756571, 0.0 ], [ -46.37498743031685, -23.848081201033114, 0.0 ], [ -46.3753012612002, -23.84810307628193, 0.0 ], [ -46.375761425219245, -23.848155759006858, 0.0 ], [ -46.376470354788488, -23.848257172912387, 0.0 ], [ -46.378101803007112, -23.848495296395971, 0.0 ], [ -46.379562118221124, -23.848727866944017, 0.0 ], [ -46.380187259344623, -23.848829418692137, 0.0 ], [ -46.381808491899577, -23.849017623816668, 0.0 ], [ -46.382810489691813, -23.849174191780527, 0.0 ], [ -46.383630760542204, -23.849261720262152, 0.0 ], [ -46.385175261495696, -23.849470697396924, 0.0 ], [ -46.385576865187645, -23.849479675815115, 0.0 ], [ -46.386367066159011, -23.84942535185543, 0.0 ], [ -46.38678234652604, -23.849334908175251, 0.0 ], [ -46.387428375913238, -23.84918627884726, 0.0 ], [ -46.387722691446143, -23.849082757494816, 0.0 ], [ -46.388923373197365, -23.848666953781549, 0.0 ], [ -46.390920365840088, -23.847901616602137, 0.0 ], [ -46.39140565284719, -23.847728081573656, 0.0 ], [ -46.393627819364163, -23.846933407858298, 0.0 ], [ -46.393974979834752, -23.846828057842863, 0.0 ], [ -46.394264699576979, -23.846780007139156, 0.0 ], [ -46.394601043548896, -23.846742175786034, 0.0 ], [ -46.394948633667632, -23.846706196619611, 0.0 ], [ -46.39563857389583, -23.846676280454087, 0.0 ], [ -46.396109153720055, -23.846685813028159, 0.0 ], [ -46.396572540447835, -23.846731654834091, 0.0 ], [ -46.397510521049874, -23.846815483911062, 0.0 ], [ -46.398816841517764, -23.847146055479236, 0.0 ], [ -46.399443340756243, -23.847373154226197, 0.0 ], [ -46.400073006038291, -23.84764217838832, 0.0 ], [ -46.401433020953512, -23.848405642453514, 0.0 ], [ -46.402388269922021, -23.849099496776951, 0.0 ], [ -46.403530964189891, -23.85020837204674, 0.0 ], [ -46.404550547513352, -23.851200177668996, 0.0 ], [ -46.405913591736251, -23.852520834465253, 0.0 ], [ -46.407620972663857, -23.85417500478486, 0.0 ], [ -46.408689095404611, -23.8552506611464, 0.0 ], [ -46.409071314225677, -23.855670878853857, 0.0 ], [ -46.409889417951213, -23.856559751706538, 0.0 ], [ -46.410333334697725, -23.857130429018053, 0.0 ], [ -46.410936558688256, -23.857868563088779, 0.0 ], [ -46.411516057045738, -23.858586855740363, 0.0 ], [ -46.412051712556618, -23.859230668209115, 0.0 ], [ -46.412876220231759, -23.860290894337091, 0.0 ], [ -46.414142461824056, -23.861881017926599, 0.0 ], [ -46.414849917957838, -23.862798167755866, 0.0 ], [ -46.415743247009765, -23.863979031831221, 0.0 ], [ -46.416181535998582, -23.864530014347324, 0.0 ], [ -46.416772343908619, -23.865284648832894, 0.0 ], [ -46.417301050492647, -23.865973314808578, 0.0 ], [ -46.418347880676862, -23.867263118911975, 0.0 ], [ -46.419030842813868, -23.868104573705825, 0.0 ], [ -46.419777033774821, -23.868970007722641, 0.0 ], [ -46.420439098318454, -23.869748820634154, 0.0 ], [ -46.42072789820395, -23.870087615865131, 0.0 ], [ -46.421398290686952, -23.8709131032643, 0.0 ], [ -46.421800592961389, -23.871389499727606, 0.0 ], [ -46.422814612638142, -23.872633517819818, 0.0 ], [ -46.423338925569929, -23.873279676654089, 0.0 ], [ -46.423559801652168, -23.873591021353906, 0.0 ], [ -46.423772007776243, -23.873915091445241, 0.0 ], [ -46.424248352142001, -23.874940938057474, 0.0 ], [ -46.424772490269149, -23.876201872042682, 0.0 ], [ -46.425062587792716, -23.876819191878244, 0.0 ] ] } },
{ "type": "Feature", "properties": { "Rodovia": "SP 055", "TipoRodovi": "Eixo", "Orientacao": "Transversal", "Origem": "Estadual", "Municipio": "Cubatão", "CodRegiona": "DR 05", "SedeRegion": "Cubatão", "KmInicial": 268.045, "KmFinal": 270.7, "Extensao": 2.655, "DescricaoI": "Entroncamento SP 148 (km 48)", "DescricaoF": "Entroncamento SP 150 (km 55)", "Jurisdicao": "Estadual", "Administra": "Concessionária", "Conservado": "Ecovias", "TipoPista": "DUP", "Sobreposic": null, "Subposicao": null, "PerimetroU": "Nã", "DataInicio": "29 05 1998", "DataFimCon": "29 03 2034", "EstadualCo": "Sim", "Denominaca": "Cônego Domênico Rangoni", "Legislacao": "Lei 7.855 de 18/05/92", "TPUso": null, "TransfMuni": null, "Subtrecho": "055SPE8333" }, "geometry": { "type": "LineString", "coordinates": [ [ -46.425062587792716, -23.876819191878244, 0.0 ], [ -46.425498643028476, -23.877768238101691, 0.0 ], [ -46.426523710932663, -23.880029268296141, 0.0 ], [ -46.427894641851786, -23.883130208331966, 0.0 ], [ -46.428271117553173, -23.883992401134837, 0.0 ], [ -46.428593491916644, -23.88457291010673, 0.0 ], [ -46.428856319326492, -23.884970444178965, 0.0 ], [ -46.429261755227323, -23.885374096747956, 0.0 ], [ -46.429567636890866, -23.885612511269429, 0.0 ], [ -46.430054629950106, -23.885924969628878, 0.0 ], [ -46.43044770702074, -23.886089259065717, 0.0 ], [ -46.430904352862299, -23.886244699696299, 0.0 ], [ -46.431282176883755, -23.886340465292616, 0.0 ], [ -46.432657628365021, -23.886592343316028, 0.0 ], [ -46.433250488255133, -23.886711493274635, 0.0 ], [ -46.433860419259261, -23.886832147519467, 0.0 ], [ -46.434618165221636, -23.88697584613772, 0.0 ], [ -46.434915638188443, -23.887037619111968, 0.0 ], [ -46.435844261823547, -23.887207521670234, 0.0 ], [ -46.436181775217349, -23.887228297528811, 0.0 ], [ -46.437321070745199, -23.887481087872953, 0.0 ], [ -46.437537825586794, -23.887530719323234, 0.0 ], [ -46.438099027729642, -23.887589181056736, 0.0 ], [ -46.439039967659085, -23.887788723606342, 0.0 ], [ -46.43947643811687, -23.887887334775655, 0.0 ], [ -46.439660703987414, -23.887954306779523, 0.0 ], [ -46.439992712522766, -23.888202373943322, 0.0 ], [ -46.440167833504965, -23.888364072204791, 0.0 ] ] } },
{ "type": "Feature", "properties": { "Rodovia": "SP 055", "TipoRodovi": "Eixo", "Orientacao": "Transversal", "Origem": "Estadual", "Municipio": "Cubatão", "CodRegiona": "DR 05", "SedeRegion": "Cubatão", "KmInicial": 270.7, "KmFinal": 274.3, "Extensao": 3.6, "DescricaoI": "Entroncamento SP 150 (km 55)", "DescricaoF": "Entroncamento SP 160 (km 58)", "Jurisdicao": "Estadual", "Administra": "Concessionária", "Conservado": "Ecovias", "TipoPista": "DUP", "Sobreposic": null, "Subposicao": null, "PerimetroU": "Nã", "DataInicio": "29 05 1998", "DataFimCon": "29 03 2034", "EstadualCo": "Sim", "Denominaca": "Cônego Domênico Rangoni", "Legislacao": "Lei 7.855 de 18/05/92", "TPUso": null, "TransfMuni": null, "Subtrecho": "055SPE7663" }, "geometry": { "type": "LineString", "coordinates": [ [ -46.440167833504965, -23.888364072204791, 0.0 ], [ -46.440893964825221, -23.889150378663672, 0.0 ], [ -46.441224927278043, -23.889506760381579, 0.0 ], [ -46.441506671399942, -23.889833748480154, 0.0 ], [ -46.441614682756878, -23.890103623285611, 0.0 ], [ -46.441660003777862, -23.890291432216081, 0.0 ], [ -46.441668694470827, -23.890439520576642, 0.0 ], [ -46.441657356021615, -23.890733640165916, 0.0 ], [ -46.441608858096878, -23.890965303120318, 0.0 ], [ -46.441538643892834, -23.891168925011264, 0.0 ], [ -46.44134105627883, -23.891516191321198, 0.0 ], [ -46.441222745329249, -23.891655027999452, 0.0 ], [ -46.44108300752697, -23.8917739949643, 0.0 ], [ -46.440778896960715, -23.891963675342566, 0.0 ], [ -46.440253287730066, -23.892189744388979, 0.0 ], [ -46.439218415868453, -23.892442438425206, 0.0 ], [ -46.438822809407164, -23.892549168482123, 0.0 ], [ -46.438214316123116, -23.892678029428978, 0.0 ], [ -46.436512366319242, -23.893119127862967, 0.0 ], [ -46.436074557101435, -23.893284546475741, 0.0 ], [ -46.435803208392009, -23.893447028774784, 0.0 ], [ -46.435566718392458, -23.893591700794268, 0.0 ], [ -46.435259934179797, -23.893899628662162, 0.0 ], [ -46.43502659025269, -23.894188838869045, 0.0 ], [ -46.434848074680502, -23.894465683952713, 0.0 ], [ -46.43476917938878, -23.894607839992755, 0.0 ], [ -46.434647037089491, -23.894942389699263, 0.0 ], [ -46.434599484733944, -23.895256583388136, 0.0 ], [ -46.434592483253319, -23.895469015071374, 0.0 ], [ -46.434591855537761, -23.895668464001037, 0.0 ], [ -46.434597990471261, -23.895884284237738, 0.0 ], [ -46.434641575773298, -23.896145422804803, 0.0 ], [ -46.434706297871983, -23.896339799254044, 0.0 ], [ -46.434965130779396, -23.896847485716481, 0.0 ], [ -46.435253784873211, -23.897213275925523, 0.0 ], [ -46.435502487228156, -23.897473648366219, 0.0 ], [ -46.435844159118652, -23.897740449068628, 0.0 ], [ -46.436242428324952, -23.897952109980046, 0.0 ], [ -46.43658960171755, -23.898072151704998, 0.0 ], [ -46.437255992039816, -23.898212186832485, 0.0 ], [ -46.437691514321003, -23.89825696262502, 0.0 ], [ -46.438146225505598, -23.898197781556085, 0.0 ], [ -46.44077391589898, -23.897570179056768, 0.0 ], [ -46.441786746243501, -23.897410419775877, 0.0 ], [ -46.442404493656497, -23.897463558101794, 0.0 ], [ -46.443177525861039, -23.897520181132112, 0.0 ], [ -46.443927494827356, -23.897580198667111, 0.0 ], [ -46.445775600212855, -23.897750237223601, 0.0 ], [ -46.447239795239277, -23.897940129966411, 0.0 ], [ -46.448825383337876, -23.898106687047079, 0.0 ], [ -46.449848953273481, -23.898424138272723, 0.0 ], [ -46.450923169092498, -23.898945091147066, 0.0 ], [ -46.451871929180122, -23.899308888317332, 0.0 ], [ -46.452899965390714, -23.899767564183865, 0.0 ], [ -46.453984579867068, -23.900538985150497, 0.0 ], [ -46.455084757194591, -23.901290801749639, 0.0 ], [ -46.456005633312088, -23.901756877503768, 0.0 ], [ -46.456865228784132, -23.902103612050272, 0.0 ] ] } },
{ "type": "Feature", "properties": { "Rodovia": "SP 055", "TipoRodovi": "Eixo", "Orientacao": "Transversal", "Origem": "Estadual", "Municipio": "Cubatão", "CodRegiona": "DR 05", "SedeRegion": "Cubatão", "KmInicial": 274.3, "KmFinal": 275.7, "Extensao": 1.4, "DescricaoI": "Entroncamento SP 160 (km 58)", "DescricaoF": "Divisa Municipal Cubatão / São Vicente", "Jurisdicao": "Estadual", "Administra": "Concessionária", "Conservado": "Ecovias", "TipoPista": "DUP", "Sobreposic": null, "Subposicao": null, "PerimetroU": "Nã", "DataInicio": "29 05 1998", "DataFimCon": "29 03 2034", "EstadualCo": "Sim", "Denominaca": "Padre Manoel da Nobrega, Via", "Legislacao": "Dec. 52.258 de 05/08/69", "TPUso": null, "TransfMuni": null, "Subtrecho": "055SPE9211" }, "geometry": { "type": "LineString", "coordinates": [ [ -46.456865228784132, -23.902103612050272, 0.0 ], [ -46.457085021518573, -23.90220768579108, 0.0 ], [ -46.457279080904634, -23.902299741881329, 0.0 ], [ -46.458231364130967, -23.90263365487624, 0.0 ], [ -46.459099944138849, -23.90288303978922, 0.0 ], [ -46.460036576555709, -23.903241942850293, 0.0 ], [ -46.460398202389207, -23.90343694006561, 0.0 ], [ -46.460727722076527, -23.903671851188648, 0.0 ], [ -46.460999319013446, -23.903932547839418, 0.0 ], [ -46.46152799264933, -23.90451474762607, 0.0 ], [ -46.461922735369328, -23.905136202487814, 0.0 ], [ -46.462120076772329, -23.905469382580311, 0.0 ], [ -46.462213781765357, -23.905677941789047, 0.0 ], [ -46.462375523071252, -23.906294044340044, 0.0 ], [ -46.462402768723955, -23.906525667269989, 0.0 ], [ -46.462581946948553, -23.908102184293995, 0.0 ], [ -46.462604951419408, -23.908668012101959, 0.0 ], [ -46.462471430514512, -23.90928716586204, 0.0 ], [ -46.462324405086903, -23.909696045992906, 0.0 ], [ -46.46201284834337, -23.910254480969819, 0.0 ], [ -46.46181247704731, -23.910500480724863, 0.0 ], [ -46.461036781672377, -23.911294862294316, 0.0 ], [ -46.461033507802853, -23.911298212514346, 0.0 ], [ -46.460696412784252, -23.911649411089428, 0.0 ], [ -46.460455247715643, -23.911882481146367, 0.0 ], [ -46.460414490739808, -23.911921870468799, 0.0 ] ] } },
{ "type": "Feature", "properties": { "Rodovia": "SP 150", "TipoRodovi": "Eixo", "Orientacao": "Radial", "Origem": "Estadual", "Municipio": "Cubatão", "CodRegiona": "DR 05", "SedeRegion": "Cubatão", "KmInicial": 42.87, "KmFinal": 54.77, "Extensao": 11.9, "DescricaoI": "Divisa Municipal São Bernardo do Campo / Cubatão", "DescricaoF": "Entroncamento SP 055 (km 270)", "Jurisdicao": "Estadual", "Administra": "Concessionária", "Conservado": "Ecovias", "TipoPista": "DUP", "Sobreposic": null, "Subposicao": null, "PerimetroU": "Nã", "DataInicio": "29 05 1998", "DataFimCon": "29 03 2034", "EstadualCo": "Sim", "Denominaca": "Anchieta, Via", "Legislacao": "Men. Dec. 10.418 , 11/08/39", "TPUso": null, "TransfMuni": null, "Subtrecho": "150SPE3764" }, "geometry": { "type": "LineString", "coordinates": [ [ -46.487292370879345, -23.88448396776699, 0.0 ], [ -46.487159541936101, -23.884644007002741, 0.0 ], [ -46.486676480288864, -23.885131249178539, 0.0 ], [ -46.486494096538991, -23.885361205173027, 0.0 ], [ -46.486489152936493, -23.885369798303632, 0.0 ], [ -46.486377403547607, -23.885564276501267, 0.0 ], [ -46.486339559251384, -23.885932940108464, 0.0 ], [ -46.486320314617267, -23.886185891879641, 0.0 ], [ -46.48622725976049, -23.886490863354517, 0.0 ], [ -46.486072358554274, -23.886663372126254, 0.0 ], [ -46.485846070923309, -23.886817722828063, 0.0 ], [ -46.485388714881005, -23.886931460625782, 0.0 ], [ -46.484900530488147, -23.887021663230819, 0.0 ], [ -46.484392071597625, -23.887114551567109, 0.0 ], [ -46.48366387559966, -23.887318018888749, 0.0 ], [ -46.482346649087788, -23.887823528513298, 0.0 ], [ -46.48201763283992, -23.887841251819491, 0.0 ], [ -46.481738278344281, -23.887860596607041, 0.0 ], [ -46.481324580950186, -23.88771199171039, 0.0 ], [ -46.481061666180651, -23.887537836312724, 0.0 ], [ -46.480192306965591, -23.886113414702134, 0.0 ], [ -46.480026193123777, -23.885715129549038, 0.0 ], [ -46.479851769476575, -23.885325345613449, 0.0 ], [ -46.479566342444301, -23.884976804170776, 0.0 ], [ -46.478949251474738, -23.884374053424242, 0.0 ], [ -46.478563667388826, -23.884153265790037, 0.0 ], [ -46.478038376459146, -23.884120400175899, 0.0 ], [ -46.477755289750576, -23.884213191255455, 0.0 ], [ -46.47749222071937, -23.884411181005525, 0.0 ], [ -46.477446249165389, -23.884683142871008, 0.0 ], [ -46.477483371479266, -23.8848861900209, 0.0 ], [ -46.477662721893026, -23.885248108987032, 0.0 ], [ -46.477877326303748, -23.885433296639373, 0.0 ], [ -46.478772190789549, -23.885837824164028, 0.0 ], [ -46.47910687806619, -23.886019310750729, 0.0 ], [ -46.479421123032068, -23.886264057035103, 0.0 ], [ -46.479567394445596, -23.886457809462943, 0.0 ], [ -46.479682033110834, -23.886976123804946, 0.0 ], [ -46.479605037988556, -23.887193996880178, 0.0 ], [ -46.479659621345341, -23.887811674142146, 0.0 ], [ -46.47980214204977, -23.888127639546063, 0.0 ], [ -46.480432113079907, -23.889226107801171, 0.0 ], [ -46.480766515687606, -23.889643186460887, 0.0 ], [ -46.481228652606873, -23.890054231704507, 0.0 ], [ -46.48235702235467, -23.891524472163031, 0.0 ], [ -46.482542361760601, -23.891730551649029, 0.0 ], [ -46.482881437871853, -23.891952031525868, 0.0 ], [ -46.483554094777993, -23.892143798845456, 0.0 ], [ -46.483876186683915, -23.892196150581782, 0.0 ], [ -46.484220647257565, -23.892209820380248, 0.0 ], [ -46.4844555878162, -23.892031514742687, 0.0 ], [ -46.4845778495282, -23.891658026889576, 0.0 ], [ -46.484767378950941, -23.890761507944127, 0.0 ], [ -46.484803497450734, -23.890255329391255, 0.0 ], [ -46.484871162480282, -23.890013821872298, 0.0 ], [ -46.485013309110464, -23.889709099396367, 0.0 ], [ -46.485313298334667, -23.889403195307143, 0.0 ], [ -46.485623394680772, -23.889239466709839, 0.0 ], [ -46.487699810751998, -23.888389896665675, 0.0 ], [ -46.487898630752881, -23.888327881970547, 0.0 ], [ -46.488135259432973, -23.888293465047852, 0.0 ], [ -46.488628276763436, -23.888363898966269, 0.0 ], [ -46.488922027847586, -23.888493041568779, 0.0 ], [ -46.489291309893432, -23.888915792546868, 0.0 ], [ -46.489563131110401, -23.889218914545765, 0.0 ], [ -46.489769651281648, -23.889398222605287, 0.0 ], [ -46.490003311227866, -23.889516235518208, 0.0 ], [ -46.490347818431701, -23.889586391834111, 0.0 ], [ -46.490562805844114, -23.889578560191858, 0.0 ], [ -46.490915157346578, -23.889505137681976, 0.0 ], [ -46.491453822015472, -23.889310551523337, 0.0 ], [ -46.492064465812987, -23.889204372924482, 0.0 ], [ -46.492495398715114, -23.889249442206523, 0.0 ], [ -46.492822837875401, -23.889388668072542, 0.0 ], [ -46.493040815327319, -23.889677307984918, 0.0 ], [ -46.493169772294991, -23.889946802278345, 0.0 ], [ -46.493193658293904, -23.890162467830642, 0.0 ], [ -46.493117043802528, -23.890442910126971, 0.0 ], [ -46.493021165843999, -23.890625416910346, 0.0 ], [ -46.492870523588898, -23.89079202761728, 0.0 ], [ -46.492587055245501, -23.890940455181205, 0.0 ], [ -46.49225559604367, -23.890991699108149, 0.0 ], [ -46.491849390163367, -23.89097353546342, 0.0 ], [ -46.491260026152169, -23.890790428585579, 0.0 ], [ -46.490813267716568, -23.890575987421233, 0.0 ], [ -46.490373011200347, -23.890364920770196, 0.0 ], [ -46.489869599934607, -23.890148878736195, 0.0 ], [ -46.489735319921564, -23.890090731700756, 0.0 ], [ -46.489380871698195, -23.889989390535618, 0.0 ], [ -46.489134684587931, -23.889957556138096, 0.0 ], [ -46.488744814021196, -23.890004432355951, 0.0 ], [ -46.48855926381399, -23.890111705406806, 0.0 ], [ -46.488132131683258, -23.890476241957355, 0.0 ], [ -46.488001578505738, -23.891030947034867, 0.0 ], [ -46.488349962814432, -23.892676427586725, 0.0 ], [ -46.488489809104848, -23.893327314077965, 0.0 ], [ -46.488650634126941, -23.893674766513261, 0.0 ], [ -46.489017814494751, -23.894249474725651, 0.0 ], [ -46.489290199167009, -23.894753802734712, 0.0 ], [ -46.489348485924864, -23.895048847805825, 0.0 ], [ -46.489305085038616, -23.895334371468365, 0.0 ], [ -46.489201513129622, -23.895616976656218, 0.0 ], [ -46.48894951453758, -23.895973465430938, 0.0 ], [ -46.488529597613777, -23.896104553735238, 0.0 ], [ -46.488078614383539, -23.896078073352527, 0.0 ], [ -46.487622633122974, -23.895993225412109, 0.0 ], [ -46.487372052194097, -23.895921397316759, 0.0 ], [ -46.487007641714719, -23.895847104700422, 0.0 ], [ -46.48664787216974, -23.895837292134999, 0.0 ], [ -46.485269754128211, -23.895931035113843, 0.0 ], [ -46.484992825553952, -23.895966549433208, 0.0 ], [ -46.484744242142973, -23.895946833749683, 0.0 ], [ -46.484369456364057, -23.895878153570028, 0.0 ], [ -46.484005782023708, -23.895733514441417, 0.0 ], [ -46.483748079975193, -23.895467028091737, 0.0 ], [ -46.483534734572423, -23.895158341890607, 0.0 ], [ -46.483038714292256, -23.894580420323408, 0.0 ], [ -46.482689545217262, -23.89426231106826, 0.0 ], [ -46.482383396777372, -23.894176826534, 0.0 ], [ -46.482050094992204, -23.894114563912659, 0.0 ], [ -46.481626890106689, -23.894187520995185, 0.0 ], [ -46.481246911158841, -23.894323588855233, 0.0 ], [ -46.480656383652331, -23.894362222301808, 0.0 ], [ -46.48028539123645, -23.894286060856949, 0.0 ], [ -46.480006595535691, -23.89418072486858, 0.0 ], [ -46.479504938353443, -23.893815185873375, 0.0 ], [ -46.478770295541558, -23.893219550919188, 0.0 ], [ -46.478488702068304, -23.893060083287562, 0.0 ], [ -46.478006529372728, -23.893009565760721, 0.0 ], [ -46.477996153145234, -23.893011117252975, 0.0 ], [ -46.476787519664072, -23.893192061780198, 0.0 ], [ -46.475839119324426, -23.893303545608948, 0.0 ], [ -46.475411628957033, -23.893197788284304, 0.0 ], [ -46.475009731835769, -23.89316969048139, 0.0 ], [ -46.474577982853873, -23.893018690112331, 0.0 ], [ -46.473730258613458, -23.892850698603688, 0.0 ], [ -46.473054900434263, -23.892648049689239, 0.0 ], [ -46.472292222347335, -23.89237293193295, 0.0 ], [ -46.471738441392958, -23.892172490975895, 0.0 ], [ -46.469921077510847, -23.891319172047044, 0.0 ], [ -46.469526099415546, -23.891050588448174, 0.0 ], [ -46.469332357152119, -23.890837688884289, 0.0 ], [ -46.469182583387884, -23.890459922185158, 0.0 ], [ -46.469000869257073, -23.889680274482583, 0.0 ], [ -46.468920521807206, -23.889440629032727, 0.0 ], [ -46.468797745515424, -23.889252625614382, 0.0 ], [ -46.468713716703085, -23.889124323587655, 0.0 ], [ -46.468408488828047, -23.888886755973811, 0.0 ], [ -46.468231364993116, -23.888786052109467, 0.0 ], [ -46.467989547589504, -23.8886828197599, 0.0 ], [ -46.467522099807105, -23.888568019988504, 0.0 ], [ -46.464426818250267, -23.888622417028255, 0.0 ], [ -46.464283284148621, -23.888619659774971, 0.0 ], [ -46.463934540184169, -23.888557150789396, 0.0 ], [ -46.463597989517147, -23.888436744058851, 0.0 ], [ -46.463289471435139, -23.888209070872549, 0.0 ], [ -46.463080150066219, -23.888049265954024, 0.0 ], [ -46.462942915312837, -23.887915293578143, 0.0 ], [ -46.462625229418343, -23.887298589902485, 0.0 ], [ -46.462054133612362, -23.886256489892169, 0.0 ], [ -46.461508651100402, -23.885206454694796, 0.0 ], [ -46.461201236461321, -23.884623382313478, 0.0 ], [ -46.460742728776722, -23.883997148328881, 0.0 ], [ -46.46050301604096, -23.883724565934973, 0.0 ], [ -46.459967286030938, -23.883210185784531, 0.0 ], [ -46.459314197948565, -23.882666213081976, 0.0 ], [ -46.459226572191781, -23.882599840164808, 0.0 ], [ -46.458974057939983, -23.882329012017586, 0.0 ], [ -46.458409236376212, -23.881690579322498, 0.0 ], [ -46.457653918477327, -23.880897320137215, 0.0 ], [ -46.45738918284713, -23.880609047305164, 0.0 ], [ -46.456878057057715, -23.879947734550321, 0.0 ], [ -46.456770666302212, -23.87980635367478, 0.0 ], [ -46.456436724253329, -23.879510787168208, 0.0 ], [ -46.455981577327641, -23.879270184679704, 0.0 ], [ -46.455554346913942, -23.879073765375079, 0.0 ], [ -46.45535897948637, -23.87901243910898, 0.0 ], [ -46.45514737649453, -23.878972564782991, 0.0 ], [ -46.454893117391002, -23.87898802310276, 0.0 ], [ -46.454203573979591, -23.878939334812479, 0.0 ], [ -46.453462456919851, -23.879063812178735, 0.0 ], [ -46.45291290247841, -23.879073578078199, 0.0 ], [ -46.451967440729653, -23.87917918708165, 0.0 ], [ -46.451674516429023, -23.879270210833784, 0.0 ], [ -46.451632834827059, -23.879283878870329, 0.0 ], [ -46.451005411974137, -23.879560984726872, 0.0 ], [ -46.450572312366532, -23.879867530673877, 0.0 ], [ -46.449018820798287, -23.881117580994783, 0.0 ], [ -46.447634380738243, -23.882253438473192, 0.0 ], [ -46.446662345477186, -23.883015945480931, 0.0 ], [ -46.445483829490705, -23.884009531123738, 0.0 ], [ -46.444690553351471, -23.884639296009805, 0.0 ], [ -46.444300218168792, -23.884994705457387, 0.0 ], [ -46.443673709414938, -23.885636081733583, 0.0 ], [ -46.441909452072643, -23.886925315506755, 0.0 ], [ -46.441691638355977, -23.887079581957522, 0.0 ], [ -46.441364205741408, -23.887355598530654, 0.0 ], [ -46.440919827917305, -23.887761450305291, 0.0 ], [ -46.440167833504965, -23.888364072204791, 0.0 ] ] } },
{ "type": "Feature", "properties": { "Rodovia": "SP 150", "TipoRodovi": "Eixo", "Orientacao": "Radial", "Origem": "Estadual", "Municipio": "Cubatão", "CodRegiona": "DR 05", "SedeRegion": "Cubatão", "KmInicial": 54.77, "KmFinal": 58.95, "Extensao": 4.18, "DescricaoI": "Entroncamento SP 055 (km 270)", "DescricaoF": "Entroncamento SPI 059/150 (km 1)", "Jurisdicao": "Estadual", "Administra": "Concessionária", "Conservado": "Ecovias", "TipoPista": "DUP", "Sobreposic": null, "Subposicao": null, "PerimetroU": "Nã", "DataInicio": "29 05 1998", "DataFimCon": "29 03 2034", "EstadualCo": "Sim", "Denominaca": "Anchieta, Via", "Legislacao": "Men. Dec. 10.418 , 11/08/39", "TPUso": null, "TransfMuni": null, "Subtrecho": "150SPE7071" }, "geometry": { "type": "LineString", "coordinates": [ [ -46.440167833504965, -23.888364072204791, 0.0 ], [ -46.439656916780308, -23.888817654048601, 0.0 ], [ -46.438843822393835, -23.889475770485578, 0.0 ], [ -46.437318230966994, -23.890857791776021, 0.0 ], [ -46.435930535991169, -23.892040629644878, 0.0 ], [ -46.434699249213566, -23.893055022097005, 0.0 ], [ -46.432779201084458, -23.895015338060617, 0.0 ], [ -46.431451090297493, -23.896380916640862, 0.0 ], [ -46.430432772558206, -23.897463961043762, 0.0 ], [ -46.42995173317928, -23.897945831803902, 0.0 ], [ -46.429639507621772, -23.898202118106859, 0.0 ], [ -46.428801291520088, -23.898951993297551, 0.0 ], [ -46.428504390424095, -23.899262710283594, 0.0 ], [ -46.428104259600651, -23.899724969278253, 0.0 ], [ -46.427748692776497, -23.90018726138663, 0.0 ], [ -46.427535620213597, -23.900500200144482, 0.0 ], [ -46.426841709081032, -23.901709866244172, 0.0 ], [ -46.426657905033949, -23.902065487635994, 0.0 ], [ -46.426446755411945, -23.902545548498463, 0.0 ], [ -46.426210636540269, -23.903131459273787, 0.0 ], [ -46.42549260582787, -23.90533413613084, 0.0 ], [ -46.424881983608934, -23.907301637260353, 0.0 ], [ -46.424567363476072, -23.908304169572954, 0.0 ], [ -46.424309715081833, -23.909021627262597, 0.0 ], [ -46.423742641934666, -23.910362659453593, 0.0 ], [ -46.423364375225624, -23.911097519540849, 0.0 ], [ -46.423059805685021, -23.911602006390389, 0.0 ], [ -46.42264612270732, -23.912261562971356, 0.0 ], [ -46.422399706992586, -23.912622105752284, 0.0 ], [ -46.422080433303002, -23.913064735400855, 0.0 ], [ -46.421278209398785, -23.914059762502095, 0.0 ], [ -46.420343526346507, -23.915042531965902, 0.0 ], [ -46.419659957589211, -23.915644379818051, 0.0 ], [ -46.418982213059785, -23.916187421716767, 0.0 ], [ -46.41835407215882, -23.916663956873311, 0.0 ], [ -46.416435766961158, -23.917986615049237, 0.0 ], [ -46.416066585242127, -23.918247526401448, 0.0 ], [ -46.415650384817411, -23.918542635646538, 0.0 ] ] } },
{ "type": "Feature", "properties": { "Rodovia": "SP 150", "TipoRodovi": "Eixo", "Orientacao": "Radial", "Origem": "Estadual", "Municipio": "Cubatão", "CodRegiona": "DR 05", "SedeRegion": "Cubatão", "KmInicial": 58.95, "KmFinal": 61.7, "Extensao": 2.75, "DescricaoI": "Entroncamento SPI 059/150 (km 1)", "DescricaoF": "Divisa Municipal Cubatão / Santos", "Jurisdicao": "Estadual", "Administra": "Concessionária", "Conservado": "Ecovias", "TipoPista": "DUP", "Sobreposic": null, "Subposicao": null, "PerimetroU": "Nã", "DataInicio": "29 05 1998", "DataFimCon": "29 03 2034", "EstadualCo": "Sim", "Denominaca": "Anchieta, Via", "Legislacao": "Men. Dec. 10.418 , 11/08/39", "TPUso": null, "TransfMuni": null, "Subtrecho": "150SPE8061" }, "geometry": { "type": "LineString", "coordinates": [ [ -46.415650384817411, -23.918542635646538, 0.0 ], [ -46.415447122042629, -23.918688774889144, 0.0 ], [ -46.415200291000303, -23.918865476137334, 0.0 ], [ -46.414055438747134, -23.919654668054282, 0.0 ], [ -46.413245796498131, -23.920214554102014, 0.0 ], [ -46.412742822960034, -23.920579894374839, 0.0 ], [ -46.411538847466524, -23.921403958335496, 0.0 ], [ -46.410638748252012, -23.922009660603322, 0.0 ], [ -46.410367462042259, -23.922193365413133, 0.0 ], [ -46.409650853847189, -23.922687126105412, 0.0 ], [ -46.408328264397632, -23.923628678479954, 0.0 ], [ -46.405784250030287, -23.925426770000811, 0.0 ], [ -46.405101031946593, -23.925870757166777, 0.0 ], [ -46.404675697567683, -23.926119684358593, 0.0 ], [ -46.404216858547727, -23.926379808693866, 0.0 ], [ -46.403515503554722, -23.926732961644099, 0.0 ], [ -46.402154600583216, -23.92728711153481, 0.0 ], [ -46.401257281099937, -23.927577580786235, 0.0 ], [ -46.400056858905742, -23.927879995703623, 0.0 ], [ -46.398987235832706, -23.92807016481613, 0.0 ], [ -46.397555809435715, -23.928187495571045, 0.0 ], [ -46.396953670596901, -23.928205547264135, 0.0 ], [ -46.396431869895345, -23.928199991531098, 0.0 ], [ -46.396049885224585, -23.92819699061813, 0.0 ], [ -46.395293883208105, -23.928140533042011, 0.0 ], [ -46.394026319059833, -23.92800194014708, 0.0 ], [ -46.392637535744193, -23.927818388364177, 0.0 ], [ -46.392492836887769, -23.927799261597137, 0.0 ] ] } },
{ "type": "Feature", "properties": { "Rodovia": "SP 148", "TipoRodovi": "Eixo", "Orientacao": "Radial", "Origem": "Estadual", "Municipio": "Cubatão", "CodRegiona": "DR 05", "SedeRegion": "Cubatão", "KmInicial": 42.8, "KmFinal": 50.7, "Extensao": 7.9, "DescricaoI": "Divisa Municipal São Bernardo do Campo /Cubatão", "DescricaoF": "Cubatão (Perimetro Urbano) (A)", "Jurisdicao": "Estadual", "Administra": "Prefeitura", "Conservado": "Sec. da Fazenda", "TipoPista": "PAV", "Sobreposic": null, "Subposicao": null, "PerimetroU": "Nã", "DataInicio": "03 09 2020", "DataFimCon": "03 09 2052", "EstadualCo": "Nã", "Denominaca": "Caminho do Mar", "Legislacao": null, "TPUso": null, "TransfMuni": null, "Subtrecho": "148SPE7014" }, "geometry": { "type": "LineString", "coordinates": [ [ -46.465105210630973, -23.860460152738348, 0.0 ], [ -46.464851557999928, -23.861063322608985, 0.0 ], [ -46.464139057589115, -23.861624469929101, 0.0 ], [ -46.464089899385719, -23.862361625876947, 0.0 ], [ -46.463952870904151, -23.862609458247562, 0.0 ], [ -46.463837338934781, -23.862867158530602, 0.0 ], [ -46.463440676119873, -23.86314973213004, 0.0 ], [ -46.463440368466152, -23.863149950551595, 0.0 ], [ -46.463056370381771, -23.863541580183863, 0.0 ], [ -46.462880598233141, -23.863670223898694, 0.0 ], [ -46.462668356107727, -23.86379660074828, 0.0 ], [ -46.462514223358063, -23.864052915585084, 0.0 ], [ -46.462477056848833, -23.8641950063443, 0.0 ], [ -46.462161389833945, -23.864608940984649, 0.0 ], [ -46.462124651955939, -23.864969292223812, 0.0 ], [ -46.462050976423797, -23.865061637715591, 0.0 ], [ -46.461896022867442, -23.865061290170694, 0.0 ], [ -46.461679338691951, -23.864993192936986, 0.0 ], [ -46.461427436946487, -23.865033701238723, 0.0 ], [ -46.461162465339441, -23.865028000858498, 0.0 ], [ -46.460989891016851, -23.865194685970121, 0.0 ], [ -46.460630458682303, -23.865232358080519, 0.0 ], [ -46.460442818067953, -23.865477443886135, 0.0 ], [ -46.460459609470611, -23.865775643618075, 0.0 ], [ -46.460405750427967, -23.865933706746294, 0.0 ], [ -46.460222118320814, -23.866155002548666, 0.0 ], [ -46.460157611056012, -23.866360507417003, 0.0 ], [ -46.460078697771003, -23.866452596689289, 0.0 ], [ -46.459938871314385, -23.866508149931612, 0.0 ], [ -46.459439378236262, -23.866515018743847, 0.0 ], [ -46.459236487540998, -23.86643559774431, 0.0 ], [ -46.458935412468747, -23.866415338692573, 0.0 ], [ -46.458923968009486, -23.866414569008416, 0.0 ], [ -46.458801269838055, -23.866406313369069, 0.0 ], [ -46.458344333253741, -23.866327131224352, 0.0 ], [ -46.457307798506065, -23.866561400379346, 0.0 ], [ -46.457049090150832, -23.865649087793553, 0.0 ], [ -46.457182080391703, -23.865507505170505, 0.0 ], [ -46.457320401858581, -23.865510701288343, 0.0 ], [ -46.457405814709787, -23.865399546865188, 0.0 ], [ -46.457429007723114, -23.865069153428912, 0.0 ], [ -46.457299671164265, -23.864850250782915, 0.0 ], [ -46.457225393166347, -23.864702494820708, 0.0 ], [ -46.457164639144047, -23.864458102388429, 0.0 ], [ -46.457165936736125, -23.86436807779911, 0.0 ], [ -46.45721236963864, -23.864316285005422, 0.0 ], [ -46.457292548763832, -23.86429496443942, 0.0 ], [ -46.45743586695707, -23.864341577997831, 0.0 ], [ -46.45774063243352, -23.864259116307348, 0.0 ], [ -46.457816079480068, -23.864183511359474, 0.0 ], [ -46.457849699295011, -23.864080645772834, 0.0 ], [ -46.457939633206088, -23.864027366761679, 0.0 ], [ -46.458109746885583, -23.863952764862898, 0.0 ], [ -46.458180420193834, -23.863891341329285, 0.0 ], [ -46.458170956797808, -23.863782774963813, 0.0 ], [ -46.458019760986431, -23.863397048319904, 0.0 ], [ -46.457879164252198, -23.863303721129419, 0.0 ], [ -46.457744176113692, -23.86318183975089, 0.0 ], [ -46.457570629393949, -23.863112133671841, 0.0 ], [ -46.457389001272858, -23.863045637159825, 0.0 ], [ -46.457355086217383, -23.862950295708977, 0.0 ], [ -46.457354958687432, -23.862816959831267, 0.0 ], [ -46.457361029146632, -23.862712752650463, 0.0 ], [ -46.457382213206323, -23.862620093758395, 0.0 ], [ -46.457352442646282, -23.862521350101748, 0.0 ], [ -46.457283903164303, -23.86247837545821, 0.0 ], [ -46.45715859033443, -23.862461465552521, 0.0 ], [ -46.457039642246301, -23.862538556984923, 0.0 ], [ -46.456849142137173, -23.86275990921099, 0.0 ], [ -46.456115561927042, -23.863563816466986, 0.0 ], [ -46.455935107444311, -23.86361268871287, 0.0 ], [ -46.455664130792854, -23.863657152169022, 0.0 ], [ -46.45543540108357, -23.86372169059959, 0.0 ], [ -46.455353127402674, -23.863778944854793, 0.0 ], [ -46.455246821844263, -23.863842235132545, 0.0 ], [ -46.455126572215143, -23.864009348721233, 0.0 ], [ -46.454937617280926, -23.86406861484981, 0.0 ], [ -46.45478240689112, -23.864158352403777, 0.0 ], [ -46.454695192531339, -23.86416491605447, 0.0 ], [ -46.454370248644942, -23.86405180029416, 0.0 ], [ -46.454307947910863, -23.863969490347621, 0.0 ], [ -46.454274838835275, -23.863250783449203, 0.0 ], [ -46.454320267486715, -23.863148494121276, 0.0 ], [ -46.454389100658872, -23.863050947338166, 0.0 ], [ -46.454509096667557, -23.862955893328696, 0.0 ], [ -46.45464981918559, -23.862843828674688, 0.0 ], [ -46.454871137636403, -23.862703257753218, 0.0 ], [ -46.454995994923372, -23.861779635221922, 0.0 ], [ -46.455191896765115, -23.861533323793491, 0.0 ], [ -46.455212998486488, -23.861238863896592, 0.0 ], [ -46.455119506995779, -23.861014500818207, 0.0 ], [ -46.455018688128256, -23.860577172658804, 0.0 ], [ -46.45494809815019, -23.860501666675852, 0.0 ], [ -46.454895889375415, -23.860517142007726, 0.0 ], [ -46.454872233537763, -23.860584456924578, 0.0 ], [ -46.454908115005935, -23.860849258955398, 0.0 ], [ -46.454926954681802, -23.861203317887352, 0.0 ], [ -46.454907402604256, -23.861335696082019, 0.0 ], [ -46.454807253078954, -23.861496581343953, 0.0 ], [ -46.454585684041376, -23.861709209890304, 0.0 ], [ -46.454418369614118, -23.861878638282892, 0.0 ], [ -46.454198523626381, -23.862054312533836, 0.0 ], [ -46.454082924258785, -23.86207390798177, 0.0 ], [ -46.453767360293398, -23.862206286746368, 0.0 ], [ -46.453644309254798, -23.862218311152212, 0.0 ], [ -46.453586949346359, -23.862186690377051, 0.0 ], [ -46.453514431835664, -23.862211987049076, 0.0 ], [ -46.453429554201911, -23.862397863630054, 0.0 ], [ -46.453466781052938, -23.862555601748767, 0.0 ], [ -46.453466485889791, -23.862696123184055, 0.0 ], [ -46.453417748911924, -23.862787440195703, 0.0 ], [ -46.453270410573907, -23.86287755965111, 0.0 ], [ -46.453087442159507, -23.86296954776434, 0.0 ], [ -46.452993737743263, -23.863087501620242, 0.0 ], [ -46.452951614985778, -23.863200762198378, 0.0 ], [ -46.452921588091407, -23.863512802993291, 0.0 ], [ -46.452907469130274, -23.863890480898995, 0.0 ], [ -46.452886490756661, -23.863979546404181, 0.0 ], [ -46.452825151251375, -23.864016197750651, 0.0 ], [ -46.452766745725235, -23.864002542513237, 0.0 ], [ -46.452651439766882, -23.863881616044896, 0.0 ], [ -46.452631142153635, -23.863552709829765, 0.0 ], [ -46.452627336832144, -23.863347126475812, 0.0 ], [ -46.452685874742158, -23.863155389206366, 0.0 ], [ -46.452684495527329, -23.863043614126592, 0.0 ], [ -46.452782057288957, -23.862724052409625, 0.0 ], [ -46.452749610572177, -23.862603557440259, 0.0 ], [ -46.45268668501911, -23.862532026721926, 0.0 ], [ -46.452369197047403, -23.862426477084266, 0.0 ], [ -46.452221108730519, -23.862394041183737, 0.0 ], [ -46.452167100013881, -23.862304926833666, 0.0 ], [ -46.45219636833346, -23.86220905918961, 0.0 ], [ -46.452458974022299, -23.861969604861706, 0.0 ], [ -46.452751264152276, -23.861627094482138, 0.0 ], [ -46.452866826049288, -23.861337235892957, 0.0 ], [ -46.452981549560363, -23.861061751962289, 0.0 ], [ -46.45309497884044, -23.860537563298536, 0.0 ], [ -46.453119934124004, -23.860380224959659, 0.0 ], [ -46.453051649549778, -23.860265192022002, 0.0 ], [ -46.45293693246262, -23.860201950566758, 0.0 ], [ -46.452483459979, -23.860262747839791, 0.0 ], [ -46.452153875077293, -23.860297146239429, 0.0 ], [ -46.451998126385753, -23.860260733668198, 0.0 ], [ -46.451900200182898, -23.860180291507156, 0.0 ], [ -46.451793441595925, -23.859980504517051, 0.0 ], [ -46.451780341861927, -23.85973122643442, 0.0 ], [ -46.451718298264325, -23.859576858652343, 0.0 ], [ -46.451470863667659, -23.859420668999412, 0.0 ], [ -46.451228787602403, -23.859307981537459, 0.0 ], [ -46.451062744215875, -23.859177377074129, 0.0 ], [ -46.450908342980213, -23.858982476440325, 0.0 ], [ -46.450830347021416, -23.858830934645479, 0.0 ], [ -46.450773583629086, -23.858518271093459, 0.0 ], [ -46.450913176910866, -23.858222379696986, 0.0 ], [ -46.450972229641586, -23.857991040599302, 0.0 ], [ -46.450990980251134, -23.857700061808178, 0.0 ], [ -46.45094384012927, -23.857560834676736, 0.0 ], [ -46.450865174233193, -23.857488537351969, 0.0 ], [ -46.450649140701799, -23.857470807958045, 0.0 ], [ -46.450500595142572, -23.857514021434849, 0.0 ], [ -46.450371264344916, -23.857633843562997, 0.0 ], [ -46.450176496411125, -23.857725253659233, 0.0 ], [ -46.449926496038259, -23.857754416807612, 0.0 ], [ -46.449698868746985, -23.857780970297579, 0.0 ], [ -46.449493261834782, -23.857868542839185, 0.0 ], [ -46.44932767178976, -23.858001011351821, 0.0 ], [ -46.449219693064073, -23.858093044781018, 0.0 ], [ -46.449131436177147, -23.858117572949553, 0.0 ], [ -46.449050675338754, -23.858081207227244, 0.0 ], [ -46.448987752224653, -23.858009676904715, 0.0 ], [ -46.448921985656305, -23.857851523602871, 0.0 ], [ -46.448855544721837, -23.857772614107514, 0.0 ], [ -46.448766285679589, -23.857746645075721, 0.0 ], [ -46.448596805323263, -23.857810456421376, 0.0 ], [ -46.448358744814556, -23.85789975570156, 0.0 ], [ -46.448175197947293, -23.857934054573274, 0.0 ], [ -46.448022131007029, -23.857919390101198, 0.0 ], [ -46.447725128259556, -23.857868884105002, 0.0 ], [ -46.44748431498995, -23.857734632963844, 0.0 ], [ -46.447274658672072, -23.857472176060885, 0.0 ], [ -46.447064374509921, -23.857220498309594, 0.0 ], [ -46.446936015937744, -23.857120553636101, 0.0 ], [ -46.446787724129337, -23.85709170712045, 0.0 ], [ -46.446668356699412, -23.857175976741566, 0.0 ], [ -46.44665164026128, -23.857394972798652, 0.0 ], [ -46.446628008037187, -23.857732544613619, 0.0 ], [ -46.446637535697519, -23.858042905766084, 0.0 ], [ -46.446642217324545, -23.858165651462258, 0.0 ], [ -46.4465607369495, -23.858276989726487, 0.0 ], [ -46.446458576896624, -23.858336873926163, 0.0 ], [ -46.446186980761347, -23.858392103808928, 0.0 ], [ -46.44607023408004, -23.858279505200546, 0.0 ], [ -46.446077617889905, -23.857972574182892, 0.0 ], [ -46.445945371501921, -23.857625229482483, 0.0 ], [ -46.445727965229494, -23.857465268604084, 0.0 ], [ -46.445638280646527, -23.857480625263268, 0.0 ], [ -46.445524467852124, -23.857628723722467, 0.0 ], [ -46.445380091079748, -23.857669700796027, 0.0 ], [ -46.444968899196155, -23.857596842901636, 0.0 ], [ -46.444588548985365, -23.857626318445142, 0.0 ], [ -46.444414168512047, -23.857550598987014, 0.0 ], [ -46.444239229679432, -23.857484454688169, 0.0 ], [ -46.444129667389113, -23.857469510606926, 0.0 ], [ -46.443666280969275, -23.857840635142569, 0.0 ], [ -46.443462050095462, -23.857825877654363, 0.0 ], [ -46.442980948825401, -23.857869642380891, 0.0 ], [ -46.442666748568634, -23.858027172402277, 0.0 ], [ -46.442560410281317, -23.858137221420435, 0.0 ], [ -46.442430583649106, -23.858289336366312, 0.0 ], [ -46.4423813032044, -23.858502996183404, 0.0 ], [ -46.442316572594208, -23.858711100470465, 0.0 ], [ -46.44223511877189, -23.858738712606105, 0.0 ], [ -46.442072209057692, -23.858793936627507, 0.0 ], [ -46.44184645027827, -23.858837019288046, 0.0 ], [ -46.441371705107684, -23.858861881329986, 0.0 ], [ -46.441197474306612, -23.858963816988012, 0.0 ], [ -46.441178045482197, -23.859116513787637, 0.0 ], [ -46.440949353200168, -23.859340627212038, 0.0 ], [ -46.440722403073075, -23.859444792307784, 0.0 ], [ -46.44064668703102, -23.859570736647179, 0.0 ], [ -46.440457141306659, -23.859584682449377, 0.0 ], [ -46.440243053326803, -23.859728699809018, 0.0 ], [ -46.439956938710857, -23.859585107679873, 0.0 ], [ -46.439704113179928, -23.859591980702255, 0.0 ], [ -46.439549031497393, -23.859546005428019, 0.0 ], [ -46.439398489159444, -23.859332202994253, 0.0 ], [ -46.439265500939214, -23.859268099394285, 0.0 ], [ -46.43904763966006, -23.859396712180367, 0.0 ], [ -46.438903191959582, -23.859528904072089, 0.0 ], [ -46.438510390395869, -23.859591365365954, 0.0 ], [ -46.438226265796899, -23.860494560897379, 0.0 ], [ -46.438135162074722, -23.860523725551335, 0.0 ], [ -46.437784935488573, -23.860487433215543, 0.0 ], [ -46.437538816686647, -23.860379397656899, 0.0 ], [ -46.437377441883399, -23.860261092188491, 0.0 ], [ -46.437321646992906, -23.860315985258605, 0.0 ], [ -46.437773850583412, -23.862028125031699, 0.0 ], [ -46.437847341199749, -23.862300585475012, 0.0 ], [ -46.437745611732872, -23.862511682896283, 0.0 ], [ -46.437507045612897, -23.862634479764854, 0.0 ], [ -46.437050595716237, -23.862742416164899, 0.0 ], [ -46.436073540184786, -23.86286700643965, 0.0 ], [ -46.435828957574884, -23.862912684662817, 0.0 ], [ -46.43559115790481, -23.863112337439105, 0.0 ], [ -46.43540055378368, -23.86331429244979, 0.0 ], [ -46.435260293115498, -23.863374664826896, 0.0 ], [ -46.435107446497462, -23.863290382202443, 0.0 ], [ -46.435007461491068, -23.863021428527734, 0.0 ], [ -46.434810425470801, -23.862973400116921, 0.0 ], [ -46.433607999676809, -23.863121155538945, 0.0 ], [ -46.433532833039195, -23.863237519077181, 0.0 ], [ -46.433604147965127, -23.863457060605427, 0.0 ], [ -46.433828940862035, -23.863660088318969, 0.0 ], [ -46.434282235041195, -23.863912681531509, 0.0 ], [ -46.434517308617593, -23.864029786292232, 0.0 ], [ -46.434641697043801, -23.864151090852086, 0.0 ], [ -46.434724063253526, -23.864361568557918, 0.0 ], [ -46.434718117283609, -23.864553331601254, 0.0 ], [ -46.434648403282154, -23.864756385260854, 0.0 ], [ -46.433532010726566, -23.866041448830622, 0.0 ], [ -46.433235384737216, -23.866617526693862, 0.0 ], [ -46.432873868587045, -23.867224044849976, 0.0 ], [ -46.430724442174615, -23.869985440489845, 0.0 ], [ -46.429592321476463, -23.871402557411649, 0.0 ] ] } },
{ "type": "Feature", "properties": { "Rodovia": "SP 148", "TipoRodovi": "Eixo", "Orientacao": "Radial", "Origem": "Estadual", "Municipio": "Cubatão", "CodRegiona": "DR 05", "SedeRegion": "Cubatão", "KmInicial": 50.7, "KmFinal": 51.5, "Extensao": 0.8, "DescricaoI": "Cubatão (Perimetro Urbano) (A)", "DescricaoF": "Entroncamento SP 055 (km 268)", "Jurisdicao": "Estadual", "Administra": "DER", "Conservado": "05.04", "TipoPista": "DUP", "Sobreposic": null, "Subposicao": null, "PerimetroU": "Nã", "DataInicio": null, "DataFimCon": null, "EstadualCo": "Nã", "Denominaca": "Caminho do Mar", "Legislacao": null, "TPUso": null, "TransfMuni": null, "Subtrecho": "148SPE9618" }, "geometry": { "type": "LineString", "coordinates": [ [ -46.429592321476463, -23.871402557411649, 0.0 ], [ -46.429567854497449, -23.871686207615646, 0.0 ], [ -46.429476104233949, -23.871816160755149, 0.0 ], [ -46.429315972582415, -23.871856348935921, 0.0 ], [ -46.429169053320152, -23.871940394770817, 0.0 ], [ -46.428664496303618, -23.872563912731909, 0.0 ], [ -46.426778268559083, -23.87473396552264, 0.0 ], [ -46.425062587792716, -23.876819191878244, 0.0 ] ] } },
{ "type": "Feature", "properties": { "Rodovia": "SP 148", "TipoRodovi": "Eixo", "Orientacao": "Radial", "Origem": "Estadual", "Municipio": "Cubatão", "CodRegiona": "DR 05", "SedeRegion": "Cubatão", "KmInicial": 51.5, "KmFinal": 56.8, "Extensao": 5.3, "DescricaoI": "Entroncamento SP 055 (km 268)", "DescricaoF": "Cubatão Perimetro Urbano (B)", "Jurisdicao": "Estadual", "Administra": "DER", "Conservado": "05.04", "TipoPista": "DUP", "Sobreposic": null, "Subposicao": null, "PerimetroU": "Nã", "DataInicio": null, "DataFimCon": null, "EstadualCo": "Nã", "Denominaca": "Caminho do Mar", "Legislacao": null, "TPUso": null, "TransfMuni": null, "Subtrecho": "148SPE1588" }, "geometry": { "type": "LineString", "coordinates": [ [ -46.425062587792716, -23.876819191878244, 0.0 ], [ -46.422744679460862, -23.879086308163259, 0.0 ], [ -46.421978863711871, -23.879904552112915, 0.0 ], [ -46.421695782644115, -23.880280644774164, 0.0 ], [ -46.42151874217592, -23.880948720234766, 0.0 ], [ -46.420512852586697, -23.885281172685243, 0.0 ], [ -46.42032595148622, -23.886344364016495, 0.0 ], [ -46.420061309686133, -23.887077682308099, 0.0 ], [ -46.419780507029493, -23.887855769168663, 0.0 ], [ -46.419580978246927, -23.888425498126846, 0.0 ], [ -46.419573721893066, -23.888852994306262, 0.0 ], [ -46.419775318368153, -23.889876320592368, 0.0 ], [ -46.420295863287365, -23.891703254895297, 0.0 ], [ -46.421106364216044, -23.894547794405714, 0.0 ], [ -46.421798151262607, -23.897363325241159, 0.0 ], [ -46.422982568503194, -23.902183730547772, 0.0 ], [ -46.423143149858433, -23.903865746342181, 0.0 ], [ -46.423186653254191, -23.905765194995375, 0.0 ], [ -46.42335783772517, -23.907287577205789, 0.0 ], [ -46.423283886756614, -23.907439865790995, 0.0 ], [ -46.423241341718217, -23.907539667657737, 0.0 ], [ -46.423238544653771, -23.907750825430565, 0.0 ], [ -46.423243641141397, -23.908525363282955, 0.0 ], [ -46.423114819573172, -23.909142735006277, 0.0 ], [ -46.422790221633925, -23.909817884671106, 0.0 ], [ -46.422499107397869, -23.91024213539432, 0.0 ], [ -46.422188739142975, -23.91070935171718, 0.0 ], [ -46.421717835476436, -23.911380138743183, 0.0 ], [ -46.421290457031233, -23.9119958796784, 0.0 ], [ -46.420828019762951, -23.912657866874621, 0.0 ], [ -46.420542943911492, -23.913124182944738, 0.0 ], [ -46.41958499774799, -23.914596485505353, 0.0 ], [ -46.419282641256672, -23.914952864708614, 0.0 ], [ -46.418876220025524, -23.915464836236435, 0.0 ], [ -46.418858189438936, -23.915477471998532, 0.0 ], [ -46.418332957977007, -23.915845548652317, 0.0 ], [ -46.418066436561276, -23.91601329410484, 0.0 ], [ -46.417763115356173, -23.916215236182232, 0.0 ], [ -46.417460629135405, -23.916395245924736, 0.0 ], [ -46.416671829333396, -23.91688270871893, 0.0 ], [ -46.416130118710754, -23.917192181618901, 0.0 ], [ -46.41565510756503, -23.917472755696341, 0.0 ], [ -46.415439097502606, -23.917600558705864, 0.0 ], [ -46.415266329500156, -23.917709995171148, 0.0 ], [ -46.414612908012415, -23.918092183417855, 0.0 ], [ -46.413774749162052, -23.91855939155122, 0.0 ], [ -46.413734207036093, -23.918581373926806, 0.0 ] ] } },
{ "type": "Feature", "properties": { "Rodovia": "SP 148", "TipoRodovi": "Eixo", "Orientacao": "Radial", "Origem": "Estadual", "Municipio": "Cubatão", "CodRegiona": "DR 05", "SedeRegion": "Cubatão", "KmInicial": 56.8, "KmFinal": 59.0, "Extensao": 2.2, "DescricaoI": "Cubatão Perimetro Urbano (B)", "DescricaoF": "Divisa Municipal Cubatão/Santos", "Jurisdicao": "Estadual", "Administra": "DER", "Conservado": "05.04", "TipoPista": "PAV", "Sobreposic": null, "Subposicao": null, "PerimetroU": "Nã", "DataInicio": null, "DataFimCon": null, "EstadualCo": "Nã", "Denominaca": "Caminho do Mar", "Legislacao": null, "TPUso": null, "TransfMuni": null, "Subtrecho": "148SPE7994" }, "geometry": { "type": "LineString", "coordinates": [ [ -46.413734207036093, -23.918581373926806, 0.0 ], [ -46.41362735429896, -23.918639312112134, 0.0 ], [ -46.413127653090065, -23.918940055443251, 0.0 ], [ -46.412408155208503, -23.919373075034095, 0.0 ], [ -46.412212894460652, -23.919483988957357, 0.0 ], [ -46.411701809974979, -23.919810218896146, 0.0 ], [ -46.411555909396562, -23.919884057468881, 0.0 ], [ -46.411186908826203, -23.920104501055778, 0.0 ], [ -46.410890034461566, -23.920258306902998, 0.0 ], [ -46.410701220620872, -23.920372376328736, 0.0 ], [ -46.410429488699307, -23.920531219216173, 0.0 ], [ -46.410268990233405, -23.920611626501568, 0.0 ], [ -46.409802652695376, -23.920845603444782, 0.0 ], [ -46.409722403303817, -23.920929462581231, 0.0 ], [ -46.409471345620467, -23.921169035165047, 0.0 ], [ -46.409335270544105, -23.921301665706963, 0.0 ], [ -46.409121205470285, -23.921527119121706, 0.0 ], [ -46.408711666844489, -23.921964005195164, 0.0 ], [ -46.408473270125754, -23.922214593999847, 0.0 ], [ -46.408202875145157, -23.922486382022257, 0.0 ], [ -46.407988942207353, -23.922725284081459, 0.0 ], [ -46.407793526285872, -23.922929217402412, 0.0 ], [ -46.407715211679651, -23.923016687472543, 0.0 ], [ -46.407141294614803, -23.923638015321927, 0.0 ], [ -46.406898271615994, -23.923915530736377, 0.0 ], [ -46.406548374710148, -23.9242577106418, 0.0 ], [ -46.406320946093004, -23.924518705110216, 0.0 ], [ -46.40608196676078, -23.924658632782883, 0.0 ], [ -46.40583745801797, -23.924819109955557, 0.0 ], [ -46.405145935166587, -23.925296306267541, 0.0 ], [ -46.404939129472424, -23.925461951915462, 0.0 ], [ -46.404566378908925, -23.925656305777323, 0.0 ], [ -46.403926512913777, -23.925997276410428, 0.0 ], [ -46.40336058612737, -23.926297837728686, 0.0 ], [ -46.402982959300019, -23.926489363303059, 0.0 ], [ -46.40253482052794, -23.92671850779972, 0.0 ], [ -46.402147702374727, -23.926920483321386, 0.0 ], [ -46.401900986045092, -23.927037032936248, 0.0 ], [ -46.401594227441521, -23.927188151761516, 0.0 ], [ -46.401215603218937, -23.927358971343562, 0.0 ], [ -46.400908004160101, -23.927439181437094, 0.0 ], [ -46.400771623995091, -23.927478819523873, 0.0 ], [ -46.400565648783818, -23.927499295164061, 0.0 ], [ -46.400293643100625, -23.927531657901515, 0.0 ], [ -46.400052584899896, -23.927587332263467, 0.0 ], [ -46.399984526392906, -23.927577962024174, 0.0 ], [ -46.399670454129279, -23.927562274496744, 0.0 ], [ -46.398689367076528, -23.927478163603297, 0.0 ], [ -46.397912985446744, -23.927137305490373, 0.0 ], [ -46.397445153794131, -23.926848061174347, 0.0 ], [ -46.397099067746083, -23.926539755999201, 0.0 ], [ -46.396754375849902, -23.926232688415546, 0.0 ], [ -46.396658062055138, -23.926143280155809, 0.0 ] ] } },
{ "type": "Feature", "properties": { "Rodovia": "SP 061", "TipoRodovi": "Eixo", "Orientacao": "Transversal", "Origem": "Estadual", "Municipio": "Guarujá", "CodRegiona": "DR 05", "SedeRegion": "Cubatão", "KmInicial": 0.0, "KmFinal": 4.5, "Extensao": 4.5, "DescricaoI": "Guarujá Perímetro Urbano (B)", "DescricaoF": "Final do trecho municipal - Inicio de Trecho Estadual", "Jurisdicao": "Estadual", "Administra": "DER", "Conservado": "05.04", "TipoPista": "PAV", "Sobreposic": null, "Subposicao": null, "PerimetroU": "Nã", "DataInicio": null, "DataFimCon": null, "EstadualCo": "Nã", "Denominaca": "Ariovaldo de Almeida Viana", "Legislacao": "Lei 7.244 de 10/05/91", "TPUso": null, "TransfMuni": null, "Subtrecho": "061SPE7907" }, "geometry": { "type": "LineString", "coordinates": [ [ -46.204187474646552, -23.982982967937424, 0.0 ], [ -46.202288858023806, -23.984396177567405, 0.0 ], [ -46.201967955463608, -23.984543278860603, 0.0 ], [ -46.200121712780003, -23.984055260531374, 0.0 ], [ -46.198392351804841, -23.983100267762012, 0.0 ], [ -46.196689349174868, -23.981304963083922, 0.0 ], [ -46.190466002093046, -23.979043429043674, 0.0 ], [ -46.18951934893655, -23.978052561579322, 0.0 ], [ -46.188977174609562, -23.975374677041096, 0.0 ], [ -46.189186613985484, -23.973706511783671, 0.0 ], [ -46.189100196962329, -23.972421769169511, 0.0 ], [ -46.188242296572476, -23.970958057909641, 0.0 ], [ -46.187877397700319, -23.969949050277169, 0.0 ], [ -46.187898603298066, -23.969209893145788, 0.0 ], [ -46.188305338846881, -23.96777691371744, 0.0 ], [ -46.188428961161328, -23.966679547776284, 0.0 ], [ -46.18804648728095, -23.965197703397024, 0.0 ], [ -46.187098360197531, -23.962934479674939, 0.0 ], [ -46.185997537869021, -23.961209960235959, 0.0 ], [ -46.184157694547842, -23.959291955551034, 0.0 ], [ -46.183212878078329, -23.958548822136134, 0.0 ], [ -46.180720112297728, -23.956981795684719, 0.0 ], [ -46.180211203619194, -23.956661766543863, 0.0 ] ] } },
{ "type": "Feature", "properties": { "Rodovia": "SP 061", "TipoRodovi": "Eixo", "Orientacao": "Transversal", "Origem": "Estadual", "Municipio": "Guarujá", "CodRegiona": "DR 05", "SedeRegion": "Cubatão", "KmInicial": 4.5, "KmFinal": 21.8, "Extensao": 17.3, "DescricaoI": "Final do trecho municipal - Inicio de Trecho Estadual", "DescricaoF": "Ferry Boat (para Bertioga)", "Jurisdicao": "Estadual", "Administra": "DER", "Conservado": "05.04", "TipoPista": "PAV", "Sobreposic": null, "Subposicao": null, "PerimetroU": "Nã", "DataInicio": null, "DataFimCon": null, "EstadualCo": "Nã", "Denominaca": "Ariovaldo de Almeida Viana", "Legislacao": "Lei 7.244 de 10/05/91", "TPUso": null, "TransfMuni": null, "Subtrecho": "061SPE6955" }, "geometry": { "type": "LineString", "coordinates": [ [ -46.180211203619194, -23.956661766543863, 0.0 ], [ -46.178993221762894, -23.955895823285122, 0.0 ], [ -46.177383128459013, -23.952334905397336, 0.0 ], [ -46.175110574354626, -23.94959014452014, 0.0 ], [ -46.174368690123195, -23.947110355417916, 0.0 ], [ -46.17432777420472, -23.946422805272572, 0.0 ], [ -46.175225917422154, -23.945030893758677, 0.0 ], [ -46.175415856343946, -23.944267991463086, 0.0 ], [ -46.175472090779174, -23.942027771479008, 0.0 ], [ -46.177888354951008, -23.940358218566907, 0.0 ], [ -46.179972960953869, -23.938608146019362, 0.0 ], [ -46.182105019750097, -23.938817302808246, 0.0 ], [ -46.183407586745361, -23.938655231019897, 0.0 ], [ -46.18602159337528, -23.938168204189271, 0.0 ], [ -46.188510128925977, -23.937478295593191, 0.0 ], [ -46.192379706141594, -23.937230410810002, 0.0 ], [ -46.194863099091627, -23.936754573278318, 0.0 ], [ -46.197171609879568, -23.935998003547731, 0.0 ], [ -46.198317236247732, -23.935908624491038, 0.0 ], [ -46.199275104984537, -23.935475109853506, 0.0 ], [ -46.200461327807709, -23.933493651479523, 0.0 ], [ -46.201935287130752, -23.931601153041235, 0.0 ], [ -46.202943885359687, -23.931157592269848, 0.0 ], [ -46.206056248331116, -23.930542758806787, 0.0 ], [ -46.206845878228229, -23.929847669508838, 0.0 ], [ -46.211049228295202, -23.924765401044418, 0.0 ], [ -46.211202307811412, -23.924054388225773, 0.0 ], [ -46.209931502429988, -23.922699245152643, 0.0 ], [ -46.206255598451847, -23.921002271249016, 0.0 ], [ -46.205932232687687, -23.920476338663896, 0.0 ], [ -46.206310007393746, -23.919237392612807, 0.0 ], [ -46.206273265339632, -23.918689106112215, 0.0 ], [ -46.205911125718309, -23.918170194959036, 0.0 ], [ -46.205320135044765, -23.917890097396103, 0.0 ], [ -46.204897234010367, -23.917432728461939, 0.0 ], [ -46.204711826824912, -23.916559405140532, 0.0 ], [ -46.203777895825951, -23.915735840998721, 0.0 ], [ -46.202568639683093, -23.915528454217561, 0.0 ], [ -46.199940126548576, -23.91402106840626, 0.0 ], [ -46.196838405448887, -23.911812732610912, 0.0 ], [ -46.196317608493729, -23.911153021732868, 0.0 ], [ -46.195669773929424, -23.91072378046464, 0.0 ], [ -46.19474378690478, -23.910649276071133, 0.0 ], [ -46.193931885499623, -23.910265602222417, 0.0 ], [ -46.191846485627089, -23.908885457621693, 0.0 ], [ -46.191488154741187, -23.908337113786601, 0.0 ], [ -46.190914893879921, -23.908057871488914, 0.0 ], [ -46.190504108534604, -23.907612756202894, 0.0 ], [ -46.19050810467931, -23.905578008299585, 0.0 ], [ -46.19010261129386, -23.904182979619463, 0.0 ], [ -46.190504505598554, -23.902676139107591, 0.0 ], [ -46.189752742258655, -23.901200844436996, 0.0 ], [ -46.189688903994245, -23.898677270575096, 0.0 ], [ -46.18952035052056, -23.898048776506826, 0.0 ], [ -46.187128255799756, -23.895823210270297, 0.0 ], [ -46.18439943786958, -23.893995158577887, 0.0 ], [ -46.182315530772186, -23.892058755428213, 0.0 ], [ -46.181493509379472, -23.89174720509326, 0.0 ], [ -46.180577465444536, -23.891673156800891, 0.0 ], [ -46.178753280403946, -23.890971856151545, 0.0 ], [ -46.178107692261392, -23.890361449660702, 0.0 ], [ -46.177307006933802, -23.88995764723429, 0.0 ], [ -46.172280432777988, -23.888920496000278, 0.0 ], [ -46.171503243018954, -23.888340207227827, 0.0 ], [ -46.169349239784914, -23.886006273444547, 0.0 ], [ -46.167999544914998, -23.88482821089697, 0.0 ], [ -46.167046385692188, -23.883484464217442, 0.0 ], [ -46.166446284602927, -23.882984893384418, 0.0 ], [ -46.166132147235388, -23.882358914777864, 0.0 ], [ -46.164526666412293, -23.881816593566356, 0.0 ], [ -46.162925319931311, -23.880475957848795, 0.0 ], [ -46.160464414788585, -23.877092885099945, 0.0 ], [ -46.159816730846416, -23.875529510328601, 0.0 ], [ -46.1586259366169, -23.874458142967029, 0.0 ], [ -46.157550002252329, -23.872335687322291, 0.0 ], [ -46.154750125939003, -23.871822598370837, 0.0 ], [ -46.153951280335214, -23.871342552369825, 0.0 ], [ -46.150268449837469, -23.867635596732899, 0.0 ], [ -46.148766525095731, -23.866443466268468, 0.0 ], [ -46.147044686953372, -23.864322379474633, 0.0 ], [ -46.144395532405333, -23.862965364451654, 0.0 ], [ -46.140967589601239, -23.859871745476649, 0.0 ] ] } },
{ "type": "Feature", "properties": { "Rodovia": "SP 055", "TipoRodovi": "Eixo", "Orientacao": "Transversal", "Origem": "Estadual", "Municipio": "Santos", "CodRegiona": "DR 05", "SedeRegion": "Cubatão", "KmInicial": 248.1, "KmFinal": 259.5, "Extensao": 11.4, "DescricaoI": "Entroncamento SPA 248/055", "DescricaoF": "Divisa Municipal Santos / Cubatão", "Jurisdicao": "Estadual", "Administra": "Concessionária", "Conservado": "Ecovias", "TipoPista": "DUP", "Sobreposic": null, "Subposicao": null, "PerimetroU": "Nã", "DataInicio": "29 05 1998", "DataFimCon": "29 03 2034", "EstadualCo": "Nã", "Denominaca": "s/d", "Legislacao": null, "TPUso": null, "TransfMuni": null, "Subtrecho": "055SPE2400" }, "geometry": { "type": "LineString", "coordinates": [ [ -46.289257226619924, -23.915468632575784, 0.0 ], [ -46.289690948637762, -23.914740580633211, 0.0 ], [ -46.290183115631415, -23.913998917062127, 0.0 ], [ -46.291476055469559, -23.911918033983003, 0.0 ], [ -46.292009930900193, -23.911145350895424, 0.0 ], [ -46.294119275432067, -23.907859627867186, 0.0 ], [ -46.294943300296659, -23.906577086023294, 0.0 ], [ -46.295713178194461, -23.905383976777813, 0.0 ], [ -46.297000976006281, -23.903464496020135, 0.0 ], [ -46.2979859485174, -23.901939048634613, 0.0 ], [ -46.299086668814617, -23.900181687892374, 0.0 ], [ -46.301919760420134, -23.895740708689623, 0.0 ], [ -46.302877561513178, -23.894230441033251, 0.0 ], [ -46.304034708128931, -23.892482061055574, 0.0 ], [ -46.304419183471779, -23.891948309293813, 0.0 ], [ -46.305040322515673, -23.891209203812814, 0.0 ], [ -46.305719571384955, -23.890513562170685, 0.0 ], [ -46.306559733710536, -23.889757642295415, 0.0 ], [ -46.306983167911369, -23.889420104331872, 0.0 ], [ -46.30751385991563, -23.889040722961479, 0.0 ], [ -46.307839184766138, -23.88883147608685, 0.0 ], [ -46.311367399981094, -23.886705232461193, 0.0 ], [ -46.312554217666651, -23.885986763737975, 0.0 ], [ -46.315328689916413, -23.884371148821693, 0.0 ], [ -46.317707337695111, -23.882932665167637, 0.0 ], [ -46.318943069496925, -23.882166124736703, 0.0 ], [ -46.319292053501719, -23.881918263703543, 0.0 ], [ -46.319492614026359, -23.881744386105513, 0.0 ], [ -46.320106593704757, -23.881229222775307, 0.0 ], [ -46.320935294508551, -23.880413936266848, 0.0 ], [ -46.321458441154739, -23.879850369647169, 0.0 ], [ -46.321677512755954, -23.879585346986246, 0.0 ], [ -46.321810271123539, -23.879293575482674, 0.0 ], [ -46.322067163704624, -23.8784406181782, 0.0 ], [ -46.322556160375228, -23.876647767422753, 0.0 ], [ -46.322678934326227, -23.876358263614097, 0.0 ], [ -46.322961928929111, -23.875966125419481, 0.0 ], [ -46.323199293986399, -23.875772570259606, 0.0 ], [ -46.323585054960027, -23.875651959878898, 0.0 ], [ -46.323924805222589, -23.875668789619986, 0.0 ], [ -46.324274491132513, -23.875839518245847, 0.0 ], [ -46.324831550361132, -23.876311654603047, 0.0 ], [ -46.324969805903841, -23.876395125174483, 0.0 ], [ -46.325343637799577, -23.876580554552394, 0.0 ], [ -46.325820605811678, -23.876704689333668, 0.0 ], [ -46.326238638604998, -23.876789998402383, 0.0 ], [ -46.327611095253104, -23.876851947725825, 0.0 ], [ -46.330226419989224, -23.876785644517135, 0.0 ], [ -46.331046662486841, -23.876683979194013, 0.0 ], [ -46.331357772545807, -23.876592796223346, 0.0 ], [ -46.331620598765369, -23.876387858961341, 0.0 ], [ -46.33170165421032, -23.876270177013108, 0.0 ], [ -46.331813444791258, -23.876050343246607, 0.0 ], [ -46.331852000241298, -23.875871964527349, 0.0 ], [ -46.331853957683215, -23.875719800881768, 0.0 ], [ -46.331811831698751, -23.875327606653045, 0.0 ], [ -46.331714954425536, -23.874212532252564, 0.0 ], [ -46.331677929917568, -23.87378368777031, 0.0 ], [ -46.331656063278828, -23.873633513183979, 0.0 ], [ -46.331770861496686, -23.872352315149708, 0.0 ], [ -46.331817205554117, -23.87189045100552, 0.0 ], [ -46.331859241237808, -23.871694124016106, 0.0 ], [ -46.331922726416032, -23.871428328186592, 0.0 ], [ -46.332037399167433, -23.871187608923815, 0.0 ], [ -46.33216950811947, -23.871013858036783, 0.0 ], [ -46.332363968500616, -23.870843191137268, 0.0 ], [ -46.332521090593509, -23.870747292320402, 0.0 ], [ -46.332769677253076, -23.870663438287725, 0.0 ], [ -46.332995017527217, -23.870638526693988, 0.0 ], [ -46.333241287572243, -23.870649210869626, 0.0 ], [ -46.333535067498239, -23.870719330718664, 0.0 ], [ -46.333799042690494, -23.870848078603345, 0.0 ], [ -46.333926835569486, -23.870941533558042, 0.0 ], [ -46.33519507488591, -23.872179161512417, 0.0 ], [ -46.335455406359671, -23.872369320183111, 0.0 ], [ -46.335765072888968, -23.872560419930238, 0.0 ], [ -46.336220944417704, -23.872728703511616, 0.0 ], [ -46.337910955869084, -23.873167642701244, 0.0 ], [ -46.339581595946328, -23.873733657141493, 0.0 ], [ -46.339798220571396, -23.873807044605822, 0.0 ], [ -46.340165429475199, -23.873888298512185, 0.0 ], [ -46.340452035484375, -23.873912984411835, 0.0 ], [ -46.340687353206143, -23.87391409821689, 0.0 ], [ -46.341111511784206, -23.873867459334534, 0.0 ], [ -46.341246450870194, -23.873812527462491, 0.0 ], [ -46.341694560638182, -23.873694950922228, 0.0 ], [ -46.341971263411509, -23.873580918787848, 0.0 ], [ -46.342216878496103, -23.873463850061629, 0.0 ], [ -46.34261138888241, -23.873194876572892, 0.0 ], [ -46.342858900695767, -23.873017807258535, 0.0 ], [ -46.343207858698982, -23.872712019544359, 0.0 ], [ -46.343587006522533, -23.872313077024994, 0.0 ], [ -46.343821554653914, -23.872021172051785, 0.0 ], [ -46.344133188940113, -23.871539268074237, 0.0 ], [ -46.344249779508509, -23.871304114329398, 0.0 ], [ -46.344662332383422, -23.870301856495253, 0.0 ], [ -46.344935521393701, -23.869523566779883, 0.0 ], [ -46.345162181592485, -23.868891714314959, 0.0 ], [ -46.345629983179322, -23.867410881028881, 0.0 ], [ -46.346368685168216, -23.8648355309208, 0.0 ], [ -46.346753080044898, -23.863866800504969, 0.0 ], [ -46.347038966260897, -23.863401320563277, 0.0 ], [ -46.347262845032986, -23.863122403823201, 0.0 ], [ -46.347610456225453, -23.862772116903894, 0.0 ], [ -46.348928501621948, -23.861591006302035, 0.0 ], [ -46.349938564832534, -23.860736382577688, 0.0 ], [ -46.352089188089543, -23.858767616521458, 0.0 ], [ -46.352422241473036, -23.858479041896899, 0.0 ], [ -46.352812943450523, -23.858193651026177, 0.0 ], [ -46.353430683245442, -23.857818124546164, 0.0 ], [ -46.353780833984523, -23.857640337897276, 0.0 ], [ -46.354630317413928, -23.857298016897051, 0.0 ], [ -46.355398668160149, -23.857088437303975, 0.0 ], [ -46.35602764287195, -23.856984875086169, 0.0 ], [ -46.356571094856079, -23.856924274087021, 0.0 ], [ -46.356905912080791, -23.856912233149124, 0.0 ], [ -46.357367937508506, -23.856919986667865, 0.0 ], [ -46.359755996093035, -23.857088781137882, 0.0 ], [ -46.364621580819957, -23.857444194368583, 0.0 ], [ -46.364623440727094, -23.857444330847208, 0.0 ], [ -46.365280518868886, -23.857493977563074, 0.0 ], [ -46.366098534881239, -23.857534791438464, 0.0 ], [ -46.366426255908081, -23.857520872875785, 0.0 ], [ -46.366716514177043, -23.857476334488886, 0.0 ] ] } },
{ "type": "Feature", "properties": { "Rodovia": "SP 150", "TipoRodovi": "Eixo", "Orientacao": "Radial", "Origem": "Estadual", "Municipio": "Santos", "CodRegiona": "DR 05", "SedeRegion": "Cubatão", "KmInicial": 61.7, "KmFinal": 65.6, "Extensao": 3.9, "DescricaoI": "Divisa Municipal Cubatão / Santos", "DescricaoF": "Santos Perímetro Urbano (A)", "Jurisdicao": "Estadual", "Administra": "Concessionária", "Conservado": "Ecovias", "TipoPista": "DUP", "Sobreposic": null, "Subposicao": null, "PerimetroU": "Nã", "DataInicio": "29 05 1998", "DataFimCon": "29 03 2034", "EstadualCo": "Sim", "Denominaca": "Anchieta, Via", "Legislacao": "Men. Dec. 10.418 , 11/08/39", "TPUso": null, "TransfMuni": null, "Subtrecho": "150SPE5912" }, "geometry": { "type": "LineString", "coordinates": [ [ -46.348582429617529, -23.930647027048241, 0.0 ], [ -46.352001647256351, -23.930349044843314, 0.0 ], [ -46.353232087842812, -23.930144628464713, 0.0 ], [ -46.354460998848282, -23.929964644219982, 0.0 ], [ -46.35556395420187, -23.92981966560934, 0.0 ], [ -46.355996888213085, -23.929749349923551, 0.0 ], [ -46.356792016002288, -23.92968884397413, 0.0 ], [ -46.360798781739234, -23.929096609829589, 0.0 ], [ -46.365195108583514, -23.928477272646834, 0.0 ], [ -46.366819564199695, -23.928234153409061, 0.0 ], [ -46.370173802537806, -23.927774926863698, 0.0 ], [ -46.372922355834376, -23.927370876432811, 0.0 ], [ -46.377252688765147, -23.92672783306627, 0.0 ], [ -46.378054776418693, -23.926617465787082, 0.0 ], [ -46.379107494600788, -23.926515161135661, 0.0 ], [ -46.380398460511408, -23.926471696709267, 0.0 ], [ -46.38174807314433, -23.92650819680874, 0.0 ], [ -46.38243331589495, -23.926548371302633, 0.0 ], [ -46.38283638098207, -23.926601986016102, 0.0 ], [ -46.38624261550612, -23.927018583815205, 0.0 ], [ -46.387063025532491, -23.927114640150915, 0.0 ], [ -46.388139716441557, -23.927242573531228, 0.0 ], [ -46.389660393528985, -23.927438408460635, 0.0 ], [ -46.391128661236259, -23.927618950242795, 0.0 ], [ -46.392492836887769, -23.927799261597137, 0.0 ] ] } },
{ "type": "Feature", "properties": { "Rodovia": "SP 148", "TipoRodovi": "Eixo", "Orientacao": "Radial", "Origem": "Estadual", "Municipio": "Santos", "CodRegiona": "DR 05", "SedeRegion": "Cubatão", "KmInicial": 59.0, "KmFinal": 63.1, "Extensao": 4.1, "DescricaoI": "Divisa Municipal Cubatão/Santos", "DescricaoF": "Santos - Perímetro Urbano (A)", "Jurisdicao": "Estadual", "Administra": "Concessionária", "Conservado": "Ecovias", "TipoPista": "PAV", "Sobreposic": null, "Subposicao": null, "PerimetroU": "Nã", "DataInicio": "29 05 1998", "DataFimCon": "29 03 2033", "EstadualCo": "Nã", "Denominaca": "Caminho do Mar", "Legislacao": null, "TPUso": null, "TransfMuni": null, "Subtrecho": "148SPE4581" }, "geometry": { "type": "LineString", "coordinates": [ [ -46.396658062055138, -23.926143280155809, 0.0 ], [ -46.396655558803161, -23.926140956339122, 0.0 ], [ -46.39613808663912, -23.925660577781446, 0.0 ], [ -46.395971427305199, -23.925393205363033, 0.0 ], [ -46.395594588734433, -23.924921059564138, 0.0 ], [ -46.395177935431654, -23.924513096537122, 0.0 ], [ -46.394399601982599, -23.924209669871264, 0.0 ], [ -46.393579933681693, -23.924256483189794, 0.0 ], [ -46.392129023941109, -23.92429156483534, 0.0 ], [ -46.390212685206315, -23.924562608678926, 0.0 ], [ -46.387901907691699, -23.924899980141909, 0.0 ], [ -46.385114154639659, -23.925241990485336, 0.0 ], [ -46.382940788053467, -23.925640409151335, 0.0 ], [ -46.380125422473618, -23.92601415971637, 0.0 ], [ -46.377073331146057, -23.926486887491517, 0.0 ], [ -46.374393619607261, -23.926840594428988, 0.0 ], [ -46.366992652846569, -23.927904892555823, 0.0 ], [ -46.364673688854019, -23.928344990282639, 0.0 ], [ -46.363509570606112, -23.928504693096571, 0.0 ], [ -46.36245634436505, -23.928719502503551, 0.0 ], [ -46.362436310245776, -23.928691464631818, 0.0 ], [ -46.361626480709305, -23.928778476495228, 0.0 ] ] } },
{ "type": "Feature", "properties": { "Rodovia": "SP 148", "TipoRodovi": "Eixo", "Orientacao": "Radial", "Origem": "Estadual", "Municipio": "Santos", "CodRegiona": "DR 05", "SedeRegion": "Cubatão", "KmInicial": 63.1, "KmFinal": 64.53, "Extensao": 1.43, "DescricaoI": "Santos - Perímetro Urbano (A)", "DescricaoF": "Santos - Perímetro Urbano (B) - Cemitério", "Jurisdicao": "Estadual", "Administra": "DER", "Conservado": "05.04", "TipoPista": "PAV", "Sobreposic": null, "Subposicao": null, "PerimetroU": "Nã", "DataInicio": null, "DataFimCon": null, "EstadualCo": "Nã", "Denominaca": "Caminho do Mar", "Legislacao": null, "TPUso": null, "TransfMuni": null, "Subtrecho": "148SPE8039" }, "geometry": { "type": "LineString", "coordinates": [ [ -46.361626480709305, -23.928778476495228, 0.0 ], [ -46.36052659352692, -23.9288966466071, 0.0 ], [ -46.359532839300705, -23.929053705176447, 0.0 ], [ -46.358434440406427, -23.929215402878516, 0.0 ], [ -46.357433611536145, -23.929361378782527, 0.0 ], [ -46.356866731111907, -23.929445747381155, 0.0 ], [ -46.356455503365332, -23.92950535807779, 0.0 ], [ -46.356141557893267, -23.929554226329486, 0.0 ], [ -46.355919146324169, -23.929580059449091, 0.0 ], [ -46.355620909084323, -23.929618046364695, 0.0 ], [ -46.355260822065418, -23.929676511353783, 0.0 ], [ -46.354400753809415, -23.929806215278191, 0.0 ], [ -46.353483935865285, -23.929939128872025, 0.0 ], [ -46.35257822051932, -23.930079365156846, 0.0 ], [ -46.351538949021858, -23.930266085398131, 0.0 ], [ -46.351172718057541, -23.930283573437496, 0.0 ], [ -46.350884832382611, -23.930348468985397, 0.0 ], [ -46.350178463335553, -23.930444748362518, 0.0 ], [ -46.349327557583976, -23.930553098896073, 0.0 ], [ -46.349179198792491, -23.930567803253457, 0.0 ], [ -46.349021400044379, -23.930583442358493, 0.0 ], [ -46.348874306743738, -23.930598021436598, 0.0 ], [ -46.348766631725049, -23.930608693395829, 0.0 ], [ -46.348690754874568, -23.930607682595699, 0.0 ], [ -46.348582429617529, -23.930647027048241, 0.0 ] ] } },
{ "type": "Feature", "properties": { "Rodovia": "SP 055", "TipoRodovi": "Eixo", "Orientacao": "Transversal", "Origem": "Estadual", "Municipio": "São Vicente", "CodRegiona": "DR 05", "SedeRegion": "Cubatão", "KmInicial": 275.7, "KmFinal": 286.72, "Extensao": 11.02, "DescricaoI": "Divisa Municipal Cubatão / São Vicente", "DescricaoF": "Divisa Municipal São Vicente / Praia Grande", "Jurisdicao": "Estadual", "Administra": "Concessionária", "Conservado": "Ecovias", "TipoPista": "DUP", "Sobreposic": null, "Subposicao": null, "PerimetroU": "Nã", "DataInicio": "29 05 1998", "DataFimCon": "29 03 2034", "EstadualCo": "Sim", "Denominaca": "Padre Manoel da Nobrega, Via", "Legislacao": "Dec. 52.258 de 05/08/69", "TPUso": null, "TransfMuni": null, "Subtrecho": "055SPE0854" }, "geometry": { "type": "LineString", "coordinates": [ [ -46.460414490739808, -23.911921870468799, 0.0 ], [ -46.458568641569592, -23.913705709176327, 0.0 ], [ -46.458310020838965, -23.914055007099009, 0.0 ], [ -46.458099274787102, -23.914622642369785, 0.0 ], [ -46.457991618828267, -23.915025068756773, 0.0 ], [ -46.457971151319391, -23.915375956907869, 0.0 ], [ -46.457974141980166, -23.915672938161087, 0.0 ], [ -46.458161533685384, -23.916548423670811, 0.0 ], [ -46.45907861034884, -23.919327779972242, 0.0 ], [ -46.459360483153098, -23.92026269962399, 0.0 ], [ -46.459554622341024, -23.920927071774223, 0.0 ], [ -46.459675206550848, -23.92125695636642, 0.0 ], [ -46.460014899345545, -23.922912339820567, 0.0 ], [ -46.460276874945833, -23.92511962111206, 0.0 ], [ -46.46042962589113, -23.927764828733608, 0.0 ], [ -46.460474501228738, -23.928741157636043, 0.0 ], [ -46.460587886534938, -23.929054240067821, 0.0 ], [ -46.460832412566404, -23.929483854932027, 0.0 ], [ -46.461064577866587, -23.929829899221605, 0.0 ], [ -46.46131632890291, -23.930085152293813, 0.0 ], [ -46.462585434147407, -23.93087102731679, 0.0 ], [ -46.463583492020625, -23.931416045505344, 0.0 ], [ -46.464569185089324, -23.932253704822195, 0.0 ], [ -46.464662209641197, -23.93242557514478, 0.0 ], [ -46.464800695883888, -23.93261115953586, 0.0 ], [ -46.46506510182342, -23.933103246755262, 0.0 ], [ -46.465140940393319, -23.933471642814084, 0.0 ], [ -46.46514061601561, -23.933811992627071, 0.0 ], [ -46.465121775931422, -23.933985421493556, 0.0 ], [ -46.464974399067835, -23.934736229442333, 0.0 ], [ -46.464789510908339, -23.935407177397277, 0.0 ], [ -46.464445143609964, -23.936563458270964, 0.0 ], [ -46.464032688872329, -23.938021686161793, 0.0 ], [ -46.46375501957143, -23.938955082149835, 0.0 ], [ -46.463455204788403, -23.939921077465851, 0.0 ], [ -46.463164136639264, -23.940993202294937, 0.0 ], [ -46.462962963776491, -23.942014164055298, 0.0 ], [ -46.462923725917385, -23.942435403540653, 0.0 ], [ -46.462969043285739, -23.943251810911079, 0.0 ], [ -46.463149341946291, -23.943925066526806, 0.0 ], [ -46.463414514884967, -23.944615260901667, 0.0 ], [ -46.463760093183566, -23.945481406595878, 0.0 ], [ -46.464247244830361, -23.946824852966675, 0.0 ], [ -46.465528225573898, -23.950186524780317, 0.0 ], [ -46.466230388848778, -23.952033716106254, 0.0 ], [ -46.466616084505418, -23.952983855718042, 0.0 ], [ -46.467129730837783, -23.954354341480531, 0.0 ], [ -46.46735089773248, -23.954940043057466, 0.0 ], [ -46.467805156411913, -23.956112020678848, 0.0 ], [ -46.467912347347244, -23.956438215661876, 0.0 ], [ -46.468046956617101, -23.956753162303684, 0.0 ], [ -46.469106011334674, -23.959573484005762, 0.0 ], [ -46.469535378723869, -23.960651972256212, 0.0 ], [ -46.469835688739956, -23.961476725489597, 0.0 ], [ -46.470604349238883, -23.963437126393284, 0.0 ], [ -46.472112153472835, -23.967332527729916, 0.0 ], [ -46.472208100932797, -23.967528842892719, 0.0 ], [ -46.472427933632311, -23.96793811278437, 0.0 ], [ -46.472655950409788, -23.968280215445201, 0.0 ], [ -46.472837621864464, -23.968540007029535, 0.0 ], [ -46.473194981734402, -23.968956051625547, 0.0 ], [ -46.473758718811204, -23.969466378375841, 0.0 ], [ -46.474757654873919, -23.970364314827489, 0.0 ], [ -46.478276895594725, -23.973443112990143, 0.0 ], [ -46.480802858467456, -23.975645901398341, 0.0 ], [ -46.487902210362506, -23.981830100244522, 0.0 ], [ -46.490298711469251, -23.983924137451744, 0.0 ], [ -46.491535050742655, -23.984986425872609, 0.0 ], [ -46.492238946208076, -23.985629000833189, 0.0 ], [ -46.492586205361199, -23.98601461210469, 0.0 ], [ -46.492709293668149, -23.986164478320273, 0.0 ], [ -46.493021015253468, -23.98660468927697, 0.0 ], [ -46.493265859938646, -23.987035472562805, 0.0 ], [ -46.493515815443139, -23.987586882281779, 0.0 ], [ -46.493881401340552, -23.988687029627346, 0.0 ], [ -46.494694749332375, -23.991114135427249, 0.0 ], [ -46.495059896108664, -23.992280745281793, 0.0 ], [ -46.495456689411618, -23.993429576474295, 0.0 ], [ -46.495865871038653, -23.994601973312285, 0.0 ], [ -46.49621121426356, -23.99575109547208, 0.0 ], [ -46.496560255803473, -23.996829820274865, 0.0 ] ] } },
{ "type": "Feature", "properties": { "Rodovia": "SP 098", "TipoRodovi": "Eixo", "Orientacao": "Radial", "Origem": "Estadual", "Municipio": "Bertioga", "CodRegiona": "DR 05", "SedeRegion": "Cubatão", "KmInicial": 82.4, "KmFinal": 98.1, "Extensao": 15.7, "DescricaoI": "Divisa Municipal Biritiba Mirim / Bertioga", "DescricaoF": "Entroncamento SP 055 (km 214)", "Jurisdicao": "Estadual", "Administra": "Concessionária", "Conservado": "Novo Litoral", "TipoPista": "PAV", "Sobreposic": null, "Subposicao": null, "PerimetroU": "Nã", "DataInicio": "03 10 2024", "DataFimCon": "03 10 2054", "EstadualCo": "Nã", "Denominaca": "Dom Paulo Rolim Loureiro", "Legislacao": "Lei 2.990 de 16/09/81", "TPUso": null, "TransfMuni": null, "Subtrecho": "098SPE2328" }, "geometry": { "type": "LineString", "coordinates": [ [ -46.037508237011622, -23.721393939453037, 0.0 ], [ -46.037002763763731, -23.722079291154952, 0.0 ], [ -46.037312518046434, -23.723182291426557, 0.0 ], [ -46.036572384722668, -23.724379641602923, 0.0 ], [ -46.036923694119658, -23.726393435516901, 0.0 ], [ -46.036445847077829, -23.727075850954058, 0.0 ], [ -46.036288042039082, -23.731375203810554, 0.0 ], [ -46.035815083758891, -23.73196098657667, 0.0 ], [ -46.035746042430809, -23.732672369613926, 0.0 ], [ -46.036110613085008, -23.733633762274504, 0.0 ], [ -46.037527731879429, -23.734796076647079, 0.0 ], [ -46.038868772346596, -23.737315258959466, 0.0 ], [ -46.038774912542642, -23.738384181741413, 0.0 ], [ -46.038419798697632, -23.739259449366152, 0.0 ], [ -46.03841294134736, -23.740110360705618, 0.0 ], [ -46.039190919748108, -23.740721529339737, 0.0 ], [ -46.042082114430315, -23.741716087380684, 0.0 ], [ -46.042910505264459, -23.742306497698326, 0.0 ], [ -46.043942809711908, -23.744060888731283, 0.0 ], [ -46.044585100306058, -23.74477095570721, 0.0 ], [ -46.046274319535527, -23.745373940132119, 0.0 ], [ -46.046917097828022, -23.74578711212871, 0.0 ], [ -46.046947632806038, -23.746541273299883, 0.0 ], [ -46.046647129276451, -23.748114550038103, 0.0 ], [ -46.046060908458522, -23.74868829638104, 0.0 ], [ -46.044304499128266, -23.749280284713375, 0.0 ], [ -46.043603068614118, -23.749729724250589, 0.0 ], [ -46.042905957630424, -23.750959786328249, 0.0 ], [ -46.042370931348493, -23.751483206093326, 0.0 ], [ -46.041432644998729, -23.751387697271429, 0.0 ], [ -46.040685822318594, -23.750828349263998, 0.0 ], [ -46.040305935200102, -23.74916918527974, 0.0 ], [ -46.039491699807122, -23.748812701807896, 0.0 ], [ -46.03877910678618, -23.749251669625551, 0.0 ], [ -46.03881113036978, -23.750109065128328, 0.0 ], [ -46.039659669931424, -23.753421170502371, 0.0 ], [ -46.03969622177766, -23.754397196059255, 0.0 ], [ -46.036520899058246, -23.764392504729731, 0.0 ], [ -46.036611321839608, -23.765643079395563, 0.0 ], [ -46.037321645465084, -23.766719066303697, 0.0 ], [ -46.048560240844267, -23.774844993143027, 0.0 ], [ -46.049600833877733, -23.775840960264052, 0.0 ], [ -46.051021178323694, -23.776652705679428, 0.0 ], [ -46.05327807338923, -23.778552231763658, 0.0 ], [ -46.054690900463171, -23.779359085745725, 0.0 ], [ -46.056732734492833, -23.781113039718367, 0.0 ], [ -46.057544462563641, -23.782076656745531, 0.0 ], [ -46.057977771748888, -23.783299029350275, 0.0 ], [ -46.057836974595645, -23.787498071656088, 0.0 ], [ -46.057897978403901, -23.794636987985005, 0.0 ], [ -46.057962540675597, -23.79624711639519, 0.0 ], [ -46.058073981528359, -23.796637597584077, 0.0 ] ] } },
{ "type": "Feature", "properties": { "Rodovia": "SP 066", "TipoRodovi": "Eixo", "Orientacao": "Radial", "Origem": "Estadual", "Municipio": "Itaquaquecetuba", "CodRegiona": "DR 10", "SedeRegion": "São Paulo", "KmInicial": 29.6, "KmFinal": 30.7, "Extensao": 1.1, "DescricaoI": "Divisa Municipal São Paulo / Itaquaquecetuba", "DescricaoF": "Entroncamento SP 056 (km 30,7)", "Jurisdicao": "Estadual", "Administra": "Prefeitura", "Conservado": "Prefeitura", "TipoPista": "DUP", "Sobreposic": null, "Subposicao": null, "PerimetroU": "Nã", "DataInicio": null, "DataFimCon": null, "EstadualCo": "Nã", "Denominaca": "João Afonso de Souza Castellano", "Legislacao": "Lei 3.561 de 20/10/82", "TPUso": "TPU 007/1998", "TransfMuni": null, "Subtrecho": "066SPE3413" }, "geometry": { "type": "MultiLineString", "coordinates": [ [ [ -46.375884047944346, -23.48437989030004, 0.0 ], [ -46.375879065006991, -23.484379603296404, 0.0 ], [ -46.375346271110189, -23.484348894455451, 0.0 ], [ -46.373118625356454, -23.485507854293385, 0.0 ], [ -46.366331571753904, -23.486021405975265, 0.0 ], [ -46.366123478772721, -23.486195260175279, 0.0 ] ], [ [ -46.377712535209625, -23.484736421036114, 0.0 ], [ -46.375884047789071, -23.484379892984908, 0.0 ] ] ] } },
{ "type": "Feature", "properties": { "Rodovia": "SP 066", "TipoRodovi": "Eixo", "Orientacao": "Radial", "Origem": "Estadual", "Municipio": "Itaquaquecetuba", "CodRegiona": "DR 10", "SedeRegion": "São Paulo", "KmInicial": 30.7, "KmFinal": 34.0, "Extensao": 3.3, "DescricaoI": "Entroncamento SP 056 (km 30,7)", "DescricaoF": "Divisa Municipal Itaquaquecetuba / Poá", "Jurisdicao": "Estadual", "Administra": "Prefeitura", "Conservado": "Prefeitura", "TipoPista": "DUP", "Sobreposic": null, "Subposicao": null, "PerimetroU": "Nã", "DataInicio": null, "DataFimCon": null, "EstadualCo": "Nã", "Denominaca": "João Afonso de Souza Castellano", "Legislacao": "Lei 3.561 de 20/10/82", "TPUso": "TPU 007/1998", "TransfMuni": null, "Subtrecho": "066SPE0315" }, "geometry": { "type": "LineString", "coordinates": [ [ -46.366123478772721, -23.486195260175279, 0.0 ], [ -46.365528225606376, -23.486689515117064, 0.0 ], [ -46.36400562852446, -23.489078036611335, 0.0 ], [ -46.361418034817262, -23.492418030455454, 0.0 ], [ -46.35674778332416, -23.496030717420897, 0.0 ], [ -46.355813039046197, -23.497305306094447, 0.0 ], [ -46.355124824487305, -23.4978622800514, 0.0 ], [ -46.353502255452106, -23.498318058592076, 0.0 ], [ -46.352891121408121, -23.49883031684741, 0.0 ], [ -46.352573025322243, -23.499108269340582, 0.0 ], [ -46.349315278140899, -23.501956189203796, 0.0 ], [ -46.348734046974037, -23.502550023480737, 0.0 ], [ -46.343803455802728, -23.506939210652874, 0.0 ], [ -46.3438006487861, -23.506941940871755, 0.0 ] ] } },
{ "type": "Feature", "properties": { "Rodovia": "SP 066", "TipoRodovi": "Eixo", "Orientacao": "Radial", "Origem": "Estadual", "Municipio": "Guararema", "CodRegiona": "DR 10", "SedeRegion": "São Paulo", "KmInicial": 68.7, "KmFinal": 69.5, "Extensao": 0.8, "DescricaoI": "Divisa Municipal Mogi das Cruzes / Guararema", "DescricaoF": "Acesso ao distrito Luís Carlos / Entroncamento SPA 069/066", "Jurisdicao": "Estadual", "Administra": "DER", "Conservado": "10.04", "TipoPista": "PAV", "Sobreposic": null, "Subposicao": null, "PerimetroU": "Nã", "DataInicio": null, "DataFimCon": null, "EstadualCo": "Nã", "Denominaca": "Henrique Eroles", "Legislacao": "Lei 5.557 de 26/01/87", "TPUso": null, "TransfMuni": null, "Subtrecho": "066SPE6291" }, "geometry": { "type": "LineString", "coordinates": [ [ -46.071485780979728, -23.454500247231291, 0.0 ], [ -46.071409098673847, -23.454478111970698, 0.0 ], [ -46.069643125977223, -23.45350604172372, 0.0 ], [ -46.069046957625744, -23.453355550609036, 0.0 ], [ -46.068777041497412, -23.453249617007273, 0.0 ], [ -46.068560745407815, -23.453054084720669, 0.0 ], [ -46.068418967999953, -23.452786058362808, 0.0 ], [ -46.068260890907702, -23.452462742079025, 0.0 ], [ -46.068058413563541, -23.452218014621263, 0.0 ], [ -46.065346365118359, -23.451154009641858, 0.0 ] ] } },
{ "type": "Feature", "properties": { "Rodovia": "SP 066", "TipoRodovi": "Eixo", "Orientacao": "Radial", "Origem": "Estadual", "Municipio": "Guararema", "CodRegiona": "DR 10", "SedeRegion": "São Paulo", "KmInicial": 69.5, "KmFinal": 73.7, "Extensao": 4.2, "DescricaoI": "Acesso ao distrito Luís Carlos / Entroncamento SPA 069/066", "DescricaoF": "Acesso Guararema", "Jurisdicao": "Estadual", "Administra": "DER", "Conservado": "10.04", "TipoPista": "PAV", "Sobreposic": null, "Subposicao": null, "PerimetroU": "Nã", "DataInicio": null, "DataFimCon": null, "EstadualCo": "Nã", "Denominaca": "Henrique Eroles", "Legislacao": "Lei 5.557 de 26/01/87", "TPUso": null, "TransfMuni": null, "Subtrecho": "066SPE1517" }, "geometry": { "type": "LineString", "coordinates": [ [ -46.065346365118359, -23.451154009641858, 0.0 ], [ -46.064748212385652, -23.450891027081521, 0.0 ], [ -46.0645264254387, -23.450422298450746, 0.0 ], [ -46.06461286337332, -23.449988057237618, 0.0 ], [ -46.065300878673369, -23.448555010571503, 0.0 ], [ -46.066281011473507, -23.447861985691848, 0.0 ], [ -46.06650289433518, -23.447672511464667, 0.0 ], [ -46.066726380815531, -23.44731054178602, 0.0 ], [ -46.067405098970355, -23.445867832564755, 0.0 ], [ -46.068345496500179, -23.445397549934533, 0.0 ], [ -46.068487187630701, -23.445155864664571, 0.0 ], [ -46.068323880793969, -23.444224528119701, 0.0 ], [ -46.068331110366636, -23.443739254887635, 0.0 ], [ -46.068429859990395, -23.443190380009447, 0.0 ], [ -46.069055836455512, -23.441163142395126, 0.0 ], [ -46.06906291227078, -23.440681789884117, 0.0 ], [ -46.068057280390377, -23.439683878770055, 0.0 ], [ -46.066591497807245, -23.436968919152271, 0.0 ], [ -46.066188608786703, -23.436535901340481, 0.0 ], [ -46.065125115272721, -23.435566262258984, 0.0 ], [ -46.064594891394208, -23.435056347930093, 0.0 ], [ -46.0642117732069, -23.43456896182478, 0.0 ], [ -46.064089436399676, -23.434225583532722, 0.0 ], [ -46.063981515342988, -23.433550777221559, 0.0 ], [ -46.063812258433089, -23.433164772232935, 0.0 ], [ -46.063036957535203, -23.43179194206191, 0.0 ], [ -46.062882033349908, -23.431473767060993, 0.0 ], [ -46.061060661713121, -23.427453146831443, 0.0 ], [ -46.060611875892711, -23.426415916620865, 0.0 ], [ -46.060248953790051, -23.42579448779102, 0.0 ], [ -46.059245152902854, -23.424565781236275, 0.0 ], [ -46.059180882067189, -23.424120331159394, 0.0 ], [ -46.059311318616139, -23.423417384343338, 0.0 ], [ -46.059450334742408, -23.423200813032718, 0.0 ], [ -46.059732296030191, -23.423081624234367, 0.0 ], [ -46.060567383621574, -23.423364294558684, 0.0 ], [ -46.061029916735748, -23.423455270983176, 0.0 ], [ -46.0612320404313, -23.423268191784139, 0.0 ], [ -46.061230503825378, -23.422986282773078, 0.0 ], [ -46.060906008392102, -23.421622772238614, 0.0 ], [ -46.061047602822256, -23.421153059054603, 0.0 ], [ -46.061254783395718, -23.420722185838553, 0.0 ], [ -46.061364880331865, -23.420492456114395, 0.0 ] ] } },
{ "type": "Feature", "properties": { "Rodovia": "SP 066", "TipoRodovi": "Eixo", "Orientacao": "Radial", "Origem": "Estadual", "Municipio": "Guararema", "CodRegiona": "DR 10", "SedeRegion": "São Paulo", "KmInicial": 73.7, "KmFinal": 81.0, "Extensao": 7.3, "DescricaoI": "Acesso Guararema", "DescricaoF": "Entroncamento SPI 172 / 060 (para Dutra)", "Jurisdicao": "Estadual", "Administra": "DER", "Conservado": "10.04", "TipoPista": "PAV", "Sobreposic": null, "Subposicao": null, "PerimetroU": "Nã", "DataInicio": null, "DataFimCon": null, "EstadualCo": "Nã", "Denominaca": "Henrique Eroles", "Legislacao": "Lei 5.557 de 26/01/87", "TPUso": null, "TransfMuni": null, "Subtrecho": "066SPE9868" }, "geometry": { "type": "LineString", "coordinates": [ [ -46.061364880331865, -23.420492456114395, 0.0 ], [ -46.061715125622172, -23.419763188955319, 0.0 ], [ -46.062127228769867, -23.418547004479809, 0.0 ], [ -46.062784272738419, -23.416613008284379, 0.0 ], [ -46.063329645407187, -23.415918423597784, 0.0 ], [ -46.064172732717999, -23.415402079506972, 0.0 ], [ -46.064771185965043, -23.414975294829105, 0.0 ], [ -46.064862319709746, -23.41468399283503, 0.0 ], [ -46.065049720199035, -23.412843200834111, 0.0 ], [ -46.065122045059752, -23.412333612243074, 0.0 ], [ -46.065445721032525, -23.411098894948246, 0.0 ], [ -46.065518111442557, -23.410574418598262, 0.0 ], [ -46.065903515030286, -23.409811015299979, 0.0 ], [ -46.066076443282981, -23.409520085684989, 0.0 ], [ -46.066298954016524, -23.409152995144257, 0.0 ], [ -46.066457397678974, -23.408557936864138, 0.0 ], [ -46.066580658046739, -23.408208313228705, 0.0 ], [ -46.066722613085901, -23.408024449494235, 0.0 ], [ -46.067245355530638, -23.407631289673496, 0.0 ], [ -46.067418552577827, -23.407404040321854, 0.0 ], [ -46.067753453333481, -23.406731723475652, 0.0 ], [ -46.068072329808906, -23.406463124973559, 0.0 ], [ -46.068429524728352, -23.406237664746381, 0.0 ], [ -46.068829304816589, -23.405984371033, 0.0 ], [ -46.069213845267683, -23.405644168164745, 0.0 ], [ -46.069538931496908, -23.405203578789134, 0.0 ], [ -46.069748903892062, -23.404772178512854, 0.0 ], [ -46.069831042438402, -23.404289387375282, 0.0 ], [ -46.069900634478572, -23.404015714276991, 0.0 ], [ -46.070133336059918, -23.403682838583389, 0.0 ], [ -46.070296390583891, -23.403341806137192, 0.0 ], [ -46.070304114047943, -23.402949803262139, 0.0 ], [ -46.070185579352106, -23.402607844490337, 0.0 ], [ -46.069986181931434, -23.402315759748056, 0.0 ], [ -46.069622504468079, -23.402035249573888, 0.0 ], [ -46.068519313232365, -23.401260507194102, 0.0 ], [ -46.068181433056985, -23.401232252584162, 0.0 ], [ -46.067862296061989, -23.401437162464404, 0.0 ], [ -46.067574504353729, -23.401733549192659, 0.0 ], [ -46.067243040408144, -23.40180299577311, 0.0 ], [ -46.066968982949689, -23.401665577394802, 0.0 ], [ -46.066560129180999, -23.401251687363054, 0.0 ], [ -46.066275092026672, -23.400956405345795, 0.0 ], [ -46.066113664581955, -23.400510033805528, 0.0 ], [ -46.066160080706773, -23.400145297765647, 0.0 ], [ -46.066652604341073, -23.399368563991398, 0.0 ], [ -46.067080394239163, -23.398715905871615, 0.0 ], [ -46.067186202134067, -23.398384130052058, 0.0 ], [ -46.067130823927776, -23.397943103382886, 0.0 ], [ -46.067056489575101, -23.397613490760939, 0.0 ], [ -46.067091907337513, -23.397090889058457, 0.0 ], [ -46.067275509477241, -23.396553283588748, 0.0 ], [ -46.067458886858049, -23.396019406845184, 0.0 ], [ -46.067459810844454, -23.39573104570103, 0.0 ], [ -46.067361987381368, -23.395528971718416, 0.0 ], [ -46.066265859540771, -23.395037877988646, 0.0 ], [ -46.065652788001756, -23.394823458840239, 0.0 ], [ -46.065222361617153, -23.394633211748154, 0.0 ], [ -46.064833302945082, -23.394298980074804, 0.0 ], [ -46.063937971123146, -23.393538448586071, 0.0 ], [ -46.062823963249286, -23.392814676961358, 0.0 ], [ -46.062044978402469, -23.392375347207608, 0.0 ], [ -46.061539010416944, -23.39195785025214, 0.0 ], [ -46.061194396276463, -23.391267724313224, 0.0 ], [ -46.059655169590208, -23.390616040796143, 0.0 ], [ -46.058859609079796, -23.390028756308705, 0.0 ], [ -46.058763706426518, -23.389876229529413, 0.0 ], [ -46.058920524384646, -23.38866230416355, 0.0 ], [ -46.059096624540864, -23.388449031359396, 0.0 ], [ -46.059407485969885, -23.388400623103266, 0.0 ], [ -46.060274529746827, -23.388414429061658, 0.0 ], [ -46.060784344391777, -23.388316235157053, 0.0 ], [ -46.061718576618993, -23.387598619280972, 0.0 ], [ -46.062446071491777, -23.386904745024449, 0.0 ], [ -46.062766977238446, -23.386233154562348, 0.0 ], [ -46.062866853967883, -23.385531346495608, 0.0 ], [ -46.062581381554175, -23.384451810659844, 0.0 ], [ -46.061910234662768, -23.382767930434667, 0.0 ], [ -46.061596279918824, -23.381338896523623, 0.0 ], [ -46.061303415488489, -23.38067465301868, 0.0 ], [ -46.060780833450622, -23.379653980637602, 0.0 ], [ -46.060875331450241, -23.379287402144502, 0.0 ], [ -46.061463276175083, -23.378042386576904, 0.0 ], [ -46.061545721043615, -23.37778431951876, 0.0 ], [ -46.061480364654898, -23.377430593989619, 0.0 ], [ -46.060287549459609, -23.375888640355623, 0.0 ], [ -46.059262436645703, -23.375144495045717, 0.0 ], [ -46.059240616705132, -23.373776367540664, 0.0 ], [ -46.059016098682179, -23.373011572792425, 0.0 ], [ -46.057676510154302, -23.371908923841413, 0.0 ], [ -46.054961087176117, -23.370390669646309, 0.0 ] ] } },
{ "type": "Feature", "properties": { "Rodovia": "SP 066", "TipoRodovi": "Eixo", "Orientacao": "Radial", "Origem": "Estadual", "Municipio": "Guararema", "CodRegiona": "DR 10", "SedeRegion": "São Paulo", "KmInicial": 81.0, "KmFinal": 81.54, "Extensao": 0.54, "DescricaoI": "Entroncamento SPI 172 / 060 (para Dutra)", "DescricaoF": "Divisa Municipal Guararema / Jacareí", "Jurisdicao": "Estadual", "Administra": "DER", "Conservado": "10.04", "TipoPista": "PAV", "Sobreposic": null, "Subposicao": null, "PerimetroU": "Nã", "DataInicio": null, "DataFimCon": null, "EstadualCo": "Nã", "Denominaca": "Henrique Eroles", "Legislacao": "Lei 5.557 de 26/01/87", "TPUso": null, "TransfMuni": null, "Subtrecho": "066SPE2996" }, "geometry": { "type": "LineString", "coordinates": [ [ -46.054961087176117, -23.370390669646309, 0.0 ], [ -46.054093878914294, -23.36990562562373, 0.0 ], [ -46.052039660009953, -23.368943618947334, 0.0 ], [ -46.052005337524889, -23.368942701435742, 0.0 ] ] } },
{ "type": "Feature", "properties": { "Rodovia": "SP 098", "TipoRodovi": "Eixo", "Orientacao": "Radial", "Origem": "Estadual", "Municipio": "Biritiba Mirim", "CodRegiona": "DR 10", "SedeRegion": "São Paulo", "KmInicial": 75.0, "KmFinal": 82.4, "Extensao": 7.4, "DescricaoI": "Divisa Municipal Mogi das Cruzes / Biritiba Mirim", "DescricaoF": "Divisa Municipal Biritiba Mirim / Bertioga", "Jurisdicao": "Estadual", "Administra": "Concessionária", "Conservado": "Novo Litoral", "TipoPista": "PAV", "Sobreposic": null, "Subposicao": null, "PerimetroU": "Nã", "DataInicio": "03 10 2024", "DataFimCon": "03 10 2054", "EstadualCo": "Nã", "Denominaca": "Dom Paulo Rolim Loureiro", "Legislacao": "Lei 2.990 de 16/09/81", "TPUso": null, "TransfMuni": null, "Subtrecho": "098SPE5684" }, "geometry": { "type": "LineString", "coordinates": [ [ -46.091649640526576, -23.699265748233842, 0.0 ], [ -46.091670562851917, -23.699579067270083, 0.0 ], [ -46.091556623943781, -23.699997940061952, 0.0 ], [ -46.091146378737164, -23.700435494527216, 0.0 ], [ -46.090503977484822, -23.700686015622896, 0.0 ], [ -46.089673968857511, -23.700866346425105, 0.0 ], [ -46.087586837917527, -23.700969393925053, 0.0 ], [ -46.087251758175441, -23.701262453432623, 0.0 ], [ -46.08708715940616, -23.702029262877328, 0.0 ], [ -46.086884920653588, -23.702443656083556, 0.0 ], [ -46.085918434937497, -23.702927100919208, 0.0 ], [ -46.084888175667324, -23.703366859740139, 0.0 ], [ -46.083758603838447, -23.703862236290345, 0.0 ], [ -46.083250199261194, -23.70397123073559, 0.0 ], [ -46.082654739212217, -23.703934244479694, 0.0 ], [ -46.079481211001351, -23.703698898787191, 0.0 ], [ -46.077687084370687, -23.704200891923691, 0.0 ], [ -46.075037553507215, -23.705057071322514, 0.0 ], [ -46.073907928569497, -23.705431036702834, 0.0 ], [ -46.073239713269224, -23.705619493890929, 0.0 ], [ -46.068566002204719, -23.707221371166728, 0.0 ], [ -46.067374440313493, -23.70753871999958, 0.0 ], [ -46.064645328484119, -23.70843706671959, 0.0 ], [ -46.064455694526806, -23.70849948136339, 0.0 ], [ -46.06314137075001, -23.708906884737981, 0.0 ], [ -46.062011745731425, -23.709259911526537, 0.0 ], [ -46.060997492882898, -23.709560837692802, 0.0 ], [ -46.060095755644909, -23.709875982824762, 0.0 ], [ -46.057823156366659, -23.711038612840092, 0.0 ], [ -46.057294259040134, -23.711286019422761, 0.0 ], [ -46.056904856938367, -23.711474843396395, 0.0 ], [ -46.056319265832855, -23.71151904068703, 0.0 ], [ -46.055562428864611, -23.711459314551863, 0.0 ], [ -46.05336875866616, -23.710779838831584, 0.0 ], [ -46.053043797438264, -23.710728018430764, 0.0 ], [ -46.052533898545683, -23.710733748118496, 0.0 ], [ -46.051727230605707, -23.710858331918846, 0.0 ], [ -46.051238060151306, -23.710903901823826, 0.0 ], [ -46.050423512228811, -23.71084120035102, 0.0 ], [ -46.049658172003468, -23.710541265032106, 0.0 ], [ -46.048232593832225, -23.709796901699658, 0.0 ], [ -46.04799008039052, -23.709726349702972, 0.0 ], [ -46.047729677141149, -23.709755367819717, 0.0 ], [ -46.047507512926728, -23.709916799262889, 0.0 ], [ -46.047323584962783, -23.710274090129889, 0.0 ], [ -46.047149508084722, -23.710533157361592, 0.0 ], [ -46.04686214321999, -23.710687735789385, 0.0 ], [ -46.045931475223156, -23.710756590302459, 0.0 ], [ -46.045248900649206, -23.710429123447323, 0.0 ], [ -46.044831791320171, -23.710369058021527, 0.0 ], [ -46.043866280916362, -23.710439647183193, 0.0 ], [ -46.042480909998531, -23.710368928228114, 0.0 ], [ -46.041508375549768, -23.710301650047377, 0.0 ], [ -46.041062862814677, -23.710137875246716, 0.0 ], [ -46.040658888296896, -23.709736476182258, 0.0 ], [ -46.039739190470115, -23.708677641844574, 0.0 ], [ -46.039321748963388, -23.708307289531579, 0.0 ], [ -46.038773650143078, -23.708053656754242, 0.0 ], [ -46.038248161825166, -23.707998607610968, 0.0 ], [ -46.037384433327034, -23.708046156224672, 0.0 ], [ -46.036768334967718, -23.707894818125148, 0.0 ], [ -46.036368570411845, -23.707803882872135, 0.0 ], [ -46.035783409722889, -23.70784097665063, 0.0 ], [ -46.035316678806026, -23.707961682978524, 0.0 ], [ -46.035033986282819, -23.708165829554261, 0.0 ], [ -46.034394496612244, -23.709092128171605, 0.0 ], [ -46.034226515908273, -23.709630014866704, 0.0 ], [ -46.03411679857669, -23.7097830603063, 0.0 ], [ -46.033862780105579, -23.709897003875621, 0.0 ], [ -46.033316974418732, -23.709858534357522, 0.0 ], [ -46.032720617101553, -23.709447287722814, 0.0 ], [ -46.03242240723911, -23.709336847144343, 0.0 ], [ -46.031881505720939, -23.70934446043773, 0.0 ], [ -46.03132441368286, -23.709174956555096, 0.0 ], [ -46.030477319900768, -23.708634537023279, 0.0 ], [ -46.030062597416702, -23.708535770838452, 0.0 ], [ -46.029073124946706, -23.708682616208634, 0.0 ], [ -46.028432003258949, -23.708561694336701, 0.0 ], [ -46.028181227592704, -23.708559445228545, 0.0 ], [ -46.027961836081595, -23.708675150566528, 0.0 ], [ -46.027821084893397, -23.708893590044184, 0.0 ], [ -46.02787146058435, -23.709142955831179, 0.0 ], [ -46.028044316740754, -23.709472622422545, 0.0 ], [ -46.028323426816598, -23.709768946, 0.0 ], [ -46.029124107614258, -23.710373991503076, 0.0 ], [ -46.029589518611743, -23.71109585777921, 0.0 ], [ -46.029892333532025, -23.711509740634853, 0.0 ], [ -46.030743554601578, -23.712551009954545, 0.0 ], [ -46.031211801754033, -23.71316372930222, 0.0 ], [ -46.031466372710703, -23.713356557007359, 0.0 ], [ -46.032803797209567, -23.713706971192845, 0.0 ], [ -46.033252112514568, -23.713761622946929, 0.0 ], [ -46.034275793785554, -23.713750482902714, 0.0 ], [ -46.034593235325303, -23.713925358497594, 0.0 ], [ -46.034723344108052, -23.714259898056291, 0.0 ], [ -46.034488651950667, -23.715510083232576, 0.0 ], [ -46.03449242426445, -23.715764118420502, 0.0 ], [ -46.034775945484384, -23.716430854753245, 0.0 ], [ -46.034845738081167, -23.716868077072235, 0.0 ], [ -46.034808942009029, -23.717659469459015, 0.0 ], [ -46.034699353844864, -23.718062838049043, 0.0 ], [ -46.034807440446777, -23.71837861774949, 0.0 ], [ -46.035244161734596, -23.718686517460259, 0.0 ], [ -46.035281690882179, -23.718706694426679, 0.0 ], [ -46.035460187683611, -23.718802660552015, 0.0 ], [ -46.035474188958723, -23.718810453630308, 0.0 ], [ -46.036251699738045, -23.719243328737967, 0.0 ], [ -46.036625809926598, -23.719659721509032, 0.0 ], [ -46.036939989531, -23.719949444373093, 0.0 ], [ -46.037843625858528, -23.720242816699997, 0.0 ], [ -46.037860881549975, -23.720429593314265, 0.0 ], [ -46.037762083604981, -23.721049759416804, 0.0 ], [ -46.037508237011622, -23.721393939453037, 0.0 ] ] } },
{ "type": "Feature", "properties": { "Rodovia": "SP 088", "TipoRodovi": "Eixo", "Orientacao": "Radial", "Origem": "Estadual", "Municipio": "Biritiba Mirim", "CodRegiona": "DR 10", "SedeRegion": "São Paulo", "KmInicial": 67.4, "KmFinal": 72.1, "Extensao": 4.7, "DescricaoI": "Divisa Municipal Mogi das Cruzes / Biritiba Mirim", "DescricaoF": "Acesso Biritiba Mirim", "Jurisdicao": "Estadual", "Administra": "DER", "Conservado": "10.04", "TipoPista": "PAV", "Sobreposic": null, "Subposicao": null, "PerimetroU": "Nã", "DataInicio": null, "DataFimCon": null, "EstadualCo": "Nã", "Denominaca": "Professor Alfredo Rolim de Moura", "Legislacao": "Lei 3.216 de 05/01/1982 (Alt. P Lei 9.368 de 3/9/96)", "TPUso": null, "TransfMuni": null, "Subtrecho": "088SPE9292" }, "geometry": { "type": "LineString", "coordinates": [ [ -46.092453890546167, -23.566619644492189, 0.0 ], [ -46.091312629419562, -23.566526081791228, 0.0 ], [ -46.088019162839466, -23.566321728637753, 0.0 ], [ -46.086637647511701, -23.566229131659576, 0.0 ], [ -46.08430431103006, -23.56608081156854, 0.0 ], [ -46.084113847159685, -23.566071182665528, 0.0 ], [ -46.082054237025467, -23.565929078750013, 0.0 ], [ -46.079535752430665, -23.566371339081762, 0.0 ], [ -46.076149348584948, -23.566055703734516, 0.0 ], [ -46.075512238359366, -23.566152584175754, 0.0 ], [ -46.074858221737287, -23.566401076734984, 0.0 ], [ -46.074806655030727, -23.566420669216413, 0.0 ], [ -46.073559865894786, -23.567398071139383, 0.0 ], [ -46.072789129673019, -23.568194505832235, 0.0 ], [ -46.072003968701758, -23.568542087585428, 0.0 ], [ -46.069857675484315, -23.569284035411282, 0.0 ], [ -46.067233095225667, -23.569143486744636, 0.0 ], [ -46.066438588228124, -23.569095643160509, 0.0 ], [ -46.064113041162742, -23.568955008024052, 0.0 ], [ -46.062765059948617, -23.568719593346056, 0.0 ], [ -46.05739097171881, -23.56769456226835, 0.0 ], [ -46.056439191730703, -23.567573632151589, 0.0 ], [ -46.054805053187089, -23.567475161796992, 0.0 ], [ -46.054298699993382, -23.567496168057737, 0.0 ], [ -46.053587770929518, -23.567709165664372, 0.0 ], [ -46.052043436249299, -23.568312369186135, 0.0 ], [ -46.052035803653105, -23.568315349987259, 0.0 ], [ -46.051562455095521, -23.568353584361947, 0.0 ], [ -46.051403024476862, -23.568338174122633, 0.0 ] ] } },
{ "type": "Feature", "properties": { "Rodovia": "SP 088", "TipoRodovi": "Eixo", "Orientacao": "Radial", "Origem": "Estadual", "Municipio": "Biritiba Mirim", "CodRegiona": "DR 10", "SedeRegion": "São Paulo", "KmInicial": 72.1, "KmFinal": 75.8, "Extensao": 3.7, "DescricaoI": "Acesso Biritiba Mirim", "DescricaoF": "Entroncamento SP 092 (km 75)", "Jurisdicao": "Estadual", "Administra": "DER", "Conservado": "10.04", "TipoPista": "PAV", "Sobreposic": null, "Subposicao": null, "PerimetroU": "Nã", "DataInicio": null, "DataFimCon": null, "EstadualCo": "Nã", "Denominaca": "Professor Alfredo Rolim de Moura", "Legislacao": "Lei 3.216 de 05/01/1982 (Alt. P Lei 9.368 de 3/9/96)", "TPUso": null, "TransfMuni": null, "Subtrecho": "088SPE4939" }, "geometry": { "type": "LineString", "coordinates": [ [ -46.051403024476862, -23.568338174122633, 0.0 ], [ -46.048510080351925, -23.56805851811178, 0.0 ], [ -46.047939256261095, -23.567925746282636, 0.0 ], [ -46.046886144290795, -23.566948633641992, 0.0 ], [ -46.046317845032092, -23.566774472288138, 0.0 ], [ -46.045923701020747, -23.566816722968518, 0.0 ], [ -46.045558174559368, -23.566948636743479, 0.0 ], [ -46.043229656679571, -23.567773883756331, 0.0 ], [ -46.041515721660467, -23.568943335166963, 0.0 ], [ -46.041211467928235, -23.569006053465905, 0.0 ], [ -46.039296707739133, -23.56959849013198, 0.0 ], [ -46.038777153516733, -23.569884246411188, 0.0 ], [ -46.037083097552511, -23.571286472974766, 0.0 ], [ -46.036656256389108, -23.571399671814284, 0.0 ], [ -46.036075695732407, -23.571333824264357, 0.0 ], [ -46.03583899699867, -23.571212818594855, 0.0 ], [ -46.03561141419884, -23.571035201123888, 0.0 ], [ -46.035474674353942, -23.570763615428934, 0.0 ], [ -46.035496339274857, -23.570406684309091, 0.0 ], [ -46.035783245627165, -23.569419824897931, 0.0 ], [ -46.035658114183839, -23.569050242354432, 0.0 ], [ -46.034166914413511, -23.567718687479456, 0.0 ], [ -46.033718056234008, -23.567446787142348, 0.0 ], [ -46.032200215051041, -23.567115314473718, 0.0 ], [ -46.029757992235282, -23.56677310192309, 0.0 ], [ -46.027419557900217, -23.567102502270107, 0.0 ], [ -46.025258298375256, -23.566668557358721, 0.0 ], [ -46.024277024450676, -23.566379899649629, 0.0 ], [ -46.02355707281918, -23.566296767813256, 0.0 ], [ -46.022391466168209, -23.566403198627651, 0.0 ], [ -46.021388184730377, -23.566383220551693, 0.0 ], [ -46.018886850010773, -23.566131155573785, 0.0 ] ] } },
{ "type": "Feature", "properties": { "Rodovia": "SP 088", "TipoRodovi": "Eixo", "Orientacao": "Radial", "Origem": "Estadual", "Municipio": "Biritiba Mirim", "CodRegiona": "DR 10", "SedeRegion": "São Paulo", "KmInicial": 75.8, "KmFinal": 81.7, "Extensao": 5.9, "DescricaoI": "Entroncamento SP 092 (km 75)", "DescricaoF": "Divisa Municipal Biritiba Mirim / Salesópolis", "Jurisdicao": "Estadual", "Administra": "DER", "Conservado": "10.04", "TipoPista": "PAV", "Sobreposic": null, "Subposicao": null, "PerimetroU": "Nã", "DataInicio": null, "DataFimCon": null, "EstadualCo": "Nã", "Denominaca": "Professor Alfredo Rolim de Moura", "Legislacao": "Lei 3.216 de 05/01/1982 (Alt. P Lei 9.368 de 3/9/96)", "TPUso": null, "TransfMuni": null, "Subtrecho": "088SPE8023" }, "geometry": { "type": "LineString", "coordinates": [ [ -46.018886850010773, -23.566131155573785, 0.0 ], [ -46.018263328971159, -23.566068316411233, 0.0 ], [ -46.017431035156157, -23.565942879865695, 0.0 ], [ -46.016518982733423, -23.564796382382646, 0.0 ], [ -46.016104744715577, -23.564515829031752, 0.0 ], [ -46.015603432879331, -23.564360563015452, 0.0 ], [ -46.014991482328774, -23.56434492586115, 0.0 ], [ -46.014040689562101, -23.564581822752579, 0.0 ], [ -46.012986479359931, -23.564839387108851, 0.0 ], [ -46.011843674767661, -23.564687702420571, 0.0 ], [ -46.011570858164006, -23.564601142702205, 0.0 ], [ -46.009153388299595, -23.564044625480808, 0.0 ], [ -46.007073662279126, -23.563244426752373, 0.0 ], [ -46.004228480049854, -23.562093693876431, 0.0 ], [ -46.004026469147504, -23.562045674191719, 0.0 ], [ -46.003688198345195, -23.562080203363632, 0.0 ], [ -46.002885499875532, -23.56254275466889, 0.0 ], [ -46.001814187949499, -23.563039767998841, 0.0 ], [ -46.00130806312162, -23.563037860450628, 0.0 ], [ -46.00070750181505, -23.56291251768716, 0.0 ], [ -45.998038137935801, -23.562506162304011, 0.0 ], [ -45.997650293494509, -23.562343073259644, 0.0 ], [ -45.99732188054287, -23.562094859439103, 0.0 ], [ -45.997174413539412, -23.561745675298823, 0.0 ], [ -45.997384940826166, -23.56056617530194, 0.0 ], [ -45.997349980881822, -23.560151100871526, 0.0 ], [ -45.997173847459464, -23.559580041152234, 0.0 ], [ -45.996863488223916, -23.559233550324478, 0.0 ], [ -45.996396217461005, -23.558989266313485, 0.0 ], [ -45.995079850393708, -23.558437084809288, 0.0 ], [ -45.994272152133668, -23.558043149923382, 0.0 ], [ -45.993480858675717, -23.557479221578735, 0.0 ], [ -45.993115746069257, -23.55724014261212, 0.0 ], [ -45.992615105683498, -23.557049243477142, 0.0 ], [ -45.99228900522926, -23.556960947859668, 0.0 ], [ -45.991790669843233, -23.556929959849487, 0.0 ], [ -45.988949957998152, -23.557556192163656, 0.0 ], [ -45.988443624401576, -23.557458663479483, 0.0 ], [ -45.987282554773181, -23.55673252714173, 0.0 ], [ -45.986488980464117, -23.556107841809943, 0.0 ], [ -45.985862232792066, -23.555712103615239, 0.0 ], [ -45.984149345146982, -23.555337943510818, 0.0 ], [ -45.982077082620627, -23.554631288931837, 0.0 ], [ -45.980532373541671, -23.554301488139494, 0.0 ], [ -45.978065855118324, -23.553833877701862, 0.0 ], [ -45.976449279178816, -23.554009414877704, 0.0 ], [ -45.975757929387008, -23.553877147024785, 0.0 ], [ -45.973645109939916, -23.55210827678091, 0.0 ], [ -45.971411680340644, -23.55216925884578, 0.0 ], [ -45.970628600247274, -23.552227318963748, 0.0 ], [ -45.96944563591731, -23.551629856621506, 0.0 ], [ -45.969090191274063, -23.551441294730832, 0.0 ], [ -45.968833287888359, -23.551118414737335, 0.0 ], [ -45.968738389139901, -23.550731557425269, 0.0 ], [ -45.968703962245698, -23.550001958202991, 0.0 ], [ -45.968611232812229, -23.54986635373373, 0.0 ], [ -45.968455212778665, -23.549638194866649, 0.0 ], [ -45.968086803018473, -23.549520739938931, 0.0 ] ] } },
{ "type": "Feature", "properties": { "Rodovia": "SP 092", "TipoRodovi": "Eixo", "Orientacao": "Radial", "Origem": "Estadual", "Municipio": "Biritiba Mirim", "CodRegiona": "DR 10", "SedeRegion": "São Paulo", "KmInicial": 75.6, "KmFinal": 95.36, "Extensao": 19.76, "DescricaoI": "Entroncamento SP 088 (km 75) (Biritiba Mirim)", "DescricaoF": "Bairro Casa Grande", "Jurisdicao": "Estadual", "Administra": "DER", "Conservado": "10.04", "TipoPista": "IMP", "Sobreposic": null, "Subposicao": null, "PerimetroU": "Nã", "DataInicio": null, "DataFimCon": null, "EstadualCo": "Nã", "Denominaca": "s/d", "Legislacao": null, "TPUso": null, "TransfMuni": null, "Subtrecho": "092SPE9641" }, "geometry": { "type": "LineString", "coordinates": [ [ -46.018906353427795, -23.566133121093785, 0.0 ], [ -46.018431616354739, -23.566158264411321, 0.0 ], [ -46.017791406579512, -23.566177080503646, 0.0 ], [ -46.017509587168583, -23.56617563075925, 0.0 ], [ -46.017208699411903, -23.566158610355409, 0.0 ], [ -46.01693905196521, -23.566183368594043, 0.0 ], [ -46.016791490519623, -23.566282248882676, 0.0 ], [ -46.016671879502006, -23.566405683931066, 0.0 ], [ -46.016667515119636, -23.566416113693492, 0.0 ], [ -46.016633222463305, -23.566620327622964, 0.0 ], [ -46.016632375428976, -23.566630591389316, 0.0 ], [ -46.016667165391731, -23.566825001455079, 0.0 ], [ -46.016731273967238, -23.567012190636312, 0.0 ], [ -46.016832591641936, -23.567233983694763, 0.0 ], [ -46.016973107733243, -23.567474970029991, 0.0 ], [ -46.017111022140895, -23.567739863125933, 0.0 ], [ -46.017223071637837, -23.567871850823483, 0.0 ], [ -46.017322767593861, -23.567964261760388, 0.0 ], [ -46.01767657669722, -23.568138596242171, 0.0 ], [ -46.017940791795731, -23.568270074022912, 0.0 ], [ -46.018197995135978, -23.568367139091873, 0.0 ], [ -46.018541763348566, -23.568506319571295, 0.0 ], [ -46.018705255791957, -23.568742144989489, 0.0 ], [ -46.018704902871058, -23.568911369393525, 0.0 ], [ -46.018600442985679, -23.569140188165779, 0.0 ], [ -46.018406405503512, -23.569255793918497, 0.0 ], [ -46.018078034934916, -23.569300707892758, 0.0 ], [ -46.017710425016048, -23.569231948958851, 0.0 ], [ -46.017455496604619, -23.569188960805089, 0.0 ], [ -46.017147083031332, -23.569164683466411, 0.0 ], [ -46.016915349423812, -23.569164995660902, 0.0 ], [ -46.016553956714063, -23.569353831351602, 0.0 ], [ -46.016273103817973, -23.569562959509032, 0.0 ], [ -46.016023805065565, -23.569810435495906, 0.0 ], [ -46.015831020778151, -23.570268500622639, 0.0 ], [ -46.015833851795307, -23.570482923778485, 0.0 ], [ -46.01591098064354, -23.570737601792118, 0.0 ], [ -46.016066273141448, -23.571000384800644, 0.0 ], [ -46.016268211608683, -23.571341940545384, 0.0 ], [ -46.016549260669123, -23.57165443184919, 0.0 ], [ -46.016779363476033, -23.571935529908899, 0.0 ], [ -46.017075080345023, -23.572304840472452, 0.0 ], [ -46.017414592843558, -23.572700064711551, 0.0 ], [ -46.017611034254529, -23.572912704859121, 0.0 ], [ -46.017878378305092, -23.573285949940537, 0.0 ], [ -46.018166390236907, -23.573722238658302, 0.0 ], [ -46.018215830096736, -23.573787923559195, 0.0 ], [ -46.018254055539671, -23.573930974578513, 0.0 ], [ -46.01823050746237, -23.574147078186165, 0.0 ], [ -46.018115045539417, -23.574287650418242, 0.0 ], [ -46.017651518979584, -23.574746451585678, 0.0 ], [ -46.017430032040323, -23.574969054000235, 0.0 ], [ -46.017319210901015, -23.575086729358041, 0.0 ], [ -46.017206639154928, -23.575311724554034, 0.0 ], [ -46.017184725066173, -23.575496658145163, 0.0 ], [ -46.017354622769204, -23.575734885162134, 0.0 ], [ -46.017692172723429, -23.576175013329348, 0.0 ], [ -46.017811525481257, -23.576360250745346, 0.0 ], [ -46.017817925654619, -23.576541755290506, 0.0 ], [ -46.017786634141473, -23.576940682517819, 0.0 ], [ -46.017762142383184, -23.577293092032647, 0.0 ], [ -46.017718547015377, -23.577492080602493, 0.0 ], [ -46.017527423255714, -23.578181913283736, 0.0 ], [ -46.017449642461564, -23.578329510496481, 0.0 ], [ -46.016586178198288, -23.580028053770565, 0.0 ], [ -46.015892960547014, -23.580998675848488, 0.0 ], [ -46.014525100629541, -23.58283853548361, 0.0 ], [ -46.014335291949152, -23.586159362027306, 0.0 ], [ -46.014240146160681, -23.587007031232123, 0.0 ], [ -46.013850644561757, -23.587379314650086, 0.0 ], [ -46.013369211198849, -23.587729854965271, 0.0 ], [ -46.012643665112492, -23.587903108681278, 0.0 ], [ -46.012252476721841, -23.587996813137639, 0.0 ], [ -46.011997631615706, -23.588199774636767, 0.0 ], [ -46.011805419473092, -23.588669054599453, 0.0 ], [ -46.011524401811904, -23.588925832389624, 0.0 ], [ -46.011007490998004, -23.589246136132626, 0.0 ], [ -46.010668629387901, -23.589399338186148, 0.0 ], [ -46.0104292659517, -23.589654239743698, 0.0 ], [ -46.009531901312904, -23.591626037516289, 0.0 ], [ -46.009106101602399, -23.59259320148395, 0.0 ], [ -46.008859374248232, -23.593478585386713, 0.0 ], [ -46.008930893840883, -23.594039209716875, 0.0 ], [ -46.009413191500684, -23.594797001859774, 0.0 ], [ -46.009448885451228, -23.595435375170663, 0.0 ], [ -46.009375404232543, -23.596130680423791, 0.0 ], [ -46.008547060315848, -23.596866999187164, 0.0 ], [ -46.008376905259958, -23.597108377754065, 0.0 ], [ -46.00835031694097, -23.597442344974649, 0.0 ], [ -46.00882605185857, -23.59830779070835, 0.0 ], [ -46.008858664553316, -23.598792546394598, 0.0 ], [ -46.008437021005534, -23.599487116270627, 0.0 ], [ -46.008339118007434, -23.599970891844979, 0.0 ], [ -46.008403801043826, -23.600235630800217, 0.0 ], [ -46.008853768241188, -23.600809911804973, 0.0 ], [ -46.009358928419054, -23.600989167471599, 0.0 ], [ -46.009677094983324, -23.601175920897219, 0.0 ], [ -46.009773463042443, -23.601430914363284, 0.0 ], [ -46.009734143749078, -23.601769909886169, 0.0 ], [ -46.009041700008176, -23.602928061288242, 0.0 ], [ -46.009004292787445, -23.602992866135946, 0.0 ], [ -46.008683565037551, -23.603756704649228, 0.0 ], [ -46.00872451830292, -23.604560045487595, 0.0 ], [ -46.00832181902517, -23.605045298312408, 0.0 ], [ -46.008368259397358, -23.605303419062007, 0.0 ], [ -46.008876084053185, -23.60594886407991, 0.0 ], [ -46.008792341990784, -23.606200334374865, 0.0 ], [ -46.008109672950866, -23.606586034102222, 0.0 ], [ -46.008114788739064, -23.606807941881069, 0.0 ], [ -46.008527789859826, -23.60798846448532, 0.0 ], [ -46.008196730531544, -23.608420536233577, 0.0 ], [ -46.007207838765865, -23.608258472844859, 0.0 ], [ -46.007100541199122, -23.608347473864612, 0.0 ], [ -46.006788563791794, -23.609587557266135, 0.0 ], [ -46.007512396030108, -23.610164785956933, 0.0 ], [ -46.008068719543026, -23.611005273652829, 0.0 ], [ -46.008444014957554, -23.61129762070923, 0.0 ], [ -46.010327097345623, -23.611723482692447, 0.0 ], [ -46.010425205809582, -23.611950151451598, 0.0 ], [ -46.010105497253655, -23.612399856867132, 0.0 ], [ -46.009375306018825, -23.612646719071734, 0.0 ], [ -46.008204793884047, -23.612160642046813, 0.0 ], [ -46.007626122416859, -23.612472071245158, 0.0 ], [ -46.007322526480877, -23.613166984286526, 0.0 ], [ -46.000350378058641, -23.611552310993968, 0.0 ], [ -45.997624712712351, -23.611510296849605, 0.0 ], [ -45.996893844270836, -23.611573570871517, 0.0 ], [ -45.995389024438012, -23.612157618920577, 0.0 ], [ -45.993957859319281, -23.616066287818914, 0.0 ], [ -45.994111630977898, -23.616650000181977, 0.0 ], [ -45.995596103711975, -23.618675009118899, 0.0 ], [ -45.995820390029152, -23.619330795037548, 0.0 ], [ -45.995292457597593, -23.620902440468189, 0.0 ], [ -45.995374313999186, -23.621293210560697, 0.0 ], [ -45.996151169460994, -23.623145080361763, 0.0 ], [ -45.996037319870041, -23.623493613735103, 0.0 ], [ -45.995109988291325, -23.624030030998238, 0.0 ], [ -45.994562856486887, -23.623969806866604, 0.0 ], [ -45.991553179860453, -23.622961965709202, 0.0 ], [ -45.986810127868949, -23.621909547439856, 0.0 ], [ -45.986003036847841, -23.621993014146245, 0.0 ], [ -45.984683115600177, -23.621744148731693, 0.0 ], [ -45.983273560351506, -23.621663827493833, 0.0 ], [ -45.982238685812277, -23.621263736407151, 0.0 ], [ -45.980823136641504, -23.620088519593278, 0.0 ], [ -45.976038592208845, -23.618885652108791, 0.0 ], [ -45.974865172695615, -23.619090245239271, 0.0 ], [ -45.972736441010163, -23.618594414761496, 0.0 ], [ -45.969819023688288, -23.616733268739019, 0.0 ], [ -45.968893946005174, -23.616426927298324, 0.0 ], [ -45.967179102658093, -23.615377595398058, 0.0 ], [ -45.967030535275569, -23.6152854050926, 0.0 ], [ -45.966195977350033, -23.615242535424386, 0.0 ], [ -45.963719248975281, -23.613669715133536, 0.0 ], [ -45.963189437616322, -23.612897553352472, 0.0 ], [ -45.962832388273561, -23.612540962480242, 0.0 ], [ -45.962254203363813, -23.612269654840354, 0.0 ], [ -45.960331560259, -23.612223179524086, 0.0 ], [ -45.95967075802529, -23.611790573267658, 0.0 ], [ -45.959119221047871, -23.61072937090205, 0.0 ], [ -45.95856456285302, -23.609954830404789, 0.0 ], [ -45.957938304917448, -23.609520544116421, 0.0 ], [ -45.957570978009734, -23.609463468620898, 0.0 ], [ -45.957082355084601, -23.609793015573789, 0.0 ], [ -45.956907153377735, -23.610248742406945, 0.0 ], [ -45.956891226518529, -23.61083495736856, 0.0 ], [ -45.957149959500576, -23.61130688968284, 0.0 ], [ -45.957257606591398, -23.611624288024419, 0.0 ], [ -45.957238674384485, -23.6122592644336, 0.0 ], [ -45.957162449348289, -23.613826891974902, 0.0 ], [ -45.957308238691311, -23.614176827360495, 0.0 ], [ -45.9577642472969, -23.614487682012946, 0.0 ], [ -45.958299470213831, -23.614924908326817, 0.0 ], [ -45.959252385425671, -23.615316343328338, 0.0 ], [ -45.959481157734373, -23.615731693486318, 0.0 ], [ -45.959391682446089, -23.615990031788073, 0.0 ], [ -45.959130721471453, -23.616098913532259, 0.0 ], [ -45.958380458819882, -23.615785163232509, 0.0 ], [ -45.957990878042622, -23.615918003698621, 0.0 ], [ -45.957812065619557, -23.616214563784418, 0.0 ], [ -45.957733616869767, -23.616620224402155, 0.0 ], [ -45.957820941197873, -23.616832630368599, 0.0 ], [ -45.958263941290241, -23.617306165989358, 0.0 ], [ -45.958566900467453, -23.617568468853872, 0.0 ], [ -45.959466968737992, -23.617699980730119, 0.0 ], [ -45.959702850441715, -23.617855655156923, 0.0 ], [ -45.960093528439899, -23.618288443175334, 0.0 ], [ -45.960570317285409, -23.618837804286962, 0.0 ], [ -45.961319823196717, -23.619342869059903, 0.0 ], [ -45.961443379333609, -23.619569029632622, 0.0 ], [ -45.961392596840639, -23.619916321768006, 0.0 ], [ -45.960621213106528, -23.621365967995509, 0.0 ], [ -45.960350206655335, -23.621701935532879, 0.0 ], [ -45.960051876025176, -23.621843603856597, 0.0 ], [ -45.959720580609726, -23.621854650231999, 0.0 ], [ -45.959292713802846, -23.621975027603963, 0.0 ], [ -45.958712582754337, -23.622308547328831, 0.0 ], [ -45.958399724441847, -23.622207225693117, 0.0 ], [ -45.958036375811631, -23.621968730327374, 0.0 ], [ -45.957780097273947, -23.621825455901007, 0.0 ], [ -45.957151295879797, -23.621752744211516, 0.0 ], [ -45.956798404922274, -23.621743559927232, 0.0 ], [ -45.956334222564983, -23.6214684753661, 0.0 ], [ -45.956073814356522, -23.621392278787258, 0.0 ], [ -45.955739357421791, -23.621482733877578, 0.0 ], [ -45.955526369528378, -23.621851657605482, 0.0 ], [ -45.955445973496808, -23.622342373950303, 0.0 ], [ -45.955693308242871, -23.623625580869142, 0.0 ], [ -45.955780844286117, -23.624082173472324, 0.0 ], [ -45.955734887175645, -23.624510445315586, 0.0 ], [ -45.955577461897327, -23.624915043530336, 0.0 ], [ -45.955442593563497, -23.625209885943701, 0.0 ], [ -45.955236685478241, -23.626042705546215, 0.0 ], [ -45.955057872601024, -23.627487908186758, 0.0 ], [ -45.954934547037247, -23.627917874670722, 0.0 ], [ -45.954691610463549, -23.628248050791054, 0.0 ], [ -45.954498224296437, -23.628620167849895, 0.0 ], [ -45.954480754644202, -23.629168256277907, 0.0 ], [ -45.95482559106928, -23.629898214416386, 0.0 ], [ -45.955237183328776, -23.630334848717688, 0.0 ], [ -45.955947470656454, -23.630931530545165, 0.0 ], [ -45.956866157687067, -23.631572315383107, 0.0 ], [ -45.957658937760158, -23.632214035833321, 0.0 ], [ -45.958629476365815, -23.632672006329091, 0.0 ], [ -45.959051405504376, -23.632808702517696, 0.0 ], [ -45.959685637819753, -23.632859876763085, 0.0 ], [ -45.960281533662751, -23.632742157313977, 0.0 ], [ -45.960713188054264, -23.632786611226468, 0.0 ], [ -45.961058166711183, -23.633051858967654, 0.0 ], [ -45.96118314888124, -23.633396880384783, 0.0 ], [ -45.961057934018527, -23.633716870899136, 0.0 ], [ -45.960728003620602, -23.63419696511853, 0.0 ], [ -45.960436675381587, -23.634445350796959, 0.0 ], [ -45.958791493031718, -23.63472747921163, 0.0 ], [ -45.958744046958508, -23.634735397311751, 0.0 ], [ -45.954947904483021, -23.635368487752402, 0.0 ], [ -45.954626650600197, -23.635311143052846, 0.0 ], [ -45.954054165818803, -23.635047982040046, 0.0 ], [ -45.953238632849207, -23.634776010571752, 0.0 ], [ -45.952184071619996, -23.634646062551131, 0.0 ], [ -45.952157936732789, -23.634645344271206, 0.0 ], [ -45.95124160315585, -23.634620248744941, 0.0 ], [ -45.950881401136861, -23.634549528415327, 0.0 ], [ -45.949656255447707, -23.634160876594883, 0.0 ] ] } },
{ "type": "Feature", "properties": { "Rodovia": "SP 066", "TipoRodovi": "Eixo", "Orientacao": "Radial", "Origem": "Estadual", "Municipio": "Suzano", "CodRegiona": "DR 10", "SedeRegion": "São Paulo", "KmInicial": 36.2, "KmFinal": 36.4, "Extensao": 0.2, "DescricaoI": "Divisa Municipal Poá / Suzano", "DescricaoF": "Entroncamento SP 021", "Jurisdicao": "Estadual", "Administra": "Prefeitura", "Conservado": "Prefeitura", "TipoPista": "DUP", "Sobreposic": null, "Subposicao": null, "PerimetroU": "Nã", "DataInicio": null, "DataFimCon": null, "EstadualCo": "Nã", "Denominaca": "João Afonso de Souza Castellano", "Legislacao": "Lei 3.561 de 20/10/82", "TPUso": "TPU 001/2001", "TransfMuni": null, "Subtrecho": "066SPE5829" }, "geometry": { "type": "LineString", "coordinates": [ [ -46.329577287532253, -23.519667239477222, 0.0 ], [ -46.328695897076244, -23.520516038128324, 0.0 ], [ -46.328643226714, -23.520565189398003, 0.0 ] ] } },
{ "type": "Feature", "properties": { "Rodovia": "SP 066", "TipoRodovi": "Eixo", "Orientacao": "Radial", "Origem": "Estadual", "Municipio": "Suzano", "CodRegiona": "DR 10", "SedeRegion": "São Paulo", "KmInicial": 36.4, "KmFinal": 37.0, "Extensao": 0.6, "DescricaoI": "Entroncamento SP 021", "DescricaoF": "Suzano Perímetro Urbano (A)", "Jurisdicao": "Estadual", "Administra": "Prefeitura", "Conservado": "Prefeitura", "TipoPista": "DUP", "Sobreposic": null, "Subposicao": null, "PerimetroU": "Nã", "DataInicio": null, "DataFimCon": null, "EstadualCo": "Nã", "Denominaca": "João Afonso de Souza Castellano", "Legislacao": "Lei 3.561 de 20/10/82", "TPUso": "TPU 001/2001", "TransfMuni": null, "Subtrecho": "066SPE4722" }, "geometry": { "type": "LineString", "coordinates": [ [ -46.328643226714, -23.520565189398003, 0.0 ], [ -46.328026334887937, -23.521140858178565, 0.0 ], [ -46.327380612259752, -23.521794623991674, 0.0 ], [ -46.326106166658093, -23.522774344743226, 0.0 ], [ -46.32273474100576, -23.525365951044371, 0.0 ] ] } },
{ "type": "Feature", "properties": { "Rodovia": "SP 066", "TipoRodovi": "Eixo", "Orientacao": "Radial", "Origem": "Estadual", "Municipio": "Suzano", "CodRegiona": "DR 10", "SedeRegion": "São Paulo", "KmInicial": 37.0, "KmFinal": 41.0, "Extensao": 4.0, "DescricaoI": "Suzano Perímetro Urbano (A)", "DescricaoF": "Suzano Perímetro Urbano (B)", "Jurisdicao": "Estadual", "Administra": "Prefeitura", "Conservado": "Prefeitura", "TipoPista": "DUP", "Sobreposic": null, "Subposicao": null, "PerimetroU": "Nã", "DataInicio": null, "DataFimCon": null, "EstadualCo": "Nã", "Denominaca": "João Afonso de Souza Castellano", "Legislacao": "Lei 3.561 de 20/10/82", "TPUso": "TPU 001/2001", "TransfMuni": null, "Subtrecho": "066SPE6620" }, "geometry": { "type": "LineString", "coordinates": [ [ -46.32273474100576, -23.525365951044371, 0.0 ], [ -46.321894205717392, -23.52601203371821, 0.0 ], [ -46.318400327617354, -23.528697211215732, 0.0 ], [ -46.315288752435222, -23.531340181407426, 0.0 ], [ -46.315100166973238, -23.531708113461018, 0.0 ], [ -46.314756710647842, -23.532008430942096, 0.0 ], [ -46.31364808118375, -23.532389558283512, 0.0 ], [ -46.313141725532788, -23.532578169043319, 0.0 ], [ -46.31260546873969, -23.532860370841632, 0.0 ], [ -46.312164514449762, -23.533194367741174, 0.0 ], [ -46.311829102223484, -23.533280883445769, 0.0 ], [ -46.309169273432644, -23.534184176786002, 0.0 ], [ -46.308736831735793, -23.534315861764178, 0.0 ], [ -46.305346951587673, -23.535467293237669, 0.0 ], [ -46.30495191775853, -23.535514296468193, 0.0 ], [ -46.304573665097848, -23.535559429952013, 0.0 ], [ -46.304248691038602, -23.53559910428292, 0.0 ], [ -46.301793527784426, -23.536712365216527, 0.0 ], [ -46.288477814609735, -23.541586063671609, 0.0 ], [ -46.288231258809205, -23.541676222879154, 0.0 ] ] } },
{ "type": "Feature", "properties": { "Rodovia": "SP 066", "TipoRodovi": "Eixo", "Orientacao": "Radial", "Origem": "Estadual", "Municipio": "Suzano", "CodRegiona": "DR 10", "SedeRegion": "São Paulo", "KmInicial": 41.0, "KmFinal": 42.9, "Extensao": 1.9, "DescricaoI": "Suzano Perímetro Urbano (B)", "DescricaoF": "Divisa Municipal Suzano / Mogi das Cruzes", "Jurisdicao": "Estadual", "Administra": "Prefeitura", "Conservado": "Prefeitura", "TipoPista": "DUP", "Sobreposic": null, "Subposicao": null, "PerimetroU": "Nã", "DataInicio": null, "DataFimCon": null, "EstadualCo": "Nã", "Denominaca": "Henrique Eroles", "Legislacao": "Lei 5.557 de 26/01/87", "TPUso": "TPU 001/2001", "TransfMuni": null, "Subtrecho": "066SPE6651" }, "geometry": { "type": "LineString", "coordinates": [ [ -46.288231258809205, -23.541676222879154, 0.0 ], [ -46.284763910230438, -23.541465095259614, 0.0 ], [ -46.283276143071916, -23.540929676092524, 0.0 ], [ -46.282489190934619, -23.541220231074966, 0.0 ], [ -46.281356577819182, -23.541351071720868, 0.0 ], [ -46.272418719177857, -23.54092027018855, 0.0 ], [ -46.271225459438483, -23.541227419087811, 0.0 ], [ -46.271112253605018, -23.541256558993609, 0.0 ] ] } },
{ "type": "Feature", "properties": { "Rodovia": "SP 043", "TipoRodovi": "Eixo", "Orientacao": "Transversal", "Origem": "Estadual", "Municipio": "Suzano", "CodRegiona": "DR 10", "SedeRegion": "São Paulo", "KmInicial": 56.5, "KmFinal": 65.5, "Extensao": 9.0, "DescricaoI": "Divisa Municipal Ribeirão Pires / Suzano", "DescricaoF": "Divisa Municipal Suzano / Moji das Cruzes", "Jurisdicao": "Estadual", "Administra": "DER", "Conservado": "10.04", "TipoPista": "IMP", "Sobreposic": null, "Subposicao": null, "PerimetroU": "Nã", "DataInicio": null, "DataFimCon": null, "EstadualCo": "Nã", "Denominaca": "s/d", "Legislacao": null, "TPUso": null, "TransfMuni": null, "Subtrecho": "043SPE5098" }, "geometry": { "type": "LineString", "coordinates": [ [ -46.336416243757981, -23.69145165855792, 0.0 ], [ -46.336335915882159, -23.691496502381579, 0.0 ], [ -46.336243078543198, -23.691557539104686, 0.0 ], [ -46.336152577645208, -23.691578278275756, 0.0 ], [ -46.336057415023802, -23.691622809783727, 0.0 ], [ -46.335967151652397, -23.691676509803493, 0.0 ], [ -46.335885146590506, -23.691741969280887, 0.0 ], [ -46.335808440906007, -23.691817407600624, 0.0 ], [ -46.335739370592506, -23.691901267721047, 0.0 ], [ -46.335677217550504, -23.691990127425509, 0.0 ], [ -46.335620814687843, -23.692085167790022, 0.0 ], [ -46.335566788069826, -23.692182445607653, 0.0 ], [ -46.335514723148343, -23.692279706783548, 0.0 ], [ -46.335465440824407, -23.692380646038856, 0.0 ], [ -46.335401137637596, -23.692470246094011, 0.0 ], [ -46.335340965277013, -23.692561164760523, 0.0 ], [ -46.335275125543411, -23.692644455594085, 0.0 ], [ -46.335205068564314, -23.692718030679398, 0.0 ], [ -46.335131178273237, -23.69278107069163, 0.0 ], [ -46.335055551058588, -23.6928373537162, 0.0 ], [ -46.33497532852995, -23.692894940812636, 0.0 ], [ -46.33488748889291, -23.692955663092313, 0.0 ], [ -46.334794960746507, -23.693018322912131, 0.0 ], [ -46.334697310375041, -23.693078768946258, 0.0 ], [ -46.334598261607319, -23.693136608184389, 0.0 ], [ -46.334499247474419, -23.693197968774168, 0.0 ], [ -46.334403199223402, -23.693261742072508, 0.0 ], [ -46.334307127685356, -23.693323168260481, 0.0 ], [ -46.334212366920838, -23.693378441436192, 0.0 ], [ -46.334118607917489, -23.693435782135534, 0.0 ], [ -46.334026114070696, -23.693492210381525, 0.0 ], [ -46.33392851788755, -23.693548410016191, 0.0 ], [ -46.3338430611417, -23.693612092691286, 0.0 ], [ -46.33374976500572, -23.693676474679023, 0.0 ], [ -46.333655200117605, -23.693741408922058, 0.0 ], [ -46.333558930747252, -23.693802745801438, 0.0 ], [ -46.333464202154872, -23.693861269567478, 0.0 ], [ -46.333371699947527, -23.693916976259338, 0.0 ], [ -46.333268920398361, -23.69396482196402, 0.0 ], [ -46.333179043239198, -23.69400858361724, 0.0 ], [ -46.333080329316232, -23.694041674396377, 0.0 ], [ -46.332975332792621, -23.694064525067326, 0.0 ], [ -46.332870204150538, -23.694074280145259, 0.0 ], [ -46.332761247645294, -23.694083707729238, 0.0 ], [ -46.332651758237247, -23.694088985327465, 0.0 ], [ -46.332543696783922, -23.694090096335344, 0.0 ], [ -46.332513437521285, -23.694089077886922, 0.0 ], [ -46.332436863252177, -23.694086501433311, 0.0 ], [ -46.33242811084282, -23.69408592903137, 0.0 ], [ -46.33233195873931, -23.694079637801586, 0.0 ], [ -46.332230150550991, -23.694068773139641, 0.0 ], [ -46.332131148553991, -23.694054183050092, 0.0 ], [ -46.332032715346287, -23.694037599878005, 0.0 ], [ -46.331931023547732, -23.694018788644815, 0.0 ], [ -46.331825558095332, -23.69399540235586, 0.0 ], [ -46.331718392053645, -23.693968689920808, 0.0 ], [ -46.331612530996203, -23.693935192460135, 0.0 ], [ -46.331508290671451, -23.693897257033775, 0.0 ], [ -46.331405265973146, -23.693853439495783, 0.0 ], [ -46.331303610025785, -23.693799496271048, 0.0 ], [ -46.33119776801707, -23.693758141641865, 0.0 ], [ -46.331094555806906, -23.693715229195213, 0.0 ], [ -46.330997721153437, -23.693672532696958, 0.0 ], [ -46.330902394166102, -23.693633255051441, 0.0 ], [ -46.330808767981175, -23.693597484737023, 0.0 ], [ -46.330716587838609, -23.693559263765913, 0.0 ], [ -46.330622601315085, -23.693497577691115, 0.0 ], [ -46.330541545626652, -23.693473168032916, 0.0 ], [ -46.33045778882876, -23.693424127470109, 0.0 ], [ -46.330373765629744, -23.693368225505729, 0.0 ], [ -46.330274958060819, -23.693324371713381, 0.0 ], [ -46.330196780628263, -23.693264535868462, 0.0 ], [ -46.330120261720822, -23.693203964063944, 0.0 ], [ -46.330044427447739, -23.693143205162706, 0.0 ], [ -46.329966851339236, -23.693084718953603, 0.0 ], [ -46.329886965071751, -23.693030406929591, 0.0 ], [ -46.329827264381152, -23.692964903938048, 0.0 ], [ -46.329751217797188, -23.692921846988511, 0.0 ], [ -46.329676116348338, -23.692885013504721, 0.0 ], [ -46.329580307195798, -23.692865968205613, 0.0 ], [ -46.329057963190948, -23.693754045591664, 0.0 ], [ -46.329041281097965, -23.693811174789882, 0.0 ], [ -46.329015329287763, -23.693863234965988, 0.0 ], [ -46.328976256835418, -23.693907551601502, 0.0 ], [ -46.328540188564986, -23.694134902769015, 0.0 ], [ -46.324836330922345, -23.693786811249904, 0.0 ], [ -46.32535868890821, -23.694218121495339, 0.0 ], [ -46.325664478970594, -23.694961396988795, 0.0 ], [ -46.325984455116163, -23.695407706781914, 0.0 ], [ -46.326030095974289, -23.69559670648292, 0.0 ], [ -46.325002713854943, -23.696562844751142, 0.0 ], [ -46.324887821053757, -23.696972178751235, 0.0 ], [ -46.324941138370363, -23.697223792665788, 0.0 ], [ -46.32520129802991, -23.697625662041357, 0.0 ], [ -46.325205072376313, -23.697947464182604, 0.0 ], [ -46.323214861583914, -23.69868460877165, 0.0 ], [ -46.322413643046517, -23.698603641353408, 0.0 ], [ -46.321769426934992, -23.698748270579877, 0.0 ], [ -46.321083215250283, -23.699124262619719, 0.0 ], [ -46.32071576215327, -23.699484836013973, 0.0 ], [ -46.320060327650744, -23.700012771236224, 0.0 ], [ -46.319905388065955, -23.700041444012996, 0.0 ], [ -46.319543293568586, -23.699925035925236, 0.0 ], [ -46.319329828750163, -23.6995980887713, 0.0 ], [ -46.319138634930702, -23.699085488119589, 0.0 ], [ -46.318884999787691, -23.698958873082258, 0.0 ], [ -46.318173111518206, -23.69890303455152, 0.0 ], [ -46.317926955509108, -23.698745655798234, 0.0 ], [ -46.317595379258627, -23.698303948468379, 0.0 ], [ -46.317210995981299, -23.69769882375579, 0.0 ], [ -46.316940633283743, -23.69737425728303, 0.0 ], [ -46.31651708378957, -23.69733781469002, 0.0 ], [ -46.315969377623489, -23.697481991263853, 0.0 ], [ -46.315370328568861, -23.6984017354801, 0.0 ], [ -46.315101937943687, -23.698621933825738, 0.0 ], [ -46.313533817825302, -23.698648338262167, 0.0 ], [ -46.312325562177492, -23.698443495719559, 0.0 ], [ -46.311365875669985, -23.698354656397054, 0.0 ], [ -46.310813556307579, -23.698384462984535, 0.0 ], [ -46.3101337164385, -23.698651788047584, 0.0 ], [ -46.309462010568787, -23.698617637395717, 0.0 ], [ -46.308488587958486, -23.698347547500607, 0.0 ], [ -46.307685671119877, -23.696780754109767, 0.0 ], [ -46.307646942108939, -23.69669533093349, 0.0 ], [ -46.30728087307444, -23.695949738874951, 0.0 ], [ -46.306959857912048, -23.695732304284302, 0.0 ], [ -46.306391244821825, -23.695366450192392, 0.0 ], [ -46.306124501546364, -23.69478212159477, 0.0 ], [ -46.30599473106318, -23.694185224267855, 0.0 ], [ -46.305963931130911, -23.693716343099151, 0.0 ], [ -46.305525245598879, -23.693068149570347, 0.0 ], [ -46.305212023170121, -23.69241524553982, 0.0 ], [ -46.304958348392248, -23.69177841918717, 0.0 ], [ -46.304775226577732, -23.691120576502424, 0.0 ], [ -46.304691034457676, -23.690433499341509, 0.0 ], [ -46.304559642974901, -23.68978090402328, 0.0 ], [ -46.304430721014718, -23.689169700850972, 0.0 ], [ -46.30443051945668, -23.688939960204202, 0.0 ], [ -46.304527663400954, -23.688024933913979, 0.0 ], [ -46.304409545943727, -23.687463620974384, 0.0 ], [ -46.304254994531931, -23.686904099155299, 0.0 ], [ -46.30406911562433, -23.686343030976822, 0.0 ], [ -46.303858947996382, -23.685827428961744, 0.0 ], [ -46.30366949013375, -23.685443866211624, 0.0 ], [ -46.303543154942957, -23.685205206901834, 0.0 ], [ -46.303364968053067, -23.684863481304696, 0.0 ], [ -46.302269339645072, -23.683386061366928, 0.0 ], [ -46.301762500782829, -23.683085811328034, 0.0 ], [ -46.301342732420864, -23.68291560005753, 0.0 ], [ -46.30094242862004, -23.682814613014173, 0.0 ], [ -46.300356659587564, -23.682870275597825, 0.0 ], [ -46.299743092131834, -23.683379165833173, 0.0 ], [ -46.299651289318867, -23.683555337536635, 0.0 ], [ -46.299867040300342, -23.684235689740575, 0.0 ], [ -46.299785132161205, -23.684539912095826, 0.0 ], [ -46.299209341443934, -23.68532998294922, 0.0 ], [ -46.299050374832561, -23.685954621898908, 0.0 ], [ -46.299179908868282, -23.686519091132769, 0.0 ], [ -46.299044623132573, -23.687235247058627, 0.0 ], [ -46.298638551811827, -23.688259557623535, 0.0 ], [ -46.297671714882945, -23.690190536321754, 0.0 ], [ -46.297248585662722, -23.691260328217641, 0.0 ], [ -46.296924083820556, -23.691733273535608, 0.0 ], [ -46.296948359008475, -23.692041348889109, 0.0 ], [ -46.296884645655211, -23.692204357867144, 0.0 ], [ -46.296713532939506, -23.692344723353454, 0.0 ], [ -46.296234260083111, -23.692188162997251, 0.0 ], [ -46.295554876475087, -23.692170531203264, 0.0 ], [ -46.295091169089737, -23.692439930957143, 0.0 ], [ -46.294475344718201, -23.693217367931542, 0.0 ], [ -46.293859941073251, -23.69369186013645, 0.0 ], [ -46.293163038603105, -23.694324905236144, 0.0 ], [ -46.292937554282553, -23.694539176401243, 0.0 ], [ -46.292654556171058, -23.694998213228391, 0.0 ], [ -46.2924986789927, -23.695151518464542, 0.0 ], [ -46.292345837130689, -23.695301837265262, 0.0 ], [ -46.292335455436515, -23.695305541492914, 0.0 ], [ -46.290807176634665, -23.695851314395842, 0.0 ], [ -46.289930770734564, -23.696834416904444, 0.0 ], [ -46.289451712836843, -23.697338602049715, 0.0 ], [ -46.28857458123143, -23.697111909921531, 0.0 ], [ -46.288216741056686, -23.696515000494898, 0.0 ], [ -46.287297471409701, -23.696594147718528, 0.0 ], [ -46.28609826428773, -23.696824178867072, 0.0 ] ] } },
{ "type": "Feature", "properties": { "Rodovia": "SP 088", "TipoRodovi": "Eixo", "Orientacao": "Radial", "Origem": "Estadual", "Municipio": "Salesópolis", "CodRegiona": "DR 10", "SedeRegion": "São Paulo", "KmInicial": 81.7, "KmFinal": 94.0, "Extensao": 12.3, "DescricaoI": "Divisa Municipal Biritiba Mirim / Salesópolis", "DescricaoF": "Salesópolis Perímetro Urbano (A)", "Jurisdicao": "Estadual", "Administra": "DER", "Conservado": "10.04", "TipoPista": "PAV", "Sobreposic": null, "Subposicao": null, "PerimetroU": "Nã", "DataInicio": null, "DataFimCon": null, "EstadualCo": "Nã", "Denominaca": "Professor Alfredo Rolim de Moura", "Legislacao": "Lei 3.216 de 05/01/1982 (Alt. P Lei 9.368 de 3/9/96)", "TPUso": null, "TransfMuni": null, "Subtrecho": "088SPE6222" }, "geometry": { "type": "LineString", "coordinates": [ [ -45.968086803018473, -23.549520739938931, 0.0 ], [ -45.967857140497898, -23.549447520094397, 0.0 ], [ -45.967430309339619, -23.549503071594657, 0.0 ], [ -45.966299058773195, -23.54962700848867, 0.0 ], [ -45.965684155275163, -23.549898784761204, 0.0 ], [ -45.96400551589727, -23.551036100798921, 0.0 ], [ -45.963580846639331, -23.551148532596471, 0.0 ], [ -45.963320143031105, -23.550980306659824, 0.0 ], [ -45.962867694516227, -23.550255078522454, 0.0 ], [ -45.962440721240498, -23.54920595691064, 0.0 ], [ -45.962093932804883, -23.548730502886944, 0.0 ], [ -45.961698689935076, -23.548600093936152, 0.0 ], [ -45.961137148546825, -23.548550636117238, 0.0 ], [ -45.96027862595426, -23.548372388876739, 0.0 ], [ -45.959903517321365, -23.548136344093244, 0.0 ], [ -45.958697663933755, -23.547176312249857, 0.0 ], [ -45.958183039628473, -23.547098292296436, 0.0 ], [ -45.956623601721382, -23.547395081749443, 0.0 ], [ -45.955187118858611, -23.547527832436579, 0.0 ], [ -45.953815513090589, -23.547338704451107, 0.0 ], [ -45.952468460358865, -23.546841111468272, 0.0 ], [ -45.949840913023877, -23.545957710968867, 0.0 ], [ -45.946639518122254, -23.544766057624049, 0.0 ], [ -45.944199180842382, -23.543592819395439, 0.0 ], [ -45.943295263929699, -23.54305083450264, 0.0 ], [ -45.942206801624828, -23.542664532614356, 0.0 ], [ -45.94004746011526, -23.54187150572584, 0.0 ], [ -45.938312642594965, -23.541852917241847, 0.0 ], [ -45.936119256247395, -23.541620492930889, 0.0 ], [ -45.935329940392648, -23.541425390213522, 0.0 ], [ -45.935193379482648, -23.541347757323067, 0.0 ], [ -45.933797203631201, -23.540554096133626, 0.0 ], [ -45.933299494544571, -23.54040388989371, 0.0 ], [ -45.93290251704218, -23.540388449143126, 0.0 ], [ -45.931371736529002, -23.540728312400599, 0.0 ], [ -45.930436643696744, -23.540954289705862, 0.0 ], [ -45.929233805840013, -23.541460440741339, 0.0 ], [ -45.928494656341485, -23.541776318968427, 0.0 ], [ -45.927308993402377, -23.541999346760836, 0.0 ], [ -45.926357091927954, -23.542054984141913, 0.0 ], [ -45.925321801744687, -23.541782379094119, 0.0 ], [ -45.924356541650816, -23.541523339226078, 0.0 ], [ -45.922511680245933, -23.541562852272101, 0.0 ], [ -45.921869265151514, -23.54154968654256, 0.0 ], [ -45.921420771733821, -23.541396994165577, 0.0 ], [ -45.920327387896485, -23.540917025679335, 0.0 ], [ -45.919141669232395, -23.540786139245057, 0.0 ], [ -45.918299881284703, -23.540558353532528, 0.0 ], [ -45.917495854345546, -23.539893941533741, 0.0 ], [ -45.91709213070677, -23.539633903156346, 0.0 ], [ -45.916373663440432, -23.539616796200857, 0.0 ], [ -45.916081637218987, -23.539756231944764, 0.0 ], [ -45.91507965573954, -23.540183003269334, 0.0 ], [ -45.914694404209627, -23.540242870502109, 0.0 ], [ -45.914159522384381, -23.54016544951876, 0.0 ], [ -45.913449443607931, -23.539834789206424, 0.0 ], [ -45.912852490700018, -23.539614618886112, 0.0 ], [ -45.911688981203255, -23.539300425479667, 0.0 ], [ -45.910661998850372, -23.538893606642631, 0.0 ], [ -45.909711007963395, -23.538226560458146, 0.0 ], [ -45.90868564067231, -23.53770518701819, 0.0 ], [ -45.908083113137089, -23.537310287513495, 0.0 ], [ -45.905791386291092, -23.534605488304638, 0.0 ], [ -45.904360067621546, -23.532622882965789, 0.0 ], [ -45.903839831100981, -23.53204283840315, 0.0 ], [ -45.902542551765421, -23.531512388889922, 0.0 ], [ -45.901614750650928, -23.531001001549139, 0.0 ], [ -45.899267047810056, -23.529384685541597, 0.0 ], [ -45.899036872454879, -23.52887443510372, 0.0 ], [ -45.898787725851427, -23.527610696269164, 0.0 ], [ -45.898785366976533, -23.526853070158875, 0.0 ], [ -45.898681829573292, -23.526498873677284, 0.0 ], [ -45.897640241098401, -23.52394332808079, 0.0 ], [ -45.896861644178962, -23.523045940473512, 0.0 ], [ -45.896195556117014, -23.521915155674051, 0.0 ], [ -45.895727873529005, -23.521367725034807, 0.0 ], [ -45.894187731549636, -23.519827977492863, 0.0 ], [ -45.893199578142692, -23.51941312449814, 0.0 ], [ -45.891748336946343, -23.519083973608168, 0.0 ], [ -45.891491147309189, -23.519149185288132, 0.0 ], [ -45.891192082285983, -23.519225010635822, 0.0 ], [ -45.890272441716412, -23.519617790563558, 0.0 ], [ -45.889545838374957, -23.520066493856298, 0.0 ], [ -45.888831268811145, -23.52088126553646, 0.0 ], [ -45.888418013986474, -23.522180980903553, 0.0 ], [ -45.887948829868158, -23.522630150289217, 0.0 ], [ -45.886409469896883, -23.523143222226185, 0.0 ], [ -45.88541955543355, -23.523839674151322, 0.0 ], [ -45.885127506051454, -23.523915192319841, 0.0 ], [ -45.884403587115571, -23.524054828020471, 0.0 ], [ -45.883594375837248, -23.523992343801964, 0.0 ], [ -45.882660314509685, -23.523754550254257, 0.0 ], [ -45.881828271729859, -23.523599251055217, 0.0 ], [ -45.878661467721955, -23.523291775676402, 0.0 ], [ -45.878432890664449, -23.523303644116513, 0.0 ], [ -45.878205350037547, -23.523416118121883, 0.0 ], [ -45.878045956870999, -23.523497547608667, 0.0 ], [ -45.877902984924539, -23.523633448248631, 0.0 ], [ -45.877331495162821, -23.524044212127531, 0.0 ], [ -45.876766556120671, -23.52426909799421, 0.0 ], [ -45.875751240791402, -23.524185856905021, 0.0 ], [ -45.874555012235355, -23.524134499468556, 0.0 ], [ -45.873634517581806, -23.524309317310419, 0.0 ], [ -45.872823297187978, -23.524704991265466, 0.0 ], [ -45.872309809231353, -23.524749633446849, 0.0 ], [ -45.871916788404725, -23.524709072452914, 0.0 ], [ -45.871522302927588, -23.524589929776546, 0.0 ], [ -45.870631613110909, -23.524333846602751, 0.0 ], [ -45.869715868823718, -23.523963237801908, 0.0 ], [ -45.868766889681758, -23.523474344478444, 0.0 ], [ -45.867753861415309, -23.523458912701273, 0.0 ], [ -45.866549381557419, -23.523634866558677, 0.0 ], [ -45.861405794138243, -23.524263395627138, 0.0 ], [ -45.860732219612068, -23.524567492527034, 0.0 ], [ -45.859265181266913, -23.525614453732164, 0.0 ], [ -45.857358423194917, -23.527103403974344, 0.0 ] ] } },
{ "type": "Feature", "properties": { "Rodovia": "SP 088", "TipoRodovi": "Eixo", "Orientacao": "Radial", "Origem": "Estadual", "Municipio": "Salesópolis", "CodRegiona": "DR 10", "SedeRegion": "São Paulo", "KmInicial": 94.0, "KmFinal": 97.5, "Extensao": 3.5, "DescricaoI": "Salesópolis Perímetro Urbano (A)", "DescricaoF": "Salesópolis Perímetro Urbano (B)", "Jurisdicao": "Municipal", "Administra": "Prefeitura", "Conservado": "Prefeitura", "TipoPista": "PAV", "Sobreposic": null, "Subposicao": null, "PerimetroU": "Nã", "DataInicio": null, "DataFimCon": null, "EstadualCo": "Nã", "Denominaca": "Professor Alfredo Rolim de Moura", "Legislacao": "Lei 3.216 de 05/01/1982 (Alt. P Lei 9.368 de 3/9/96)", "TPUso": null, "TransfMuni": null, "Subtrecho": "088SPE2426" }, "geometry": { "type": "LineString", "coordinates": [ [ -45.857358423194917, -23.527103403974344, 0.0 ], [ -45.855294219634892, -23.52901243891537, 0.0 ], [ -45.855079549992652, -23.529172860933329, 0.0 ], [ -45.854125323560588, -23.529497658776872, 0.0 ], [ -45.852956042014192, -23.529713789426648, 0.0 ], [ -45.85133311330069, -23.53002332754869, 0.0 ], [ -45.850935392191772, -23.529971466899891, 0.0 ], [ -45.848293180530703, -23.529172197676804, 0.0 ], [ -45.847697451954282, -23.529155896747376, 0.0 ], [ -45.846577982598639, -23.529394070064789, 0.0 ], [ -45.846156828844329, -23.529376068552665, 0.0 ], [ -45.845552600865396, -23.529097579249576, 0.0 ], [ -45.845024220178516, -23.528726984475185, 0.0 ], [ -45.843770219776083, -23.528466301360979, 0.0 ], [ -45.843091196890768, -23.528486587595246, 0.0 ], [ -45.841923940081898, -23.529152451363213, 0.0 ], [ -45.838442546535646, -23.529191014719935, 0.0 ], [ -45.836855507039267, -23.529175285012574, 0.0 ], [ -45.834711429298764, -23.528204084339315, 0.0 ], [ -45.834236418194962, -23.528198465507366, 0.0 ], [ -45.833343625198466, -23.528443293365182, 0.0 ], [ -45.832683661964481, -23.529144367059128, 0.0 ], [ -45.832301366658555, -23.52924384576681, 0.0 ], [ -45.831225492002197, -23.529240357557473, 0.0 ], [ -45.830863973118518, -23.529173772489578, 0.0 ], [ -45.830493636954586, -23.528996893574202, 0.0 ], [ -45.830289132624493, -23.528695502160382, 0.0 ], [ -45.830038216401896, -23.528003743894317, 0.0 ], [ -45.829814039016554, -23.527576590376199, 0.0 ], [ -45.829190171991449, -23.527276670121623, 0.0 ] ] } },
{ "type": "Feature", "properties": { "Rodovia": "SP 088", "TipoRodovi": "Eixo", "Orientacao": "Radial", "Origem": "Estadual", "Municipio": "Salesópolis", "CodRegiona": "DR 10", "SedeRegion": "São Paulo", "KmInicial": 97.5, "KmFinal": 106.7, "Extensao": 9.2, "DescricaoI": "Salesópolis Perímetro Urbano (B)", "DescricaoF": "Divisa Municipal Salesópolis / Paraibuna", "Jurisdicao": "Estadual", "Administra": "DER", "Conservado": "10.04", "TipoPista": "PAV", "Sobreposic": null, "Subposicao": null, "PerimetroU": "Nã", "DataInicio": null, "DataFimCon": null, "EstadualCo": "Nã", "Denominaca": "Professor Alfredo Rolim de Moura", "Legislacao": "Lei 3.216 de 05/01/1982 (Alt. P Lei 9.368 de 3/9/96)", "TPUso": null, "TransfMuni": null, "Subtrecho": "088SPE1994" }, "geometry": { "type": "LineString", "coordinates": [ [ -45.829190171991449, -23.527276670121623, 0.0 ], [ -45.8279673404611, -23.526864361200008, 0.0 ], [ -45.827025329772496, -23.526724550980394, 0.0 ], [ -45.825151608075423, -23.526531406278814, 0.0 ], [ -45.823892623971027, -23.526532650056666, 0.0 ], [ -45.821167724315472, -23.527006645590568, 0.0 ], [ -45.818979353776172, -23.527336654162013, 0.0 ], [ -45.818337570810677, -23.527241098195692, 0.0 ], [ -45.814858460181469, -23.525893342051557, 0.0 ], [ -45.814361689686358, -23.525825512524932, 0.0 ], [ -45.813940114143826, -23.525884699128813, 0.0 ], [ -45.812014718731525, -23.526424269352308, 0.0 ], [ -45.810218602194219, -23.526181920524522, 0.0 ], [ -45.806340269792933, -23.525824782131412, 0.0 ], [ -45.805297561130061, -23.525395173853635, 0.0 ], [ -45.803849503171399, -23.524798536619599, 0.0 ], [ -45.802701184225199, -23.524780997587747, 0.0 ], [ -45.801129827595361, -23.524937698535901, 0.0 ], [ -45.798686003504713, -23.524470332523311, 0.0 ], [ -45.796593593374197, -23.524976531366288, 0.0 ], [ -45.795660026239347, -23.524959554178011, 0.0 ], [ -45.794915722324461, -23.524607527610691, 0.0 ], [ -45.794245493778611, -23.524370814420379, 0.0 ], [ -45.792872191033808, -23.52451656669998, 0.0 ], [ -45.792206941161155, -23.524571975568385, 0.0 ], [ -45.790887509667499, -23.524412735844905, 0.0 ], [ -45.790092001589628, -23.524694817391246, 0.0 ], [ -45.78990535729185, -23.524801799917114, 0.0 ], [ -45.789381290219552, -23.524827445475282, 0.0 ], [ -45.788530393261752, -23.524973955919954, 0.0 ], [ -45.786901989214599, -23.525392859830703, 0.0 ], [ -45.785276883622423, -23.525201645880813, 0.0 ], [ -45.78393132919166, -23.525088734112053, 0.0 ], [ -45.7800603463416, -23.524700242860526, 0.0 ], [ -45.779586868728281, -23.524659512352915, 0.0 ], [ -45.778927894324099, -23.524800109070966, 0.0 ], [ -45.778440026698391, -23.524896599822721, 0.0 ], [ -45.777548619582383, -23.524855194231019, 0.0 ], [ -45.776764678253286, -23.524766346370836, 0.0 ], [ -45.775500132017349, -23.524843340569941, 0.0 ], [ -45.775102195249183, -23.5249869882464, 0.0 ], [ -45.774816007001178, -23.525200168518211, 0.0 ], [ -45.774528844261674, -23.525243490932485, 0.0 ], [ -45.772142914253521, -23.525335954532899, 0.0 ], [ -45.771279915753489, -23.525582562529475, 0.0 ], [ -45.770856024201301, -23.525677074403735, 0.0 ], [ -45.769678617503928, -23.525567553919018, 0.0 ], [ -45.765307130784457, -23.52705219005184, 0.0 ], [ -45.764294296204888, -23.527466000488467, 0.0 ], [ -45.763748882230857, -23.527554111708032, 0.0 ], [ -45.763365508776886, -23.527465002375333, 0.0 ], [ -45.761697164400346, -23.526852055548268, 0.0 ], [ -45.760790587289179, -23.526496672609227, 0.0 ], [ -45.760573732085177, -23.526251798219597, 0.0 ], [ -45.760475246899567, -23.525844978472765, 0.0 ], [ -45.760477551818354, -23.525100539018403, 0.0 ], [ -45.760390125000661, -23.52492083804426, 0.0 ], [ -45.760212258671523, -23.524794754889342, 0.0 ], [ -45.759818324702152, -23.524689160624579, 0.0 ], [ -45.759464370575898, -23.524686494525952, 0.0 ], [ -45.757960968182907, -23.525424726197123, 0.0 ], [ -45.757670573913281, -23.525601731436151, 0.0 ], [ -45.756678009180412, -23.526586019153008, 0.0 ], [ -45.756106451146202, -23.527301035562637, 0.0 ], [ -45.755782469534296, -23.528118715094784, 0.0 ], [ -45.755528426576511, -23.528480803307289, 0.0 ], [ -45.755143690628934, -23.528598547909471, 0.0 ], [ -45.754709281118792, -23.52872835592288, 0.0 ], [ -45.754569805642014, -23.528770033310376, 0.0 ], [ -45.754290004538426, -23.528979274570009, 0.0 ] ] } },
{ "type": "Feature", "properties": { "Rodovia": "SP 088", "TipoRodovi": "Eixo", "Orientacao": "Radial", "Origem": "Estadual", "Municipio": "Mogi das Cruzes", "CodRegiona": "DR 10", "SedeRegion": "São Paulo", "KmInicial": 37.9, "KmFinal": 39.45, "Extensao": 1.55, "DescricaoI": "Divisa Municipal Arujá / Mogi das Cruzes", "DescricaoF": "Incio do Dispositivo SPD 045/070", "Jurisdicao": "Estadual", "Administra": "Concessionária", "Conservado": "Novo Litoral", "TipoPista": "DUP", "Sobreposic": null, "Subposicao": null, "PerimetroU": "Nã", "DataInicio": "01 11 2024", "DataFimCon": "01 11 2054", "EstadualCo": "Nã", "Denominaca": "Pedro Eroles", "Legislacao": "Lei 9.368 de 03/09/1996 (Esta Lei Alterou A Lei 3.216 de 05/01/1982)", "TPUso": null, "TransfMuni": null, "Subtrecho": "088SPE4901" }, "geometry": { "type": "LineString", "coordinates": [ [ -46.273820438847231, -23.429911761723837, 0.0 ], [ -46.273015687870135, -23.43033676194614, 0.0 ], [ -46.272723667811583, -23.430478039532439, 0.0 ], [ -46.267971319893832, -23.433585399332873, 0.0 ], [ -46.262158341236514, -23.437385163077717, 0.0 ] ] } },
{ "type": "Feature", "properties": { "Rodovia": "SP 088", "TipoRodovi": "Eixo", "Orientacao": "Radial", "Origem": "Estadual", "Municipio": "Mogi das Cruzes", "CodRegiona": "DR 10", "SedeRegion": "São Paulo", "KmInicial": 39.45, "KmFinal": 39.9, "Extensao": 0.45, "DescricaoI": "Incio do Dispositivo SPD 045/070", "DescricaoF": "Entroncamento SP 070 (km 45)", "Jurisdicao": "Estadual", "Administra": "Concessionária", "Conservado": "Ecopistas", "TipoPista": "DUP", "Sobreposic": null, "Subposicao": null, "PerimetroU": "Nã", "DataInicio": "18 06 2009", "DataFimCon": "31 05 2039", "EstadualCo": "Nã", "Denominaca": "Pedro Eroles", "Legislacao": "Lei 9.368 de 03/09/1996 (Esta Lei Alterou A Lei 3.216 de 05/01/1982)", "TPUso": null, "TransfMuni": null, "Subtrecho": "088SPE3433" }, "geometry": { "type": "LineString", "coordinates": [ [ -46.262158341236514, -23.437385163077717, 0.0 ], [ -46.256863617548966, -23.440845690276234, 0.0 ] ] } },
{ "type": "Feature", "properties": { "Rodovia": "SP 088", "TipoRodovi": "Eixo", "Orientacao": "Radial", "Origem": "Estadual", "Municipio": "Mogi das Cruzes", "CodRegiona": "DR 10", "SedeRegion": "São Paulo", "KmInicial": 39.9, "KmFinal": 40.5, "Extensao": 0.6, "DescricaoI": "Entroncamento SP 070 (km 45)", "DescricaoF": "Final do Dispositivo SPD 045/070", "Jurisdicao": "Estadual", "Administra": "Concessionária", "Conservado": "Ecopistas", "TipoPista": "DUP", "Sobreposic": null, "Subposicao": null, "PerimetroU": "Nã", "DataInicio": "18 06 2009", "DataFimCon": "31 05 2039", "EstadualCo": "Nã", "Denominaca": "Pedro Eroles", "Legislacao": "Lei 9.368 de 03/09/1996 (Esta Lei Alterou A Lei 3.216 de 05/01/1982)", "TPUso": null, "TransfMuni": null, "Subtrecho": "088SPE6972" }, "geometry": { "type": "LineString", "coordinates": [ [ -46.256863617548966, -23.440845690276234, 0.0 ], [ -46.253355596122546, -23.443199519201361, 0.0 ], [ -46.252030441146992, -23.444041232790031, 0.0 ] ] } },
{ "type": "Feature", "properties": { "Rodovia": "SP 088", "TipoRodovi": "Eixo", "Orientacao": "Radial", "Origem": "Estadual", "Municipio": "Mogi das Cruzes", "CodRegiona": "DR 10", "SedeRegion": "São Paulo", "KmInicial": 40.5, "KmFinal": 43.0, "Extensao": 2.5, "DescricaoI": "Final do Dispositivo SPD 045/070", "DescricaoF": "Acesso Municipal a Suzano", "Jurisdicao": "Estadual", "Administra": "Concessionária", "Conservado": "Novo Litoral", "TipoPista": "DUP", "Sobreposic": null, "Subposicao": null, "PerimetroU": "Nã", "DataInicio": "01 11 2024", "DataFimCon": "01 11 2054", "EstadualCo": "Nã", "Denominaca": "Pedro Eroles", "Legislacao": "Lei 9.368 de 03/09/1996 (Esta Lei Alterou A Lei 3.216 de 05/01/1982)", "TPUso": null, "TransfMuni": null, "Subtrecho": "088SPE3890" }, "geometry": { "type": "LineString", "coordinates": [ [ -46.252030441146992, -23.444041232790031, 0.0 ], [ -46.251217219816454, -23.444557761046013, 0.0 ], [ -46.24833458063442, -23.446465224072192, 0.0 ], [ -46.247897134807744, -23.446871648210987, 0.0 ], [ -46.24758653767357, -23.447354317391177, 0.0 ], [ -46.247367148107131, -23.44795274818755, 0.0 ], [ -46.246157462531855, -23.453130488205119, 0.0 ], [ -46.246077410488198, -23.453759119978116, 0.0 ], [ -46.246104561067646, -23.455165602350792, 0.0 ], [ -46.246035547127612, -23.455889891724411, 0.0 ], [ -46.244970969860219, -23.46388145610765, 0.0 ], [ -46.244705527101523, -23.465050802654368, 0.0 ] ] } },
{ "type": "Feature", "properties": { "Rodovia": "SP 088", "TipoRodovi": "Eixo", "Orientacao": "Radial", "Origem": "Estadual", "Municipio": "Mogi das Cruzes", "CodRegiona": "DR 10", "SedeRegion": "São Paulo", "KmInicial": 43.0, "KmFinal": 49.5, "Extensao": 6.5, "DescricaoI": "Acesso Municipal a Suzano", "DescricaoF": "Acesso SP 066 / Mogi das Cruzes Perímetro Urbano (A)", "Jurisdicao": "Estadual", "Administra": "Concessionária", "Conservado": "Novo Litoral", "TipoPista": "DUP", "Sobreposic": null, "Subposicao": null, "PerimetroU": "Nã", "DataInicio": "01 11 2024", "DataFimCon": "01 11 2054", "EstadualCo": "Nã", "Denominaca": "Pedro Eroles", "Legislacao": "Lei 9.368 de 03/09/1996 (Esta Lei Alterou A Lei 3.216 de 05/01/1982)", "TPUso": null, "TransfMuni": null, "Subtrecho": "088SPE6893" }, "geometry": { "type": "LineString", "coordinates": [ [ -46.244705527101523, -23.465050802654368, 0.0 ], [ -46.244717625070926, -23.465673376575491, 0.0 ], [ -46.244205706526685, -23.469645475982606, 0.0 ], [ -46.243985747515779, -23.470852219521248, 0.0 ], [ -46.243765563375696, -23.471479308754002, 0.0 ], [ -46.242476637830094, -23.474010557422655, 0.0 ], [ -46.242052303230984, -23.474591662424988, 0.0 ], [ -46.241549995995321, -23.475115076173903, 0.0 ], [ -46.24097842963193, -23.475565973904608, 0.0 ], [ -46.238397895563985, -23.477138742961419, 0.0 ], [ -46.235148983107102, -23.478890150848162, 0.0 ], [ -46.234485012573764, -23.479128279476004, 0.0 ], [ -46.233071157072892, -23.479448639277397, 0.0 ], [ -46.232565321331101, -23.479914412522444, 0.0 ], [ -46.232236063744956, -23.480411353755429, 0.0 ], [ -46.231866617610713, -23.481091141460432, 0.0 ], [ -46.231931941815198, -23.481646190953672, 0.0 ], [ -46.231917331565818, -23.482112831024825, 0.0 ], [ -46.231861967629285, -23.48294772767764, 0.0 ], [ -46.231856920274986, -23.483392285586287, 0.0 ], [ -46.231852713313828, -23.483762891200513, 0.0 ], [ -46.231685797998608, -23.484684119174258, 0.0 ], [ -46.231701687987879, -23.485047817297666, 0.0 ], [ -46.231716482980261, -23.485386477787802, 0.0 ], [ -46.231736961445648, -23.485855231542644, 0.0 ], [ -46.231702033128549, -23.486329588999737, 0.0 ], [ -46.231622890260994, -23.486783788141611, 0.0 ], [ -46.231624424962014, -23.487383503111445, 0.0 ], [ -46.23170830519021, -23.488693258858387, 0.0 ], [ -46.231911099957756, -23.488952472566361, 0.0 ], [ -46.232330707992503, -23.489364208788015, 0.0 ], [ -46.232628839340016, -23.489931923888559, 0.0 ], [ -46.232648463770239, -23.490497274703387, 0.0 ], [ -46.232454732081571, -23.490790063423834, 0.0 ], [ -46.23215871000766, -23.491075615450988, 0.0 ], [ -46.230851307020338, -23.491196827305057, 0.0 ], [ -46.22843282015036, -23.491177724636067, 0.0 ], [ -46.227718193770123, -23.491309218922627, 0.0 ], [ -46.227252018719113, -23.491799358041362, 0.0 ], [ -46.227169916902554, -23.49237671325789, 0.0 ], [ -46.22754326163502, -23.494063757944939, 0.0 ], [ -46.227384520547851, -23.494688083545579, 0.0 ], [ -46.227078747085891, -23.494877464899215, 0.0 ], [ -46.226657447429169, -23.494958851889823, 0.0 ], [ -46.226151277417934, -23.495101119412062, 0.0 ], [ -46.22586302165741, -23.495337843810397, 0.0 ], [ -46.225649495098239, -23.495712750754542, 0.0 ], [ -46.22562794221021, -23.496935466949871, 0.0 ], [ -46.224799009318737, -23.497912841749727, 0.0 ], [ -46.22471115147944, -23.498471065277016, 0.0 ], [ -46.224983363643119, -23.498975355128572, 0.0 ], [ -46.22591790052239, -23.499703585860864, 0.0 ], [ -46.226090241179591, -23.500254338605828, 0.0 ], [ -46.226269792911943, -23.502023560788022, 0.0 ], [ -46.226081080610705, -23.50258791528978, 0.0 ], [ -46.225651373668939, -23.502968697387562, 0.0 ], [ -46.225039002541045, -23.503266865870422, 0.0 ], [ -46.224506623586571, -23.503480741915769, 0.0 ], [ -46.223876189307425, -23.503630913199064, 0.0 ], [ -46.22319767187286, -23.503597272577167, 0.0 ], [ -46.222861398136331, -23.503619055083082, 0.0 ], [ -46.222049289955649, -23.503898280261392, 0.0 ], [ -46.221464769732222, -23.504178207472858, 0.0 ], [ -46.220023957199921, -23.505528718352284, 0.0 ], [ -46.219685625958, -23.505722779491915, 0.0 ], [ -46.219261958749179, -23.505819445552763, 0.0 ], [ -46.21849491909601, -23.505742163029172, 0.0 ], [ -46.217056721798002, -23.505415829324786, 0.0 ], [ -46.21628229466608, -23.505373665186191, 0.0 ], [ -46.215026764015569, -23.505673029632081, 0.0 ], [ -46.212891495365163, -23.506351557107212, 0.0 ], [ -46.212396320938318, -23.506660393893117, 0.0 ], [ -46.212051755421157, -23.507050253527499, 0.0 ], [ -46.211785159204787, -23.507390060888998, 0.0 ], [ -46.211349044206891, -23.507696918094073, 0.0 ], [ -46.210892150541881, -23.507811521477361, 0.0 ], [ -46.210309498143538, -23.507787481488325, 0.0 ], [ -46.208783768984027, -23.507672473627185, 0.0 ], [ -46.208271578533356, -23.507725473084474, 0.0 ], [ -46.207697566341217, -23.507917600586801, 0.0 ], [ -46.207290464209741, -23.508186667696883, 0.0 ], [ -46.207009275896027, -23.508501217437487, 0.0 ], [ -46.206367629493634, -23.509968640931671, 0.0 ] ] } },
{ "type": "Feature", "properties": { "Rodovia": "SP 088", "TipoRodovi": "Eixo", "Orientacao": "Radial", "Origem": "Estadual", "Municipio": "Mogi das Cruzes", "CodRegiona": "DR 10", "SedeRegion": "São Paulo", "KmInicial": 49.5, "KmFinal": 52.1, "Extensao": 2.6, "DescricaoI": "Acesso SP 066 / Mogi das Cruzes Perímetro Urbano (A)", "DescricaoF": "Entroncamento SP 066 (km 53)", "Jurisdicao": "Municipal", "Administra": "Prefeitura", "Conservado": "Prefeitura", "TipoPista": "PAV", "Sobreposic": null, "Subposicao": null, "PerimetroU": "Nã", "DataInicio": null, "DataFimCon": null, "EstadualCo": "Nã", "Denominaca": null, "Legislacao": null, "TPUso": null, "TransfMuni": null, "Subtrecho": "088SPE0556" }, "geometry": { "type": "LineString", "coordinates": [ [ -46.206367629493634, -23.509968640931671, 0.0 ], [ -46.205987770769788, -23.51073047002491, 0.0 ], [ -46.205062607263422, -23.511513140069184, 0.0 ], [ -46.204810984140188, -23.51196153021823, 0.0 ], [ -46.204132425086904, -23.512923163996742, 0.0 ], [ -46.203876711006984, -23.513621414462786, 0.0 ], [ -46.203751738573239, -23.514012367525755, 0.0 ], [ -46.203478411611151, -23.514646001734526, 0.0 ], [ -46.203293372417534, -23.514965321193248, 0.0 ], [ -46.203202317681217, -23.51541680002105, 0.0 ], [ -46.203128165621195, -23.51585440561545, 0.0 ], [ -46.202814151833401, -23.516270265955669, 0.0 ], [ -46.202420168436021, -23.516407579767417, 0.0 ], [ -46.201921002052892, -23.516873078802821, 0.0 ], [ -46.201300322926038, -23.517670856594144, 0.0 ], [ -46.201066317945511, -23.518002441241549, 0.0 ], [ -46.200726472650913, -23.518220886745375, 0.0 ], [ -46.199760819837273, -23.518780848140082, 0.0 ], [ -46.198649116176284, -23.519544363885714, 0.0 ], [ -46.197953791483599, -23.520063822744728, 0.0 ], [ -46.196614118789405, -23.521056240465246, 0.0 ], [ -46.195975335104201, -23.52138118488762, 0.0 ], [ -46.193182101774397, -23.521061977600862, 0.0 ], [ -46.193181837345861, -23.521065822448715, 0.0 ], [ -46.188238862635416, -23.520597005801456, 0.0 ], [ -46.187521009893722, -23.520532568428436, 0.0 ] ] } },
{ "type": "Feature", "properties": { "Rodovia": "SP 088", "TipoRodovi": "Eixo", "Orientacao": "Radial", "Origem": "Estadual", "Municipio": "Mogi das Cruzes", "CodRegiona": "DR 10", "SedeRegion": "São Paulo", "KmInicial": 52.1, "KmFinal": 57.4, "Extensao": 5.3, "DescricaoI": "Entroncamento SP 066 (km 53)", "DescricaoF": "Mogi das Cruzes Perímetro Urbano (B)", "Jurisdicao": "Municipal", "Administra": "Prefeitura", "Conservado": "Prefeitura", "TipoPista": "PAV", "Sobreposic": null, "Subposicao": null, "PerimetroU": "Nã", "DataInicio": null, "DataFimCon": null, "EstadualCo": "Nã", "Denominaca": null, "Legislacao": null, "TPUso": null, "TransfMuni": "LEI 3757/91", "Subtrecho": "088SPE4193" }, "geometry": { "type": "LineString", "coordinates": [ [ -46.187521009893722, -23.520532568428436, 0.0 ], [ -46.186024110236851, -23.520398191039945, 0.0 ], [ -46.184399931873017, -23.520182866860342, 0.0 ], [ -46.183691621899371, -23.519635203117268, 0.0 ], [ -46.182769791312637, -23.518981371680717, 0.0 ], [ -46.181517530839592, -23.5181467733915, 0.0 ], [ -46.180812038620211, -23.517731304776273, 0.0 ], [ -46.179784040968613, -23.517274502121563, 0.0 ], [ -46.173775893344498, -23.51677823757506, 0.0 ], [ -46.172777456405896, -23.516393856501235, 0.0 ], [ -46.172126869907011, -23.516194879145726, 0.0 ], [ -46.171732432313178, -23.516095265553307, 0.0 ], [ -46.171201823337604, -23.516082088002488, 0.0 ], [ -46.170856760045773, -23.516131465155492, 0.0 ], [ -46.1704062756328, -23.516362047961266, 0.0 ], [ -46.170020715074685, -23.516602537403415, 0.0 ], [ -46.169761448548712, -23.516922596469492, 0.0 ], [ -46.169605516617246, -23.517341050434649, 0.0 ], [ -46.169533912778554, -23.517810332214506, 0.0 ], [ -46.169849211763626, -23.520126142753153, 0.0 ], [ -46.169769207302359, -23.520339579099353, 0.0 ], [ -46.169550966062729, -23.520581754774, 0.0 ], [ -46.169302291419214, -23.520667145043785, 0.0 ], [ -46.168829394588883, -23.520718878108497, 0.0 ], [ -46.168042475796241, -23.520486423203256, 0.0 ], [ -46.16744771231437, -23.520450053118189, 0.0 ], [ -46.166945077777214, -23.52057811663034, 0.0 ], [ -46.166434412515997, -23.521085410027997, 0.0 ], [ -46.165997232972309, -23.52133662259952, 0.0 ], [ -46.165646074899101, -23.521365703042324, 0.0 ], [ -46.164829867847303, -23.521258311253142, 0.0 ], [ -46.164248174227637, -23.521369102290421, 0.0 ], [ -46.163665313155889, -23.521866109252073, 0.0 ], [ -46.163571904572578, -23.522334304282065, 0.0 ], [ -46.163540528716361, -23.523105289966747, 0.0 ], [ -46.163665395686998, -23.523697608587682, 0.0 ], [ -46.16366748762011, -23.52423486706633, 0.0 ], [ -46.163669404133579, -23.524730103211386, 0.0 ], [ -46.16332644187441, -23.525232439639037, 0.0 ], [ -46.162556151133593, -23.525453672927579, 0.0 ], [ -46.162053094200971, -23.525588362372247, 0.0 ], [ -46.161834421740444, -23.525837159777478, 0.0 ], [ -46.161759609272714, -23.526359554788222, 0.0 ], [ -46.162031484579622, -23.526806050865769, 0.0 ], [ -46.162411832742791, -23.527264626187257, 0.0 ], [ -46.162486941302518, -23.527714597911455, 0.0 ], [ -46.162529053386038, -23.528229516631342, 0.0 ], [ -46.16231220042684, -23.528613079941493, 0.0 ], [ -46.161970569691235, -23.528927529107925, 0.0 ], [ -46.160267494497951, -23.529816641309495, 0.0 ], [ -46.159780490337432, -23.530249891651629, 0.0 ], [ -46.159615261712432, -23.530701164739526, 0.0 ], [ -46.159511659215134, -23.531461866515244, 0.0 ], [ -46.158958415004847, -23.532193427038408, 0.0 ], [ -46.158482515294331, -23.532482639353752, 0.0 ], [ -46.158095424296611, -23.532503223339862, 0.0 ], [ -46.157474610444233, -23.532292352097596, 0.0 ], [ -46.157076844152321, -23.532125924374927, 0.0 ], [ -46.156583431502078, -23.532126453378186, 0.0 ], [ -46.156141651802884, -23.532425439634373, 0.0 ], [ -46.155899339921639, -23.532826231002947, 0.0 ], [ -46.155784753618377, -23.53352644546472, 0.0 ], [ -46.155633504485245, -23.533972704540329, 0.0 ], [ -46.155368203592325, -23.534284799511756, 0.0 ], [ -46.154976222091975, -23.534631480249711, 0.0 ], [ -46.15471857762563, -23.535044815393018, 0.0 ] ] } },
{ "type": "Feature", "properties": { "Rodovia": "SP 088", "TipoRodovi": "Eixo", "Orientacao": "Radial", "Origem": "Estadual", "Municipio": "Mogi das Cruzes", "CodRegiona": "DR 10", "SedeRegion": "São Paulo", "KmInicial": 57.4, "KmFinal": 67.4, "Extensao": 10.0, "DescricaoI": "Mogi das Cruzes Perímetro Urbano (B)", "DescricaoF": "Divisa Municipal Mogi das Cruzes / Biritiba Mirim", "Jurisdicao": "Estadual", "Administra": "DER", "Conservado": "10.04", "TipoPista": "PAV", "Sobreposic": null, "Subposicao": null, "PerimetroU": "Nã", "DataInicio": null, "DataFimCon": null, "EstadualCo": "Nã", "Denominaca": "Professor Alfredo Rolim de Moura", "Legislacao": "Lei 3.216 de 05/01/1982 (Alt. P Lei 9.368 de 3/9/96)", "TPUso": null, "TransfMuni": null, "Subtrecho": "088SPE2437" }, "geometry": { "type": "LineString", "coordinates": [ [ -46.15471857762563, -23.535044815393018, 0.0 ], [ -46.154705360835806, -23.5355103450764, 0.0 ], [ -46.154988563130601, -23.536010692245586, 0.0 ], [ -46.155386321794616, -23.536543411158945, 0.0 ], [ -46.155873442571405, -23.536920772448816, 0.0 ], [ -46.156427086630572, -23.537281474117147, 0.0 ], [ -46.156828428766879, -23.537754430618261, 0.0 ], [ -46.15727424310677, -23.538336177726507, 0.0 ], [ -46.157855072810364, -23.53885141896863, 0.0 ], [ -46.158066640617733, -23.539088442378546, 0.0 ], [ -46.158239252492251, -23.539490020624008, 0.0 ], [ -46.158219048957513, -23.539828666786072, 0.0 ], [ -46.158021727919504, -23.540085187248774, 0.0 ], [ -46.157718291923189, -23.54028978007095, 0.0 ], [ -46.157293304147728, -23.540335106876384, 0.0 ], [ -46.156384201275074, -23.540196361266581, 0.0 ], [ -46.155881350467986, -23.540204492505573, 0.0 ], [ -46.155109753448734, -23.54044558252361, 0.0 ], [ -46.154531110474821, -23.540869480368752, 0.0 ], [ -46.154039032127073, -23.541550789782278, 0.0 ], [ -46.152242481339691, -23.54432456468642, 0.0 ], [ -46.152085759111117, -23.544876145662247, 0.0 ], [ -46.151974354289891, -23.546375689226757, 0.0 ], [ -46.151782371537678, -23.547151936607179, 0.0 ], [ -46.151376836894691, -23.547724344413012, 0.0 ], [ -46.150819920815003, -23.548149317135564, 0.0 ], [ -46.149562752386082, -23.548838882546853, 0.0 ], [ -46.149176060132547, -23.549205818256283, 0.0 ], [ -46.149122768717888, -23.549256385006718, 0.0 ], [ -46.148571299207248, -23.550320957524772, 0.0 ], [ -46.148271854075773, -23.550945285657463, 0.0 ], [ -46.148229162473669, -23.551415998586638, 0.0 ], [ -46.148286513550232, -23.551918362441388, 0.0 ], [ -46.148566246901723, -23.552598367477508, 0.0 ], [ -46.148874470715072, -23.553532869547041, 0.0 ], [ -46.148871867954689, -23.554185400009633, 0.0 ], [ -46.148665602697122, -23.554834386683549, 0.0 ], [ -46.147118459421613, -23.556475056672099, 0.0 ], [ -46.145091366504118, -23.558591118417162, 0.0 ], [ -46.144558247669046, -23.559103814633737, 0.0 ], [ -46.14350579326328, -23.559776935992996, 0.0 ], [ -46.142905520456239, -23.560073156156683, 0.0 ], [ -46.142257093400531, -23.560200448030724, 0.0 ], [ -46.141452815338191, -23.560133453875213, 0.0 ], [ -46.139612208193164, -23.559861264174369, 0.0 ], [ -46.138247447548665, -23.559705079255167, 0.0 ], [ -46.13743527017445, -23.559612127503197, 0.0 ], [ -46.134718207377873, -23.559262586180356, 0.0 ], [ -46.134072861530967, -23.559216850969474, 0.0 ], [ -46.133479225811136, -23.559280272119807, 0.0 ], [ -46.13255213230034, -23.559440148277783, 0.0 ], [ -46.131775404121747, -23.559521000631964, 0.0 ], [ -46.131209817626292, -23.559359387346532, 0.0 ], [ -46.13050321610087, -23.558877687265859, 0.0 ], [ -46.129952264786766, -23.55786437415043, 0.0 ], [ -46.129623085238983, -23.557281764253908, 0.0 ], [ -46.129340554503599, -23.55701450535512, 0.0 ], [ -46.128751014090106, -23.556645235468942, 0.0 ], [ -46.128081423011629, -23.556518345434593, 0.0 ], [ -46.127681721714062, -23.556504921152598, 0.0 ], [ -46.127150260824777, -23.556624716824228, 0.0 ], [ -46.125874348053777, -23.557078716466943, 0.0 ], [ -46.12381159120806, -23.557775908514149, 0.0 ], [ -46.121808488661088, -23.558428674661574, 0.0 ], [ -46.121138063019963, -23.558461290694051, 0.0 ], [ -46.120094106896609, -23.558328207682457, 0.0 ], [ -46.119619880590371, -23.558247389534657, 0.0 ], [ -46.117665245685686, -23.557950506479646, 0.0 ], [ -46.1167870626306, -23.558030385954456, 0.0 ], [ -46.115842832106587, -23.558362834801002, 0.0 ], [ -46.113103025360559, -23.559930933643269, 0.0 ], [ -46.110522750874139, -23.561382929974918, 0.0 ], [ -46.108717447422094, -23.561509104258441, 0.0 ], [ -46.106995389497285, -23.561802301458155, 0.0 ], [ -46.105533534088828, -23.562139608019262, 0.0 ], [ -46.104915370265992, -23.562539200000558, 0.0 ], [ -46.104569592052428, -23.563248409150543, 0.0 ], [ -46.104457248011563, -23.563688006357516, 0.0 ], [ -46.104545346876421, -23.564846940404269, 0.0 ], [ -46.104636240810933, -23.566185253218556, 0.0 ], [ -46.104362807503314, -23.566784178144303, 0.0 ], [ -46.103799334083803, -23.567311958476758, 0.0 ], [ -46.103349988586373, -23.567596935122392, 0.0 ], [ -46.102516234915448, -23.567718215674311, 0.0 ], [ -46.101640483205635, -23.567571468715236, 0.0 ], [ -46.100021001144597, -23.567292290872533, 0.0 ], [ -46.098183938782007, -23.567040091099749, 0.0 ], [ -46.095678046585817, -23.566860441044696, 0.0 ], [ -46.093983220443185, -23.566729303677331, 0.0 ], [ -46.093170808162952, -23.566682073970721, 0.0 ], [ -46.092989979348374, -23.566671560648079, 0.0 ], [ -46.092519341197367, -23.566625008185571, 0.0 ], [ -46.092518140352645, -23.566624911650141, 0.0 ], [ -46.092453890546167, -23.566619644492189, 0.0 ] ] } },
{ "type": "Feature", "properties": { "Rodovia": "SP 098", "TipoRodovi": "Eixo", "Orientacao": "Radial", "Origem": "Estadual", "Municipio": "Mogi das Cruzes", "CodRegiona": "DR 10", "SedeRegion": "São Paulo", "KmInicial": 53.0, "KmFinal": 56.65, "Extensao": 3.65, "DescricaoI": "Entroncamento SP 066 / Mogi das Cruzes Perímetro Urbano (A)", "DescricaoF": "Mogi das Cruzes Perímetro Urbano (B)", "Jurisdicao": "Estadual", "Administra": "Prefeitura", "Conservado": "Prefeitura", "TipoPista": "PAV", "Sobreposic": null, "Subposicao": null, "PerimetroU": "Nã", "DataInicio": null, "DataFimCon": null, "EstadualCo": "Nã", "Denominaca": "Dom Paulo Rolim Loureiro", "Legislacao": "Lei 2.990 de 16/09/81", "TPUso": "TPU nº 003/2001", "TransfMuni": null, "Subtrecho": "098SPE0202" }, "geometry": { "type": "LineString", "coordinates": [ [ -46.1926158894276, -23.523576919676866, 0.0 ], [ -46.192678824646734, -23.525294035687292, 0.0 ], [ -46.193610449015821, -23.525905663499593, 0.0 ], [ -46.195304066539883, -23.527393259977028, 0.0 ], [ -46.195669795293689, -23.527906735787738, 0.0 ], [ -46.196266103398536, -23.528219949200984, 0.0 ], [ -46.195263411065874, -23.530771951535574, 0.0 ], [ -46.1936033552727, -23.530899218409612, 0.0 ], [ -46.193567250862351, -23.533324387651735, 0.0 ], [ -46.193788622586041, -23.535377478653352, 0.0 ], [ -46.19357022081158, -23.536809321584219, 0.0 ], [ -46.192938521627603, -23.537834767317566, 0.0 ], [ -46.19066995714816, -23.539899247264167, 0.0 ], [ -46.189286935015446, -23.540941051181353, 0.0 ], [ -46.18663305854389, -23.542204861190612, 0.0 ], [ -46.184294110173596, -23.544370819227968, 0.0 ], [ -46.184123324691619, -23.545076238613277, 0.0 ], [ -46.183596003873724, -23.549814297608421, 0.0 ], [ -46.183593278152067, -23.550009814420907, 0.0 ], [ -46.183674533005075, -23.550839906644779, 0.0 ], [ -46.184255753551156, -23.552806495414632, 0.0 ], [ -46.184430209352882, -23.553769020063232, 0.0 ], [ -46.184316480689837, -23.555368679785875, 0.0 ], [ -46.184170359025686, -23.557423759514755, 0.0 ], [ -46.184161011852602, -23.557970632006892, 0.0 ], [ -46.184315875743458, -23.558330532728139, 0.0 ], [ -46.184649006779829, -23.558656903000571, 0.0 ], [ -46.184808969447118, -23.55877519876201, 0.0 ], [ -46.185863938798519, -23.559576696498219, 0.0 ], [ -46.18604593119575, -23.559849530327842, 0.0 ], [ -46.186273727002131, -23.56120622586646, 0.0 ], [ -46.18651789515615, -23.561923141343758, 0.0 ], [ -46.186585235426072, -23.562120837337485, 0.0 ], [ -46.188395669093168, -23.564568494502758, 0.0 ] ] } },
{ "type": "Feature", "properties": { "Rodovia": "SP 098", "TipoRodovi": "Eixo", "Orientacao": "Radial", "Origem": "Estadual", "Municipio": "Mogi das Cruzes", "CodRegiona": "DR 10", "SedeRegion": "São Paulo", "KmInicial": 56.65, "KmFinal": 62.9, "Extensao": 6.25, "DescricaoI": "Mogi das Cruzes Perímetro Urbano (B)", "DescricaoF": "Entroncamento SP 102 (km 62)", "Jurisdicao": "Estadual", "Administra": "Concessionária", "Conservado": "Novo Litoral", "TipoPista": "PAV", "Sobreposic": null, "Subposicao": null, "PerimetroU": "Nã", "DataInicio": "03 10 2024", "DataFimCon": "03 10 2054", "EstadualCo": "Nã", "Denominaca": "Dom Paulo Rolim Loureiro", "Legislacao": "Lei 2.990 de 16/09/81", "TPUso": null, "TransfMuni": null, "Subtrecho": "098SPE0411" }, "geometry": { "type": "LineString", "coordinates": [ [ -46.188395669093168, -23.564568494502758, 0.0 ], [ -46.190843123937334, -23.566806162556038, 0.0 ], [ -46.191697697743159, -23.567518008430579, 0.0 ], [ -46.192275259974281, -23.567992958983645, 0.0 ], [ -46.193902510063403, -23.56907433815784, 0.0 ], [ -46.194481113391483, -23.569664466967776, 0.0 ], [ -46.194752225332259, -23.570397575861115, 0.0 ], [ -46.19476843045085, -23.571183165553581, 0.0 ], [ -46.194573184916571, -23.571820620899047, 0.0 ], [ -46.194190728539212, -23.572298059139275, 0.0 ], [ -46.193802821152339, -23.572602527256109, 0.0 ], [ -46.190423057830834, -23.574009757709465, 0.0 ], [ -46.189492135756538, -23.574799503962247, 0.0 ], [ -46.188803670456949, -23.575296183521584, 0.0 ], [ -46.188280335929662, -23.57546217270701, 0.0 ], [ -46.183353403315856, -23.576198273455109, 0.0 ], [ -46.182929590935579, -23.576366315867443, 0.0 ], [ -46.182520037511431, -23.576642293090906, 0.0 ], [ -46.181858840574343, -23.577321972224585, 0.0 ], [ -46.180555926763915, -23.578701204377499, 0.0 ], [ -46.179861706655778, -23.579587362771168, 0.0 ], [ -46.17965017526997, -23.580011977872985, 0.0 ], [ -46.178443753582073, -23.583010630070326, 0.0 ], [ -46.178115814723434, -23.583536655292818, 0.0 ], [ -46.177553824500478, -23.584170797302168, 0.0 ], [ -46.176213756042415, -23.585592272397413, 0.0 ], [ -46.175983076876612, -23.585990691524557, 0.0 ], [ -46.175638607060343, -23.58714028350532, 0.0 ], [ -46.175159965375421, -23.588226388475988, 0.0 ], [ -46.174634935585161, -23.588818219148621, 0.0 ], [ -46.17249152142076, -23.591101357292395, 0.0 ], [ -46.171002108873786, -23.593057693731001, 0.0 ], [ -46.170268426378236, -23.594370679090449, 0.0 ], [ -46.169593992681619, -23.595730767139258, 0.0 ], [ -46.168729226977511, -23.597757239569294, 0.0 ], [ -46.168081496375926, -23.599368239557052, 0.0 ], [ -46.167405146301391, -23.60009071713678, 0.0 ], [ -46.166058759015307, -23.601087768417173, 0.0 ], [ -46.165808595713301, -23.601514101758703, 0.0 ], [ -46.165049671623414, -23.603446327199293, 0.0 ], [ -46.164129960558071, -23.604930780292833, 0.0 ], [ -46.163710050119924, -23.605265791939537, 0.0 ], [ -46.163398142385169, -23.605509032469914, 0.0 ] ] } },
{ "type": "Feature", "properties": { "Rodovia": "SP 098", "TipoRodovi": "Eixo", "Orientacao": "Radial", "Origem": "Estadual", "Municipio": "Mogi das Cruzes", "CodRegiona": "DR 10", "SedeRegion": "São Paulo", "KmInicial": 62.9, "KmFinal": 75.0, "Extensao": 12.1, "DescricaoI": "Entroncamento SP 102 (km 62)", "DescricaoF": "Divisa Municipal Mogi das Cruzes / Biritiba Mirim", "Jurisdicao": "Estadual", "Administra": "Concessionária", "Conservado": "Novo Litoral", "TipoPista": "PAV", "Sobreposic": null, "Subposicao": null, "PerimetroU": "Nã", "DataInicio": "03 10 2024", "DataFimCon": "03 10 2054", "EstadualCo": "Nã", "Denominaca": "Dom Paulo Rolim Loureiro", "Legislacao": "Lei 2.990 de 16/09/81", "TPUso": null, "TransfMuni": null, "Subtrecho": "098SPE6252" }, "geometry": { "type": "LineString", "coordinates": [ [ -46.163398142385169, -23.605509032469914, 0.0 ], [ -46.162475960609378, -23.605918085904943, 0.0 ], [ -46.159957841203251, -23.606394651387593, 0.0 ], [ -46.158274842333427, -23.606753916655411, 0.0 ], [ -46.157299605133581, -23.607008813867399, 0.0 ], [ -46.156631179988814, -23.60733697019451, 0.0 ], [ -46.156110654906129, -23.607749690413701, 0.0 ], [ -46.155454487015135, -23.608401552931422, 0.0 ], [ -46.154258686993821, -23.60969664243714, 0.0 ], [ -46.153765016337509, -23.610101063660405, 0.0 ], [ -46.153140433690197, -23.610489258663247, 0.0 ], [ -46.152716409276721, -23.610699453646422, 0.0 ], [ -46.151836444494627, -23.611036245280189, 0.0 ], [ -46.150892348252519, -23.611210682292302, 0.0 ], [ -46.148558657305657, -23.611247813105205, 0.0 ], [ -46.147639625057664, -23.611355968212102, 0.0 ], [ -46.146379905373429, -23.611779749276415, 0.0 ], [ -46.145653646860467, -23.612191742619373, 0.0 ], [ -46.14531641518591, -23.612449669390553, 0.0 ], [ -46.144939192816381, -23.612758635002834, 0.0 ], [ -46.144460171290952, -23.613269842770901, 0.0 ], [ -46.144067154544786, -23.613905203415243, 0.0 ], [ -46.143239317842031, -23.615243498820234, 0.0 ], [ -46.142900185798176, -23.615708681294542, 0.0 ], [ -46.142341754650054, -23.616325285880851, 0.0 ], [ -46.14130922096362, -23.617080211761138, 0.0 ], [ -46.140856553273352, -23.617327504100444, 0.0 ], [ -46.140278521310279, -23.617554020122565, 0.0 ], [ -46.137699307206596, -23.61842733368773, 0.0 ], [ -46.137285755660962, -23.618638004080438, 0.0 ], [ -46.13603983744472, -23.620147376349944, 0.0 ], [ -46.13587404276192, -23.620360852792707, 0.0 ], [ -46.135121739208429, -23.620853451236588, 0.0 ], [ -46.13422420249784, -23.621304976277528, 0.0 ], [ -46.133716078484682, -23.621684469765253, 0.0 ], [ -46.133397574093607, -23.622068678415026, 0.0 ], [ -46.132270005576707, -23.624152980442279, 0.0 ], [ -46.131506861922283, -23.625527465887057, 0.0 ], [ -46.131116492532378, -23.626404747222189, 0.0 ], [ -46.13095979913399, -23.628783422801693, 0.0 ], [ -46.130696585690934, -23.629125073633496, 0.0 ], [ -46.130250551358799, -23.629413153173655, 0.0 ], [ -46.129337204970199, -23.629670291104425, 0.0 ], [ -46.128866074107691, -23.629796881913489, 0.0 ], [ -46.128759379333502, -23.629922489134202, 0.0 ], [ -46.128585904973356, -23.630144842321716, 0.0 ], [ -46.128519916771637, -23.630538130563338, 0.0 ], [ -46.128893735430132, -23.631243769857903, 0.0 ], [ -46.129031625289805, -23.631473205763939, 0.0 ], [ -46.129074827185605, -23.631810729963139, 0.0 ], [ -46.129001851959664, -23.632906596397433, 0.0 ], [ -46.12895939560515, -23.63343649252602, 0.0 ], [ -46.128773977021602, -23.63376249969091, 0.0 ], [ -46.127336401896464, -23.634554226151721, 0.0 ], [ -46.126638404092837, -23.634780232646083, 0.0 ], [ -46.125098179792033, -23.635166920404323, 0.0 ], [ -46.123703808479085, -23.635525293117887, 0.0 ], [ -46.123385667216638, -23.635695612754265, 0.0 ], [ -46.12278962636011, -23.636402520462472, 0.0 ], [ -46.122658065514358, -23.63665819597637, 0.0 ], [ -46.123076332490321, -23.638109490906249, 0.0 ], [ -46.122990715343533, -23.638623550199199, 0.0 ], [ -46.122590907323357, -23.639702580230423, 0.0 ], [ -46.122279094213297, -23.640455052627047, 0.0 ], [ -46.120826977216794, -23.641986877433265, 0.0 ], [ -46.120083317485978, -23.642761274299158, 0.0 ], [ -46.11902718898294, -23.645318568007564, 0.0 ], [ -46.118793963121455, -23.645900108146684, 0.0 ], [ -46.117496383702111, -23.647133665607122, 0.0 ], [ -46.117216097499295, -23.647475502747934, 0.0 ], [ -46.117088435651475, -23.648006162251736, 0.0 ], [ -46.116403232520526, -23.649283111263415, 0.0 ], [ -46.115628912569704, -23.651017702997656, 0.0 ], [ -46.115265890264808, -23.651711340785727, 0.0 ], [ -46.114956722598805, -23.651851862360715, 0.0 ], [ -46.114591487840698, -23.651902118794897, 0.0 ], [ -46.114272878287977, -23.65208587900316, 0.0 ], [ -46.114119703792809, -23.652359190701155, 0.0 ], [ -46.113907791190549, -23.653266556428587, 0.0 ], [ -46.113336533040332, -23.653899708920818, 0.0 ], [ -46.113013832957094, -23.654264376020791, 0.0 ], [ -46.11266189724622, -23.65443395890599, 0.0 ], [ -46.111781667459567, -23.654864132814762, 0.0 ], [ -46.111293758559896, -23.655701343662528, 0.0 ], [ -46.110901979169768, -23.656530911619377, 0.0 ], [ -46.11082787528504, -23.656739503525376, 0.0 ], [ -46.110843151476843, -23.657052549506464, 0.0 ], [ -46.111434343179255, -23.658693721234862, 0.0 ], [ -46.111598262829389, -23.659601329630558, 0.0 ], [ -46.111484736939609, -23.660576115869233, 0.0 ], [ -46.110497135049251, -23.663236674302315, 0.0 ], [ -46.110224148223956, -23.664022280071528, 0.0 ], [ -46.110196466525068, -23.664820285159404, 0.0 ], [ -46.110130433716719, -23.665347801463689, 0.0 ], [ -46.1096974250516, -23.666406352524579, 0.0 ], [ -46.10943792747571, -23.666855387861148, 0.0 ], [ -46.108815631249257, -23.667270423291797, 0.0 ], [ -46.108654539281595, -23.667377860611026, 0.0 ], [ -46.107392114712958, -23.668475646415537, 0.0 ], [ -46.104712017857679, -23.670750758832948, 0.0 ], [ -46.104138656242917, -23.671190142164296, 0.0 ], [ -46.102946749336809, -23.67168566186588, 0.0 ], [ -46.102719284526259, -23.671830282031596, 0.0 ], [ -46.102402177756701, -23.672213924930873, 0.0 ], [ -46.102214572911578, -23.672716546392778, 0.0 ], [ -46.102517918860755, -23.674255732994499, 0.0 ], [ -46.10256391808884, -23.674851364422111, 0.0 ], [ -46.102587175134325, -23.675370892262251, 0.0 ], [ -46.103131493739035, -23.676316494656248, 0.0 ], [ -46.103426080209893, -23.677661646989133, 0.0 ], [ -46.103465678765829, -23.678363118111552, 0.0 ], [ -46.103236488174971, -23.679100953251719, 0.0 ], [ -46.103033291555882, -23.679409173691859, 0.0 ], [ -46.102894433311796, -23.679670690753003, 0.0 ], [ -46.102610926778247, -23.680183428386474, 0.0 ], [ -46.102415053654184, -23.680589460856844, 0.0 ], [ -46.102023018158455, -23.681194135977943, 0.0 ], [ -46.101379943109016, -23.68165495297794, 0.0 ], [ -46.099850656815619, -23.682414377399205, 0.0 ], [ -46.098788127898516, -23.683028798734657, 0.0 ], [ -46.097955173737084, -23.684254383520177, 0.0 ], [ -46.097789426351298, -23.684716287111875, 0.0 ], [ -46.09776839480859, -23.685194195206574, 0.0 ], [ -46.098120422967263, -23.686379879595073, 0.0 ], [ -46.098091394671833, -23.686859294532304, 0.0 ], [ -46.097955557395693, -23.687183412195981, 0.0 ], [ -46.09774698839712, -23.687353950055638, 0.0 ], [ -46.095286676705499, -23.688359664986429, 0.0 ], [ -46.094637662565169, -23.6886074507544, 0.0 ], [ -46.093524317121009, -23.688649174977076, 0.0 ], [ -46.093190709326457, -23.688864393217262, 0.0 ], [ -46.092968248644986, -23.689120105284466, 0.0 ], [ -46.092870846213643, -23.689394168420893, 0.0 ], [ -46.092850078376415, -23.689736886870044, 0.0 ], [ -46.093115967749561, -23.690950199090477, 0.0 ], [ -46.093067829160567, -23.691379165951972, 0.0 ], [ -46.092186241677695, -23.692776957940023, 0.0 ], [ -46.091999799410203, -23.694391994815668, 0.0 ], [ -46.091727155968762, -23.696211616665956, 0.0 ], [ -46.091727042020942, -23.696213010335335, 0.0 ], [ -46.091714439584941, -23.696372378373869, 0.0 ], [ -46.091663969988666, -23.697010547170429, 0.0 ], [ -46.091577481943283, -23.697828515715049, 0.0 ], [ -46.091608688284119, -23.698652453882389, 0.0 ], [ -46.091649640526576, -23.699265748233842, 0.0 ] ] } },
{ "type": "Feature", "properties": { "Rodovia": "SP 102", "TipoRodovi": "Eixo", "Orientacao": "Radial", "Origem": "Estadual", "Municipio": "Mogi das Cruzes", "CodRegiona": "DR 10", "SedeRegion": "São Paulo", "KmInicial": 62.9, "KmFinal": 78.45, "Extensao": 15.55, "DescricaoI": "Entroncamento SP 098 (km 63)", "DescricaoF": "Distrito Taiaçupeba", "Jurisdicao": "Estadual", "Administra": "DER", "Conservado": "10.04", "TipoPista": "PAV", "Sobreposic": null, "Subposicao": null, "PerimetroU": "Nã", "DataInicio": null, "DataFimCon": null, "EstadualCo": "Nã", "Denominaca": "Prefeito Francisco Ribeiro Nogueira", "Legislacao": "Lei 9.272 de 19/12/95", "TPUso": null, "TransfMuni": null, "Subtrecho": "102SPE5500" }, "geometry": { "type": "LineString", "coordinates": [ [ -46.163398142385169, -23.605509032469914, 0.0 ], [ -46.16367965594462, -23.606070501010954, 0.0 ], [ -46.164783248852068, -23.607638246410346, 0.0 ], [ -46.165442059211685, -23.608081783274592, 0.0 ], [ -46.166127321590302, -23.608346587476593, 0.0 ], [ -46.167244423827498, -23.608503381762471, 0.0 ], [ -46.169885606602165, -23.608729322419467, 0.0 ], [ -46.170906749744468, -23.608910099759353, 0.0 ], [ -46.171819793566748, -23.609186293875339, 0.0 ], [ -46.172519058654764, -23.609480587727067, 0.0 ], [ -46.173270424049143, -23.609957546334492, 0.0 ], [ -46.175476895580282, -23.61126357246394, 0.0 ], [ -46.176367359689856, -23.612049974011352, 0.0 ], [ -46.177048482162796, -23.612912322400891, 0.0 ], [ -46.177451410608036, -23.613948001890872, 0.0 ], [ -46.177834770303164, -23.615047525115074, 0.0 ], [ -46.178230287541382, -23.616075639059854, 0.0 ], [ -46.178763342028496, -23.616779326268272, 0.0 ], [ -46.179597449547053, -23.61745486839925, 0.0 ], [ -46.180374553506283, -23.617846614987297, 0.0 ], [ -46.181071300595775, -23.617999628399701, 0.0 ], [ -46.187315900636882, -23.618148324727933, 0.0 ], [ -46.188271639081371, -23.618162689550729, 0.0 ], [ -46.189023883398995, -23.618113303585282, 0.0 ], [ -46.189653773168885, -23.617921872027836, 0.0 ], [ -46.191585101907336, -23.616733875585627, 0.0 ], [ -46.192408910813782, -23.616395858877777, 0.0 ], [ -46.193067463295748, -23.61622215339154, 0.0 ], [ -46.194140184366624, -23.616183312068976, 0.0 ], [ -46.194930482790433, -23.616293464918527, 0.0 ], [ -46.195891215604298, -23.616537163610246, 0.0 ], [ -46.196698360132281, -23.616963490059756, 0.0 ], [ -46.198614211738246, -23.618244390526176, 0.0 ], [ -46.199528330080476, -23.61887177732644, 0.0 ], [ -46.200274824371562, -23.619517972795236, 0.0 ], [ -46.200897244319194, -23.62025040658024, 0.0 ], [ -46.201687455231074, -23.621360918573142, 0.0 ], [ -46.202625304358676, -23.622788712019666, 0.0 ], [ -46.203285297033467, -23.623789425581418, 0.0 ], [ -46.203816466171716, -23.624756532841484, 0.0 ], [ -46.204164435473579, -23.625825344232663, 0.0 ], [ -46.204340735607204, -23.626815560203951, 0.0 ], [ -46.204241042946869, -23.628641278882384, 0.0 ], [ -46.204143329246435, -23.629826564730813, 0.0 ], [ -46.203919228191772, -23.632526310265288, 0.0 ], [ -46.203785636910176, -23.633251090662281, 0.0 ], [ -46.203464370980249, -23.633863203283699, 0.0 ], [ -46.203010755303652, -23.634344719074285, 0.0 ], [ -46.201476927302608, -23.635429375885955, 0.0 ], [ -46.201016174813283, -23.636030378764804, 0.0 ], [ -46.200759714712078, -23.636616783161966, 0.0 ], [ -46.200674761982157, -23.637207613999717, 0.0 ], [ -46.200953165767579, -23.638907577061854, 0.0 ], [ -46.201156311726834, -23.640277313532145, 0.0 ], [ -46.201523091476815, -23.642618093190961, 0.0 ], [ -46.201720752720369, -23.644004086019379, 0.0 ], [ -46.201700221652409, -23.644651861994117, 0.0 ], [ -46.201574356812081, -23.645170397375292, 0.0 ], [ -46.201199211140462, -23.646002959225147, 0.0 ], [ -46.200493113937306, -23.646926421924999, 0.0 ], [ -46.199065064221145, -23.648280782480501, 0.0 ], [ -46.198727333587009, -23.64878873564021, 0.0 ], [ -46.198400628014738, -23.649447497275013, 0.0 ], [ -46.19817766584665, -23.650575420499493, 0.0 ], [ -46.198196934897268, -23.65123758151281, 0.0 ], [ -46.198388470512697, -23.651891825424002, 0.0 ], [ -46.198722292543479, -23.652586234935281, 0.0 ], [ -46.199644276218145, -23.653880319221162, 0.0 ], [ -46.201452526985904, -23.656309663334579, 0.0 ], [ -46.202398468948019, -23.657596877679374, 0.0 ] ] } },
{ "type": "Feature", "properties": { "Rodovia": "SP 102", "TipoRodovi": "Eixo", "Orientacao": "Radial", "Origem": "Estadual", "Municipio": "Mogi das Cruzes", "CodRegiona": "DR 10", "SedeRegion": "São Paulo", "KmInicial": 78.45, "KmFinal": 81.15, "Extensao": 2.7, "DescricaoI": "Distrito Taiaçupeba", "DescricaoF": "Mogi das Cruzes Perímetro Urbano (B) / Entroncamento SP 043 (km 81)", "Jurisdicao": "Estadual", "Administra": "DER", "Conservado": "10.04", "TipoPista": "PAV", "Sobreposic": null, "Subposicao": null, "PerimetroU": "Nã", "DataInicio": null, "DataFimCon": null, "EstadualCo": "Nã", "Denominaca": "Prefeito Francisco Ribeiro Nogueira", "Legislacao": "Lei 9.272 de 19/12/95", "TPUso": null, "TransfMuni": null, "Subtrecho": "102SPE6384" }, "geometry": { "type": "LineString", "coordinates": [ [ -46.202398468948019, -23.657596877679374, 0.0 ], [ -46.202874364565155, -23.658244456192566, 0.0 ], [ -46.204295006734554, -23.660199857226548, 0.0 ], [ -46.206376028751698, -23.662985809051307, 0.0 ], [ -46.207159098952204, -23.664033261502347, 0.0 ], [ -46.208629427938178, -23.66599112374686, 0.0 ], [ -46.209745177579322, -23.667526293488109, 0.0 ], [ -46.209918487113328, -23.66795646526025, 0.0 ], [ -46.21001055199855, -23.66830819012808, 0.0 ], [ -46.209956239499164, -23.668991489070748, 0.0 ], [ -46.209617995097119, -23.669734983553059, 0.0 ], [ -46.209269580095246, -23.670573023398958, 0.0 ], [ -46.209094846746488, -23.671304025535676, 0.0 ], [ -46.20910453437385, -23.671899601115328, 0.0 ], [ -46.209231862640159, -23.672418396564357, 0.0 ], [ -46.20970676248853, -23.673326478783132, 0.0 ], [ -46.210193207206522, -23.674040899438491, 0.0 ], [ -46.210608358830704, -23.674813760570153, 0.0 ], [ -46.210761924279559, -23.675499168093804, 0.0 ], [ -46.210824513022757, -23.676572625915426, 0.0 ], [ -46.210596738192976, -23.677358836273342, 0.0 ], [ -46.210196716880958, -23.678000070105831, 0.0 ], [ -46.209787080198076, -23.678506647601001, 0.0 ] ] } },
{ "type": "Feature", "properties": { "Rodovia": "SP 102", "TipoRodovi": "Eixo", "Orientacao": "Radial", "Origem": "Estadual", "Municipio": "Mogi das Cruzes", "CodRegiona": "DR 10", "SedeRegion": "São Paulo", "KmInicial": 81.15, "KmFinal": 86.0, "Extensao": 4.85, "DescricaoI": "Mogi das Cruzes Perímetro Urbano (B)  / Entroncamento SP 043 (km 81)", "DescricaoF": "Divisa Municipal Mogi das Cruzes / Bertioga", "Jurisdicao": "Estadual", "Administra": "DER", "Conservado": "10.04", "TipoPista": "IMP", "Sobreposic": null, "Subposicao": null, "PerimetroU": "Nã", "DataInicio": null, "DataFimCon": null, "EstadualCo": "Nã", "Denominaca": "Prefeito Francisco Ribeiro Nogueira", "Legislacao": "Lei 9.272 de 19/12/95", "TPUso": null, "TransfMuni": null, "Subtrecho": "102SPE6383" }, "geometry": { "type": "LineString", "coordinates": [ [ -46.209787080198076, -23.678506647601001, 0.0 ], [ -46.208597048950381, -23.679315733481577, 0.0 ], [ -46.207732376775269, -23.679573580016246, 0.0 ], [ -46.206883747701866, -23.679648772219608, 0.0 ], [ -46.206110788496595, -23.679577219042176, 0.0 ], [ -46.205185366965495, -23.679300487377983, 0.0 ], [ -46.202804379247389, -23.678315986616933, 0.0 ], [ -46.200446571261573, -23.677374957943677, 0.0 ], [ -46.196224141783979, -23.675682102573742, 0.0 ], [ -46.194991726528485, -23.675117151138295, 0.0 ], [ -46.191995888776496, -23.673485575567646, 0.0 ], [ -46.191138012729112, -23.67311338157517, 0.0 ], [ -46.189832028410486, -23.672488272224296, 0.0 ], [ -46.189487400501811, -23.672226427439661, 0.0 ], [ -46.18814726222589, -23.671938378220982, 0.0 ], [ -46.187350537528232, -23.671525705101441, 0.0 ], [ -46.186962902585641, -23.671373522928803, 0.0 ], [ -46.185783035182574, -23.672809830047381, 0.0 ], [ -46.184435117570978, -23.675774693566776, 0.0 ], [ -46.184206583257733, -23.67702891636241, 0.0 ], [ -46.184002496500639, -23.678066985900028, 0.0 ], [ -46.184180622851699, -23.679257443663502, 0.0 ], [ -46.184446969958302, -23.680255976368347, 0.0 ], [ -46.185183921198124, -23.68114837178382, 0.0 ], [ -46.18545666561765, -23.68261703522198, 0.0 ], [ -46.186248969597735, -23.684059147768181, 0.0 ], [ -46.18755574747702, -23.686137081223176, 0.0 ], [ -46.188478633575002, -23.687193056741918, 0.0 ], [ -46.189462192491554, -23.688285814044498, 0.0 ], [ -46.190204799856446, -23.690695843668799, 0.0 ], [ -46.19245141276366, -23.693928873522385, 0.0 ], [ -46.193612348716556, -23.694998834074827, 0.0 ], [ -46.19393657433131, -23.695476209852551, 0.0 ], [ -46.193596191230952, -23.696251607121813, 0.0 ], [ -46.192901807209594, -23.696960930632955, 0.0 ], [ -46.192727996548548, -23.69713848982191, 0.0 ], [ -46.19260932990661, -23.698420212249307, 0.0 ], [ -46.193244402174791, -23.699269458671825, 0.0 ], [ -46.192983355574967, -23.701185740668727, 0.0 ], [ -46.191947841040836, -23.702138664894868, 0.0 ], [ -46.191214251248191, -23.702518350771889, 0.0 ], [ -46.190859212250778, -23.703737280366102, 0.0 ], [ -46.189232548578467, -23.704676967498145, 0.0 ], [ -46.188949711347313, -23.705140347766239, 0.0 ], [ -46.187919880636542, -23.706834695467542, 0.0 ], [ -46.187622083559667, -23.710269665909941, 0.0 ], [ -46.186958329048032, -23.711021022925177, 0.0 ], [ -46.18586289718786, -23.711463572350567, 0.0 ], [ -46.185467477824481, -23.712011985477091, 0.0 ], [ -46.18513358746462, -23.713161372979993, 0.0 ], [ -46.184898009183385, -23.714227026384258, 0.0 ], [ -46.183284981619991, -23.714984904768642, 0.0 ], [ -46.182980110614729, -23.71552538840356, 0.0 ], [ -46.182951057016801, -23.7161342707541, 0.0 ], [ -46.183683998139095, -23.718973844866692, 0.0 ], [ -46.182598489788141, -23.721763081403306, 0.0 ], [ -46.182620445027602, -23.721840949313709, 0.0 ], [ -46.182696974390467, -23.722112402679041, 0.0 ], [ -46.184223799830136, -23.724224634392666, 0.0 ], [ -46.18434043537809, -23.724520315959069, 0.0 ], [ -46.185297289324396, -23.728356546669222, 0.0 ], [ -46.185400561000868, -23.730243909801207, 0.0 ], [ -46.185739532095297, -23.731671298785812, 0.0 ], [ -46.185656574948823, -23.732074151521296, 0.0 ], [ -46.183977148223256, -23.73387202861618, 0.0 ], [ -46.183041346693457, -23.73372010187542, 0.0 ], [ -46.181872728133165, -23.732412915158054, 0.0 ], [ -46.180833084167325, -23.731640274299245, 0.0 ], [ -46.179537421442951, -23.731624240163434, 0.0 ], [ -46.178091855238492, -23.730936692934648, 0.0 ], [ -46.175348758100967, -23.730342604677329, 0.0 ], [ -46.174847969269656, -23.730407313416435, 0.0 ], [ -46.17371263874297, -23.731335728698408, 0.0 ], [ -46.173168503476781, -23.731335295450148, 0.0 ], [ -46.170758009589825, -23.732721119008726, 0.0 ] ] } },
{ "type": "Feature", "properties": { "Rodovia": "SP 039", "TipoRodovi": "Eixo", "Orientacao": "Transversal", "Origem": "Estadual", "Municipio": "Mogi das Cruzes", "CodRegiona": "DR 10", "SedeRegion": "São Paulo", "KmInicial": 45.4, "KmFinal": 62.1, "Extensao": 16.7, "DescricaoI": "Entroncamento SP 066 (km 45,4) (Jundiapeba) Perímetro Urbano (B)", "DescricaoF": "Entroncamento SP 043 (km 76) (Taiaçupeba)", "Jurisdicao": "Estadual", "Administra": "DER", "Conservado": "10.04", "TipoPista": "PAV", "Sobreposic": null, "Subposicao": null, "PerimetroU": "Nã", "DataInicio": null, "DataFimCon": null, "EstadualCo": "Nã", "Denominaca": "Engenheiro Cândido do Rego Chaves", "Legislacao": "Lei 6.917 de 26/06/90", "TPUso": null, "TransfMuni": null, "Subtrecho": "039SPE7678" }, "geometry": { "type": "LineString", "coordinates": [ [ -46.25806745392137, -23.543982137646065, 0.0 ], [ -46.255158180618061, -23.571551571970648, 0.0 ], [ -46.255064982946365, -23.572404336743869, 0.0 ], [ -46.255200121056774, -23.573436522267443, 0.0 ], [ -46.255239213572416, -23.574850622379746, 0.0 ], [ -46.255160579001931, -23.581957089361875, 0.0 ], [ -46.255157212757631, -23.5822604104061, 0.0 ], [ -46.255276297668999, -23.582837891783242, 0.0 ], [ -46.255443428626883, -23.583328092905951, 0.0 ], [ -46.25641279177821, -23.585589591744668, 0.0 ], [ -46.256378336452599, -23.589079080073908, 0.0 ], [ -46.255846146363929, -23.590924483722549, 0.0 ], [ -46.252649091937791, -23.594330084259411, 0.0 ], [ -46.252265017992507, -23.595022736166431, 0.0 ], [ -46.252045082632065, -23.59584120017124, 0.0 ], [ -46.252057309679223, -23.596671167495217, 0.0 ], [ -46.252289981307328, -23.597399984875718, 0.0 ], [ -46.252631637918419, -23.597943667818047, 0.0 ], [ -46.254847109834962, -23.601309249032663, 0.0 ], [ -46.255397692817439, -23.602569365947229, 0.0 ], [ -46.255570119951742, -23.603592200547283, 0.0 ], [ -46.255070292018196, -23.611945163923242, 0.0 ], [ -46.255156823671911, -23.612554670739939, 0.0 ], [ -46.257816757730225, -23.617113510234077, 0.0 ], [ -46.258032126386659, -23.617617318214005, 0.0 ], [ -46.25816870353983, -23.618106015805537, 0.0 ], [ -46.258194808920457, -23.618908666604135, 0.0 ], [ -46.257730663662052, -23.625100345399929, 0.0 ], [ -46.256453813198497, -23.630934518437396, 0.0 ], [ -46.253198559337626, -23.634454238066297, 0.0 ], [ -46.252889800410472, -23.635043090711473, 0.0 ], [ -46.252672175265836, -23.635840870615212, 0.0 ], [ -46.252490989999863, -23.63753062496529, 0.0 ], [ -46.252297861317551, -23.638188677243033, 0.0 ], [ -46.25168466401626, -23.638951985683441, 0.0 ], [ -46.251023057759241, -23.639522900858992, 0.0 ], [ -46.24788525257123, -23.643565240485202, 0.0 ], [ -46.238570375197718, -23.649225427443621, 0.0 ], [ -46.237942403002563, -23.649940310388075, 0.0 ], [ -46.237678223153367, -23.65030563335857, 0.0 ], [ -46.237563847273869, -23.650737876835851, 0.0 ], [ -46.237523526689159, -23.651417094087808, 0.0 ], [ -46.23747734830296, -23.652593424505461, 0.0 ], [ -46.235798056243219, -23.660907110510433, 0.0 ], [ -46.234933582643336, -23.663109496017203, 0.0 ], [ -46.234108639070051, -23.66448397377572, 0.0 ], [ -46.233132718200316, -23.666109921055391, 0.0 ], [ -46.232424488548766, -23.666808085745117, 0.0 ], [ -46.231860059367115, -23.667766851707778, 0.0 ], [ -46.231020596208246, -23.668587895187827, 0.0 ], [ -46.229813252209311, -23.669244999866155, 0.0 ], [ -46.229406996012216, -23.669726289922686, 0.0 ], [ -46.228961851793656, -23.670464488234117, 0.0 ], [ -46.228177798437081, -23.670948525035438, 0.0 ], [ -46.226656193502905, -23.671234019589178, 0.0 ], [ -46.225891005290684, -23.672689669713304, 0.0 ], [ -46.224323512840179, -23.673150805423891, 0.0 ], [ -46.222699769215062, -23.673862587480254, 0.0 ], [ -46.221832904528952, -23.674547372730316, 0.0 ], [ -46.220470237682918, -23.675234386625529, 0.0 ], [ -46.219259158334147, -23.676150052113389, 0.0 ], [ -46.219040281744938, -23.677050484806664, 0.0 ], [ -46.218288268980011, -23.677886579327218, 0.0 ], [ -46.218098983311357, -23.678389426970455, 0.0 ], [ -46.216835303890058, -23.679097522809396, 0.0 ], [ -46.216075375493055, -23.679771556607701, 0.0 ], [ -46.215404841175243, -23.679732561904423, 0.0 ], [ -46.215199793451369, -23.679905673586916, 0.0 ], [ -46.215151255386701, -23.680323876446305, 0.0 ] ] } },
{ "type": "Feature", "properties": { "Rodovia": "SP 043", "TipoRodovi": "Eixo", "Orientacao": "Transversal", "Origem": "Estadual", "Municipio": "Mogi das Cruzes", "CodRegiona": "DR 10", "SedeRegion": "São Paulo", "KmInicial": 65.5, "KmFinal": 72.0, "Extensao": 6.5, "DescricaoI": "Divisa Municipal Suzano / Moji das Cruzes", "DescricaoF": "Quatinga Perímetro Urbano (A)", "Jurisdicao": "Estadual", "Administra": "DER", "Conservado": "10.04", "TipoPista": "IMP", "Sobreposic": null, "Subposicao": null, "PerimetroU": "Nã", "DataInicio": null, "DataFimCon": null, "EstadualCo": "Nã", "Denominaca": "s/d", "Legislacao": null, "TPUso": null, "TransfMuni": null, "Subtrecho": "043SPE9337" }, "geometry": { "type": "LineString", "coordinates": [ [ -46.28609826428773, -23.696824178867072, 0.0 ], [ -46.279257830658445, -23.698136303246194, 0.0 ], [ -46.279087993404389, -23.697976999949958, 0.0 ], [ -46.279093867621093, -23.696921072463962, 0.0 ], [ -46.278649828821663, -23.696213607286712, 0.0 ], [ -46.276883286065008, -23.696091590295513, 0.0 ], [ -46.276446073838919, -23.69670365956782, 0.0 ], [ -46.276035075917711, -23.697175549919688, 0.0 ], [ -46.275310165013479, -23.697324207427272, 0.0 ], [ -46.274539670239974, -23.69687215359513, 0.0 ], [ -46.272090192987484, -23.696046615846708, 0.0 ], [ -46.270169368478051, -23.696357288630949, 0.0 ], [ -46.270004291024762, -23.697323001229847, 0.0 ], [ -46.27063188202942, -23.698806156091472, 0.0 ], [ -46.270877969138908, -23.698973250566436, 0.0 ], [ -46.270925787582627, -23.699253931964023, 0.0 ], [ -46.270467304550138, -23.699287349583162, 0.0 ], [ -46.269911477772887, -23.699354270792259, 0.0 ], [ -46.269670055378384, -23.699863820609586, 0.0 ], [ -46.269345895303083, -23.699989834871751, 0.0 ], [ -46.267781065992175, -23.699305165041057, 0.0 ], [ -46.267136444426711, -23.699023114554205, 0.0 ], [ -46.265391811298365, -23.697717642206396, 0.0 ], [ -46.263360904300697, -23.697230732691416, 0.0 ], [ -46.26281378433719, -23.697662081918239, 0.0 ], [ -46.263042118726865, -23.698264639150789, 0.0 ], [ -46.262898466602408, -23.698812586379372, 0.0 ], [ -46.26280322832104, -23.699175826440058, 0.0 ], [ -46.262484024757931, -23.699666862224529, 0.0 ], [ -46.261324105963674, -23.700067804920302, 0.0 ], [ -46.26103495707666, -23.700493693075824, 0.0 ], [ -46.259965004857712, -23.700500894321824, 0.0 ], [ -46.259853735862428, -23.700929736633096, 0.0 ], [ -46.259163424683436, -23.700991974987737, 0.0 ], [ -46.258426729161975, -23.700834718328956, 0.0 ], [ -46.257182833116715, -23.699656845265139, 0.0 ], [ -46.256151762956605, -23.699231579254075, 0.0 ], [ -46.254786672202719, -23.699205974391194, 0.0 ], [ -46.254395500075915, -23.699011584801333, 0.0 ], [ -46.254158524208897, -23.698999807640313, 0.0 ], [ -46.253830780685142, -23.699182606498209, 0.0 ], [ -46.253787461667358, -23.699578619225594, 0.0 ], [ -46.253664330435562, -23.699650924429584, 0.0 ], [ -46.253506909253502, -23.699522447118422, 0.0 ], [ -46.253488129145261, -23.699171605636614, 0.0 ], [ -46.253341725904818, -23.699079864781456, 0.0 ], [ -46.253107410127484, -23.699134583787597, 0.0 ], [ -46.252861871560889, -23.69926716906128, 0.0 ], [ -46.252660313689006, -23.699214913543074, 0.0 ], [ -46.25259826034651, -23.699036879931182, 0.0 ], [ -46.252908051551508, -23.698823032737291, 0.0 ], [ -46.252924989630564, -23.69864892494585, 0.0 ], [ -46.252760634229467, -23.698526123594764, 0.0 ], [ -46.252671185835226, -23.698533952342743, 0.0 ], [ -46.252408904335994, -23.698556906998348, 0.0 ], [ -46.252114423978966, -23.698735315738553, 0.0 ], [ -46.251944503809959, -23.698817363222521, 0.0 ], [ -46.251737427945372, -23.698746742539107, 0.0 ], [ -46.251593387377774, -23.698504297248743, 0.0 ], [ -46.25139611742793, -23.698379867302016, 0.0 ], [ -46.251051472420315, -23.698513552996836, 0.0 ], [ -46.250879539756227, -23.698389251677856, 0.0 ], [ -46.250658571353249, -23.698126021734048, 0.0 ], [ -46.25036149182187, -23.698014727640246, 0.0 ], [ -46.250158316841059, -23.698093709867234, 0.0 ], [ -46.249957407275488, -23.698307796964034, 0.0 ], [ -46.249838473677137, -23.698475557350005, 0.0 ], [ -46.249394710158235, -23.698759446070007, 0.0 ], [ -46.249230693380568, -23.69884308402748, 0.0 ], [ -46.24901438098032, -23.69882085026596, 0.0 ], [ -46.247576062170104, -23.697881152746422, 0.0 ], [ -46.245167277827839, -23.695665511527121, 0.0 ], [ -46.244986064261013, -23.695618665885288, 0.0 ] ] } },
{ "type": "Feature", "properties": { "Rodovia": "SP 043", "TipoRodovi": "Eixo", "Orientacao": "Transversal", "Origem": "Estadual", "Municipio": "Mogi das Cruzes", "CodRegiona": "DR 10", "SedeRegion": "São Paulo", "KmInicial": 72.0, "KmFinal": 73.5, "Extensao": 1.5, "DescricaoI": "Quatinga Perímetro Urbano (A)", "DescricaoF": "Quatinga Perímetro Urbano (B)", "Jurisdicao": "Estadual", "Administra": "DER", "Conservado": "10.04", "TipoPista": "IMP", "Sobreposic": null, "Subposicao": null, "PerimetroU": "Sim", "DataInicio": null, "DataFimCon": null, "EstadualCo": "Nã", "Denominaca": "s/d", "Legislacao": null, "TPUso": null, "TransfMuni": null, "Subtrecho": "043SPE4482" }, "geometry": { "type": "LineString", "coordinates": [ [ -46.244986064261013, -23.695618665885288, 0.0 ], [ -46.244837521956718, -23.6955802642645, 0.0 ], [ -46.244626157098246, -23.695615645509815, 0.0 ], [ -46.242749133229424, -23.69748036926482, 0.0 ], [ -46.242108088490653, -23.697773545877634, 0.0 ], [ -46.241533860266365, -23.697576684786966, 0.0 ], [ -46.241502646677603, -23.697553847020504, 0.0 ], [ -46.240378772763641, -23.696731349010744, 0.0 ], [ -46.239489803605437, -23.696407907074846, 0.0 ], [ -46.236776464780711, -23.696429596157987, 0.0 ], [ -46.236316410199919, -23.696142798104027, 0.0 ], [ -46.236264354387316, -23.696044894778098, 0.0 ], [ -46.235936245827425, -23.695427816948545, 0.0 ], [ -46.234701459272792, -23.694937971232211, 0.0 ], [ -46.233628274500326, -23.695048377209162, 0.0 ], [ -46.232982430456978, -23.695605635076859, 0.0 ], [ -46.232471177002679, -23.695488914763253, 0.0 ], [ -46.231499602507036, -23.695578607315802, 0.0 ], [ -46.230248323228707, -23.695424989157637, 0.0 ], [ -46.229528016342883, -23.69609937244304, 0.0 ], [ -46.229122812340002, -23.696875777196734, 0.0 ], [ -46.228185960518545, -23.69651831477529, 0.0 ], [ -46.228177780075129, -23.695309818087352, 0.0 ] ] } },
{ "type": "Feature", "properties": { "Rodovia": "SP 043", "TipoRodovi": "Eixo", "Orientacao": "Transversal", "Origem": "Estadual", "Municipio": "Mogi das Cruzes", "CodRegiona": "DR 10", "SedeRegion": "São Paulo", "KmInicial": 73.5, "KmFinal": 76.3, "Extensao": 2.8, "DescricaoI": "Quatinga Perímetro Urbano (B)", "DescricaoF": "Entroncamento SP 039 (km 62)", "Jurisdicao": "Estadual", "Administra": "DER", "Conservado": "10.04", "TipoPista": "IMP", "Sobreposic": null, "Subposicao": null, "PerimetroU": "Nã", "DataInicio": null, "DataFimCon": null, "EstadualCo": "Nã", "Denominaca": "s/d", "Legislacao": null, "TPUso": null, "TransfMuni": null, "Subtrecho": "043SPE2637" }, "geometry": { "type": "LineString", "coordinates": [ [ -46.228177780075129, -23.695309818087352, 0.0 ], [ -46.228167503665247, -23.693792170372188, 0.0 ], [ -46.227532876486976, -23.691726032676161, 0.0 ], [ -46.227275224642206, -23.691372679589595, 0.0 ], [ -46.225871609952222, -23.690197807382589, 0.0 ], [ -46.225814585433582, -23.690022328583115, 0.0 ], [ -46.225808334878081, -23.689674277317639, 0.0 ], [ -46.224848852595073, -23.688198510744204, 0.0 ], [ -46.224280101719074, -23.687817771017247, 0.0 ], [ -46.22411429885971, -23.687537754266312, 0.0 ], [ -46.223510564431002, -23.685759768937846, 0.0 ], [ -46.222889343658608, -23.685296454462826, 0.0 ], [ -46.222161416300899, -23.684809288009234, 0.0 ], [ -46.221741424696752, -23.684825396500042, 0.0 ], [ -46.221360902982745, -23.684973172332377, 0.0 ], [ -46.219868984573822, -23.686078387070488, 0.0 ], [ -46.218735277594739, -23.687182939762728, 0.0 ], [ -46.218632388068329, -23.687548374771641, 0.0 ], [ -46.218485507524967, -23.687744858035, 0.0 ], [ -46.218268158994739, -23.687876066017733, 0.0 ], [ -46.217955854985924, -23.687786364928304, 0.0 ], [ -46.217653455189485, -23.687530401926217, 0.0 ], [ -46.215503579054662, -23.68720074331171, 0.0 ], [ -46.214591375598673, -23.686290537985975, 0.0 ], [ -46.214774503994271, -23.685373261438329, 0.0 ], [ -46.215015585408793, -23.684730630064426, 0.0 ], [ -46.215054723600097, -23.683620879981397, 0.0 ], [ -46.214830270182098, -23.683418209408206, 0.0 ], [ -46.214714226437486, -23.683097433505058, 0.0 ], [ -46.215047931095619, -23.682601479918031, 0.0 ], [ -46.215098516283732, -23.682319896721644, 0.0 ], [ -46.214975475707845, -23.681776431615233, 0.0 ], [ -46.215012906057602, -23.680808649870585, 0.0 ], [ -46.215187716128014, -23.680483864707242, 0.0 ], [ -46.215151255386701, -23.680323876446305, 0.0 ] ] } },
{ "type": "Feature", "properties": { "Rodovia": "SP 043", "TipoRodovi": "Eixo", "Orientacao": "Transversal", "Origem": "Estadual", "Municipio": "Mogi das Cruzes", "CodRegiona": "DR 10", "SedeRegion": "São Paulo", "KmInicial": 76.3, "KmFinal": 81.15, "Extensao": 4.85, "DescricaoI": "Entroncamento SP 039 (km 62)", "DescricaoF": "Entroncamento SP 102 (km 81) (Taiaçupeba)", "Jurisdicao": "Estadual", "Administra": "DER", "Conservado": "10.04", "TipoPista": "IMP", "Sobreposic": null, "Subposicao": null, "PerimetroU": "Nã", "DataInicio": null, "DataFimCon": null, "EstadualCo": "Nã", "Denominaca": "s/d", "Legislacao": null, "TPUso": null, "TransfMuni": null, "Subtrecho": "043SPE8620" }, "geometry": { "type": "LineString", "coordinates": [ [ -46.215151255386701, -23.680323876446305, 0.0 ], [ -46.21469948755459, -23.680397735413532, 0.0 ], [ -46.214130904561756, -23.680412581278272, 0.0 ], [ -46.213785853627151, -23.680221646552329, 0.0 ], [ -46.21346422416832, -23.67990026193246, 0.0 ], [ -46.213205419362545, -23.679671792546319, 0.0 ], [ -46.212710573942729, -23.679637592779113, 0.0 ], [ -46.212416924459276, -23.679577888202822, 0.0 ], [ -46.2121106298641, -23.679444255731138, 0.0 ], [ -46.211951758138227, -23.67925596561394, 0.0 ], [ -46.211848929425386, -23.678982569997061, 0.0 ], [ -46.211598552489221, -23.678785546892115, 0.0 ], [ -46.21122156412747, -23.678763777884669, 0.0 ], [ -46.210868324816609, -23.678798294482881, 0.0 ], [ -46.210042118122963, -23.678866917739406, 0.0 ], [ -46.209787080198076, -23.678506647601001, 0.0 ] ] } },
{ "type": "Feature", "properties": { "Rodovia": "SP 066", "TipoRodovi": "Eixo", "Orientacao": "Radial", "Origem": "Estadual", "Municipio": "Mogi das Cruzes", "CodRegiona": "DR 10", "SedeRegion": "São Paulo", "KmInicial": 42.9, "KmFinal": 45.4, "Extensao": 2.5, "DescricaoI": "Divisa Municipal Suzano / Mogi das Cruzes", "DescricaoF": "Entroncamento SP 039 (km 45,4)", "Jurisdicao": "Estadual", "Administra": "Prefeitura", "Conservado": "Prefeitura", "TipoPista": "DUP", "Sobreposic": null, "Subposicao": null, "PerimetroU": "Nã", "DataInicio": null, "DataFimCon": null, "EstadualCo": "Nã", "Denominaca": "Henrique Eroles", "Legislacao": "Lei 5.557 de 26/01/87", "TPUso": "TPU 001/2000", "TransfMuni": null, "Subtrecho": "066SPE8761" }, "geometry": { "type": "LineString", "coordinates": [ [ -46.271112253605018, -23.541256558993609, 0.0 ], [ -46.269841500246287, -23.541583654158575, 0.0 ], [ -46.269780871739151, -23.541590613429765, 0.0 ], [ -46.268297411727538, -23.541773055362196, 0.0 ], [ -46.266065813866589, -23.542629303392197, 0.0 ], [ -46.263126973505187, -23.543199055252035, 0.0 ], [ -46.25806745392137, -23.543982137646065, 0.0 ] ] } },
{ "type": "Feature", "properties": { "Rodovia": "SP 066", "TipoRodovi": "Eixo", "Orientacao": "Radial", "Origem": "Estadual", "Municipio": "Mogi das Cruzes", "CodRegiona": "DR 10", "SedeRegion": "São Paulo", "KmInicial": 45.4, "KmFinal": 52.8, "Extensao": 7.4, "DescricaoI": "Entroncamento SP 039 (km 45,4)", "DescricaoF": "Entroncamento SP 098 (km 53) / Mogi das Cruzes Perímetro Urbano (A)", "Jurisdicao": "Estadual", "Administra": "Prefeitura", "Conservado": "Prefeitura", "TipoPista": "DUP", "Sobreposic": null, "Subposicao": null, "PerimetroU": "Nã", "DataInicio": null, "DataFimCon": null, "EstadualCo": "Nã", "Denominaca": "Henrique Eroles", "Legislacao": "Lei 5.557 de 26/01/87", "TPUso": "TPU 001/2000", "TransfMuni": null, "Subtrecho": "066SPE7622" }, "geometry": { "type": "LineString", "coordinates": [ [ -46.25806745392137, -23.543982137646065, 0.0 ], [ -46.254606659309331, -23.544464639441532, 0.0 ], [ -46.249373683218408, -23.545287817860988, 0.0 ], [ -46.248847782497577, -23.545298358196145, 0.0 ], [ -46.248506955267622, -23.545171796285327, 0.0 ], [ -46.246351825588278, -23.543957741835534, 0.0 ], [ -46.245674502511164, -23.543631704143252, 0.0 ], [ -46.24357189378496, -23.54259260055187, 0.0 ], [ -46.242746109043665, -23.542363663863227, 0.0 ], [ -46.241874635675075, -23.54223171025258, 0.0 ], [ -46.23916622050573, -23.542170677355927, 0.0 ], [ -46.238205666488653, -23.541903700718194, 0.0 ], [ -46.236572278079862, -23.541525025156968, 0.0 ], [ -46.234345154767922, -23.541628798259861, 0.0 ], [ -46.233675251098177, -23.541564245946493, 0.0 ], [ -46.231846787696853, -23.541008709678888, 0.0 ], [ -46.23075747489748, -23.540505480774677, 0.0 ], [ -46.229839251612788, -23.540198771818726, 0.0 ], [ -46.22897196577226, -23.539899807275685, 0.0 ], [ -46.227669760258337, -23.538748754219402, 0.0 ], [ -46.226797721293394, -23.538240618049397, 0.0 ], [ -46.224764848881975, -23.537763666282757, 0.0 ], [ -46.222262322891062, -23.536636589980461, 0.0 ], [ -46.22143600107011, -23.536224714505938, 0.0 ], [ -46.220465244438856, -23.535686805080264, 0.0 ], [ -46.220408315515002, -23.535646141224923, 0.0 ], [ -46.219546163969447, -23.535164576188123, 0.0 ], [ -46.21817324945652, -23.534758770709196, 0.0 ], [ -46.215653759400269, -23.534220781696156, 0.0 ], [ -46.215346783556214, -23.534156129323147, 0.0 ], [ -46.214889655101686, -23.534051616653624, 0.0 ], [ -46.214310960312808, -23.533941062455845, 0.0 ], [ -46.213434230987829, -23.533798738353088, 0.0 ], [ -46.210894888001391, -23.533256214035994, 0.0 ], [ -46.209167671243179, -23.532894897347894, 0.0 ], [ -46.207956997233616, -23.531431513664987, 0.0 ], [ -46.207151546886614, -23.530484232779362, 0.0 ], [ -46.206654893374036, -23.529812575424032, 0.0 ], [ -46.204938039671099, -23.527786317629204, 0.0 ], [ -46.203216647879024, -23.525700330892224, 0.0 ], [ -46.202967866586377, -23.525509487609341, 0.0 ], [ -46.200975230616578, -23.52512034268705, 0.0 ], [ -46.197194106076864, -23.524463679566924, 0.0 ], [ -46.195667128526779, -23.524172014372613, 0.0 ], [ -46.19462922047088, -23.523993918142789, 0.0 ], [ -46.1926158894276, -23.523576919676866, 0.0 ] ] } },
{ "type": "Feature", "properties": { "Rodovia": "SP 066", "TipoRodovi": "Eixo", "Orientacao": "Radial", "Origem": "Estadual", "Municipio": "Mogi das Cruzes", "CodRegiona": "DR 10", "SedeRegion": "São Paulo", "KmInicial": 52.8, "KmFinal": 53.0, "Extensao": 0.2, "DescricaoI": "Entroncamento SP 098 (km 53) / Mogi das Cruzes Perímetro Urbano (A)", "DescricaoF": "Entroncamento SP 088 (km 52,1)", "Jurisdicao": "Estadual", "Administra": "Prefeitura", "Conservado": "Prefeitura", "TipoPista": "DUP", "Sobreposic": null, "Subposicao": null, "PerimetroU": "Nã", "DataInicio": null, "DataFimCon": null, "EstadualCo": "Nã", "Denominaca": "Henrique Eroles", "Legislacao": "Lei 5.557 de 26/01/87", "TPUso": "TPU 001/2000", "TransfMuni": null, "Subtrecho": "066SPE3781" }, "geometry": { "type": "LineString", "coordinates": [ [ -46.1926158894276, -23.523576919676866, 0.0 ], [ -46.192282760191162, -23.523507920734804, 0.0 ], [ -46.190666896844469, -23.523237181548385, 0.0 ], [ -46.189616963120571, -23.523192678423417, 0.0 ], [ -46.189578208690563, -23.523074755478468, 0.0 ], [ -46.189462009232372, -23.522859420967279, 0.0 ], [ -46.189408153873138, -23.522787695598399, 0.0 ], [ -46.188988583403336, -23.522764272564238, 0.0 ], [ -46.188227297454425, -23.522723003279324, 0.0 ], [ -46.187649276827095, -23.522663243553374, 0.0 ], [ -46.187230071708385, -23.522633428135805, 0.0 ], [ -46.187375645564977, -23.521828402715883, 0.0 ], [ -46.187520627025179, -23.52053614265364, 0.0 ] ] } },
{ "type": "Feature", "properties": { "Rodovia": "SP 066", "TipoRodovi": "Eixo", "Orientacao": "Radial", "Origem": "Estadual", "Municipio": "Mogi das Cruzes", "CodRegiona": "DR 10", "SedeRegion": "São Paulo", "KmInicial": 53.0, "KmFinal": 57.0, "Extensao": 4.0, "DescricaoI": "Entroncamento SP 088 (km 52,1)", "DescricaoF": "Mogi das Cruzes Perímetro Urbano (B)", "Jurisdicao": "Estadual", "Administra": "Prefeitura", "Conservado": "Prefeitura", "TipoPista": "PAV", "Sobreposic": null, "Subposicao": null, "PerimetroU": "Nã", "DataInicio": null, "DataFimCon": null, "EstadualCo": "Nã", "Denominaca": "Henrique Eroles", "Legislacao": "Lei 5.557 de 26/01/87", "TPUso": "TPU 001/2000", "TransfMuni": null, "Subtrecho": "066SPE4175" }, "geometry": { "type": "LineString", "coordinates": [ [ -46.187520627025179, -23.52053614265364, 0.0 ], [ -46.187645991820766, -23.519330608966825, 0.0 ], [ -46.187722690899712, -23.517244426259282, 0.0 ], [ -46.18789138950843, -23.516784186953867, 0.0 ], [ -46.188410323429473, -23.515806166471918, 0.0 ], [ -46.191602895914279, -23.509096906182048, 0.0 ], [ -46.191644427854136, -23.508937354310444, 0.0 ], [ -46.191919855458039, -23.507850312938668, 0.0 ], [ -46.192157730674104, -23.507011809451839, 0.0 ], [ -46.192499816896962, -23.505954169418654, 0.0 ], [ -46.19260548458719, -23.505422094458858, 0.0 ], [ -46.192790734342374, -23.504893979704935, 0.0 ], [ -46.193232896195816, -23.503251220367446, 0.0 ], [ -46.19337214600791, -23.503099249330234, 0.0 ], [ -46.193463346017985, -23.502646160069268, 0.0 ], [ -46.191806618983115, -23.50251624715527, 0.0 ], [ -46.191244584306887, -23.502476920035683, 0.0 ], [ -46.190971349307461, -23.502378190472175, 0.0 ], [ -46.190748785555414, -23.502157136737431, 0.0 ], [ -46.189744963938345, -23.500873383409555, 0.0 ], [ -46.189041601121872, -23.499758013297331, 0.0 ], [ -46.188618823563431, -23.499510285079424, 0.0 ], [ -46.187205079252969, -23.499534413246526, 0.0 ], [ -46.186012125796346, -23.499033577348683, 0.0 ], [ -46.184758111096976, -23.498934327322349, 0.0 ], [ -46.178919635883439, -23.500851037360484, 0.0 ], [ -46.178145273381944, -23.50110522672091, 0.0 ], [ -46.177113226125066, -23.501081576891391, 0.0 ], [ -46.1711890562325, -23.499630479396274, 0.0 ], [ -46.17017839415378, -23.499544155217389, 0.0 ], [ -46.168393307034826, -23.500105675125411, 0.0 ] ] } },
{ "type": "Feature", "properties": { "Rodovia": "SP 066", "TipoRodovi": "Eixo", "Orientacao": "Radial", "Origem": "Estadual", "Municipio": "Mogi das Cruzes", "CodRegiona": "DR 10", "SedeRegion": "São Paulo", "KmInicial": 57.0, "KmFinal": 60.9, "Extensao": 3.9, "DescricaoI": "Mogi das Cruzes Perímetro Urbano (B)", "DescricaoF": "Fim Trecho Municipal", "Jurisdicao": "Estadual", "Administra": "Prefeitura", "Conservado": "Prefeitura", "TipoPista": "PAV", "Sobreposic": null, "Subposicao": null, "PerimetroU": "Nã", "DataInicio": null, "DataFimCon": null, "EstadualCo": "Nã", "Denominaca": "Henrique Eroles", "Legislacao": "Lei 5.557 de 26/01/87", "TPUso": "TPU 001/2000", "TransfMuni": null, "Subtrecho": "066SPE0341" }, "geometry": { "type": "LineString", "coordinates": [ [ -46.168393307034826, -23.500105675125411, 0.0 ], [ -46.163084135348306, -23.501775590573629, 0.0 ], [ -46.161680000458524, -23.501315179518716, 0.0 ], [ -46.158762913830003, -23.499603874044556, 0.0 ], [ -46.157474472109357, -23.498469173211696, 0.0 ], [ -46.156587599255772, -23.497687383271799, 0.0 ], [ -46.151319914360116, -23.495327360690066, 0.0 ], [ -46.150634412106363, -23.49488577020902, 0.0 ], [ -46.150068516234363, -23.493638244631377, 0.0 ], [ -46.149942871695274, -23.493361022292227, 0.0 ], [ -46.149149932202121, -23.492896111880469, 0.0 ], [ -46.147567735041548, -23.49241503706585, 0.0 ], [ -46.145979799107003, -23.491931867315643, 0.0 ], [ -46.145504815334633, -23.491643441877322, 0.0 ], [ -46.144966289744737, -23.490907752440982, 0.0 ], [ -46.143558776532593, -23.488665341042484, 0.0 ], [ -46.14341475810911, -23.48843590340449, 0.0 ], [ -46.142151290089728, -23.486422929230802, 0.0 ], [ -46.141893841112108, -23.485610697267465, 0.0 ], [ -46.142088966878269, -23.482568421896424, 0.0 ], [ -46.14181288892209, -23.482052209906197, 0.0 ], [ -46.140744402962419, -23.481178749896809, 0.0 ], [ -46.139856661473686, -23.47919830514719, 0.0 ], [ -46.13840961252194, -23.478196690711624, 0.0 ] ] } },
{ "type": "Feature", "properties": { "Rodovia": "SP 066", "TipoRodovi": "Eixo", "Orientacao": "Radial", "Origem": "Estadual", "Municipio": "Mogi das Cruzes", "CodRegiona": "DR 10", "SedeRegion": "São Paulo", "KmInicial": 60.9, "KmFinal": 66.0, "Extensao": 5.1, "DescricaoI": "Fim Trecho Municipal", "DescricaoF": "Acesso Sabaúna", "Jurisdicao": "Estadual", "Administra": "DER", "Conservado": "10.04", "TipoPista": "PAV", "Sobreposic": null, "Subposicao": null, "PerimetroU": "Nã", "DataInicio": null, "DataFimCon": null, "EstadualCo": "Nã", "Denominaca": "Henrique Eroles", "Legislacao": "Lei 5.557 de 26/01/87", "TPUso": null, "TransfMuni": null, "Subtrecho": "066SPE8737" }, "geometry": { "type": "LineString", "coordinates": [ [ -46.13840961252194, -23.478196690711624, 0.0 ], [ -46.132746769563411, -23.474276792907684, 0.0 ], [ -46.131523754488711, -23.473691620373707, 0.0 ], [ -46.130242040363271, -23.473078345507123, 0.0 ], [ -46.127991851622156, -23.471344492325152, 0.0 ], [ -46.124384704523699, -23.469599102185008, 0.0 ], [ -46.119896719967258, -23.469160493334918, 0.0 ], [ -46.116863015873477, -23.469516917228866, 0.0 ], [ -46.115838525078978, -23.469452935927414, 0.0 ], [ -46.114888578610646, -23.469207890511825, 0.0 ], [ -46.110477151283298, -23.468070788777769, 0.0 ], [ -46.109017879277204, -23.468236030807638, 0.0 ], [ -46.108099990670929, -23.468177994926993, 0.0 ], [ -46.105335171128822, -23.468038163216125, 0.0 ], [ -46.102191739577762, -23.467975630464398, 0.0 ], [ -46.101968567870081, -23.467812131473902, 0.0 ], [ -46.10183496393411, -23.466608101517792, 0.0 ], [ -46.101645031583772, -23.466325841967016, 0.0 ], [ -46.101454122528182, -23.466043533256542, 0.0 ], [ -46.099870789446406, -23.465130887359908, 0.0 ], [ -46.099619436015111, -23.464961609591285, 0.0 ], [ -46.099508525985918, -23.464908173359635, 0.0 ], [ -46.09940886087152, -23.464746523910684, 0.0 ], [ -46.099383735552678, -23.464610386547236, 0.0 ], [ -46.099450488579173, -23.464448404989277, 0.0 ], [ -46.09940984529922, -23.464333240196883, 0.0 ], [ -46.099262379874631, -23.464192107631071, 0.0 ], [ -46.097943746846177, -23.463868328848115, 0.0 ], [ -46.096811584678228, -23.463658688793096, 0.0 ], [ -46.09616952828928, -23.463582872272905, 0.0 ], [ -46.094216783890687, -23.462953307788908, 0.0 ], [ -46.090611588569104, -23.462444426204048, 0.0 ], [ -46.089702430602927, -23.46238699226641, 0.0 ], [ -46.089284645529105, -23.462521146736975, 0.0 ], [ -46.088867836805697, -23.462655349981553, 0.0 ], [ -46.088551698014612, -23.462957884006233, 0.0 ], [ -46.087972422677304, -23.463512693570582, 0.0 ], [ -46.087658792815162, -23.463907173647257, 0.0 ], [ -46.08627075667173, -23.465725532398331, 0.0 ], [ -46.085549141346554, -23.466304499940204, 0.0 ] ] } },
{ "type": "Feature", "properties": { "Rodovia": "SP 066", "TipoRodovi": "Eixo", "Orientacao": "Radial", "Origem": "Estadual", "Municipio": "Mogi das Cruzes", "CodRegiona": "DR 10", "SedeRegion": "São Paulo", "KmInicial": 66.0, "KmFinal": 68.7, "Extensao": 2.7, "DescricaoI": "Acesso Sabaúna", "DescricaoF": "Divisa Municipal Mogi das Cruzes / Guararema", "Jurisdicao": "Estadual", "Administra": "DER", "Conservado": "10.04", "TipoPista": "PAV", "Sobreposic": null, "Subposicao": null, "PerimetroU": "Nã", "DataInicio": null, "DataFimCon": null, "EstadualCo": "Nã", "Denominaca": "Henrique Eroles", "Legislacao": "Lei 5.557 de 26/01/87", "TPUso": null, "TransfMuni": null, "Subtrecho": "066SPE5274" }, "geometry": { "type": "LineString", "coordinates": [ [ -46.085549141346554, -23.466304499940204, 0.0 ], [ -46.08456514751667, -23.46676866162316, 0.0 ], [ -46.083824717653847, -23.466755428011378, 0.0 ], [ -46.083583682922665, -23.466679071187205, 0.0 ], [ -46.081758857315045, -23.465952955597039, 0.0 ], [ -46.081367279949667, -23.465973351174057, 0.0 ], [ -46.080729973679063, -23.466141902670795, 0.0 ], [ -46.080179393661943, -23.466326871331468, 0.0 ], [ -46.079842930466562, -23.466305889314633, 0.0 ], [ -46.079566355152842, -23.466091268075935, 0.0 ], [ -46.078391469848093, -23.464037295319457, 0.0 ], [ -46.077226689140915, -23.461012556595623, 0.0 ], [ -46.077265560622116, -23.460657308573992, 0.0 ], [ -46.077489436765099, -23.460142825847718, 0.0 ], [ -46.077531004623694, -23.459771539969065, 0.0 ], [ -46.07730344734054, -23.459150126235034, 0.0 ], [ -46.077227585053954, -23.458660664599304, 0.0 ], [ -46.078036266688784, -23.456678915817349, 0.0 ], [ -46.07855003704644, -23.456210843378631, 0.0 ], [ -46.07877942064102, -23.455969558122458, 0.0 ], [ -46.078878267007482, -23.455584804574052, 0.0 ], [ -46.078649510479678, -23.455265419592081, 0.0 ], [ -46.07827823066409, -23.455113485738487, 0.0 ], [ -46.077860162052815, -23.455064316109354, 0.0 ], [ -46.07661322518701, -23.455234241818502, 0.0 ], [ -46.075411020744475, -23.455462594165631, 0.0 ], [ -46.074939565216205, -23.455499028273177, 0.0 ], [ -46.073245508198703, -23.455008220981782, 0.0 ], [ -46.072216533268588, -23.454711191010595, 0.0 ], [ -46.071485780979728, -23.454500247231291, 0.0 ] ] } },
{ "type": "Feature", "properties": { "Rodovia": "SP 066", "TipoRodovi": "Eixo", "Orientacao": "Radial", "Origem": "Estadual", "Municipio": "Poá", "CodRegiona": "DR 10", "SedeRegion": "São Paulo", "KmInicial": 34.0, "KmFinal": 36.2, "Extensao": 2.2, "DescricaoI": "Divisa Municipal Itaquaquecetuba / Poá", "DescricaoF": "Divisa Municipal Poá / Suzano", "Jurisdicao": "Estadual", "Administra": "Prefeitura", "Conservado": "Prefeitura", "TipoPista": "DUP", "Sobreposic": null, "Subposicao": null, "PerimetroU": "Nã", "DataInicio": null, "DataFimCon": null, "EstadualCo": "Nã", "Denominaca": "João Afonso de Souza Castellano", "Legislacao": "Lei 3.561 de 20/10/82", "TPUso": "TPUso 001/1999", "TransfMuni": null, "Subtrecho": "066SPE9390" }, "geometry": { "type": "LineString", "coordinates": [ [ -46.3438006487861, -23.506941940871755, 0.0 ], [ -46.343473220318259, -23.507260310726, 0.0 ], [ -46.342421971387722, -23.508282476128581, 0.0 ], [ -46.339350761037075, -23.51102015571713, 0.0 ], [ -46.337192673709907, -23.512907677683312, 0.0 ], [ -46.336279395459357, -23.513757741629423, 0.0 ], [ -46.332666032894167, -23.516896752036018, 0.0 ], [ -46.331459303402021, -23.517665133432399, 0.0 ], [ -46.331156495966148, -23.518146425517156, 0.0 ], [ -46.329577287532253, -23.519667239477222, 0.0 ] ] } },
{ "type": "Feature", "properties": { "Rodovia": "SP 088", "TipoRodovi": "Eixo", "Orientacao": "Radial", "Origem": "Estadual", "Municipio": "Arujá", "CodRegiona": "DR 10", "SedeRegion": "São Paulo", "KmInicial": 32.0, "KmFinal": 33.3, "Extensao": 1.3, "DescricaoI": "Entroncamento SP 056 (km 43) / Acesso SP 060 (km 203) (Arujá)", "DescricaoF": "Inicio do Trecho Duplicado", "Jurisdicao": "Estadual", "Administra": "Concessionária", "Conservado": "Novo Litoral", "TipoPista": "PAV", "Sobreposic": null, "Subposicao": null, "PerimetroU": "Nã", "DataInicio": "01 11 2024", "DataFimCon": "01 11 2054", "EstadualCo": "Nã", "Denominaca": "Pedro Eroles", "Legislacao": "Lei 9.368 de 03/09/1996 (Esta Lei Alterou A Lei 3.216 de 05/01/1982)", "TPUso": null, "TransfMuni": null, "Subtrecho": "088SPE6683" }, "geometry": { "type": "LineString", "coordinates": [ [ -46.315821282697108, -23.404571240162376, 0.0 ], [ -46.315566211098684, -23.404417732729808, 0.0 ], [ -46.315309150492091, -23.404203671468476, 0.0 ], [ -46.311867296426392, -23.403180873159325, 0.0 ], [ -46.310929924819114, -23.403020358153757, 0.0 ], [ -46.305666285268444, -23.403970080857086, 0.0 ], [ -46.304740063897562, -23.404322199944339, 0.0 ], [ -46.303632826307016, -23.404885271818486, 0.0 ] ] } },
{ "type": "Feature", "properties": { "Rodovia": "SP 088", "TipoRodovi": "Eixo", "Orientacao": "Radial", "Origem": "Estadual", "Municipio": "Arujá", "CodRegiona": "DR 10", "SedeRegion": "São Paulo", "KmInicial": 33.3, "KmFinal": 37.9, "Extensao": 4.6, "DescricaoI": "Inicio do Trecho Duplicado", "DescricaoF": "Divisa Municipal Arujá / Mogi das Cruzes", "Jurisdicao": "Estadual", "Administra": "Concessionária", "Conservado": "Novo Litoral", "TipoPista": "DUP", "Sobreposic": null, "Subposicao": null, "PerimetroU": "Nã", "DataInicio": "01 11 2024", "DataFimCon": "01 11 2054", "EstadualCo": "Nã", "Denominaca": "Pedro Eroles", "Legislacao": "Lei 9.368 de 03/09/1996 (Esta Lei Alterou A Lei 3.216 de 05/01/1982)", "TPUso": null, "TransfMuni": null, "Subtrecho": "088SPE6664" }, "geometry": { "type": "LineString", "coordinates": [ [ -46.303632826307016, -23.404885271818486, 0.0 ], [ -46.302806282164269, -23.405305591550533, 0.0 ], [ -46.302047986921586, -23.405660934669989, 0.0 ], [ -46.301372968672524, -23.405796807419257, 0.0 ], [ -46.300342001953695, -23.405711585592211, 0.0 ], [ -46.299551745362173, -23.405777236483971, 0.0 ], [ -46.299246786854077, -23.405891467106258, 0.0 ], [ -46.298772886192424, -23.406206071249482, 0.0 ], [ -46.298126139428113, -23.406974196571081, 0.0 ], [ -46.296657669469894, -23.40909302410309, 0.0 ], [ -46.296141926305651, -23.409753299441, 0.0 ], [ -46.292891786656028, -23.412380929251114, 0.0 ], [ -46.291253001496202, -23.413696508974365, 0.0 ], [ -46.29003781602988, -23.414630470686941, 0.0 ], [ -46.288331647815696, -23.415426088100858, 0.0 ], [ -46.287308645825554, -23.415947192362282, 0.0 ], [ -46.283798293218119, -23.418180572216379, 0.0 ], [ -46.283174784122139, -23.418561013337321, 0.0 ], [ -46.282856399805986, -23.418997439778476, 0.0 ], [ -46.282770102047301, -23.419360796581593, 0.0 ], [ -46.282827188650572, -23.420148467507982, 0.0 ], [ -46.282995428759023, -23.423027943501094, 0.0 ], [ -46.283027110581912, -23.423878939692063, 0.0 ], [ -46.28294303696665, -23.424297053879965, 0.0 ], [ -46.282683558691602, -23.424746301729435, 0.0 ], [ -46.282343600789623, -23.425087274554603, 0.0 ], [ -46.278097004541756, -23.42813745139247, 0.0 ], [ -46.27763435354332, -23.428442584152467, 0.0 ], [ -46.27536101096905, -23.429284662889408, 0.0 ], [ -46.274168792175267, -23.429727790806975, 0.0 ], [ -46.273820438847231, -23.429911761723837, 0.0 ] ] } },
{ "type": "Feature", "properties": { "Rodovia": "SP 055", "TipoRodovi": "Eixo", "Orientacao": "Transversal", "Origem": "Estadual", "Municipio": "Praia Grande", "CodRegiona": "DR 05", "SedeRegion": "Cubatão", "KmInicial": 286.72, "KmFinal": 291.0, "Extensao": 4.28, "DescricaoI": "Divisa Municipal São Vicente / Praia Grande", "DescricaoF": "Entroncamento SPA 291/055 (para Praia Grande)", "Jurisdicao": "Estadual", "Administra": "Concessionária", "Conservado": "Ecovias", "TipoPista": "DUP", "Sobreposic": null, "Subposicao": null, "PerimetroU": "Nã", "DataInicio": "29 05 1998", "DataFimCon": "29 03 2034", "EstadualCo": "Sim", "Denominaca": "Padre Manoel da Nobrega, Via", "Legislacao": "Dec. 52.258 de 05/08/69", "TPUso": null, "TransfMuni": null, "Subtrecho": "055SPE1543" }, "geometry": { "type": "LineString", "coordinates": [ [ -46.496560255803473, -23.996829820274865, 0.0 ], [ -46.496694025700073, -23.997243238223291, 0.0 ], [ -46.498481240718412, -24.00270936411912, 0.0 ], [ -46.499497363658193, -24.005799014556839, 0.0 ], [ -46.501263961350602, -24.011172470934376, 0.0 ], [ -46.501497586078308, -24.01189032747909, 0.0 ], [ -46.501918858177866, -24.013181289929442, 0.0 ], [ -46.502309911224145, -24.014358563199131, 0.0 ], [ -46.50275128479511, -24.015685261989294, 0.0 ], [ -46.503186594771627, -24.017005975300723, 0.0 ], [ -46.503450079133778, -24.017817631063483, 0.0 ], [ -46.503964005400107, -24.019382309169508, 0.0 ], [ -46.50424810343889, -24.020244350098764, 0.0 ], [ -46.505120408448533, -24.022913747488598, 0.0 ], [ -46.505566171531484, -24.024253339625918, 0.0 ], [ -46.50741003757274, -24.029579203814276, 0.0 ], [ -46.507656458340833, -24.030290299439326, 0.0 ], [ -46.507847817255936, -24.030790588318233, 0.0 ], [ -46.508167724385558, -24.031410387664994, 0.0 ] ] } },
{ "type": "Feature", "properties": { "Rodovia": "SP 055", "TipoRodovi": "Eixo", "Orientacao": "Transversal", "Origem": "Estadual", "Municipio": "Praia Grande", "CodRegiona": "DR 05", "SedeRegion": "Cubatão", "KmInicial": 291.0, "KmFinal": 292.2, "Extensao": 1.2, "DescricaoI": "Entroncamento SPA 291/055 (para Praia Grande)", "DescricaoF": "Final Trecho Ecovias", "Jurisdicao": "Estadual", "Administra": "Concessionária", "Conservado": "Ecovias", "TipoPista": "DUP", "Sobreposic": null, "Subposicao": null, "PerimetroU": "Nã", "DataInicio": "29 05 1998", "DataFimCon": "29 03 2034", "EstadualCo": "Sim", "Denominaca": "Padre Manoel da Nobrega, Via", "Legislacao": "Dec. 52.258 de 05/08/69", "TPUso": null, "TransfMuni": null, "Subtrecho": "055SPE5627" }, "geometry": { "type": "LineString", "coordinates": [ [ -46.508167724385558, -24.031410387664994, 0.0 ], [ -46.508332675984164, -24.031691125524908, 0.0 ], [ -46.508526570757425, -24.031960388936039, 0.0 ], [ -46.508735040971928, -24.032221777718952, 0.0 ], [ -46.509153419981004, -24.032639379760578, 0.0 ], [ -46.509542560967496, -24.032952494752728, 0.0 ], [ -46.510362446658043, -24.03347121635165, 0.0 ], [ -46.512381533438706, -24.034748263734794, 0.0 ], [ -46.512649402375196, -24.034920188975484, 0.0 ], [ -46.516807836560005, -24.037141926168076, 0.0 ], [ -46.517669117393481, -24.037602065733193, 0.0 ], [ -46.517818426591987, -24.037681823698271, 0.0 ] ] } },
{ "type": "Feature", "properties": { "Rodovia": "SP 055", "TipoRodovi": "Eixo", "Orientacao": "Transversal", "Origem": "Estadual", "Municipio": "Praia Grande", "CodRegiona": "DR 05", "SedeRegion": "Cubatão", "KmInicial": 292.2, "KmFinal": 302.77, "Extensao": 10.57, "DescricaoI": "Final Trecho Ecovias", "DescricaoF": "Divisa Municipal Praia Grande / Mongaguá", "Jurisdicao": "Estadual", "Administra": "Concessionária", "Conservado": "Novo Litoral", "TipoPista": "DUP", "Sobreposic": null, "Subposicao": null, "PerimetroU": "Nã", "DataInicio": "01 11 2024", "DataFimCon": "01 11 2054", "EstadualCo": "Sim", "Denominaca": "Padre Manoel da Nobrega, Via", "Legislacao": "Dec. 52.258 de 05/08/69", "TPUso": null, "TransfMuni": null, "Subtrecho": "055SPE4843" }, "geometry": { "type": "LineString", "coordinates": [ [ -46.517818426591987, -24.037681823698271, 0.0 ], [ -46.518605570747773, -24.038102294065403, 0.0 ], [ -46.570567398387894, -24.065847188895283, 0.0 ], [ -46.605624859101383, -24.084822839323916, 0.0 ], [ -46.607192426720509, -24.085728588281434, 0.0 ], [ -46.607572136855907, -24.085947710615226, 0.0 ] ] } },
{ "type": "Feature", "properties": { "Rodovia": "SP 055", "TipoRodovi": "Eixo", "Orientacao": "Transversal", "Origem": "Estadual", "Municipio": "Itanhaém", "CodRegiona": "DR 05", "SedeRegion": "Cubatão", "KmInicial": 315.07, "KmFinal": 323.69, "Extensao": 8.62, "DescricaoI": "Divisa Municipal Mongaguá / Itanhaém", "DescricaoF": "Acesso Itanhaém", "Jurisdicao": "Estadual", "Administra": "Concessionária", "Conservado": "Novo Litoral", "TipoPista": "DUP", "Sobreposic": null, "Subposicao": null, "PerimetroU": "Nã", "DataInicio": "01 11 2024", "DataFimCon": "01 11 2054", "EstadualCo": "Sim", "Denominaca": "Padre Manoel da Nobrega, Via", "Legislacao": "Dec. 52.258 de 05/08/69", "TPUso": null, "TransfMuni": null, "Subtrecho": "055SPE0887" }, "geometry": { "type": "LineString", "coordinates": [ [ -46.713275690507921, -24.140333044106331, 0.0 ], [ -46.713900995769585, -24.140660303483468, 0.0 ], [ -46.742606065127802, -24.155679763841221, 0.0 ], [ -46.745103362763004, -24.156780264690298, 0.0 ], [ -46.748216051834099, -24.158583336114102, 0.0 ], [ -46.757169563685245, -24.163067095758592, 0.0 ], [ -46.758713392334897, -24.164009265398114, 0.0 ], [ -46.771468872334758, -24.170587300124652, 0.0 ], [ -46.774881507099266, -24.172157748258812, 0.0 ], [ -46.776518008862858, -24.172910806072966, 0.0 ], [ -46.780123253336228, -24.174569733448088, 0.0 ], [ -46.781104652951086, -24.175021298748369, 0.0 ], [ -46.782581465122711, -24.175838227572044, 0.0 ], [ -46.784720727395097, -24.177021569731547, 0.0 ], [ -46.785100784473229, -24.177231795682822, 0.001000000003842 ], [ -46.786902173208595, -24.178154762051307, 0.001000000003842 ] ] } },
{ "type": "Feature", "properties": { "Rodovia": "SP 055", "TipoRodovi": "Eixo", "Orientacao": "Transversal", "Origem": "Estadual", "Municipio": "Itanhaém", "CodRegiona": "DR 05", "SedeRegion": "Cubatão", "KmInicial": 323.69, "KmFinal": 338.57, "Extensao": 14.88, "DescricaoI": "Acesso Itanhaém", "DescricaoF": "Divisa Municipal Itanhaém / Peruibe", "Jurisdicao": "Estadual", "Administra": "Concessionária", "Conservado": "Novo Litoral", "TipoPista": "DUP", "Sobreposic": null, "Subposicao": null, "PerimetroU": "Nã", "DataInicio": "01 11 2024", "DataFimCon": "01 11 2054", "EstadualCo": "Sim", "Denominaca": "Padre Manoel da Nobrega, Via", "Legislacao": "Dec. 52.258 de 05/08/69", "TPUso": null, "TransfMuni": null, "Subtrecho": "055SPE6240" }, "geometry": { "type": "LineString", "coordinates": [ [ -46.786902173208595, -24.178154762051307, 0.0 ], [ -46.788421574991936, -24.178933228693953, 0.0 ], [ -46.791701482808087, -24.180613623718205, 0.0 ], [ -46.792628508625185, -24.180967932824917, 0.0 ], [ -46.793614537499685, -24.181184907897748, 0.0 ], [ -46.794632927228086, -24.181265091603695, 0.0 ], [ -46.795330859546318, -24.181261186929447, 0.0 ], [ -46.796303783729435, -24.181255736327238, 0.0 ], [ -46.800530648885363, -24.181231979507412, 0.0 ], [ -46.811521487867097, -24.181048117826709, 0.0 ], [ -46.812773407468214, -24.181141913688592, 0.0 ], [ -46.813724415352503, -24.18136880121989, 0.0 ], [ -46.814665317682071, -24.181757768682541, 0.0 ], [ -46.838014970856364, -24.19573377009921, 0.0 ], [ -46.845490418703044, -24.200267734119638, 0.0 ], [ -46.848682709902143, -24.202378234500685, 0.0 ], [ -46.851605118724585, -24.203953534392809, 0.0 ], [ -46.868397153772705, -24.214057421208256, 0.0 ], [ -46.872737695821705, -24.216689486620673, 0.0 ], [ -46.876457945749465, -24.219105839582181, 0.0 ], [ -46.87808967748493, -24.219964061713895, 0.0 ], [ -46.880782436987325, -24.221521899444017, 0.0 ], [ -46.9090190483535, -24.238505427247674, 0.0 ], [ -46.909019955083878, -24.238505963296181, 0.0 ], [ -46.909817079198305, -24.238977184853717, 0.0 ], [ -46.910561724328495, -24.239432057521885, 0.0 ], [ -46.91131458929798, -24.239881021415901, 0.0 ], [ -46.912085495415262, -24.240342495475844, 0.0 ], [ -46.912947915469907, -24.240860302661318, 0.0 ], [ -46.913247594203888, -24.241041750201436, 0.0 ] ] } },
{ "type": "Feature", "properties": { "Rodovia": "SP 055", "TipoRodovi": "Eixo", "Orientacao": "Transversal", "Origem": "Estadual", "Municipio": "Mongaguá", "CodRegiona": "DR 05", "SedeRegion": "Cubatão", "KmInicial": 302.77, "KmFinal": 304.16, "Extensao": 1.39, "DescricaoI": "Divisa Municipal Praia Grande / Mongaguá", "DescricaoF": "Acesso Mongaguá", "Jurisdicao": "Estadual", "Administra": "Concessionária", "Conservado": "Novo Litoral", "TipoPista": "DUP", "Sobreposic": null, "Subposicao": null, "PerimetroU": "Nã", "DataInicio": "01 11 2024", "DataFimCon": "01 11 2054", "EstadualCo": "Sim", "Denominaca": "Padre Manoel da Nobrega, Via", "Legislacao": "Dec. 52.258 de 05/08/69", "TPUso": null, "TransfMuni": null, "Subtrecho": "055SPE0508" }, "geometry": { "type": "LineString", "coordinates": [ [ -46.607572136855907, -24.085947710615226, 0.0 ], [ -46.608607222724949, -24.086545027117143, 0.0 ], [ -46.611201307188828, -24.088041954688435, 0.0 ], [ -46.613591689556401, -24.089336513656303, 0.0 ], [ -46.616885148746618, -24.09070043031203, 0.0 ], [ -46.618251626315747, -24.091075795412497, 0.0 ] ] } },
{ "type": "Feature", "properties": { "Rodovia": "SP 055", "TipoRodovi": "Eixo", "Orientacao": "Transversal", "Origem": "Estadual", "Municipio": "Mongaguá", "CodRegiona": "DR 05", "SedeRegion": "Cubatão", "KmInicial": 304.16, "KmFinal": 315.07, "Extensao": 10.91, "DescricaoI": "Acesso Mongaguá", "DescricaoF": "Divisa Municipal Mongaguá / Itanhaém", "Jurisdicao": "Estadual", "Administra": "Concessionária", "Conservado": "Novo Litoral", "TipoPista": "DUP", "Sobreposic": null, "Subposicao": null, "PerimetroU": "Nã", "DataInicio": "01 11 2024", "DataFimCon": "01 11 2054", "EstadualCo": "Sim", "Denominaca": "Padre Manoel da Nobrega, Via", "Legislacao": "Dec. 52.258 de 05/08/69", "TPUso": null, "TransfMuni": null, "Subtrecho": "055SPE2514" }, "geometry": { "type": "LineString", "coordinates": [ [ -46.618251626315747, -24.091075795412497, 0.0 ], [ -46.619305005749887, -24.091365144954324, 0.0 ], [ -46.619590037029944, -24.091443466176841, 0.0 ], [ -46.620440404430859, -24.091863159585817, 0.0 ], [ -46.628264332862933, -24.09625252079811, 0.0 ], [ -46.634370783108444, -24.099677942445943, 0.0 ], [ -46.638150300764281, -24.101606201507877, 0.0 ], [ -46.657965313372657, -24.111713173889171, 0.0 ], [ -46.690745315202321, -24.128787543887359, 0.0 ], [ -46.699523179822158, -24.133281682127553, 0.0 ], [ -46.704445908893028, -24.135802548126815, 0.0 ], [ -46.711397272752983, -24.13936180820015, 0.0 ], [ -46.712486529443737, -24.139920024863226, 0.0 ], [ -46.713275690507921, -24.140333044106331, 0.0 ] ] } },
{ "type": "Feature", "properties": { "Rodovia": "SP 055", "TipoRodovi": "Eixo", "Orientacao": "Transversal", "Origem": "Estadual", "Municipio": "Peruíbe", "CodRegiona": "DR 05", "SedeRegion": "Cubatão", "KmInicial": 338.57, "KmFinal": 344.0, "Extensao": 5.43, "DescricaoI": "Divisa Municipal Itanhaém / Peruibe", "DescricaoF": "Acesso Peruibe - Entroncamento SPA 344/055 (A)", "Jurisdicao": "Estadual", "Administra": "Concessionária", "Conservado": "Novo Litoral", "TipoPista": "DUP", "Sobreposic": null, "Subposicao": null, "PerimetroU": "Nã", "DataInicio": "01 11 2024", "DataFimCon": "01 11 2054", "EstadualCo": "Sim", "Denominaca": "Padre Manoel da Nobrega, Via", "Legislacao": "Dec. 52.258 de 05/08/69", "TPUso": null, "TransfMuni": null, "Subtrecho": "055SPE6019" }, "geometry": { "type": "LineString", "coordinates": [ [ -46.913247594203888, -24.241041750201436, 0.0 ], [ -46.913828228900186, -24.241393306954024, 0.0 ], [ -46.913829615289181, -24.241394135567614, 0.0 ], [ -46.913831039815904, -24.241394987505302, 0.0 ], [ -46.914694595393186, -24.241911289674835, 0.0 ], [ -46.915568588956305, -24.242429648844638, 0.0 ], [ -46.916393320112441, -24.242922881193461, 0.0 ], [ -46.917274099299696, -24.243453287585162, 0.0 ], [ -46.918179632365948, -24.244004749481618, 0.0 ], [ -46.919068151790988, -24.244532721926785, 0.0 ], [ -46.91994187619671, -24.245060904263621, 0.0 ], [ -46.920822990321817, -24.245580442187315, 0.0 ], [ -46.921662422589208, -24.246087268910323, 0.0 ], [ -46.922608514139377, -24.246661903816982, 0.0 ], [ -46.923462911142522, -24.247168813678819, 0.0 ], [ -46.924333967939745, -24.247689695063215, 0.0 ], [ -46.925153236809159, -24.248185451774432, 0.0 ], [ -46.926008705008464, -24.248707294087332, 0.0 ], [ -46.926865627174081, -24.249219390982713, 0.0 ], [ -46.927735925343818, -24.249739306857613, 0.0 ], [ -46.928620285029822, -24.250272435939188, 0.0 ], [ -46.929489799296832, -24.250818933204396, 0.0 ], [ -46.930262024101893, -24.251388507126521, 0.0 ], [ -46.930996721166565, -24.251858828878294, 0.0 ], [ -46.931237701749239, -24.252005638605436, 0.0 ], [ -46.931870799109582, -24.252333072075711, 0.0 ], [ -46.933022139285697, -24.252908357910737, 0.0 ], [ -46.933833265951449, -24.253384382379547, 0.0 ], [ -46.934673856510237, -24.253883718627598, 0.0 ], [ -46.935459391519061, -24.254347425848177, 0.0 ], [ -46.936274665528437, -24.254828231519017, 0.0 ], [ -46.937086305667087, -24.255312980345501, 0.0 ], [ -46.937866104466195, -24.255784920378204, 0.0 ], [ -46.938695847175737, -24.256289946696022, 0.0 ], [ -46.939531900233703, -24.256802186842791, 0.0 ], [ -46.940382951976247, -24.25732463694245, 0.0 ], [ -46.941106902388107, -24.257749530665706, 0.0 ], [ -46.941973991497846, -24.258275104808241, 0.0 ], [ -46.942763988865039, -24.258746858522358, 0.0 ], [ -46.943591157472142, -24.259249492830573, 0.0 ], [ -46.944367046048562, -24.259713771443426, 0.0 ], [ -46.945083601545093, -24.260145667201918, 0.0 ], [ -46.945757300423402, -24.260541610026074, 0.0 ], [ -46.946403438906486, -24.260930162079717, 0.0 ], [ -46.947021028782025, -24.261298020051377, 0.0 ], [ -46.947507524247925, -24.261590527590013, 0.0 ], [ -46.947925935533256, -24.261842480100263, 0.0 ], [ -46.948207867308192, -24.262010346345409, 0.0 ], [ -46.948514741523844, -24.262193069521583, 0.0 ], [ -46.948746943033278, -24.262331325448937, 0.0 ], [ -46.948984749527334, -24.262473782204331, 0.0 ], [ -46.949456234144527, -24.262756529189748, 0.0 ], [ -46.950099554640325, -24.263143269007823, 0.0 ], [ -46.950789478112377, -24.263555834480425, 0.0 ], [ -46.951475260940057, -24.263960984421367, 0.0 ], [ -46.952209712098757, -24.264397767835792, 0.0 ], [ -46.952979990438749, -24.264858773364232, 0.0 ], [ -46.953759317468524, -24.265328117002699, 0.0 ], [ -46.954523674638871, -24.265809855446999, 0.0 ], [ -46.955219647244853, -24.266222801744529, 0.0 ], [ -46.955843841471498, -24.266596507329663, 0.0 ], [ -46.956423250383232, -24.26694209687609, 0.0 ], [ -46.957004629376435, -24.2672877746556, 0.0 ], [ -46.957564182883637, -24.267618073394257, 0.0 ], [ -46.958752423347534, -24.268223459622249, 0.0 ] ] } },
{ "type": "Feature", "properties": { "Rodovia": "SP 055", "TipoRodovi": "Eixo", "Orientacao": "Transversal", "Origem": "Estadual", "Municipio": "Peruíbe", "CodRegiona": "DR 05", "SedeRegion": "Cubatão", "KmInicial": 344.0, "KmFinal": 345.05, "Extensao": 1.05, "DescricaoI": "Acesso Peruibe - Entroncamento SPA 344/055 (A)", "DescricaoF": "Fim do trecho pista dupla", "Jurisdicao": "Estadual", "Administra": "Concessionária", "Conservado": "Novo Litoral", "TipoPista": "DUP", "Sobreposic": null, "Subposicao": null, "PerimetroU": "Nã", "DataInicio": "01 11 2024", "DataFimCon": "01 11 2054", "EstadualCo": "Nã", "Denominaca": "Padre Manoel da Nobrega, Via", "Legislacao": "Dec. 52.258 de 05/08/69", "TPUso": null, "TransfMuni": null, "Subtrecho": "055SPE5878" }, "geometry": { "type": "LineString", "coordinates": [ [ -46.958752423347534, -24.268223459622249, 0.0 ], [ -46.959927428600707, -24.268728418099297, -0.056899999995949 ], [ -46.965194504497184, -24.270711576135486, -0.302400000000489 ], [ -46.966486465426513, -24.271198024302798, -0.362599999993108 ] ] } },
{ "type": "Feature", "properties": { "Rodovia": "SP 055", "TipoRodovi": "Eixo", "Orientacao": "Transversal", "Origem": "Estadual", "Municipio": "Peruíbe", "CodRegiona": "DR 05", "SedeRegion": "Cubatão", "KmInicial": 345.05, "KmFinal": 351.58, "Extensao": 6.53, "DescricaoI": "Fim do trecho pista dupla", "DescricaoF": "Divisa Municipal Peruibe / Itariri", "Jurisdicao": "Estadual", "Administra": "Concessionária", "Conservado": "Novo Litoral", "TipoPista": "PAV", "Sobreposic": null, "Subposicao": null, "PerimetroU": "Nã", "DataInicio": "01 11 2024", "DataFimCon": "01 11 2054", "EstadualCo": "Nã", "Denominaca": "Padre Manoel da Nobrega, Via", "Legislacao": "Dec. 52.258 de 05/08/69", "TPUso": null, "TransfMuni": null, "Subtrecho": "055SPE2433" }, "geometry": { "type": "LineString", "coordinates": [ [ -46.966486465426513, -24.271198024302798, 0.0 ], [ -46.967085807622894, -24.271444506920471, 0.0 ], [ -47.01855582681781, -24.290473441188986, 0.0 ], [ -47.023754097403533, -24.291459098222699, 0.0 ], [ -47.024728485941687, -24.291643868138351, 0.0 ] ] } },
{ "type": "Feature", "properties": { "Rodovia": "SP 055", "TipoRodovi": "Eixo", "Orientacao": "Transversal", "Origem": "Estadual", "Municipio": "Pedro de Toledo", "CodRegiona": "DR 05", "SedeRegion": "Cubatão", "KmInicial": 369.87, "KmFinal": 373.57, "Extensao": 3.7, "DescricaoI": "Divisa Municipal Itariri / Pedro de Toledo", "DescricaoF": "Acesso Pedro de Toledo", "Jurisdicao": "Estadual", "Administra": "Concessionária", "Conservado": "Novo Litoral", "TipoPista": "PAV", "Sobreposic": null, "Subposicao": null, "PerimetroU": "Nã", "DataInicio": "01 11 2024", "DataFimCon": "01 11 2054", "EstadualCo": "Nã", "Denominaca": "Padre Manoel da Nobrega, Via", "Legislacao": "Dec. 52.258 de 05/08/69", "TPUso": null, "TransfMuni": null, "Subtrecho": "055SPE5997" }, "geometry": { "type": "LineString", "coordinates": [ [ -47.195917364105831, -24.284070919785975, 0.0 ], [ -47.196346061858819, -24.283988945145605, 0.0 ], [ -47.202334483602179, -24.282843697192664, 0.0 ], [ -47.216706084766663, -24.280095324437593, 0.0 ], [ -47.218612497950325, -24.280200598489436, 0.0 ], [ -47.223054178661179, -24.280967696473692, 0.0 ], [ -47.224840798453123, -24.281276221552787, 0.0 ], [ -47.228618006057047, -24.281928418927777, 0.0 ], [ -47.229621980995383, -24.28201078971594, 0.0 ], [ -47.229927740148987, -24.282035874452372, 0.0 ], [ -47.230297820451192, -24.282005773701478, 0.0 ], [ -47.231444028971616, -24.281912530259909, 0.0 ], [ -47.232764558110702, -24.281576507657743, 0.0 ], [ -47.23444599620818, -24.281147714481094, 0.0 ], [ -47.237074712080506, -24.280836316255023, 0.0 ], [ -47.237897599265445, -24.28060492799677, 0.0 ], [ -47.238774415075504, -24.280334032851236, 0.0 ] ] } },
{ "type": "Feature", "properties": { "Rodovia": "SP 055", "TipoRodovi": "Eixo", "Orientacao": "Transversal", "Origem": "Estadual", "Municipio": "Pedro de Toledo", "CodRegiona": "DR 05", "SedeRegion": "Cubatão", "KmInicial": 373.57, "KmFinal": 380.05, "Extensao": 6.48, "DescricaoI": "Acesso Pedro de Toledo", "DescricaoF": "Divisa Municipal Pedro de Toledo / Miracatu", "Jurisdicao": "Estadual", "Administra": "Concessionária", "Conservado": "Novo Litoral", "TipoPista": "PAV", "Sobreposic": null, "Subposicao": null, "PerimetroU": "Nã", "DataInicio": "01 11 2024", "DataFimCon": "01 11 2054", "EstadualCo": "Nã", "Denominaca": "Padre Manoel da Nobrega, Via", "Legislacao": "Dec. 52.258 de 05/08/69", "TPUso": null, "TransfMuni": null, "Subtrecho": "055SPE1291" }, "geometry": { "type": "LineString", "coordinates": [ [ -47.238774415075504, -24.280334032851236, 0.0 ], [ -47.242711656124314, -24.278324088601867, 0.0 ], [ -47.245261775482987, -24.277114886431452, 0.0 ], [ -47.247984160743471, -24.276394040709594, 0.0 ], [ -47.253433267548985, -24.274993473514776, 0.0 ], [ -47.254843720759546, -24.274824591299069, 0.0 ], [ -47.255999027299076, -24.274936397112814, 0.0 ], [ -47.259312594544824, -24.275821962456348, 0.0 ], [ -47.260216547029607, -24.275696470675729, 0.0 ], [ -47.260957853480171, -24.27525375553931, 0.0 ], [ -47.26129767111685, -24.274885983020187, 0.0 ], [ -47.261458927012342, -24.274562294416008, 0.0 ], [ -47.261996986857767, -24.272828749574156, 0.0 ], [ -47.262251864076866, -24.271954223506139, 0.0 ], [ -47.264506472592835, -24.269122932711934, 0.0 ], [ -47.265096110928184, -24.268525717199946, 0.0 ], [ -47.265844202411749, -24.268012107448211, 0.0 ], [ -47.266815370478028, -24.267597572278351, 0.0 ], [ -47.267079479912191, -24.267531631365788, 0.0 ], [ -47.268751445194894, -24.267085636220905, 0.0 ], [ -47.270341375434484, -24.26678183237658, 0.0 ], [ -47.270975878053761, -24.266544159989561, 0.0 ], [ -47.27159669159883, -24.26647518653149, 0.0 ], [ -47.271915526890346, -24.266478950811504, 0.0 ], [ -47.274183509919162, -24.26654208399825, 0.0 ], [ -47.275294698660687, -24.266545260032366, 0.0 ], [ -47.27565537507985, -24.266494543469943, 0.0 ], [ -47.27611308792337, -24.266442974393449, 0.0 ], [ -47.276560915024383, -24.26616142789533, 0.0 ], [ -47.277057318483273, -24.265920609129129, 0.0 ], [ -47.277350986783624, -24.265849278979566, 0.0 ], [ -47.277649860387612, -24.265836171174328, 0.0 ], [ -47.278077861355293, -24.266046474612061, 0.0 ], [ -47.278438942232704, -24.266254349783257, 0.0 ], [ -47.279064005000293, -24.266443957643695, 0.0 ], [ -47.279664732787865, -24.26652809020074, 0.0 ], [ -47.28026357211936, -24.266526450215487, 0.0 ], [ -47.280594634301757, -24.266491843872604, 0.0 ], [ -47.281534682849561, -24.266648715069159, 0.0 ], [ -47.281886565439279, -24.26664508606294, 0.0 ], [ -47.282255328541737, -24.266738256096076, 0.0 ], [ -47.282535396858712, -24.267046710193693, 0.0 ], [ -47.282767688696239, -24.267477907073868, 0.0 ], [ -47.282844654861847, -24.268028662856548, 0.0 ], [ -47.283047625055652, -24.268275212206905, 0.0 ], [ -47.283517159262416, -24.268615915277724, 0.0 ], [ -47.284648624753402, -24.26918190780394, 0.0 ], [ -47.285001865462618, -24.269357852429259, 0.0 ], [ -47.285288101502623, -24.269418077679948, 0.0 ], [ -47.285989603958477, -24.269351870689427, 0.0 ], [ -47.286387642723483, -24.269184905044167, 0.0 ] ] } },
{ "type": "Feature", "properties": { "Rodovia": "SP 055", "TipoRodovi": "Eixo", "Orientacao": "Transversal", "Origem": "Estadual", "Municipio": "Itariri", "CodRegiona": "DR 05", "SedeRegion": "Cubatão", "KmInicial": 351.58, "KmFinal": 359.09, "Extensao": 7.51, "DescricaoI": "Divisa Municipal Peruibe / Itariri", "DescricaoF": "Acesso Peruibe - Entrocamento SPA 344/055 (B)", "Jurisdicao": "Estadual", "Administra": "Concessionária", "Conservado": "Novo Litoral", "TipoPista": "PAV", "Sobreposic": null, "Subposicao": null, "PerimetroU": "Nã", "DataInicio": "01 11 2024", "DataFimCon": "01 11 2054", "EstadualCo": "Nã", "Denominaca": "Padre Manoel da Nobrega, Via", "Legislacao": "Dec. 52.258 de 05/08/69", "TPUso": null, "TransfMuni": null, "Subtrecho": "055SPE1213" }, "geometry": { "type": "LineString", "coordinates": [ [ -47.024728485941687, -24.291643868138351, 0.0 ], [ -47.025078724519354, -24.291710281253064, 0.0 ], [ -47.028048167996829, -24.292273319892079, 0.0 ], [ -47.033370161461619, -24.293959814504269, 0.0 ], [ -47.036874565804773, -24.295070986938772, 0.0 ], [ -47.041260374757186, -24.295584370102866, 0.0 ], [ -47.042032377150683, -24.295764534454872, 0.0 ], [ -47.042920231044093, -24.296148437611453, 0.0 ], [ -47.044342517637318, -24.297327981124276, 0.0 ], [ -47.045324619962763, -24.298006054959806, 0.0 ], [ -47.04629258075019, -24.298346342455716, 0.0 ], [ -47.047082398800399, -24.298367729324553, 0.0 ], [ -47.059925174559282, -24.298072176924823, 0.0 ], [ -47.068586591363747, -24.297570578635984, 0.0 ], [ -47.069106876209567, -24.297418023269273, 0.0 ], [ -47.069956285997208, -24.297491210716672, 0.0 ], [ -47.083526283090045, -24.296704196063857, 0.0 ], [ -47.087976564972237, -24.296496653651097, 0.0 ], [ -47.088934279068056, -24.296324245304742, 0.0 ], [ -47.09027865479478, -24.29592220852744, 0.0 ], [ -47.09153029171442, -24.295683893309601, 0.0 ], [ -47.092226214305136, -24.295706232237556, 0.0 ], [ -47.092640950415678, -24.29568895632908, 0.0 ], [ -47.100113886294487, -24.296926942913149, 0.0 ] ] } },
{ "type": "Feature", "properties": { "Rodovia": "SP 055", "TipoRodovi": "Eixo", "Orientacao": "Transversal", "Origem": "Estadual", "Municipio": "Itariri", "CodRegiona": "DR 05", "SedeRegion": "Cubatão", "KmInicial": 359.09, "KmFinal": 366.14, "Extensao": 7.05, "DescricaoI": "Acesso Peruibe - Entrocamento SPA 344/055 (B)", "DescricaoF": "Acesso Itariri (I)", "Jurisdicao": "Estadual", "Administra": "Concessionária", "Conservado": "Novo Litoral", "TipoPista": "PAV", "Sobreposic": null, "Subposicao": null, "PerimetroU": "Nã", "DataInicio": "01 11 2024", "DataFimCon": "01 11 2054", "EstadualCo": "Nã", "Denominaca": "Padre Manoel da Nobrega, Via", "Legislacao": "Dec. 52.258 de 05/08/69", "TPUso": null, "TransfMuni": null, "Subtrecho": "055SPE9357" }, "geometry": { "type": "LineString", "coordinates": [ [ -47.100113886294487, -24.296926942913149, 0.0 ], [ -47.100979923202708, -24.297070284163159, 0.0 ], [ -47.114397017376746, -24.297614587613594, 0.0 ], [ -47.115324438456575, -24.297935827543558, 0.0 ], [ -47.117711107976042, -24.299648121528101, 0.0 ], [ -47.118840500235827, -24.299991922670099, 0.0 ], [ -47.119655801525589, -24.299980132584931, 0.0 ], [ -47.121777777666047, -24.299406314114833, 0.0 ], [ -47.122919356125088, -24.299452328036871, 0.0 ], [ -47.128109875982965, -24.301877419481279, 0.0 ], [ -47.129098375798961, -24.302149234874999, 0.0 ], [ -47.131603484042806, -24.302643364597834, 0.0 ], [ -47.13249080877187, -24.302744234393796, 0.0 ], [ -47.133332062974617, -24.302566461080204, 0.0 ], [ -47.134041228396008, -24.302132292674646, 0.0 ], [ -47.135306502745053, -24.300624523612615, 0.0 ], [ -47.135952447570283, -24.299989188719191, 0.0 ], [ -47.136923003563489, -24.299458641321102, 0.0 ], [ -47.14631799984118, -24.297504995250598, 0.0 ], [ -47.147135727774469, -24.297284297863509, 0.0 ], [ -47.147800818114732, -24.296830602046004, 0.0 ], [ -47.149466512636785, -24.294498401192229, 0.0 ], [ -47.150386912841803, -24.293890024332786, 0.0 ], [ -47.151500948130646, -24.293622785871698, 0.0 ], [ -47.154321065339225, -24.2936729220873, 0.0 ], [ -47.155120333580633, -24.293586429052738, 0.0 ], [ -47.159575208516024, -24.292795771135197, 0.0 ], [ -47.164639082158416, -24.290949451636674, 0.0 ] ] } },
{ "type": "Feature", "properties": { "Rodovia": "SP 055", "TipoRodovi": "Eixo", "Orientacao": "Transversal", "Origem": "Estadual", "Municipio": "Itariri", "CodRegiona": "DR 05", "SedeRegion": "Cubatão", "KmInicial": 366.14, "KmFinal": 369.11, "Extensao": 2.97, "DescricaoI": "Acesso Itariri (I)", "DescricaoF": "Acesso Itariri (II)", "Jurisdicao": "Estadual", "Administra": "Concessionária", "Conservado": "Novo Litoral", "TipoPista": "PAV", "Sobreposic": null, "Subposicao": null, "PerimetroU": "Nã", "DataInicio": "01 11 2024", "DataFimCon": "01 11 2054", "EstadualCo": "Nã", "Denominaca": "Padre Manoel da Nobrega, Via", "Legislacao": "Dec. 52.258 de 05/08/69", "TPUso": null, "TransfMuni": null, "Subtrecho": "055SPE4760" }, "geometry": { "type": "LineString", "coordinates": [ [ -47.164639082158416, -24.290949451636674, 0.0 ], [ -47.164871774276257, -24.29093200720602, 0.0 ], [ -47.166653043001865, -24.290799633178693, 0.0 ], [ -47.167566496352649, -24.290996838344071, 0.0 ], [ -47.168778259501437, -24.291258591910267, 0.0 ], [ -47.16977006193607, -24.291704596015673, 0.0 ], [ -47.170678061022691, -24.292333752230295, 0.0 ], [ -47.17084211819067, -24.292488001878482, 0.0 ], [ -47.173206213315417, -24.294943191731843, 0.0 ], [ -47.173963177583801, -24.295277943131673, 0.0 ], [ -47.177150351686443, -24.295200964328618, 0.0 ], [ -47.178240748202313, -24.295119935108719, 0.0 ], [ -47.178449455923854, -24.295104424306881, 0.0 ], [ -47.178796269239314, -24.295005997077222, 0.0 ], [ -47.179642217440232, -24.294765898182717, 0.0 ], [ -47.182580210895011, -24.29338651176953, 0.0 ], [ -47.183336016705404, -24.292864910315501, 0.0 ], [ -47.183730071317569, -24.292137561224024, 0.0 ], [ -47.184308107155552, -24.289745242755554, 0.0 ], [ -47.184688953646855, -24.288932831700464, 0.0 ], [ -47.185322074676577, -24.288197268375164, 0.0 ], [ -47.187294153280831, -24.287135010805873, 0.0 ], [ -47.188614551908465, -24.286602600574685, 0.0 ] ] } },
{ "type": "Feature", "properties": { "Rodovia": "SP 055", "TipoRodovi": "Eixo", "Orientacao": "Transversal", "Origem": "Estadual", "Municipio": "Itariri", "CodRegiona": "DR 05", "SedeRegion": "Cubatão", "KmInicial": 369.11, "KmFinal": 369.87, "Extensao": 0.76, "DescricaoI": "Acesso Itariri (II)", "DescricaoF": "Divisa Municipal Itariri / Pedro de Toledo", "Jurisdicao": "Estadual", "Administra": "Concessionária", "Conservado": "Novo Litoral", "TipoPista": "PAV", "Sobreposic": null, "Subposicao": null, "PerimetroU": "Nã", "DataInicio": "01 11 2024", "DataFimCon": "01 11 2054", "EstadualCo": "Nã", "Denominaca": "Padre Manoel da Nobrega, Via", "Legislacao": "Dec. 52.258 de 05/08/69", "TPUso": null, "TransfMuni": null, "Subtrecho": "055SPE7584" }, "geometry": { "type": "LineString", "coordinates": [ [ -47.188614551908465, -24.286602600574685, 0.0 ], [ -47.193651070159973, -24.284572438313763, 0.0 ], [ -47.194718843352426, -24.284300092372149, 0.0 ], [ -47.195917364105831, -24.284070919785975, 0.0 ] ] } },
{ "type": "Feature", "properties": { "Rodovia": "SP 043", "TipoRodovi": "Eixo", "Orientacao": "Transversal", "Origem": "Estadual", "Municipio": "Ribeirão Pires", "CodRegiona": "DR 10", "SedeRegion": "São Paulo", "KmInicial": 53.8, "KmFinal": 56.5, "Extensao": 2.7, "DescricaoI": "Entroncamento SP 031 (km 53) (Iupeba)", "DescricaoF": "Divisa Municipal Ribeirão Pires / Suzano", "Jurisdicao": "Estadual", "Administra": "DER", "Conservado": "10.04", "TipoPista": "IMP", "Sobreposic": null, "Subposicao": null, "PerimetroU": "Nã", "DataInicio": null, "DataFimCon": null, "EstadualCo": "Nã", "Denominaca": "Estrada Vereadora Mercedes D'Orto", "Legislacao": "Dec Lei 15.843 de 01/07/2015", "TPUso": null, "TransfMuni": null, "Subtrecho": "043SPE8248" }, "geometry": { "type": "LineString", "coordinates": [ [ -46.350128527564685, -23.675055291065949, 0.0 ], [ -46.35000414249518, -23.675058970438805, 0.0 ], [ -46.349990009095222, -23.675048075748023, 0.0 ], [ -46.349970391073192, -23.675037861498772, 0.0 ], [ -46.349944655893488, -23.675033479445844, 0.0 ], [ -46.349924177544466, -23.675034922175033, 0.0 ], [ -46.349909127953218, -23.675039840515002, 0.0 ], [ -46.349898217368178, -23.67504688873515, 0.0 ], [ -46.349886761146813, -23.675058007056109, 0.0 ], [ -46.349835845373079, -23.675093670676706, 0.0 ], [ -46.349829393223523, -23.675095533157467, 0.0 ], [ -46.349805731374758, -23.675102150556757, 0.0 ], [ -46.349766446440761, -23.675115046498821, 0.0 ], [ -46.3497217946991, -23.675130516880987, 0.0 ], [ -46.349665705860453, -23.675149519426505, 0.0 ], [ -46.349599719974336, -23.675169058595802, 0.0 ], [ -46.349530506813494, -23.675189440059846, 0.0 ], [ -46.349460513908426, -23.675210277729548, 0.0 ], [ -46.349389974348377, -23.675235185410138, 0.0 ], [ -46.349316899336777, -23.675261560737759, 0.0 ], [ -46.349243597626426, -23.675284866388363, 0.0 ], [ -46.349173238926284, -23.675308327161805, 0.0 ], [ -46.349106643692124, -23.675335367605335, 0.0 ], [ -46.349042903419047, -23.675363647468295, 0.0 ], [ -46.348982626100614, -23.67539478776574, 0.0 ], [ -46.3489305371547, -23.675430913077328, 0.0 ], [ -46.348887269220498, -23.675476173751719, 0.0 ], [ -46.348842156256758, -23.67552316570605, 0.0 ], [ -46.348785452353091, -23.675549127043048, 0.0 ], [ -46.348741753863514, -23.675600261887357, 0.0 ], [ -46.348701502956871, -23.67565280974053, 0.0 ], [ -46.348659879314901, -23.675705461634042, 0.0 ], [ -46.348619610780545, -23.675765868460257, 0.0 ], [ -46.348585107035376, -23.675814844609242, 0.0 ], [ -46.348536529763606, -23.675868279757132, 0.0 ], [ -46.348488119897873, -23.675918822536691, 0.0 ], [ -46.348446566726949, -23.675988000755588, 0.0 ], [ -46.348393785880255, -23.676042735491976, 0.0 ], [ -46.348360672699819, -23.676074270540248, 0.0 ], [ -46.348354980708883, -23.676083350745653, 0.0 ], [ -46.348259843253139, -23.676192867637937, 0.0 ], [ -46.348135682391067, -23.676203022416701, 0.0 ], [ -46.347599453556747, -23.676426506890564, 0.0 ], [ -46.347525064731869, -23.676439526372043, 0.0 ], [ -46.347444939269288, -23.676457291793938, 0.0 ], [ -46.347280710622975, -23.676496920681373, 0.0 ], [ -46.346496576306009, -23.676670900288048, 0.0 ], [ -46.346430462801038, -23.676726021677947, 0.0 ], [ -46.34622939505644, -23.676883552548322, 0.0 ], [ -46.3461645089656, -23.676934058328218, 0.0 ], [ -46.346103795549411, -23.676989854720279, 0.0 ], [ -46.346050788341302, -23.67705127402284, 0.0 ], [ -46.346006546044428, -23.677116500625058, 0.0 ], [ -46.345971453666316, -23.677184627269675, 0.0 ], [ -46.345943540794288, -23.67725495057044, 0.0 ], [ -46.345922708526409, -23.677327198239414, 0.0 ], [ -46.345907760545529, -23.677399486151081, 0.0 ], [ -46.345894864310914, -23.677471122712554, 0.0 ], [ -46.345870522691797, -23.677545387868861, 0.0 ], [ -46.345864919459963, -23.677611001570931, 0.0 ], [ -46.345854214116272, -23.677685961219332, 0.0 ], [ -46.345838361396225, -23.677756178263966, 0.0 ], [ -46.345823055859618, -23.677831901076903, 0.0 ], [ -46.345802454672601, -23.677898006252221, 0.0 ], [ -46.345777120514114, -23.677971195070985, 0.0 ], [ -46.345758895599644, -23.678039537547317, 0.0 ], [ -46.345725747200902, -23.678115595100408, 0.0 ], [ -46.345696443161231, -23.678184033571597, 0.0 ], [ -46.345665457330938, -23.678251131252289, 0.0 ], [ -46.345630727164199, -23.678316365987772, 0.0 ], [ -46.34559382721006, -23.678380445077657, 0.0 ], [ -46.345557707125678, -23.678444065250947, 0.0 ], [ -46.345516709826427, -23.678500593976963, 0.0 ], [ -46.345470753783324, -23.678551657011987, 0.0 ], [ -46.345414535251209, -23.678596486922604, 0.0 ], [ -46.345355462865037, -23.678640257717444, 0.0 ], [ -46.345298344844522, -23.678683380444703, 0.0 ], [ -46.345236710657844, -23.678725999631496, 0.0 ], [ -46.34517192948563, -23.678767652996967, 0.0 ], [ -46.345106123165777, -23.678805070310748, 0.0 ], [ -46.345040135797433, -23.67884393435763, 0.0 ], [ -46.344976969258902, -23.678880516447183, 0.0 ], [ -46.344914222942478, -23.678919894934374, 0.0 ], [ -46.344851011367432, -23.678952051238351, 0.0 ], [ -46.344790236739378, -23.678992495704637, 0.0 ], [ -46.344731467470154, -23.679037167743033, 0.0 ], [ -46.34467763683395, -23.679085318413563, 0.0 ], [ -46.344628741667897, -23.67913676717982, 0.0 ], [ -46.344584086181492, -23.679190437053588, 0.0 ], [ -46.344545614911659, -23.679244776701424, 0.0 ], [ -46.344512454253831, -23.67930060388619, 0.0 ], [ -46.34448324073233, -23.679358836164106, 0.0 ], [ -46.344456364666421, -23.679415513054192, 0.0 ], [ -46.344432984003426, -23.679468818445635, 0.0 ], [ -46.344413275804484, -23.679516853964365, 0.0 ], [ -46.344396999293643, -23.679555285696203, 0.0 ], [ -46.344383191298391, -23.67958583970265, 0.0 ], [ -46.344373425529142, -23.67960895313017, 0.0 ], [ -46.344368617268557, -23.679618206625459, 0.0 ], [ -46.344369103435824, -23.679617751260849, 0.0 ], [ -46.344369303299054, -23.679618110180268, 0.0 ], [ -46.344366997518947, -23.679622826116649, 0.0 ], [ -46.344364240746266, -23.679631249690019, 0.0 ], [ -46.344360898039263, -23.67964003847197, 0.0 ], [ -46.344361198873351, -23.679640667992771, 0.0 ], [ -46.344361493560385, -23.679640665410581, 0.0 ], [ -46.344361883925025, -23.679640571499579, 0.0 ], [ -46.344359420283403, -23.679648901772204, 0.0 ], [ -46.344354732555885, -23.679669984123557, 0.0 ], [ -46.344349823131516, -23.679717259184365, 0.0 ], [ -46.344344002918319, -23.6797618321899, 0.0 ], [ -46.344335574158485, -23.679819702887926, 0.0 ], [ -46.344331266460003, -23.679877899779829, 0.0 ], [ -46.344332221031223, -23.679942463063966, 0.0 ], [ -46.344342064914613, -23.680013270189839, 0.0 ], [ -46.344355218724388, -23.680091274012224, 0.0 ], [ -46.344381406931355, -23.680168621930719, 0.0 ], [ -46.344413056547275, -23.6802429434921, 0.0 ], [ -46.344451629458511, -23.680313501876363, 0.0 ], [ -46.344489379315085, -23.680380364553553, 0.0 ], [ -46.344527738133685, -23.680439636025913, 0.0 ], [ -46.344572799194459, -23.680492617920645, 0.0 ], [ -46.344620123503972, -23.680536819945296, 0.0 ], [ -46.344666424661568, -23.680576786937792, 0.0 ], [ -46.344712527864118, -23.68061666433038, 0.0 ], [ -46.344754718656674, -23.680657479501832, 0.0 ], [ -46.344839553642245, -23.680879174894809, 0.0 ], [ -46.344823821546782, -23.680942166869517, 0.0 ], [ -46.344798658629216, -23.681003344235666, 0.0 ], [ -46.344762001297745, -23.681062453097859, 0.0 ], [ -46.344709307562383, -23.681116465016345, 0.0 ], [ -46.344199825565973, -23.681445548674009, 0.0 ], [ -46.344532237887059, -23.682786107445654, 0.0 ], [ -46.34451018987847, -23.682854663861121, 0.0 ], [ -46.344475182913001, -23.682921796862185, 0.0 ], [ -46.344428195130142, -23.682987317542469, 0.0 ], [ -46.344368232668977, -23.683040126840741, 0.0 ], [ -46.344290155342257, -23.683085959182993, 0.0 ], [ -46.344220828757557, -23.683134154292912, 0.0 ], [ -46.34415160968485, -23.683183160546889, 0.0 ], [ -46.344085054103743, -23.683233860009427, 0.0 ], [ -46.343934705054686, -23.683346696506415, 0.0 ], [ -46.343874683341554, -23.683403389464271, 0.0 ], [ -46.343816850358472, -23.683463225034075, 0.0 ], [ -46.343761871088375, -23.683523937520562, 0.0 ], [ -46.343715943360671, -23.683587643247492, 0.0 ], [ -46.343676631836807, -23.683655806612038, 0.0 ], [ -46.343637892285905, -23.683731913507163, 0.0 ], [ -46.343520614847911, -23.6840391688288, 0.0 ], [ -46.343487175292914, -23.684115771075156, 0.0 ], [ -46.343461019422399, -23.684195109259477, 0.0 ], [ -46.34342774148184, -23.684268367463051, 0.0 ], [ -46.343412548472664, -23.684345714159175, 0.0 ], [ -46.343394062151646, -23.684417489310633, 0.0 ], [ -46.343370694612787, -23.684481722217352, 0.0 ], [ -46.343344155996341, -23.684542819856382, 0.0 ], [ -46.343314163219077, -23.684601691791617, 0.0 ], [ -46.343279543830143, -23.684658976851633, 0.0 ], [ -46.343239220483746, -23.684714596092061, 0.0 ], [ -46.343204109285253, -23.684781187689701, 0.0 ], [ -46.343152351454101, -23.68484060864893, 0.0 ], [ -46.343104526691207, -23.68491056220838, 0.0 ], [ -46.343053479048052, -23.684981896560082, 0.0 ], [ -46.342998463318672, -23.685048751586358, 0.0 ], [ -46.342936911728643, -23.685109340888435, 0.0 ], [ -46.342868817743188, -23.685163122979198, 0.0 ], [ -46.342794547745775, -23.685207567108318, 0.0 ], [ -46.342719639618565, -23.685237477167306, 0.0 ], [ -46.342639830244444, -23.685267519769436, 0.0 ], [ -46.342561642632283, -23.685273976417751, 0.0 ], [ -46.342488219205393, -23.685257273408062, 0.0 ], [ -46.342416045928424, -23.685238121630046, 0.0 ], [ -46.34235258764182, -23.685198574561426, 0.0 ], [ -46.342295751046144, -23.685154453608991, 0.0 ], [ -46.342243503749387, -23.685108487682182, 0.0 ], [ -46.342198916778159, -23.685053965798254, 0.0 ], [ -46.342155401705249, -23.684998712199747, 0.0 ], [ -46.342104018881734, -23.684950931907458, 0.0 ], [ -46.342041404995229, -23.684917247050436, 0.0 ], [ -46.34196230880287, -23.684892374873609, 0.0 ], [ -46.341881200266698, -23.684881608517259, 0.0 ], [ -46.341802479572266, -23.684883915790181, 0.0 ], [ -46.341722144108495, -23.684910440133471, 0.0 ], [ -46.341568945415872, -23.685013546194178, 0.0 ], [ -46.341516082784366, -23.685080019899925, 0.0 ], [ -46.341476257809674, -23.685155683109326, 0.0 ], [ -46.3414453030488, -23.685235875302748, 0.0 ], [ -46.3414048197792, -23.686408985248839, 0.0 ], [ -46.341380999853513, -23.686486676732397, 0.0 ], [ -46.34135575675198, -23.686559505052188, 0.0 ], [ -46.341330866390031, -23.686628445028777, 0.0 ], [ -46.341313344476134, -23.68669867766139, 0.0 ], [ -46.341297914324777, -23.686772233078205, 0.0 ], [ -46.341288728364546, -23.686842663460489, 0.0 ], [ -46.341266101357945, -23.687757423700951, 0.0 ], [ -46.341232054225742, -23.687822741259229, 0.0 ], [ -46.341198749512031, -23.687883988590414, 0.0 ], [ -46.341160180253205, -23.687938688871601, 0.0 ], [ -46.341106920320378, -23.687985660103116, 0.0 ], [ -46.341032727193486, -23.688037687412166, 0.0 ], [ -46.340948781127452, -23.688085466208523, 0.0 ], [ -46.340855427670604, -23.688133867711397, 0.0 ], [ -46.340756693338363, -23.688183578856489, 0.0 ], [ -46.340659003107319, -23.688229851082564, 0.0 ], [ -46.340560007403127, -23.688273153173299, 0.0 ], [ -46.340457134255416, -23.688320823650656, 0.0 ], [ -46.340354253351755, -23.688358199129681, 0.0 ], [ -46.340249028537855, -23.688386925592958, 0.0 ], [ -46.340142564440967, -23.6883998571635, 0.0 ], [ -46.340034123571577, -23.688401698778229, 0.0 ], [ -46.339926053634741, -23.688391796704845, 0.0 ], [ -46.339817463720429, -23.688379009765359, 0.0 ], [ -46.339700188663713, -23.688370450951112, 0.0 ], [ -46.339574576489163, -23.688371266207223, 0.0 ], [ -46.339454686717694, -23.688366071545751, 0.0 ], [ -46.339333920455395, -23.68838048223758, 0.0 ], [ -46.339219804985156, -23.6883836364586, 0.0 ], [ -46.339105545863767, -23.688391848676247, 0.0 ], [ -46.338992807477489, -23.688405015816969, 0.0 ], [ -46.338882400253809, -23.688425657334125, 0.0 ], [ -46.338779032526929, -23.688453733616125, 0.0 ], [ -46.338684491791597, -23.68849157791929, 0.0 ], [ -46.338603030743997, -23.688542765569245, 0.0 ], [ -46.338538788125611, -23.688609066038254, 0.0 ], [ -46.338114940862333, -23.689724619401993, 0.0 ], [ -46.33770630941968, -23.689840947041915, 0.0 ], [ -46.337607780840067, -23.689891738240384, 0.0 ], [ -46.337368330465999, -23.690077405417732, 0.0 ], [ -46.337155582578454, -23.690333283688823, 0.0 ], [ -46.337099477145443, -23.690428413153821, 0.0 ], [ -46.337044747422659, -23.690523890217921, 0.0 ], [ -46.336994352523917, -23.690621408442425, 0.0 ], [ -46.336944221404373, -23.690715853324523, 0.0 ], [ -46.3368993949816, -23.690811155778214, 0.0 ], [ -46.336856238274926, -23.690906715299175, 0.0 ], [ -46.336807785003025, -23.691002228871152, 0.0 ], [ -46.336752927662914, -23.691094818703554, 0.0 ], [ -46.336694098174121, -23.691182564488415, 0.0 ], [ -46.336631557069552, -23.691262215957025, 0.0 ], [ -46.336567663727415, -23.691334292957979, 0.0 ], [ -46.336495039761743, -23.691396330015156, 0.0 ], [ -46.336419386649254, -23.691449904248401, 0.0 ], [ -46.336416243757981, -23.69145165855792, 0.0 ] ] } },
{ "type": "Feature", "properties": { "Rodovia": "SP 150", "TipoRodovi": "Eixo", "Orientacao": "Radial", "Origem": "Estadual", "Municipio": "São Bernardo do Campo", "CodRegiona": "DR 10", "SedeRegion": "São Paulo", "KmInicial": 13.18, "KmFinal": 18.4, "Extensao": 5.22, "DescricaoI": "Divisa Municipal São Paulo / São Bernardo do Campo", "DescricaoF": "Acesso SP 180", "Jurisdicao": "Estadual", "Administra": "Concessionária", "Conservado": "Ecovias", "TipoPista": "DUP", "Sobreposic": null, "Subposicao": null, "PerimetroU": "Nã", "DataInicio": "29 05 1998", "DataFimCon": "29 03 2034", "EstadualCo": "Sim", "Denominaca": "Anchieta, Via", "Legislacao": "Men. Dec. 10.418 , 11/08/39", "TPUso": null, "TransfMuni": null, "Subtrecho": "150SPE3668" }, "geometry": { "type": "LineString", "coordinates": [ [ -46.585051517846253, -23.644454166670776, 0.0 ], [ -46.584179989271895, -23.645235682077306, 0.0 ], [ -46.583873007904124, -23.645592350636459, 0.0 ], [ -46.583593170954089, -23.646050661941615, 0.0 ], [ -46.583095633060481, -23.646921485663331, 0.0 ], [ -46.582120484064049, -23.648615332760031, 0.0 ], [ -46.581423080437908, -23.649915279942189, 0.0 ], [ -46.58096235087104, -23.650772067848465, 0.0 ], [ -46.58046657990063, -23.651594301221134, 0.0 ], [ -46.579950999733562, -23.652439803372957, 0.0 ], [ -46.579477492774238, -23.653300275900509, 0.0 ], [ -46.578862791072943, -23.654412057410305, 0.0 ], [ -46.577911061117611, -23.656049629984345, 0.0 ], [ -46.577750966077367, -23.656330133625488, 0.0 ], [ -46.577559288459483, -23.656725243327354, 0.0 ], [ -46.57739907602064, -23.657173452828665, 0.0 ], [ -46.576603747689887, -23.659119485755419, 0.0 ], [ -46.57549591846967, -23.661743090759025, 0.0 ], [ -46.574934048492139, -23.663132452399879, 0.0 ], [ -46.574312541115994, -23.664642574969125, 0.0 ], [ -46.57367834360177, -23.666251003621042, 0.0 ], [ -46.57279947874818, -23.668305442691167, 0.0 ], [ -46.572656269699841, -23.668631554212489, 0.0 ], [ -46.572202581584371, -23.669664932708685, 0.0 ], [ -46.570668898386344, -23.673528651130123, 0.0 ], [ -46.570356090872252, -23.674457123711857, 0.0 ], [ -46.570108952250941, -23.675145297354661, 0.0 ], [ -46.569888478861145, -23.675768782767296, 0.0 ], [ -46.569621898044176, -23.676584982101403, 0.0 ], [ -46.569404185957616, -23.677229013522819, 0.0 ], [ -46.569164073152535, -23.677895577496511, 0.0 ], [ -46.568920833244441, -23.678561983479604, 0.0 ], [ -46.568347250418014, -23.680323534872496, 0.0 ], [ -46.567957903123933, -23.681461930510437, 0.0 ], [ -46.56713085123716, -23.683904952575883, 0.0 ], [ -46.566164437358005, -23.686755772125863, 0.0 ], [ -46.565924153968425, -23.687479647341679, 0.0 ], [ -46.565167783475253, -23.689604138476398, 0.0 ] ] } },
{ "type": "Feature", "properties": { "Rodovia": "SP 150", "TipoRodovi": "Eixo", "Orientacao": "Radial", "Origem": "Estadual", "Municipio": "São Bernardo do Campo", "CodRegiona": "DR 10", "SedeRegion": "São Paulo", "KmInicial": 18.4, "KmFinal": 29.42, "Extensao": 11.02, "DescricaoI": "Acesso SP 180", "DescricaoF": "Entroncamento SP 148 (km 29)", "Jurisdicao": "Estadual", "Administra": "Concessionária", "Conservado": "Ecovias", "TipoPista": "DUP", "Sobreposic": null, "Subposicao": null, "PerimetroU": "Nã", "DataInicio": "29 05 1998", "DataFimCon": "29 03 2034", "EstadualCo": "Sim", "Denominaca": "Anchieta, Via", "Legislacao": "Men. Dec. 10.418 , 11/08/39", "TPUso": null, "TransfMuni": null, "Subtrecho": "150SPE8034" }, "geometry": { "type": "MultiLineString", "coordinates": [ [ [ -46.565167783475253, -23.689604138476398, 0.0 ], [ -46.564918579047855, -23.690190974175128, 0.0 ], [ -46.564067772895164, -23.692853770818115, 0.0 ], [ -46.563903757490493, -23.693366268150235, 0.0 ], [ -46.563173799059847, -23.695530260239384, 0.0 ], [ -46.562571185320472, -23.697274603983704, 0.0 ], [ -46.562321039755737, -23.697935880186499, 0.0 ], [ -46.562089404716623, -23.698588793475608, 0.0 ], [ -46.56195832592352, -23.698978323748541, 0.0 ], [ -46.561752937611161, -23.699693813637378, 0.0 ], [ -46.56165063394652, -23.700223589478924, 0.0 ], [ -46.561611493521859, -23.700717680499576, 0.0 ], [ -46.561577365663112, -23.702223986177952, 0.0 ], [ -46.561526713073832, -23.702664353527261, 0.0 ], [ -46.56157937918092, -23.703921227013534, 0.0 ], [ -46.561614000996954, -23.705577732607608, 0.0 ], [ -46.561620438432925, -23.706035038165993, 0.0 ], [ -46.561626454808156, -23.707536636476632, 0.0 ], [ -46.561596244474018, -23.708554845083178, 0.0 ], [ -46.561631835189459, -23.709710374865608, 0.0 ], [ -46.561586861905688, -23.710691537361335, 0.0 ], [ -46.561595763182602, -23.711767607275142, 0.0 ], [ -46.561633544170839, -23.712732058036085, 0.0 ], [ -46.561618425108051, -23.713053797112511, 0.0 ], [ -46.561606999696529, -23.713460208979271, 0.0 ], [ -46.561559659573362, -23.713920583455867, 0.0 ], [ -46.561556477655181, -23.714149743078217, 0.0 ], [ -46.561371442409417, -23.714714786888422, 0.0 ], [ -46.561217495634679, -23.715105958914531, 0.0 ], [ -46.56097962185941, -23.715640081141142, 0.0 ], [ -46.560606843613229, -23.716163303179393, 0.0 ], [ -46.559973938118567, -23.716841153244474, 0.0 ], [ -46.559701684976268, -23.717133455040688, 0.0 ], [ -46.558408503311959, -23.718308660429656, 0.0 ], [ -46.556507346234959, -23.720135642426097, 0.0 ], [ -46.553965600369665, -23.722622567434549, 0.0 ], [ -46.553379950524331, -23.723195566024259, 0.0 ], [ -46.552650676126241, -23.723916798807199, 0.0 ], [ -46.551737746766513, -23.724908550110261, 0.0 ], [ -46.551194695278909, -23.72560354800104, 0.0 ], [ -46.550812180378657, -23.726041055186808, 0.0 ], [ -46.55014046286874, -23.726901903204901, 0.0 ], [ -46.549841056971161, -23.727311846677214, 0.0 ], [ -46.549589604631876, -23.727625568369721, 0.0 ], [ -46.549198926795221, -23.728173152993453, 0.0 ], [ -46.548502180309001, -23.729064212112952, 0.0 ], [ -46.547801819178247, -23.73000506101609, 0.0 ], [ -46.543636547444891, -23.735520197960366, 0.0 ], [ -46.543090818126849, -23.736240903912051, 0.0 ], [ -46.542759188948452, -23.736692282051685, 0.0 ], [ -46.542400775880509, -23.737223565549066, 0.0 ], [ -46.542242126766261, -23.737670854707055, 0.0 ], [ -46.542075115388997, -23.738274457780811, 0.0 ], [ -46.541773698328079, -23.739487256546155, 0.0 ], [ -46.54132107803504, -23.741345734924643, 0.0 ], [ -46.54086530113446, -23.743256584221729, 0.0 ], [ -46.540752821747297, -23.743659698187138, 0.0 ], [ -46.540641489566532, -23.744070030805073, 0.0 ], [ -46.540531135670577, -23.744408744788824, 0.0 ], [ -46.540500326589076, -23.74449751458959, 0.0 ], [ -46.540336155582651, -23.745029817999963, 0.0 ], [ -46.539944483606625, -23.746099059759601, 0.0 ], [ -46.539670892930722, -23.746757242908405, 0.0 ], [ -46.539566263400218, -23.746933347883083, 0.0 ], [ -46.539430941228105, -23.747290962462255, 0.0 ], [ -46.539283564882631, -23.747460195781876, 0.0 ], [ -46.538085975935573, -23.749128343405072, 0.0 ], [ -46.536622729032004, -23.751120612014741, 0.0 ], [ -46.535824868060566, -23.75223122121033, 0.0 ], [ -46.534955335459635, -23.753456550436223, 0.0 ], [ -46.534607341709822, -23.753918665491131, 0.0 ], [ -46.534343369766852, -23.75440167253273, 0.0 ], [ -46.534233607448492, -23.754721949585779, 0.0 ], [ -46.53420914956515, -23.754821444312057, 0.0 ], [ -46.53421169065593, -23.755036245374207, 0.0 ], [ -46.534170512363879, -23.755359231748407, 0.0 ], [ -46.534263321216891, -23.755792642142037, 0.0 ], [ -46.534601664153968, -23.756703028133206, 0.0 ], [ -46.534753525804902, -23.757210849199826, 0.0 ], [ -46.534840253423148, -23.757914018527426, 0.0 ], [ -46.534780266487139, -23.758576676510646, 0.0 ], [ -46.534441370152514, -23.759730886923457, 0.0 ], [ -46.534138040096131, -23.761022664039171, 0.0 ], [ -46.534058086056142, -23.761376580651653, 0.0 ], [ -46.534032951507996, -23.761596686810105, 0.0 ], [ -46.534048287369949, -23.762477496556425, 0.0 ], [ -46.534191819922675, -23.763794994248656, 0.0 ] ], [ [ -46.5341903189289, -23.763795130429425, 0.0 ], [ -46.534479681805919, -23.766437330852266, 0.0 ], [ -46.534535655699841, -23.766777515463762, 0.0 ], [ -46.53457504456312, -23.76747976747976, 0.0 ], [ -46.534531038922985, -23.768216939942452, 0.0 ], [ -46.534194731784211, -23.769514231279629, 0.0 ], [ -46.533700313531796, -23.7704268486047, 0.0 ], [ -46.532625057559216, -23.771773624726297, 0.0 ], [ -46.53109827402654, -23.773536699211377, 0.0 ], [ -46.53000860370858, -23.774756527842765, 0.0 ], [ -46.529640459418751, -23.775167189608403, 0.0 ], [ -46.529142157129669, -23.775640113754086, 0.0 ], [ -46.528546028413992, -23.776265511997497, 0.0 ], [ -46.528287999588201, -23.776848472664689, 0.0 ] ] ] } },
{ "type": "Feature", "properties": { "Rodovia": "SP 150", "TipoRodovi": "Eixo", "Orientacao": "Radial", "Origem": "Estadual", "Municipio": "São Bernardo do Campo", "CodRegiona": "DR 10", "SedeRegion": "São Paulo", "KmInicial": 29.42, "KmFinal": 40.02, "Extensao": 10.6, "DescricaoI": "Entroncamento SP 148 (km 29)", "DescricaoF": "Entroncamento SPI 040/150", "Jurisdicao": "Estadual", "Administra": "Concessionária", "Conservado": "Ecovias", "TipoPista": "DUP", "Sobreposic": null, "Subposicao": null, "PerimetroU": "Nã", "DataInicio": "29 05 1998", "DataFimCon": "29 03 2034", "EstadualCo": "Sim", "Denominaca": "Anchieta, Via", "Legislacao": "Men. Dec. 10.418 , 11/08/39", "TPUso": null, "TransfMuni": null, "Subtrecho": "150SPE4005" }, "geometry": { "type": "LineString", "coordinates": [ [ -46.528287999588201, -23.776848472664689, 0.0 ], [ -46.528216692679301, -23.777030904822265, 0.0 ], [ -46.528138049846177, -23.777613657279922, 0.0 ], [ -46.527998683149235, -23.778313288810704, 0.0 ], [ -46.527971194300775, -23.778926985252589, 0.0 ], [ -46.527422054993927, -23.781301938228236, 0.0 ], [ -46.526837087396075, -23.782706761644896, 0.0 ], [ -46.526373489569096, -23.7833621552364, 0.0 ], [ -46.526018820796779, -23.783773656347041, 0.0 ], [ -46.524372203549362, -23.785182223041133, 0.0 ], [ -46.522470065401755, -23.786804928944971, 0.0 ], [ -46.521600767168046, -23.787544238085097, 0.0 ], [ -46.52138732535856, -23.787719138865619, 0.0 ], [ -46.52093024102895, -23.788210748264117, 0.0 ], [ -46.520266262232973, -23.788870738905878, 0.0 ], [ -46.51958330013229, -23.789513525999848, 0.0 ], [ -46.519582874695061, -23.789513918452268, 0.0 ], [ -46.518761350976547, -23.790143949831613, 0.0 ], [ -46.516844551417158, -23.791663856744442, 0.0 ], [ -46.515797946718159, -23.792553676118256, 0.0 ], [ -46.515380632282124, -23.792904050909417, 0.0 ], [ -46.514279940014326, -23.793849320294161, 0.0 ], [ -46.513270007398376, -23.794725290575748, 0.0 ], [ -46.512156139903581, -23.795687489488355, 0.0 ], [ -46.511586066504492, -23.796449667408872, 0.0 ], [ -46.511286559905727, -23.796978665125831, 0.0 ], [ -46.511063713351234, -23.797524042334938, 0.0 ], [ -46.51095705088315, -23.798176784214924, 0.0 ], [ -46.510824529160061, -23.799396225151405, 0.0 ], [ -46.510730996789071, -23.800118030482022, 0.0 ], [ -46.510549349903997, -23.801492411823155, 0.0 ], [ -46.510439373912952, -23.802369889371253, 0.0 ], [ -46.510276411067245, -23.803395567241484, 0.0 ], [ -46.510197816148754, -23.803942164051353, 0.0 ], [ -46.509840420620769, -23.805214892015783, 0.0 ], [ -46.509251972601788, -23.807011085497628, 0.0 ], [ -46.508863395148666, -23.808267007674097, 0.0 ], [ -46.508675843686675, -23.808873174049953, 0.0 ], [ -46.508378780641173, -23.811346987400153, 0.0 ], [ -46.508217830770249, -23.81294089892894, 0.0 ], [ -46.508109097008024, -23.814036423645909, 0.0 ], [ -46.507731402472267, -23.817833624829667, 0.0 ], [ -46.507405683871561, -23.821191878117794, 0.0 ], [ -46.507213361108654, -23.823217868206346, 0.0 ], [ -46.506823006046034, -23.82717784400571, 0.0 ], [ -46.506678990817854, -23.828611352203762, 0.0 ], [ -46.506225836317014, -23.833276342995578, 0.0 ], [ -46.505694723024895, -23.838583923778607, 0.0 ], [ -46.50563815061868, -23.839309427134896, 0.0 ], [ -46.505434856806886, -23.841122195319677, 0.0 ], [ -46.505095484421588, -23.844558209727488, 0.0 ], [ -46.504998754314265, -23.845744319466334, 0.0 ], [ -46.504671361649059, -23.849332994392277, 0.0 ], [ -46.50458608268638, -23.850183115013433, 0.0 ], [ -46.504348998195418, -23.852545196550665, 0.0 ], [ -46.504283558949503, -23.85334822278756, 0.0 ], [ -46.504100795193274, -23.855153259699041, 0.0 ], [ -46.503792894254538, -23.856828983544784, 0.0 ], [ -46.503446834486425, -23.857616137863364, 0.0 ], [ -46.502402441322957, -23.859081486684421, 0.0 ], [ -46.501497574580931, -23.859912003965906, 0.0 ], [ -46.500805430841318, -23.860535524228858, 0.0 ], [ -46.499755058684265, -23.861432971944925, 0.0 ], [ -46.499256400247127, -23.861850475652108, 0.0 ], [ -46.49898810431938, -23.862107375183665, 0.0 ], [ -46.497891924368446, -23.863133720465154, 0.0 ], [ -46.497536558019867, -23.863437766101139, 0.0 ] ] } },
{ "type": "Feature", "properties": { "Rodovia": "SP 150", "TipoRodovi": "Eixo", "Orientacao": "Radial", "Origem": "Estadual", "Municipio": "São Bernardo do Campo", "CodRegiona": "DR 10", "SedeRegion": "São Paulo", "KmInicial": 40.02, "KmFinal": 42.87, "Extensao": 2.85, "DescricaoI": "Entroncamento SPI 040/150", "DescricaoF": "Divisa Municipal São Bernardo do Campo / Cubatão", "Jurisdicao": "Estadual", "Administra": "Concessionária", "Conservado": "Ecovias", "TipoPista": "DUP", "Sobreposic": null, "Subposicao": null, "PerimetroU": "Nã", "DataInicio": "29 05 1998", "DataFimCon": "29 03 2034", "EstadualCo": "Sim", "Denominaca": "Anchieta, Via", "Legislacao": "Men. Dec. 10.418 , 11/08/39", "TPUso": null, "TransfMuni": null, "Subtrecho": "150SPE1279" }, "geometry": { "type": "LineString", "coordinates": [ [ -46.497536558019867, -23.863437766101139, 0.0 ], [ -46.497032245163837, -23.863833783848232, 0.0 ], [ -46.496347507023991, -23.864435568862106, 0.0 ], [ -46.495985964040415, -23.864857578847527, 0.0 ], [ -46.495496785399624, -23.865487097002717, 0.0 ], [ -46.494598893188986, -23.866814278877531, 0.0 ], [ -46.493911749148197, -23.867866391265988, 0.0 ], [ -46.493437048478121, -23.868527067129158, 0.0 ], [ -46.492472874539303, -23.869588269723895, 0.0 ], [ -46.492115481491119, -23.86995817744647, 0.0 ], [ -46.491789053108342, -23.870254566488025, 0.0 ], [ -46.491426201941877, -23.870474908294369, 0.0 ], [ -46.490054358859211, -23.870769599494047, 0.0 ], [ -46.489657025806473, -23.870870571113343, 0.0 ], [ -46.489322255447327, -23.871131127188466, 0.0 ], [ -46.489214970541724, -23.871331922042579, 0.0 ], [ -46.489181063060009, -23.871481166550236, 0.0 ], [ -46.489164430260615, -23.871723950286828, 0.0 ], [ -46.489381083072836, -23.872660402485074, 0.0 ], [ -46.489499022162384, -23.872999064013062, 0.0 ], [ -46.489666279943265, -23.873338393050414, 0.0 ], [ -46.489986126747787, -23.873749320487473, 0.0 ], [ -46.490067360526112, -23.873917244092471, 0.0 ], [ -46.490105014135793, -23.874144536116994, 0.0 ], [ -46.490085739357589, -23.874368628486259, 0.0 ], [ -46.490023855626276, -23.874560456816837, 0.0 ], [ -46.489855068179686, -23.87478732759649, 0.0 ], [ -46.489721428687574, -23.874911369043851, 0.0 ], [ -46.489388029309254, -23.875232797572469, 0.0 ], [ -46.489184090190648, -23.875557243681314, 0.0 ], [ -46.489044598606228, -23.876366105909813, 0.0 ], [ -46.48895663214671, -23.876633716033929, 0.0 ], [ -46.488786521541599, -23.876860601413227, 0.0 ], [ -46.488275889404221, -23.877199562725352, 0.0 ], [ -46.488113006102274, -23.877301877798413, 0.0 ], [ -46.487922224300945, -23.877468980335721, 0.0 ], [ -46.487739643502408, -23.877702611081869, 0.0 ], [ -46.487657598145525, -23.877937436172754, 0.0 ], [ -46.4876352661136, -23.878322123493984, 0.0 ], [ -46.48769890852347, -23.878681582212618, 0.0 ], [ -46.487784017850736, -23.879225787929403, 0.0 ], [ -46.487896172448984, -23.880258350482858, 0.0 ], [ -46.487783097930773, -23.88058674280563, 0.0 ], [ -46.487615463578024, -23.880812120877344, 0.0 ], [ -46.487277156810293, -23.881163105326781, 0.0 ], [ -46.48708126091497, -23.881418124925506, 0.0 ], [ -46.486959502814351, -23.881643680599854, 0.0 ], [ -46.486899214423921, -23.881850171489077, 0.0 ], [ -46.486901203140121, -23.882162554605255, 0.0 ], [ -46.486911487447166, -23.882422818872925, 0.0 ], [ -46.487108523372804, -23.88288904491538, 0.0 ], [ -46.487350201997735, -23.883301225023772, 0.0 ], [ -46.487479970969623, -23.883630831248393, 0.0 ], [ -46.487469428716473, -23.884089573042566, 0.0 ], [ -46.487341285327652, -23.884425033058442, 0.0 ], [ -46.487292370879345, -23.88448396776699, 0.0 ] ] } },
{ "type": "Feature", "properties": { "Rodovia": "SP 148", "TipoRodovi": "Eixo", "Orientacao": "Radial", "Origem": "Estadual", "Municipio": "São Bernardo do Campo", "CodRegiona": "DR 10", "SedeRegion": "São Paulo", "KmInicial": 29.422, "KmFinal": 33.1, "Extensao": 3.678, "DescricaoI": "Entroncamento SP 150 (km 29) (Riacho Grande)", "DescricaoF": "Entroncamento SP 031 (km 33)", "Jurisdicao": "Estadual", "Administra": "DER", "Conservado": "10.01", "TipoPista": "PAV", "Sobreposic": null, "Subposicao": null, "PerimetroU": "Nã", "DataInicio": null, "DataFimCon": null, "EstadualCo": "Nã", "Denominaca": "Caminho do Mar", "Legislacao": "Lei nº 2.360 de 04 janeiro de 1.929", "TPUso": null, "TransfMuni": null, "Subtrecho": "148SPE5783" }, "geometry": { "type": "LineString", "coordinates": [ [ -46.528287999588201, -23.776848472664689, 0.0 ], [ -46.527515157204505, -23.776571018424526, 0.0 ], [ -46.524375993076156, -23.777411981578101, 0.0 ], [ -46.520874559695628, -23.777239890192053, 0.0 ], [ -46.518451845713372, -23.7780757085042, 0.0 ], [ -46.517629270431563, -23.778199479108689, 0.0 ], [ -46.508763756573508, -23.779046109266758, 0.0 ], [ -46.506983196229427, -23.779784318862845, 0.0 ], [ -46.506353748840382, -23.780409265160291, 0.0 ], [ -46.506333863389791, -23.781231476155881, 0.0 ], [ -46.508153495026853, -23.785287871940064, 0.0 ], [ -46.507898255005649, -23.78594882178572, 0.0 ], [ -46.507290028378236, -23.786409618015515, 0.0 ], [ -46.506498744198709, -23.788443288196341, 0.0 ], [ -46.506104869421563, -23.789003287693255, 0.0 ], [ -46.505911182590275, -23.790470621929927, 0.0 ], [ -46.504958402340442, -23.79128282534624, 0.0 ], [ -46.503619420373539, -23.791737957232826, 0.0 ], [ -46.503284349836058, -23.791857332903827, 0.0 ] ] } },
{ "type": "Feature", "properties": { "Rodovia": "SP 148", "TipoRodovi": "Eixo", "Orientacao": "Radial", "Origem": "Estadual", "Municipio": "São Bernardo do Campo", "CodRegiona": "DR 10", "SedeRegion": "São Paulo", "KmInicial": 33.1, "KmFinal": 38.1, "Extensao": 5.0, "DescricaoI": "Entroncamento SP 031 (km 33)", "DescricaoF": "Inicio trecho sob adminitração da Sec. da Fazenda", "Jurisdicao": "Estadual", "Administra": "DER", "Conservado": "10.01", "TipoPista": "PAV", "Sobreposic": null, "Subposicao": null, "PerimetroU": "Nã", "DataInicio": null, "DataFimCon": null, "EstadualCo": "Nã", "Denominaca": "Caminho do Mar", "Legislacao": "Lei nº 2.360 de 04 janeiro de 1.929", "TPUso": null, "TransfMuni": null, "Subtrecho": "148SPE6267" }, "geometry": { "type": "LineString", "coordinates": [ [ -46.503284349836058, -23.791857332903827, 0.0 ], [ -46.502389503813028, -23.792175899780631, 0.0 ], [ -46.50182793149483, -23.792780750018451, 0.0 ], [ -46.500675249440683, -23.794178422396531, 0.0 ], [ -46.499746347832385, -23.795733209873234, 0.0 ], [ -46.499052479386279, -23.795803826179519, 0.0 ], [ -46.497554817268885, -23.795347278605519, 0.0 ], [ -46.496959308778841, -23.795705402107117, 0.0 ], [ -46.496665068041928, -23.798230678479435, 0.0 ], [ -46.497173840410582, -23.800633177800691, 0.0 ], [ -46.497005653821276, -23.801299197643569, 0.0 ], [ -46.493280895287434, -23.804384851078407, 0.0 ], [ -46.492749057773381, -23.805085342523537, 0.0 ], [ -46.492062454869554, -23.806677800009556, 0.0 ], [ -46.491478512620702, -23.807344345048548, 0.0 ], [ -46.487666780170905, -23.809922912463783, 0.0 ], [ -46.482835185329975, -23.811697046368938, 0.0 ], [ -46.480939250856188, -23.812685081924329, 0.0 ], [ -46.479486017542051, -23.814088605878819, 0.0 ], [ -46.47789565195577, -23.816551859413341, 0.0 ], [ -46.477240616644437, -23.818222035094035, 0.0 ], [ -46.476569829421258, -23.822666746832695, 0.0 ] ] } },
{ "type": "Feature", "properties": { "Rodovia": "SP 148", "TipoRodovi": "Eixo", "Orientacao": "Radial", "Origem": "Estadual", "Municipio": "São Bernardo do Campo", "CodRegiona": "DR 10", "SedeRegion": "São Paulo", "KmInicial": 38.1, "KmFinal": 42.8, "Extensao": 4.7, "DescricaoI": "Inicio trecho sob adminitração da Sec. da Fazenda", "DescricaoF": "Divisa Municipal São Bernardo do Campo /Cubatão", "Jurisdicao": "Estadual", "Administra": "Prefeitura", "Conservado": "Sec. da Fazenda", "TipoPista": "PAV", "Sobreposic": null, "Subposicao": null, "PerimetroU": "Nã", "DataInicio": "03 09 2020", "DataFimCon": "03 09 2052", "EstadualCo": "Nã", "Denominaca": "Caminho do Mar", "Legislacao": "Lei nº 2.360 de 04 janeiro de 1.929", "TPUso": null, "TransfMuni": null, "Subtrecho": "148SPE5304" }, "geometry": { "type": "LineString", "coordinates": [ [ -46.476569829421258, -23.822666746832695, 0.0 ], [ -46.476244714858865, -23.824820769227138, 0.0 ], [ -46.47266522337879, -23.832356934971699, 0.0 ], [ -46.471893312211307, -23.835444142249447, 0.0 ], [ -46.471848782509362, -23.83631268896146, 0.0 ], [ -46.472496763712563, -23.83844191673348, 0.0 ], [ -46.472773416219859, -23.840550430796011, 0.0 ], [ -46.473322516983636, -23.841826595843226, 0.0 ], [ -46.472046803216202, -23.844345378771411, 0.0 ], [ -46.471462297324422, -23.846454273152798, 0.0 ], [ -46.469508133964183, -23.848178879741326, 0.0 ], [ -46.468004003139846, -23.850024055311202, 0.0 ], [ -46.466273898304621, -23.851680495918558, 0.0 ], [ -46.465456360438836, -23.852823839007268, 0.0 ], [ -46.465598257420218, -23.853308274594024, 0.0 ], [ -46.466501373237307, -23.855156403529381, 0.0 ], [ -46.466518002387183, -23.855732592480162, 0.0 ], [ -46.466026365733775, -23.858269635888956, 0.0 ], [ -46.465105210630973, -23.860460152738348, 0.0 ] ] } },
{ "type": "Feature", "properties": { "Rodovia": "SP 066", "TipoRodovi": "Eixo", "Orientacao": "Radial", "Origem": "Estadual", "Municipio": "São José dos Campos", "CodRegiona": "DR 06", "SedeRegion": "Taubaté", "KmInicial": 103.1, "KmFinal": 108.6, "Extensao": 5.5, "DescricaoI": "Divisa municipal Jacareí/São José dos Campos", "DescricaoF": "Entroncamento BR 116 (km 154.5) (SP 060)", "Jurisdicao": "Estadual", "Administra": "Prefeitura", "Conservado": "Prefeitura", "TipoPista": "PAV", "Sobreposic": null, "Subposicao": null, "PerimetroU": "Nã", "DataInicio": null, "DataFimCon": null, "EstadualCo": "Nã", "Denominaca": "Geraldo Scavone", "Legislacao": "Lei 6.845 de 26/04/90", "TPUso": null, "TransfMuni": null, "Subtrecho": "066SPE2557" }, "geometry": { "type": "LineString", "coordinates": [ [ -45.915311344370615, -23.273684449506302, 0.0 ], [ -45.914510101861723, -23.273410792045734, 0.0 ], [ -45.913969959854306, -23.272909666693717, 0.0 ], [ -45.9130222121196, -23.271669980850358, 0.0 ], [ -45.912681097458531, -23.270886942257466, 0.0 ], [ -45.912783589273218, -23.268880274712913, 0.0 ], [ -45.912941997895203, -23.267232555675431, 0.0 ], [ -45.912599966875931, -23.265025113167361, 0.0 ], [ -45.911534774253418, -23.261765842212409, 0.0 ], [ -45.908226613622837, -23.249082211975775, 0.0 ], [ -45.906295879621531, -23.241206884628486, 0.0 ], [ -45.904904529928359, -23.23848695082927, 0.0 ], [ -45.90089897284652, -23.230607443493678, 0.0 ], [ -45.901110767681139, -23.220461359202606, 0.0 ] ] } },
{ "type": "Feature", "properties": { "Rodovia": "SP 099", "TipoRodovi": "Eixo", "Orientacao": "Transversal", "Origem": "Estadual", "Municipio": "São José dos Campos", "CodRegiona": "DR 06", "SedeRegion": "Taubaté", "KmInicial": 0.0, "KmFinal": 4.5, "Extensao": 4.5, "DescricaoI": "Entroncamento BR 116 (km 151) (São José Dos Campos Perímetro Urbano (A))", "DescricaoF": "São José dos Campos Perímetro Urbano (B)", "Jurisdicao": "Estadual", "Administra": "Prefeitura", "Conservado": "Prefeitura", "TipoPista": "DUP", "Sobreposic": null, "Subposicao": null, "PerimetroU": "Nã", "DataInicio": null, "DataFimCon": null, "EstadualCo": "Nã", "Denominaca": "Estrada dos Tamoios", "Legislacao": "Lei 1.796 de 18/10/78", "TPUso": null, "TransfMuni": null, "Subtrecho": "099SPE7154" }, "geometry": { "type": "LineString", "coordinates": [ [ -45.888040271607316, -23.208076028262017, 0.0 ], [ -45.884332498848615, -23.210843116943504, 0.0 ], [ -45.878818838010275, -23.219603555179972, 0.0 ], [ -45.877486055146449, -23.221073105698263, 0.0 ], [ -45.875963252434957, -23.222878287570865, 0.0 ], [ -45.874531720640391, -23.22459003997082, 0.0 ], [ -45.87329459981774, -23.226272512409302, 0.0 ], [ -45.872245264365475, -23.227815022853466, 0.0 ], [ -45.871534480084968, -23.228676034634063, 0.0 ], [ -45.869909177294723, -23.230578850606332, 0.0 ], [ -45.869245391506915, -23.231721802941266, 0.0 ], [ -45.868791884803649, -23.234155562998495, 0.0 ], [ -45.868351669267362, -23.236634140486107, 0.0 ], [ -45.868274720363665, -23.237895491792713, 0.0 ], [ -45.867940752097809, -23.239158356946621, 0.0 ], [ -45.867391897637638, -23.241837324875071, 0.0 ], [ -45.867158213835758, -23.243561432605798, 0.0 ], [ -45.866911171634328, -23.244419692551759, 0.0 ] ] } },
{ "type": "Feature", "properties": { "Rodovia": "SP 099", "TipoRodovi": "Eixo", "Orientacao": "Transversal", "Origem": "Estadual", "Municipio": "São José dos Campos", "CodRegiona": "DR 06", "SedeRegion": "Taubaté", "KmInicial": 4.5, "KmFinal": 9.3, "Extensao": 4.8, "DescricaoI": "São José dos Campos Perímetro Urbano (B)", "DescricaoF": "Fim trecho denominado Octavio Fria de Oliveira", "Jurisdicao": "Estadual", "Administra": "Concessionária", "Conservado": "Ecopistas", "TipoPista": "DUP", "Sobreposic": null, "Subposicao": null, "PerimetroU": "Nã", "DataInicio": "18 06 2009", "DataFimCon": "31 05 2039", "EstadualCo": "Nã", "Denominaca": "Octavio Fria de Oliveira", "Legislacao": "Decreto nº 54.652 de 06/08/2009", "TPUso": null, "TransfMuni": null, "Subtrecho": "099SPE0695" }, "geometry": { "type": "LineString", "coordinates": [ [ -45.866911171634328, -23.244419692551759, 0.0 ], [ -45.862980815100187, -23.246585061646883, 0.0 ], [ -45.861940601961926, -23.247047182574267, 0.0 ], [ -45.840881993933117, -23.253942517600212, 0.0 ], [ -45.83913688852428, -23.254756368934547, 0.0 ], [ -45.831885960884051, -23.259911913933685, 0.0 ], [ -45.826041564353787, -23.263687971702524, 0.0 ] ] } },
{ "type": "Feature", "properties": { "Rodovia": "SP 099", "TipoRodovi": "Eixo", "Orientacao": "Transversal", "Origem": "Estadual", "Municipio": "São José dos Campos", "CodRegiona": "DR 06", "SedeRegion": "Taubaté", "KmInicial": 9.3, "KmFinal": 10.0, "Extensao": 0.7, "DescricaoI": "Fim trecho denominado Octavio Fria de Oliveira", "DescricaoF": "Entroncamento SP 070 (km 96)", "Jurisdicao": "Estadual", "Administra": "Concessionária", "Conservado": "Ecopistas", "TipoPista": "DUP", "Sobreposic": null, "Subposicao": null, "PerimetroU": "Nã", "DataInicio": "18 06 2009", "DataFimCon": "31 05 2039", "EstadualCo": "Nã", "Denominaca": "Estrada dos Tamoios", "Legislacao": "Lei 1.796 de 18/10/1978", "TPUso": null, "TransfMuni": null, "Subtrecho": "099SPE4920" }, "geometry": { "type": "LineString", "coordinates": [ [ -45.826041564353787, -23.263687971702524, 0.0 ], [ -45.820537188407236, -23.267243847682067, 0.0 ] ] } },
{ "type": "Feature", "properties": { "Rodovia": "SP 099", "TipoRodovi": "Eixo", "Orientacao": "Transversal", "Origem": "Estadual", "Municipio": "São José dos Campos", "CodRegiona": "DR 06", "SedeRegion": "Taubaté", "KmInicial": 10.0, "KmFinal": 11.5, "Extensao": 1.5, "DescricaoI": "Entroncamento SP 070 (km 96)", "DescricaoF": "Final Trecho Concedido", "Jurisdicao": "Estadual", "Administra": "Concessionária", "Conservado": "Ecopistas", "TipoPista": "DUP", "Sobreposic": null, "Subposicao": null, "PerimetroU": "Nã", "DataInicio": "18 06 2009", "DataFimCon": "31 05 2039", "EstadualCo": "Nã", "Denominaca": "Estrada dos Tamoios", "Legislacao": "Lei 1.796 de 18/10/1978", "TPUso": null, "TransfMuni": null, "Subtrecho": "099SPE8678" }, "geometry": { "type": "LineString", "coordinates": [ [ -45.820537188407236, -23.267243847682067, 0.0 ], [ -45.816074325796222, -23.270127021960342, 0.0 ], [ -45.814949126896195, -23.271200343728552, 0.0 ], [ -45.814741529578725, -23.271549638563812, 0.0 ] ] } },
{ "type": "Feature", "properties": { "Rodovia": "SP 099", "TipoRodovi": "Eixo", "Orientacao": "Transversal", "Origem": "Estadual", "Municipio": "São José dos Campos", "CodRegiona": "DR 06", "SedeRegion": "Taubaté", "KmInicial": 11.5, "KmFinal": 12.93, "Extensao": 1.43, "DescricaoI": "Final Trecho Concedido", "DescricaoF": "Divisa Municipal São José dos Campos / Jacareí", "Jurisdicao": "Estadual", "Administra": "Concessionária", "Conservado": "Tamoios", "TipoPista": "DUP", "Sobreposic": null, "Subposicao": null, "PerimetroU": "Nã", "DataInicio": "18 04 2015", "DataFimCon": "18 04 2045", "EstadualCo": "Nã", "Denominaca": "Estrada dos Tamoios", "Legislacao": "Lei 1.796 de 18/10/78", "TPUso": null, "TransfMuni": null, "Subtrecho": "099SPE8815" }, "geometry": { "type": "LineString", "coordinates": [ [ -45.814741529578725, -23.271549638563812, 0.0 ], [ -45.812484544470315, -23.275346975508956, 0.0 ], [ -45.811300701993403, -23.276544538707178, 0.0 ], [ -45.809935984633142, -23.277398870601136, 0.0 ], [ -45.807993553141799, -23.278614808360679, 0.0 ], [ -45.806544150780532, -23.279846980958947, 0.0 ], [ -45.805161942365743, -23.281654660586831, 0.0 ] ] } },
{ "type": "Feature", "properties": { "Rodovia": "SP 099", "TipoRodovi": "Eixo", "Orientacao": "Transversal", "Origem": "Estadual", "Municipio": "Paraibuna", "CodRegiona": "DR 06", "SedeRegion": "Taubaté", "KmInicial": 26.0, "KmFinal": 32.55, "Extensao": 6.55, "DescricaoI": "Divisa Municipal Jambeiro / Paraibuna", "DescricaoF": "Acesso Paraibuna - SPA 032/099", "Jurisdicao": "Estadual", "Administra": "Concessionária", "Conservado": "Tamoios", "TipoPista": "DUP", "Sobreposic": null, "Subposicao": null, "PerimetroU": "Nã", "DataInicio": "18 04 2015", "DataFimCon": "18 04 2045", "EstadualCo": "Nã", "Denominaca": "Estrada dos Tamoios", "Legislacao": "Lei 1.796 de 18/10/78", "TPUso": null, "TransfMuni": null, "Subtrecho": "099SPE5529" }, "geometry": { "type": "LineString", "coordinates": [ [ -45.713203272990434, -23.336489440974226, 0.0 ], [ -45.711243093182105, -23.338054758955973, 0.0 ], [ -45.709084178973718, -23.339546081497588, 0.0 ], [ -45.70861000783627, -23.340252689436344, 0.0 ], [ -45.708732915392822, -23.341263203076664, 0.0 ], [ -45.709010284355514, -23.341871236527215, 0.0 ], [ -45.709365133556197, -23.34236145304035, 0.0 ], [ -45.709771225611334, -23.343072900292395, 0.0 ], [ -45.710596056002053, -23.34375314541446, 0.0 ], [ -45.711238453587455, -23.344411466478377, 0.0 ], [ -45.711431954311372, -23.34471616951512, 0.0 ], [ -45.711636339071262, -23.3454311403788, 0.0 ], [ -45.711572378334338, -23.345913869943065, 0.0 ], [ -45.711361552744961, -23.346249396236129, 0.0 ], [ -45.710727361595062, -23.347160746825782, 0.0 ], [ -45.710088844279454, -23.34766705979283, 0.0 ], [ -45.709643564773536, -23.347921849050586, 0.0 ], [ -45.709351666657184, -23.348306666342349, 0.0 ], [ -45.708942434975441, -23.349032288865786, 0.0 ], [ -45.708653238261519, -23.349912672004614, 0.0 ], [ -45.704833279264093, -23.353538950381157, 0.0 ], [ -45.701511678746058, -23.357368802558156, 0.0 ], [ -45.700441846577533, -23.358449243119949, 0.0 ], [ -45.699239727886813, -23.359514643988746, 0.0 ], [ -45.697702728334924, -23.360670880198448, 0.0 ], [ -45.695810177794044, -23.36185678805537, 0.0 ], [ -45.693466476024881, -23.363081661428915, 0.0 ], [ -45.689759955422502, -23.364448054717279, 0.0 ], [ -45.688765804987163, -23.364678953965743, 0.0 ], [ -45.685352896142881, -23.365080885137953, 0.0 ], [ -45.684124825251097, -23.365355001068107, 0.0 ], [ -45.683391322789667, -23.365615739242088, 0.0 ], [ -45.682559182371982, -23.366043388230455, 0.0 ], [ -45.677104117576221, -23.369429210626745, 0.0 ], [ -45.676056568395268, -23.36988489014626, 0.0 ], [ -45.674946336333804, -23.370153486259145, 0.0 ], [ -45.670720489503076, -23.37078196887169, 0.0 ] ] } },
{ "type": "Feature", "properties": { "Rodovia": "SP 099", "TipoRodovi": "Eixo", "Orientacao": "Transversal", "Origem": "Estadual", "Municipio": "Paraibuna", "CodRegiona": "DR 06", "SedeRegion": "Taubaté", "KmInicial": 32.55, "KmFinal": 33.995, "Extensao": 1.445, "DescricaoI": "Acesso Paraibuna - SPA 032/099", "DescricaoF": "Acesso Paraibuna - SPA 033/099", "Jurisdicao": "Estadual", "Administra": "Concessionária", "Conservado": "Tamoios", "TipoPista": "DUP", "Sobreposic": null, "Subposicao": null, "PerimetroU": "Nã", "DataInicio": "18 04 2015", "DataFimCon": "18 04 2045", "EstadualCo": "Nã", "Denominaca": "Estrada dos Tamoios", "Legislacao": "Lei 1.796 de 18/10/78", "TPUso": null, "TransfMuni": null, "Subtrecho": "099SPE3756" }, "geometry": { "type": "LineString", "coordinates": [ [ -45.670720489503076, -23.37078196887169, 0.0 ], [ -45.669768129066327, -23.37092350296146, 0.0 ], [ -45.66931814622707, -23.370990281329419, 0.0 ], [ -45.668322752888059, -23.371379623806938, 0.0 ], [ -45.667425220440059, -23.372595252957534, 0.0 ], [ -45.664511490575528, -23.377978387842905, 0.0 ], [ -45.66295365458128, -23.380811964001559, 0.0 ] ] } },
{ "type": "Feature", "properties": { "Rodovia": "SP 099", "TipoRodovi": "Eixo", "Orientacao": "Transversal", "Origem": "Estadual", "Municipio": "Paraibuna", "CodRegiona": "DR 06", "SedeRegion": "Taubaté", "KmInicial": 33.995, "KmFinal": 35.29, "Extensao": 1.295, "DescricaoI": "Acesso Paraibuna - SPA 033/099", "DescricaoF": "Entroncamento SPA 035/099", "Jurisdicao": "Estadual", "Administra": "Concessionária", "Conservado": "Tamoios", "TipoPista": "DUP", "Sobreposic": null, "Subposicao": null, "PerimetroU": "Nã", "DataInicio": "18 04 2015", "DataFimCon": "18 04 2045", "EstadualCo": "Nã", "Denominaca": "Estrada dos Tamoios", "Legislacao": "Lei 1.796 de 18/10/78", "TPUso": null, "TransfMuni": null, "Subtrecho": "099SPE0904" }, "geometry": { "type": "LineString", "coordinates": [ [ -45.66295365458128, -23.380811964001559, 0.0 ], [ -45.66126250122533, -23.383887804150813, 0.0 ], [ -45.65968111111345, -23.385550338910406, 0.0 ], [ -45.657948247905416, -23.387205738796425, 0.0 ], [ -45.657257535578339, -23.388167763658203, 0.0 ], [ -45.656024974498301, -23.3913349316256, 0.0 ], [ -45.654786095621994, -23.393560527798364, 0.0 ], [ -45.654725524278618, -23.393668552732844, 0.0 ] ] } },
{ "type": "Feature", "properties": { "Rodovia": "SP 099", "TipoRodovi": "Eixo", "Orientacao": "Transversal", "Origem": "Estadual", "Municipio": "Paraibuna", "CodRegiona": "DR 06", "SedeRegion": "Taubaté", "KmInicial": 35.29, "KmFinal": 37.9, "Extensao": 2.61, "DescricaoI": "Entroncamento SPA 035/099", "DescricaoF": "Entroncamento SPA 037 / 099 (km Zero)", "Jurisdicao": "Estadual", "Administra": "Concessionária", "Conservado": "Tamoios", "TipoPista": "DUP", "Sobreposic": null, "Subposicao": null, "PerimetroU": "Nã", "DataInicio": "18 04 2015", "DataFimCon": "18 04 2045", "EstadualCo": "Nã", "Denominaca": "Estrada dos Tamoios", "Legislacao": "Lei 1.796 de 18/10/78", "TPUso": null, "TransfMuni": null, "Subtrecho": "099SPE8363" }, "geometry": { "type": "LineString", "coordinates": [ [ -45.654725524278618, -23.393668552732844, 0.0 ], [ -45.65404850990673, -23.394875922509915, 0.0 ], [ -45.652039795131422, -23.398475215970802, 0.0 ], [ -45.649994224289202, -23.404594950752227, 0.0 ], [ -45.649253478465162, -23.405989014981223, 0.0 ], [ -45.648200347980321, -23.407068909875502, 0.0 ], [ -45.642849421518306, -23.410836769013095, 0.0 ], [ -45.641154379520174, -23.412255429569171, 0.0 ], [ -45.640950604359475, -23.41248663755858, 0.0 ] ] } },
{ "type": "Feature", "properties": { "Rodovia": "SP 099", "TipoRodovi": "Eixo", "Orientacao": "Transversal", "Origem": "Estadual", "Municipio": "Paraibuna", "CodRegiona": "DR 06", "SedeRegion": "Taubaté", "KmInicial": 37.9, "KmFinal": 55.3, "Extensao": 17.4, "DescricaoI": "Entroncamento SPA 037 / 099 (km Zero)", "DescricaoF": "Entroncamento SP 088 (km 135)", "Jurisdicao": "Estadual", "Administra": "Concessionária", "Conservado": "Tamoios", "TipoPista": "DUP", "Sobreposic": null, "Subposicao": null, "PerimetroU": "Nã", "DataInicio": "18 04 2015", "DataFimCon": "18 04 2045", "EstadualCo": "Nã", "Denominaca": "Estrada dos Tamoios", "Legislacao": "Lei 1.796 de 18/10/78", "TPUso": null, "TransfMuni": null, "Subtrecho": "099SPE0775" }, "geometry": { "type": "LineString", "coordinates": [ [ -45.640950604359475, -23.41248663755858, 0.0 ], [ -45.640493478524668, -23.413004684591971, 0.0 ], [ -45.639989033053034, -23.413836638088927, 0.0 ], [ -45.63963695141328, -23.41478513948152, 0.0 ], [ -45.638805563133907, -23.419016713968446, 0.0 ], [ -45.638382705039525, -23.419952485734939, 0.0 ], [ -45.636760100628223, -23.422421875453111, 0.0 ], [ -45.636168337352764, -23.423176560809274, 0.0 ], [ -45.635468386795935, -23.423828686844047, 0.0 ], [ -45.634672185149611, -23.424360062801494, 0.0 ], [ -45.631002009243652, -23.425930857147904, 0.0 ], [ -45.630059477577312, -23.426404228859582, 0.0 ], [ -45.629182786903151, -23.427045127427096, 0.0 ], [ -45.628393480163858, -23.427884280640942, 0.0 ], [ -45.626931876098325, -23.429957811894511, 0.0 ], [ -45.626042399954102, -23.430876772264117, 0.0 ], [ -45.621207392478262, -23.434516826093471, 0.0 ], [ -45.620357258455947, -23.435370607055248, 0.0 ], [ -45.618765798199853, -23.437185230447628, 0.0 ], [ -45.617805882945618, -23.4378529792852, 0.0 ], [ -45.616676351701884, -23.438135219996017, 0.0 ], [ -45.614158930343564, -23.43830765153157, 0.0 ], [ -45.613028150694682, -23.438763686587301, 0.0 ], [ -45.612189970279751, -23.439597428052409, 0.0 ], [ -45.611063389825638, -23.441713683735145, 0.0 ], [ -45.610183626925021, -23.442630342357234, 0.0 ], [ -45.609050834315973, -23.443240399615433, 0.0 ], [ -45.606656235778871, -23.443868298127288, 0.0 ], [ -45.605602067361787, -23.444366893150292, 0.0 ], [ -45.604758451587664, -23.445192219891187, 0.0 ], [ -45.604239825065747, -23.446317223254546, 0.0 ], [ -45.603119995558991, -23.449940465977196, 0.0 ], [ -45.602482221355885, -23.450765104060206, 0.0 ], [ -45.601540777514607, -23.451339585818584, 0.0 ], [ -45.599228738660472, -23.452038067126619, 0.0 ], [ -45.59803927415836, -23.452596589107152, 0.0 ], [ -45.594664740817308, -23.454890147700958, 0.0 ], [ -45.593767624584522, -23.455613933055766, 0.0 ], [ -45.592988259149834, -23.456443495135041, 0.0 ], [ -45.592300540600597, -23.457357721615612, 0.0 ], [ -45.585674141506296, -23.467260646615824, 0.0 ], [ -45.585128533233664, -23.468265779703394, 0.0 ], [ -45.584823303756082, -23.469329486006711, 0.0 ], [ -45.584763586798651, -23.470417983130019, 0.0 ], [ -45.585118349722137, -23.473643935609001, 0.0 ], [ -45.585510854601502, -23.475833994690262, 0.0 ], [ -45.585614804892707, -23.476892713262842, 0.0 ], [ -45.585354562325719, -23.477850373859251, 0.0 ], [ -45.584724352399107, -23.478659159437974, 0.0 ], [ -45.583754010263306, -23.479205040083524, 0.0 ], [ -45.582570682089042, -23.479354994017687, 0.0 ], [ -45.580214589486523, -23.479152619815171, 0.0 ], [ -45.57912725261567, -23.479135601181575, 0.0 ], [ -45.578108384014406, -23.479427879469803, 0.0 ], [ -45.577230115757565, -23.480051244400677, 0.0 ], [ -45.576208330283059, -23.481921714854369, 0.0 ], [ -45.574658968754377, -23.485614723102064, 0.0 ], [ -45.574466539793988, -23.486660231909632, 0.0 ], [ -45.574647101420858, -23.487654035342178, 0.0 ], [ -45.5746870441439, -23.488623270768997, 0.0 ], [ -45.574335590875755, -23.489517742502048, 0.0 ], [ -45.573851594219597, -23.490353120266011, 0.0 ], [ -45.573573032923534, -23.491257771861399, 0.0 ], [ -45.573623138493119, -23.492236513511898, 0.0 ], [ -45.574105573254187, -23.494335497708683, 0.0 ], [ -45.574128696004912, -23.49526080934778, 0.0 ], [ -45.573827683920001, -23.49601009451305, 0.0 ], [ -45.573277592555662, -23.496606197112865, 0.0 ], [ -45.572485620286734, -23.496997515629058, 0.0 ], [ -45.571616153600509, -23.497251125941776, 0.0 ], [ -45.570763590634066, -23.497654420677534, 0.0 ], [ -45.569942695913021, -23.498282583287764, 0.0 ], [ -45.562890982351348, -23.504542643016759, 0.0 ], [ -45.562435082040338, -23.505197518195359, 0.0 ], [ -45.561760981654103, -23.506547816456582, 0.0 ], [ -45.561213732678993, -23.507051686153829, 0.0 ], [ -45.560530490600279, -23.507382437759624, 0.0 ], [ -45.559769419468793, -23.507580838308893, 0.0 ], [ -45.557931123830983, -23.508716174499142, 0.0 ], [ -45.557082068288395, -23.510956869161447, 0.0 ], [ -45.556452560020119, -23.511763706162622, 0.0 ], [ -45.555528383644223, -23.512332422660883, 0.0 ], [ -45.554420069219269, -23.512576644690739, 0.0 ], [ -45.547147836344955, -23.512521432314454, 0.0 ], [ -45.546062326209224, -23.512715733068983, 0.0 ], [ -45.545086992277056, -23.513270866678376, 0.0 ], [ -45.544333836214072, -23.514122958730034, 0.0 ], [ -45.542969281976021, -23.515925280293096, 0.0 ], [ -45.542204003667337, -23.516690665634847, 0.0 ], [ -45.540207175093158, -23.517663038672215, 0.0 ], [ -45.539277475152019, -23.518224165999172, 0.0 ], [ -45.538608248073125, -23.518990219740402, 0.0 ], [ -45.538378204265491, -23.51939456575349, 0.0 ] ] } },
{ "type": "Feature", "properties": { "Rodovia": "SP 099", "TipoRodovi": "Eixo", "Orientacao": "Transversal", "Origem": "Estadual", "Municipio": "Paraibuna", "CodRegiona": "DR 06", "SedeRegion": "Taubaté", "KmInicial": 55.3, "KmFinal": 60.721, "Extensao": 5.421, "DescricaoI": "Entroncamento SP 088 (km 135)", "DescricaoF": "Inicio do trecho Duplicado", "Jurisdicao": "Estadual", "Administra": "Concessionária", "Conservado": "Tamoios", "TipoPista": "DUP", "Sobreposic": null, "Subposicao": null, "PerimetroU": "Nã", "DataInicio": "18 04 2015", "DataFimCon": "18 04 2045", "EstadualCo": "Nã", "Denominaca": "Estrada dos Tamoios", "Legislacao": "Lei 1.796 de 18/10/78", "TPUso": null, "TransfMuni": null, "Subtrecho": "099SPE0099" }, "geometry": { "type": "LineString", "coordinates": [ [ -45.538378204265491, -23.51939456575349, 0.0 ], [ -45.537669343702504, -23.520669323917581, 0.0 ], [ -45.537075624819906, -23.52280617634872, 0.0 ], [ -45.537221140045403, -23.523394773074241, 0.0 ], [ -45.538596717015643, -23.526466799409221, 0.0 ], [ -45.538438992496346, -23.528671972495307, 0.0 ], [ -45.538520450324398, -23.529737494378395, 0.0 ], [ -45.53899623837561, -23.53249394797772, 0.0 ], [ -45.539032214585404, -23.533290840648721, 0.0 ], [ -45.538760694676917, -23.534109690746472, 0.0 ], [ -45.538133517184214, -23.534815257166805, 0.0 ], [ -45.537185958830747, -23.535240049671241, 0.0 ], [ -45.53606389668311, -23.535374009190765, 0.0 ], [ -45.535002600812717, -23.535599963998653, 0.0 ], [ -45.534107986936768, -23.536192495499868, 0.0 ], [ -45.531564370689395, -23.538243792872589, 0.0 ], [ -45.530685185476806, -23.538961703159526, 0.0 ], [ -45.529945948194666, -23.539730180768906, 0.0 ], [ -45.529509461616492, -23.54068707183675, 0.0 ], [ -45.529169967716548, -23.541691319735325, 0.0 ], [ -45.528590229506143, -23.542557122103727, 0.0 ], [ -45.526987530415134, -23.543904501241773, 0.0 ], [ -45.526588670125307, -23.544840107136036, 0.0 ], [ -45.525603488061137, -23.549158584625488, 0.0 ], [ -45.525197945567271, -23.550212120825787, 0.0 ], [ -45.522474780633502, -23.555763902737759, 0.0 ], [ -45.521755425150531, -23.556389096576812, 0.0 ], [ -45.520875872375733, -23.556714356877627, 0.0 ], [ -45.517230307341926, -23.556950045786515, 0.0 ] ] } },
{ "type": "Feature", "properties": { "Rodovia": "SP 099", "TipoRodovi": "Eixo", "Orientacao": "Transversal", "Origem": "Estadual", "Municipio": "Paraibuna", "CodRegiona": "DR 06", "SedeRegion": "Taubaté", "KmInicial": 60.721, "KmFinal": 64.25, "Extensao": 3.529, "DescricaoI": "Inicio do trecho Duplicado", "DescricaoF": "Divisa Municipal Paraibuna / Caraguatatuba", "Jurisdicao": "Estadual", "Administra": "Concessionária", "Conservado": "Tamoios", "TipoPista": "DUP", "Sobreposic": null, "Subposicao": null, "PerimetroU": "Nã", "DataInicio": "18 04 2015", "DataFimCon": "18 04 2045", "EstadualCo": "Nã", "Denominaca": "Estrada dos Tamoios", "Legislacao": "Lei 1.796 de 18/10/78", "TPUso": null, "TransfMuni": null, "Subtrecho": "099SPE6850" }, "geometry": { "type": "LineString", "coordinates": [ [ -45.517230307341926, -23.556950045786515, 0.0 ], [ -45.516384651113327, -23.557175841722678, 0.0 ], [ -45.515554206494542, -23.557682068653289, 0.0 ], [ -45.514878810891581, -23.558461055804823, 0.0 ], [ -45.51366541332375, -23.560200313265891, 0.0 ], [ -45.512957982701003, -23.561034012459071, 0.0 ], [ -45.512018557511247, -23.56160152572501, 0.0 ], [ -45.506494888824463, -23.563395858942847, 0.0 ], [ -45.505401641257116, -23.563852824553553, 0.0 ], [ -45.501337396548365, -23.565836237404735, 0.0 ], [ -45.499643368147112, -23.566584096251454, 0.0 ], [ -45.498759227474892, -23.566841740669808, 0.0 ], [ -45.496618884395183, -23.567299190511559, 0.0 ], [ -45.495459279794936, -23.567704074992111, 0.0 ], [ -45.494365580194803, -23.568332981604978, 0.0 ], [ -45.489613923919677, -23.571782635378138, 0.0 ], [ -45.489418339765777, -23.571925964467759, 0.0 ], [ -45.488564274798769, -23.572687017280526, 0.0 ], [ -45.488426223190778, -23.572832849416525, 0.0 ] ] } },
{ "type": "Feature", "properties": { "Rodovia": "SP 088", "TipoRodovi": "Eixo", "Orientacao": "Radial", "Origem": "Estadual", "Municipio": "Paraibuna", "CodRegiona": "DR 06", "SedeRegion": "Taubaté", "KmInicial": 106.7, "KmFinal": 135.75, "Extensao": 29.05, "DescricaoI": "Divisa Municipal Salesópolis / Paraibuna", "DescricaoF": "Entroncamento SP 099 km 55", "Jurisdicao": "Estadual", "Administra": "DER", "Conservado": "10.04", "TipoPista": "PAV", "Sobreposic": null, "Subposicao": null, "PerimetroU": "Nã", "DataInicio": null, "DataFimCon": null, "EstadualCo": "Nã", "Denominaca": "Professor Alfredo Rolim de Moura", "Legislacao": "Lei 3.216 de 05/01/1982 (Alt. P Lei 9.368 de 3/9/96)", "TPUso": null, "TransfMuni": null, "Subtrecho": "088SPE8980" }, "geometry": { "type": "LineString", "coordinates": [ [ -45.754290004538426, -23.528979274570009, 0.0 ], [ -45.754272398731715, -23.528992440216541, 0.0 ], [ -45.753814176726713, -23.52915483130619, 0.0 ], [ -45.753581453808451, -23.529625488179615, 0.0 ], [ -45.753350868303073, -23.529870116145627, 0.0 ], [ -45.752896909104727, -23.531492341957584, 0.0 ], [ -45.752245527638827, -23.532403403371756, 0.0 ], [ -45.751537735420854, -23.533393314609729, 0.0 ], [ -45.750204547038393, -23.534113968362927, 0.0 ], [ -45.749477053185586, -23.534264878230353, 0.0 ], [ -45.748895765745402, -23.534053861148333, 0.0 ], [ -45.746996010666386, -23.533364217021756, 0.0 ], [ -45.744979852250651, -23.533885713863551, 0.0 ], [ -45.744289503267282, -23.53389779460711, 0.0 ], [ -45.742314993649416, -23.533100830077853, 0.0 ], [ -45.739314125937852, -23.532278491112141, 0.0 ], [ -45.736017310476377, -23.531701405868603, 0.0 ], [ -45.735079100468973, -23.531927214771628, 0.0 ], [ -45.734189250264542, -23.531867778555682, 0.0 ], [ -45.733348893763591, -23.531442469839018, 0.0 ], [ -45.733115943533868, -23.529560660960705, 0.0 ], [ -45.733034013685099, -23.529355146006637, 0.0 ], [ -45.73285653801203, -23.529251344575361, 0.0 ], [ -45.732728549892059, -23.529220000648603, 0.0 ], [ -45.732633219248164, -23.529245879199287, 0.0 ], [ -45.732342369106902, -23.529266055556242, 0.0 ], [ -45.732035877141463, -23.529287316436747, 0.0 ], [ -45.731708332646967, -23.529310038158872, 0.0 ], [ -45.731265886866417, -23.529347125647842, 0.0 ], [ -45.731095271998718, -23.52932555208222, 0.0 ], [ -45.730988948955044, -23.529268984890102, 0.0 ], [ -45.730859967878011, -23.529190948250505, 0.0 ], [ -45.730748554752786, -23.528970758006356, 0.0 ], [ -45.730780897108815, -23.528721017915913, 0.0 ], [ -45.730837950300483, -23.528610238077629, 0.0 ], [ -45.730767318536444, -23.528296994319831, 0.0 ], [ -45.73052950962299, -23.528082959225504, 0.0 ], [ -45.730278582352916, -23.528052907869238, 0.0 ], [ -45.730049821984501, -23.52813644241785, 0.0 ], [ -45.729884251153265, -23.528152703514056, 0.0 ], [ -45.729592167469285, -23.528226659737843, 0.0 ], [ -45.729406317035121, -23.528273716077511, 0.0 ], [ -45.729298114889126, -23.528301113095011, 0.0 ], [ -45.729109484153632, -23.528291379370973, 0.0 ], [ -45.728719414311769, -23.528125571089987, 0.0 ], [ -45.728613084246803, -23.528125030380547, 0.0 ], [ -45.728220821767792, -23.528253300056829, 0.0 ], [ -45.728034551996757, -23.528237178162421, 0.0 ], [ -45.72752989789717, -23.528161419677311, 0.0 ], [ -45.727258924153396, -23.528080376631436, 0.0 ], [ -45.726593556922545, -23.527955454449856, 0.0 ], [ -45.726075922725762, -23.52782511574161, 0.0 ], [ -45.724609325507465, -23.527196959103637, 0.0 ], [ -45.724197562296851, -23.527007761877453, 0.0 ], [ -45.723203189849812, -23.526580367202865, 0.0 ], [ -45.721904592193489, -23.526410221894118, 0.0 ], [ -45.721379207477284, -23.526440810258205, 0.0 ], [ -45.72108895518565, -23.526419082092328, 0.0 ], [ -45.720869190736657, -23.526442216127332, 0.0 ], [ -45.720702288553845, -23.526523015063859, 0.0 ], [ -45.720473662610125, -23.526712580827766, 0.0 ], [ -45.718478180881164, -23.528131787109576, 0.0 ], [ -45.716887794659918, -23.528729187747889, 0.0 ], [ -45.715409933244182, -23.528941625027866, 0.0 ], [ -45.712994763252354, -23.530267304668396, 0.0 ], [ -45.712197296492569, -23.530889485820889, 0.0 ], [ -45.711379609879558, -23.531272124520552, 0.0 ], [ -45.709734871755686, -23.531516921597863, 0.0 ], [ -45.70750565430702, -23.532816460510851, 0.0 ], [ -45.706753498770965, -23.53432045875498, 0.0 ], [ -45.707138924581855, -23.535036512975985, 0.0 ], [ -45.70626110016957, -23.536603787695185, 0.0 ], [ -45.705941615051884, -23.539690547476376, 0.0 ], [ -45.704438087062485, -23.540384700016151, 0.0 ], [ -45.703542729604408, -23.54014728441151, 0.0 ], [ -45.702496769502631, -23.540337588612186, 0.0 ], [ -45.701621032569349, -23.540985134739923, 0.0 ], [ -45.700872001476519, -23.5408074420377, 0.0 ], [ -45.69973788617169, -23.541010990339782, 0.0 ], [ -45.695763858782975, -23.540360451806674, 0.0 ], [ -45.693914621921678, -23.540780690772756, 0.0 ], [ -45.693344185084797, -23.541300017083802, 0.0 ], [ -45.693214311302384, -23.542112513068723, 0.0 ], [ -45.694355844388646, -23.546584520627437, 0.0 ], [ -45.694234673227925, -23.547569603257873, 0.0 ], [ -45.693605803022663, -23.549275448675559, 0.0 ], [ -45.693743285454268, -23.550141554277662, 0.0 ], [ -45.692978518653817, -23.550909654910164, 0.0 ], [ -45.692017114559384, -23.551110622163698, 0.0 ], [ -45.690975292336823, -23.551032104499114, 0.0 ], [ -45.685758132991339, -23.551974719270785, 0.0 ], [ -45.685027659577138, -23.551859781145602, 0.0 ], [ -45.683805723102495, -23.551356602912502, 0.0 ], [ -45.681466083897227, -23.551756016969879, 0.0 ], [ -45.680679670974456, -23.552074664437647, 0.0 ], [ -45.679436024351908, -23.553044070348019, 0.0 ], [ -45.678352795582889, -23.55428374062199, 0.0 ], [ -45.677907949354648, -23.555930213536353, 0.0 ], [ -45.677438120116264, -23.556547128103965, 0.0 ], [ -45.676747429334249, -23.556330271448406, 0.0 ], [ -45.675712150875611, -23.555405747071124, 0.0 ], [ -45.674249748184984, -23.554888830565279, 0.0 ], [ -45.673786070453048, -23.554341578572487, 0.0 ], [ -45.671893756626154, -23.553627005632205, 0.0 ], [ -45.670997036402191, -23.553611640102577, 0.0 ], [ -45.670866608640637, -23.553653253127514, 0.0 ], [ -45.67023099338401, -23.55385600907027, 0.0 ], [ -45.669129324506514, -23.555044414482282, 0.0 ], [ -45.664385467918947, -23.554538563328073, 0.0 ], [ -45.662607413721844, -23.553740320709924, 0.0 ], [ -45.66065288926319, -23.553310965727306, 0.0 ], [ -45.659908750090018, -23.552870682147724, 0.0 ], [ -45.659402341265334, -23.552178599275038, 0.0 ], [ -45.658671539470639, -23.551929959228605, 0.0 ], [ -45.658244817906528, -23.551265421093976, 0.0 ], [ -45.657523760930154, -23.550909725470689, 0.0 ], [ -45.656680842449518, -23.550820053600585, 0.0 ], [ -45.655475290590751, -23.549937474099316, 0.0 ], [ -45.654629432755584, -23.549986579808966, 0.0 ], [ -45.653924360817356, -23.550267148894218, 0.0 ], [ -45.652270246342994, -23.551378490061076, 0.0 ], [ -45.6515590719291, -23.551609661479976, 0.0 ], [ -45.651137901249939, -23.551378201390794, 0.0 ], [ -45.650668581944046, -23.551178598830813, 0.0 ], [ -45.65039211840238, -23.550961922541152, 0.0 ], [ -45.650501995109799, -23.550687710972376, 0.0 ], [ -45.650763884013195, -23.550387303465516, 0.0 ], [ -45.65066330446578, -23.549607126966421, 0.0 ], [ -45.650594700021067, -23.549484801198354, 0.0 ], [ -45.650440713051466, -23.549342230247916, 0.0 ], [ -45.650313728831996, -23.549292517812606, 0.0 ], [ -45.649940321528199, -23.549332664375452, 0.0 ], [ -45.649674032124054, -23.549307873826439, 0.0 ], [ -45.649199699021075, -23.549086358486448, 0.0 ], [ -45.648716178363387, -23.548917804951138, 0.0 ], [ -45.648508304032674, -23.548915086811412, 0.0 ], [ -45.648030883021327, -23.54900748598585, 0.0 ], [ -45.647151700445427, -23.549297543433578, 0.0 ], [ -45.64700450144452, -23.549370820029786, 0.0 ], [ -45.646823577459109, -23.549494381932433, 0.0 ], [ -45.646544486340289, -23.549565834004301, 0.0 ], [ -45.646319249430924, -23.549666597055907, 0.0 ], [ -45.646000325007662, -23.550046579246526, 0.0 ], [ -45.64576869529094, -23.55018294599957, 0.0 ], [ -45.645481796462207, -23.550204054073134, 0.0 ], [ -45.645442806658146, -23.550217263334076, 0.0 ], [ -45.645346138591911, -23.550316913569866, 0.0 ], [ -45.645190232797781, -23.550420743685919, 0.0 ], [ -45.645065254373613, -23.550612150176132, 0.0 ], [ -45.644815827002567, -23.550970270108383, 0.0 ], [ -45.644410869152459, -23.551297791032944, 0.0 ], [ -45.643715100598023, -23.551676902060709, 0.0 ], [ -45.643477550559176, -23.551722832662605, 0.0 ], [ -45.642939345850998, -23.551662817233272, 0.0 ], [ -45.642733665574113, -23.551626428776871, 0.0 ], [ -45.642623685121372, -23.551629783077711, 0.0 ], [ -45.642540833646244, -23.551682628335556, 0.0 ], [ -45.642432123476866, -23.5517902653873, 0.0 ], [ -45.642392094671322, -23.551838929699834, 0.0 ], [ -45.642366775353118, -23.55190099759869, 0.0 ], [ -45.642399400162965, -23.552057266499393, 0.0 ], [ -45.642483743645258, -23.552223666469022, 0.0 ], [ -45.642848016648486, -23.552540122144158, 0.0 ], [ -45.643078763684272, -23.552788478376947, 0.0 ], [ -45.643390774849792, -23.553869341006777, 0.0 ], [ -45.643383002179803, -23.554065416560483, 0.0 ], [ -45.643259601378006, -23.554221489802316, 0.0 ], [ -45.642982912016322, -23.554452026891422, 0.0 ], [ -45.642802004177106, -23.554480382379623, 0.0 ], [ -45.642637432066387, -23.554477795721183, 0.0 ], [ -45.642421723999206, -23.554349304058313, 0.0 ], [ -45.642140036771146, -23.554259375221843, 0.0 ], [ -45.641847914393324, -23.55429047667884, 0.0 ], [ -45.64143060387768, -23.55461343795989, 0.0 ], [ -45.641167344850366, -23.554795600005722, 0.0 ], [ -45.639850736268841, -23.555474267934322, 0.0 ], [ -45.639346959702053, -23.555590207840154, 0.0 ], [ -45.639068468627151, -23.55552314209212, 0.0 ], [ -45.638833200541171, -23.555454572818189, 0.0 ], [ -45.637878510323155, -23.554485042339721, 0.0 ], [ -45.636615947264055, -23.553882555446879, 0.0 ], [ -45.63263848025904, -23.553499127259144, 0.0 ], [ -45.630474805331687, -23.553535130441837, 0.0 ], [ -45.629669954339377, -23.553063698077679, 0.0 ], [ -45.628786431852348, -23.552964539392395, 0.0 ], [ -45.627983448477856, -23.553109902972654, 0.0 ], [ -45.627351301741562, -23.553683887186232, 0.0 ], [ -45.625025982334869, -23.553962163889388, 0.0 ], [ -45.623826400150371, -23.553234772946482, 0.0 ], [ -45.623001836362015, -23.553057163119899, 0.0 ], [ -45.620728870193759, -23.55303789395774, 0.0 ], [ -45.619837950222347, -23.553035532121573, 0.0 ], [ -45.619651185909369, -23.553071392941433, 0.0 ], [ -45.619392081778301, -23.55320536530397, 0.0 ], [ -45.619149088427463, -23.553309154128328, 0.0 ], [ -45.618988663790319, -23.55331773711006, 0.0 ], [ -45.618799890465347, -23.553276966784942, 0.0 ], [ -45.618599229316594, -23.553079187403952, 0.0 ], [ -45.618564719634115, -23.552926424269671, 0.0 ], [ -45.618559640057562, -23.552604578919333, 0.0 ], [ -45.618512155435546, -23.552430735471319, 0.0 ], [ -45.618363381402588, -23.552140466884257, 0.0 ], [ -45.618212467865256, -23.551974777278986, 0.0 ], [ -45.618064092831695, -23.551874238444213, 0.0 ], [ -45.617830783041654, -23.551780572370543, 0.0 ], [ -45.617601233879704, -23.551677830767265, 0.0 ], [ -45.617297062676379, -23.551662328477018, 0.0 ], [ -45.616421723616135, -23.551792938485669, 0.0 ], [ -45.615409134095827, -23.552011261196991, 0.0 ], [ -45.615023626943476, -23.55185863814026, 0.0 ], [ -45.614709848650051, -23.551704894179601, 0.0 ], [ -45.614388162417299, -23.55173105819124, 0.0 ], [ -45.613834107386637, -23.551739169621005, 0.0 ], [ -45.613732776546328, -23.551737772759413, 0.0 ], [ -45.613603522468281, -23.551741368937289, 0.0 ], [ -45.613020604668584, -23.551763091541169, 0.0 ], [ -45.612024186688394, -23.551653647277593, 0.0 ], [ -45.611841629162868, -23.551631304731991, 0.0 ], [ -45.611370134627215, -23.551569014493463, 0.0 ], [ -45.610856451677947, -23.551473931529237, 0.0 ], [ -45.610510386205412, -23.551413040862286, 0.0 ], [ -45.609938667691154, -23.551336540896642, 0.0 ], [ -45.609461238918989, -23.551279271761409, 0.0 ], [ -45.608482619041837, -23.551190822690057, 0.0 ], [ -45.60804302842714, -23.551151424736815, 0.0 ], [ -45.607341100636802, -23.551011560184097, 0.0 ], [ -45.606439357323985, -23.550697646428436, 0.0 ], [ -45.606015390566249, -23.550552548801466, 0.0 ], [ -45.605375609471047, -23.550444089686938, 0.0 ], [ -45.605150290155834, -23.550427917105132, 0.0 ], [ -45.604906018236839, -23.550413936430942, 0.0 ], [ -45.604392294416755, -23.550291267382949, 0.0 ], [ -45.604005385693284, -23.550203668270303, 0.0 ], [ -45.602743526981143, -23.549989477272664, 0.0 ], [ -45.602329788824001, -23.549917999248233, 0.0 ], [ -45.601915009639939, -23.549779120767596, 0.0 ], [ -45.601641984374766, -23.549566845336123, 0.0 ], [ -45.601417451009645, -23.549198538173012, 0.0 ], [ -45.601185089279085, -23.548942549658094, 0.0 ], [ -45.601029133091671, -23.548792891484261, 0.0 ], [ -45.600746086849028, -23.548595429865614, 0.0 ], [ -45.600462359858781, -23.548497191301891, 0.0 ], [ -45.60016204287674, -23.548498014391107, 0.0 ], [ -45.599916385101899, -23.548555219318178, 0.0 ], [ -45.599815279856095, -23.548625541865992, 0.0 ], [ -45.599706175304682, -23.548728586255212, 0.0 ], [ -45.599563792825585, -23.54881486553915, 0.0 ], [ -45.599475880735575, -23.548849438511354, 0.0 ], [ -45.599217151334621, -23.548827582587666, 0.0 ], [ -45.599082835716679, -23.548832971157214, 0.0 ], [ -45.598830243155405, -23.548739236658061, 0.0 ], [ -45.598505964651416, -23.548437183779047, 0.0 ], [ -45.598189477735289, -23.548142387024438, 0.0 ], [ -45.598097523255007, -23.548056735181969, 0.0 ], [ -45.597863919874456, -23.547901146606609, 0.0 ], [ -45.597570977496353, -23.547843117088604, 0.0 ], [ -45.597472545457045, -23.547833395579932, 0.0 ], [ -45.596980355450619, -23.547800597520535, 0.0 ], [ -45.596164355507746, -23.547804504343638, 0.0 ], [ -45.59548541422145, -23.547636090525593, 0.0 ], [ -45.594465331410362, -23.547363520759919, 0.0 ], [ -45.594060955438508, -23.547306696489695, 0.0 ], [ -45.593349287868783, -23.547110068223667, 0.0 ], [ -45.593260528462856, -23.547041648852204, 0.0 ], [ -45.593069637147664, -23.546868499591458, 0.0 ], [ -45.592775763330316, -23.546581807840539, 0.0 ], [ -45.592580306250333, -23.546394151385741, 0.0 ], [ -45.591421455249964, -23.54562337490357, 0.0 ], [ -45.590837320879217, -23.545500057954179, 0.0 ], [ -45.590134913637634, -23.545360922961255, 0.0 ], [ -45.589377588439469, -23.545474009118273, 0.0 ], [ -45.588823778641348, -23.545510647718967, 0.0 ], [ -45.588371079518396, -23.545305073435909, 0.0 ], [ -45.588055932408821, -23.545161962092546, 0.0 ], [ -45.58791938630128, -23.545072198728203, 0.0 ], [ -45.587737255760089, -23.544933421538694, 0.0 ], [ -45.587642558098615, -23.544827595996203, 0.0 ], [ -45.587560218390337, -23.544721656293316, 0.0 ], [ -45.587455400589938, -23.544482458334265, 0.0 ], [ -45.587309513478935, -23.544240531041435, 0.0 ], [ -45.587144976018962, -23.544040323685049, 0.0 ], [ -45.586886376007847, -23.543828540408672, 0.0 ], [ -45.586682636411091, -23.543646833007294, 0.0 ], [ -45.586513736060191, -23.543483422932972, 0.0 ], [ -45.586426548339034, -23.543392395553994, 0.0 ], [ -45.58626551838352, -23.543280027131711, 0.0 ], [ -45.585941877991552, -23.543234824770344, 0.0 ], [ -45.58563642723405, -23.543254988880541, 0.0 ], [ -45.585410520747729, -23.543255617460552, 0.0 ], [ -45.585130754826714, -23.543123319659802, 0.0 ], [ -45.584595909217839, -23.542614837368696, 0.0 ], [ -45.584309341575228, -23.542237369503383, 0.0 ], [ -45.583952616341392, -23.541810756175032, 0.0 ], [ -45.583919648918354, -23.541765554238527, 0.0 ], [ -45.583712452497707, -23.541587963222586, 0.0 ], [ -45.583439266263575, -23.541378371452691, 0.0 ], [ -45.582981860454353, -23.541245168383423, 0.0 ], [ -45.582639556311285, -23.541160012251634, 0.0 ], [ -45.582360833201655, -23.541156421363162, 0.0 ], [ -45.582108271797708, -23.541030308019522, 0.0 ], [ -45.582059272634517, -23.540998380864469, 0.0 ], [ -45.581874385424491, -23.540831542896282, 0.0 ], [ -45.581787686854035, -23.540685667457378, 0.0 ], [ -45.581636701987513, -23.540513865945762, 0.0 ], [ -45.581476925332211, -23.540385249134552, 0.0 ], [ -45.581408134734708, -23.54032987281283, 0.0 ], [ -45.581244243500137, -23.540074627213063, 0.0 ], [ -45.581113415514068, -23.539677451942751, 0.0 ], [ -45.581105800144691, -23.539227739658365, 0.0 ], [ -45.581122499529847, -23.538743186843313, 0.0 ], [ -45.581109141656249, -23.538359973361366, 0.0 ], [ -45.581137650971506, -23.538033991989568, 0.0 ], [ -45.581057618193611, -23.537817016783347, 0.0 ], [ -45.581008424614517, -23.537694166481131, 0.0 ], [ -45.580781555436715, -23.537495981670467, 0.0 ], [ -45.580609465799874, -23.537431649457332, 0.0 ], [ -45.580442664987721, -23.537386535144947, 0.0 ], [ -45.580256565229902, -23.537377697338425, 0.0 ], [ -45.580064028308108, -23.537408992058257, 0.0 ], [ -45.579458525689468, -23.53764772534501, 0.0 ], [ -45.578868432639808, -23.537862906746181, 0.0 ], [ -45.578497640615105, -23.537989795854912, 0.0 ], [ -45.578338796861289, -23.537987941042964, 0.0 ], [ -45.578214120637668, -23.53793748649797, 0.0 ], [ -45.57804309096754, -23.537766166677791, 0.0 ], [ -45.577942279617325, -23.537599551020438, 0.0 ], [ -45.577916152571255, -23.537554178080054, 0.0 ], [ -45.577723822144215, -23.537403859872832, 0.0 ], [ -45.57755758878875, -23.537354820575032, 0.0 ], [ -45.577493500751466, -23.537335913868201, 0.0 ], [ -45.577314151202984, -23.537305219737888, 0.0 ], [ -45.57717536922997, -23.537330171794213, 0.0 ], [ -45.576923619068126, -23.537420489579986, 0.0 ], [ -45.576722258581746, -23.537547718735581, 0.0 ], [ -45.576479407918079, -23.537796538525964, 0.0 ], [ -45.57627634153198, -23.53802883281319, 0.0 ], [ -45.576079596745743, -23.538072759709934, 0.0 ], [ -45.575771706639244, -23.537992179748834, 0.0 ], [ -45.57559902903143, -23.537919313205819, 0.0 ], [ -45.575556355291944, -23.537898175963516, 0.0 ], [ -45.575430013500103, -23.537731450137638, 0.0 ], [ -45.575345886412265, -23.537471107238044, 0.0 ], [ -45.575306655559018, -23.537263960964399, 0.0 ], [ -45.575141932718772, -23.536981195165101, 0.0 ], [ -45.575011115143077, -23.536791370152887, 0.0 ], [ -45.575023323007585, -23.536667237271818, 0.0 ], [ -45.574929514111062, -23.536289358534923, 0.0 ], [ -45.574837726785894, -23.536208084111163, 0.0 ], [ -45.574740378579243, -23.536149254144107, 0.0 ], [ -45.57438542649723, -23.53614723604295, 0.0 ], [ -45.574202281959735, -23.536246190126231, 0.0 ], [ -45.573732483538798, -23.536743497625114, 0.0 ], [ -45.573579543996075, -23.536829952364108, 0.0 ], [ -45.573276979851379, -23.536911512105267, 0.0 ], [ -45.572887497230916, -23.536906740613396, 0.0 ], [ -45.572690041793955, -23.536862131961403, 0.0 ], [ -45.572540721293464, -23.536792207154303, 0.0 ], [ -45.572391771945483, -23.536666112672197, 0.0 ], [ -45.572187513315619, -23.536509974369565, 0.0 ], [ -45.572128233134016, -23.5364585220679, 0.0 ], [ -45.571800610024006, -23.536282396206254, 0.0 ], [ -45.571393219965486, -23.536109569909282, 0.0 ], [ -45.571047688418552, -23.536088821768853, 0.0 ], [ -45.570584505772985, -23.536038759405432, 0.0 ], [ -45.570206840672405, -23.535904316419476, 0.0 ], [ -45.56970747945347, -23.53568287126572, 0.0 ], [ -45.569178511944912, -23.535410159553006, 0.0 ], [ -45.56898669159358, -23.53528190943981, 0.0 ], [ -45.568856924908019, -23.535213293761451, 0.0 ], [ -45.568777424144692, -23.535171256375026, 0.0 ], [ -45.568686509304008, -23.535157907327868, 0.0 ], [ -45.568593546217748, -23.535147598541126, 0.0 ], [ -45.568419780327943, -23.535142936478568, 0.0 ], [ -45.568180228667053, -23.535140528117122, 0.0 ], [ -45.567857228318047, -23.535157657469924, 0.0 ], [ -45.561375716193446, -23.533906979686805, 0.0 ], [ -45.557942406607843, -23.531523783361717, 0.0 ], [ -45.557345539582627, -23.531301666812588, 0.0 ], [ -45.555534632213593, -23.52942516743386, 0.0 ], [ -45.553791972868737, -23.528639484524533, 0.0 ], [ -45.553157341739464, -23.528486127520956, 0.0 ], [ -45.552521266950329, -23.528706426310709, 0.0 ], [ -45.551801146601953, -23.528662285624005, 0.0 ], [ -45.551163177982716, -23.528316945057842, 0.0 ], [ -45.550952340231916, -23.528029275692631, 0.0 ], [ -45.550725377164191, -23.527783451146647, 0.0 ], [ -45.550489976239696, -23.527348891113821, 0.0 ], [ -45.55022210453172, -23.527183299909666, 0.0 ], [ -45.549835593921586, -23.526985953208833, 0.0 ], [ -45.549715205697304, -23.526869529851712, 0.0 ], [ -45.54961824724429, -23.52674180558634, 0.0 ], [ -45.549632787213099, -23.526541963968068, 0.0 ], [ -45.549639425978619, -23.526450713016992, 0.0 ], [ -45.549714053186321, -23.526229602117667, 0.0 ], [ -45.549531836314067, -23.525866444405818, 0.0 ], [ -45.54943232735075, -23.525596441711407, 0.0 ], [ -45.549583450463842, -23.525274814051887, 0.0 ], [ -45.549758869104721, -23.525064244560109, 0.0 ], [ -45.549950189073904, -23.524974891824961, 0.0 ], [ -45.550271037520176, -23.524823178215001, 0.0 ], [ -45.55041811909414, -23.524665103736854, 0.0 ], [ -45.550486827619189, -23.52456606872293, 0.0 ], [ -45.550489049278319, -23.52440545076654, 0.0 ], [ -45.55045728124442, -23.524249910953028, 0.0 ], [ -45.550378598245693, -23.524112261521381, 0.0 ], [ -45.549904742009296, -23.523638881402672, 0.0 ], [ -45.549659964419298, -23.523315658915386, 0.0 ], [ -45.549549211750794, -23.52313070512967, 0.0 ], [ -45.549358397704168, -23.522964574029483, 0.0 ], [ -45.549034130445619, -23.522597042120257, 0.0 ], [ -45.548699951500737, -23.522244673871359, 0.0 ], [ -45.548505744533841, -23.5219462691324, 0.0 ], [ -45.548335073023253, -23.521478799756022, 0.0 ], [ -45.548257074964802, -23.521315916742395, 0.0 ], [ -45.548190796339561, -23.521236274769347, 0.0 ], [ -45.548073763794321, -23.521179459406042, 0.0 ], [ -45.547972799649123, -23.521170547492609, 0.0 ], [ -45.547579550398964, -23.521119269192539, 0.0 ], [ -45.547347382565171, -23.520904270523289, 0.0 ], [ -45.547295369536833, -23.520705776736946, 0.0 ], [ -45.547286828762381, -23.520559196911183, 0.0 ], [ -45.547418055505311, -23.520198682279542, 0.0 ], [ -45.547517561479047, -23.51993442326761, 0.0 ], [ -45.547516475218444, -23.519646448439005, 0.0 ], [ -45.547455192112849, -23.519414877346463, 0.0 ], [ -45.547258924566933, -23.519153576290474, 0.0 ], [ -45.546981585351602, -23.518859632797948, 0.0 ], [ -45.546715125010344, -23.518674632654957, 0.0 ], [ -45.546424020846509, -23.518581276880081, 0.0 ], [ -45.546114533222308, -23.518436896406676, 0.0 ], [ -45.546000945334541, -23.518305614831256, 0.0 ], [ -45.545816791062741, -23.518004514826202, 0.0 ], [ -45.545700134106625, -23.517877830483965, 0.0 ], [ -45.54555814655771, -23.517770266976768, 0.0 ], [ -45.545289963507024, -23.517747324628917, 0.0 ], [ -45.545106122214477, -23.517903322124827, 0.0 ], [ -45.545082458104346, -23.518069058776899, 0.0 ], [ -45.544733182356381, -23.518665065654336, 0.0 ], [ -45.54417557134839, -23.51900786565044, 0.0 ], [ -45.541395387232114, -23.519928195881256, 0.0 ], [ -45.540605975441892, -23.520062217426069, 0.0 ], [ -45.538378204265491, -23.51939456575349, 0.0 ] ] } },
{ "type": "Feature", "properties": { "Rodovia": "SP 099", "TipoRodovi": "Eixo", "Orientacao": "Transversal", "Origem": "Estadual", "Municipio": "Jambeiro", "CodRegiona": "DR 06", "SedeRegion": "Taubaté", "KmInicial": 14.4, "KmFinal": 23.47, "Extensao": 9.07, "DescricaoI": "Divisa Municipal Jacareí / Jambeiro", "DescricaoF": "Entroncamento SP 103 (km 32)", "Jurisdicao": "Estadual", "Administra": "Concessionária", "Conservado": "Tamoios", "TipoPista": "DUP", "Sobreposic": null, "Subposicao": null, "PerimetroU": "Nã", "DataInicio": "18 04 2015", "DataFimCon": "18 04 2045", "EstadualCo": "Nã", "Denominaca": "Estrada dos Tamoios", "Legislacao": "Lei 1.796 de 18/10/78", "TPUso": null, "TransfMuni": null, "Subtrecho": "099SPE1259" }, "geometry": { "type": "LineString", "coordinates": [ [ -45.796216814161134, -23.290906371328557, 0.0 ], [ -45.7948878602664, -23.29116719662143, 0.0 ], [ -45.790978025340813, -23.291934466607792, 0.0 ], [ -45.790048274699735, -23.291833286660236, 0.0 ], [ -45.786712031960235, -23.290795691349071, 0.0 ], [ -45.78492430899847, -23.291016609094779, 0.0 ], [ -45.783613354344219, -23.291792160081041, 0.0 ], [ -45.779897742035352, -23.295101010163865, 0.0 ], [ -45.778357398320438, -23.296702865066518, 0.0 ], [ -45.776816102714072, -23.299996465628233, 0.0 ], [ -45.776130868831203, -23.301006207645489, 0.0 ], [ -45.775227504087738, -23.301853968884885, 0.0 ], [ -45.774148094500276, -23.302492627155644, 0.0 ], [ -45.76942636205942, -23.304439767540451, 0.0 ], [ -45.768538367962208, -23.305338484487866, 0.0 ], [ -45.763483233741503, -23.313826279275929, 0.0 ], [ -45.762773597082202, -23.314121002552511, 0.0 ], [ -45.762024484022049, -23.313931322729808, 0.0 ], [ -45.760658906181106, -23.31272418904798, 0.0 ], [ -45.759829740630167, -23.312230881875369, 0.0 ], [ -45.758833558435427, -23.312204025695966, 0.0 ], [ -45.757897547044806, -23.312659053485088, 0.0 ], [ -45.74179604293122, -23.322996909332883, 0.0 ], [ -45.740888586397091, -23.323022077544266, 0.0 ], [ -45.739984423537969, -23.322648463975661, 0.0 ], [ -45.736342220874043, -23.320545205047932, 0.0 ], [ -45.736326263865173, -23.320535987761367, 0.0 ], [ -45.73129881812195, -23.317632615748035, 0.0 ], [ -45.73045603314592, -23.317500642941333, 0.0 ], [ -45.728172669993974, -23.317793485275175, 0.0 ], [ -45.727049505488736, -23.317965068832997, 0.0 ], [ -45.726381001727269, -23.318084512963978, 0.0 ], [ -45.726077652424244, -23.318128431659922, 0.0 ] ] } },
{ "type": "Feature", "properties": { "Rodovia": "SP 099", "TipoRodovi": "Eixo", "Orientacao": "Transversal", "Origem": "Estadual", "Municipio": "Jambeiro", "CodRegiona": "DR 06", "SedeRegion": "Taubaté", "KmInicial": 23.47, "KmFinal": 26.0, "Extensao": 2.53, "DescricaoI": "Entroncamento SP 103 (km 32)", "DescricaoF": "Divisa Municipal Jambeiro / Paraibuna", "Jurisdicao": "Estadual", "Administra": "Concessionária", "Conservado": "Tamoios", "TipoPista": "DUP", "Sobreposic": null, "Subposicao": null, "PerimetroU": "Nã", "DataInicio": "18 04 2015", "DataFimCon": "18 04 2045", "EstadualCo": "Nã", "Denominaca": "Estrada dos Tamoios", "Legislacao": "Lei 1.796 de 18/10/78", "TPUso": null, "TransfMuni": null, "Subtrecho": "099SPE7493" }, "geometry": { "type": "LineString", "coordinates": [ [ -45.726077652424244, -23.318128431659922, 0.0 ], [ -45.724066566875493, -23.318923159356878, 0.0 ], [ -45.719786379639388, -23.321052127559039, 0.0 ], [ -45.7186761106001, -23.322444427806129, 0.0 ], [ -45.715144809245672, -23.330984893970204, 0.0 ], [ -45.715050591016713, -23.331212765126416, 0.0 ], [ -45.714661458707951, -23.332393632987639, 0.0 ], [ -45.714339280463669, -23.33421181326262, 0.0 ], [ -45.713464662755307, -23.336280707752323, 0.0 ], [ -45.713203272990434, -23.336489440974226, 0.0 ] ] } },
{ "type": "Feature", "properties": { "Rodovia": "SP 066", "TipoRodovi": "Eixo", "Orientacao": "Radial", "Origem": "Estadual", "Municipio": "Jacareí", "CodRegiona": "DR 06", "SedeRegion": "Taubaté", "KmInicial": 81.54, "KmFinal": 90.8, "Extensao": 9.26, "DescricaoI": "Divisa Municipal Guararema / Jacareí", "DescricaoF": "Acesso Jacareí Perímetro Urbano (A)", "Jurisdicao": "Estadual", "Administra": "DER", "Conservado": "10.04", "TipoPista": "PAV", "Sobreposic": null, "Subposicao": null, "PerimetroU": "Nã", "DataInicio": null, "DataFimCon": null, "EstadualCo": "Nã", "Denominaca": "Henrique Eroles", "Legislacao": "Lei 5.557 de 26/01/87", "TPUso": null, "TransfMuni": null, "Subtrecho": "066SPE1405" }, "geometry": { "type": "LineString", "coordinates": [ [ -46.052005337524889, -23.368942701435742, 0.0 ], [ -46.051319864876945, -23.368924360369814, 0.0 ], [ -46.050755972511681, -23.369114783539889, 0.0 ], [ -46.049717715735945, -23.370093047081866, 0.0 ], [ -46.049221515660363, -23.370190873977158, 0.0 ], [ -46.046152965715287, -23.370796699112859, 0.0 ], [ -46.043283567008736, -23.370980143626252, 0.0 ], [ -46.042464036302199, -23.370696580280004, 0.0 ], [ -46.041765080582024, -23.369417181578928, 0.0 ], [ -46.041042715585185, -23.369456945478195, 0.0 ], [ -46.03923694433346, -23.370034882153675, 0.0 ], [ -46.037414280586852, -23.371089127650915, 0.0 ], [ -46.036403832476765, -23.371358286716557, 0.0 ], [ -46.034389127724388, -23.371043883540292, 0.0 ], [ -46.033490656340462, -23.370705160387629, 0.0 ], [ -46.032178808803543, -23.369389374829719, 0.0 ], [ -46.030516379959636, -23.368283684473944, 0.0 ], [ -46.028268209375184, -23.367894624466405, 0.0 ], [ -46.026559583164008, -23.365083256109592, 0.0 ], [ -46.026003350574648, -23.364560001771522, 0.0 ], [ -46.024478930977615, -23.363685491133086, 0.0 ], [ -46.023513482206326, -23.362214980348519, 0.0 ], [ -46.022902206973235, -23.361695213906717, 0.0 ], [ -46.02201053245814, -23.361554117995784, 0.0 ], [ -46.019631740210151, -23.360212979017604, 0.0 ], [ -46.017873997177844, -23.359749968737678, 0.0 ], [ -46.015127050290452, -23.357318304204615, 0.0 ], [ -46.014627916412692, -23.356579963528649, 0.0 ], [ -46.014350193546967, -23.355759555182424, 0.0 ], [ -46.012232007602677, -23.354029719058953, 0.0 ], [ -46.010442914200709, -23.353194631262337, 0.0 ], [ -46.00913759988903, -23.352052182126169, 0.0 ], [ -46.007778606279295, -23.351199402560759, 0.0 ], [ -46.005657964050137, -23.35035733968725, 0.0 ], [ -46.00515126633443, -23.349810544195002, 0.0 ], [ -46.004729201016545, -23.348266180899927, 0.0 ], [ -46.004793575963639, -23.34649982608741, 0.0 ], [ -46.004431838716549, -23.345400704830872, 0.0 ], [ -46.003661774727107, -23.343910458560135, 0.0 ], [ -46.004098417380561, -23.341459794828591, 0.0 ], [ -46.004086067984716, -23.339828575893623, 0.0 ], [ -46.001167777395182, -23.334952125145751, 0.0 ], [ -46.001006167564476, -23.334050746263941, 0.0 ], [ -46.000851158869821, -23.33318619503541, 0.0 ], [ -45.998712366869647, -23.331025655923288, 0.0 ], [ -45.997019441746346, -23.327772856848817, 0.0 ], [ -45.995250729088092, -23.325285416683901, 0.0 ] ] } },
{ "type": "Feature", "properties": { "Rodovia": "SP 066", "TipoRodovi": "Eixo", "Orientacao": "Radial", "Origem": "Estadual", "Municipio": "Jacareí", "CodRegiona": "DR 06", "SedeRegion": "Taubaté", "KmInicial": 90.8, "KmFinal": 92.0, "Extensao": 1.2, "DescricaoI": "Acesso Jacareí Perímetro Urbano (A)", "DescricaoF": "Acesso Jacareí Perímetro Urbano (B)", "Jurisdicao": "Estadual", "Administra": "DER", "Conservado": "10.04", "TipoPista": "PAV", "Sobreposic": null, "Subposicao": null, "PerimetroU": "Nã", "DataInicio": null, "DataFimCon": null, "EstadualCo": "Nã", "Denominaca": "General Euryale de Jesus Zerbine", "Legislacao": "Lei 3.826 de 19/09/83", "TPUso": null, "TransfMuni": null, "Subtrecho": "066SPE2109" }, "geometry": { "type": "LineString", "coordinates": [ [ -45.995250729088092, -23.325285416683901, 0.0 ], [ -45.993921077559811, -23.324744716671852, 0.0 ], [ -45.993192429779221, -23.322902351280202, 0.0 ], [ -45.991304923241465, -23.321352741666949, 0.0 ], [ -45.991055801097076, -23.321148168509506, 0.0 ], [ -45.98907303632835, -23.317649619816102, 0.0 ] ] } },
{ "type": "Feature", "properties": { "Rodovia": "SP 066", "TipoRodovi": "Eixo", "Orientacao": "Radial", "Origem": "Estadual", "Municipio": "Jacareí", "CodRegiona": "DR 06", "SedeRegion": "Taubaté", "KmInicial": 92.0, "KmFinal": 96.3, "Extensao": 4.3, "DescricaoI": "Acesso Jacareí Perímetro Urbano (B)", "DescricaoF": "Jacareí Perímetro Urbano (B)", "Jurisdicao": "Estadual", "Administra": "DER", "Conservado": "10.04", "TipoPista": "PAV", "Sobreposic": null, "Subposicao": null, "PerimetroU": "Nã", "DataInicio": null, "DataFimCon": null, "EstadualCo": "Nã", "Denominaca": "General Euryale de Jesus Zerbine", "Legislacao": "Lei 3.826 de 19/09/83", "TPUso": null, "TransfMuni": null, "Subtrecho": "066SPE7419" }, "geometry": { "type": "LineString", "coordinates": [ [ -45.98907303632835, -23.317649619816102, 0.0 ], [ -45.989059217861531, -23.317625237113365, 0.0 ], [ -45.985859622566721, -23.315606316377263, 0.0 ], [ -45.985393520529328, -23.314113564948418, 0.0 ], [ -45.983680881126404, -23.312809493916323, 0.0 ], [ -45.982646992487119, -23.311955268781194, 0.0 ], [ -45.981147179576574, -23.31017117257089, 0.0 ], [ -45.980134125678141, -23.309316634176941, 0.0 ], [ -45.978760212738287, -23.309628721447783, 0.0 ], [ -45.975079668538825, -23.307424584759556, 0.0 ], [ -45.974772009442098, -23.306591968836283, 0.0 ], [ -45.974357041296301, -23.304649208167486, 0.0 ], [ -45.973494289111962, -23.304677075368314, 0.0 ], [ -45.972704267713858, -23.304278409101681, 0.0 ], [ -45.970745838209908, -23.301970394665791, 0.0 ], [ -45.969220266420805, -23.300272345880092, 0.0 ], [ -45.96798867202164, -23.298632258819708, 0.0 ], [ -45.967572157766661, -23.298115215783014, 0.0 ], [ -45.966037286405566, -23.296209857030313, 0.0 ], [ -45.965962363773208, -23.296166473437918, 0.0 ] ] } },
{ "type": "Feature", "properties": { "Rodovia": "SP 066", "TipoRodovi": "Eixo", "Orientacao": "Radial", "Origem": "Estadual", "Municipio": "Jacareí", "CodRegiona": "DR 06", "SedeRegion": "Taubaté", "KmInicial": 96.3, "KmFinal": 97.3, "Extensao": 1.0, "DescricaoI": "Jacareí Perímetro Urbano (B)", "DescricaoF": "Inicío do trecho pista Dupla", "Jurisdicao": "Estadual", "Administra": "DER", "Conservado": "10.04", "TipoPista": "PAV", "Sobreposic": null, "Subposicao": null, "PerimetroU": "Nã", "DataInicio": null, "DataFimCon": null, "EstadualCo": "Nã", "Denominaca": "Geraldo Scavone", "Legislacao": "Lei 6.845 de 26/04/90", "TPUso": null, "TransfMuni": null, "Subtrecho": "066SPE1805" }, "geometry": { "type": "LineString", "coordinates": [ [ -45.965962363773208, -23.296166473437918, 0.0 ], [ -45.959548588130694, -23.29245242698908, 0.0 ] ] } },
{ "type": "Feature", "properties": { "Rodovia": "SP 066", "TipoRodovi": "Eixo", "Orientacao": "Radial", "Origem": "Estadual", "Municipio": "Jacareí", "CodRegiona": "DR 06", "SedeRegion": "Taubaté", "KmInicial": 97.3, "KmFinal": 99.6, "Extensao": 2.3, "DescricaoI": "Inicío do trecho pista Dupla", "DescricaoF": "Jacareí Perímetro Urbano (B) / Fim do trecho pista dupla", "Jurisdicao": "Estadual", "Administra": "DER", "Conservado": "10.04", "TipoPista": "DUP", "Sobreposic": null, "Subposicao": null, "PerimetroU": "Nã", "DataInicio": null, "DataFimCon": null, "EstadualCo": "Nã", "Denominaca": "Geraldo Scavone", "Legislacao": "Lei 6.845 de 26/04/90", "TPUso": null, "TransfMuni": null, "Subtrecho": "066SPE6079" }, "geometry": { "type": "LineString", "coordinates": [ [ -45.959548588130694, -23.29245242698908, 0.0 ], [ -45.957922716647168, -23.291122075815114, 0.0 ], [ -45.955991589424023, -23.289145200629857, 0.0 ], [ -45.954621452988647, -23.28721121231192, 0.0 ], [ -45.95360970793876, -23.287374815136008, 0.0 ], [ -45.953567396477069, -23.288591588588893, 0.0 ], [ -45.952724710623116, -23.288806810202512, 0.0 ], [ -45.950676364926082, -23.287248757828248, 0.0 ], [ -45.946805720014112, -23.282728032586999, 0.0 ], [ -45.940554707582997, -23.27613462833823, 0.0 ], [ -45.939527022746063, -23.274625761855713, 0.0 ], [ -45.937787934856871, -23.273613758338186, 0.0 ], [ -45.934538025509823, -23.27193852833749, 0.0 ] ] } },
{ "type": "Feature", "properties": { "Rodovia": "SP 066", "TipoRodovi": "Eixo", "Orientacao": "Radial", "Origem": "Estadual", "Municipio": "Jacareí", "CodRegiona": "DR 06", "SedeRegion": "Taubaté", "KmInicial": 99.6, "KmFinal": 103.1, "Extensao": 3.5, "DescricaoI": "Jacareí Perímetro Urbano (B) / Fim do trecho pista dupla", "DescricaoF": "Divisa municipal Jacareí/São José dos Campos", "Jurisdicao": "Estadual", "Administra": "DER", "Conservado": "10.04", "TipoPista": "PAV", "Sobreposic": null, "Subposicao": null, "PerimetroU": "Nã", "DataInicio": null, "DataFimCon": null, "EstadualCo": "Nã", "Denominaca": "Geraldo Scavone", "Legislacao": "Lei 6.845 de 26/04/90", "TPUso": null, "TransfMuni": null, "Subtrecho": "066SPE9476" }, "geometry": { "type": "LineString", "coordinates": [ [ -45.934538025509823, -23.27193852833749, 0.0 ], [ -45.93378018702883, -23.271122837354945, 0.0 ], [ -45.932594486678603, -23.26977977783827, 0.0 ], [ -45.932359606558542, -23.269271616393805, 0.0 ], [ -45.93216941572507, -23.268026146002953, 0.0 ], [ -45.931878516614205, -23.267767899074602, 0.0 ], [ -45.931271261970473, -23.267502874494713, 0.0 ], [ -45.930363499048546, -23.267306772759223, 0.0 ], [ -45.929919805653668, -23.267209240485069, 0.0 ], [ -45.929549116563479, -23.266918833390896, 0.0 ], [ -45.929348771953784, -23.266515413578247, 0.0 ], [ -45.929386117729301, -23.266067951367454, 0.0 ], [ -45.929612235251049, -23.265277930280231, 0.0 ], [ -45.929837688554002, -23.264012663313604, 0.0 ], [ -45.929807680422243, -23.263327719286377, 0.0 ], [ -45.929447181182582, -23.262869321319869, 0.0 ], [ -45.928729598336012, -23.262739091169458, 0.0 ], [ -45.927905286729398, -23.262652041006909, 0.0 ], [ -45.925824598334501, -23.262766372541709, 0.0 ], [ -45.924237463091025, -23.26351125674795, 0.0 ], [ -45.923312492992515, -23.264289935846545, 0.0 ], [ -45.922382251228072, -23.265155274934678, 0.0 ], [ -45.921613583195708, -23.266485279350743, 0.0 ], [ -45.920557170913568, -23.267474562828397, 0.0 ], [ -45.919508581717302, -23.269116263175579, 0.0 ], [ -45.918514185349473, -23.270729101951197, 0.0 ], [ -45.918456606584186, -23.271366099264359, 0.0 ], [ -45.918332132245638, -23.272157237232591, 0.0 ], [ -45.918114411192924, -23.272567725010155, 0.0 ], [ -45.91767934584675, -23.272972799495179, 0.0 ], [ -45.917033133866333, -23.273372777066132, 0.0 ], [ -45.916574297083351, -23.273759540388976, 0.0 ], [ -45.916028079024208, -23.2738487294911, 0.0 ], [ -45.915311344370615, -23.273684449506302, 0.0 ] ] } },
{ "type": "Feature", "properties": { "Rodovia": "SP 099", "TipoRodovi": "Eixo", "Orientacao": "Transversal", "Origem": "Estadual", "Municipio": "Jacareí", "CodRegiona": "DR 06", "SedeRegion": "Taubaté", "KmInicial": 12.93, "KmFinal": 14.4, "Extensao": 1.47, "DescricaoI": "Divisa Municipal São José dos Campos / Jacareí", "DescricaoF": "Divisa Municipal Jacareí / Jambeiro", "Jurisdicao": "Estadual", "Administra": "Concessionária", "Conservado": "Tamoios", "TipoPista": "DUP", "Sobreposic": null, "Subposicao": null, "PerimetroU": "Nã", "DataInicio": "18 04 2015", "DataFimCon": "18 04 2045", "EstadualCo": "Nã", "Denominaca": "Estrada dos Tamoios", "Legislacao": "Lei 1.796 de 18/10/78", "TPUso": null, "TransfMuni": null, "Subtrecho": "099SPE2750" }, "geometry": { "type": "LineString", "coordinates": [ [ -45.805161942365743, -23.281654660586831, 0.0 ], [ -45.803072853455973, -23.284386821645825, 0.0 ], [ -45.802635825578044, -23.285234767737286, 0.0 ], [ -45.801851665537264, -23.288330428330642, 0.0 ], [ -45.801206356333807, -23.289221361959275, 0.0 ], [ -45.800330557090369, -23.289880670276023, 0.0 ], [ -45.798265427110302, -23.290504276187487, 0.0 ], [ -45.796216814161134, -23.290906371328557, 0.0 ] ] } },
{ "type": "Feature", "properties": { "Rodovia": "SP 125", "TipoRodovi": "Eixo", "Orientacao": "Transversal", "Origem": "Estadual", "Municipio": "Taubaté", "CodRegiona": "DR 06", "SedeRegion": "Taubaté", "KmInicial": 0.0, "KmFinal": 4.0, "Extensao": 4.0, "DescricaoI": "Entroncamento BR 116 (km 112) (Taubaté)", "DescricaoF": "Entroncamento SPA 003/125", "Jurisdicao": "Estadual", "Administra": "Prefeitura", "Conservado": "Prefeitura", "TipoPista": "PAV", "Sobreposic": null, "Subposicao": null, "PerimetroU": "Nã", "DataInicio": null, "DataFimCon": null, "EstadualCo": "Sim", "Denominaca": "Oswaldo Cruz", "Legislacao": "Lei 972 de 19/04/76", "TPUso": null, "TransfMuni": null, "Subtrecho": "125SPE2505" }, "geometry": { "type": "LineString", "coordinates": [ [ -45.557272375648083, -23.036852116583137, 0.0 ], [ -45.558064460304472, -23.038884482840746, 0.0 ], [ -45.558001894158373, -23.039803351747999, 0.0 ], [ -45.557339876820976, -23.044838053313295, 0.0 ], [ -45.556982041283085, -23.045369366680209, 0.0 ], [ -45.555395469234334, -23.046599972952858, 0.0 ], [ -45.555200706234046, -23.047153440266065, 0.0 ], [ -45.554712146643261, -23.051258983218148, 0.0 ], [ -45.554854878632106, -23.052549884744991, 0.0 ], [ -45.555935014837729, -23.05677976315388, 0.0 ], [ -45.556031644447224, -23.059535289070237, 0.0 ], [ -45.555724670757215, -23.061721160714963, 0.0 ], [ -45.555704348095091, -23.061865965571187, 0.0 ], [ -45.555821810681941, -23.06265635622918, 0.0 ], [ -45.556707741849905, -23.064066406348136, 0.0 ], [ -45.556867025586868, -23.064751471424032, 0.0 ], [ -45.556485737497191, -23.067582950288376, 0.0 ], [ -45.556122274377664, -23.068311112046871, 0.0 ], [ -45.555520365156312, -23.068913713490797, 0.0 ], [ -45.553275683170355, -23.070535119893329, 0.0 ], [ -45.553135969138182, -23.070781244143134, 0.0 ] ] } },
{ "type": "Feature", "properties": { "Rodovia": "SP 125", "TipoRodovi": "Eixo", "Orientacao": "Transversal", "Origem": "Estadual", "Municipio": "Taubaté", "CodRegiona": "DR 06", "SedeRegion": "Taubaté", "KmInicial": 4.0, "KmFinal": 5.75, "Extensao": 1.75, "DescricaoI": "Entroncamento SPA 003/125", "DescricaoF": "Entroncamento SP 070 (km 134,580)", "Jurisdicao": "Estadual", "Administra": "Prefeitura", "Conservado": "Prefeitura", "TipoPista": "PAV", "Sobreposic": null, "Subposicao": null, "PerimetroU": "Nã", "DataInicio": null, "DataFimCon": null, "EstadualCo": "Sim", "Denominaca": "Oswaldo Cruz", "Legislacao": "Lei 972 de 19/04/76", "TPUso": null, "TransfMuni": null, "Subtrecho": "125SPE5752" }, "geometry": { "type": "LineString", "coordinates": [ [ -45.553135969138182, -23.070781244143134, 0.0 ], [ -45.552074085511357, -23.072651827362471, 0.0 ], [ -45.550093462583753, -23.075325843891935, 0.0 ], [ -45.547418007481276, -23.081332580356968, 0.0 ], [ -45.547131090391375, -23.082204851553531, 0.0 ], [ -45.546761295348738, -23.082894965014731, 0.0 ], [ -45.546058527946784, -23.083385565490097, 0.0 ], [ -45.54515698428937, -23.083514402661482, 0.0 ] ] } },
{ "type": "Feature", "properties": { "Rodovia": "SP 125", "TipoRodovi": "Eixo", "Orientacao": "Transversal", "Origem": "Estadual", "Municipio": "Taubaté", "CodRegiona": "DR 06", "SedeRegion": "Taubaté", "KmInicial": 5.75, "KmFinal": 14.208, "Extensao": 8.458, "DescricaoI": "Entroncamento SP 070 (km 134,580)", "DescricaoF": "Entroncamento SPA 014/125", "Jurisdicao": "Estadual", "Administra": "DER", "Conservado": "06.02", "TipoPista": "PAV", "Sobreposic": null, "Subposicao": null, "PerimetroU": "Nã", "DataInicio": null, "DataFimCon": null, "EstadualCo": "Sim", "Denominaca": "Oswaldo Cruz", "Legislacao": "Lei 972 de 19/04/76", "TPUso": null, "TransfMuni": null, "Subtrecho": "125SPE6515" }, "geometry": { "type": "LineString", "coordinates": [ [ -45.54515698428937, -23.083514402661482, 0.0 ], [ -45.544481626426474, -23.083540915271517, 0.0 ], [ -45.543705950500829, -23.083858945331887, 0.0 ], [ -45.543378491311721, -23.084301613990629, 0.0 ], [ -45.543160111855599, -23.085078375930085, 0.0 ], [ -45.543194744426458, -23.086685261963787, 0.0 ], [ -45.542668611041485, -23.088192460954943, 0.0 ], [ -45.542630820675761, -23.08917982886658, 0.0 ], [ -45.540651892049965, -23.092376189328242, 0.0 ], [ -45.539493327395476, -23.093585389851309, 0.0 ], [ -45.539516960856965, -23.096109360585164, 0.0 ], [ -45.539326811833021, -23.096860997529067, 0.0 ], [ -45.536939372674205, -23.099600913620364, 0.0 ], [ -45.536078747448101, -23.099402802225317, 0.0 ], [ -45.535266937184424, -23.099453727556636, 0.0 ], [ -45.531983935350283, -23.100781057489542, 0.0 ], [ -45.531405463439029, -23.101224345202244, 0.0 ], [ -45.530782199885799, -23.102717334467393, 0.0 ], [ -45.529675916130216, -23.104147866801885, 0.0 ], [ -45.527505045617055, -23.106332727432697, 0.0 ], [ -45.525161134584373, -23.107974221103916, 0.0 ], [ -45.522922822693417, -23.10890348208094, 0.0 ], [ -45.521305238401638, -23.110221559793771, 0.0 ], [ -45.521240321430447, -23.110737853300872, 0.0 ], [ -45.521728825087635, -23.111965612136654, 0.0 ], [ -45.521748869698072, -23.112761558523133, 0.0 ], [ -45.521631889350829, -23.113590529818715, 0.0 ], [ -45.520954982912158, -23.11489240304449, 0.0 ], [ -45.518359025787063, -23.11685008015348, 0.0 ], [ -45.515925744233272, -23.119017117315668, 0.0 ], [ -45.515350779568188, -23.119649587590096, 0.0 ], [ -45.512872968841315, -23.123474708540265, 0.0 ], [ -45.508955154917714, -23.127720226408886, 0.0 ], [ -45.508277201860373, -23.128078319725084, 0.0 ], [ -45.506738654747394, -23.12842091488606, 0.0 ], [ -45.505075416321844, -23.129927162798676, 0.0 ], [ -45.503554055233757, -23.133173159292056, 0.0 ], [ -45.503460353643398, -23.133848304627666, 0.0 ], [ -45.50399703227221, -23.136240941820361, 0.0 ], [ -45.503701854683449, -23.136684874942908, 0.0 ], [ -45.503134195180294, -23.137205190696957, 0.0 ], [ -45.503116603213861, -23.137221321399885, 0.0 ], [ -45.50280670646584, -23.137505368623302, 0.0 ], [ -45.501084901962514, -23.139083683031949, 0.0 ], [ -45.499824653073986, -23.139874545185663, 0.0 ], [ -45.499760375288893, -23.139914883766942, 0.0 ] ] } },
{ "type": "Feature", "properties": { "Rodovia": "SP 125", "TipoRodovi": "Eixo", "Orientacao": "Transversal", "Origem": "Estadual", "Municipio": "Taubaté", "CodRegiona": "DR 06", "SedeRegion": "Taubaté", "KmInicial": 14.208, "KmFinal": 21.1, "Extensao": 6.892, "DescricaoI": "Entroncamento SPA 014/125", "DescricaoF": "Entroncamento SP 121 (km Zero)", "Jurisdicao": "Estadual", "Administra": "DER", "Conservado": "06.02", "TipoPista": "PAV", "Sobreposic": null, "Subposicao": null, "PerimetroU": "Nã", "DataInicio": null, "DataFimCon": null, "EstadualCo": "Sim", "Denominaca": "Oswaldo Cruz", "Legislacao": "Lei 972 de 19/04/76", "TPUso": null, "TransfMuni": null, "Subtrecho": "125SPE0059" }, "geometry": { "type": "LineString", "coordinates": [ [ -45.499760375288893, -23.139914883766942, 0.0 ], [ -45.499731423960952, -23.139933049988059, 0.0 ], [ -45.499091372751671, -23.1403347030903, 0.0 ], [ -45.497207150041049, -23.141157823845447, 0.0 ], [ -45.495383328116652, -23.141604308142611, 0.0 ], [ -45.494662713403144, -23.141780712393153, 0.0 ], [ -45.494166347796636, -23.142142167176814, 0.0 ], [ -45.492601500321676, -23.144617693224614, 0.0 ], [ -45.491048871481382, -23.145623347858361, 0.0 ], [ -45.490476902354892, -23.146265697369103, 0.0 ], [ -45.489869247271798, -23.148130201570662, 0.0 ], [ -45.489847954096717, -23.149156885355207, 0.0 ], [ -45.489984227585794, -23.151166064002158, 0.0 ], [ -45.489782838661057, -23.152132921994973, 0.0 ], [ -45.488212767482999, -23.154840171740982, 0.0 ], [ -45.487483052620064, -23.156760840079361, 0.0 ], [ -45.486295086010259, -23.158488481207783, 0.0 ], [ -45.485504367198757, -23.159138788312244, 0.0 ], [ -45.483768031111758, -23.160121932456992, 0.0 ], [ -45.481087851537744, -23.159950467220838, 0.0 ], [ -45.480286654040974, -23.160104643961997, 0.0 ], [ -45.479685987242036, -23.160642341266783, 0.0 ], [ -45.479338937241643, -23.162311947989714, 0.0 ], [ -45.477876326641891, -23.16452387751605, 0.0 ], [ -45.477687251762312, -23.168517426435042, 0.0 ], [ -45.476895335425404, -23.171439174484643, 0.0 ], [ -45.476970662852516, -23.173463883349516, 0.0 ], [ -45.476612821856335, -23.174334487887599, 0.0 ], [ -45.474463693543576, -23.177427088693133, 0.0 ], [ -45.473017050265589, -23.180134418834488, 0.0 ], [ -45.471345452557998, -23.182425508315664, 0.0 ], [ -45.470734145829411, -23.18412298759846, 0.0 ], [ -45.47020810855043, -23.184822336438906, 0.0 ], [ -45.469254895743177, -23.185101766972785, 0.0 ], [ -45.466963045902709, -23.185016219422661, 0.0 ], [ -45.465041964302813, -23.185543786677261, 0.0 ] ] } },
{ "type": "Feature", "properties": { "Rodovia": "SP 125", "TipoRodovi": "Eixo", "Orientacao": "Transversal", "Origem": "Estadual", "Municipio": "Taubaté", "CodRegiona": "DR 06", "SedeRegion": "Taubaté", "KmInicial": 21.1, "KmFinal": 26.3, "Extensao": 5.2, "DescricaoI": "Entroncamento SP 121 (km Zero)", "DescricaoF": "Divisa Municipal Taubaté / Redenção da Serra", "Jurisdicao": "Estadual", "Administra": "DER", "Conservado": "06.02", "TipoPista": "PAV", "Sobreposic": null, "Subposicao": null, "PerimetroU": "Nã", "DataInicio": null, "DataFimCon": null, "EstadualCo": "Sim", "Denominaca": "Oswaldo Cruz", "Legislacao": "Lei 972 de 19/04/76", "TPUso": null, "TransfMuni": null, "Subtrecho": "125SPE3801" }, "geometry": { "type": "LineString", "coordinates": [ [ -45.465041964302813, -23.185543786677261, 0.0 ], [ -45.464593764648868, -23.18566753937278, 0.0 ], [ -45.4625037832202, -23.184934183767513, 0.0 ], [ -45.461713886155572, -23.184954425988536, 0.0 ], [ -45.461137591279297, -23.185413573730425, 0.0 ], [ -45.460187258708075, -23.188186828861564, 0.0 ], [ -45.458942429712899, -23.191035620305829, 0.0 ], [ -45.458474602507764, -23.191679798507714, 0.0 ], [ -45.455598246399489, -23.19272927289504, 0.0 ], [ -45.451156816716455, -23.193006227003885, 0.0 ], [ -45.449031322759822, -23.194384531204108, 0.0 ], [ -45.445858533985835, -23.195293276290997, 0.0 ], [ -45.445134234605732, -23.195128788930301, 0.0 ], [ -45.442405705348556, -23.193488003299954, 0.0 ], [ -45.440771960041417, -23.193162458751377, 0.0 ], [ -45.440021199964022, -23.193395257820853, 0.0 ], [ -45.439533308995543, -23.19393881594403, 0.0 ], [ -45.439392202574851, -23.194597847252865, 0.0 ], [ -45.439462304849648, -23.19763915670584, 0.0 ], [ -45.439039029317627, -23.198212179422434, 0.0 ], [ -45.438286108657152, -23.198386605051802, 0.0 ], [ -45.437434250250469, -23.198486693758202, 0.0 ], [ -45.434967213489053, -23.200013881145424, 0.0 ], [ -45.434535018217559, -23.200618660623029, 0.0 ], [ -45.434221465228255, -23.201753117967524, 0.0 ], [ -45.433348968205614, -23.203621699129478, 0.0 ], [ -45.432606694461775, -23.204147901429298, 0.0 ], [ -45.43005773937233, -23.203992321085902, 0.0 ], [ -45.4298496126857, -23.204093821866863, 0.0 ], [ -45.429813730771187, -23.204111321332793, 0.0 ], [ -45.429813336683118, -23.20411151508393, 0.0 ], [ -45.428744447505984, -23.204632811138048, 0.0 ], [ -45.428069964368184, -23.205425381485203, 0.0 ] ] } },
{ "type": "Feature", "properties": { "Rodovia": "SP 125", "TipoRodovi": "Eixo", "Orientacao": "Transversal", "Origem": "Estadual", "Municipio": "Natividade da Serra", "CodRegiona": "DR 06", "SedeRegion": "Taubaté", "KmInicial": 54.23, "KmFinal": 66.34, "Extensao": 12.11, "DescricaoI": "Divisa Municipal São Luíz Paraitinga / Natividade da Serra", "DescricaoF": "Divisa Municipal Natividade da Serra / São Luíz Paraitinga", "Jurisdicao": "Estadual", "Administra": "DER", "Conservado": "06.02", "TipoPista": "PAV", "Sobreposic": null, "Subposicao": null, "PerimetroU": "Nã", "DataInicio": null, "DataFimCon": null, "EstadualCo": "Sim", "Denominaca": "Oswaldo Cruz", "Legislacao": "Lei 972 de 19/04/76", "TPUso": null, "TransfMuni": null, "Subtrecho": "125SPE3300" }, "geometry": { "type": "LineString", "coordinates": [ [ -45.281713891253332, -23.319941939555353, 0.0 ], [ -45.281861632351891, -23.320266404062174, 0.0 ], [ -45.281469920743575, -23.323334390450757, 0.0 ], [ -45.281593424728847, -23.324018418333591, 0.0 ], [ -45.282723666590783, -23.324854714728978, 0.0 ], [ -45.283013186300657, -23.325442196030252, 0.0 ], [ -45.282761856721429, -23.326106441377082, 0.0 ], [ -45.279211750120993, -23.329684567802676, 0.0 ], [ -45.278397433104097, -23.33150556386537, 0.0 ], [ -45.277327804258334, -23.338723021238785, 0.0 ], [ -45.275878207689793, -23.340846631575005, 0.0 ], [ -45.274717714535946, -23.341554715588504, 0.0 ], [ -45.273936471877626, -23.341859141696087, 0.0 ], [ -45.270677144463043, -23.3420590770206, 0.0 ], [ -45.267938169853522, -23.342570402314383, 0.0 ], [ -45.266821169635584, -23.343152723149824, 0.0 ], [ -45.263603439233627, -23.346324110725195, 0.0 ], [ -45.262691878633156, -23.346642740995058, 0.0 ], [ -45.2581388762054, -23.346737797873399, 0.0 ], [ -45.257437375676915, -23.346752434253776, 0.0 ], [ -45.256451784696743, -23.347168157380278, 0.0 ], [ -45.254628095024813, -23.348347238101741, 0.0 ], [ -45.253560192119309, -23.348762850849578, 0.0 ], [ -45.252339393239779, -23.348719432579152, 0.0 ], [ -45.248485273505487, -23.347324456620608, 0.0 ], [ -45.244842329611792, -23.346381814552224, 0.0 ], [ -45.24374532483332, -23.34639267071508, 0.0 ], [ -45.242764946594427, -23.34672886736184, 0.0 ], [ -45.239468458615292, -23.349138738509367, 0.0 ], [ -45.238574260959332, -23.349792407262363, 0.0 ], [ -45.236521171393875, -23.35097948472016, 0.0 ], [ -45.235556636174081, -23.351164229439842, 0.0 ], [ -45.234545012066853, -23.351098247917001, 0.0 ], [ -45.233556968714062, -23.351534259750938, 0.0 ], [ -45.227490128055983, -23.356033381305632, 0.0 ], [ -45.226705510959547, -23.35604532077669, 0.0 ], [ -45.22384061067261, -23.35478044548681, 0.0 ], [ -45.222716495410161, -23.354631495310777, 0.0 ], [ -45.22146357371215, -23.355633118200689, 0.0 ], [ -45.220428202975747, -23.357667911882707, 0.0 ], [ -45.219889678014916, -23.358194209760402, 0.0 ], [ -45.219115726866924, -23.358207606076583, 0.0 ], [ -45.217708910023774, -23.357437000975327, 0.0 ], [ -45.215897607664942, -23.35765332717466, 0.0 ], [ -45.214865769811077, -23.357595938866631, 0.0 ], [ -45.212124684491052, -23.355715649909705, 0.0 ], [ -45.210760212649497, -23.354175276384019, 0.0 ], [ -45.209738426346924, -23.353878359611013, 0.0 ], [ -45.208622755855508, -23.354110056128398, 0.0 ], [ -45.202993613995432, -23.360832550943087, 0.0 ], [ -45.202993305390322, -23.360832918882373, 0.0 ], [ -45.20289644130208, -23.360948587336672, 0.0 ], [ -45.202757651154613, -23.3611143166159, 0.0 ] ] } },
{ "type": "Feature", "properties": { "Rodovia": "SP 125", "TipoRodovi": "Eixo", "Orientacao": "Transversal", "Origem": "Estadual", "Municipio": "São Luís do Paraitinga", "CodRegiona": "DR 06", "SedeRegion": "Taubaté", "KmInicial": 31.1, "KmFinal": 39.3, "Extensao": 8.2, "DescricaoI": "Divisa Municipal Redenção Serra / São Luíz Paraitinga", "DescricaoF": "Entroncamento SP 153 (km Zero)", "Jurisdicao": "Estadual", "Administra": "DER", "Conservado": "06.02", "TipoPista": "PAV", "Sobreposic": null, "Subposicao": null, "PerimetroU": "Nã", "DataInicio": null, "DataFimCon": null, "EstadualCo": "Sim", "Denominaca": "Oswaldo Cruz", "Legislacao": "Lei 972 de 19/04/76", "TPUso": null, "TransfMuni": null, "Subtrecho": "125SPE8302" }, "geometry": { "type": "LineString", "coordinates": [ [ -45.394939703314776, -23.199395144296417, 0.0 ], [ -45.39490926574846, -23.199395005048626, 0.0 ], [ -45.393729422178964, -23.200801283287685, 0.0 ], [ -45.389787947735243, -23.203709849572647, 0.0 ], [ -45.388565552686757, -23.206061669901292, 0.0 ], [ -45.387755299697872, -23.206743405970581, 0.0 ], [ -45.384618237446482, -23.208419621827776, 0.0 ], [ -45.383437840055997, -23.208695077807167, 0.0 ], [ -45.381376955418901, -23.208587605226555, 0.0 ], [ -45.38010394604256, -23.208145746054843, 0.0 ], [ -45.378628408344049, -23.206310446380165, 0.0 ], [ -45.378106933325995, -23.204749177074053, 0.0 ], [ -45.377586861798619, -23.20387784915631, 0.0 ], [ -45.375837808239623, -23.202656621383106, 0.0 ], [ -45.374805389366372, -23.202475079245964, 0.0 ], [ -45.371395692479652, -23.202812928315716, 0.0 ], [ -45.370310118407602, -23.202772710798055, 0.0 ], [ -45.365684539252371, -23.201983551340099, 0.0 ], [ -45.3624154120455, -23.201071903102964, 0.0 ], [ -45.361470977375447, -23.201451424915817, 0.0 ], [ -45.360622176860446, -23.20212193777736, 0.0 ], [ -45.358674199753629, -23.202992403167507, 0.0 ], [ -45.357705851391806, -23.203075844516249, 0.0 ], [ -45.354366712320832, -23.202686112032058, 0.0 ], [ -45.353545581579134, -23.203170843773265, 0.0 ], [ -45.35301260847173, -23.205807067321757, 0.0 ], [ -45.351193720282303, -23.206541100846568, 0.0 ], [ -45.350261156449221, -23.20649475506735, 0.0 ], [ -45.34917381090218, -23.204972502407742, 0.0 ], [ -45.348243372273522, -23.20457686119866, 0.0 ], [ -45.347279116302786, -23.204521597321079, 0.0 ], [ -45.346537515956094, -23.205152169392097, 0.0 ], [ -45.346278510476644, -23.205991815141182, 0.0 ], [ -45.346270848356077, -23.207693571744446, 0.0 ], [ -45.345946484477544, -23.20836390493945, 0.0 ], [ -45.344256890247401, -23.209004564675688, 0.0 ], [ -45.343238694223778, -23.20917656472729, 0.0 ], [ -45.342085803314625, -23.209026758037517, 0.0 ], [ -45.337432687574747, -23.208102672202862, 0.0 ], [ -45.335934353976533, -23.209323443703163, 0.0 ], [ -45.333887488546509, -23.208985005432101, 0.0 ], [ -45.331701258817468, -23.209390547822899, 0.0 ], [ -45.330663031869229, -23.210653411233903, 0.0 ] ] } },
{ "type": "Feature", "properties": { "Rodovia": "SP 125", "TipoRodovi": "Eixo", "Orientacao": "Transversal", "Origem": "Estadual", "Municipio": "São Luís do Paraitinga", "CodRegiona": "DR 06", "SedeRegion": "Taubaté", "KmInicial": 39.3, "KmFinal": 41.89, "Extensao": 2.59, "DescricaoI": "Entroncamento SP 153 (km Zero)", "DescricaoF": "Acesso São Luíz do Paraitinga (I) - SPA 042/125", "Jurisdicao": "Estadual", "Administra": "DER", "Conservado": "06.02", "TipoPista": "PAV", "Sobreposic": null, "Subposicao": null, "PerimetroU": "Nã", "DataInicio": null, "DataFimCon": null, "EstadualCo": "Sim", "Denominaca": "Oswaldo Cruz", "Legislacao": "Lei 972 de 19/04/76", "TPUso": null, "TransfMuni": null, "Subtrecho": "125SPE8951" }, "geometry": { "type": "LineString", "coordinates": [ [ -45.330663031869229, -23.210653411233903, 0.0 ], [ -45.328371731080438, -23.213441489742863, 0.0 ], [ -45.32698543276976, -23.216141933461792, 0.0 ], [ -45.325357270737648, -23.21788042613278, 0.0 ], [ -45.32281485376199, -23.221288892652431, 0.0 ], [ -45.320485190248952, -23.223562261215694, 0.0 ], [ -45.320213376500966, -23.224474575811804, 0.0 ], [ -45.320227101906575, -23.225330851400898, 0.0 ], [ -45.319751519488484, -23.22594534327164, 0.0 ], [ -45.318934693288, -23.225953483567082, 0.0 ], [ -45.317413631676992, -23.224962728697431, 0.0 ], [ -45.316597810870356, -23.22488043489388, 0.0 ], [ -45.31603535512312, -23.225310988038324, 0.0 ], [ -45.315773648300343, -23.225662155890401, 0.0 ] ] } },
{ "type": "Feature", "properties": { "Rodovia": "SP 125", "TipoRodovi": "Eixo", "Orientacao": "Transversal", "Origem": "Estadual", "Municipio": "São Luís do Paraitinga", "CodRegiona": "DR 06", "SedeRegion": "Taubaté", "KmInicial": 41.89, "KmFinal": 43.7, "Extensao": 1.81, "DescricaoI": "Acesso São Luíz do Paraitinga (I) - SPA 042/125", "DescricaoF": "Acesso São Luiz do Paraitinga (II) - SPA 043/125", "Jurisdicao": "Estadual", "Administra": "DER", "Conservado": "06.02", "TipoPista": "PAV", "Sobreposic": null, "Subposicao": null, "PerimetroU": "Nã", "DataInicio": null, "DataFimCon": null, "EstadualCo": "Sim", "Denominaca": "Oswaldo Cruz", "Legislacao": "Lei 972 de 19/04/76", "TPUso": null, "TransfMuni": null, "Subtrecho": "125SPE4675" }, "geometry": { "type": "LineString", "coordinates": [ [ -45.315773648300343, -23.225662155890401, 0.0 ], [ -45.315567716786063, -23.225938439368374, 0.0 ], [ -45.309430759214052, -23.23417613567344, 0.0 ], [ -45.308422339575749, -23.234614450700672, 0.0 ], [ -45.307412868554117, -23.235053595004345, 0.0 ], [ -45.306602533784194, -23.235756272411002, 0.0 ], [ -45.304862545644717, -23.237818862749286, 0.0 ], [ -45.304767827645797, -23.23836996792431, 0.0 ] ] } },
{ "type": "Feature", "properties": { "Rodovia": "SP 125", "TipoRodovi": "Eixo", "Orientacao": "Transversal", "Origem": "Estadual", "Municipio": "São Luís do Paraitinga", "CodRegiona": "DR 06", "SedeRegion": "Taubaté", "KmInicial": 43.7, "KmFinal": 46.0, "Extensao": 2.3, "DescricaoI": "Acesso São Luiz do Paraitinga (II) - SPA 043/125", "DescricaoF": "Entroncamento SPA 046/125 (km Zero) (para Catuçaba)", "Jurisdicao": "Estadual", "Administra": "DER", "Conservado": "06.02", "TipoPista": "PAV", "Sobreposic": null, "Subposicao": null, "PerimetroU": "Nã", "DataInicio": null, "DataFimCon": null, "EstadualCo": "Sim", "Denominaca": "Oswaldo Cruz", "Legislacao": "Lei 972 de 19/04/76", "TPUso": null, "TransfMuni": null, "Subtrecho": "125SPE1881" }, "geometry": { "type": "LineString", "coordinates": [ [ -45.304767827645797, -23.23836996792431, 0.0 ], [ -45.304752235545678, -23.238458694387738, 0.0 ], [ -45.305384106387386, -23.239860368083662, 0.0 ], [ -45.305410712105754, -23.240667165636935, 0.0 ], [ -45.30503429166604, -23.242293921460774, 0.0 ], [ -45.30609594685658, -23.244474351622124, 0.0 ], [ -45.305898958722501, -23.245152437955376, 0.0 ], [ -45.304485247149259, -23.246818124173473, 0.0 ], [ -45.30369846105642, -23.246948737735337, 0.0 ], [ -45.302816716084877, -23.246689833046123, 0.0 ], [ -45.301983729911299, -23.246763258640165, 0.0 ], [ -45.300576348270205, -23.247552253802578, 0.0 ], [ -45.299516404826051, -23.24763828774265, 0.0 ], [ -45.298580469055295, -23.248193359850667, 0.0 ], [ -45.297192538577391, -23.249866647423843, 0.0 ], [ -45.297063620476045, -23.251718359957263, 0.0 ], [ -45.296473820798653, -23.252803029758724, 0.0 ], [ -45.296390800582195, -23.252934631715171, 0.0 ] ] } },
{ "type": "Feature", "properties": { "Rodovia": "SP 125", "TipoRodovi": "Eixo", "Orientacao": "Transversal", "Origem": "Estadual", "Municipio": "São Luís do Paraitinga", "CodRegiona": "DR 06", "SedeRegion": "Taubaté", "KmInicial": 46.0, "KmFinal": 54.23, "Extensao": 8.23, "DescricaoI": "Entroncamento SPA 046/125 (km Zero) (para Catuçaba)", "DescricaoF": "Divisa Municipal São Luíz Paraitinga / Natividade da Serra", "Jurisdicao": "Estadual", "Administra": "DER", "Conservado": "06.02", "TipoPista": "PAV", "Sobreposic": null, "Subposicao": null, "PerimetroU": "Nã", "DataInicio": null, "DataFimCon": null, "EstadualCo": "Sim", "Denominaca": "Oswaldo Cruz", "Legislacao": "Lei 972 de 19/04/76", "TPUso": null, "TransfMuni": null, "Subtrecho": "125SPE7520" }, "geometry": { "type": "LineString", "coordinates": [ [ -45.296390800582195, -23.252934631715171, 0.0 ], [ -45.29625642522376, -23.253642100409301, 0.0 ], [ -45.295682236088538, -23.255011591304459, 0.0 ], [ -45.294819018500959, -23.256638415975015, 0.0 ], [ -45.292339928739324, -23.260291397726331, 0.0 ], [ -45.291721026036157, -23.263493889707775, 0.0 ], [ -45.290479029023665, -23.265640005555383, 0.0 ], [ -45.286547662917918, -23.271292978613911, 0.0 ], [ -45.285972841020666, -23.27256382459645, 0.0 ], [ -45.285746573483173, -23.273819809487037, 0.0 ], [ -45.285678009327754, -23.276075216618242, 0.0 ], [ -45.286092879779318, -23.276975925110282, 0.0 ], [ -45.287461518555034, -23.278488099736663, 0.0 ], [ -45.288002480007314, -23.279481743802286, 0.0 ], [ -45.288156578748733, -23.280596529562033, 0.0 ], [ -45.28717555043832, -23.286791588706475, 0.0 ], [ -45.285996573132131, -23.290343887841008, 0.0 ], [ -45.286354979510776, -23.291224480174069, 0.0 ], [ -45.287562378968829, -23.29262838042683, 0.0 ], [ -45.287489958000428, -23.293508543168944, 0.0 ], [ -45.285285288319095, -23.296064658212298, 0.0 ], [ -45.284823573932172, -23.298205249140597, 0.0 ], [ -45.284454709071738, -23.299050263791006, 0.0 ], [ -45.28132537048824, -23.301799892989116, 0.0 ], [ -45.280788799979298, -23.302513821602119, 0.0 ], [ -45.279976350657059, -23.305250448937013, 0.0 ], [ -45.2797291520586, -23.308595116576623, 0.0 ], [ -45.281058494858954, -23.315118970773522, 0.0 ], [ -45.280896701197968, -23.31616238435214, 0.0 ], [ -45.280910797856507, -23.316289380282953, 0.0 ], [ -45.281188019424789, -23.318787037405258, 0.0 ], [ -45.281713891253332, -23.319941939555353, 0.0 ] ] } },
{ "type": "Feature", "properties": { "Rodovia": "SP 125", "TipoRodovi": "Eixo", "Orientacao": "Transversal", "Origem": "Estadual", "Municipio": "São Luís do Paraitinga", "CodRegiona": "DR 06", "SedeRegion": "Taubaté", "KmInicial": 66.34, "KmFinal": 77.8, "Extensao": 11.46, "DescricaoI": "Divisa Municipal Natividade da Serra / São Luíz Paraitinga", "DescricaoF": "Entroncamento SPA 046/125 (km 34)", "Jurisdicao": "Estadual", "Administra": "DER", "Conservado": "06.02", "TipoPista": "PAV", "Sobreposic": null, "Subposicao": null, "PerimetroU": "Nã", "DataInicio": null, "DataFimCon": null, "EstadualCo": "Sim", "Denominaca": "Oswaldo Cruz", "Legislacao": "Lei 972 de 19/04/76", "TPUso": null, "TransfMuni": null, "Subtrecho": "125SPE7213" }, "geometry": { "type": "LineString", "coordinates": [ [ -45.202757651154613, -23.3611143166159, 0.0 ], [ -45.201965452708464, -23.362060287978785, 0.0 ], [ -45.20145251065491, -23.362745556005226, 0.0 ], [ -45.197316195988869, -23.366389655493368, 0.0 ], [ -45.196673219786426, -23.367217223696311, 0.0 ], [ -45.196111251368869, -23.368918097042386, 0.0 ], [ -45.196200742113611, -23.369782027973844, 0.0 ], [ -45.195956793370478, -23.370605866891019, 0.0 ], [ -45.195234107756022, -23.371275819169469, 0.0 ], [ -45.19301405067467, -23.372490981906878, 0.0 ], [ -45.192054886860547, -23.373282963180515, 0.0 ], [ -45.191447017922833, -23.374244115140606, 0.0 ], [ -45.190371460004656, -23.377239162182793, 0.0 ], [ -45.189660198626697, -23.378030624575302, 0.0 ], [ -45.186297103813096, -23.380175110901352, 0.0 ], [ -45.181968941924104, -23.383827571517624, 0.0 ], [ -45.177156983106798, -23.389878179111694, 0.0 ], [ -45.176429996780229, -23.390403560433562, 0.0 ], [ -45.172459903343601, -23.391986149808901, 0.0 ], [ -45.171939419856891, -23.39169370971652, 0.0 ], [ -45.17195541229156, -23.391542348331477, 0.0 ], [ -45.172235488949873, -23.38884606709728, 0.0 ], [ -45.171252592096558, -23.388272501448768, 0.0 ], [ -45.169882474364364, -23.388434061118936, 0.0 ], [ -45.168082819887928, -23.387646390322065, 0.0 ], [ -45.167928130976293, -23.387057370067321, 0.0 ], [ -45.168261580730842, -23.386423129557325, 0.0 ], [ -45.168000280146082, -23.385009548095468, 0.0 ], [ -45.166808489765259, -23.383104139091259, 0.0 ], [ -45.166327478733024, -23.382705535922614, 0.0 ], [ -45.164983262559332, -23.382186962740253, 0.0 ], [ -45.162970765842338, -23.381960548532096, 0.0 ], [ -45.16180551315874, -23.381198517003522, 0.0 ], [ -45.160415693253285, -23.381083964311067, 0.0 ], [ -45.158281968848492, -23.380379566503773, 0.0 ], [ -45.154633049600029, -23.379174795124083, 0.0 ], [ -45.151993686514189, -23.377421074955823, 0.0 ], [ -45.146823705931503, -23.375483339501425, 0.0 ], [ -45.144888516635774, -23.373665147619615, 0.0 ], [ -45.143814228909577, -23.373039781159925, 0.0 ], [ -45.143404440272427, -23.372632593011723, 0.0 ], [ -45.143500415023247, -23.372033464183509, 0.0 ], [ -45.144657294343013, -23.371073816090924, 0.0 ], [ -45.145247499493095, -23.36995699681945, 0.0 ], [ -45.14492907839562, -23.369487769965517, 0.0 ], [ -45.144375032188883, -23.369186233742056, 0.0 ], [ -45.143860429845382, -23.368266277444366, 0.0 ], [ -45.143510479761758, -23.367638555562326, 0.0 ], [ -45.142285121960015, -23.366796948768947, 0.0 ], [ -45.141076331350675, -23.366234787308503, 0.0 ], [ -45.138639956966671, -23.363050489647648, 0.0 ], [ -45.136752118449486, -23.36178659820856, 0.0 ], [ -45.135369039028483, -23.361486880854383, 0.0 ], [ -45.134887060016709, -23.361163399357444, 0.0 ], [ -45.132843340655285, -23.358746212892783, 0.0 ], [ -45.132580767933376, -23.358117124258833, 0.0 ], [ -45.132425590994401, -23.356894043970414, 0.0 ], [ -45.131524735813429, -23.355744579431875, 0.0 ], [ -45.130364835245736, -23.354264550064272, 0.0 ] ] } },
{ "type": "Feature", "properties": { "Rodovia": "SP 125", "TipoRodovi": "Eixo", "Orientacao": "Transversal", "Origem": "Estadual", "Municipio": "São Luís do Paraitinga", "CodRegiona": "DR 06", "SedeRegion": "Taubaté", "KmInicial": 77.8, "KmFinal": 78.95, "Extensao": 1.15, "DescricaoI": "Entroncamento SPA 046/125 (km 34)", "DescricaoF": "Divisa Municipal São Luíz do Paraitinga / Ubatuba", "Jurisdicao": "Estadual", "Administra": "DER", "Conservado": "06.02", "TipoPista": "PAV", "Sobreposic": null, "Subposicao": null, "PerimetroU": "Nã", "DataInicio": null, "DataFimCon": null, "EstadualCo": "Sim", "Denominaca": "Oswaldo Cruz", "Legislacao": "Lei 972 de 19/04/76", "TPUso": null, "TransfMuni": null, "Subtrecho": "125SPE3387" }, "geometry": { "type": "LineString", "coordinates": [ [ -45.130364835245736, -23.354264550064272, 0.0 ], [ -45.129618074083396, -23.353988886351186, 0.0 ], [ -45.12824518181845, -23.353815975707221, 0.0 ], [ -45.127536273330122, -23.353911392987943, 0.0 ], [ -45.127122890377692, -23.35434848636616, 0.0 ], [ -45.126677166829793, -23.355326459968708, 0.0 ], [ -45.126451093587079, -23.355562059472796, 0.0 ], [ -45.126433907061198, -23.35557997170643, 0.0 ], [ -45.12581125258923, -23.356228886454222, 0.0 ], [ -45.12392254243953, -23.356646668677804, 0.0 ], [ -45.122305817148771, -23.357566881882796, 0.0 ], [ -45.12229338217918, -23.358340790022794, 0.0 ] ] } },
{ "type": "Feature", "properties": { "Rodovia": "SP 125", "TipoRodovi": "Eixo", "Orientacao": "Transversal", "Origem": "Estadual", "Municipio": "Redenção da Serra", "CodRegiona": "DR 06", "SedeRegion": "Taubaté", "KmInicial": 26.3, "KmFinal": 31.1, "Extensao": 4.8, "DescricaoI": "Divisa Municipal Taubaté / Redenção da Serra", "DescricaoF": "Divisa Municipal Redenção Serra / São Luíz Paraitinga", "Jurisdicao": "Estadual", "Administra": "DER", "Conservado": "06.02", "TipoPista": "PAV", "Sobreposic": null, "Subposicao": null, "PerimetroU": "Nã", "DataInicio": null, "DataFimCon": null, "EstadualCo": "Sim", "Denominaca": "Oswaldo Cruz", "Legislacao": "Lei 972 de 19/04/76", "TPUso": null, "TransfMuni": null, "Subtrecho": "125SPE8765" }, "geometry": { "type": "LineString", "coordinates": [ [ -45.428069964368184, -23.205425381485203, 0.0 ], [ -45.427873300727349, -23.205656477204588, 0.0 ], [ -45.427344242561809, -23.207478146525713, 0.0 ], [ -45.426271267204989, -23.207895942179711, 0.0 ], [ -45.423683972091588, -23.207848380313109, 0.0 ], [ -45.421480197075113, -23.207360972720533, 0.0 ], [ -45.420676244995498, -23.206927739227019, 0.0 ], [ -45.414225254677397, -23.200314917740723, 0.0 ], [ -45.409059172030297, -23.196915529459869, 0.0 ], [ -45.408321701720567, -23.196788698484294, 0.0 ], [ -45.404061341066488, -23.197485332151114, 0.0 ], [ -45.40310622208181, -23.197805423529157, 0.0 ], [ -45.401610589257174, -23.198981436793122, 0.0 ], [ -45.401204653292027, -23.199738035360095, 0.0 ], [ -45.401218126940272, -23.201244882968187, 0.0 ], [ -45.400278892241026, -23.20250209166932, 0.0 ], [ -45.399524543437707, -23.202606352662023, 0.0 ], [ -45.398840176289326, -23.20220190459786, 0.0 ], [ -45.398274650080118, -23.201578132926073, 0.0 ], [ -45.397585010030518, -23.200177995148646, 0.0 ], [ -45.395883613621621, -23.199399453547045, 0.0 ], [ -45.395572419755979, -23.199398027058034, 0.0 ], [ -45.39548675838801, -23.199397636591399, 0.0 ], [ -45.394939703314776, -23.199395144296417, 0.0 ] ] } },
{ "type": "Feature", "properties": { "Rodovia": "SP 055", "TipoRodovi": "Eixo", "Orientacao": "Transversal", "Origem": "Estadual", "Municipio": "Miracatu", "CodRegiona": "DR 05", "SedeRegion": "Cubatão", "KmInicial": 380.05, "KmFinal": 386.6, "Extensao": 6.55, "DescricaoI": "Divisa Municipal Pedro de Toledo / Miracatu", "DescricaoF": "Acesso BR 116", "Jurisdicao": "Estadual", "Administra": "Concessionária", "Conservado": "Novo Litoral", "TipoPista": "PAV", "Sobreposic": null, "Subposicao": null, "PerimetroU": "Nã", "DataInicio": "01 11 2024", "DataFimCon": "01 11 2054", "EstadualCo": "Nã", "Denominaca": "Padre Manoel da Nobrega, Via", "Legislacao": "Dec. 52.258 de 05/08/69", "TPUso": null, "TransfMuni": null, "Subtrecho": "055SPE3733" }, "geometry": { "type": "LineString", "coordinates": [ [ -47.286387642723483, -24.269184905044167, 0.0 ], [ -47.286642168077215, -24.269078137373917, 0.0 ], [ -47.286760263038161, -24.2690285993332, 0.0 ], [ -47.287048495198789, -24.26898852045672, 0.0 ], [ -47.287506936501195, -24.268977816898055, 0.0 ], [ -47.288112805406477, -24.268876997530441, 0.0 ], [ -47.288806632881546, -24.268766045305618, 0.0 ], [ -47.289263712151957, -24.268709441362962, 0.0 ], [ -47.289807884567587, -24.268507696886736, 0.0 ], [ -47.290264482953042, -24.268247900036709, 0.0 ], [ -47.290527000892247, -24.268011973492637, 0.0 ], [ -47.290825442648419, -24.267646414287842, 0.0 ], [ -47.291145694734411, -24.26732683448072, 0.0 ], [ -47.291392928043429, -24.267060655837511, 0.0 ], [ -47.291877542435543, -24.266791295995127, 0.0 ], [ -47.292642217940561, -24.266310173096539, 0.0 ], [ -47.293327972783622, -24.265915705231883, 0.0 ], [ -47.294096838954452, -24.265753863399301, 0.0 ], [ -47.295294906409026, -24.265594821931817, 0.0 ], [ -47.296143485110854, -24.265505482716488, 0.0 ], [ -47.296354954542153, -24.265407000146446, 0.0 ], [ -47.296709105717895, -24.26547237351139, 0.0 ], [ -47.296886328164653, -24.265636340869357, 0.0 ], [ -47.297067931830249, -24.26571114956846, 0.0 ], [ -47.297699084344281, -24.266143337923271, 0.0 ], [ -47.298497762616918, -24.266118884851952, 0.0 ], [ -47.298793320674442, -24.265943558994888, 0.0 ], [ -47.299044954787689, -24.265785000312782, 0.0 ], [ -47.299889361043519, -24.265312104556944, 0.0 ], [ -47.300467848422386, -24.265060751053475, 0.0 ], [ -47.302804383447928, -24.264536408453292, 0.0 ], [ -47.303502419891331, -24.2645633552833, 0.0 ], [ -47.304085285965186, -24.264767482894065, 0.0 ], [ -47.304483632256698, -24.26512701135772, 0.0 ], [ -47.304968634260412, -24.265414001204768, 0.0 ], [ -47.305335849502804, -24.265502763944497, 0.0 ], [ -47.305564087983292, -24.265502958317189, 0.0 ], [ -47.30606812648, -24.265384774986995, 0.0 ], [ -47.306555679045758, -24.264968693722203, 0.0 ], [ -47.306808723592326, -24.264598207519384, 0.0 ], [ -47.307134721707058, -24.264198431043191, 0.0 ], [ -47.307453347365062, -24.264020539466866, 0.0 ], [ -47.308177172121958, -24.263857579661774, 0.0 ], [ -47.309477209879915, -24.263830774607538, 0.0 ], [ -47.311272524649951, -24.263932463523659, 0.0 ], [ -47.311729912128534, -24.263819669467889, 0.0 ], [ -47.312117589751225, -24.263668691121698, 0.0 ], [ -47.313036295962341, -24.263340984846668, 0.0 ], [ -47.316956524348313, -24.262258840549883, 0.0 ], [ -47.318456129866739, -24.262047903727904, 0.0 ], [ -47.320024858779995, -24.261238145720615, 0.0 ], [ -47.32105893921954, -24.260853219842922, 0.0 ], [ -47.322066260388297, -24.260500887088963, 0.0 ], [ -47.323188605174295, -24.260532725127774, 0.0 ], [ -47.32365887173362, -24.260684101881008, 0.0 ], [ -47.325479434447338, -24.261383940710086, 0.0 ], [ -47.326485363736332, -24.262383858334189, 0.0 ], [ -47.326962227469735, -24.262823724622429, 0.0 ], [ -47.327228387312218, -24.262875784819396, 0.0 ], [ -47.328567700089415, -24.263074758188836, 0.0 ], [ -47.331757023888926, -24.263254568597059, 0.0 ], [ -47.332386539957696, -24.263139468427781, 0.0 ], [ -47.340933909763798, -24.258904598388952, 0.0 ], [ -47.341975896253764, -24.258480932117589, 0.0 ], [ -47.342540794896458, -24.258322401115493, 0.0 ], [ -47.342910238110846, -24.258279434674691, 0.0 ], [ -47.343230459259466, -24.258298780637841, 0.0 ], [ -47.343641896941818, -24.25836333848105, 0.0 ], [ -47.34612731448054, -24.259098875887844, 0.0 ], [ -47.34697450035069, -24.259431458161799, 0.0 ], [ -47.347624583920989, -24.259667049489874, 0.0 ] ] } },
{ "type": "Feature", "properties": { "Rodovia": "SP 055", "TipoRodovi": "Eixo", "Orientacao": "Transversal", "Origem": "Estadual", "Municipio": "Miracatu", "CodRegiona": "DR 05", "SedeRegion": "Cubatão", "KmInicial": 386.6, "KmFinal": 389.8, "Extensao": 3.2, "DescricaoI": "Acesso BR 116", "DescricaoF": "Entroncamento BR 116 (km 384)", "Jurisdicao": "Estadual", "Administra": "Concessionária", "Conservado": "Novo Litoral", "TipoPista": "PAV", "Sobreposic": null, "Subposicao": null, "PerimetroU": "Nã", "DataInicio": "01 11 2024", "DataFimCon": "01 11 2054", "EstadualCo": "Nã", "Denominaca": "Padre Manoel da Nobrega, Via", "Legislacao": "Dec. 52.258 de 05/08/69", "TPUso": null, "TransfMuni": null, "Subtrecho": "055SPE4780" }, "geometry": { "type": "LineString", "coordinates": [ [ -47.347624583920989, -24.259667049489874, 0.0 ], [ -47.35055360691122, -24.260728495473195, 0.0 ], [ -47.352961509494293, -24.261559821013751, 0.0 ], [ -47.354004527424358, -24.261889644078575, 0.0 ], [ -47.354667140584304, -24.262125172300134, 0.0 ], [ -47.355507471576871, -24.262384068409705, 0.0 ], [ -47.356363857507581, -24.262524326204094, 0.0 ], [ -47.359169461240121, -24.262875792451748, 0.0 ], [ -47.360490370176926, -24.262973669668099, 0.0 ], [ -47.361655734407904, -24.262830871689136, 0.0 ], [ -47.362927977748377, -24.262555168113398, 0.0 ], [ -47.364359484272839, -24.261849530429505, 0.0 ], [ -47.365580964232123, -24.260861381730432, 0.0 ], [ -47.366696223675973, -24.259628969904643, 0.0 ], [ -47.367845058909488, -24.258546306302907, 0.0 ], [ -47.369565921726448, -24.257288900082482, 0.0 ], [ -47.370738756687402, -24.256583087862623, 0.0 ], [ -47.371698645598343, -24.25625172041061, 0.0 ], [ -47.373445068295268, -24.255402365316016, 0.0 ], [ -47.373985433540383, -24.254870311537658, 0.0 ], [ -47.3744221705375, -24.253639879795625, 0.0 ], [ -47.374555884043097, -24.253552195822561, 0.0 ] ] } },
{ "type": "Feature", "properties": { "Rodovia": "SP 055", "TipoRodovi": "Eixo", "Orientacao": "Transversal", "Origem": "Estadual", "Municipio": "Santos", "CodRegiona": "DR 05", "SedeRegion": "Cubatão", "KmInicial": 233.4, "KmFinal": 248.1, "Extensao": 14.7, "DescricaoI": "Divisa Municipio Bertioga/Santos", "DescricaoF": "Entroncamento SPA 248/055", "Jurisdicao": "Estadual", "Administra": "Concessionária", "Conservado": "Novo Litoral", "TipoPista": "PAV", "Sobreposic": "BR 101", "Subposicao": null, "PerimetroU": "Nã", "DataInicio": "01 11 2024", "DataFimCon": "01 11 2054", "EstadualCo": "Nã", "Denominaca": "s/d", "Legislacao": null, "TPUso": null, "TransfMuni": null, "Subtrecho": "055SPE4338" }, "geometry": { "type": "LineString", "coordinates": [ [ -46.192096777839787, -23.881365256292092, 0.0 ], [ -46.192520560003651, -23.881438990739358, 0.0 ], [ -46.192969396323434, -23.881554248656848, 0.0 ], [ -46.193165828983354, -23.881600239941537, 0.0 ], [ -46.193632551874238, -23.88177545607768, 0.0 ], [ -46.199438725867196, -23.884251192065637, 0.0 ], [ -46.200028048425459, -23.884563105529317, 0.0 ], [ -46.200731010715344, -23.885092171771191, 0.0 ], [ -46.2013759953009, -23.885782188889287, 0.0 ], [ -46.201811341490171, -23.886553624836438, 0.0 ], [ -46.202842953315532, -23.887727776690969, 0.0 ], [ -46.202982394719271, -23.887731130313195, 0.0 ], [ -46.203637893782684, -23.887787445923138, 0.0 ], [ -46.204322950019204, -23.887506603122858, 0.0 ], [ -46.205449058198013, -23.886278575984118, 0.0 ], [ -46.20598047348458, -23.885779689368849, 0.0 ], [ -46.206171090793696, -23.885648168072311, 0.0 ], [ -46.207083807413376, -23.885243158677227, 0.0 ], [ -46.208082295956999, -23.885128749334822, 0.0 ], [ -46.209081306665738, -23.885328005255502, 0.0 ], [ -46.209840522230046, -23.885731093668571, 0.0 ], [ -46.210020066489442, -23.885901787657378, 0.0 ], [ -46.210242303098283, -23.886117012636813, 0.0 ], [ -46.210483214270177, -23.886350506345419, 0.0 ], [ -46.210866261696644, -23.887016868741181, 0.0 ], [ -46.211046644065519, -23.88781624936335, 0.0 ], [ -46.21107297764356, -23.88815064086554, 0.0 ], [ -46.211258206243286, -23.893015099672571, 0.0 ], [ -46.211381623736436, -23.893831272016673, 0.0 ], [ -46.212413636460219, -23.895141781175337, 0.0 ], [ -46.2131865609784, -23.895502133157841, 0.0 ], [ -46.213838949717726, -23.895608762617179, 0.0 ], [ -46.215589827893716, -23.895654718760913, 0.0 ], [ -46.216352147474048, -23.895861639029295, 0.0 ], [ -46.217675402441699, -23.896780752878204, 0.0 ], [ -46.217983446499808, -23.896897374759146, 0.0 ], [ -46.218427677606044, -23.897028674123145, 0.0 ], [ -46.219225988932159, -23.896888801491794, 0.0 ], [ -46.220392257866976, -23.895909796674328, 0.0 ], [ -46.220717752043612, -23.895314128677182, 0.0 ], [ -46.220691751481766, -23.894648739862721, 0.0 ], [ -46.22033342677441, -23.893596577090317, 0.0 ], [ -46.21999905353865, -23.892075884024006, 0.0 ], [ -46.219942105692049, -23.891325558667944, 0.0 ], [ -46.2201820620337, -23.890468503816791, 0.0 ], [ -46.220595707074985, -23.889917611171239, 0.0 ], [ -46.220797612900412, -23.889710653627485, 0.0 ], [ -46.221722124208505, -23.889252970572844, 0.0 ], [ -46.222778174093996, -23.889193405247532, 0.0 ], [ -46.224820081138496, -23.889614829872496, 0.0 ], [ -46.225959771673175, -23.889766306718833, 0.0 ], [ -46.232322074763189, -23.889722689593281, 0.0 ], [ -46.234920405339913, -23.889933710209057, 0.0 ], [ -46.236010499763296, -23.890155442215669, 0.0 ], [ -46.240851607629665, -23.891488040175275, 0.0 ], [ -46.241958954130709, -23.891854264700164, 0.0 ], [ -46.242851406432074, -23.892230259098895, 0.0 ], [ -46.243604088705396, -23.892771671306757, 0.0 ], [ -46.244210083627195, -23.893466819558981, 0.0 ], [ -46.244414882573579, -23.893900939726301, 0.0 ], [ -46.244604631239518, -23.894268218432831, 0.0 ], [ -46.246167182890531, -23.898159300046917, 0.0 ], [ -46.246403579614359, -23.898625177209329, 0.0 ], [ -46.246847558882294, -23.899162473163553, 0.0 ], [ -46.246963088264977, -23.899319741515786, 0.0 ], [ -46.247717395747493, -23.899882879156685, 0.0 ], [ -46.248586165183745, -23.900247180207092, 0.0 ], [ -46.249340593701916, -23.90037493293632, 0.0 ], [ -46.250000915706337, -23.900388133530093, 0.0 ], [ -46.250603071776943, -23.900336819403126, 0.0 ], [ -46.258292345257658, -23.898310953763527, 0.0 ], [ -46.259401448742111, -23.89785580550965, 0.0 ], [ -46.259683033849676, -23.897683157441069, 0.0 ], [ -46.260380367338236, -23.897036537267159, 0.0 ], [ -46.260907038202596, -23.896239172472534, 0.0 ], [ -46.261347918736597, -23.895390235610297, 0.0 ], [ -46.261917532677195, -23.894595059179611, 0.0 ], [ -46.26282022347965, -23.89404144266631, 0.0 ], [ -46.263035665088701, -23.893971515033762, 0.0 ], [ -46.263713245092788, -23.893731893031784, 0.0 ], [ -46.269525734663169, -23.891995667808608, 0.0 ], [ -46.271660010658429, -23.891599467246476, 0.0 ], [ -46.27255175076013, -23.891671036890088, 0.0 ], [ -46.273355032360691, -23.892099264541265, 0.0 ], [ -46.273691257621024, -23.89241889465438, 0.0 ], [ -46.274763851729901, -23.893473533447299, 0.0 ], [ -46.274897440981754, -23.89367679375481, 0.0 ], [ -46.27528852284739, -23.894204217452877, 0.0 ], [ -46.275485491153752, -23.895028328973304, 0.0 ], [ -46.275367149352697, -23.895960488768978, 0.0 ], [ -46.275212351981523, -23.8966857230111, 0.0 ], [ -46.275015176640309, -23.898007284952655, 0.0 ], [ -46.275037036469811, -23.898179285255178, 0.0 ], [ -46.275025009716806, -23.898487820962291, 0.0 ], [ -46.275045623131859, -23.898726383216424, 0.0 ], [ -46.275037539437442, -23.898878921763647, 0.0 ], [ -46.275065193400536, -23.898952861553244, 0.0 ], [ -46.275086381137491, -23.899198053527282, 0.0 ], [ -46.27765400534129, -23.909421515847541, 0.0 ], [ -46.277895053478588, -23.91021426723966, 0.0 ], [ -46.278240778536919, -23.910898126575578, 0.0 ], [ -46.278497983175981, -23.911213486973537, 0.0 ], [ -46.278857763296116, -23.911667477108434, 0.0 ], [ -46.279410608402266, -23.912147877358858, 0.0 ], [ -46.280021186084632, -23.912531115807447, 0.0 ], [ -46.280575195626518, -23.912789891063795, 0.0 ], [ -46.281055686938849, -23.912885430370274, 0.0 ], [ -46.286027817003941, -23.913954406295357, 0.0 ], [ -46.286851811419879, -23.914355140955262, 0.0 ], [ -46.287048919242515, -23.914471016232149, 0.0 ], [ -46.28733607393432, -23.914677662435832, 0.0 ], [ -46.287640036349224, -23.914946122375152, 0.0 ], [ -46.287840144050328, -23.91522013047453, 0.0 ], [ -46.28815059773131, -23.915576920120895, 0.0 ], [ -46.288376634167342, -23.915732014989313, 0.0 ], [ -46.288527204888695, -23.915771716066608, 0.0 ], [ -46.288679948038997, -23.91577503657961, 0.0 ], [ -46.288848637142749, -23.915708302695169, 0.0 ], [ -46.289257226619924, -23.915468632575784, 0.0 ] ] } },
{ "type": "Feature", "properties": { "Rodovia": "SP 055", "TipoRodovi": "Eixo", "Orientacao": "Transversal", "Origem": "Estadual", "Municipio": "Bertioga", "CodRegiona": "DR 05", "SedeRegion": "Cubatão", "KmInicial": 191.4, "KmFinal": 211.4, "Extensao": 20.0, "DescricaoI": "Divisa Municipal São Sebastião / Bertioga (DR.05/DR.06)", "DescricaoF": "inicio da concessao", "Jurisdicao": "Estadual", "Administra": "DER", "Conservado": "05.04", "TipoPista": "PAV", "Sobreposic": "BR 101", "Subposicao": null, "PerimetroU": "Nã", "DataInicio": null, "DataFimCon": null, "EstadualCo": "Nã", "Denominaca": "Doutor Manoel Hyppolito Rego", "Legislacao": "Lei 4.799 de 25/10/85", "TPUso": null, "TransfMuni": null, "Subtrecho": "055SPE3431" }, "geometry": { "type": "LineString", "coordinates": [ [ -45.839085892642828, -23.755009345363685, 0.0 ], [ -45.842819985049609, -23.755019821317166, 0.0 ], [ -45.846495878593821, -23.755702698636608, 0.0 ], [ -45.849629121023597, -23.756288349871433, 0.0 ], [ -45.863855106958304, -23.757723771244844, 0.0 ], [ -45.872118473341395, -23.758556232490399, 0.0 ], [ -45.873010022118791, -23.758595760929502, 0.0 ], [ -45.873801020038265, -23.75863082671173, 0.0 ], [ -45.87447371373549, -23.758582775334663, 0.0 ], [ -45.87507506511448, -23.758393360742588, 0.0 ], [ -45.876400485034985, -23.757608102182935, 0.0 ], [ -45.876749527975562, -23.757449881098839, 0.0 ], [ -45.877799474769816, -23.756042244987405, 0.0 ], [ -45.878602590700822, -23.75569449610536, 0.0 ], [ -45.879099272230107, -23.755701236348731, 0.0 ], [ -45.880458693299559, -23.756125885521026, 0.0 ], [ -45.881202276971919, -23.7560802986971, 0.0 ], [ -45.881844368148641, -23.75570191942823, 0.0 ], [ -45.883061956341741, -23.7545745692248, 0.0 ], [ -45.889323960710072, -23.751012101273645, 0.0 ], [ -45.890538712860682, -23.750659257599551, 0.0 ], [ -45.891733431040983, -23.750674836762581, 0.0 ], [ -45.896381618567005, -23.751715842005037, 0.0 ], [ -45.897428112663349, -23.752171168355872, 0.0 ], [ -45.898180130341991, -23.752968990288007, 0.0 ], [ -45.899231848987, -23.754823590525362, 0.0 ], [ -45.899978869339456, -23.755560167759221, 0.0 ], [ -45.901965415308347, -23.75641413195294, 0.0 ], [ -45.935239363168414, -23.768696508846372, 0.0 ], [ -45.94685457135634, -23.772982406940251, 0.0 ], [ -45.947997070607805, -23.773225387936691, 0.0 ], [ -45.952388025964403, -23.773614013923229, 0.0 ], [ -45.953770986839785, -23.773706385899484, 0.0 ], [ -45.954217426813386, -23.773715457016824, 0.0 ], [ -45.954595532242131, -23.77376495267173, 0.0 ], [ -45.955347011428174, -23.77372129647506, 0.0 ], [ -45.959915855252007, -23.774268689519349, 0.0 ], [ -45.962622793764247, -23.775416671256945, 0.0 ], [ -45.965451059915878, -23.777201921797761, 0.0 ], [ -45.965930888681136, -23.777379559980467, 0.0 ], [ -45.967087583845256, -23.777762891321764, 0.0 ], [ -45.967461430461995, -23.777838716581531, 0.0 ], [ -45.968032978767241, -23.777823501632845, 0.0 ], [ -45.978514332111587, -23.775601685431319, 0.0 ], [ -45.979348933360441, -23.775510163786215, 0.0 ], [ -45.980448729755466, -23.775398847708864, 0.0 ], [ -45.982395087022518, -23.775506819943455, 0.0 ], [ -45.986582011218488, -23.775976489329697, 0.0 ], [ -45.988588252754575, -23.77639095216383, 0.0 ], [ -45.998579447471521, -23.77867936213871, 0.0 ], [ -46.026480678053701, -23.787024535369113, 0.0 ], [ -46.027866503013449, -23.787191479901264, 0.0 ] ] } },
{ "type": "Feature", "properties": { "Rodovia": "SP 055", "TipoRodovi": "Eixo", "Orientacao": "Transversal", "Origem": "Estadual", "Municipio": "Bertioga", "CodRegiona": "DR 05", "SedeRegion": "Cubatão", "KmInicial": 211.4, "KmFinal": 214.65, "Extensao": 3.25, "DescricaoI": "Início da concessão", "DescricaoF": "Entroncamento SP 098 (km 98) (para Mogi das Cruzes)", "Jurisdicao": "Estadual", "Administra": "Concessionária", "Conservado": "Novo Litoral", "TipoPista": "PAV", "Sobreposic": "BR 101", "Subposicao": null, "PerimetroU": "Nã", "DataInicio": "01 11 2024", "DataFimCon": "01 11 2054", "EstadualCo": "Nã", "Denominaca": "Doutor Manoel Hyppolito Rego", "Legislacao": "Lei 4.799 de 25/10/85", "TPUso": null, "TransfMuni": null, "Subtrecho": "055SPE1511" }, "geometry": { "type": "LineString", "coordinates": [ [ -46.027866503013449, -23.787191479901264, 0.0 ], [ -46.028533933043711, -23.787447974972331, 0.0 ], [ -46.030007086335303, -23.788078913146421, 0.0 ], [ -46.058073981528359, -23.796637597584077, 0.0 ] ] } },
{ "type": "Feature", "properties": { "Rodovia": "SP 055", "TipoRodovi": "Eixo", "Orientacao": "Transversal", "Origem": "Estadual", "Municipio": "Bertioga", "CodRegiona": "DR 05", "SedeRegion": "Cubatão", "KmInicial": 214.65, "KmFinal": 220.45, "Extensao": 5.8, "DescricaoI": "Entroncamento SP 098 (km 98) (para Mogi das Cruzes)", "DescricaoF": "Trecho Estadual", "Jurisdicao": "Estadual", "Administra": "Concessionária", "Conservado": "Novo Litoral", "TipoPista": "PAV", "Sobreposic": "BR 101", "Subposicao": null, "PerimetroU": "Nã", "DataInicio": "01 11 2024", "DataFimCon": "01 11 2054", "EstadualCo": "Nã", "Denominaca": "s/d", "Legislacao": null, "TPUso": null, "TransfMuni": null, "Subtrecho": "055SPE6283" }, "geometry": { "type": "LineString", "coordinates": [ [ -46.058073981528359, -23.796637597584077, 0.0 ], [ -46.060328704235403, -23.797116085731755, 0.0 ], [ -46.073088840065282, -23.800951697628431, 0.0 ], [ -46.073465752506564, -23.800972327401301, 0.0 ], [ -46.074675229799652, -23.801316778234515, 0.0 ], [ -46.075339746109215, -23.801628194573663, 0.0 ], [ -46.083748571303119, -23.804155125055729, 0.0 ], [ -46.088879368606989, -23.805824846460357, 0.0 ], [ -46.09080013558836, -23.806852013848399, 0.0 ], [ -46.094405597011054, -23.809201091512254, 0.0 ], [ -46.096338213211311, -23.810115777991598, 0.0 ], [ -46.105860382097589, -23.813053511774445, 0.0 ], [ -46.112619695957484, -23.815139066672948, 0.0 ], [ -46.113965364312129, -23.815554141390582, 0.0 ] ] } },
{ "type": "Feature", "properties": { "Rodovia": "SP 055", "TipoRodovi": "Eixo", "Orientacao": "Transversal", "Origem": "Estadual", "Municipio": "Bertioga", "CodRegiona": "DR 05", "SedeRegion": "Cubatão", "KmInicial": 220.45, "KmFinal": 233.4, "Extensao": 12.95, "DescricaoI": "Trecho Estadual", "DescricaoF": "Divisa Municipio Bertioga/Santos", "Jurisdicao": "Estadual", "Administra": "Concessionária", "Conservado": "Novo Litoral", "TipoPista": "PAV", "Sobreposic": "BR 101", "Subposicao": null, "PerimetroU": "Nã", "DataInicio": "01 11 2024", "DataFimCon": "01 11 2054", "EstadualCo": "Nã", "Denominaca": "s/d", "Legislacao": null, "TPUso": null, "TransfMuni": null, "Subtrecho": "055SPE7167" }, "geometry": { "type": "LineString", "coordinates": [ [ -46.113965364312129, -23.815554141390582, 0.0 ], [ -46.115109683146514, -23.815732806326945, 0.0 ], [ -46.116048246536224, -23.815970882235831, 0.0 ], [ -46.116880569745646, -23.816249331996623, 0.0 ], [ -46.118003403426137, -23.816799611186866, 0.0 ], [ -46.128273276713124, -23.819966708417464, 0.0 ], [ -46.129278493765824, -23.820474302924055, 0.0 ], [ -46.131029629438459, -23.821777784265052, 0.0 ], [ -46.138262012748115, -23.828539960690158, 0.0 ], [ -46.139203489024887, -23.829420179750983, 0.0 ], [ -46.140949564284611, -23.831052618285856, 0.0 ], [ -46.143172483517134, -23.832620341622562, 0.0 ], [ -46.144688135511444, -23.83330442904537, 0.0 ], [ -46.146299348977692, -23.833774428020501, 0.0 ], [ -46.156958857077377, -23.835569415415215, 0.0 ], [ -46.158271281983183, -23.835877076559552, 0.0 ], [ -46.160248405036249, -23.836783524806897, 0.0 ], [ -46.161229512151266, -23.837579542118679, 0.0 ], [ -46.167160743490321, -23.843524188789278, 0.0 ], [ -46.167678870061977, -23.844298468001458, 0.0 ], [ -46.168365231532505, -23.845586655558915, 0.0 ], [ -46.168696343027896, -23.846744615928575, 0.0 ], [ -46.168820517473897, -23.847916428608269, 0.0 ], [ -46.16881912316142, -23.848558824464703, 0.0 ], [ -46.168742491294203, -23.84902226232807, 0.0 ], [ -46.16863406145368, -23.849836268517688, 0.0 ], [ -46.168359484137959, -23.850969648132619, 0.0 ], [ -46.167031768202037, -23.857719533908448, 0.0 ], [ -46.167007207605494, -23.860470709041905, 0.0 ], [ -46.167106064248621, -23.861366838557892, 0.0 ], [ -46.16760798896663, -23.864621010061711, 0.0 ], [ -46.168030696898192, -23.865457374628182, 0.0 ], [ -46.168357739813757, -23.865786899031935, 0.0 ], [ -46.170992710448395, -23.868146850775254, 0.0 ], [ -46.172082539327668, -23.868984513940003, 0.0 ], [ -46.172639325651069, -23.869285727146679, 0.0 ], [ -46.173020140222263, -23.869474719590102, 0.0 ], [ -46.173741092482572, -23.870047744536386, 0.0 ], [ -46.174144968157755, -23.87097880847405, 0.0 ], [ -46.17407380296936, -23.871960360629053, 0.0 ], [ -46.173462331146446, -23.872989019178245, 0.0 ], [ -46.172649405612937, -23.873719606029546, 0.0 ], [ -46.171888444244381, -23.875120366097374, 0.0 ], [ -46.172050554994428, -23.876065245368114, 0.0 ], [ -46.172617048578154, -23.876843925840809, 0.0 ], [ -46.17545786983144, -23.878519815934016, 0.0 ], [ -46.176542541588752, -23.878974732836031, 0.0 ], [ -46.18006034455977, -23.879838955580087, 0.0 ], [ -46.1810249949229, -23.880298941799694, 0.0 ], [ -46.181751189298936, -23.880587757886705, 0.0 ], [ -46.182623801928933, -23.880811371639957, 0.0 ], [ -46.183571851789488, -23.880991682420813, 0.0 ], [ -46.191326771656932, -23.881231279708022, 0.0 ], [ -46.192096777839787, -23.881365256292092, 0.0 ] ] } },
{ "type": "Feature", "properties": { "Rodovia": "SP 055", "TipoRodovi": "Eixo", "Orientacao": "Transversal", "Origem": "Estadual", "Municipio": "Caraguatatuba", "CodRegiona": "DR 06", "SedeRegion": "Taubaté", "KmInicial": 81.97, "KmFinal": 87.24, "Extensao": 5.27, "DescricaoI": "Divisa Municipal Ubatuba / Caraguatatuba", "DescricaoF": "Entroncamento BR 101 - Contorno Massaguaçu", "Jurisdicao": "Estadual", "Administra": "DER", "Conservado": "05.04", "TipoPista": "PAV", "Sobreposic": "BR 101", "Subposicao": null, "PerimetroU": "Nã", "DataInicio": null, "DataFimCon": null, "EstadualCo": "Nã", "Denominaca": "Doutor Manoel Hyppolito Rego", "Legislacao": "Lei 4.799 de 25/10/85", "TPUso": null, "TransfMuni": null, "Subtrecho": "055SPE0266" }, "geometry": { "type": "LineString", "coordinates": [ [ -45.273303542102752, -23.565889334924627, 0.0 ], [ -45.273329605185673, -23.565889651370401, 0.0 ], [ -45.275020044254887, -23.565910612068762, 0.0 ], [ -45.277976992777404, -23.565992575623927, 0.0 ], [ -45.279132229713326, -23.566092108049123, 0.0 ], [ -45.280065698960627, -23.566284647617003, 0.0 ], [ -45.280836375411297, -23.566388647143821, 0.0 ], [ -45.282646608077954, -23.566649860863436, 0.0 ], [ -45.283896778690142, -23.566885920783822, 0.0 ], [ -45.284506452069401, -23.566944999541846, 0.0 ], [ -45.284860364533095, -23.567011757499046, 0.0 ], [ -45.285151355996248, -23.567093750065055, 0.0 ], [ -45.28566210162289, -23.567293929969171, 0.0 ], [ -45.286230654354789, -23.567652145623228, 0.0 ], [ -45.286731825454396, -23.568080032098916, 0.0 ], [ -45.287738122935806, -23.568935626495453, 0.0 ], [ -45.288273400605327, -23.569323119814136, 0.0 ], [ -45.288816119341348, -23.569633413236218, 0.0 ], [ -45.289299587952634, -23.569864847069521, 0.0 ], [ -45.29313874753062, -23.571283095729985, 0.0 ], [ -45.293299913189067, -23.57133212407571, 0.0 ], [ -45.293622529016893, -23.571323709303289, 0.0 ], [ -45.294029559923104, -23.571082679621981, 0.0 ], [ -45.29441029383414, -23.570565590139704, 0.0 ], [ -45.294641755779566, -23.570130458348014, 0.0 ], [ -45.294976367420986, -23.56978494643073, 0.0 ], [ -45.295465073568593, -23.569634510159823, 0.0 ], [ -45.296021784353073, -23.569727301621064, 0.0 ], [ -45.298549974418194, -23.570407674212387, 0.0 ], [ -45.300099608148734, -23.570712868787123, 0.0 ], [ -45.301856222831887, -23.570982625569052, 0.0 ], [ -45.30303789153011, -23.571230209117292, 0.0 ], [ -45.304726128815204, -23.571539900688865, 0.0 ], [ -45.310277802251591, -23.572511663865747, 0.0 ], [ -45.310739737379897, -23.572500152985459, 0.0 ], [ -45.311134107732933, -23.572313828457464, 0.0 ], [ -45.311325215691873, -23.572113951053041, 0.0 ], [ -45.311483814586268, -23.571859605017917, 0.0 ], [ -45.311605604193517, -23.571577801799428, 0.0 ], [ -45.311831664040966, -23.571251448287541, 0.0 ], [ -45.312315719993599, -23.570936625968592, 0.0 ], [ -45.313010542349488, -23.570908688797012, 0.0 ], [ -45.313636514027444, -23.571122820186876, 0.0 ], [ -45.314318994832817, -23.571496947352049, 0.0 ], [ -45.315965509414632, -23.572943768381425, 0.0 ], [ -45.316439590961593, -23.573455151747027, 0.0 ], [ -45.316764651630102, -23.574777512231112, 0.0 ], [ -45.317497229647294, -23.576387369235743, 0.0 ] ] } },
{ "type": "Feature", "properties": { "Rodovia": "SP 055", "TipoRodovi": "Eixo", "Orientacao": "Transversal", "Origem": "Estadual", "Municipio": "Caraguatatuba", "CodRegiona": "DR 06", "SedeRegion": "Taubaté", "KmInicial": 87.24, "KmFinal": 89.1, "Extensao": 1.86, "DescricaoI": "Entroncamento BR 101 - Contorno Massaguaçu", "DescricaoF": "Final da BR 101 - entroncamento SP 055", "Jurisdicao": "Estadual", "Administra": "DER", "Conservado": "05.04", "TipoPista": "PAV", "Sobreposic": "BR 101", "Subposicao": null, "PerimetroU": "Nã", "DataInicio": null, "DataFimCon": null, "EstadualCo": "Nã", "Denominaca": "Doutor Manoel Hyppolito Rego", "Legislacao": "Lei 4.799 de 25/10/85", "TPUso": null, "TransfMuni": null, "Subtrecho": "055SPE3711" }, "geometry": { "type": "LineString", "coordinates": [ [ -45.317497229647294, -23.576387369235743, 0.0 ], [ -45.317855654354581, -23.576813467033389, 0.0 ], [ -45.318384823833171, -23.577253875701803, 0.0 ], [ -45.318976041431434, -23.577587429050656, 0.0 ], [ -45.322743387846323, -23.578652892875692, 0.0 ], [ -45.323275448531923, -23.57882822979138, 0.0 ], [ -45.323652967258411, -23.579031685398917, 0.0 ], [ -45.324761277550451, -23.579628979050845, 0.0 ], [ -45.325750092349764, -23.580406691564939, 0.0 ], [ -45.326615954625957, -23.58133706588265, 0.0 ], [ -45.32753770755496, -23.582571285345129, 0.0 ], [ -45.328254223798595, -23.583793608860891, 0.0 ], [ -45.328855648833404, -23.584449709171565, 0.0 ], [ -45.330264763489005, -23.585730065763467, 0.0 ] ] } },
{ "type": "Feature", "properties": { "Rodovia": "SP 055", "TipoRodovi": "Eixo", "Orientacao": "Transversal", "Origem": "Estadual", "Municipio": "Caraguatatuba", "CodRegiona": "DR 06", "SedeRegion": "Taubaté", "KmInicial": 89.1, "KmFinal": 99.63, "Extensao": 10.53, "DescricaoI": "Final da BR 101 - entroncamento SP 055", "DescricaoF": "Caraguatatuba Perímetro Urbano (A)", "Jurisdicao": "Estadual", "Administra": "DER", "Conservado": "05.04", "TipoPista": "PAV", "Sobreposic": "BR 101", "Subposicao": null, "PerimetroU": "Nã", "DataInicio": null, "DataFimCon": null, "EstadualCo": "Nã", "Denominaca": "Doutor Manoel Hyppolito Rego", "Legislacao": "Lei 4.799 de 25/10/85", "TPUso": null, "TransfMuni": null, "Subtrecho": "055SPE8406" }, "geometry": { "type": "LineString", "coordinates": [ [ -45.330264763489005, -23.585730065763467, 0.0 ], [ -45.331681375921953, -23.587017211888934, 0.0 ], [ -45.336598475848703, -23.59148471789365, 0.0 ], [ -45.337247868933098, -23.591969048368423, 0.0 ], [ -45.33762288020219, -23.592415416801106, 0.0 ], [ -45.33944648555282, -23.594072176437908, 0.0 ], [ -45.339797702641064, -23.594446860109809, 0.0 ], [ -45.340086478860407, -23.594797610540741, 0.0 ], [ -45.342043426891898, -23.597424309545662, 0.0 ], [ -45.345335144858261, -23.601836474337595, 0.0 ], [ -45.346001096573183, -23.602803699204628, 0.0 ], [ -45.34638622203255, -23.603237902950294, 0.0 ], [ -45.34689604459291, -23.603558685402675, 0.0 ], [ -45.347458694103615, -23.603708549052985, 0.0 ], [ -45.348021611362697, -23.603699541860568, 0.0 ], [ -45.352974525842782, -23.602820214713809, 0.0 ], [ -45.353120567013676, -23.602810826345365, 0.0 ], [ -45.353575136067754, -23.60271572774878, 0.0 ], [ -45.354106669326193, -23.602351807265244, 0.0 ], [ -45.354447052314555, -23.60193309901921, 0.0 ], [ -45.354643046286959, -23.601741633731681, 0.0 ], [ -45.355068718813953, -23.601442667752401, 0.0 ], [ -45.356850297070757, -23.600377140764479, 0.0 ], [ -45.357495557755357, -23.600237003256762, 0.0 ], [ -45.360804133375375, -23.599995943261575, 0.0 ], [ -45.361493385250292, -23.599902507146322, 0.0 ], [ -45.361870905045421, -23.59991820335717, 0.0 ], [ -45.363719647335216, -23.599783458433912, 0.0 ], [ -45.364394901553204, -23.599635679132234, 0.0 ], [ -45.364568125914431, -23.599563578124013, 0.0 ], [ -45.364986453911641, -23.59932593278867, 0.0 ], [ -45.365421811443007, -23.598879666069958, 0.0 ], [ -45.365951565278912, -23.598642777024864, 0.0 ], [ -45.366540695153432, -23.598815843479343, 0.0 ], [ -45.367057722304239, -23.599219337893079, 0.0 ], [ -45.367462498044461, -23.599697170097969, 0.0 ], [ -45.367984313855303, -23.599985222086811, 0.0 ], [ -45.368250476725308, -23.600427430923602, 0.0 ], [ -45.368444063605651, -23.600951724580536, 0.0 ], [ -45.368877827133865, -23.601338617261746, 0.0 ], [ -45.369710937475574, -23.601871538661744, 0.0 ], [ -45.370011078778596, -23.602250697779684, 0.0 ], [ -45.370193973385788, -23.603435792133357, 0.0 ], [ -45.370556466833584, -23.603974663882713, 0.0 ], [ -45.370699740144595, -23.604557691058677, 0.0 ], [ -45.370424425137756, -23.605156246368583, 0.0 ], [ -45.369813317266235, -23.605567047779697, 0.0 ], [ -45.3693731990899, -23.606088489205252, 0.0 ], [ -45.369220160181762, -23.606715580664641, 0.0 ], [ -45.369098387850805, -23.607308093462414, 0.0 ], [ -45.369287191813818, -23.607800506543445, 0.0 ], [ -45.36968962633977, -23.608086650111574, 0.0 ], [ -45.370130853645833, -23.608315311891293, 0.0 ], [ -45.370428404645985, -23.608415424200693, 0.0 ], [ -45.370991496332707, -23.608450713371109, 0.0 ], [ -45.371674649326643, -23.608474357831192, 0.0 ], [ -45.372235698913357, -23.608597737737465, 0.0 ], [ -45.37255935259234, -23.609036887807669, 0.0 ], [ -45.372643836074225, -23.609682460358062, 0.0 ], [ -45.372947472803709, -23.610265044234612, 0.0 ], [ -45.37310995791654, -23.610354242991718, 0.0 ], [ -45.37357945174724, -23.61062897885861, 0.0 ], [ -45.374297829052672, -23.61093879794571, 0.0 ], [ -45.375498686238203, -23.611044149039969, 0.0 ], [ -45.37576127760353, -23.611028031144009, 0.0 ], [ -45.376104506043681, -23.611091076278608, 0.0 ], [ -45.376345391333984, -23.611102208946896, 0.0 ], [ -45.3768185957016, -23.611328092212499, 0.0 ], [ -45.377372885023249, -23.611676050144506, 0.0 ], [ -45.377797300005604, -23.611978857197805, 0.0 ], [ -45.378044975107777, -23.612198864854079, 0.0 ], [ -45.378550373904325, -23.612513566213938, 0.0 ], [ -45.378990141061408, -23.612714006726282, 0.0 ], [ -45.379298221181358, -23.612806568457497, 0.0 ], [ -45.37977456495549, -23.612870642148852, 0.0 ], [ -45.380446133779209, -23.612948681711121, 0.0 ], [ -45.382238190227028, -23.612983899600195, 0.0 ], [ -45.383340719774417, -23.613330992221556, 0.0 ], [ -45.383983702828296, -23.613719854091734, 0.0 ], [ -45.384615288594837, -23.614460586772942, 0.0 ], [ -45.385154882471497, -23.614816818769164, 0.0 ], [ -45.385662130587413, -23.614947708735702, 0.0 ], [ -45.386665620825212, -23.614922446569611, 0.0 ], [ -45.387220548005715, -23.61499112769706, 0.0 ], [ -45.387710065759897, -23.615094401552152, 0.0 ], [ -45.388105690066027, -23.615248655552225, 0.0 ], [ -45.388672509616754, -23.615444785611793, 0.0 ], [ -45.394139675282553, -23.61695786984777, 0.0 ], [ -45.394651952771284, -23.617013156950279, 0.0 ], [ -45.395127758378855, -23.617142911661855, 0.0 ], [ -45.395494245242887, -23.617326924982361, 0.0 ], [ -45.396806625172609, -23.617652519417128, 0.0 ], [ -45.397191610257238, -23.617649546749931, 0.0 ], [ -45.397790531145958, -23.617728096312824, 0.0 ], [ -45.398227196772474, -23.61790315347757, 0.0 ], [ -45.398599122214335, -23.618133525972102, 0.0 ], [ -45.398810757126768, -23.618230470208111, 0.0 ], [ -45.399831624735356, -23.618508578851266, 0.0 ], [ -45.402047281913724, -23.619124456688279, 0.0 ], [ -45.402917081974785, -23.619105556822934, 0.0 ], [ -45.403278441744717, -23.619189383633749, 0.0 ], [ -45.40357404767613, -23.619268330688421, 0.0 ], [ -45.403929991462405, -23.619446842678464, 0.0 ], [ -45.404209495347004, -23.619652355773241, 0.0 ], [ -45.404709020015396, -23.619870064044648, 0.0 ] ] } },
{ "type": "Feature", "properties": { "Rodovia": "SP 055", "TipoRodovi": "Eixo", "Orientacao": "Transversal", "Origem": "Estadual", "Municipio": "Caraguatatuba", "CodRegiona": "DR 06", "SedeRegion": "Taubaté", "KmInicial": 99.63, "KmFinal": 102.3, "Extensao": 2.67, "DescricaoI": "Caraguatatuba Perímetro Urbano (A)", "DescricaoF": "Caraguatatuba Perímetro Urbano (B) / Entroncamento SP 099 (km 83) Início do trecho Duplicado", "Jurisdicao": "Estadual", "Administra": "DER", "Conservado": "05.04", "TipoPista": "PAV", "Sobreposic": "BR 101", "Subposicao": null, "PerimetroU": "Nã", "DataInicio": null, "DataFimCon": null, "EstadualCo": "Nã", "Denominaca": "Doutor Manoel Hyppolito Rego", "Legislacao": "Lei 4.799 de 25/10/85", "TPUso": null, "TransfMuni": null, "Subtrecho": "055SPE9681" }, "geometry": { "type": "LineString", "coordinates": [ [ -45.404709020015396, -23.619870064044648, 0.0 ], [ -45.406303815430952, -23.620328674017248, 0.0 ], [ -45.406802791593933, -23.620477408207616, 0.0 ], [ -45.409207198923276, -23.621105884618292, 0.0 ], [ -45.411823721273912, -23.622555927972051, 0.0 ], [ -45.413098916995374, -23.623712880101397, 0.0 ], [ -45.414093375335554, -23.623876691427185, 0.0 ], [ -45.414634860439499, -23.623978296814499, 0.0 ], [ -45.415020124081266, -23.624019105589841, 0.0 ], [ -45.415452281002551, -23.624161907797902, 0.0 ], [ -45.423541093665762, -23.625472843175903, 0.0 ], [ -45.424327230912475, -23.625637085999635, 0.0 ], [ -45.424494503736184, -23.625770974470139, 0.0 ], [ -45.424474071279526, -23.625976487320262, 0.0 ], [ -45.424241410354774, -23.626485239847554, 0.0 ], [ -45.424292566071536, -23.627202200494231, 0.0 ] ] } },
{ "type": "Feature", "properties": { "Rodovia": "SP 055", "TipoRodovi": "Eixo", "Orientacao": "Transversal", "Origem": "Estadual", "Municipio": "Caraguatatuba", "CodRegiona": "DR 06", "SedeRegion": "Taubaté", "KmInicial": 102.3, "KmFinal": 112.55, "Extensao": 10.25, "DescricaoI": "Caraguatatuba Perímetro Urbano (B) / Entroncamento SP 099 (km 83) Início do trecho Duplicado", "DescricaoF": "Divisa Municipal Caraguatatuba / São Sebastião", "Jurisdicao": "Estadual", "Administra": "DER", "Conservado": "05.04", "TipoPista": "DUP", "Sobreposic": "BR 101", "Subposicao": null, "PerimetroU": "Nã", "DataInicio": null, "DataFimCon": null, "EstadualCo": "Nã", "Denominaca": "Doutor Manoel Hyppolito Rego", "Legislacao": "Lei 4.799 de 25/10/85", "TPUso": null, "TransfMuni": null, "Subtrecho": "055SPE4299" }, "geometry": { "type": "LineString", "coordinates": [ [ -45.424292566071536, -23.627202200494231, 0.0 ], [ -45.424810201254815, -23.628001412343828, 0.0 ], [ -45.425236572738136, -23.628467933366327, 0.0 ], [ -45.425404012235802, -23.628664413743202, 0.0 ], [ -45.425581331184731, -23.628955136612745, 0.0 ], [ -45.425674166055273, -23.629181319940358, 0.0 ], [ -45.425732515131585, -23.62946663390678, 0.0 ], [ -45.425924422657232, -23.629862994732459, 0.0 ], [ -45.427033116731039, -23.631715309023079, 0.0 ], [ -45.430728744445354, -23.639213575454825, 0.0 ], [ -45.430967227925308, -23.639676618880614, 0.0 ], [ -45.431044535115568, -23.639947738958703, 0.0 ], [ -45.431281613564387, -23.642038957377704, 0.0 ], [ -45.434151219021267, -23.65638006071547, 0.0 ], [ -45.434730152382464, -23.659399216175743, 0.0 ], [ -45.435135972911638, -23.661225386261329, 0.0 ], [ -45.435263898262264, -23.661795026833673, 0.0 ], [ -45.435251747773769, -23.661899081305393, 0.0 ], [ -45.435310242488534, -23.662366791312401, 0.0 ], [ -45.435409391054606, -23.662789103888368, 0.0 ], [ -45.435685101267509, -23.663427094909622, 0.0 ], [ -45.435769825456887, -23.663852480193064, 0.0 ], [ -45.435744012036565, -23.664214401303976, 0.0 ], [ -45.435744649411369, -23.664610629721182, 0.0 ], [ -45.437479808315189, -23.673397399222502, 0.0 ], [ -45.437707864678849, -23.673964435808891, 0.0 ], [ -45.437787465834894, -23.674769964709405, 0.0 ], [ -45.437872989676336, -23.674976944299598, 0.0 ], [ -45.437904948313793, -23.675626077404768, 0.0 ], [ -45.438093477259272, -23.676600706264011, 0.0 ], [ -45.439709348728421, -23.685237623357029, 0.0 ], [ -45.43991517143629, -23.686290812782783, 0.0 ], [ -45.440041650973399, -23.686721719894745, 0.0 ], [ -45.440256895291576, -23.687240714437646, 0.0 ], [ -45.440687844720152, -23.688110368622475, 0.0 ], [ -45.441057130871904, -23.688493722690268, 0.0 ], [ -45.442155331241786, -23.689015539617991, 0.0 ], [ -45.442554729355521, -23.689274886435399, 0.0 ], [ -45.442923934936225, -23.689617088601135, 0.0 ], [ -45.443022205397369, -23.689774942064556, 0.0 ], [ -45.443220126197296, -23.690018375537353, 0.0 ], [ -45.443456808132204, -23.690551077913572, 0.0 ], [ -45.443539013046653, -23.691113580694708, 0.0 ], [ -45.443535867448247, -23.691377103824724, 0.0 ], [ -45.443489587933492, -23.691577997529151, 0.0 ], [ -45.443429435176853, -23.691916688073857, 0.0 ], [ -45.443301920769066, -23.692235545775826, 0.0 ], [ -45.442272618174862, -23.694169403695284, 0.0 ], [ -45.441807230755337, -23.694800414425092, 0.0 ], [ -45.441297519447353, -23.695590863024794, 0.0 ], [ -45.441095264655651, -23.695961550448121, 0.0 ], [ -45.440869838442815, -23.696368998785051, 0.0 ], [ -45.440590139489764, -23.69674534999417, 0.0 ], [ -45.44027091623618, -23.69706137368826, 0.0 ], [ -45.439691991935042, -23.697797292289795, 0.0 ], [ -45.437552896704233, -23.701149991258458, 0.0 ], [ -45.437273191952436, -23.701818984818161, 0.0 ], [ -45.437030915087789, -23.70224603402821, 0.0 ], [ -45.436751494413535, -23.702637701803248, 0.0 ], [ -45.436291969527595, -23.703136472388209, 0.0 ], [ -45.435621851185246, -23.704036215784406, 0.0 ], [ -45.434942491139928, -23.705077610200153, 0.0 ], [ -45.434800619921873, -23.705412686135382, 0.0 ], [ -45.434694282812664, -23.705586999260905, 0.0 ], [ -45.434540489234003, -23.705762823905197, 0.0 ], [ -45.430246279391518, -23.712401163945419, 0.0 ], [ -45.430169796556939, -23.712649108699928, 0.0 ], [ -45.430157944295296, -23.712666716152476, 0.0 ] ] } },
{ "type": "Feature", "properties": { "Rodovia": "SP 055", "TipoRodovi": "Eixo", "Orientacao": "Transversal", "Origem": "Estadual", "Municipio": "Ubatuba", "CodRegiona": "DR 06", "SedeRegion": "Taubaté", "KmInicial": 53.6, "KmFinal": 81.97, "Extensao": 28.37, "DescricaoI": "Entroncamento BR 101 (km 53) (Ubatuba)", "DescricaoF": "Divisa Municipal Ubatuba / Caraguatatuba", "Jurisdicao": "Estadual", "Administra": "DER", "Conservado": "05.04", "TipoPista": "PAV", "Sobreposic": "BR 101", "Subposicao": null, "PerimetroU": "Nã", "DataInicio": null, "DataFimCon": null, "EstadualCo": "Nã", "Denominaca": "Doutor Manoel Hyppolito Rego", "Legislacao": "Lei 4.799 de 25/10/85", "TPUso": null, "TransfMuni": null, "Subtrecho": "055SPE7722" }, "geometry": { "type": "LineString", "coordinates": [ [ -45.062686645250686, -23.466653618630659, 0.0 ], [ -45.063210138609861, -23.467255894839351, 0.0 ], [ -45.064718177150169, -23.468969577852818, 0.0 ], [ -45.065359449938569, -23.469645024141979, 0.0 ], [ -45.065754096588002, -23.470146738601624, 0.0 ], [ -45.066444143339588, -23.470930860692256, 0.0 ], [ -45.067056858458905, -23.471785248409734, 0.0 ], [ -45.068890003368693, -23.474698883352151, 0.0 ], [ -45.06961927279599, -23.475765833252975, 0.0 ], [ -45.07073247854526, -23.477259415421521, 0.0 ], [ -45.071098595676659, -23.477799695870278, 0.0 ], [ -45.071229783012015, -23.478186388422365, 0.0 ], [ -45.071242310190421, -23.478685819740406, 0.0 ], [ -45.071085350277095, -23.479211090415532, 0.0 ], [ -45.070993929202437, -23.479716310774403, 0.0 ], [ -45.071227356093253, -23.480123174091322, 0.0 ], [ -45.071722437721988, -23.480297224154278, 0.0 ], [ -45.072917187612852, -23.480217316504419, 0.0 ], [ -45.073435709069138, -23.480418126922135, 0.0 ], [ -45.073744476258618, -23.480836190642663, 0.0 ], [ -45.074412554352485, -23.483095355466567, 0.0 ], [ -45.074644184371643, -23.483775858494315, 0.0 ], [ -45.074782987572448, -23.484347998677148, 0.0 ], [ -45.077087180023526, -23.492139585629442, 0.0 ], [ -45.077330045012033, -23.49285362951451, 0.0 ], [ -45.077499137705892, -23.493117489178513, 0.0 ], [ -45.07789828939385, -23.493496124462162, 0.0 ], [ -45.078421705596803, -23.493709167693638, 0.0 ], [ -45.078954086968196, -23.4937579125925, 0.0 ], [ -45.079525808834873, -23.493659341800196, 0.0 ], [ -45.08069900197026, -23.493364440443422, 0.0 ], [ -45.081259583420014, -23.493332159915482, 0.0 ], [ -45.0828698531583, -23.493694426845778, 0.0 ], [ -45.083304144625068, -23.493653818883157, 0.0 ], [ -45.083625322643549, -23.493421058686117, 0.0 ], [ -45.083786980192521, -23.493073867173159, 0.0 ], [ -45.083787073718902, -23.492977448275713, 0.0 ], [ -45.083702017061348, -23.491904530930078, 0.0 ], [ -45.083735607234374, -23.491578481751436, 0.0 ], [ -45.083887417937994, -23.49127503187999, 0.0 ], [ -45.084129689688609, -23.49102747794095, 0.0 ], [ -45.084273204751128, -23.490936030973355, 0.0 ], [ -45.084584477662254, -23.49084368457012, 0.0 ], [ -45.086043010375583, -23.490545109730395, 0.0 ], [ -45.091889745502193, -23.490051707641083, 0.0 ], [ -45.092670494727713, -23.489955830602309, 0.0 ], [ -45.093973603241416, -23.489787421401303, 0.0 ], [ -45.094643705474617, -23.489705508088608, 0.0 ], [ -45.095099414391782, -23.48965418328148, 0.0 ], [ -45.09569596442357, -23.489550278394962, 0.0 ], [ -45.102576689068719, -23.488055193877539, 0.0 ], [ -45.103020912780948, -23.487956667567275, 0.0 ], [ -45.103170072420902, -23.487913639428591, 0.0 ], [ -45.103327043295565, -23.487862939658775, 0.0 ], [ -45.103724732393744, -23.487792399707178, 0.0 ], [ -45.105359077831174, -23.487460104849582, 0.0 ], [ -45.105939248795629, -23.487415779324838, 0.0 ], [ -45.106594216494109, -23.487535089299353, 0.0 ], [ -45.107008896586358, -23.487819150020854, 0.0 ], [ -45.107191966267379, -23.488400887866725, 0.0 ], [ -45.107235119380142, -23.488919179986677, 0.0 ], [ -45.107166253356269, -23.489199297393615, 0.0 ], [ -45.107096921811277, -23.489421536609424, 0.0 ], [ -45.107069010153346, -23.489594840550595, 0.0 ], [ -45.107544580697102, -23.490706435687198, 0.0 ], [ -45.107642086647601, -23.491047128288884, 0.0 ], [ -45.107636073861919, -23.491206625233961, 0.0 ], [ -45.107464806710126, -23.491519453641963, 0.0 ], [ -45.107445344653456, -23.491981856289222, 0.0 ], [ -45.107651584200916, -23.492317355250965, 0.0 ], [ -45.107910430122345, -23.492447393890849, 0.0 ], [ -45.108328767497703, -23.493005682302847, 0.0 ], [ -45.108518227675745, -23.493194488666653, 0.0 ], [ -45.109387716428181, -23.493621802027576, 0.0 ], [ -45.109792657925951, -23.494051251114165, 0.0 ], [ -45.110565683219043, -23.49505891722638, 0.0 ], [ -45.110983056574554, -23.49529698300951, 0.0 ], [ -45.111108216781268, -23.49535513639599, 0.0 ], [ -45.111712542027426, -23.49553421599229, 0.0 ], [ -45.112840310002944, -23.496459279163616, 0.0 ], [ -45.113350918440453, -23.496527447462217, 0.0 ], [ -45.113554958874012, -23.496552900884051, 0.0 ], [ -45.114304358536501, -23.496721761201087, 0.0 ], [ -45.115400065035871, -23.497109367041965, 0.0 ], [ -45.115676251564011, -23.497311282474925, 0.0 ], [ -45.115864927874462, -23.497497193867609, 0.0 ], [ -45.116039783570152, -23.497731084496081, 0.0 ], [ -45.1162118294938, -23.497851225002652, 0.0 ], [ -45.116489654806252, -23.497983078307271, 0.0 ], [ -45.117001877799026, -23.498052450921971, 0.0 ], [ -45.118613474327823, -23.498740843111996, 0.0 ], [ -45.119604842685455, -23.499804786926422, 0.0 ], [ -45.119751494217837, -23.499986536868413, 0.0 ], [ -45.119959085429123, -23.500098437057947, 0.0 ], [ -45.120211395667468, -23.500121931251012, 0.0 ], [ -45.120988565867599, -23.500081880754291, 0.0 ], [ -45.122150449207858, -23.500412563487586, 0.0 ], [ -45.122598545377485, -23.500414853570458, 0.0 ], [ -45.122766017918266, -23.500451149095586, 0.0 ], [ -45.123008167590285, -23.500546360509166, 0.0 ], [ -45.123090856893391, -23.500606451739642, 0.0 ], [ -45.123569109585233, -23.501018777979475, 0.0 ], [ -45.123741878750785, -23.501097031209788, 0.0 ], [ -45.124012098163135, -23.501125459219701, 0.0 ], [ -45.124203937170293, -23.501099383065192, 0.0 ], [ -45.124346724360727, -23.501088226660816, 0.0 ], [ -45.124765700368911, -23.501115747745175, 0.0 ], [ -45.125258714891274, -23.501265478963074, 0.0 ], [ -45.126193811205198, -23.501699675243824, 0.0 ], [ -45.126836827299599, -23.501803929086048, 0.0 ], [ -45.127273431659184, -23.501858831520682, 0.0 ], [ -45.127800503180985, -23.501951907298473, 0.0 ], [ -45.128598730286065, -23.502030486125175, 0.0 ], [ -45.129070974038029, -23.501896803711059, 0.0 ], [ -45.129427104101545, -23.501583108376412, 0.0 ], [ -45.130348887032525, -23.500392601524819, 0.0 ], [ -45.130516533556523, -23.500137416082261, 0.0 ], [ -45.130795809806408, -23.499828630228752, 0.0 ], [ -45.131614205706342, -23.49919020749612, 0.0 ], [ -45.131890626684772, -23.499029153246447, 0.0 ], [ -45.132326720106128, -23.498820416909943, 0.0 ], [ -45.132641215211336, -23.498709919707473, 0.0 ], [ -45.133242951034561, -23.498499868105924, 0.0 ], [ -45.134054666846446, -23.498197427340255, 0.0 ], [ -45.134208716986613, -23.498140986662392, 0.0 ], [ -45.136656370663495, -23.496852991702017, 0.0 ], [ -45.137370827992513, -23.496640226622755, 0.0 ], [ -45.1382417888059, -23.496507019391455, 0.0 ], [ -45.138848309557055, -23.496414895893118, 0.0 ], [ -45.139279636400751, -23.496280528637261, 0.0 ], [ -45.139542427826171, -23.496200625558998, 0.0 ], [ -45.140270075049706, -23.496064375480785, 0.0 ], [ -45.140540720879542, -23.496044962735745, 0.0 ], [ -45.140696162364968, -23.495961200628226, 0.0 ], [ -45.140857967088294, -23.495850133324019, 0.0 ], [ -45.140965841539909, -23.495669428446671, 0.0 ], [ -45.141093069046327, -23.495469856018566, 0.0 ], [ -45.141196091705652, -23.495180474448038, 0.0 ], [ -45.141468512478717, -23.494791695396341, 0.0 ], [ -45.141665261940467, -23.494629984937323, 0.0 ], [ -45.141952288642287, -23.494495278555366, 0.0 ], [ -45.142284383665981, -23.494456962605703, 0.0 ], [ -45.142848053758875, -23.494568737301787, 0.0 ], [ -45.143107725184478, -23.494648258660504, 0.0 ], [ -45.143291103122188, -23.494665601550171, 0.0 ], [ -45.143470245983245, -23.494599492348623, 0.0 ], [ -45.143850881813094, -23.494438292841462, 0.0 ], [ -45.143984980428826, -23.494306725072299, 0.0 ], [ -45.14426548315425, -23.494029815785133, 0.0 ], [ -45.144603114133524, -23.493975109025346, 0.0 ], [ -45.144936584383174, -23.493935982292044, 0.0 ], [ -45.145240935549403, -23.493806544303681, 0.0 ], [ -45.145551220420771, -23.493638207640664, 0.0 ], [ -45.145753916171003, -23.493600248261121, 0.0 ], [ -45.146139613825731, -23.493596820831218, 0.0 ], [ -45.146491546966949, -23.493621126919489, 0.0 ], [ -45.146910548193141, -23.493552225633191, 0.0 ], [ -45.14761195181606, -23.49335124576692, 0.0 ], [ -45.14799757746615, -23.493271568657711, 0.0 ], [ -45.148311343951939, -23.493043176710454, 0.0 ], [ -45.148610054651058, -23.492763582376487, 0.0 ], [ -45.148744239960031, -23.492681273347184, 0.0 ], [ -45.149007549531788, -23.492403901212416, 0.0 ], [ -45.149582457017267, -23.492098903331733, 0.0 ], [ -45.14971096625726, -23.492059830909724, 0.0 ], [ -45.149893609870979, -23.491965399483441, 0.0 ], [ -45.150401811326226, -23.491808642329641, 0.0 ], [ -45.151463338842724, -23.491512437504223, 0.0 ], [ -45.152157775301767, -23.491493098381316, 0.0 ], [ -45.152338276716129, -23.491518574748302, 0.0 ], [ -45.152850314761665, -23.491607169037966, 0.0 ], [ -45.153114297182682, -23.491628080909205, 0.0 ], [ -45.153333607738951, -23.49160253332235, 0.0 ], [ -45.153470092636681, -23.491566312720625, 0.0 ], [ -45.154031213642988, -23.491392045827538, 0.0 ], [ -45.154541293410752, -23.49117118426933, 0.0 ], [ -45.154872920703838, -23.491111534816241, 0.0 ], [ -45.155492279823321, -23.491264334143107, 0.0 ], [ -45.158095329250322, -23.492253963584549, 0.0 ], [ -45.158381904942203, -23.492324230246918, 0.0 ], [ -45.158721065553301, -23.492426492993832, 0.0 ], [ -45.15923405043867, -23.492507574356942, 0.0 ], [ -45.159960016967744, -23.492527661344663, 0.0 ], [ -45.16011774702865, -23.492549512402622, 0.0 ], [ -45.160285253599397, -23.492545863250996, 0.0 ], [ -45.160441499341651, -23.492542459347195, 0.0 ], [ -45.16105851098667, -23.492504893081822, 0.0 ], [ -45.161631393000981, -23.492289315429868, 0.0 ], [ -45.161788977953869, -23.492171690612448, 0.0 ], [ -45.162145471733822, -23.491908132423386, 0.0 ], [ -45.16250681365409, -23.491706689695118, 0.0 ], [ -45.162689858330346, -23.491598960157365, 0.0 ], [ -45.163343316643697, -23.491421307836621, 0.0 ], [ -45.165267614269446, -23.490997502282799, 0.0 ], [ -45.165555798975205, -23.490947416000122, 0.0 ], [ -45.165909693802021, -23.490884754250597, 0.0 ], [ -45.166144311775334, -23.4908509727134, 0.0 ], [ -45.16647810709815, -23.490809396998699, 0.0 ], [ -45.167078949303857, -23.490704057693566, 0.0 ], [ -45.167372300852001, -23.490678618124051, 0.0 ], [ -45.167643132705145, -23.490641492260671, 0.0 ], [ -45.168161667050455, -23.490630913736037, 0.0 ], [ -45.168193070494929, -23.490626538334283, 0.0 ], [ -45.168452145399122, -23.490635212909915, 0.0 ], [ -45.168796136935526, -23.490662729086075, 0.0 ], [ -45.169040776800159, -23.490680933675112, 0.0 ], [ -45.16926298196725, -23.490697654757, 0.0 ], [ -45.169794696653064, -23.490783071062189, 0.0 ], [ -45.170368554300509, -23.490912356026854, 0.0 ], [ -45.170674057922746, -23.491015459942332, 0.0 ], [ -45.170943239805695, -23.491108676973401, 0.0 ], [ -45.171403099460946, -23.491275793654264, 0.0 ], [ -45.172386800323821, -23.491773811045963, 0.0 ], [ -45.173796893620448, -23.492494194396055, 0.0 ], [ -45.174411457663041, -23.492806259225201, 0.0 ], [ -45.17547181101741, -23.493355279208924, 0.0 ], [ -45.176359869031806, -23.493921090327788, 0.0 ], [ -45.176525420583872, -23.494276166675188, 0.0 ], [ -45.176538201026041, -23.494677027047917, 0.0 ], [ -45.176609704616681, -23.495107021977965, 0.0 ], [ -45.176923946452433, -23.495493794922723, 0.0 ], [ -45.177189164680463, -23.49567019762075, 0.0 ], [ -45.177362279780262, -23.495787266644495, 0.0 ], [ -45.177511341943898, -23.495983320073151, 0.0 ], [ -45.177682204405812, -23.49621039056268, 0.0 ], [ -45.178132863885821, -23.496504502829584, 0.0 ], [ -45.178562079431735, -23.496574230024503, 0.0 ], [ -45.178697181077531, -23.49659478906888, 0.0 ], [ -45.178981220366907, -23.496763131178852, 0.0 ], [ -45.179674031674836, -23.497182399172669, 0.0 ], [ -45.180171065704052, -23.497239553310834, 0.0 ], [ -45.181531989133795, -23.497302642924392, 0.0 ], [ -45.181774905672548, -23.497322029555544, 0.0 ], [ -45.182183343881455, -23.497509201180197, 0.0 ], [ -45.182360614525031, -23.497689757447102, 0.0 ], [ -45.182538659636187, -23.498002917719916, 0.0 ], [ -45.182996471450494, -23.49948404569, 0.0 ], [ -45.183438013185928, -23.500169017874789, 0.0 ], [ -45.184405404567002, -23.501554733803804, 0.0 ], [ -45.184466356127928, -23.502326553657905, 0.0 ], [ -45.184471198626319, -23.502921185508999, 0.0 ], [ -45.184779257228548, -23.503607516290192, 0.0 ], [ -45.185143572141939, -23.504163519074606, 0.0 ], [ -45.185294636552797, -23.504772793930048, 0.0 ], [ -45.185636466730315, -23.505323877827053, 0.0 ], [ -45.185985201392455, -23.50553403131352, 0.0 ], [ -45.18625691940089, -23.505717826788647, 0.0 ], [ -45.186761163067438, -23.506035785540661, 0.0 ], [ -45.187699542361003, -23.50658831240208, 0.0 ], [ -45.188334071328065, -23.507015163115828, 0.0 ], [ -45.188912502735903, -23.507550893193134, 0.0 ], [ -45.189273115998937, -23.508176708907133, 0.0 ], [ -45.189335881420085, -23.508441071401986, 0.0 ], [ -45.189416000312455, -23.508784644981755, 0.0 ], [ -45.189619981149953, -23.509953103555741, 0.0 ], [ -45.190159900523128, -23.513049220661642, 0.0 ], [ -45.190305354520362, -23.513587032522508, 0.0 ], [ -45.190495872661799, -23.513875945091545, 0.0 ], [ -45.190641446935132, -23.514093627191226, 0.0 ], [ -45.190977380000767, -23.514385484094401, 0.0 ], [ -45.191342769822462, -23.514577943323982, 0.0 ], [ -45.191811996977144, -23.514757169955605, 0.0 ], [ -45.192292458819686, -23.514978536961422, 0.0 ], [ -45.20125103607576, -23.518497789177101, 0.0 ], [ -45.20160312823851, -23.518595696340828, 0.0 ], [ -45.20182593599359, -23.518682126910747, 0.0 ], [ -45.202221806886158, -23.518879110868181, 0.0 ], [ -45.205641150340526, -23.520222186819289, 0.0 ], [ -45.222000963046177, -23.528921085823296, 0.0 ], [ -45.22292028119525, -23.529452347580992, 0.0 ], [ -45.223476888923024, -23.529835158562392, 0.0 ], [ -45.22379389713717, -23.530104763681575, 0.0 ], [ -45.224202320863988, -23.530455996460198, 0.0 ], [ -45.22451393926756, -23.530729625928075, 0.0 ], [ -45.225435358118069, -23.531548836285232, 0.0 ], [ -45.225856007733036, -23.53190466642554, 0.0 ], [ -45.225999869899525, -23.53205643773622, 0.0 ], [ -45.226430484012106, -23.532577765828133, 0.0 ], [ -45.226537602169522, -23.532747131199237, 0.0 ], [ -45.226995502644151, -23.533471114123042, 0.0 ], [ -45.227300394703335, -23.534036245599417, 0.0 ], [ -45.228417688150046, -23.53710085295306, 0.0 ], [ -45.229683262871724, -23.54050901121364, 0.0 ], [ -45.229740839418184, -23.540667078587855, 0.0 ], [ -45.229791007429441, -23.540867644767495, 0.0 ], [ -45.229853963811436, -23.541076290336981, 0.0 ], [ -45.231331551637709, -23.545087157434441, 0.0 ], [ -45.231721993595436, -23.545579531649725, 0.0 ], [ -45.232279854597479, -23.54585630206352, 0.0 ], [ -45.238739954388649, -23.547183407738427, 0.0 ], [ -45.244611238765359, -23.548415224528483, 0.0 ], [ -45.245266872360702, -23.548558962126737, 0.0 ], [ -45.246628187977556, -23.548871550179431, 0.0 ], [ -45.247365848764076, -23.549162312397847, 0.0 ], [ -45.24800286981705, -23.549596537269938, 0.0 ], [ -45.248510954825221, -23.550119043515394, 0.0 ], [ -45.248609355338104, -23.550275751057004, 0.0 ], [ -45.248936142234456, -23.550870123441687, 0.0 ], [ -45.249246579420493, -23.55149437142591, 0.0 ], [ -45.250288524921338, -23.553523760100632, 0.0 ], [ -45.252543291840894, -23.55809614716042, 0.0 ], [ -45.252962148397742, -23.558801551369793, 0.0 ], [ -45.253553946923915, -23.559351941577077, 0.0 ], [ -45.256344526137489, -23.561111082268173, 0.0 ], [ -45.25725708320671, -23.561676579756327, 0.0 ], [ -45.258891007506158, -23.562743646305158, 0.0 ], [ -45.259140915919872, -23.562902872122581, 0.0 ], [ -45.259671955402503, -23.563291973292404, 0.0 ], [ -45.259908193108387, -23.563490683175452, 0.0 ], [ -45.260208231708667, -23.56372054161303, 0.0 ], [ -45.260398247385574, -23.563890157954145, 0.0 ], [ -45.262103102415388, -23.565367683580874, 0.0 ], [ -45.262615312250531, -23.565653324263799, 0.0 ], [ -45.263131152574779, -23.565765355740805, 0.0 ], [ -45.273303542102752, -23.565889334924627, 0.0 ] ] } },
{ "type": "Feature", "properties": { "Rodovia": "SP 055", "TipoRodovi": "Eixo", "Orientacao": "Transversal", "Origem": "Estadual", "Municipio": "São Sebastião", "CodRegiona": "DR 06", "SedeRegion": "Taubaté", "KmInicial": 112.55, "KmFinal": 114.5, "Extensao": 1.95, "DescricaoI": "Divisa Municipal Caraguatatuba / São Sebastião", "DescricaoF": "Fim do Trecho Duplicado", "Jurisdicao": "Estadual", "Administra": "DER", "Conservado": "05.04", "TipoPista": "DUP", "Sobreposic": "BR 101", "Subposicao": null, "PerimetroU": "Nã", "DataInicio": null, "DataFimCon": null, "EstadualCo": "Nã", "Denominaca": "Doutor Manoel Hyppolito Rego", "Legislacao": "Lei 4.799 de 25/10/85", "TPUso": null, "TransfMuni": null, "Subtrecho": "055SPE3919" }, "geometry": { "type": "LineString", "coordinates": [ [ -45.430157944295296, -23.712666716152476, 0.0 ], [ -45.43005374828725, -23.712821513427347, 0.0 ], [ -45.429723462303762, -23.713417139757322, 0.0 ], [ -45.429224822480073, -23.714056682502765, 0.0 ], [ -45.428919395157351, -23.714444198888199, 0.0 ], [ -45.426567440365311, -23.71802663709283, 0.0 ], [ -45.426419855428847, -23.718334567053553, 0.0 ], [ -45.426245506435968, -23.718801441694627, 0.0 ], [ -45.426000608294522, -23.719231233829522, 0.0 ], [ -45.425640650879089, -23.719580630754528, 0.0 ] ] } },
{ "type": "Feature", "properties": { "Rodovia": "SP 055", "TipoRodovi": "Eixo", "Orientacao": "Transversal", "Origem": "Estadual", "Municipio": "São Sebastião", "CodRegiona": "DR 06", "SedeRegion": "Taubaté", "KmInicial": 114.5, "KmFinal": 120.0, "Extensao": 5.5, "DescricaoI": "Fim do Trecho Duplicado", "DescricaoF": "São Sebastião Perímetro Urbano (A)", "Jurisdicao": "Estadual", "Administra": "DER", "Conservado": "05.04", "TipoPista": "PAV", "Sobreposic": "BR 101", "Subposicao": null, "PerimetroU": "Nã", "DataInicio": null, "DataFimCon": null, "EstadualCo": "Nã", "Denominaca": "Doutor Manoel Hyppolito Rego", "Legislacao": "Lei 4.799 de 25/10/85", "TPUso": null, "TransfMuni": null, "Subtrecho": "055SPE4543" }, "geometry": { "type": "LineString", "coordinates": [ [ -45.425640650879089, -23.719580630754528, 0.0 ], [ -45.425307457252252, -23.719964399775655, 0.0 ], [ -45.425085909219007, -23.720314813955536, 0.0 ], [ -45.424546720563022, -23.721194906876509, 0.0 ], [ -45.421097963149144, -23.726435496105232, 0.0 ], [ -45.420746466195027, -23.726834489258696, 0.0 ], [ -45.420304286718576, -23.727068494791855, 0.0 ], [ -45.419806566059599, -23.727120074622292, 0.0 ], [ -45.41930111468907, -23.727003434842196, 0.0 ], [ -45.418203696700061, -23.726524314120898, 0.0 ], [ -45.417604269093204, -23.726413169250471, 0.0 ], [ -45.417032370565472, -23.7266272734796, 0.0 ], [ -45.416571732565949, -23.727001910150598, 0.0 ], [ -45.41616043086335, -23.72720210072665, 0.0 ], [ -45.415741674051496, -23.727184322727894, 0.0 ], [ -45.415134647671252, -23.727052741775747, 0.0 ], [ -45.414714107385727, -23.726856453518561, 0.0 ], [ -45.414209260268542, -23.726443681611151, 0.0 ], [ -45.414065622356176, -23.725684801323265, 0.0 ], [ -45.413981176004569, -23.725493769706976, 0.0 ], [ -45.413704749044513, -23.725269154802927, 0.0 ], [ -45.413522242930007, -23.725263766703854, 0.0 ], [ -45.413260096607999, -23.725365024407598, 0.0 ], [ -45.413083346187584, -23.725536251379278, 0.0 ], [ -45.412893209909932, -23.725714456001008, 0.0 ], [ -45.412738485832612, -23.725762328505599, 0.0 ], [ -45.412531437498608, -23.725751767810262, 0.0 ], [ -45.412108311698596, -23.725695082264263, 0.0 ], [ -45.411980053834043, -23.725663091945091, 0.0 ], [ -45.410544709033765, -23.725092751994563, 0.0 ], [ -45.40988114136389, -23.724920344968876, 0.0 ], [ -45.409387862851752, -23.725128112344343, 0.0 ], [ -45.409316996189361, -23.725595757715347, 0.0 ], [ -45.409121683224448, -23.725908237202724, 0.0 ], [ -45.408880309111197, -23.72607299660033, 0.0 ], [ -45.408067393762039, -23.72640625787573, 0.0 ], [ -45.407941502347867, -23.726519537172656, 0.0 ], [ -45.407874725555658, -23.726630716801559, 0.0 ], [ -45.407959544084839, -23.727126896603544, 0.0 ], [ -45.407919033126767, -23.727282283606844, 0.0 ], [ -45.407799758183998, -23.727446780451118, 0.0 ], [ -45.407651050706498, -23.727549383762394, 0.0 ], [ -45.407543641801659, -23.727619470800359, 0.0 ], [ -45.407220368102777, -23.727604613893721, 0.0 ], [ -45.406565702183187, -23.727273294711058, 0.0 ], [ -45.405474043726969, -23.726572356653907, 0.0 ], [ -45.404766592223091, -23.726089519130607, 0.0 ], [ -45.404490682745191, -23.725894600232881, 0.0 ], [ -45.404229306175594, -23.725875312999943, 0.0 ], [ -45.402735052226369, -23.726316495460878, 0.0 ], [ -45.402527570841286, -23.726456513501407, 0.0 ], [ -45.402464102115658, -23.726611173159363, 0.0 ], [ -45.402422856595877, -23.726801876195715, 0.0 ], [ -45.402486629897872, -23.726992998236682, 0.0 ], [ -45.402576980857219, -23.727114913255495, 0.0 ], [ -45.402719304504167, -23.727182477032773, 0.0 ], [ -45.403545655726091, -23.727968037076938, 0.0 ], [ -45.403783272070633, -23.7282313201265, 0.0 ], [ -45.403957962718195, -23.728468959075403, 0.0 ], [ -45.404026909997434, -23.728639489612956, 0.0 ], [ -45.404087954304011, -23.728820081633426, 0.0 ], [ -45.404214775598604, -23.729495798633643, 0.0 ], [ -45.404208374669516, -23.729868920127988, 0.0 ], [ -45.404205063221198, -23.730033046408092, 0.0 ], [ -45.403914820971934, -23.730593240623371, 0.0 ], [ -45.403443330847836, -23.730965200891855, 0.0 ], [ -45.402602349176249, -23.73154107915893, 0.0 ], [ -45.402317789801842, -23.731730689788208, 0.0 ], [ -45.401319415802803, -23.732360680458839, 0.0 ], [ -45.40083964240339, -23.732628256989361, 0.0 ], [ -45.400324570291161, -23.732845405590961, 0.0 ], [ -45.399826622162138, -23.733105637153109, 0.0 ], [ -45.399573810342524, -23.733494361730354, 0.0 ], [ -45.39957757071916, -23.733914373723749, 0.0 ], [ -45.399814142944379, -23.734274302594002, 0.0 ], [ -45.39993785342299, -23.734619759667847, 0.0 ], [ -45.399984775534101, -23.735113312402309, 0.0 ], [ -45.400034250677081, -23.735402908974038, 0.0 ], [ -45.400040288443364, -23.73569722042367, 0.0 ], [ -45.400016581898839, -23.736158746258159, 0.0 ], [ -45.400247995574091, -23.736728075247139, 0.0 ], [ -45.400497562867969, -23.73705830216954, 0.0 ], [ -45.400830756764364, -23.737282848748908, 0.0 ], [ -45.401524118501264, -23.737400845129017, 0.0 ], [ -45.402023505971528, -23.737704091647174, 0.0 ], [ -45.402402728379528, -23.738097179243987, 0.0 ], [ -45.402483394999052, -23.739212751169429, 0.0 ], [ -45.402735826624102, -23.739789035292056, 0.0 ], [ -45.403215981732998, -23.740198009391126, 0.0 ], [ -45.403552159029523, -23.740318986601572, 0.0 ], [ -45.403800455447204, -23.740414636050602, 0.0 ], [ -45.404321503741762, -23.740551279032896, 0.0 ], [ -45.404447721243621, -23.740592972438584, 0.0 ], [ -45.404642871276835, -23.740707670075025, 0.0 ], [ -45.404757445061776, -23.740845372949185, 0.0 ], [ -45.404822734768466, -23.741039842050544, 0.0 ], [ -45.404992117416413, -23.741252497947549, 0.0 ], [ -45.405125177424935, -23.741529270936525, 0.0 ], [ -45.405259280555995, -23.741736264672486, 0.0 ], [ -45.40588939248137, -23.742378058993257, 0.0 ], [ -45.406222511614835, -23.742815871368688, 0.0 ], [ -45.4067183842471, -23.743524802552407, 0.0 ] ] } },
{ "type": "Feature", "properties": { "Rodovia": "SP 055", "TipoRodovi": "Eixo", "Orientacao": "Transversal", "Origem": "Estadual", "Municipio": "São Sebastião", "CodRegiona": "DR 06", "SedeRegion": "Taubaté", "KmInicial": 120.0, "KmFinal": 130.0, "Extensao": 10.0, "DescricaoI": "São Sebastião Perímetro Urbano (A)", "DescricaoF": "São Sebastião Perímetro Urbano (B)", "Jurisdicao": "Estadual", "Administra": "DER", "Conservado": "05.04", "TipoPista": "PAV", "Sobreposic": "BR 101", "Subposicao": null, "PerimetroU": "Sim", "DataInicio": null, "DataFimCon": null, "EstadualCo": "Nã", "Denominaca": "Doutor Manoel Hyppolito Rego", "Legislacao": "Lei 4.799 de 25/10/85", "TPUso": null, "TransfMuni": null, "Subtrecho": "055SPE6135" }, "geometry": { "type": "LineString", "coordinates": [ [ -45.4067183842471, -23.743524802552407, 0.0 ], [ -45.40701120725759, -23.743863962971592, 0.0 ], [ -45.407100818922039, -23.743934098130655, 0.0 ], [ -45.40746931542877, -23.744289830663476, 0.0 ], [ -45.407729016101058, -23.744571812922395, 0.0 ], [ -45.40796969657044, -23.744967890561341, 0.0 ], [ -45.408223819742418, -23.74548069839387, 0.0 ], [ -45.408222375894297, -23.745547356568515, 0.0 ], [ -45.408386222192718, -23.746023073324348, 0.0 ], [ -45.408943503409311, -23.747261843719709, 0.0 ], [ -45.409176985161388, -23.747683296143062, 0.0 ], [ -45.409417199071662, -23.748008358653571, 0.0 ], [ -45.409814173089259, -23.748217699158932, 0.0 ], [ -45.410099853728163, -23.748352460223032, 0.0 ], [ -45.410450282181031, -23.74859476693339, 0.0 ], [ -45.410737112614193, -23.748838844628843, 0.0 ], [ -45.410922682002372, -23.748951503439265, 0.0 ], [ -45.41124620212566, -23.749160026784391, 0.0 ], [ -45.411424956229737, -23.749257816783071, 0.0 ], [ -45.411699959954973, -23.749601623186489, 0.0 ], [ -45.411866174094158, -23.750333777249306, 0.0 ], [ -45.411917621857746, -23.750697639106868, 0.0 ], [ -45.412194168056004, -23.752311611376456, 0.0 ], [ -45.41236471628288, -23.752862575464675, 0.0 ], [ -45.412513220491626, -23.753183924223684, 0.0 ], [ -45.412595449453406, -23.753382623843937, 0.0 ], [ -45.412730995356824, -23.753902098211142, 0.0 ], [ -45.412747322115763, -23.754215102199975, 0.0 ], [ -45.412834726741231, -23.755330583594965, 0.0 ], [ -45.412845573192776, -23.755417409997079, 0.0 ], [ -45.412844593338711, -23.755722308824591, 0.0 ], [ -45.412701322715058, -23.756745051032251, 0.0 ], [ -45.412673243053625, -23.75700063346083, 0.0 ], [ -45.412620264597201, -23.757296119442675, 0.0 ], [ -45.412301674648845, -23.759461951706374, 0.0 ], [ -45.41213229735952, -23.760621870310857, 0.0 ], [ -45.411987483222575, -23.761113207584824, 0.0 ], [ -45.41102480320086, -23.762622665985852, 0.0 ], [ -45.410644242941643, -23.763095459874073, 0.0 ], [ -45.41010322652847, -23.763451522871414, 0.0 ], [ -45.409547966021826, -23.763749439513738, 0.0 ], [ -45.409123512908927, -23.764005379532392, 0.0 ], [ -45.40861148694502, -23.764176550742317, 0.0 ], [ -45.4081568270269, -23.764460386459152, 0.0 ], [ -45.407436271728443, -23.765259616323902, 0.0 ], [ -45.406480809945442, -23.766366807389968, 0.0 ], [ -45.406256475282639, -23.766730538004534, 0.0 ], [ -45.405964413271271, -23.767082736069092, 0.0 ], [ -45.405555696040231, -23.767450629089645, 0.0 ], [ -45.405064715053051, -23.76800743911382, 0.0 ], [ -45.404724077264746, -23.76841786778088, 0.0 ], [ -45.40436738633867, -23.768894884217254, 0.0 ], [ -45.404027400906919, -23.769517032862538, 0.0 ], [ -45.403951039641065, -23.76969201820523, 0.0 ], [ -45.403134583840547, -23.771562916952941, 0.0 ], [ -45.402292504400172, -23.773389148696779, 0.0 ], [ -45.402186413774231, -23.773756869545547, 0.0 ], [ -45.402102509740288, -23.774116975823677, 0.0 ], [ -45.402031823403846, -23.774471416769327, 0.0 ], [ -45.401988888904626, -23.775070626563778, 0.0 ], [ -45.40189047818879, -23.775541872382792, 0.0 ], [ -45.401731596195241, -23.775994859474704, 0.0 ], [ -45.401634217727057, -23.776351997815318, 0.0 ], [ -45.401548931249778, -23.776732842851928, 0.0 ], [ -45.401368651454327, -23.777561759697232, 0.0 ], [ -45.401148107484559, -23.777995850811966, 0.0 ], [ -45.401073081209837, -23.778071664553465, 0.0 ], [ -45.400820431624268, -23.778351661488628, 0.0 ], [ -45.400453050402298, -23.778698191124164, 0.0 ], [ -45.399601359987599, -23.779558785716429, 0.0 ], [ -45.399280040282456, -23.779871646733337, 0.0 ], [ -45.398642257362546, -23.780492629708142, 0.0 ], [ -45.398282069726086, -23.780783309200199, 0.0 ], [ -45.397814154861599, -23.78108014123216, 0.0 ], [ -45.397561074718219, -23.781514799154053, 0.0 ], [ -45.397601038556431, -23.781807898188354, 0.0 ], [ -45.397642020300999, -23.782033772704548, 0.0 ], [ -45.397816485955161, -23.782558337243508, 0.0 ], [ -45.398174557511588, -23.783017353113181, 0.0 ], [ -45.398591406057932, -23.783401238192866, 0.0 ], [ -45.39892026211195, -23.783785770515045, 0.0 ], [ -45.399050923668234, -23.784258459935831, 0.0 ], [ -45.399093608378877, -23.784761806491662, 0.0 ], [ -45.398986776592139, -23.785479475963363, 0.0 ], [ -45.398837397505822, -23.786321487004013, 0.0 ], [ -45.398712671857282, -23.786880966567214, 0.0 ], [ -45.398464150523118, -23.78736019364143, 0.0 ], [ -45.398173710256579, -23.78782876198672, 0.0 ], [ -45.397932382984436, -23.788329266316499, 0.0 ], [ -45.397976258938947, -23.788780913558263, 0.0 ], [ -45.397976955391378, -23.788845126406706, 0.0 ], [ -45.398221674456821, -23.789338952525185, 0.0 ], [ -45.39934509098692, -23.791742340086461, 0.0 ], [ -45.399473681344169, -23.791956190598974, 0.0 ], [ -45.399601617068413, -23.79223291966964, 0.0 ], [ -45.399646513139125, -23.792588289381467, 0.0 ], [ -45.399687684753566, -23.792731149401636, 0.0 ], [ -45.399862936059492, -23.793232615460788, 0.0 ], [ -45.400027858434193, -23.793770447547523, 0.0 ], [ -45.400256506081902, -23.794392167794289, 0.0 ], [ -45.400746245741793, -23.795835048001138, 0.0 ], [ -45.402321722711768, -23.800367288608399, 0.0 ], [ -45.402861528409325, -23.801847664555833, 0.0 ], [ -45.403269822822807, -23.803083831782168, 0.0 ], [ -45.403646100267693, -23.804088854215614, 0.0 ] ] } },
{ "type": "Feature", "properties": { "Rodovia": "SP 055", "TipoRodovi": "Eixo", "Orientacao": "Transversal", "Origem": "Estadual", "Municipio": "São Sebastião", "CodRegiona": "DR 06", "SedeRegion": "Taubaté", "KmInicial": 130.0, "KmFinal": 154.015, "Extensao": 24.015, "DescricaoI": "São Sebastião Perímetro Urbano (B)", "DescricaoF": "Acesso a Maresias", "Jurisdicao": "Estadual", "Administra": "DER", "Conservado": "05.04", "TipoPista": "PAV", "Sobreposic": "BR 101", "Subposicao": null, "PerimetroU": "Nã", "DataInicio": null, "DataFimCon": null, "EstadualCo": "Nã", "Denominaca": "Doutor Manoel Hyppolito Rego", "Legislacao": "Lei 4.799 de 25/10/85", "TPUso": null, "TransfMuni": null, "Subtrecho": "055SPE2091" }, "geometry": { "type": "LineString", "coordinates": [ [ -45.559703725611172, -23.791467745710726, 0.0 ], [ -45.557563208268114, -23.792304790091411, 0.0 ], [ -45.556048997556204, -23.792912078230458, 0.0 ], [ -45.555239717629959, -23.79320764866311, 0.0 ], [ -45.554826623953836, -23.793345620786383, 0.0 ], [ -45.5545275568672, -23.793322990406299, 0.0 ], [ -45.55436622620276, -23.793309435139303, 0.0 ], [ -45.553994688036617, -23.7930341002745, 0.0 ], [ -45.552764586961828, -23.792193853188991, 0.0 ], [ -45.552295731969963, -23.792145834837331, 0.0 ], [ -45.552213598276559, -23.79218016604241, 0.0 ], [ -45.552065104158267, -23.792373099161125, 0.0 ], [ -45.551789370485189, -23.792616333924965, 0.0 ], [ -45.551648697440406, -23.792700642434422, 0.0 ], [ -45.550893708718888, -23.793009258295299, 0.0 ], [ -45.549568425462184, -23.793507205099033, 0.0 ], [ -45.549453911742262, -23.793634725474174, 0.0 ], [ -45.549342441867118, -23.793897063286121, 0.0 ], [ -45.549342229216329, -23.794194568312783, 0.0 ], [ -45.549500117710636, -23.794265522392301, 0.0 ], [ -45.550294967376551, -23.794851544110674, 0.0 ], [ -45.550462986899994, -23.795372639399879, 0.0 ], [ -45.550530434822399, -23.795965951735685, 0.0 ], [ -45.550589865377034, -23.796281861316334, 0.0 ], [ -45.550494735783587, -23.796628920241691, 0.0 ], [ -45.550333041750541, -23.796867019919539, 0.0 ], [ -45.550232800829299, -23.797015860251133, 0.0 ], [ -45.550108203191634, -23.797155946309378, 0.0 ], [ -45.550024628617365, -23.797254127048475, 0.0 ], [ -45.549883608398417, -23.797408489321217, 0.0 ], [ -45.549414486787029, -23.797521446665051, 0.0 ], [ -45.549068252281607, -23.797465925666813, 0.0 ], [ -45.548818164903352, -23.797425398072725, 0.0 ], [ -45.548740067205827, -23.797421170168818, 0.0 ], [ -45.548374466864928, -23.797402238290079, 0.0 ], [ -45.548217682082345, -23.797393127972246, 0.0 ], [ -45.547708613189208, -23.797142828708605, 0.0 ], [ -45.547381005172518, -23.797068342087968, 0.0 ], [ -45.54715000708827, -23.797020476411308, 0.0 ], [ -45.546880567197611, -23.797082346824645, 0.0 ], [ -45.546698021257868, -23.797159261276175, 0.0 ], [ -45.546040266084674, -23.797188035825219, 0.0 ], [ -45.545699124469998, -23.797142406133293, 0.0 ], [ -45.544840355429805, -23.797030287471941, 0.0 ], [ -45.544159040647628, -23.796924964290955, 0.0 ], [ -45.543578943484768, -23.796800522199131, 0.0 ], [ -45.542972697091933, -23.796816983886824, 0.0 ], [ -45.542598584136151, -23.797111222262323, 0.0 ], [ -45.542539394135211, -23.797240829114195, 0.0 ], [ -45.542443424481604, -23.797539789892536, 0.0 ], [ -45.542331366679292, -23.798042636031266, 0.0 ], [ -45.542354498146992, -23.79848467073418, 0.0 ], [ -45.54265873552982, -23.798842402310427, 0.0 ], [ -45.543624259604336, -23.799498746951254, 0.0 ], [ -45.543850554873821, -23.799695968219755, 0.0 ], [ -45.544084951156087, -23.799894630866831, 0.0 ], [ -45.544414747397333, -23.800415460045848, 0.0 ], [ -45.54462032038154, -23.800821211784097, 0.0 ], [ -45.545237224755894, -23.802118117380537, 0.0 ], [ -45.54544295761292, -23.802662252620674, 0.0 ], [ -45.54522705959274, -23.803167458848659, 0.0 ], [ -45.543405479710835, -23.805749637069738, 0.0 ], [ -45.539598027896261, -23.807313527270384, 0.0 ], [ -45.539240419313181, -23.807871452548714, 0.0 ], [ -45.539140120655738, -23.808514336123167, 0.0 ], [ -45.539181515414917, -23.809170715685919, 0.0 ], [ -45.539278611273637, -23.809829434349641, 0.0 ], [ -45.539882250164325, -23.810846386750185, 0.0 ], [ -45.54004948146941, -23.811102808454898, 0.0 ], [ -45.540091018992236, -23.811253387876917, 0.0 ], [ -45.540012693836367, -23.811395751569869, 0.0 ], [ -45.538631781404419, -23.812464687821322, 0.0 ], [ -45.538313877166992, -23.812854906569846, 0.0 ], [ -45.537665243383763, -23.813128106998217, 0.0 ], [ -45.537492362326539, -23.813262560608273, 0.0 ], [ -45.537426871948391, -23.81336103082722, 0.0 ], [ -45.537381294984662, -23.813711094460647, 0.0 ], [ -45.537376498491149, -23.8138237461886, 0.0 ], [ -45.537177905822226, -23.814069741999514, 0.0 ], [ -45.537061332398395, -23.81418937847954, 0.0 ], [ -45.536932897053497, -23.814268142241701, 0.0 ], [ -45.536760392826601, -23.814302341430679, 0.0 ], [ -45.536459342015483, -23.814260670355257, 0.0 ], [ -45.535856793328229, -23.81425645358344, 0.0 ], [ -45.535451671975125, -23.814278242311868, 0.0 ], [ -45.534699879760808, -23.814248351208061, 0.0 ], [ -45.533892547362839, -23.814330002350218, 0.0 ], [ -45.533168220739874, -23.8142978190868, 0.0 ], [ -45.532593932308018, -23.814130121155813, 0.0 ], [ -45.53197576539938, -23.813908251425918, 0.0 ], [ -45.531316392049149, -23.813734822746991, 0.0 ], [ -45.530637042126735, -23.813707628307011, 0.0 ], [ -45.530044703727071, -23.813838755306683, 0.0 ], [ -45.528247201625916, -23.814947382533088, 0.0 ], [ -45.527745593782541, -23.81521925577642, 0.0 ], [ -45.527375166417954, -23.815608523323164, 0.0 ], [ -45.52684189472707, -23.816408827571404, 0.0 ], [ -45.526830094745549, -23.816694126163132, 0.0 ], [ -45.526907012632059, -23.81689506765931, 0.0 ], [ -45.527011183782207, -23.817053034505442, 0.0 ], [ -45.527123034613467, -23.817150253807419, 0.0 ], [ -45.528266941746971, -23.817696529116514, 0.0 ], [ -45.528488767911242, -23.817926719666303, 0.0 ], [ -45.528347814581821, -23.818336797430202, 0.0 ], [ -45.527791346654972, -23.818658543462977, 0.0 ], [ -45.527157790072707, -23.819006858670765, 0.0 ], [ -45.526522900716614, -23.819286613107877, 0.0 ], [ -45.52627870489642, -23.819407476817304, 0.0 ], [ -45.526079925597728, -23.819674756337662, 0.0 ], [ -45.526104491731715, -23.819883509860553, 0.0 ], [ -45.526120193945182, -23.819973061816636, 0.0 ], [ -45.526363474658531, -23.820305842388073, 0.0 ], [ -45.526453066095968, -23.820384492623933, 0.0 ], [ -45.526639133782943, -23.8205105640079, 0.0 ], [ -45.526980379713834, -23.820618091925404, 0.0 ], [ -45.527325867726923, -23.820731917143718, 0.0 ], [ -45.527501616126557, -23.820773117155952, 0.0 ], [ -45.527682006919889, -23.820911388046625, 0.0 ], [ -45.52775003625689, -23.821103627942453, 0.0 ], [ -45.527747042632761, -23.821391755328786, 0.0 ], [ -45.527642699351397, -23.821529481873831, 0.0 ], [ -45.52718171137542, -23.822068986893576, 0.0 ], [ -45.527056136506658, -23.822358654075614, 0.0 ], [ -45.527089258721823, -23.822806030452501, 0.0 ], [ -45.527114561959635, -23.823158164030364, 0.0 ], [ -45.527302936368677, -23.823510971266948, 0.0 ], [ -45.527916992666292, -23.824211908521061, 0.0 ], [ -45.528670968231069, -23.824715552104177, 0.0 ], [ -45.529124081319736, -23.825142119337137, 0.0 ], [ -45.529356581999082, -23.825688387573454, 0.0 ], [ -45.529268348839132, -23.826265697733703, 0.0 ], [ -45.528925166139061, -23.826641145068631, 0.0 ], [ -45.528126733953385, -23.827133585443384, 0.0 ], [ -45.527550270030794, -23.827351137850702, 0.0 ], [ -45.526908099549239, -23.827329366284538, 0.0 ], [ -45.526226967461078, -23.827250952645024, 0.0 ], [ -45.525066418733672, -23.826904914238693, 0.0 ], [ -45.524446462404953, -23.826765595867855, 0.0 ], [ -45.524258765050725, -23.826747712693429, 0.0 ], [ -45.523873838776112, -23.826802925012291, 0.0 ], [ -45.523212786519657, -23.826947256329316, 0.0 ], [ -45.521514250509497, -23.827636805554754, 0.0 ], [ -45.521358805209402, -23.827704489975826, 0.0 ], [ -45.521128015855105, -23.827688370927085, 0.0 ], [ -45.521010635072244, -23.827618154575749, 0.0 ], [ -45.520762768099623, -23.827410200215191, 0.0 ], [ -45.520619815773976, -23.827237090500422, 0.0 ], [ -45.520347128493853, -23.827062412162054, 0.0 ], [ -45.520048236367465, -23.826854865490272, 0.0 ], [ -45.519957971116156, -23.826770535473202, 0.0 ], [ -45.519892440985842, -23.826718630297162, 0.0 ], [ -45.519820682271551, -23.826680884545155, 0.0 ], [ -45.519716236314608, -23.826621735662744, 0.0 ], [ -45.5195917246091, -23.826574151138985, 0.0 ], [ -45.519477628788998, -23.826522024570128, 0.0 ], [ -45.519197926985001, -23.826508096234594, 0.0 ], [ -45.519068626409798, -23.826523967843919, 0.0 ], [ -45.518898863917251, -23.826628133051504, 0.0 ], [ -45.518636502405073, -23.826874236880933, 0.0 ], [ -45.518485287960075, -23.827076925730609, 0.0 ], [ -45.518287585843368, -23.827187676124868, 0.0 ], [ -45.518148308719127, -23.827294169861652, 0.0 ], [ -45.515653131825381, -23.828339324265706, 0.0 ], [ -45.515517547061449, -23.828384938447272, 0.0 ], [ -45.5155074064077, -23.828501923510455, 0.0 ], [ -45.515436119064276, -23.82878597475306, 0.0 ], [ -45.515974542023073, -23.829345490265755, 0.0 ], [ -45.51636800072243, -23.829509932721532, 0.0 ], [ -45.517009724114722, -23.829707326836676, 0.0 ], [ -45.517485882465131, -23.829889576191409, 0.0 ], [ -45.517569321504176, -23.830070136554149, 0.0 ], [ -45.517546215065018, -23.830326724155341, 0.0 ], [ -45.51747960623662, -23.830502082037022, 0.0 ], [ -45.517393577249599, -23.83064934668548, 0.0 ], [ -45.517132860478554, -23.831001289956916, 0.0 ], [ -45.517054033205838, -23.831120092316343, 0.0 ], [ -45.51691229872408, -23.831236186347134, 0.0 ], [ -45.516544499407729, -23.831279868582993, 0.0 ], [ -45.515941483385383, -23.831211382040593, 0.0 ], [ -45.515285111329106, -23.831055368739111, 0.0 ], [ -45.514602935229512, -23.830774771728883, 0.0 ], [ -45.513718836455318, -23.830470355333315, 0.0 ], [ -45.513015167391998, -23.830234597613909, 0.0 ], [ -45.51248202599195, -23.830054892937181, 0.0 ], [ -45.511434484978459, -23.829852121284748, 0.0 ], [ -45.510877684136233, -23.829946290356432, 0.0 ], [ -45.510268311431581, -23.830009815744532, 0.0 ], [ -45.509646857038071, -23.829911018259786, 0.0 ], [ -45.508065474183901, -23.829070251564996, 0.0 ], [ -45.507840192550887, -23.829020250673572, 0.0 ], [ -45.507739647379346, -23.829000736782049, 0.0 ], [ -45.507687914354506, -23.829002208029294, 0.0 ], [ -45.507393057944199, -23.829084093566312, 0.0 ], [ -45.507182278364454, -23.829279642826847, 0.0 ], [ -45.5070000953978, -23.829476701638381, 0.0 ], [ -45.506729563502958, -23.829638130408913, 0.0 ], [ -45.505838353649558, -23.829920847504781, 0.0 ], [ -45.505618209859328, -23.829955180912652, 0.0 ], [ -45.505400339987553, -23.829950199491478, 0.0 ], [ -45.504912923979624, -23.830047286576452, 0.0 ], [ -45.504687461765364, -23.830170282329082, 0.0 ], [ -45.504275212408217, -23.830365799017862, 0.0 ], [ -45.50400301147296, -23.830460840540244, 0.0 ], [ -45.503568928633108, -23.830718695434292, 0.0 ], [ -45.503359914819562, -23.830854157236608, 0.0 ], [ -45.50310290879662, -23.830936440175194, 0.0 ], [ -45.502026306722009, -23.831167545739074, 0.0 ], [ -45.501431893804636, -23.831253017195344, 0.0 ], [ -45.500847785377964, -23.831237356291336, 0.0 ], [ -45.500619055242737, -23.831130530175891, 0.0 ], [ -45.49982419153141, -23.830726545720236, 0.0 ], [ -45.49937940768141, -23.830426470678663, 0.0 ], [ -45.498876602475939, -23.83026113227184, 0.0 ], [ -45.498083510577629, -23.830290043207448, 0.0 ], [ -45.497692315999132, -23.830316214695578, 0.0 ], [ -45.49710210020956, -23.83037776567004, 0.0 ], [ -45.496326571302234, -23.830116601821075, 0.0 ], [ -45.496151827275824, -23.830058187859208, 0.0 ], [ -45.495736795519996, -23.829915780854815, 0.0 ], [ -45.49554660748494, -23.829764184058021, 0.0 ], [ -45.495154942412249, -23.829442310299733, 0.0 ], [ -45.494514946795753, -23.829015610462584, 0.0 ], [ -45.494035870229091, -23.828947379017571, 0.0 ], [ -45.493669137431596, -23.828896868843607, 0.0 ], [ -45.492987865158355, -23.828852498980279, 0.0 ], [ -45.492848804051761, -23.828774257769904, 0.0 ], [ -45.492833868650898, -23.828390662250307, 0.0 ], [ -45.492814915432803, -23.828133355383571, 0.0 ], [ -45.492767786831436, -23.827961971200221, 0.0 ], [ -45.492334628339464, -23.82719220868594, 0.0 ], [ -45.492083180430157, -23.827058806883276, 0.0 ], [ -45.491773717843529, -23.826900136845364, 0.0 ], [ -45.491502834052504, -23.82678623888448, 0.0 ], [ -45.491158187147185, -23.826657773821164, 0.0 ], [ -45.491003671660025, -23.826559504515483, 0.0 ], [ -45.490306171394437, -23.826196380420697, 0.0 ], [ -45.489940679596927, -23.82601556465135, 0.0 ], [ -45.489858097978427, -23.825972907463612, 0.0 ], [ -45.489599638876889, -23.825922901783766, 0.0 ], [ -45.489432425675545, -23.825903806232894, 0.0 ], [ -45.489067437112745, -23.825913980629732, 0.0 ], [ -45.488895269658194, -23.825903126119201, 0.0 ], [ -45.48842805338063, -23.825735347234311, 0.0 ], [ -45.488119413162273, -23.825575800817386, 0.0 ], [ -45.487830316008043, -23.825450491199756, 0.0 ], [ -45.487349316295813, -23.825362737933013, 0.0 ], [ -45.486485148216893, -23.825253798954471, 0.0 ], [ -45.485403308522763, -23.825082184256615, 0.0 ], [ -45.484721479297562, -23.825003567164536, 0.0 ], [ -45.483310880577029, -23.824738363744789, 0.0 ], [ -45.482693773014425, -23.824482752431674, 0.0 ], [ -45.482441466295988, -23.823936770313512, 0.0 ], [ -45.482194589584225, -23.823474128297317, 0.0 ], [ -45.481540932174362, -23.823172151670796, 0.0 ], [ -45.48004695454312, -23.822641305519856, 0.0 ], [ -45.47783873625103, -23.822490700867498, 0.0 ], [ -45.477335046706962, -23.822061611076265, 0.0 ], [ -45.477142916255914, -23.821021393717224, 0.0 ], [ -45.476641580839278, -23.81986923430205, 0.0 ], [ -45.475881669613038, -23.819434986211714, 0.0 ], [ -45.475018708948447, -23.819121437833381, 0.0 ], [ -45.474856409265612, -23.819089840746162, 0.0 ], [ -45.474851642926396, -23.819088911732479, 0.0 ], [ -45.474793978689959, -23.819038484082331, 0.0 ], [ -45.474718844972024, -23.818975777193327, 0.0 ], [ -45.474518567649433, -23.818730041470666, 0.0 ], [ -45.474050775849527, -23.818198959788468, 0.0 ], [ -45.473923007275339, -23.818111911156603, 0.0 ], [ -45.473777308933272, -23.818048776357919, 0.0 ], [ -45.473636215488547, -23.818033547450113, 0.0 ], [ -45.473395686577099, -23.817988770777053, 0.0 ], [ -45.473215856277484, -23.817950885949383, 0.0 ], [ -45.473005498214221, -23.817873202987439, 0.0 ], [ -45.472813849956587, -23.817728120482528, 0.0 ], [ -45.472675081090991, -23.817517401570402, 0.0 ], [ -45.47251122275177, -23.817286949566736, 0.0 ], [ -45.472418132407881, -23.817122938259889, 0.0 ], [ -45.472164420163701, -23.816978863934708, 0.0 ], [ -45.471893544438736, -23.816958471447624, 0.0 ], [ -45.471589876500545, -23.816953231486764, 0.0 ], [ -45.471350019198283, -23.816986221940763, 0.0 ], [ -45.471084256742408, -23.816920127562724, 0.0 ], [ -45.470943374054237, -23.816849261178401, 0.0 ], [ -45.470843919135255, -23.816728140842848, 0.0 ], [ -45.470739532362657, -23.816574779499604, 0.0 ], [ -45.470629653511089, -23.816364351537089, 0.0 ], [ -45.47062825802093, -23.81636237064702, 0.0 ], [ -45.470624942877222, -23.816357664081828, 0.0 ], [ -45.470404602871355, -23.815943036797218, 0.0 ], [ -45.470178502467547, -23.815717809054917, 0.0 ], [ -45.469865948435093, -23.815532033913186, 0.0 ], [ -45.469682969597052, -23.815339714350745, 0.0 ], [ -45.469313877583694, -23.814856512301095, 0.0 ], [ -45.468982815834394, -23.814453811942737, 0.0 ], [ -45.468862806657718, -23.814403229880515, 0.0 ], [ -45.468632335295482, -23.814230349470705, 0.0 ], [ -45.468045239568589, -23.814307861732267, 0.0 ], [ -45.467635649065961, -23.814411955382365, 0.0 ], [ -45.467235306790464, -23.814353486996986, 0.0 ], [ -45.465960778042692, -23.813604527930661, 0.0 ], [ -45.465237710792941, -23.813521832974669, 0.0 ], [ -45.464496402077131, -23.81382078326418, 0.0 ], [ -45.464237157152581, -23.814413238707871, 0.0 ], [ -45.464245025857785, -23.816129771784304, 0.0 ], [ -45.464242595446279, -23.816269886370623, 0.0 ], [ -45.464586034386514, -23.816975870253565, 0.0 ], [ -45.464630922676868, -23.817192055179508, 0.0 ], [ -45.464610814025143, -23.817328582622419, 0.0 ], [ -45.46452058965977, -23.817496525095354, 0.0 ], [ -45.464318852832896, -23.817793595608357, 0.0 ], [ -45.464138794645493, -23.817959360432937, 0.0 ], [ -45.463920826948161, -23.818055272404774, 0.0 ], [ -45.463762527653728, -23.818052483950254, 0.0 ], [ -45.463108972731398, -23.817771958312978, 0.0 ], [ -45.4620056271254, -23.817086260191875, 0.0 ], [ -45.461756834925374, -23.816918964544236, 0.0 ], [ -45.461593829940028, -23.816873781805988, 0.0 ], [ -45.461033119351548, -23.816696816721123, 0.0 ], [ -45.460309698645915, -23.816929376491924, 0.0 ], [ -45.456026310833295, -23.818770423889447, 0.0 ], [ -45.455819896778635, -23.818840102426911, 0.0 ], [ -45.453956317595569, -23.819686844742286, 0.0 ], [ -45.453526412212405, -23.820063539211489, 0.0 ], [ -45.45335020155111, -23.82062689674822, 0.0 ], [ -45.453028682184694, -23.82187391940991, 0.0 ], [ -45.452914426778293, -23.822539756338166, 0.0 ], [ -45.452819905199135, -23.822936834226322, 0.0 ], [ -45.452748863226745, -23.823259767573383, 0.0 ], [ -45.452436090606291, -23.823739023222021, 0.0 ], [ -45.451947917254117, -23.824392045953811, 0.0 ], [ -45.451605004799703, -23.824703988224311, 0.0 ], [ -45.451436129797514, -23.824844005078049, 0.0 ], [ -45.450784329900728, -23.824932050280069, 0.0 ], [ -45.450229346523173, -23.824832653709564, 0.0 ], [ -45.449565892639079, -23.824774581822286, 0.0 ], [ -45.448953679621496, -23.824890508314198, 0.0 ], [ -45.448337590726283, -23.824873714438812, 0.0 ], [ -45.448233400215742, -23.824851076110594, 0.0 ], [ -45.448116228181533, -23.824860971507952, 0.0 ], [ -45.447950460372006, -23.824873528732756, 0.0 ], [ -45.447796158308044, -23.824877953411271, 0.0 ], [ -45.447690029806537, -23.824830329948867, 0.0 ], [ -45.447581587287956, -23.824718328007521, 0.0 ], [ -45.447436132380602, -23.824446914367432, 0.0 ], [ -45.447401800076968, -23.824348227155209, 0.0 ], [ -45.447302959517366, -23.824247242583418, 0.0 ], [ -45.44711875408953, -23.824136042807588, 0.0 ], [ -45.446782847910534, -23.824038909695446, 0.0 ], [ -45.445646854389203, -23.823329422834508, 0.0 ], [ -45.445182100193783, -23.823101801024141, 0.0 ], [ -45.444930213008888, -23.822982382578882, 0.0 ], [ -45.44469813714062, -23.822902684888515, 0.0 ], [ -45.44447653185636, -23.822829702475648, 0.0 ], [ -45.444352541853526, -23.822808987839529, 0.0 ], [ -45.444251175299271, -23.822818368738826, 0.0 ], [ -45.444052837498127, -23.82292545516443, 0.0 ], [ -45.443924060393357, -23.823073844576452, 0.0 ], [ -45.443870021475682, -23.82319188637414, 0.0 ], [ -45.443786642156816, -23.823453124769578, 0.0 ], [ -45.443735719398937, -23.823710309537113, 0.0 ], [ -45.44357386278093, -23.823950306742745, 0.0 ], [ -45.443173465271052, -23.824177821830308, 0.0 ], [ -45.443077231209642, -23.824210327113459, 0.0 ], [ -45.442972387046531, -23.824287283318977, 0.0 ], [ -45.442862131139044, -23.824426831788909, 0.0 ], [ -45.4427929964302, -23.824558966682702, 0.0 ], [ -45.44269030334334, -23.82476065836866, 0.0 ], [ -45.442614823144055, -23.82479509701998, 0.0 ], [ -45.442515080535081, -23.824822864475486, 0.0 ], [ -45.442438038518468, -23.824820759509798, 0.0 ], [ -45.442325547758038, -23.824788991512246, 0.0 ], [ -45.441960742432073, -23.824531861232632, 0.0 ], [ -45.441737709750605, -23.824388502196456, 0.0 ], [ -45.441621681686492, -23.824276932834966, 0.0 ], [ -45.441568508621096, -23.824112807080585, 0.0 ], [ -45.441515753220742, -23.823814048997839, 0.0 ], [ -45.441396103327129, -23.823652097014307, 0.0 ], [ -45.441320481619734, -23.823508901619732, 0.0 ], [ -45.44131298558537, -23.823342687437297, 0.0 ], [ -45.441362582397382, -23.823080296808516, 0.0 ], [ -45.441364356410894, -23.822991203474889, 0.0 ], [ -45.441329038866101, -23.822840370807015, 0.0 ], [ -45.441131429155611, -23.822530538215453, 0.0 ], [ -45.441068758303686, -23.822452843084804, 0.0 ], [ -45.441004518378392, -23.822355489573432, 0.0 ], [ -45.440982621968502, -23.822077270688432, 0.0 ], [ -45.440654064688175, -23.821427025568095, 0.0 ], [ -45.440284166990288, -23.821010769420617, 0.0 ], [ -45.440115058258826, -23.820843802063902, 0.0 ], [ -45.439978528618227, -23.820831151796238, 0.0 ], [ -45.439688048806396, -23.82075436903121, 0.0 ], [ -45.439602343652126, -23.82069866213839, 0.0 ], [ -45.439504530330012, -23.820593273997208, 0.0 ], [ -45.439397642501724, -23.820247649130003, 0.0 ], [ -45.439323500252669, -23.820026046847484, 0.0 ], [ -45.439298664347376, -23.819923874190067, 0.0 ], [ -45.439199778530401, -23.819814743100377, 0.0 ], [ -45.439103729518997, -23.819744621678588, 0.0 ], [ -45.439008823520169, -23.819734810337128, 0.0 ], [ -45.438954650285162, -23.819749409834955, 0.0 ], [ -45.438699427264218, -23.819839628668184, 0.0 ], [ -45.438488394476018, -23.819908332911218, 0.0 ], [ -45.436138886504992, -23.820980232339114, 0.0 ], [ -45.435836622968807, -23.82129913686634, 0.0 ], [ -45.435823975735431, -23.821926301630459, 0.0 ], [ -45.435783658955046, -23.822231778507057, 0.0 ], [ -45.435667283975739, -23.822299897256514, 0.0 ], [ -45.434965940986054, -23.822655716530324, 0.0 ], [ -45.434213194357767, -23.822868066126688, 0.0 ], [ -45.433482168157482, -23.82299828365559, 0.0 ], [ -45.43301752357074, -23.823146784394194, 0.0 ], [ -45.432719103003031, -23.823231699907041, 0.0 ], [ -45.432483059174395, -23.823481444398755, 0.0 ], [ -45.432392585063539, -23.823824737651726, 0.0 ], [ -45.432328453400281, -23.823928808421627, 0.0 ], [ -45.432075899617324, -23.824084877815416, 0.0 ], [ -45.431876942368845, -23.82415769347925, 0.0 ], [ -45.43170441429087, -23.82415407408061, 0.0 ], [ -45.430304316211306, -23.824173072367266, 0.0 ], [ -45.42963931836848, -23.824136636995092, 0.0 ], [ -45.429504045948029, -23.824069072695458, 0.0 ], [ -45.42931162780544, -23.823994650525982, 0.0 ], [ -45.428985975875527, -23.823883127516574, 0.0 ], [ -45.428798712982761, -23.823865825584203, 0.0 ], [ -45.428606296474015, -23.823887977413371, 0.0 ], [ -45.428441073207431, -23.823955880143753, 0.0 ], [ -45.428282108827375, -23.824131261895818, 0.0 ], [ -45.428106871086896, -23.824440470819138, 0.0 ], [ -45.427881936276577, -23.824776469587494, 0.0 ], [ -45.42762545029214, -23.825058349514553, 0.0 ], [ -45.427256605431296, -23.825444945096542, 0.0 ], [ -45.426891306788541, -23.825700320556408, 0.0 ], [ -45.426657229386556, -23.825859665049073, 0.0 ], [ -45.426395011301729, -23.82597353062873, 0.0 ], [ -45.426148791874262, -23.826134157882791, 0.0 ], [ -45.425869411315766, -23.826210930172959, 0.0 ], [ -45.425657603502692, -23.826206837613544, 0.0 ], [ -45.425433532885712, -23.826119053818594, 0.0 ], [ -45.42523579630415, -23.825982769124384, 0.0 ], [ -45.425105000571527, -23.825825517550676, 0.0 ], [ -45.425022480842493, -23.825636538095093, 0.0 ], [ -45.424915266196535, -23.825186601692568, 0.0 ], [ -45.424943610484632, -23.825070606674082, 0.0 ], [ -45.424984569108616, -23.824963117780353, 0.0 ], [ -45.425018707991136, -23.824898321317196, 0.0 ], [ -45.425101996957558, -23.824662009762537, 0.0 ], [ -45.425122314800475, -23.824547718037323, 0.0 ], [ -45.425077675786461, -23.824486877387539, 0.0 ], [ -45.425004539816157, -23.824458120043932, 0.0 ], [ -45.424934666446504, -23.824461037421976, 0.0 ], [ -45.424430099530532, -23.824667622500225, 0.0 ], [ -45.424205651084229, -23.824742089137171, 0.0 ], [ -45.42406166430046, -23.824760498697998, 0.0 ], [ -45.423969516954301, -23.824750988399913, 0.0 ], [ -45.423906340818455, -23.824701066086021, 0.0 ], [ -45.423847347763406, -23.824578454682221, 0.0 ], [ -45.423808772469549, -23.824413101857569, 0.0 ], [ -45.423828715572895, -23.824300639402601, 0.0 ], [ -45.42375744698505, -23.824205420677192, 0.0 ], [ -45.423659660320396, -23.824129830109502, 0.0 ], [ -45.423367819938029, -23.824132303145234, 0.0 ], [ -45.422822463607041, -23.82422347661565, 0.0 ], [ -45.422587350710742, -23.824228873765442, 0.0 ], [ -45.42246323342809, -23.824200194961488, 0.0 ], [ -45.422359047124367, -23.824128974784891, 0.0 ], [ -45.422316681907368, -23.824020400240592, 0.0 ], [ -45.422190707284045, -23.823882678424681, 0.0 ], [ -45.422084964691081, -23.823796079740873, 0.0 ], [ -45.421938810741047, -23.823719427099142, 0.0 ], [ -45.421753159792495, -23.823648758193549, 0.0 ], [ -45.421624694760951, -23.823580078035096, 0.0 ], [ -45.421374443496482, -23.823358141114994, 0.0 ], [ -45.421280937348506, -23.823242830366993, 0.0 ], [ -45.421184568357553, -23.823059941375231, 0.0 ], [ -45.421135438958615, -23.822502634072897, 0.0 ], [ -45.42114692164435, -23.822347553045461, 0.0 ], [ -45.421035236562652, -23.822155647646753, 0.0 ], [ -45.420530942145341, -23.821874340762577, 0.0 ], [ -45.419819498189867, -23.821735188308725, 0.0 ], [ -45.419234496203494, -23.821794245505959, 0.0 ], [ -45.419036271498094, -23.821902733869507, 0.0 ], [ -45.418507153056019, -23.822199459185029, 0.0 ], [ -45.41842460763116, -23.822253784839962, 0.0 ], [ -45.418300646387287, -23.822416649216041, 0.0 ], [ -45.418266850021155, -23.822505148459793, 0.0 ], [ -45.418258454732367, -23.822583495848413, 0.0 ], [ -45.418258813241913, -23.822668758492917, 0.0 ], [ -45.418265733402023, -23.822726262679797, 0.0 ], [ -45.418276778601339, -23.822841267304476, 0.0 ], [ -45.418239597859383, -23.822933162209907, 0.0 ], [ -45.418153733882228, -23.823013285241679, 0.0 ], [ -45.418059419525818, -23.82309728499564, 0.0 ], [ -45.417937906177663, -23.823181541270177, 0.0 ], [ -45.417852303353044, -23.823210038519143, 0.0 ], [ -45.417695811151596, -23.823203488968826, 0.0 ], [ -45.417612522281161, -23.823140409448765, 0.0 ], [ -45.417513625948779, -23.823083687946095, 0.0 ], [ -45.417438472083873, -23.823008908490294, 0.0 ], [ -45.417288868555957, -23.822888907805709, 0.0 ], [ -45.417233730500904, -23.822752345905549, 0.0 ], [ -45.417201876436444, -23.822623919072193, 0.0 ], [ -45.417155654846866, -23.822386377062578, 0.0 ], [ -45.417081199186974, -23.822279893583911, 0.0 ], [ -45.41703632439684, -23.822188055103943, 0.0 ], [ -45.416946199816174, -23.822121073812664, 0.0 ], [ -45.416512937338204, -23.821999291414084, 0.0 ], [ -45.416398574943301, -23.821941485332111, 0.0 ], [ -45.416263236308822, -23.821807667567608, 0.0 ], [ -45.416139143576807, -23.821631231567501, 0.0 ], [ -45.416055841288063, -23.821479428931863, 0.0 ], [ -45.415941709369072, -23.821375868486946, 0.0 ], [ -45.415803301310525, -23.821295665158747, 0.0 ], [ -45.415501526194724, -23.821221191570348, 0.0 ], [ -45.415330860317461, -23.821235512964648, 0.0 ], [ -45.415097886789177, -23.821310869534628, 0.0 ], [ -45.414821072481793, -23.821472521169628, 0.0 ], [ -45.414580635080831, -23.821634470397012, 0.0 ], [ -45.414476988558022, -23.821697228894923, 0.0 ], [ -45.414372441692663, -23.821743619246725, 0.0 ], [ -45.413896231838045, -23.822095452562319, 0.0 ], [ -45.413526226513781, -23.822344667962806, 0.0 ], [ -45.413268871964824, -23.822555466564108, 0.0 ], [ -45.413149904957706, -23.82265287005449, 0.0 ], [ -45.413076346389879, -23.822720323239629, 0.0 ], [ -45.412966967283886, -23.822845554821736, 0.0 ], [ -45.412757945532611, -23.823057679527292, 0.0 ], [ -45.412560550875995, -23.823073233250817, 0.0 ], [ -45.41242261243881, -23.823029182332661, 0.0 ], [ -45.412293978994903, -23.82288521770413, 0.0 ], [ -45.411178792650247, -23.821270662511576, 0.0 ], [ -45.410672375184255, -23.82092426088359, 0.0 ], [ -45.409663503819871, -23.820339081916156, 0.0 ], [ -45.409322573856642, -23.819955643289887, 0.0 ], [ -45.409137950071575, -23.819512489365124, 0.0 ], [ -45.409031878766534, -23.819075956320809, 0.0 ], [ -45.408942032759676, -23.818515281728342, 0.0 ], [ -45.408735647170353, -23.81784349304051, 0.0 ], [ -45.40840954030876, -23.816820163825856, 0.0 ], [ -45.408535788679977, -23.81593466701775, 0.0 ], [ -45.409442324623981, -23.815164079993366, 0.0 ], [ -45.409486008755508, -23.814273106531047, 0.0 ], [ -45.409498747617612, -23.813936085601025, 0.0 ], [ -45.40946887603554, -23.813492957697076, 0.0 ], [ -45.409307659060552, -23.813014817896267, 0.0 ], [ -45.40912627785864, -23.811944799683069, 0.0 ], [ -45.408872686957643, -23.811789668795058, 0.0 ], [ -45.408611812627704, -23.81173752622761, 0.0 ], [ -45.40846739265244, -23.811687747692865, 0.0 ], [ -45.408377440744047, -23.811606830186733, 0.0 ], [ -45.408370950898821, -23.811491130911357, 0.0 ], [ -45.408453287860176, -23.811360982979036, 0.0 ], [ -45.408638685626329, -23.81134002227423, 0.0 ], [ -45.408773170375099, -23.81134970144814, 0.0 ], [ -45.40889235431338, -23.811337489523329, 0.0 ], [ -45.408981564711944, -23.811309318855887, 0.0 ], [ -45.409115999893849, -23.811194706040663, 0.0 ], [ -45.409182540823345, -23.811159841213733, 0.0 ], [ -45.409352111646918, -23.810824061475266, 0.0 ], [ -45.409433509174363, -23.810538873668957, 0.0 ], [ -45.409432686149735, -23.810184984563957, 0.0 ], [ -45.409385739607202, -23.809876612558217, 0.0 ], [ -45.40913348830945, -23.809664222578487, 0.0 ], [ -45.408824333775634, -23.80957961247805, 0.0 ], [ -45.408110323850067, -23.809552786131327, 0.0 ], [ -45.40791405158329, -23.809353798128438, 0.0 ], [ -45.407852718742618, -23.809295566656544, 0.0 ], [ -45.407584645158543, -23.808916163791014, 0.0 ], [ -45.407168417356147, -23.808249094869641, 0.0 ], [ -45.405623267529045, -23.805794156103531, 0.0 ], [ -45.404991668626963, -23.804778380247921, 0.0 ], [ -45.404707068653799, -23.804368131877322, 0.0 ], [ -45.40429712044066, -23.804220609609544, 0.0 ], [ -45.403871384113351, -23.804232128694718, 0.0 ], [ -45.403646100267693, -23.804088854215614, 0.0 ] ] } },
{ "type": "Feature", "properties": { "Rodovia": "SP 055", "TipoRodovi": "Eixo", "Orientacao": "Transversal", "Origem": "Estadual", "Municipio": "São Sebastião", "CodRegiona": "DR 06", "SedeRegion": "Taubaté", "KmInicial": 154.015, "KmFinal": 165.91, "Extensao": 11.895, "DescricaoI": "Acesso a Maresias", "DescricaoF": "Praia de Camburi - São Sebastião", "Jurisdicao": "Estadual", "Administra": "DER", "Conservado": "05.04", "TipoPista": "PAV", "Sobreposic": "BR 101", "Subposicao": null, "PerimetroU": "Nã", "DataInicio": null, "DataFimCon": null, "EstadualCo": "Nã", "Denominaca": "Doutor Manoel Hyppolito Rego", "Legislacao": "Lei 4.799 de 25/10/85", "TPUso": null, "TransfMuni": null, "Subtrecho": "055SPE2885" }, "geometry": { "type": "MultiLineString", "coordinates": [ [ [ -45.559703725611172, -23.791467745710726, 0.0 ], [ -45.560114257673781, -23.791322883572764, 0.0 ], [ -45.561140215759565, -23.791060450227473, 0.0 ], [ -45.561857583278375, -23.7908654150133, 0.0 ], [ -45.562788797349931, -23.79067927896455, 0.0 ], [ -45.564220174174011, -23.790526066921906, 0.0 ], [ -45.564485538378719, -23.790464361040584, 0.0 ], [ -45.564750778713815, -23.79046370573592, 0.0 ], [ -45.567640945677411, -23.790142670609573, 0.0 ], [ -45.571475210050579, -23.79013868623575, 0.0 ], [ -45.574161346419011, -23.790124648056423, 0.0 ], [ -45.583103986504305, -23.790181908523362, 0.0 ], [ -45.583689895665557, -23.790153107288344, 0.0 ], [ -45.584091263204066, -23.790046319186413, 0.0 ], [ -45.58438357451324, -23.789937943020977, 0.0 ], [ -45.584776843783708, -23.789703709103954, 0.0 ], [ -45.585094658761214, -23.789410176908714, 0.0 ], [ -45.587892916577601, -23.786228950222164, 0.0 ], [ -45.588231016838442, -23.785931861971719, 0.0 ], [ -45.588843420685272, -23.785697516501827, 0.0 ], [ -45.589307500503814, -23.785874227320907, 0.0 ], [ -45.589462264351006, -23.7863601495343, 0.0 ], [ -45.589590911862018, -23.78673145708267, 0.0 ], [ -45.5896163090393, -23.786838779841172, 0.0 ], [ -45.589571678420334, -23.787014010928548, 0.0 ], [ -45.589437905757343, -23.787179971214385, 0.0 ], [ -45.589108771137063, -23.78739850044019, 0.0 ], [ -45.588849663795102, -23.787675376332981, 0.0 ], [ -45.588884388247678, -23.787950805089903, 0.0 ], [ -45.589074499537553, -23.788157791149498, 0.0 ], [ -45.589172360949227, -23.788185085730834, 0.0 ], [ -45.58984214959731, -23.788302759315787, 0.0 ], [ -45.590181150508855, -23.788410448921287, 0.0 ], [ -45.59034857056416, -23.788650686120413, 0.0 ], [ -45.590380319848691, -23.788956096665057, 0.0 ], [ -45.590336084360644, -23.789565525000729, 0.0 ], [ -45.590271842807439, -23.789988635065502, 0.0 ], [ -45.59020408154386, -23.790245081102725, 0.0 ], [ -45.590224932981286, -23.790583795967503, 0.0 ], [ -45.590520008353067, -23.791202361843887, 0.0 ], [ -45.590769787330331, -23.791343794958717, 0.0 ], [ -45.591080400715896, -23.791239861076875, 0.0 ], [ -45.591379101674356, -23.791052438176074, 0.0 ], [ -45.59165226946638, -23.7908195039624, 0.0 ], [ -45.591804921844599, -23.790510524506157, 0.0 ], [ -45.591919020115547, -23.790167034080426, 0.0 ], [ -45.592342664246274, -23.78946143103882, 0.0 ], [ -45.59241242074765, -23.789053967391954, 0.0 ], [ -45.59241675646885, -23.788659496895704, 0.0 ], [ -45.59265303866465, -23.788022155391257, 0.0 ], [ -45.593164248819711, -23.787322061194612, 0.0 ], [ -45.59344455271988, -23.787006531547789, 0.0 ], [ -45.593797509050333, -23.78674997899645, 0.0 ], [ -45.594947421574176, -23.785518376868019, 0.0 ], [ -45.595353805470175, -23.78528748419663, 0.0 ], [ -45.595806985143206, -23.785197678775258, 0.0 ], [ -45.596817426368986, -23.785183090541686, 0.0 ], [ -45.59789134084248, -23.78499626794115, 0.0 ], [ -45.598280919853991, -23.784835903298063, 0.0 ], [ -45.59842394013274, -23.784640949814221, 0.0 ], [ -45.59814754260799, -23.784285315087146, 0.0 ], [ -45.598127808308782, -23.784127353028978, 0.0 ], [ -45.597420177758124, -23.783482354313868, 0.0 ], [ -45.597206413950275, -23.783206698856898, 0.0 ], [ -45.596498635273115, -23.78249311681655, 0.0 ], [ -45.596319742605509, -23.78214154286556, 0.0 ], [ -45.596575114835431, -23.781953771784721, 0.0 ], [ -45.597739807806171, -23.782278525846113, 0.0 ], [ -45.598400256470207, -23.782206689637931, 0.0 ], [ -45.599046456095252, -23.78205459713341, 0.0 ], [ -45.599489420638115, -23.781982920814734, 0.0 ], [ -45.599653696662479, -23.781978552484038, 0.0 ], [ -45.600157215132633, -23.782043278492846, 0.0 ], [ -45.600428162755946, -23.7822396254744, 0.0 ], [ -45.600552791976625, -23.782331039402465, 0.0 ], [ -45.600948303629956, -23.782479697025511, 0.0 ], [ -45.601441770567575, -23.782483324466298, 0.0 ], [ -45.601799195576056, -23.782444892341658, 0.0 ], [ -45.602594011859317, -23.781470638606745, 0.0 ], [ -45.602700051926256, -23.781410569017023, 0.0 ], [ -45.602947652210169, -23.781423046987996, 0.0 ], [ -45.603086884306123, -23.781489607633802, 0.0 ], [ -45.603229158002563, -23.781677935971761, 0.0 ], [ -45.60330431041573, -23.78186726141729, 0.0 ], [ -45.603449013388904, -23.78186784655059, 0.0 ], [ -45.603534895107742, -23.781772340163155, 0.0 ], [ -45.60418929973337, -23.781374855580136, 0.0 ], [ -45.604945537696125, -23.781048084802446, 0.0 ], [ -45.605329456201332, -23.780732855328331, 0.0 ], [ -45.605532934916468, -23.7804207082993, 0.0 ], [ -45.605872190030169, -23.780371349881509, 0.0 ], [ -45.60601677111066, -23.780626861255964, 0.0 ], [ -45.606009865372975, -23.780704163120028, 0.0 ], [ -45.605982698964894, -23.7809443321926, 0.0 ], [ -45.606228051651499, -23.781231601009015, 0.0 ], [ -45.60648862701985, -23.781596861460031, 0.0 ] ], [ [ -45.60648862701985, -23.781596861460031, 171.835699999995995 ], [ -45.606575765524404, -23.781921928439765, 158.892099999997299 ], [ -45.606915074303835, -23.782004752070701, 155.114400000005844 ], [ -45.607433461003851, -23.781832049067187, 147.996700000003329 ], [ -45.608023672808834, -23.781724540632233, 141.045400000002701 ], [ -45.608375613342915, -23.781398979016767, 136.166299999997136 ], [ -45.608597234866096, -23.780980550086017, 129.831500000000233 ], [ -45.609052948939109, -23.78088694182977, 121.496199999994133 ], [ -45.60937993183969, -23.781320798839662, 113.823499999998603 ], [ -45.609656607851008, -23.781884682903819, 104.605299999995623 ], [ -45.609853629438184, -23.782406132585006, 96.524199999999837 ], [ -45.610117498826817, -23.782812375582175, 94.013300000005984 ], [ -45.610596732627286, -23.782765603585737, 87.428299999999581 ], [ -45.611146069730914, -23.782444705568558, 83.217499999998836 ], [ -45.611687108420931, -23.78216659509393, 79.195200000001932 ], [ -45.612264379719164, -23.782190473755819, 73.649600000004284 ], [ -45.612767038539104, -23.782442650923276, 66.15230000000156 ], [ -45.613020569216516, -23.782888113988047, 60.312900000004447 ], [ -45.613526657055509, -23.783054059435909, 52.936600000000908 ], [ -45.614108076402864, -23.782916261310319, 43.995299999995041 ], [ -45.614586577093583, -23.782842923365763, 37.525899999993271 ], [ -45.614878955380632, -23.782965148236176, 32.43399999999383 ] ], [ [ -45.614878955380632, -23.782965148236176, 0.0 ], [ -45.615637346239318, -23.7833834822043, 0.0 ], [ -45.616073568152046, -23.783654459285451, 0.0 ], [ -45.617146256805299, -23.784273407981139, 0.0 ], [ -45.617861726884989, -23.784355660521339, 0.0 ], [ -45.61856184033045, -23.784393663755733, 0.0 ], [ -45.619604043889105, -23.784146609468774, 0.0 ], [ -45.621203136586139, -23.783599115707911, 0.0 ], [ -45.621487789864702, -23.783516251669884, 0.0 ], [ -45.621687451775834, -23.783569531872523, 0.0 ], [ -45.621872281313514, -23.783676860510244, 0.0 ], [ -45.622087417913086, -23.783832687621366, 0.0 ], [ -45.622401127144713, -23.783950608822824, 0.0 ], [ -45.622565918027782, -23.783997889003221, 0.0 ], [ -45.622802988125031, -23.784077967312772, 0.0 ], [ -45.622930814363954, -23.784147916686905, 0.0 ], [ -45.62301855346432, -23.784218600408281, 0.0 ], [ -45.623410260700403, -23.784528819675817, 0.0 ], [ -45.624740386990617, -23.785774436430266, 0.0 ], [ -45.625008244708816, -23.785941982359173, 0.0 ], [ -45.625272274365685, -23.785952114202743, 0.0 ], [ -45.625523898305339, -23.785809480411565, 0.0 ], [ -45.626310783426213, -23.785255381445804, 0.0 ], [ -45.626580949819449, -23.785039803263871, 0.0 ], [ -45.626840363332718, -23.784884429460515, 0.0 ], [ -45.627390539757805, -23.784506921846965, 0.0 ], [ -45.627678297213777, -23.784343813435612, 0.0 ], [ -45.628094978091625, -23.784144412512106, 0.0 ], [ -45.628550740811654, -23.78395435492715, 0.0 ], [ -45.6292539599362, -23.783701148472261, 0.0 ], [ -45.63062464801817, -23.783296544521093, 0.0 ], [ -45.630998360768629, -23.783208232112333, 0.0 ], [ -45.635390226007445, -23.782691279209843, 0.0 ], [ -45.636382182209431, -23.782656355185445, 0.0 ], [ -45.637182575989705, -23.782657439501516, 0.0 ], [ -45.637775776199994, -23.782642453575157, 0.0 ], [ -45.638418755431289, -23.782652337402236, 0.0 ], [ -45.639329470135323, -23.782729905804679, 0.0 ], [ -45.639667191471524, -23.782521031392381, 0.0 ], [ -45.639738710343828, -23.781850133262605, 0.0 ], [ -45.639748393280883, -23.781541098878293, 0.0 ], [ -45.639874955116042, -23.781300081100657, 0.0 ], [ -45.639971148079944, -23.7811289798424, 0.0 ], [ -45.640304760471658, -23.780776111382309, 0.0 ], [ -45.640452914914199, -23.780332759113712, 0.0 ], [ -45.640435000598927, -23.779809673727922, 0.0 ], [ -45.640680861588272, -23.779384680717968, 0.0 ], [ -45.640888835182949, -23.778980765922032, 0.0 ], [ -45.640985245045634, -23.778137657351486, 0.0 ], [ -45.641374832472117, -23.777960293129599, 0.0 ], [ -45.641498029073382, -23.777700344281765, 0.0 ], [ -45.64148144134586, -23.777378353016591, 0.0 ], [ -45.641417467802768, -23.776888866058812, 0.0 ], [ -45.641292429551449, -23.776518649546549, 0.0 ], [ -45.641138202940034, -23.776267079380737, 0.0 ], [ -45.640992690392871, -23.776064639215544, 0.0 ], [ -45.640260578071931, -23.77512811188825, 0.0 ] ] ] } },
{ "type": "Feature", "properties": { "Rodovia": "SP 055", "TipoRodovi": "Eixo", "Orientacao": "Transversal", "Origem": "Estadual", "Municipio": "São Sebastião", "CodRegiona": "DR 06", "SedeRegion": "Taubaté", "KmInicial": 165.91, "KmFinal": 174.6, "Extensao": 8.69, "DescricaoI": "Praia de Camburi - São Sebastião", "DescricaoF": "Praia Preta - São Sebastião", "Jurisdicao": "Estadual", "Administra": "DER", "Conservado": "05.04", "TipoPista": "PAV", "Sobreposic": "BR 101", "Subposicao": null, "PerimetroU": "Nã", "DataInicio": null, "DataFimCon": null, "EstadualCo": "Nã", "Denominaca": "Doutor Manoel Hyppolito Rego", "Legislacao": "Lei 4.799 de 25/10/85", "TPUso": null, "TransfMuni": null, "Subtrecho": "055SPE8937" }, "geometry": { "type": "LineString", "coordinates": [ [ -45.640260578071931, -23.77512811188825, 0.0 ], [ -45.640044159288664, -23.774783860641438, 0.0 ], [ -45.639889345910213, -23.77439568732213, 0.0 ], [ -45.639706372045211, -23.773534896285412, 0.0 ], [ -45.639543541280823, -23.77311377967029, 0.0 ], [ -45.639121176730455, -23.772892932520534, 0.0 ], [ -45.63875321334551, -23.772594812076846, 0.0 ], [ -45.638587995963938, -23.772128137985579, 0.0 ], [ -45.638512673878097, -23.771659561960078, 0.0 ], [ -45.638559887362057, -23.771178321575551, 0.0 ], [ -45.638721560916295, -23.770912473665589, 0.0 ], [ -45.638774851938585, -23.770803875431611, 0.0 ], [ -45.639398267226568, -23.76997342067169, 0.0 ], [ -45.640002396712795, -23.769304090002333, 0.0 ], [ -45.640244216458164, -23.769081403205519, 0.0 ], [ -45.6402832022615, -23.769047356130251, 0.0 ], [ -45.640766616832671, -23.768778949677653, 0.0 ], [ -45.640823974927905, -23.768747494482135, 0.0 ], [ -45.641466132882933, -23.768578200568502, 0.0 ], [ -45.641752598872728, -23.768558901511309, 0.0 ], [ -45.642025769652818, -23.768540712280792, 0.0 ], [ -45.646990195197198, -23.768341544941876, 0.0 ], [ -45.647571241560996, -23.768279419921754, 0.0 ], [ -45.648043724591446, -23.76810340552905, 0.0 ], [ -45.648415169618453, -23.767850365787385, 0.0 ], [ -45.649491138177794, -23.767383634778902, 0.0 ], [ -45.652829633066844, -23.764568113997729, 0.0 ], [ -45.65356958501242, -23.764159808733634, 0.0 ], [ -45.654702500613332, -23.763606240489992, 0.0 ], [ -45.658363828878748, -23.762502670951122, 0.0 ], [ -45.659564446135242, -23.76214717212002, 0.0 ], [ -45.661340648985806, -23.761605761364237, 0.0 ], [ -45.665720480768442, -23.760247823882928, 0.0 ], [ -45.668492791043612, -23.759436375714291, 0.0 ], [ -45.669901357648378, -23.759007188314765, 0.0 ], [ -45.672354249141094, -23.758291628863045, 0.0 ], [ -45.673200685261783, -23.758161464867399, 0.0 ], [ -45.674019535142918, -23.7581436754731, 0.0 ], [ -45.675206506746939, -23.758261913892731, 0.0 ], [ -45.676467343497222, -23.758797259511262, 0.0 ], [ -45.677121480485454, -23.75913911292724, 0.0 ], [ -45.677782968971009, -23.759627720527224, 0.0 ], [ -45.678243744928523, -23.760101079834129, 0.0 ], [ -45.678852934136479, -23.760846777073294, 0.0 ], [ -45.679290166575633, -23.761665522539371, 0.0 ], [ -45.680912555976661, -23.765178637190775, 0.0 ], [ -45.681302863775677, -23.766107642876822, 0.0 ], [ -45.681698935083119, -23.766751928093495, 0.0 ], [ -45.682178622745681, -23.767325748268252, 0.0 ], [ -45.682680027332012, -23.767798508186488, 0.0 ], [ -45.683164517631518, -23.76816400697253, 0.0 ], [ -45.683664710199849, -23.768509747164764, 0.0 ], [ -45.684352308190505, -23.768840651545705, 0.0 ], [ -45.685459431786526, -23.769352769274441, 0.0 ], [ -45.686436071881182, -23.769827904529954, 0.0 ], [ -45.687108899026548, -23.770039481103609, 0.0 ], [ -45.687752084340069, -23.770060898793172, 0.0 ], [ -45.688217737404415, -23.769943458540187, 0.0 ], [ -45.688968249126724, -23.769739385374415, 0.0 ], [ -45.690041914980192, -23.769350399105932, 0.0 ], [ -45.691733043307195, -23.768139674064397, 0.0 ], [ -45.692228984843545, -23.767922086825692, 0.0 ], [ -45.692867921286478, -23.767665906722037, 0.0 ], [ -45.693891276742917, -23.767476559002752, 0.0 ], [ -45.694673614924447, -23.767475265611402, 0.0 ], [ -45.695686974243984, -23.767627442781208, 0.0 ], [ -45.696473221434154, -23.767910142609431, 0.0 ], [ -45.697116059376761, -23.76819435626123, 0.0 ], [ -45.69992877435002, -23.769497845856296, 0.0 ], [ -45.70142054626622, -23.770202478817456, 0.0 ], [ -45.702128431046347, -23.770492947496262, 0.0 ] ] } },
{ "type": "Feature", "properties": { "Rodovia": "SP 055", "TipoRodovi": "Eixo", "Orientacao": "Transversal", "Origem": "Estadual", "Municipio": "São Sebastião", "CodRegiona": "DR 06", "SedeRegion": "Taubaté", "KmInicial": 174.6, "KmFinal": 176.2, "Extensao": 1.6, "DescricaoI": "Praia Preta - São Sebastião", "DescricaoF": "Praia do Juquei - São Sebastião", "Jurisdicao": "Estadual", "Administra": "DER", "Conservado": "05.04", "TipoPista": "PAV", "Sobreposic": "BR 101", "Subposicao": null, "PerimetroU": "Nã", "DataInicio": null, "DataFimCon": null, "EstadualCo": "Nã", "Denominaca": "Doutor Manoel Hyppolito Rego", "Legislacao": "Lei 4.799 de 25/10/85", "TPUso": null, "TransfMuni": null, "Subtrecho": "055SPE6259" }, "geometry": { "type": "LineString", "coordinates": [ [ -45.702128431046347, -23.770492947496262, 0.0 ], [ -45.702861850157056, -23.770714295733381, 0.0 ], [ -45.703605913472465, -23.770858596554966, 0.0 ], [ -45.704383540839025, -23.770906414614551, 0.0 ], [ -45.709070197892167, -23.770178506624664, 0.0 ], [ -45.710661098044845, -23.770116886927958, 0.0 ], [ -45.711566424803543, -23.770306875529378, 0.0 ], [ -45.712083864035122, -23.770491868432302, 0.0 ] ] } },
{ "type": "Feature", "properties": { "Rodovia": "SP 055", "TipoRodovi": "Eixo", "Orientacao": "Transversal", "Origem": "Estadual", "Municipio": "São Sebastião", "CodRegiona": "DR 06", "SedeRegion": "Taubaté", "KmInicial": 176.2, "KmFinal": 185.9, "Extensao": 9.7, "DescricaoI": "Praia do Juquei - São Sebastião", "DescricaoF": "Praia da Juréia - São Sebastião", "Jurisdicao": "Estadual", "Administra": "DER", "Conservado": "05.04", "TipoPista": "PAV", "Sobreposic": "BR 101", "Subposicao": null, "PerimetroU": "Nã", "DataInicio": null, "DataFimCon": null, "EstadualCo": "Nã", "Denominaca": "Doutor Manoel Hyppolito Rego", "Legislacao": "Lei 4.799 de 25/10/85", "TPUso": null, "TransfMuni": null, "Subtrecho": "055SPE0018" }, "geometry": { "type": "LineString", "coordinates": [ [ -45.712083864035122, -23.770491868432302, 0.0 ], [ -45.713133700508287, -23.770752119171359, 0.0 ], [ -45.714066992207592, -23.770786377011593, 0.0 ], [ -45.715007232059627, -23.770836426719399, 0.0 ], [ -45.715867836436814, -23.771012395756568, 0.0 ], [ -45.716608245475925, -23.771296482691973, 0.0 ], [ -45.71902221043252, -23.772415372841667, 0.0 ], [ -45.719568091949718, -23.77231197881023, 0.0 ], [ -45.719930492175834, -23.771894577346902, 0.0 ], [ -45.720732959255891, -23.77032334660078, 0.0 ], [ -45.720754837214585, -23.769818900745534, 0.0 ], [ -45.719838498350448, -23.769118918899114, 0.0 ], [ -45.719677455370956, -23.768593505464573, 0.0 ], [ -45.719912056147479, -23.768113100008534, 0.0 ], [ -45.720462019551796, -23.767335229611291, 0.0 ], [ -45.720679811871733, -23.766736127340529, 0.0 ], [ -45.720772526512675, -23.766064484228526, 0.0 ], [ -45.720639390992552, -23.764333695601152, 0.0 ], [ -45.720287769914009, -23.763154319737165, 0.0 ], [ -45.720273202344409, -23.762633137939787, 0.0 ], [ -45.720320922349586, -23.761955926715952, 0.0 ], [ -45.720459074262187, -23.76129160356534, 0.0 ], [ -45.720809531767785, -23.760314211562594, 0.0 ], [ -45.721084500717758, -23.759845816448692, 0.0 ], [ -45.721380093562537, -23.759507649865384, 0.0 ], [ -45.722740968170939, -23.758577540602538, 0.0 ], [ -45.72323134182291, -23.758239328643416, 0.0 ], [ -45.723608522201239, -23.757923668568893, 0.0 ], [ -45.723969774868763, -23.75750481949456, 0.0 ], [ -45.724261845414695, -23.756997902308164, 0.0 ], [ -45.72445092975849, -23.756465713953187, 0.0 ], [ -45.72497441143657, -23.754339839140478, 0.0 ], [ -45.725466520412262, -23.75214321199747, 0.0 ], [ -45.725540162593177, -23.751714132448505, 0.0 ], [ -45.725862964877209, -23.751046740029231, 0.0 ], [ -45.726339044789718, -23.750258081483672, 0.0 ], [ -45.728139286194413, -23.747865489323715, 0.0 ], [ -45.728381036981403, -23.747336542114407, 0.0 ], [ -45.729486540791058, -23.743569202793893, 0.0 ], [ -45.729662470729934, -23.743171567433958, 0.0 ], [ -45.730288100439715, -23.742472200478712, 0.0 ], [ -45.730876884555819, -23.742266471165578, 0.0 ], [ -45.731550085237096, -23.742252503249404, 0.0 ], [ -45.733590839041945, -23.742749472636302, 0.0 ], [ -45.734173010066712, -23.743000786103387, 0.0 ], [ -45.734612168186132, -23.74312535710796, 0.0 ], [ -45.737886314103342, -23.744989928697642, 0.0 ], [ -45.738652049911302, -23.745989851270291, 0.0 ], [ -45.739558400612907, -23.74675605605491, 0.0 ], [ -45.740665795619279, -23.747358090478205, 0.0 ], [ -45.747990255837607, -23.750505931567822, 0.0 ], [ -45.750476124128397, -23.751574539050655, 0.0 ], [ -45.753035817664738, -23.752378052369522, 0.0 ], [ -45.759729424979419, -23.753658544372581, 0.0 ], [ -45.764841624941347, -23.753854940983135, 0.0 ], [ -45.765787608129152, -23.753674741505627, 0.0 ], [ -45.766693809183018, -23.753671452916933, 0.0 ], [ -45.768387971660204, -23.753991086584715, 0.0 ], [ -45.770192874651713, -23.754060346881765, 0.0 ], [ -45.774360957838226, -23.753826887819933, 0.0 ], [ -45.775463660411987, -23.753656826468699, 0.0 ], [ -45.777284094588595, -23.75337605390947, 0.0 ], [ -45.777502226587487, -23.753332474066838, 0.0 ] ] } },
{ "type": "Feature", "properties": { "Rodovia": "SP 055", "TipoRodovi": "Eixo", "Orientacao": "Transversal", "Origem": "Estadual", "Municipio": "São Sebastião", "CodRegiona": "DR 06", "SedeRegion": "Taubaté", "KmInicial": 185.9, "KmFinal": 191.4, "Extensao": 5.5, "DescricaoI": "Praia da Juréia - São Sebastião", "DescricaoF": "Divisa Municipal São Sebastião / Bertioga (DR.05/DR.06)", "Jurisdicao": "Estadual", "Administra": "DER", "Conservado": "05.04", "TipoPista": "PAV", "Sobreposic": "BR 101", "Subposicao": null, "PerimetroU": "Nã", "DataInicio": null, "DataFimCon": null, "EstadualCo": "Nã", "Denominaca": "Doutor Manoel Hyppolito Rego", "Legislacao": "Lei 4.799 de 25/10/85", "TPUso": null, "TransfMuni": null, "Subtrecho": "055SPE0834" }, "geometry": { "type": "LineString", "coordinates": [ [ -45.777502226587487, -23.753332474066838, 0.0 ], [ -45.779499521095865, -23.752933420822565, 0.0 ], [ -45.785519221009359, -23.751730515024214, 0.0 ], [ -45.78907862991138, -23.751019110244798, 0.0 ], [ -45.789473237718973, -23.750873330318527, 0.0 ], [ -45.790181761684273, -23.750712613025971, 0.0 ], [ -45.790662662343777, -23.750702483495964, 0.0 ], [ -45.791534139452729, -23.750624828263323, 0.0 ], [ -45.793354705594226, -23.750276418765907, 0.0 ], [ -45.793658337740176, -23.750231115301847, 0.0 ], [ -45.794023542582423, -23.750203384416345, 0.0 ], [ -45.794790058622404, -23.750279939590268, 0.0 ], [ -45.79561907354298, -23.750502894754558, 0.0 ], [ -45.796416738140245, -23.750908744820919, 0.0 ], [ -45.800543899124101, -23.753656177393424, 0.0 ], [ -45.804939323321939, -23.756498250948201, 0.0 ], [ -45.805908059322221, -23.756723783720101, 0.0 ], [ -45.807005423023632, -23.75653797741802, 0.0 ], [ -45.81090370258476, -23.755546843218351, 0.0 ], [ -45.815364420862359, -23.755140485577112, 0.0 ], [ -45.82007622036312, -23.754698319836411, 0.0 ], [ -45.820580593539823, -23.754688639055313, 0.0 ], [ -45.825254490482912, -23.754402859825735, 0.0 ], [ -45.827177805121828, -23.754417268906352, 0.0 ], [ -45.828309596214822, -23.754529162218386, 0.0 ], [ -45.83627439893602, -23.755001398741388, 0.0 ], [ -45.839085061548772, -23.755009343045323, 0.0 ], [ -45.839085892642828, -23.755009345363685, 0.0 ] ] } }
]
}
