{
  "type": "FeatureCollection",
  "name": "PLI Regioes (LineString) - eixo da rodovia colorida no PDF",
  "crs": {
    "type": "name",
    "properties": {
      "name": "urn:ogc:def:crs:OGC:1.3:CRS84"
    }
  },
  "features": [
    {
      "type": "Feature",
      "geometry": {
        "type": "LineString",
        "coordinates": [
          [
            -46.0860899,
            -23.7625327
          ],
          [
            -46.0860815,
            -23.7615139
          ],
          [
            -46.0849334,
            -23.7605032
          ],
          [
            -46.084925,
            -23.7594845
          ],
          [
            -46.0849165,
            -23.7584658
          ],
          [
            -46.0849081,
            -23.7574471
          ],
          [
            -46.0848996,
            -23.7564284
          ],
          [
            -46.0848912,
            -23.7554096
          ],
          [
            -46.0837432,
            -23.7543989
          ],
          [
            -46.0837348,
            -23.7533802
          ],
          [
            -46.0825868,
            -23.7523695
          ],
          [
            -46.0814389,
            -23.7513587
          ],
          [
            -46.0802909,
            -23.750348
          ],
          [
            -46.0791514,
            -23.7503559
          ],
          [
            -46.0780035,
            -23.7493452
          ],
          [
            -46.0768556,
            -23.7483344
          ],
          [
            -46.0757078,
            -23.7473236
          ],
          [
            -46.0745599,
            -23.7463128
          ],
          [
            -46.0734205,
            -23.7463207
          ],
          [
            -46.0722726,
            -23.7453099
          ],
          [
            -46.0711248,
            -23.7442991
          ],
          [
            -46.0699771,
            -23.7432882
          ],
          [
            -46.0699687,
            -23.7422695
          ],
          [
            -46.068821,
            -23.7412587
          ],
          [
            -46.0676732,
            -23.7402478
          ],
          [
            -46.0676649,
            -23.7392291
          ],
          [
            -46.0676566,
            -23.7382104
          ],
          [
            -46.0676483,
            -23.7371916
          ],
          [
            -46.06764,
            -23.7361729
          ],
          [
            -46.0676317,
            -23.7351542
          ],
          [
            -46.0687628,
            -23.7341276
          ],
          [
            -46.0687545,
            -23.7331089
          ],
          [
            -46.0687462,
            -23.7320901
          ],
          [
            -46.0687379,
            -23.7310714
          ],
          [
            -46.0687296,
            -23.7300527
          ],
          [
            -46.0698606,
            -23.7290261
          ],
          [
            -46.0698523,
            -23.7280073
          ],
          [
            -46.0709833,
            -23.7269807
          ],
          [
            -46.070975,
            -23.725962
          ],
          [
            -46.0709666,
            -23.7249433
          ],
          [
            -46.0709583,
            -23.7239245
          ],
          [
            -46.07095,
            -23.7229058
          ],
          [
            -46.0709417,
            -23.7218871
          ],
          [
            -46.0697941,
            -23.7208762
          ],
          [
            -46.0697858,
            -23.7198575
          ],
          [
            -46.0686382,
            -23.7188467
          ],
          [
            -46.0686299,
            -23.7178279
          ],
          [
            -46.0686216,
            -23.7168092
          ],
          [
            -46.0686133,
            -23.7157905
          ],
          [
            -46.0674658,
            -23.7147796
          ],
          [
            -46.0674575,
            -23.7137609
          ],
          [
            -46.06631,
            -23.71275
          ],
          [
            -46.0663018,
            -23.7117313
          ],
          [
            -46.0662935,
            -23.7107125
          ],
          [
            -46.0662852,
            -23.7096938
          ],
          [
            -46.0662769,
            -23.7086751
          ],
          [
            -46.0662686,
            -23.7076563
          ],
          [
            -46.0662604,
            -23.7066376
          ],
          [
            -46.0662521,
            -23.7056189
          ],
          [
            -46.0673829,
            -23.7045923
          ],
          [
            -46.0673746,
            -23.7035736
          ],
          [
            -46.0673663,
            -23.7025548
          ],
          [
            -46.0673581,
            -23.7015361
          ],
          [
            -46.0673498,
            -23.7005174
          ],
          [
            -46.0673415,
            -23.6994986
          ],
          [
            -46.0673332,
            -23.6984799
          ],
          [
            -46.0661859,
            -23.697469
          ],
          [
            -46.0661776,
            -23.6964503
          ],
          [
            -46.0673084,
            -23.6954237
          ],
          [
            -46.0684474,
            -23.6954158
          ],
          [
            -46.0695864,
            -23.695408
          ],
          [
            -46.0707172,
            -23.6943814
          ],
          [
            -46.0718562,
            -23.6943735
          ],
          [
            -46.0729952,
            -23.6943656
          ],
          [
            -46.0741342,
            -23.6943577
          ],
          [
            -46.0752816,
            -23.6953685
          ],
          [
            -46.0764206,
            -23.6953606
          ],
          [
            -46.0775597,
            -23.6953527
          ],
          [
            -46.0786903,
            -23.694326
          ],
          [
            -46.0798294,
            -23.6943181
          ],
          [
            -46.0809684,
            -23.6943101
          ],
          [
            -46.0821074,
            -23.6943022
          ],
          [
            -46.0832464,
            -23.6942942
          ],
          [
            -46.084377,
            -23.6932675
          ],
          [
            -46.085516,
            -23.6932595
          ],
          [
            -46.0866551,
            -23.6932515
          ],
          [
            -46.0877856,
            -23.6922248
          ],
          [
            -46.0889246,
            -23.6922168
          ],
          [
            -46.0900552,
            -23.6911901
          ],
          [
            -46.0911942,
            -23.691182
          ],
          [
            -46.0923332,
            -23.691174
          ],
          [
            -46.0934721,
            -23.691166
          ],
          [
            -46.0946026,
            -23.6901392
          ],
          [
            -46.0957416,
            -23.6901311
          ],
          [
            -46.0968806,
            -23.6901231
          ],
          [
            -46.0980111,
            -23.6890963
          ],
          [
            -46.09915,
            -23.6890882
          ],
          [
            -46.100289,
            -23.6890801
          ],
          [
            -46.1014194,
            -23.6880533
          ],
          [
            -46.1025584,
            -23.6880452
          ],
          [
            -46.1036974,
            -23.6880371
          ],
          [
            -46.1048363,
            -23.6880289
          ],
          [
            -46.1059753,
            -23.6880208
          ],
          [
            -46.1071056,
            -23.6869939
          ],
          [
            -46.1082446,
            -23.6869858
          ],
          [
            -46.1093835,
            -23.6869776
          ],
          [
            -46.1105139,
            -23.6859508
          ],
          [
            -46.1116528,
            -23.6859426
          ],
          [
            -46.1127918,
            -23.6859344
          ],
          [
            -46.1139221,
            -23.6849075
          ],
          [
            -46.1139134,
            -23.6838888
          ],
          [
            -46.1139048,
            -23.6828701
          ],
          [
            -46.1138961,
            -23.6818513
          ],
          [
            -46.1138875,
            -23.6808326
          ],
          [
            -46.1150177,
            -23.6798057
          ],
          [
            -46.1150091,
            -23.678787
          ],
          [
            -46.1150005,
            -23.6777683
          ],
          [
            -46.1149918,
            -23.6767495
          ],
          [
            -46.116122,
            -23.6757226
          ],
          [
            -46.1172522,
            -23.6746957
          ],
          [
            -46.1183824,
            -23.6736688
          ],
          [
            -46.1195125,
            -23.6726418
          ],
          [
            -46.1206426,
            -23.6716149
          ],
          [
            -46.120634,
            -23.6705961
          ],
          [
            -46.1217641,
            -23.6695692
          ],
          [
            -46.1228942,
            -23.6685422
          ],
          [
            -46.1240242,
            -23.6675152
          ],
          [
            -46.1240155,
            -23.6664965
          ],
          [
            -46.1240068,
            -23.6654778
          ],
          [
            -46.1239981,
            -23.6644591
          ],
          [
            -46.1251281,
            -23.6634321
          ],
          [
            -46.1251194,
            -23.6624134
          ],
          [
            -46.1251107,
            -23.6613947
          ],
          [
            -46.125102,
            -23.660376
          ],
          [
            -46.126232,
            -23.659349
          ],
          [
            -46.1262232,
            -23.6583302
          ],
          [
            -46.1273532,
            -23.6573032
          ],
          [
            -46.1284919,
            -23.657295
          ],
          [
            -46.1296218,
            -23.6562679
          ],
          [
            -46.1307517,
            -23.6552409
          ],
          [
            -46.130743,
            -23.6542222
          ],
          [
            -46.1318729,
            -23.6531952
          ],
          [
            -46.1318641,
            -23.6521765
          ],
          [
            -46.1318553,
            -23.6511578
          ],
          [
            -46.1318466,
            -23.650139
          ],
          [
            -46.1318378,
            -23.6491203
          ],
          [
            -46.131829,
            -23.6481016
          ],
          [
            -46.1318203,
            -23.6470829
          ],
          [
            -46.1329501,
            -23.6460558
          ],
          [
            -46.1340799,
            -23.6450288
          ],
          [
            -46.1340711,
            -23.6440101
          ],
          [
            -46.1352009,
            -23.642983
          ],
          [
            -46.1363307,
            -23.641956
          ],
          [
            -46.1374604,
            -23.6409289
          ],
          [
            -46.1374516,
            -23.6399102
          ],
          [
            -46.1385813,
            -23.6388831
          ],
          [
            -46.1385725,
            -23.6378644
          ],
          [
            -46.1397022,
            -23.6368373
          ],
          [
            -46.1396934,
            -23.6358186
          ],
          [
            -46.140823,
            -23.6347915
          ],
          [
            -46.1408142,
            -23.6337728
          ],
          [
            -46.1419439,
            -23.6327457
          ],
          [
            -46.141935,
            -23.631727
          ],
          [
            -46.1430646,
            -23.6306999
          ],
          [
            -46.1441942,
            -23.6296728
          ],
          [
            -46.1453238,
            -23.6286457
          ],
          [
            -46.1464534,
            -23.6276186
          ],
          [
            -46.1464445,
            -23.6265998
          ],
          [
            -46.147574,
            -23.6255727
          ],
          [
            -46.1475652,
            -23.624554
          ],
          [
            -46.1486947,
            -23.6235269
          ],
          [
            -46.1486858,
            -23.6225082
          ],
          [
            -46.1498153,
            -23.621481
          ],
          [
            -46.1509447,
            -23.6204539
          ],
          [
            -46.1509358,
            -23.6194351
          ],
          [
            -46.1509269,
            -23.6184164
          ],
          [
            -46.1520564,
            -23.6173893
          ],
          [
            -46.1531858,
            -23.6163621
          ],
          [
            -46.1543152,
            -23.6153349
          ],
          [
            -46.1554535,
            -23.6153264
          ],
          [
            -46.1565829,
            -23.6142993
          ],
          [
            -46.1577122,
            -23.6132721
          ],
          [
            -46.1588415,
            -23.6122448
          ],
          [
            -46.1599709,
            -23.6112176
          ],
          [
            -46.1611001,
            -23.6101904
          ],
          [
            -46.1622384,
            -23.6101819
          ],
          [
            -46.1633677,
            -23.6091547
          ],
          [
            -46.1645059,
            -23.6091461
          ],
          [
            -46.1656442,
            -23.6091376
          ],
          [
            -46.1667734,
            -23.6081103
          ],
          [
            -46.1679117,
            -23.6081018
          ],
          [
            -46.1690409,
            -23.6070745
          ],
          [
            -46.1701701,
            -23.6060472
          ],
          [
            -46.1713083,
            -23.6060386
          ],
          [
            -46.1724375,
            -23.6050113
          ],
          [
            -46.1735757,
            -23.6050027
          ],
          [
            -46.1747139,
            -23.6049941
          ],
          [
            -46.1758612,
            -23.6060042
          ]
        ]
      },
      "properties": {
        "id": 1,
        "nome": "Mogi-Bertioga",
        "rodovia": "SP-098",
        "km_inicial": 62.9,
        "km_final": 98.1,
        "extensao_km_oficial": 35.2,
        "municipios": [
          "Mogi das Cruzes",
          "Biritiba-Mirim",
          "Bertioga"
        ],
        "k_geo": 1000,
        "cpc_breaks": [
          1,
          3,
          6,
          15
        ],
        "hid24h_breaks": [
          110,
          160,
          200,
          280
        ],
        "n_pontos_polyline": 198,
        "comprimento_extraido_km": 26.382,
        "fonte": "Figura 3.2.1-1 do PRODUTO 7 (Plano de Contingência), pg 18, raster vetorizado por segmentação de cor"
      }
    },
    {
      "type": "Feature",
      "geometry": {
        "type": "LineString",
        "coordinates": [
          [
            -45.5398689,
            -23.6930672
          ],
          [
            -45.5398647,
            -23.6920484
          ],
          [
            -45.5409997,
            -23.6910255
          ],
          [
            -45.5421346,
            -23.6900027
          ],
          [
            -45.5421304,
            -23.6889838
          ],
          [
            -45.5432653,
            -23.6879609
          ],
          [
            -45.5432611,
            -23.6869421
          ],
          [
            -45.544396,
            -23.6859192
          ],
          [
            -45.5443918,
            -23.6849004
          ],
          [
            -45.5455267,
            -23.6838775
          ],
          [
            -45.5455224,
            -23.6828586
          ],
          [
            -45.5455182,
            -23.6818397
          ],
          [
            -45.546653,
            -23.6808169
          ],
          [
            -45.5466488,
            -23.679798
          ],
          [
            -45.5466445,
            -23.6787791
          ],
          [
            -45.5466403,
            -23.6777603
          ],
          [
            -45.5466361,
            -23.6767414
          ],
          [
            -45.5466318,
            -23.6757225
          ],
          [
            -45.5466276,
            -23.6747037
          ],
          [
            -45.5454843,
            -23.6736888
          ],
          [
            -45.5454801,
            -23.6726699
          ],
          [
            -45.5443369,
            -23.6716551
          ],
          [
            -45.5443327,
            -23.6706362
          ],
          [
            -45.5443285,
            -23.6696173
          ],
          [
            -45.5443243,
            -23.6685985
          ],
          [
            -45.54432,
            -23.6675796
          ],
          [
            -45.5443158,
            -23.6665607
          ],
          [
            -45.5443116,
            -23.6655419
          ],
          [
            -45.5443074,
            -23.664523
          ],
          [
            -45.5443032,
            -23.6635041
          ],
          [
            -45.5442989,
            -23.6624853
          ],
          [
            -45.5431558,
            -23.6614704
          ],
          [
            -45.5431516,
            -23.6604515
          ],
          [
            -45.5431474,
            -23.6594327
          ],
          [
            -45.5431432,
            -23.6584138
          ],
          [
            -45.543139,
            -23.6573949
          ],
          [
            -45.541996,
            -23.65638
          ],
          [
            -45.5419918,
            -23.6553612
          ],
          [
            -45.5419876,
            -23.6543423
          ],
          [
            -45.5408445,
            -23.6533274
          ],
          [
            -45.5408403,
            -23.6523085
          ],
          [
            -45.5408362,
            -23.6512897
          ],
          [
            -45.540832,
            -23.6502708
          ],
          [
            -45.5408278,
            -23.6492519
          ],
          [
            -45.5408236,
            -23.648233
          ],
          [
            -45.5408194,
            -23.6472142
          ],
          [
            -45.5408152,
            -23.6461953
          ],
          [
            -45.540811,
            -23.6451764
          ],
          [
            -45.5396681,
            -23.6441615
          ],
          [
            -45.5396639,
            -23.6431426
          ],
          [
            -45.5396597,
            -23.6421238
          ],
          [
            -45.5396556,
            -23.6411049
          ],
          [
            -45.5396514,
            -23.640086
          ],
          [
            -45.5385085,
            -23.6390711
          ],
          [
            -45.5385044,
            -23.6380522
          ],
          [
            -45.5373615,
            -23.6370373
          ],
          [
            -45.5373573,
            -23.6360184
          ],
          [
            -45.5373532,
            -23.6349996
          ],
          [
            -45.537349,
            -23.6339807
          ],
          [
            -45.5373449,
            -23.6329618
          ],
          [
            -45.5362021,
            -23.6319469
          ],
          [
            -45.5361979,
            -23.630928
          ],
          [
            -45.5350552,
            -23.6299131
          ],
          [
            -45.535051,
            -23.6288942
          ],
          [
            -45.5350469,
            -23.6278753
          ],
          [
            -45.5339042,
            -23.6268604
          ],
          [
            -45.5339,
            -23.6258415
          ],
          [
            -45.5327573,
            -23.6248265
          ],
          [
            -45.5316146,
            -23.6238116
          ],
          [
            -45.5316105,
            -23.6227927
          ],
          [
            -45.5304679,
            -23.6217777
          ],
          [
            -45.5293293,
            -23.6217816
          ],
          [
            -45.5281908,
            -23.6217855
          ],
          [
            -45.5270481,
            -23.6207705
          ],
          [
            -45.5259096,
            -23.6207743
          ],
          [
            -45.524767,
            -23.6197593
          ],
          [
            -45.5236285,
            -23.6197631
          ],
          [
            -45.5224859,
            -23.6187481
          ],
          [
            -45.5213474,
            -23.6187519
          ],
          [
            -45.5202048,
            -23.6177369
          ],
          [
            -45.5190663,
            -23.6177407
          ],
          [
            -45.5179238,
            -23.6167256
          ],
          [
            -45.5167853,
            -23.6167294
          ],
          [
            -45.5156428,
            -23.6157143
          ],
          [
            -45.5145043,
            -23.6157181
          ],
          [
            -45.5133658,
            -23.6157219
          ],
          [
            -45.5122273,
            -23.6157256
          ],
          [
            -45.5110888,
            -23.6157294
          ],
          [
            -45.5099503,
            -23.6157331
          ],
          [
            -45.5088118,
            -23.6157369
          ],
          [
            -45.5076693,
            -23.6147217
          ],
          [
            -45.5065308,
            -23.6147254
          ],
          [
            -45.5053924,
            -23.6147291
          ],
          [
            -45.5042539,
            -23.6147328
          ],
          [
            -45.5031115,
            -23.6137176
          ],
          [
            -45.501973,
            -23.6137213
          ],
          [
            -45.5008345,
            -23.613725
          ],
          [
            -45.499696,
            -23.6137287
          ],
          [
            -45.4985575,
            -23.6137323
          ],
          [
            -45.4974152,
            -23.6127171
          ],
          [
            -45.4962767,
            -23.6127208
          ],
          [
            -45.4951344,
            -23.6117055
          ],
          [
            -45.4939921,
            -23.6106902
          ],
          [
            -45.4928537,
            -23.6106939
          ],
          [
            -45.4917114,
            -23.6096786
          ],
          [
            -45.490573,
            -23.6096822
          ],
          [
            -45.4894345,
            -23.6096858
          ],
          [
            -45.4882923,
            -23.6086705
          ],
          [
            -45.4871501,
            -23.6076552
          ],
          [
            -45.4860079,
            -23.6066399
          ],
          [
            -45.4848657,
            -23.6056245
          ],
          [
            -45.484862,
            -23.6046056
          ],
          [
            -45.4837198,
            -23.6035903
          ],
          [
            -45.4837161,
            -23.6025714
          ],
          [
            -45.482574,
            -23.6015561
          ],
          [
            -45.4814319,
            -23.6005407
          ],
          [
            -45.4802935,
            -23.6005443
          ],
          [
            -45.4791514,
            -23.5995289
          ],
          [
            -45.478013,
            -23.5995324
          ],
          [
            -45.4768747,
            -23.5995359
          ],
          [
            -45.4757363,
            -23.5995394
          ],
          [
            -45.4745979,
            -23.5995429
          ],
          [
            -45.4734632,
            -23.6005652
          ],
          [
            -45.4723249,
            -23.6005687
          ],
          [
            -45.4711901,
            -23.601591
          ],
          [
            -45.4700554,
            -23.6026134
          ],
          [
            -45.468917,
            -23.6026168
          ],
          [
            -45.4677786,
            -23.6026203
          ],
          [
            -45.4666402,
            -23.6026237
          ],
          [
            -45.4655018,
            -23.6026271
          ],
          [
            -45.4643598,
            -23.6016116
          ],
          [
            -45.4632214,
            -23.601615
          ],
          [
            -45.4620795,
            -23.6005995
          ],
          [
            -45.4620759,
            -23.5995806
          ],
          [
            -45.460934,
            -23.5985651
          ],
          [
            -45.4609304,
            -23.5975462
          ],
          [
            -45.4597885,
            -23.5965307
          ],
          [
            -45.4586466,
            -23.5955152
          ],
          [
            -45.4575047,
            -23.5944997
          ],
          [
            -45.4575012,
            -23.5934808
          ],
          [
            -45.4563594,
            -23.5924652
          ],
          [
            -45.4552175,
            -23.5914497
          ],
          [
            -45.4540757,
            -23.5904341
          ],
          [
            -45.4529374,
            -23.5904374
          ],
          [
            -45.4517957,
            -23.5894219
          ],
          [
            -45.4506539,
            -23.5884063
          ],
          [
            -45.4495121,
            -23.5873907
          ],
          [
            -45.4483704,
            -23.5863751
          ],
          [
            -45.4472287,
            -23.5853594
          ],
          [
            -45.446087,
            -23.5843438
          ],
          [
            -45.4449453,
            -23.5833282
          ],
          [
            -45.4438071,
            -23.5833315
          ],
          [
            -45.4426655,
            -23.5823158
          ],
          [
            -45.4415238,
            -23.5813001
          ],
          [
            -45.4403856,
            -23.5813034
          ],
          [
            -45.439244,
            -23.5802877
          ],
          [
            -45.4381024,
            -23.579272
          ],
          [
            -45.4369642,
            -23.5792752
          ],
          [
            -45.4358227,
            -23.5782595
          ],
          [
            -45.4346845,
            -23.5782627
          ],
          [
            -45.4335429,
            -23.577247
          ],
          [
            -45.4324047,
            -23.5772502
          ],
          [
            -45.4312632,
            -23.5762344
          ],
          [
            -45.4301251,
            -23.5762376
          ],
          [
            -45.4289869,
            -23.5762407
          ],
          [
            -45.4278487,
            -23.5762439
          ],
          [
            -45.4267105,
            -23.576247
          ],
          [
            -45.4255724,
            -23.5762501
          ],
          [
            -45.4244309,
            -23.5752343
          ],
          [
            -45.4232928,
            -23.5752374
          ],
          [
            -45.4221546,
            -23.5752405
          ],
          [
            -45.4210164,
            -23.5752436
          ],
          [
            -45.4198783,
            -23.5752467
          ],
          [
            -45.4187401,
            -23.5752498
          ],
          [
            -45.4176019,
            -23.5752528
          ],
          [
            -45.4164638,
            -23.5752559
          ],
          [
            -45.4153256,
            -23.5752589
          ],
          [
            -45.4141842,
            -23.5742431
          ],
          [
            -45.4130461,
            -23.5742461
          ],
          [
            -45.4119079,
            -23.5742491
          ],
          [
            -45.4107666,
            -23.5732332
          ],
          [
            -45.4096284,
            -23.5732362
          ],
          [
            -45.4084871,
            -23.5722203
          ],
          [
            -45.407349,
            -23.5722233
          ],
          [
            -45.4062108,
            -23.5722263
          ],
          [
            -45.4050727,
            -23.5722293
          ],
          [
            -45.4039346,
            -23.5722322
          ],
          [
            -45.4027964,
            -23.5722352
          ],
          [
            -45.4016583,
            -23.5722381
          ],
          [
            -45.4005201,
            -23.5722411
          ],
          [
            -45.3993789,
            -23.5712251
          ],
          [
            -45.3982408,
            -23.571228
          ],
          [
            -45.3971026,
            -23.5712309
          ],
          [
            -45.3959614,
            -23.5702149
          ],
          [
            -45.3948233,
            -23.5702178
          ],
          [
            -45.3936852,
            -23.5702207
          ],
          [
            -45.3925471,
            -23.5702236
          ],
          [
            -45.3914089,
            -23.5702264
          ],
          [
            -45.3902708,
            -23.5702293
          ],
          [
            -45.3891297,
            -23.5692133
          ],
          [
            -45.3879886,
            -23.5681972
          ],
          [
            -45.3868505,
            -23.5682
          ],
          [
            -45.3857094,
            -23.567184
          ],
          [
            -45.3845683,
            -23.5661679
          ],
          [
            -45.3834302,
            -23.5661707
          ],
          [
            -45.3822892,
            -23.5651546
          ],
          [
            -45.3811482,
            -23.5641385
          ],
          [
            -45.3811452,
            -23.5631196
          ],
          [
            -45.3800042,
            -23.5621034
          ],
          [
            -45.3800013,
            -23.5610845
          ],
          [
            -45.3788603,
            -23.5600684
          ],
          [
            -45.3788574,
            -23.5590495
          ],
          [
            -45.3777164,
            -23.5580334
          ],
          [
            -45.3765755,
            -23.5570172
          ],
          [
            -45.3754375,
            -23.55702
          ],
          [
            -45.3742966,
            -23.5560038
          ],
          [
            -45.3731586,
            -23.5560065
          ],
          [
            -45.3720206,
            -23.5560093
          ],
          [
            -45.3708826,
            -23.556012
          ],
          [
            -45.3697417,
            -23.5549958
          ],
          [
            -45.3686037,
            -23.5549985
          ],
          [
            -45.3674629,
            -23.5539823
          ],
          [
            -45.3663249,
            -23.553985
          ],
          [
            -45.3651869,
            -23.5539876
          ],
          [
            -45.3640461,
            -23.5529714
          ],
          [
            -45.3640433,
            -23.5519525
          ],
          [
            -45.3629025,
            -23.5509362
          ],
          [
            -45.3628997,
            -23.5499173
          ],
          [
            -45.361759,
            -23.5489011
          ],
          [
            -45.3617562,
            -23.5478822
          ],
          [
            -45.3606155,
            -23.5468659
          ],
          [
            -45.3606127,
            -23.545847
          ],
          [
            -45.359472,
            -23.5448307
          ],
          [
            -45.3594693,
            -23.5438118
          ],
          [
            -45.3594665,
            -23.5427929
          ],
          [
            -45.3583258,
            -23.5417766
          ],
          [
            -45.3571852,
            -23.5407603
          ],
          [
            -45.3560446,
            -23.539744
          ],
          [
            -45.3549067,
            -23.5397466
          ],
          [
            -45.3537661,
            -23.5387303
          ],
          [
            -45.3526282,
            -23.5387329
          ],
          [
            -45.3514904,
            -23.5387354
          ],
          [
            -45.3503525,
            -23.538738
          ],
          [
            -45.349212,
            -23.5377216
          ],
          [
            -45.3480714,
            -23.5367053
          ],
          [
            -45.3469309,
            -23.5356889
          ],
          [
            -45.3457931,
            -23.5356914
          ],
          [
            -45.3446526,
            -23.5346751
          ],
          [
            -45.3435148,
            -23.5346776
          ],
          [
            -45.3423743,
            -23.5336612
          ],
          [
            -45.3412365,
            -23.5336637
          ],
          [
            -45.3400961,
            -23.5326472
          ],
          [
            -45.3389582,
            -23.5326497
          ],
          [
            -45.3378178,
            -23.5316333
          ],
          [
            -45.33668,
            -23.5316357
          ],
          [
            -45.3355396,
            -23.5306193
          ],
          [
            -45.3344018,
            -23.5306217
          ],
          [
            -45.3332615,
            -23.5296053
          ],
          [
            -45.3321211,
            -23.5285888
          ],
          [
            -45.3309834,
            -23.5285912
          ],
          [
            -45.3298431,
            -23.5275747
          ],
          [
            -45.3287053,
            -23.5275771
          ],
          [
            -45.327565,
            -23.5265606
          ],
          [
            -45.3275625,
            -23.5255417
          ],
          [
            -45.3264222,
            -23.5245251
          ],
          [
            -45.3264197,
            -23.5235062
          ],
          [
            -45.3264172,
            -23.5224873
          ],
          [
            -45.325277,
            -23.5214708
          ],
          [
            -45.3241367,
            -23.5204542
          ],
          [
            -45.3241343,
            -23.5194353
          ],
          [
            -45.3229941,
            -23.5184188
          ],
          [
            -45.3218539,
            -23.5174022
          ],
          [
            -45.3218514,
            -23.5163833
          ],
          [
            -45.3207113,
            -23.5153667
          ],
          [
            -45.3195712,
            -23.5143501
          ],
          [
            -45.3184311,
            -23.5133335
          ],
          [
            -45.317291,
            -23.5123169
          ],
          [
            -45.3161533,
            -23.5123193
          ],
          [
            -45.3150133,
            -23.5113026
          ],
          [
            -45.3138732,
            -23.510286
          ],
          [
            -45.3127332,
            -23.5092694
          ],
          [
            -45.3115932,
            -23.5082527
          ],
          [
            -45.3104556,
            -23.508255
          ],
          [
            -45.309318,
            -23.5082573
          ],
          [
            -45.3081804,
            -23.5082595
          ],
          [
            -45.3070428,
            -23.5082618
          ],
          [
            -45.3059052,
            -23.508264
          ],
          [
            -45.3047676,
            -23.5082663
          ],
          [
            -45.30363,
            -23.5082685
          ],
          [
            -45.3024924,
            -23.5082707
          ],
          [
            -45.3013548,
            -23.5082729
          ],
          [
            -45.3002171,
            -23.5082751
          ],
          [
            -45.2990795,
            -23.5082773
          ],
          [
            -45.2979419,
            -23.5082795
          ],
          [
            -45.2968043,
            -23.5082816
          ],
          [
            -45.2956667,
            -23.5082838
          ],
          [
            -45.2945291,
            -23.508286
          ],
          [
            -45.2933915,
            -23.5082881
          ],
          [
            -45.2922539,
            -23.5082902
          ],
          [
            -45.2911185,
            -23.5093113
          ],
          [
            -45.2899809,
            -23.5093134
          ],
          [
            -45.2888455,
            -23.5103344
          ],
          [
            -45.2877079,
            -23.5103366
          ],
          [
            -45.2865725,
            -23.5113576
          ],
          [
            -45.2854349,
            -23.5113597
          ],
          [
            -45.2842972,
            -23.5113617
          ],
          [
            -45.2831618,
            -23.5123827
          ],
          [
            -45.2820241,
            -23.5123848
          ],
          [
            -45.2808865,
            -23.5123869
          ],
          [
            -45.279751,
            -23.5134078
          ],
          [
            -45.2786155,
            -23.5144288
          ],
          [
            -45.2774778,
            -23.5144308
          ],
          [
            -45.2763423,
            -23.5154518
          ],
          [
            -45.2752046,
            -23.5154538
          ],
          [
            -45.2740691,
            -23.5164747
          ],
          [
            -45.2729314,
            -23.5164767
          ],
          [
            -45.2717937,
            -23.5164787
          ],
          [
            -45.270656,
            -23.5164807
          ],
          [
            -45.2695184,
            -23.5164827
          ],
          [
            -45.2683807,
            -23.5164846
          ],
          [
            -45.2672409,
            -23.5154677
          ],
          [
            -45.2661033,
            -23.5154696
          ],
          [
            -45.2649636,
            -23.5144526
          ],
          [
            -45.2638259,
            -23.5144545
          ],
          [
            -45.2626862,
            -23.5134375
          ],
          [
            -45.2615486,
            -23.5134395
          ],
          [
            -45.2604089,
            -23.5124224
          ],
          [
            -45.2592713,
            -23.5124243
          ],
          [
            -45.2581316,
            -23.5114073
          ],
          [
            -45.256992,
            -23.5103903
          ],
          [
            -45.2558524,
            -23.5093732
          ],
          [
            -45.2547128,
            -23.5083562
          ],
          [
            -45.2535733,
            -23.5073391
          ],
          [
            -45.2524337,
            -23.506322
          ],
          [
            -45.2512961,
            -23.5063238
          ],
          [
            -45.2501586,
            -23.5063257
          ],
          [
            -45.249021,
            -23.5063275
          ],
          [
            -45.2478834,
            -23.5063293
          ],
          [
            -45.2467458,
            -23.5063311
          ],
          [
            -45.2456082,
            -23.5063329
          ],
          [
            -45.2444725,
            -23.5073536
          ],
          [
            -45.2433349,
            -23.5073554
          ],
          [
            -45.2421973,
            -23.5073572
          ],
          [
            -45.2410597,
            -23.507359
          ],
          [
            -45.2399221,
            -23.5073607
          ],
          [
            -45.2387845,
            -23.5073625
          ],
          [
            -45.2376487,
            -23.5083831
          ],
          [
            -45.2365111,
            -23.5083849
          ],
          [
            -45.2353735,
            -23.5083866
          ],
          [
            -45.2342358,
            -23.5083883
          ],
          [
            -45.2330982,
            -23.50839
          ],
          [
            -45.2319606,
            -23.5083917
          ],
          [
            -45.230823,
            -23.5083934
          ],
          [
            -45.2296836,
            -23.5073761
          ],
          [
            -45.228546,
            -23.5073778
          ],
          [
            -45.2274067,
            -23.5063606
          ],
          [
            -45.2274049,
            -23.5053416
          ],
          [
            -45.2274032,
            -23.5043227
          ],
          [
            -45.2262639,
            -23.5033054
          ],
          [
            -45.2262621,
            -23.5022865
          ],
          [
            -45.2251228,
            -23.5012692
          ],
          [
            -45.2251211,
            -23.5002503
          ],
          [
            -45.2239818,
            -23.499233
          ],
          [
            -45.2239801,
            -23.4982141
          ],
          [
            -45.2228409,
            -23.4971968
          ],
          [
            -45.2228392,
            -23.4961778
          ],
          [
            -45.2216999,
            -23.4951605
          ],
          [
            -45.2205607,
            -23.4941432
          ],
          [
            -45.2205591,
            -23.4931243
          ],
          [
            -45.2205574,
            -23.4921054
          ],
          [
            -45.2194182,
            -23.491088
          ],
          [
            -45.2182791,
            -23.4900707
          ],
          [
            -45.2171399,
            -23.4890534
          ],
          [
            -45.2171383,
            -23.4880344
          ],
          [
            -45.2159992,
            -23.4870171
          ],
          [
            -45.2159975,
            -23.4859981
          ]
        ]
      },
      "properties": {
        "id": 2,
        "nome": "Caraguatatuba-Ubatuba",
        "rodovia": "SP-055",
        "km_inicial": 53.6,
        "km_final": 112.55,
        "extensao_km_oficial": 58.95,
        "municipios": [
          "Ubatuba",
          "Caraguatatuba"
        ],
        "k_geo": 400,
        "cpc_breaks": [
          1,
          6,
          12,
          24
        ],
        "hid24h_breaks": [
          70,
          80,
          120,
          143
        ],
        "n_pontos_polyline": 376,
        "comprimento_extraido_km": 50.2,
        "fonte": "Figura 3.2.1-1 do PRODUTO 7 (Plano de Contingência), pg 18, raster vetorizado por segmentação de cor"
      }
    },
    {
      "type": "Feature",
      "geometry": {
        "type": "LineString",
        "coordinates": [
          [
            -45.8921266,
            -23.7311724
          ],
          [
            -45.8909872,
            -23.731179
          ],
          [
            -45.8898478,
            -23.7311855
          ],
          [
            -45.8887084,
            -23.7311921
          ],
          [
            -45.887569,
            -23.7311986
          ],
          [
            -45.8864296,
            -23.7312052
          ],
          [
            -45.8852902,
            -23.7312117
          ],
          [
            -45.8841507,
            -23.7312182
          ],
          [
            -45.8830113,
            -23.7312247
          ],
          [
            -45.8818719,
            -23.7312312
          ],
          [
            -45.8807325,
            -23.7312377
          ],
          [
            -45.8795931,
            -23.7312442
          ],
          [
            -45.8784537,
            -23.7312507
          ],
          [
            -45.8773143,
            -23.7312572
          ],
          [
            -45.8761749,
            -23.7312636
          ],
          [
            -45.8750354,
            -23.7312701
          ],
          [
            -45.873896,
            -23.7312765
          ],
          [
            -45.8727566,
            -23.7312829
          ],
          [
            -45.8716172,
            -23.7312894
          ],
          [
            -45.8704778,
            -23.7312958
          ],
          [
            -45.8693384,
            -23.7313022
          ],
          [
            -45.868199,
            -23.7313086
          ],
          [
            -45.8670663,
            -23.7323338
          ],
          [
            -45.8659268,
            -23.7323402
          ],
          [
            -45.8647874,
            -23.7323465
          ],
          [
            -45.8636413,
            -23.7313341
          ],
          [
            -45.8625019,
            -23.7313405
          ],
          [
            -45.8613624,
            -23.7313468
          ],
          [
            -45.8602163,
            -23.7303344
          ],
          [
            -45.8590703,
            -23.7293219
          ],
          [
            -45.8579242,
            -23.7283095
          ],
          [
            -45.8567848,
            -23.7283158
          ],
          [
            -45.8556387,
            -23.7273033
          ],
          [
            -45.8544994,
            -23.7273096
          ],
          [
            -45.85336,
            -23.7273159
          ],
          [
            -45.8522206,
            -23.7273222
          ],
          [
            -45.8510812,
            -23.7273284
          ],
          [
            -45.8499484,
            -23.7283535
          ],
          [
            -45.848809,
            -23.7283598
          ],
          [
            -45.8476696,
            -23.728366
          ],
          [
            -45.8465302,
            -23.7283722
          ],
          [
            -45.8453908,
            -23.7283785
          ],
          [
            -45.844258,
            -23.7294035
          ],
          [
            -45.8431186,
            -23.7294097
          ],
          [
            -45.8419792,
            -23.7294159
          ],
          [
            -45.8408398,
            -23.7294221
          ],
          [
            -45.8397004,
            -23.7294283
          ],
          [
            -45.838561,
            -23.7294345
          ],
          [
            -45.8374281,
            -23.7304595
          ],
          [
            -45.8362886,
            -23.7304656
          ],
          [
            -45.8351492,
            -23.7304718
          ],
          [
            -45.8340098,
            -23.7304779
          ],
          [
            -45.8328704,
            -23.7304841
          ],
          [
            -45.831731,
            -23.7304902
          ],
          [
            -45.8305915,
            -23.7304963
          ],
          [
            -45.8294521,
            -23.7305025
          ],
          [
            -45.8283127,
            -23.7305086
          ],
          [
            -45.8271733,
            -23.7305147
          ],
          [
            -45.8260274,
            -23.729502
          ],
          [
            -45.824888,
            -23.729508
          ],
          [
            -45.8237486,
            -23.7295141
          ],
          [
            -45.8226092,
            -23.7295202
          ],
          [
            -45.8214698,
            -23.7295262
          ],
          [
            -45.8203304,
            -23.7295323
          ],
          [
            -45.8191846,
            -23.7285195
          ],
          [
            -45.8180452,
            -23.7285256
          ],
          [
            -45.8169058,
            -23.7285316
          ],
          [
            -45.81576,
            -23.7275188
          ],
          [
            -45.8146206,
            -23.7275248
          ],
          [
            -45.8134812,
            -23.7275308
          ],
          [
            -45.8123355,
            -23.726518
          ],
          [
            -45.8111961,
            -23.726524
          ],
          [
            -45.8100504,
            -23.7255111
          ],
          [
            -45.808911,
            -23.7255171
          ],
          [
            -45.8077654,
            -23.7245042
          ],
          [
            -45.806626,
            -23.7245102
          ],
          [
            -45.8054804,
            -23.7234973
          ],
          [
            -45.8043348,
            -23.7224844
          ],
          [
            -45.8031954,
            -23.7224904
          ],
          [
            -45.802056,
            -23.7224963
          ],
          [
            -45.8009167,
            -23.7225022
          ],
          [
            -45.7997773,
            -23.7225081
          ],
          [
            -45.7986442,
            -23.7235328
          ],
          [
            -45.797511,
            -23.7245574
          ],
          [
            -45.7975172,
            -23.7255763
          ],
          [
            -45.796384,
            -23.7266009
          ],
          [
            -45.7963902,
            -23.7276197
          ],
          [
            -45.795257,
            -23.7286444
          ],
          [
            -45.7952631,
            -23.7296632
          ],
          [
            -45.7952693,
            -23.730682
          ],
          [
            -45.7941361,
            -23.7317067
          ],
          [
            -45.7941422,
            -23.7327255
          ],
          [
            -45.7930089,
            -23.7337502
          ],
          [
            -45.7930151,
            -23.734769
          ],
          [
            -45.7918818,
            -23.7357936
          ],
          [
            -45.7907485,
            -23.7368183
          ],
          [
            -45.7907546,
            -23.7378371
          ],
          [
            -45.7907608,
            -23.7388559
          ],
          [
            -45.7907669,
            -23.7398747
          ],
          [
            -45.7907731,
            -23.7408935
          ],
          [
            -45.7907792,
            -23.7419123
          ],
          [
            -45.7907854,
            -23.7429311
          ],
          [
            -45.789652,
            -23.7439557
          ],
          [
            -45.7885124,
            -23.7439615
          ],
          [
            -45.787379,
            -23.7449862
          ],
          [
            -45.7862394,
            -23.744992
          ],
          [
            -45.7850938,
            -23.7439789
          ],
          [
            -45.7839542,
            -23.7439847
          ],
          [
            -45.7828147,
            -23.7439905
          ],
          [
            -45.7816751,
            -23.7439963
          ],
          [
            -45.7805356,
            -23.744002
          ],
          [
            -45.779396,
            -23.7440078
          ],
          [
            -45.7782565,
            -23.7440135
          ],
          [
            -45.7771169,
            -23.7440193
          ],
          [
            -45.7759834,
            -23.7450438
          ],
          [
            -45.7748438,
            -23.7450495
          ],
          [
            -45.7736982,
            -23.7440364
          ],
          [
            -45.7725587,
            -23.7440421
          ],
          [
            -45.7714131,
            -23.743029
          ],
          [
            -45.7702736,
            -23.7430347
          ],
          [
            -45.769134,
            -23.7430403
          ],
          [
            -45.7679945,
            -23.743046
          ],
          [
            -45.766855,
            -23.7430517
          ],
          [
            -45.7657154,
            -23.7430573
          ],
          [
            -45.7645759,
            -23.743063
          ],
          [
            -45.7634363,
            -23.7430686
          ],
          [
            -45.7623027,
            -23.744093
          ],
          [
            -45.7611572,
            -23.7430798
          ],
          [
            -45.7600177,
            -23.7430854
          ],
          [
            -45.7588781,
            -23.743091
          ],
          [
            -45.7577327,
            -23.7420778
          ],
          [
            -45.7565872,
            -23.7410646
          ],
          [
            -45.7554418,
            -23.7400513
          ],
          [
            -45.755436,
            -23.7390325
          ],
          [
            -45.7554301,
            -23.7380137
          ],
          [
            -45.7542847,
            -23.7370004
          ],
          [
            -45.7531394,
            -23.7359872
          ],
          [
            -45.751994,
            -23.7349739
          ],
          [
            -45.7508545,
            -23.7349795
          ],
          [
            -45.7497151,
            -23.734985
          ],
          [
            -45.7485756,
            -23.7349905
          ],
          [
            -45.7474361,
            -23.734996
          ],
          [
            -45.7462966,
            -23.7350015
          ],
          [
            -45.7451571,
            -23.735007
          ],
          [
            -45.7440176,
            -23.7350125
          ],
          [
            -45.7428839,
            -23.7360368
          ],
          [
            -45.7417444,
            -23.7360423
          ],
          [
            -45.7406049,
            -23.7360477
          ],
          [
            -45.7394712,
            -23.737072
          ],
          [
            -45.7383317,
            -23.7370775
          ],
          [
            -45.7371922,
            -23.7370829
          ],
          [
            -45.7360584,
            -23.7381071
          ],
          [
            -45.7349189,
            -23.7381126
          ],
          [
            -45.7337794,
            -23.738118
          ],
          [
            -45.7326456,
            -23.7391422
          ],
          [
            -45.7315117,
            -23.7401664
          ],
          [
            -45.7303779,
            -23.7411906
          ],
          [
            -45.7292383,
            -23.741196
          ],
          [
            -45.7281045,
            -23.7422202
          ],
          [
            -45.7269649,
            -23.7422256
          ],
          [
            -45.7258254,
            -23.7422309
          ],
          [
            -45.7246915,
            -23.7432551
          ],
          [
            -45.7235519,
            -23.7432604
          ],
          [
            -45.722418,
            -23.7442846
          ],
          [
            -45.721284,
            -23.7453087
          ],
          [
            -45.7212896,
            -23.7463275
          ],
          [
            -45.7212952,
            -23.7473464
          ],
          [
            -45.7213008,
            -23.7483652
          ],
          [
            -45.7213064,
            -23.749384
          ],
          [
            -45.7201724,
            -23.7504082
          ],
          [
            -45.720178,
            -23.751427
          ],
          [
            -45.7201836,
            -23.7524458
          ],
          [
            -45.7190496,
            -23.7534699
          ],
          [
            -45.7179155,
            -23.7544941
          ],
          [
            -45.7167759,
            -23.7544993
          ],
          [
            -45.7156362,
            -23.7545046
          ],
          [
            -45.7144965,
            -23.7545099
          ],
          [
            -45.7133624,
            -23.755534
          ],
          [
            -45.7122228,
            -23.7555392
          ],
          [
            -45.7110831,
            -23.7555445
          ],
          [
            -45.7099434,
            -23.7555497
          ],
          [
            -45.7088093,
            -23.7565738
          ],
          [
            -45.7076696,
            -23.756579
          ],
          [
            -45.7065299,
            -23.7565842
          ],
          [
            -45.7053902,
            -23.7565894
          ],
          [
            -45.7042505,
            -23.7565946
          ],
          [
            -45.7031109,
            -23.7565998
          ],
          [
            -45.7019657,
            -23.7555862
          ],
          [
            -45.700826,
            -23.7555914
          ],
          [
            -45.6996864,
            -23.7555965
          ],
          [
            -45.6985467,
            -23.7556017
          ],
          [
            -45.697407,
            -23.7556068
          ],
          [
            -45.6962619,
            -23.7545931
          ],
          [
            -45.6951223,
            -23.7545983
          ],
          [
            -45.6939826,
            -23.7546034
          ],
          [
            -45.6928429,
            -23.7546085
          ],
          [
            -45.6917033,
            -23.7546136
          ],
          [
            -45.6905636,
            -23.7546187
          ],
          [
            -45.6894239,
            -23.7546238
          ],
          [
            -45.6882843,
            -23.7546289
          ],
          [
            -45.6871446,
            -23.754634
          ],
          [
            -45.6860049,
            -23.754639
          ],
          [
            -45.6848653,
            -23.7546441
          ],
          [
            -45.6837309,
            -23.7556679
          ],
          [
            -45.6825912,
            -23.755673
          ],
          [
            -45.6814569,
            -23.7566968
          ],
          [
            -45.6803172,
            -23.7567019
          ],
          [
            -45.6791828,
            -23.7577257
          ],
          [
            -45.6780483,
            -23.7587496
          ],
          [
            -45.6769139,
            -23.7597734
          ],
          [
            -45.6757795,
            -23.7607972
          ],
          [
            -45.6746397,
            -23.7608022
          ],
          [
            -45.6735,
            -23.7608072
          ],
          [
            -45.6723655,
            -23.761831
          ],
          [
            -45.6712258,
            -23.7618359
          ],
          [
            -45.670086,
            -23.7618409
          ],
          [
            -45.6689463,
            -23.7618458
          ],
          [
            -45.6678066,
            -23.7618507
          ],
          [
            -45.6666668,
            -23.7618556
          ],
          [
            -45.6655271,
            -23.7618606
          ],
          [
            -45.6643874,
            -23.7618655
          ],
          [
            -45.6632476,
            -23.7618704
          ],
          [
            -45.6621027,
            -23.7608564
          ],
          [
            -45.660963,
            -23.7608613
          ],
          [
            -45.6598233,
            -23.7608662
          ],
          [
            -45.6586835,
            -23.760871
          ],
          [
            -45.6575438,
            -23.7608759
          ],
          [
            -45.6564041,
            -23.7608807
          ],
          [
            -45.6552644,
            -23.7608856
          ],
          [
            -45.6541246,
            -23.7608904
          ],
          [
            -45.65299,
            -23.7619141
          ],
          [
            -45.6518502,
            -23.7619189
          ],
          [
            -45.6507105,
            -23.7619237
          ],
          [
            -45.6495708,
            -23.7619285
          ],
          [
            -45.6484361,
            -23.7629521
          ],
          [
            -45.6472963,
            -23.7629569
          ],
          [
            -45.6461566,
            -23.7629617
          ],
          [
            -45.6450218,
            -23.7639853
          ],
          [
            -45.6438821,
            -23.76399
          ],
          [
            -45.6427473,
            -23.7650136
          ],
          [
            -45.6416125,
            -23.7660372
          ],
          [
            -45.6404728,
            -23.7660419
          ],
          [
            -45.639338,
            -23.7670655
          ],
          [
            -45.6382031,
            -23.768089
          ],
          [
            -45.6370683,
            -23.7691126
          ],
          [
            -45.6370733,
            -23.7701314
          ],
          [
            -45.6370782,
            -23.7711502
          ],
          [
            -45.6359434,
            -23.7721738
          ],
          [
            -45.6359483,
            -23.7731926
          ],
          [
            -45.6348134,
            -23.7742161
          ],
          [
            -45.6348184,
            -23.775235
          ],
          [
            -45.6336834,
            -23.7762585
          ],
          [
            -45.6325485,
            -23.777282
          ],
          [
            -45.6325534,
            -23.7783008
          ],
          [
            -45.6314185,
            -23.7793243
          ],
          [
            -45.6302835,
            -23.7803478
          ],
          [
            -45.6291436,
            -23.7803525
          ],
          [
            -45.6280086,
            -23.781376
          ],
          [
            -45.6268686,
            -23.7813806
          ],
          [
            -45.6257287,
            -23.7813852
          ],
          [
            -45.6245937,
            -23.7824087
          ],
          [
            -45.6234586,
            -23.7834321
          ],
          [
            -45.6223235,
            -23.7844556
          ],
          [
            -45.6223284,
            -23.7854744
          ],
          [
            -45.6223332,
            -23.7864932
          ],
          [
            -45.6223381,
            -23.7875121
          ],
          [
            -45.6223429,
            -23.7885309
          ],
          [
            -45.6223478,
            -23.7895497
          ],
          [
            -45.6212126,
            -23.7905732
          ],
          [
            -45.6200775,
            -23.7915966
          ],
          [
            -45.6189375,
            -23.7916012
          ],
          [
            -45.6178023,
            -23.7926246
          ],
          [
            -45.6166623,
            -23.7926291
          ],
          [
            -45.6155222,
            -23.7926337
          ],
          [
            -45.614387,
            -23.7936571
          ],
          [
            -45.6132518,
            -23.7946804
          ],
          [
            -45.6121117,
            -23.794685
          ],
          [
            -45.6109765,
            -23.7957083
          ],
          [
            -45.6098364,
            -23.7957128
          ],
          [
            -45.6086964,
            -23.7957173
          ],
          [
            -45.6075516,
            -23.794703
          ],
          [
            -45.6064116,
            -23.7947075
          ],
          [
            -45.6052715,
            -23.794712
          ],
          [
            -45.6041315,
            -23.7947164
          ],
          [
            -45.6029915,
            -23.7947209
          ],
          [
            -45.6018561,
            -23.7957442
          ],
          [
            -45.6007161,
            -23.7957486
          ],
          [
            -45.599576,
            -23.795753
          ],
          [
            -45.598436,
            -23.7957575
          ],
          [
            -45.5972959,
            -23.7957619
          ],
          [
            -45.5961559,
            -23.7957663
          ],
          [
            -45.5950112,
            -23.7947519
          ],
          [
            -45.5938712,
            -23.7947562
          ],
          [
            -45.5927265,
            -23.7937418
          ],
          [
            -45.5915865,
            -23.7937462
          ],
          [
            -45.5904464,
            -23.7937505
          ],
          [
            -45.5893018,
            -23.792736
          ],
          [
            -45.5881572,
            -23.7917215
          ],
          [
            -45.5870172,
            -23.7917259
          ],
          [
            -45.5858726,
            -23.7907114
          ],
          [
            -45.5847326,
            -23.7907157
          ],
          [
            -45.5835926,
            -23.79072
          ],
          [
            -45.582448,
            -23.7897055
          ],
          [
            -45.581308,
            -23.7897098
          ],
          [
            -45.5801635,
            -23.7886952
          ],
          [
            -45.5790235,
            -23.7886995
          ],
          [
            -45.577879,
            -23.7876849
          ],
          [
            -45.5767346,
            -23.7866703
          ],
          [
            -45.5755901,
            -23.7856557
          ],
          [
            -45.5744457,
            -23.7846411
          ],
          [
            -45.5733057,
            -23.7846454
          ],
          [
            -45.5721613,
            -23.7836308
          ],
          [
            -45.5710214,
            -23.783635
          ],
          [
            -45.5698814,
            -23.7836392
          ],
          [
            -45.568737,
            -23.7826245
          ],
          [
            -45.5676015,
            -23.7836476
          ],
          [
            -45.5664616,
            -23.7836518
          ],
          [
            -45.565326,
            -23.7846748
          ],
          [
            -45.5641861,
            -23.784679
          ],
          [
            -45.5630461,
            -23.7846831
          ],
          [
            -45.5619105,
            -23.7857061
          ],
          [
            -45.5607706,
            -23.7857103
          ],
          [
            -45.5596306,
            -23.7857144
          ],
          [
            -45.558495,
            -23.7867374
          ],
          [
            -45.5573593,
            -23.7877604
          ],
          [
            -45.5562237,
            -23.7887833
          ],
          [
            -45.5550837,
            -23.7887874
          ],
          [
            -45.553948,
            -23.7898104
          ],
          [
            -45.552808,
            -23.7898145
          ],
          [
            -45.551668,
            -23.7898185
          ],
          [
            -45.550528,
            -23.7898226
          ],
          [
            -45.549388,
            -23.7898267
          ],
          [
            -45.548248,
            -23.7898307
          ],
          [
            -45.547108,
            -23.7898348
          ],
          [
            -45.5459637,
            -23.78882
          ],
          [
            -45.5448237,
            -23.788824
          ],
          [
            -45.5436837,
            -23.788828
          ],
          [
            -45.5425437,
            -23.788832
          ],
          [
            -45.5414037,
            -23.788836
          ],
          [
            -45.5402638,
            -23.78884
          ],
          [
            -45.539128,
            -23.7898629
          ],
          [
            -45.5379879,
            -23.7898668
          ],
          [
            -45.5368479,
            -23.7898708
          ],
          [
            -45.5357079,
            -23.7898748
          ],
          [
            -45.5345721,
            -23.7908976
          ],
          [
            -45.5334321,
            -23.7909015
          ],
          [
            -45.5322921,
            -23.7909055
          ],
          [
            -45.5311479,
            -23.7898905
          ],
          [
            -45.5300079,
            -23.7898944
          ],
          [
            -45.5288679,
            -23.7898984
          ],
          [
            -45.5277279,
            -23.7899023
          ],
          [
            -45.5265838,
            -23.7888873
          ],
          [
            -45.5254438,
            -23.7888912
          ],
          [
            -45.5243038,
            -23.7888951
          ],
          [
            -45.5231638,
            -23.7888989
          ],
          [
            -45.5220197,
            -23.7878839
          ],
          [
            -45.5208756,
            -23.7868689
          ],
          [
            -45.5197316,
            -23.7858539
          ],
          [
            -45.5185876,
            -23.7848389
          ],
          [
            -45.5185835,
            -23.78382
          ],
          [
            -45.5185795,
            -23.7828012
          ],
          [
            -45.5185755,
            -23.7817823
          ],
          [
            -45.5185714,
            -23.7807635
          ],
          [
            -45.5185674,
            -23.7797446
          ],
          [
            -45.5185633,
            -23.7787257
          ],
          [
            -45.5174194,
            -23.7777107
          ],
          [
            -45.5174154,
            -23.7766918
          ],
          [
            -45.5162714,
            -23.7756768
          ],
          [
            -45.5151275,
            -23.7746617
          ],
          [
            -45.5139877,
            -23.7746655
          ],
          [
            -45.5128438,
            -23.7736505
          ],
          [
            -45.5128398,
            -23.7726316
          ],
          [
            -45.5128358,
            -23.7716128
          ],
          [
            -45.5128318,
            -23.7705939
          ],
          [
            -45.5128278,
            -23.769575
          ],
          [
            -45.511684,
            -23.76856
          ],
          [
            -45.51168,
            -23.7675411
          ],
          [
            -45.511676,
            -23.7665222
          ],
          [
            -45.5105322,
            -23.7655071
          ],
          [
            -45.5105283,
            -23.7644883
          ],
          [
            -45.5105243,
            -23.7634694
          ],
          [
            -45.5105203,
            -23.7624506
          ],
          [
            -45.5105163,
            -23.7614317
          ],
          [
            -45.5093726,
            -23.7604166
          ],
          [
            -45.5093686,
            -23.7593977
          ],
          [
            -45.5093647,
            -23.7583789
          ],
          [
            -45.5093607,
            -23.75736
          ],
          [
            -45.5093567,
            -23.7563412
          ],
          [
            -45.5093528,
            -23.7553223
          ],
          [
            -45.5093488,
            -23.7543034
          ],
          [
            -45.5104845,
            -23.7532808
          ],
          [
            -45.5104806,
            -23.7522619
          ],
          [
            -45.5116163,
            -23.7512393
          ],
          [
            -45.5116123,
            -23.7502204
          ],
          [
            -45.512748,
            -23.7491978
          ],
          [
            -45.512744,
            -23.7481789
          ],
          [
            -45.51274,
            -23.7471601
          ],
          [
            -45.512736,
            -23.7461412
          ],
          [
            -45.5138716,
            -23.7451186
          ],
          [
            -45.5138676,
            -23.7440997
          ],
          [
            -45.5150032,
            -23.7430771
          ],
          [
            -45.5161388,
            -23.7420544
          ],
          [
            -45.5172744,
            -23.7410317
          ],
          [
            -45.51841,
            -23.740009
          ],
          [
            -45.5195455,
            -23.7389863
          ],
          [
            -45.520681,
            -23.7379636
          ],
          [
            -45.520677,
            -23.7369448
          ],
          [
            -45.5218125,
            -23.7359221
          ],
          [
            -45.5218084,
            -23.7349032
          ],
          [
            -45.5218043,
            -23.7338844
          ],
          [
            -45.5218003,
            -23.7328655
          ],
          [
            -45.5217962,
            -23.7318466
          ],
          [
            -45.5217922,
            -23.7308278
          ],
          [
            -45.5217881,
            -23.7298089
          ],
          [
            -45.5206446,
            -23.7287939
          ],
          [
            -45.5206405,
            -23.727775
          ],
          [
            -45.519497,
            -23.72676
          ],
          [
            -45.5183535,
            -23.7257449
          ],
          [
            -45.5183495,
            -23.7247261
          ],
          [
            -45.517206,
            -23.723711
          ],
          [
            -45.517202,
            -23.7226922
          ],
          [
            -45.5160586,
            -23.7216771
          ],
          [
            -45.5149152,
            -23.720662
          ],
          [
            -45.5137718,
            -23.7196469
          ],
          [
            -45.5126284,
            -23.7186319
          ],
          [
            -45.5126244,
            -23.717613
          ],
          [
            -45.5126204,
            -23.7165941
          ],
          [
            -45.5114771,
            -23.715579
          ],
          [
            -45.5114731,
            -23.7145602
          ],
          [
            -45.5114691,
            -23.7135413
          ],
          [
            -45.5114652,
            -23.7125224
          ],
          [
            -45.5126005,
            -23.7114998
          ],
          [
            -45.5125965,
            -23.7104809
          ],
          [
            -45.5125926,
            -23.7094621
          ],
          [
            -45.5137279,
            -23.7084394
          ],
          [
            -45.5148672,
            -23.7084356
          ],
          [
            -45.5160025,
            -23.707413
          ],
          [
            -45.5171418,
            -23.7074092
          ],
          [
            -45.5182811,
            -23.7074053
          ],
          [
            -45.5194204,
            -23.7074015
          ],
          [
            -45.5205596,
            -23.7073977
          ],
          [
            -45.5216989,
            -23.7073939
          ],
          [
            -45.5228382,
            -23.70739
          ],
          [
            -45.5239775,
            -23.7073862
          ],
          [
            -45.5251168,
            -23.7073823
          ],
          [
            -45.5262561,
            -23.7073784
          ],
          [
            -45.5273954,
            -23.7073746
          ],
          [
            -45.5285306,
            -23.7063518
          ],
          [
            -45.5296658,
            -23.705329
          ],
          [
            -45.5308009,
            -23.7043063
          ],
          [
            -45.531936,
            -23.7032835
          ],
          [
            -45.5319319,
            -23.7022646
          ],
          [
            -45.533067,
            -23.7012418
          ],
          [
            -45.5330629,
            -23.700223
          ],
          [
            -45.534198,
            -23.6992002
          ],
          [
            -45.535333,
            -23.6981774
          ],
          [
            -45.5353289,
            -23.6971585
          ],
          [
            -45.5364639,
            -23.6961357
          ]
        ]
      },
      "properties": {
        "id": 3,
        "nome": "São Sebastião",
        "rodovia": "SP-055",
        "km_inicial": 112.55,
        "km_final": 191.4,
        "extensao_km_oficial": 78.85,
        "municipios": [
          "São Sebastião",
          "São Vicente"
        ],
        "k_geo": 200,
        "cpc_breaks": [
          1,
          8,
          16,
          24
        ],
        "hid24h_breaks": [
          60,
          85,
          110,
          126
        ],
        "n_pontos_polyline": 458,
        "comprimento_extraido_km": 59.999,
        "fonte": "Figura 3.2.1-1 do PRODUTO 7 (Plano de Contingência), pg 18, raster vetorizado por segmentação de cor"
      }
    },
    {
      "type": "Feature",
      "geometry": {
        "type": "LineString",
        "coordinates": [
          [
            -46.2865579,
            -23.8669401
          ],
          [
            -46.2854074,
            -23.865931
          ],
          [
            -46.284267,
            -23.8659405
          ],
          [
            -46.2831266,
            -23.86595
          ],
          [
            -46.2819761,
            -23.8649409
          ],
          [
            -46.2808357,
            -23.8649504
          ],
          [
            -46.2796952,
            -23.8649598
          ],
          [
            -46.2785448,
            -23.8639507
          ],
          [
            -46.2773944,
            -23.8629415
          ],
          [
            -46.2773844,
            -23.8619229
          ],
          [
            -46.276234,
            -23.8609137
          ],
          [
            -46.276224,
            -23.8598951
          ],
          [
            -46.2762141,
            -23.8588764
          ],
          [
            -46.2762041,
            -23.8578578
          ],
          [
            -46.2761941,
            -23.8568392
          ],
          [
            -46.2750438,
            -23.85583
          ],
          [
            -46.2750338,
            -23.8548113
          ],
          [
            -46.2750238,
            -23.8537927
          ],
          [
            -46.2750139,
            -23.8527741
          ],
          [
            -46.2750039,
            -23.8517554
          ],
          [
            -46.2738536,
            -23.8507462
          ],
          [
            -46.2727034,
            -23.849737
          ],
          [
            -46.2726934,
            -23.8487184
          ],
          [
            -46.2715432,
            -23.8477092
          ],
          [
            -46.2704029,
            -23.8477186
          ],
          [
            -46.2692626,
            -23.847728
          ],
          [
            -46.2681223,
            -23.8477374
          ],
          [
            -46.266992,
            -23.8487654
          ],
          [
            -46.2658517,
            -23.8487748
          ],
          [
            -46.2647114,
            -23.8487841
          ],
          [
            -46.263581,
            -23.8498121
          ],
          [
            -46.2624505,
            -23.8508401
          ],
          [
            -46.2613201,
            -23.8518681
          ],
          [
            -46.2601896,
            -23.8528961
          ],
          [
            -46.2590493,
            -23.8529054
          ],
          [
            -46.2579089,
            -23.8529147
          ],
          [
            -46.2567784,
            -23.8539427
          ],
          [
            -46.2556381,
            -23.853952
          ],
          [
            -46.2544978,
            -23.8539613
          ],
          [
            -46.2533574,
            -23.8539705
          ],
          [
            -46.2522171,
            -23.8539798
          ],
          [
            -46.2510669,
            -23.8529704
          ],
          [
            -46.2499266,
            -23.8529797
          ],
          [
            -46.2487765,
            -23.8519703
          ],
          [
            -46.2487667,
            -23.8509517
          ],
          [
            -46.2476167,
            -23.8499422
          ],
          [
            -46.2476069,
            -23.8489236
          ],
          [
            -46.2464569,
            -23.8479142
          ],
          [
            -46.2453068,
            -23.8469048
          ],
          [
            -46.2441666,
            -23.846914
          ],
          [
            -46.2430263,
            -23.8469232
          ],
          [
            -46.2418763,
            -23.8459137
          ],
          [
            -46.240736,
            -23.8459229
          ],
          [
            -46.2395957,
            -23.8459321
          ],
          [
            -46.2384554,
            -23.8459413
          ],
          [
            -46.2373055,
            -23.8449318
          ],
          [
            -46.2361652,
            -23.8449409
          ],
          [
            -46.2350249,
            -23.8449501
          ],
          [
            -46.2338847,
            -23.8449592
          ],
          [
            -46.2327444,
            -23.8449683
          ],
          [
            -46.2316041,
            -23.8449774
          ],
          [
            -46.2304638,
            -23.8449866
          ],
          [
            -46.2293332,
            -23.8460143
          ],
          [
            -46.2281929,
            -23.8460234
          ],
          [
            -46.2270622,
            -23.8470512
          ],
          [
            -46.2259315,
            -23.8480789
          ],
          [
            -46.2247912,
            -23.848088
          ],
          [
            -46.2236509,
            -23.848097
          ],
          [
            -46.2225106,
            -23.8481061
          ],
          [
            -46.2213703,
            -23.8481151
          ],
          [
            -46.2202204,
            -23.8471055
          ],
          [
            -46.2190706,
            -23.8460959
          ],
          [
            -46.2179208,
            -23.8450862
          ],
          [
            -46.216771,
            -23.8440766
          ],
          [
            -46.2156212,
            -23.8430669
          ],
          [
            -46.214481,
            -23.8430759
          ],
          [
            -46.2133407,
            -23.8430849
          ],
          [
            -46.2122004,
            -23.8430939
          ],
          [
            -46.2110507,
            -23.8420842
          ],
          [
            -46.2099104,
            -23.8420931
          ],
          [
            -46.2087607,
            -23.8410834
          ],
          [
            -46.2076205,
            -23.8410924
          ],
          [
            -46.2064708,
            -23.8400826
          ],
          [
            -46.2053306,
            -23.8400916
          ],
          [
            -46.2041903,
            -23.8401005
          ],
          [
            -46.2030407,
            -23.8390907
          ],
          [
            -46.2019004,
            -23.8390996
          ],
          [
            -46.2007508,
            -23.8380898
          ],
          [
            -46.1996106,
            -23.8380987
          ],
          [
            -46.1984704,
            -23.8381076
          ],
          [
            -46.1973301,
            -23.8381164
          ],
          [
            -46.1961899,
            -23.8381253
          ],
          [
            -46.1950403,
            -23.8371155
          ],
          [
            -46.1939001,
            -23.8371243
          ],
          [
            -46.1927599,
            -23.8371331
          ],
          [
            -46.1916197,
            -23.837142
          ],
          [
            -46.1904794,
            -23.8371508
          ],
          [
            -46.1893392,
            -23.8371596
          ],
          [
            -46.1881897,
            -23.8361497
          ],
          [
            -46.1870402,
            -23.8351398
          ],
          [
            -46.1858908,
            -23.8341299
          ],
          [
            -46.1858815,
            -23.8331113
          ],
          [
            -46.1858722,
            -23.8320926
          ],
          [
            -46.185863,
            -23.8310739
          ],
          [
            -46.1858537,
            -23.8300552
          ],
          [
            -46.1858444,
            -23.8290366
          ],
          [
            -46.184695,
            -23.8280266
          ],
          [
            -46.1835457,
            -23.8270167
          ],
          [
            -46.1823963,
            -23.8260068
          ],
          [
            -46.1823871,
            -23.8249881
          ],
          [
            -46.1812377,
            -23.8239782
          ],
          [
            -46.1812285,
            -23.8229595
          ],
          [
            -46.1812193,
            -23.8219408
          ],
          [
            -46.18121,
            -23.8209222
          ],
          [
            -46.1812008,
            -23.8199035
          ],
          [
            -46.1811916,
            -23.8188848
          ],
          [
            -46.1811824,
            -23.8178661
          ],
          [
            -46.1811732,
            -23.8168475
          ],
          [
            -46.1811639,
            -23.8158288
          ],
          [
            -46.1811547,
            -23.8148101
          ],
          [
            -46.1822855,
            -23.8137827
          ],
          [
            -46.1822763,
            -23.812764
          ],
          [
            -46.1822671,
            -23.8117453
          ],
          [
            -46.1822579,
            -23.8107267
          ],
          [
            -46.1822486,
            -23.809708
          ],
          [
            -46.1810994,
            -23.808698
          ],
          [
            -46.1810902,
            -23.8076794
          ],
          [
            -46.179941,
            -23.8066694
          ],
          [
            -46.1799318,
            -23.8056507
          ],
          [
            -46.1787827,
            -23.8046408
          ],
          [
            -46.1776336,
            -23.8036308
          ],
          [
            -46.1764844,
            -23.8026208
          ],
          [
            -46.1753353,
            -23.8016108
          ],
          [
            -46.1741863,
            -23.8006008
          ],
          [
            -46.1730464,
            -23.8006095
          ],
          [
            -46.1718973,
            -23.7995995
          ],
          [
            -46.1707574,
            -23.7996081
          ],
          [
            -46.1696175,
            -23.7996168
          ],
          [
            -46.1684685,
            -23.7986067
          ],
          [
            -46.1673286,
            -23.7986153
          ],
          [
            -46.1661887,
            -23.798624
          ],
          [
            -46.1650488,
            -23.7986326
          ],
          [
            -46.1638998,
            -23.7976225
          ],
          [
            -46.1627599,
            -23.7976311
          ],
          [
            -46.16162,
            -23.7976397
          ],
          [
            -46.1604711,
            -23.7966296
          ],
          [
            -46.1593312,
            -23.7966381
          ],
          [
            -46.1581823,
            -23.795628
          ],
          [
            -46.1570424,
            -23.7956365
          ],
          [
            -46.1558935,
            -23.7946264
          ],
          [
            -46.1547447,
            -23.7936162
          ],
          [
            -46.1535958,
            -23.7926061
          ],
          [
            -46.1535868,
            -23.7915874
          ],
          [
            -46.152438,
            -23.7905772
          ],
          [
            -46.1512892,
            -23.789567
          ],
          [
            -46.1501404,
            -23.7885568
          ],
          [
            -46.1489916,
            -23.7875466
          ],
          [
            -46.1478518,
            -23.7875551
          ],
          [
            -46.1467031,
            -23.7865449
          ],
          [
            -46.1455633,
            -23.7865534
          ],
          [
            -46.1444146,
            -23.7855431
          ],
          [
            -46.1432748,
            -23.7855516
          ],
          [
            -46.142135,
            -23.78556
          ],
          [
            -46.1409863,
            -23.7845497
          ],
          [
            -46.1398465,
            -23.7845582
          ],
          [
            -46.1387067,
            -23.7845666
          ],
          [
            -46.1375581,
            -23.7835563
          ],
          [
            -46.1364183,
            -23.7835647
          ],
          [
            -46.1352697,
            -23.7825544
          ],
          [
            -46.1341299,
            -23.7825627
          ],
          [
            -46.1329901,
            -23.7825711
          ],
          [
            -46.1318504,
            -23.7825795
          ],
          [
            -46.1307018,
            -23.7815691
          ],
          [
            -46.129562,
            -23.7815775
          ],
          [
            -46.1284135,
            -23.7805671
          ],
          [
            -46.1272737,
            -23.7805754
          ],
          [
            -46.1261339,
            -23.7805837
          ],
          [
            -46.1249854,
            -23.7795733
          ],
          [
            -46.1238457,
            -23.7795816
          ],
          [
            -46.1227059,
            -23.7795899
          ],
          [
            -46.1215574,
            -23.7785795
          ],
          [
            -46.1204177,
            -23.7785878
          ],
          [
            -46.119278,
            -23.7785961
          ],
          [
            -46.1181295,
            -23.7775856
          ],
          [
            -46.1169898,
            -23.7775939
          ],
          [
            -46.1158413,
            -23.7765834
          ],
          [
            -46.1146929,
            -23.7755729
          ],
          [
            -46.1135532,
            -23.7755811
          ],
          [
            -46.1124048,
            -23.7745707
          ],
          [
            -46.1112651,
            -23.7745789
          ],
          [
            -46.1101168,
            -23.7735684
          ],
          [
            -46.1089684,
            -23.7725578
          ],
          [
            -46.1078287,
            -23.772566
          ],
          [
            -46.1066891,
            -23.7725742
          ],
          [
            -46.1055494,
            -23.7725823
          ],
          [
            -46.1044097,
            -23.7725905
          ],
          [
            -46.1032614,
            -23.7715799
          ],
          [
            -46.1021217,
            -23.7715881
          ],
          [
            -46.100982,
            -23.7715962
          ],
          [
            -46.0998337,
            -23.7705856
          ],
          [
            -46.0986855,
            -23.769575
          ],
          [
            -46.0975458,
            -23.7695831
          ],
          [
            -46.0964062,
            -23.7695912
          ],
          [
            -46.0952665,
            -23.7695993
          ],
          [
            -46.0941268,
            -23.7696074
          ],
          [
            -46.0929786,
            -23.7685967
          ],
          [
            -46.091839,
            -23.7686048
          ],
          [
            -46.0906908,
            -23.7675941
          ],
          [
            -46.0895512,
            -23.7676022
          ],
          [
            -46.0884115,
            -23.7676102
          ],
          [
            -46.0872634,
            -23.7665995
          ],
          [
            -46.0861237,
            -23.7666075
          ],
          [
            -46.0849841,
            -23.7666155
          ],
          [
            -46.083836,
            -23.7656048
          ],
          [
            -46.0826964,
            -23.7656128
          ],
          [
            -46.0815567,
            -23.7656208
          ],
          [
            -46.0804171,
            -23.7656288
          ],
          [
            -46.079269,
            -23.764618
          ],
          [
            -46.0781294,
            -23.764626
          ],
          [
            -46.0769814,
            -23.7636152
          ],
          [
            -46.0758417,
            -23.7636232
          ],
          [
            -46.0747021,
            -23.7636311
          ],
          [
            -46.0735625,
            -23.763639
          ],
          [
            -46.0724145,
            -23.7626282
          ],
          [
            -46.0712749,
            -23.7626361
          ],
          [
            -46.0701353,
            -23.762644
          ],
          [
            -46.0689873,
            -23.7616332
          ],
          [
            -46.0678477,
            -23.7616411
          ],
          [
            -46.0666998,
            -23.7606302
          ],
          [
            -46.0655602,
            -23.7606381
          ],
          [
            -46.0644206,
            -23.7606459
          ],
          [
            -46.063281,
            -23.7606538
          ],
          [
            -46.0621331,
            -23.7596429
          ],
          [
            -46.0609935,
            -23.7596507
          ],
          [
            -46.0598539,
            -23.7596586
          ],
          [
            -46.0587061,
            -23.7586476
          ],
          [
            -46.0575665,
            -23.7586554
          ],
          [
            -46.0564187,
            -23.7576445
          ],
          [
            -46.0552791,
            -23.7576523
          ],
          [
            -46.0541395,
            -23.7576601
          ],
          [
            -46.0529999,
            -23.7576679
          ],
          [
            -46.0518521,
            -23.7566569
          ],
          [
            -46.0507126,
            -23.7566646
          ],
          [
            -46.049573,
            -23.7566724
          ],
          [
            -46.0484253,
            -23.7556614
          ],
          [
            -46.0472857,
            -23.7556691
          ],
          [
            -46.0461461,
            -23.7556768
          ],
          [
            -46.0449984,
            -23.7546658
          ],
          [
            -46.0438589,
            -23.7546735
          ],
          [
            -46.0427112,
            -23.7536625
          ],
          [
            -46.0415716,
            -23.7536702
          ],
          [
            -46.0404321,
            -23.7536778
          ],
          [
            -46.0392844,
            -23.7526668
          ],
          [
            -46.0381449,
            -23.7526744
          ],
          [
            -46.0370053,
            -23.7526821
          ],
          [
            -46.0358658,
            -23.7526897
          ],
          [
            -46.0347182,
            -23.7516786
          ],
          [
            -46.0335787,
            -23.7516863
          ],
          [
            -46.0324311,
            -23.7506751
          ],
          [
            -46.0312916,
            -23.7506827
          ],
          [
            -46.030152,
            -23.7506903
          ],
          [
            -46.0290125,
            -23.7506979
          ],
          [
            -46.027873,
            -23.7507055
          ],
          [
            -46.0267334,
            -23.7507131
          ],
          [
            -46.0255859,
            -23.7497019
          ],
          [
            -46.0244464,
            -23.7497095
          ],
          [
            -46.0233069,
            -23.749717
          ],
          [
            -46.0221594,
            -23.7487058
          ],
          [
            -46.0210199,
            -23.7487134
          ],
          [
            -46.0198803,
            -23.7487209
          ],
          [
            -46.0187408,
            -23.7487284
          ],
          [
            -46.0176013,
            -23.7487359
          ],
          [
            -46.0164618,
            -23.7487434
          ],
          [
            -46.0153223,
            -23.7487509
          ],
          [
            -46.0141828,
            -23.7487584
          ],
          [
            -46.0130432,
            -23.7487659
          ],
          [
            -46.0119116,
            -23.7497921
          ],
          [
            -46.0107721,
            -23.7497995
          ],
          [
            -46.0096325,
            -23.749807
          ],
          [
            -46.008493,
            -23.7498144
          ],
          [
            -46.0073535,
            -23.7498219
          ],
          [
            -46.0062139,
            -23.7498293
          ],
          [
            -46.0050744,
            -23.7498367
          ],
          [
            -46.0039349,
            -23.7498441
          ],
          [
            -46.0027953,
            -23.7498515
          ],
          [
            -46.001648,
            -23.7488401
          ],
          [
            -46.0005085,
            -23.7488475
          ],
          [
            -45.9993612,
            -23.7478361
          ],
          [
            -45.9982217,
            -23.7478435
          ],
          [
            -45.9970821,
            -23.7478509
          ],
          [
            -45.9959349,
            -23.7468395
          ],
          [
            -45.9947954,
            -23.7468468
          ],
          [
            -45.9936559,
            -23.7468541
          ],
          [
            -45.9925163,
            -23.7468615
          ],
          [
            -45.9913768,
            -23.7468688
          ],
          [
            -45.9902373,
            -23.7468761
          ],
          [
            -45.9890978,
            -23.7468834
          ],
          [
            -45.9879583,
            -23.7468907
          ],
          [
            -45.9868188,
            -23.7468979
          ],
          [
            -45.9856793,
            -23.7469052
          ],
          [
            -45.9845321,
            -23.7458937
          ],
          [
            -45.9833849,
            -23.7448822
          ],
          [
            -45.9822454,
            -23.7448895
          ],
          [
            -45.9810983,
            -23.7438779
          ],
          [
            -45.9799588,
            -23.7438852
          ],
          [
            -45.9788193,
            -23.7438924
          ],
          [
            -45.9776722,
            -23.7428809
          ],
          [
            -45.9765327,
            -23.7428881
          ],
          [
            -45.9753857,
            -23.7418765
          ],
          [
            -45.9742462,
            -23.7418837
          ],
          [
            -45.9731067,
            -23.7418909
          ],
          [
            -45.9719597,
            -23.7408793
          ],
          [
            -45.9708202,
            -23.7408864
          ],
          [
            -45.9696808,
            -23.7408936
          ],
          [
            -45.9685338,
            -23.739882
          ],
          [
            -45.9673943,
            -23.7398891
          ],
          [
            -45.9662473,
            -23.7388775
          ],
          [
            -45.9651079,
            -23.7388846
          ],
          [
            -45.9639684,
            -23.7388917
          ],
          [
            -45.9628215,
            -23.73788
          ],
          [
            -45.961682,
            -23.7378871
          ],
          [
            -45.9605351,
            -23.7368755
          ],
          [
            -45.9593957,
            -23.7368825
          ],
          [
            -45.9582488,
            -23.7358708
          ],
          [
            -45.9571094,
            -23.7358779
          ],
          [
            -45.9559625,
            -23.7348662
          ],
          [
            -45.9548231,
            -23.7348732
          ],
          [
            -45.9536837,
            -23.7348802
          ],
          [
            -45.9525369,
            -23.7338685
          ],
          [
            -45.9513974,
            -23.7338755
          ],
          [
            -45.9502506,
            -23.7328638
          ],
          [
            -45.9491112,
            -23.7328708
          ],
          [
            -45.9479645,
            -23.731859
          ],
          [
            -45.9468177,
            -23.7308472
          ],
          [
            -45.945671,
            -23.7298354
          ],
          [
            -45.9445316,
            -23.7298424
          ],
          [
            -45.9433849,
            -23.7288306
          ],
          [
            -45.9422382,
            -23.7278187
          ],
          [
            -45.9410988,
            -23.7278257
          ],
          [
            -45.9399595,
            -23.7278326
          ],
          [
            -45.9388201,
            -23.7278395
          ],
          [
            -45.937688,
            -23.7288652
          ],
          [
            -45.9365486,
            -23.7288721
          ],
          [
            -45.9354093,
            -23.728879
          ],
          [
            -45.9342772,
            -23.7299047
          ],
          [
            -45.933145,
            -23.7309303
          ],
          [
            -45.9320056,
            -23.7309372
          ],
          [
            -45.9308662,
            -23.730944
          ],
          [
            -45.9297341,
            -23.7319697
          ],
          [
            -45.9286019,
            -23.7329953
          ],
          [
            -45.9274625,
            -23.7330021
          ],
          [
            -45.9263303,
            -23.7340277
          ],
          [
            -45.9251908,
            -23.7340346
          ],
          [
            -45.9240514,
            -23.7340414
          ],
          [
            -45.922912,
            -23.7340482
          ],
          [
            -45.9217726,
            -23.734055
          ],
          [
            -45.9206331,
            -23.7340618
          ],
          [
            -45.9194937,
            -23.7340685
          ],
          [
            -45.9183543,
            -23.7340753
          ],
          [
            -45.9172077,
            -23.7330633
          ],
          [
            -45.9160683,
            -23.7330701
          ],
          [
            -45.9149289,
            -23.7330768
          ],
          [
            -45.9137895,
            -23.7330835
          ],
          [
            -45.9126501,
            -23.7330903
          ],
          [
            -45.9115107,
            -23.733097
          ],
          [
            -45.9103712,
            -23.7331037
          ],
          [
            -45.9092318,
            -23.7331104
          ],
          [
            -45.9080924,
            -23.7331171
          ],
          [
            -45.9069459,
            -23.732105
          ],
          [
            -45.9058065,
            -23.7321117
          ],
          [
            -45.9046671,
            -23.7321184
          ],
          [
            -45.9035277,
            -23.732125
          ],
          [
            -45.9023883,
            -23.7321317
          ],
          [
            -45.9012489,
            -23.7321383
          ],
          [
            -45.9001095,
            -23.732145
          ],
          [
            -45.89897,
            -23.7321516
          ],
          [
            -45.8978306,
            -23.7321582
          ],
          [
            -45.8966912,
            -23.7321648
          ],
          [
            -45.8955588,
            -23.7331902
          ],
          [
            -45.8944193,
            -23.7331968
          ]
        ]
      },
      "properties": {
        "id": 4,
        "nome": "Santos-Bertioga",
        "rodovia": "SP-055",
        "km_inicial": 191.4,
        "km_final": 248.1,
        "extensao_km_oficial": 56.7,
        "municipios": [
          "Bertioga",
          "Santos"
        ],
        "k_geo": 1000,
        "cpc_breaks": [
          1,
          4,
          8,
          16
        ],
        "hid24h_breaks": [
          150,
          200,
          230,
          300
        ],
        "n_pontos_polyline": 380,
        "comprimento_extraido_km": 50.037,
        "fonte": "Figura 3.2.1-1 do PRODUTO 7 (Plano de Contingência), pg 18, raster vetorizado por segmentação de cor"
      }
    }
  ]
}