{
  "type": "FeatureCollection",
  "name": "PLI Regioes (Polygon, buffer 5000m)",
  "crs": {
    "type": "name",
    "properties": {
      "name": "urn:ogc:def:crs:OGC:1.3:CRS84"
    }
  },
  "features": [
    {
      "type": "Feature",
      "geometry": {
        "type": "Polygon",
        "coordinates": [
          [
            [
              -46.161097,
              -23.697101
            ],
            [
              -46.161331,
              -23.696812
            ],
            [
              -46.1614,
              -23.696707
            ],
            [
              -46.161777,
              -23.696327
            ],
            [
              -46.164712,
              -23.692712
            ],
            [
              -46.167239,
              -23.688845
            ],
            [
              -46.169335,
              -23.684765
            ],
            [
              -46.170616,
              -23.681446
            ],
            [
              -46.171436,
              -23.680436
            ],
            [
              -46.173964,
              -23.676569
            ],
            [
              -46.174757,
              -23.675023
            ],
            [
              -46.175084,
              -23.674523
            ],
            [
              -46.177179,
              -23.670442
            ],
            [
              -46.178821,
              -23.66619
            ],
            [
              -46.179324,
              -23.664313
            ],
            [
              -46.180668,
              -23.662255
            ],
            [
              -46.181462,
              -23.660709
            ],
            [
              -46.181789,
              -23.660209
            ],
            [
              -46.182582,
              -23.658663
            ],
            [
              -46.182909,
              -23.658163
            ],
            [
              -46.183376,
              -23.657253
            ],
            [
              -46.184199,
              -23.656426
            ],
            [
              -46.187132,
              -23.65281
            ],
            [
              -46.189391,
              -23.649352
            ],
            [
              -46.191157,
              -23.648904
            ],
            [
              -46.195648,
              -23.647316
            ],
            [
              -46.199948,
              -23.64533
            ],
            [
              -46.204016,
              -23.642965
            ],
            [
              -46.207812,
              -23.640244
            ],
            [
              -46.211301,
              -23.637193
            ],
            [
              -46.214448,
              -23.633842
            ],
            [
              -46.217223,
              -23.630223
            ],
            [
              -46.219599,
              -23.62637
            ],
            [
              -46.221555,
              -23.622322
            ],
            [
              -46.22307,
              -23.618116
            ],
            [
              -46.22413,
              -23.613794
            ],
            [
              -46.224725,
              -23.609396
            ],
            [
              -46.22485,
              -23.604967
            ],
            [
              -46.224503,
              -23.600547
            ],
            [
              -46.223687,
              -23.59618
            ],
            [
              -46.222411,
              -23.591907
            ],
            [
              -46.220687,
              -23.587771
            ],
            [
              -46.218532,
              -23.58381
            ],
            [
              -46.215965,
              -23.580062
            ],
            [
              -46.213013,
              -23.576565
            ],
            [
              -46.209703,
              -23.573351
            ],
            [
              -46.208556,
              -23.572341
            ],
            [
              -46.204991,
              -23.569492
            ],
            [
              -46.201145,
              -23.566973
            ],
            [
              -46.197054,
              -23.564806
            ],
            [
              -46.192756,
              -23.563012
            ],
            [
              -46.188291,
              -23.561607
            ],
            [
              -46.1837,
              -23.560604
            ],
            [
              -46.179026,
              -23.560014
            ],
            [
              -46.174312,
              -23.55984
            ],
            [
              -46.172036,
              -23.559857
            ],
            [
              -46.167326,
              -23.560102
            ],
            [
              -46.162663,
              -23.560763
            ],
            [
              -46.15809,
              -23.561835
            ],
            [
              -46.153651,
              -23.563307
            ],
            [
              -46.149385,
              -23.565166
            ],
            [
              -46.148968,
              -23.565395
            ],
            [
              -46.147118,
              -23.566201
            ],
            [
              -46.145253,
              -23.567227
            ],
            [
              -46.144583,
              -23.567449
            ],
            [
              -46.140317,
              -23.569308
            ],
            [
              -46.1399,
              -23.569537
            ],
            [
              -46.13805,
              -23.570343
            ],
            [
              -46.133998,
              -23.572571
            ],
            [
              -46.130197,
              -23.575148
            ],
            [
              -46.126683,
              -23.57805
            ],
            [
              -46.126577,
              -23.578147
            ],
            [
              -46.123413,
              -23.580291
            ],
            [
              -46.119898,
              -23.583193
            ],
            [
              -46.118768,
              -23.58422
            ],
            [
              -46.11651,
              -23.586274
            ],
            [
              -46.113199,
              -23.5896
            ],
            [
              -46.110266,
              -23.593215
            ],
            [
              -46.107738,
              -23.597081
            ],
            [
              -46.10615,
              -23.600172
            ],
            [
              -46.105496,
              -23.601172
            ],
            [
              -46.105028,
              -23.602082
            ],
            [
              -46.104205,
              -23.602909
            ],
            [
              -46.101271,
              -23.606523
            ],
            [
              -46.098743,
              -23.610389
            ],
            [
              -46.097949,
              -23.611935
            ],
            [
              -46.097622,
              -23.612435
            ],
            [
              -46.096827,
              -23.61398
            ],
            [
              -46.0965,
              -23.61448
            ],
            [
              -46.095784,
              -23.615874
            ],
            [
              -46.093405,
              -23.618804
            ],
            [
              -46.092397,
              -23.620344
            ],
            [
              -46.091153,
              -23.621877
            ],
            [
              -46.088625,
              -23.625743
            ],
            [
              -46.086527,
              -23.629822
            ],
            [
              -46.084883,
              -23.634073
            ],
            [
              -46.084848,
              -23.634201
            ],
            [
              -46.083025,
              -23.636988
            ],
            [
              -46.08223,
              -23.638534
            ],
            [
              -46.081903,
              -23.639034
            ],
            [
              -46.079805,
              -23.643113
            ],
            [
              -46.078381,
              -23.646795
            ],
            [
              -46.077614,
              -23.647564
            ],
            [
              -46.075724,
              -23.648006
            ],
            [
              -46.072071,
              -23.649214
            ],
            [
              -46.070349,
              -23.649226
            ],
            [
              -46.065635,
              -23.649468
            ],
            [
              -46.060968,
              -23.650126
            ],
            [
              -46.056392,
              -23.651195
            ],
            [
              -46.053857,
              -23.652033
            ],
            [
              -46.052984,
              -23.652237
            ],
            [
              -46.04854,
              -23.653706
            ],
            [
              -46.04427,
              -23.655562
            ],
            [
              -46.040214,
              -23.657788
            ],
            [
              -46.036409,
              -23.660363
            ],
            [
              -46.03289,
              -23.663263
            ],
            [
              -46.031759,
              -23.664289
            ],
            [
              -46.028444,
              -23.667614
            ],
            [
              -46.025507,
              -23.671227
            ],
            [
              -46.022975,
              -23.675092
            ],
            [
              -46.020875,
              -23.67917
            ],
            [
              -46.019228,
              -23.683421
            ],
            [
              -46.018049,
              -23.687803
            ],
            [
              -46.017351,
              -23.692271
            ],
            [
              -46.017141,
              -23.69678
            ],
            [
              -46.017149,
              -23.697799
            ],
            [
              -46.017402,
              -23.701873
            ],
            [
              -46.017212,
              -23.705949
            ],
            [
              -46.017268,
              -23.71308
            ],
            [
              -46.017548,
              -23.717587
            ],
            [
              -46.018315,
              -23.722045
            ],
            [
              -46.019538,
              -23.726326
            ],
            [
              -46.019489,
              -23.726508
            ],
            [
              -46.018791,
              -23.730976
            ],
            [
              -46.018581,
              -23.735485
            ],
            [
              -46.01862,
              -23.740579
            ],
            [
              -46.018901,
              -23.745085
            ],
            [
              -46.019668,
              -23.749543
            ],
            [
              -46.020915,
              -23.753909
            ],
            [
              -46.02263,
              -23.758138
            ],
            [
              -46.024795,
              -23.762188
            ],
            [
              -46.027388,
              -23.766019
            ],
            [
              -46.028658,
              -23.767534
            ],
            [
              -46.029692,
              -23.76906
            ],
            [
              -46.032688,
              -23.772633
            ],
            [
              -46.036057,
              -23.775913
            ],
            [
              -46.037205,
              -23.776924
            ],
            [
              -46.038353,
              -23.777935
            ],
            [
              -46.039501,
              -23.778946
            ],
            [
              -46.040686,
              -23.779894
            ],
            [
              -46.042051,
              -23.782448
            ],
            [
              -46.042344,
              -23.78288
            ],
            [
              -46.042992,
              -23.784117
            ],
            [
              -46.045498,
              -23.787901
            ],
            [
              -46.048395,
              -23.791441
            ],
            [
              -46.051656,
              -23.794702
            ],
            [
              -46.055248,
              -23.797654
            ],
            [
              -46.059137,
              -23.800267
            ],
            [
              -46.063287,
              -23.802517
            ],
            [
              -46.067656,
              -23.804381
            ],
            [
              -46.072203,
              -23.805843
            ],
            [
              -46.076883,
              -23.806887
            ],
            [
              -46.081653,
              -23.807504
            ],
            [
              -46.086465,
              -23.807687
            ],
            [
              -46.091274,
              -23.807436
            ],
            [
              -46.096032,
              -23.806752
            ],
            [
              -46.100695,
              -23.805642
            ],
            [
              -46.105217,
              -23.804117
            ],
            [
              -46.109555,
              -23.802191
            ],
            [
              -46.113666,
              -23.799883
            ],
            [
              -46.117512,
              -23.797215
            ],
            [
              -46.121054,
              -23.794214
            ],
            [
              -46.12426,
              -23.790907
            ],
            [
              -46.127098,
              -23.787327
            ],
            [
              -46.129541,
              -23.783508
            ],
            [
              -46.131565,
              -23.779487
            ],
            [
              -46.133151,
              -23.775303
            ],
            [
              -46.134284,
              -23.770996
            ],
            [
              -46.134952,
              -23.766608
            ],
            [
              -46.13515,
              -23.76218
            ],
            [
              -46.135141,
              -23.761161
            ],
            [
              -46.134857,
              -23.756655
            ],
            [
              -46.134085,
              -23.752198
            ],
            [
              -46.133679,
              -23.750779
            ],
            [
              -46.133664,
              -23.750551
            ],
            [
              -46.132893,
              -23.746094
            ],
            [
              -46.131642,
              -23.74173
            ],
            [
              -46.129924,
              -23.737502
            ],
            [
              -46.127757,
              -23.733454
            ],
            [
              -46.127421,
              -23.732958
            ],
            [
              -46.1266,
              -23.731424
            ],
            [
              -46.125373,
              -23.729614
            ],
            [
              -46.126266,
              -23.729319
            ],
            [
              -46.12714,
              -23.729114
            ],
            [
              -46.131585,
              -23.727643
            ],
            [
              -46.135856,
              -23.725784
            ],
            [
              -46.139913,
              -23.723556
            ],
            [
              -46.143718,
              -23.720979
            ],
            [
              -46.147235,
              -23.718076
            ],
            [
              -46.148366,
              -23.717049
            ],
            [
              -46.151678,
              -23.713722
            ],
            [
              -46.154613,
              -23.710107
            ],
            [
              -46.157141,
              -23.70624
            ],
            [
              -46.159237,
              -23.70216
            ],
            [
              -46.160881,
              -23.697907
            ],
            [
              -46.161097,
              -23.697101
            ]
          ]
        ]
      },
      "properties": {
        "id": 1,
        "nome": "Mogi-Bertioga",
        "rodovia": "SP-098",
        "km_inicial": 62.9,
        "km_final": 98.1,
        "extensao_km_oficial": 35.2,
        "municipios": [
          "Mogi das Cruzes",
          "Biritiba-Mirim",
          "Bertioga"
        ],
        "k_geo": 1000,
        "cpc_breaks": [
          1,
          3,
          6,
          15
        ],
        "hid24h_breaks": [
          110,
          160,
          200,
          280
        ],
        "buffer_m": 5000,
        "comprimento_eixo_km": 26.382,
        "area_km2": 318.451,
        "fonte": "Figura 3.2.1-1 do PRODUTO 7 (Plano de Contingência), pg 18, raster vetorizado por segmentação de cor; buffer lateral 5000m"
      }
    },
    {
      "type": "Feature",
      "geometry": {
        "type": "Polygon",
        "coordinates": [
          [
            [
              -45.593237,
              -23.660751
            ],
            [
              -45.593063,
              -23.657798
            ],
            [
              -45.592311,
              -23.653337
            ],
            [
              -45.591556,
              -23.650661
            ],
            [
              -45.591149,
              -23.648247
            ],
            [
              -45.589917,
              -23.643878
            ],
            [
              -45.589743,
              -23.643443
            ],
            [
              -45.589569,
              -23.64049
            ],
            [
              -45.588817,
              -23.636029
            ],
            [
              -45.588062,
              -23.633354
            ],
            [
              -45.587655,
              -23.630939
            ],
            [
              -45.586424,
              -23.62657
            ],
            [
              -45.585366,
              -23.623935
            ],
            [
              -45.585346,
              -23.623816
            ],
            [
              -45.584115,
              -23.619447
            ],
            [
              -45.582416,
              -23.615212
            ],
            [
              -45.581348,
              -23.613195
            ],
            [
              -45.580117,
              -23.610127
            ],
            [
              -45.577968,
              -23.60607
            ],
            [
              -45.577635,
              -23.605573
            ],
            [
              -45.576821,
              -23.604036
            ],
            [
              -45.574244,
              -23.600197
            ],
            [
              -45.57298,
              -23.598678
            ],
            [
              -45.571954,
              -23.597149
            ],
            [
              -45.568974,
              -23.593566
            ],
            [
              -45.565621,
              -23.590275
            ],
            [
              -45.564478,
              -23.589261
            ],
            [
              -45.560926,
              -23.586397
            ],
            [
              -45.557091,
              -23.583861
            ],
            [
              -45.55301,
              -23.581677
            ],
            [
              -45.54872,
              -23.579865
            ],
            [
              -45.545208,
              -23.578744
            ],
            [
              -45.54503,
              -23.578648
            ],
            [
              -45.54317,
              -23.577863
            ],
            [
              -45.54275,
              -23.577637
            ],
            [
              -45.54089,
              -23.576852
            ],
            [
              -45.540469,
              -23.576627
            ],
            [
              -45.538609,
              -23.575841
            ],
            [
              -45.538189,
              -23.575616
            ],
            [
              -45.533899,
              -23.573803
            ],
            [
              -45.52944,
              -23.572379
            ],
            [
              -45.524853,
              -23.571357
            ],
            [
              -45.520181,
              -23.570746
            ],
            [
              -45.518351,
              -23.570671
            ],
            [
              -45.517733,
              -23.570064
            ],
            [
              -45.516591,
              -23.569049
            ],
            [
              -45.515449,
              -23.568034
            ],
            [
              -45.511899,
              -23.565169
            ],
            [
              -45.508065,
              -23.562632
            ],
            [
              -45.503986,
              -23.560447
            ],
            [
              -45.502126,
              -23.559661
            ],
            [
              -45.501706,
              -23.559435
            ],
            [
              -45.497417,
              -23.557622
            ],
            [
              -45.492959,
              -23.556197
            ],
            [
              -45.488373,
              -23.555173
            ],
            [
              -45.483803,
              -23.554575
            ],
            [
              -45.481358,
              -23.552956
            ],
            [
              -45.481251,
              -23.55286
            ],
            [
              -45.480109,
              -23.551845
            ],
            [
              -45.478967,
              -23.55083
            ],
            [
              -45.475418,
              -23.547964
            ],
            [
              -45.471586,
              -23.545426
            ],
            [
              -45.469699,
              -23.544414
            ],
            [
              -45.468165,
              -23.543398
            ],
            [
              -45.466278,
              -23.542386
            ],
            [
              -45.464744,
              -23.541371
            ],
            [
              -45.460666,
              -23.539184
            ],
            [
              -45.458807,
              -23.538397
            ],
            [
              -45.458387,
              -23.538172
            ],
            [
              -45.456528,
              -23.537385
            ],
            [
              -45.456108,
              -23.53716
            ],
            [
              -45.454249,
              -23.536373
            ],
            [
              -45.453828,
              -23.536147
            ],
            [
              -45.449541,
              -23.534332
            ],
            [
              -45.445084,
              -23.532906
            ],
            [
              -45.440499,
              -23.531881
            ],
            [
              -45.435829,
              -23.531268
            ],
            [
              -45.435299,
              -23.531246
            ],
            [
              -45.433669,
              -23.530882
            ],
            [
              -45.428999,
              -23.530268
            ],
            [
              -45.426249,
              -23.530153
            ],
            [
              -45.422315,
              -23.528894
            ],
            [
              -45.417731,
              -23.527868
            ],
            [
              -45.413672,
              -23.527335
            ],
            [
              -45.41289,
              -23.526565
            ],
            [
              -45.410608,
              -23.524533
            ],
            [
              -45.407061,
              -23.521666
            ],
            [
              -45.403231,
              -23.519126
            ],
            [
              -45.399926,
              -23.517352
            ],
            [
              -45.39982,
              -23.517194
            ],
            [
              -45.396846,
              -23.513607
            ],
            [
              -45.3935,
              -23.510313
            ],
            [
              -45.392359,
              -23.509297
            ],
            [
              -45.391218,
              -23.50828
            ],
            [
              -45.390078,
              -23.507264
            ],
            [
              -45.386531,
              -23.504396
            ],
            [
              -45.382703,
              -23.501856
            ],
            [
              -45.378627,
              -23.499667
            ],
            [
              -45.376769,
              -23.49888
            ],
            [
              -45.376349,
              -23.498654
            ],
            [
              -45.372064,
              -23.496837
            ],
            [
              -45.371391,
              -23.496621
            ],
            [
              -45.369515,
              -23.495614
            ],
            [
              -45.367657,
              -23.494826
            ],
            [
              -45.367237,
              -23.4946
            ],
            [
              -45.36538,
              -23.493812
            ],
            [
              -45.36496,
              -23.493587
            ],
            [
              -45.363901,
              -23.493138
            ],
            [
              -45.363227,
              -23.492324
            ],
            [
              -45.362204,
              -23.490794
            ],
            [
              -45.359232,
              -23.487207
            ],
            [
              -45.355887,
              -23.483911
            ],
            [
              -45.354747,
              -23.482895
            ],
            [
              -45.353607,
              -23.481878
            ],
            [
              -45.352467,
              -23.480862
            ],
            [
              -45.351327,
              -23.479846
            ],
            [
              -45.347782,
              -23.476977
            ],
            [
              -45.344013,
              -23.474474
            ],
            [
              -45.342085,
              -23.472914
            ],
            [
              -45.338258,
              -23.470372
            ],
            [
              -45.334184,
              -23.468182
            ],
            [
              -45.3299,
              -23.466364
            ],
            [
              -45.325447,
              -23.464934
            ],
            [
              -45.320865,
              -23.463906
            ],
            [
              -45.316197,
              -23.463289
            ],
            [
              -45.311487,
              -23.463089
            ],
            [
              -45.292154,
              -23.463126
            ],
            [
              -45.287445,
              -23.463345
            ],
            [
              -45.28278,
              -23.46398
            ],
            [
              -45.278203,
              -23.465026
            ],
            [
              -45.274768,
              -23.466144
            ],
            [
              -45.270759,
              -23.46444
            ],
            [
              -45.266306,
              -23.463008
            ],
            [
              -45.261725,
              -23.461979
            ],
            [
              -45.257058,
              -23.46136
            ],
            [
              -45.256997,
              -23.461357
            ],
            [
              -45.256663,
              -23.460845
            ],
            [
              -45.253794,
              -23.457289
            ],
            [
              -45.250561,
              -23.45401
            ],
            [
              -45.246996,
              -23.45104
            ],
            [
              -45.243133,
              -23.448405
            ],
            [
              -45.239008,
              -23.446133
            ],
            [
              -45.234662,
              -23.444245
            ],
            [
              -45.230137,
              -23.442758
            ],
            [
              -45.225475,
              -23.441688
            ],
            [
              -45.220722,
              -23.441045
            ],
            [
              -45.215924,
              -23.440834
            ],
            [
              -45.211127,
              -23.441058
            ],
            [
              -45.206376,
              -23.441715
            ],
            [
              -45.201718,
              -23.442798
            ],
            [
              -45.197197,
              -23.444297
            ],
            [
              -45.192857,
              -23.446197
            ],
            [
              -45.18874,
              -23.448481
            ],
            [
              -45.184885,
              -23.451126
            ],
            [
              -45.18133,
              -23.454106
            ],
            [
              -45.178108,
              -23.457394
            ],
            [
              -45.175251,
              -23.460957
            ],
            [
              -45.172786,
              -23.464762
            ],
            [
              -45.170737,
              -23.468771
            ],
            [
              -45.169123,
              -23.472946
            ],
            [
              -45.167961,
              -23.477246
            ],
            [
              -45.167262,
              -23.481631
            ],
            [
              -45.167031,
              -23.486058
            ],
            [
              -45.167033,
              -23.487077
            ],
            [
              -45.167283,
              -23.491586
            ],
            [
              -45.16802,
              -23.496049
            ],
            [
              -45.169237,
              -23.500422
            ],
            [
              -45.170921,
              -23.504661
            ],
            [
              -45.173055,
              -23.508723
            ],
            [
              -45.173387,
              -23.509221
            ],
            [
              -45.174195,
              -23.51076
            ],
            [
              -45.176759,
              -23.514606
            ],
            [
              -45.177313,
              -23.515276
            ],
            [
              -45.177615,
              -23.515851
            ],
            [
              -45.180179,
              -23.519696
            ],
            [
              -45.180733,
              -23.520366
            ],
            [
              -45.181035,
              -23.520941
            ],
            [
              -45.181207,
              -23.521199
            ],
            [
              -45.182323,
              -23.524007
            ],
            [
              -45.184458,
              -23.52807
            ],
            [
              -45.187023,
              -23.531916
            ],
            [
              -45.189991,
              -23.535506
            ],
            [
              -45.193333,
              -23.538805
            ],
            [
              -45.194473,
              -23.539822
            ],
            [
              -45.198016,
              -23.542695
            ],
            [
              -45.201843,
              -23.54524
            ],
            [
              -45.205917,
              -23.547433
            ],
            [
              -45.207774,
              -23.548223
            ],
            [
              -45.208195,
              -23.548449
            ],
            [
              -45.212479,
              -23.550271
            ],
            [
              -45.216934,
              -23.551704
            ],
            [
              -45.221518,
              -23.552735
            ],
            [
              -45.226188,
              -23.553355
            ],
            [
              -45.230902,
              -23.553557
            ],
            [
              -45.23773,
              -23.553547
            ],
            [
              -45.238916,
              -23.553492
            ],
            [
              -45.238929,
              -23.553499
            ],
            [
              -45.240786,
              -23.554289
            ],
            [
              -45.241206,
              -23.554515
            ],
            [
              -45.243064,
              -23.555304
            ],
            [
              -45.243484,
              -23.55553
            ],
            [
              -45.245342,
              -23.556319
            ],
            [
              -45.245762,
              -23.556545
            ],
            [
              -45.250048,
              -23.558366
            ],
            [
              -45.254503,
              -23.559798
            ],
            [
              -45.259088,
              -23.560828
            ],
            [
              -45.263759,
              -23.561447
            ],
            [
              -45.268472,
              -23.561648
            ],
            [
              -45.274163,
              -23.561638
            ],
            [
              -45.278876,
              -23.56142
            ],
            [
              -45.283544,
              -23.560786
            ],
            [
              -45.288124,
              -23.559739
            ],
            [
              -45.292574,
              -23.558292
            ],
            [
              -45.292708,
              -23.558234
            ],
            [
              -45.293511,
              -23.559027
            ],
            [
              -45.294652,
              -23.560043
            ],
            [
              -45.298198,
              -23.562913
            ],
            [
              -45.302027,
              -23.565456
            ],
            [
              -45.306103,
              -23.567646
            ],
            [
              -45.307027,
              -23.568038
            ],
            [
              -45.307724,
              -23.568501
            ],
            [
              -45.311801,
              -23.570692
            ],
            [
              -45.31366,
              -23.57148
            ],
            [
              -45.31408,
              -23.571706
            ],
            [
              -45.315938,
              -23.572495
            ],
            [
              -45.316359,
              -23.572721
            ],
            [
              -45.318217,
              -23.573509
            ],
            [
              -45.318637,
              -23.573735
            ],
            [
              -45.320496,
              -23.574523
            ],
            [
              -45.320613,
              -23.574586
            ],
            [
              -45.32134,
              -23.575069
            ],
            [
              -45.323675,
              -23.578562
            ],
            [
              -45.326648,
              -23.582149
            ],
            [
              -45.329995,
              -23.585445
            ],
            [
              -45.331136,
              -23.586462
            ],
            [
              -45.334683,
              -23.589331
            ],
            [
              -45.338514,
              -23.591872
            ],
            [
              -45.342592,
              -23.594062
            ],
            [
              -45.345951,
              -23.595486
            ],
            [
              -45.347098,
              -23.596616
            ],
            [
              -45.348239,
              -23.597632
            ],
            [
              -45.34938,
              -23.598649
            ],
            [
              -45.352928,
              -23.601518
            ],
            [
              -45.35676,
              -23.604058
            ],
            [
              -45.358647,
              -23.605072
            ],
            [
              -45.360181,
              -23.606088
            ],
            [
              -45.362068,
              -23.607101
            ],
            [
              -45.363601,
              -23.608118
            ],
            [
              -45.367681,
              -23.610307
            ],
            [
              -45.371969,
              -23.612125
            ],
            [
              -45.376428,
              -23.613553
            ],
            [
              -45.381015,
              -23.614579
            ],
            [
              -45.385405,
              -23.615157
            ],
            [
              -45.386681,
              -23.615566
            ],
            [
              -45.391268,
              -23.616592
            ],
            [
              -45.395941,
              -23.617206
            ],
            [
              -45.39707,
              -23.617254
            ],
            [
              -45.398072,
              -23.617575
            ],
            [
              -45.398947,
              -23.61777
            ],
            [
              -45.401491,
              -23.618585
            ],
            [
              -45.406078,
              -23.61961
            ],
            [
              -45.410752,
              -23.620225
            ],
            [
              -45.415468,
              -23.620422
            ],
            [
              -45.41552,
              -23.620421
            ],
            [
              -45.416141,
              -23.62056
            ],
            [
              -45.416508,
              -23.620804
            ],
            [
              -45.416615,
              -23.620899
            ],
            [
              -45.417757,
              -23.621915
            ],
            [
              -45.418899,
              -23.622931
            ],
            [
              -45.420237,
              -23.624012
            ],
            [
              -45.421713,
              -23.626215
            ],
            [
              -45.42469,
              -23.629801
            ],
            [
              -45.428041,
              -23.633095
            ],
            [
              -45.429183,
              -23.63411
            ],
            [
              -45.432733,
              -23.636977
            ],
            [
              -45.436567,
              -23.639516
            ],
            [
              -45.440648,
              -23.641703
            ],
            [
              -45.442508,
              -23.64249
            ],
            [
              -45.442929,
              -23.642716
            ],
            [
              -45.44722,
              -23.644531
            ],
            [
              -45.451681,
              -23.645957
            ],
            [
              -45.45627,
              -23.646981
            ],
            [
              -45.460944,
              -23.647594
            ],
            [
              -45.462946,
              -23.647677
            ],
            [
              -45.466868,
              -23.649778
            ],
            [
              -45.47116,
              -23.651592
            ],
            [
              -45.471833,
              -23.651807
            ],
            [
              -45.473712,
              -23.652814
            ],
            [
              -45.475572,
              -23.6536
            ],
            [
              -45.475993,
              -23.653825
            ],
            [
              -45.480285,
              -23.65564
            ],
            [
              -45.484746,
              -23.657065
            ],
            [
              -45.489336,
              -23.658088
            ],
            [
              -45.492157,
              -23.658457
            ],
            [
              -45.492829,
              -23.66246
            ],
            [
              -45.494058,
              -23.66683
            ],
            [
              -45.494826,
              -23.668746
            ],
            [
              -45.495137,
              -23.670603
            ],
            [
              -45.495301,
              -23.671186
            ],
            [
              -45.495304,
              -23.67182
            ],
            [
              -45.495382,
              -23.673164
            ],
            [
              -45.494629,
              -23.674613
            ],
            [
              -45.492964,
              -23.678859
            ],
            [
              -45.491768,
              -23.683236
            ],
            [
              -45.491052,
              -23.687702
            ],
            [
              -45.490824,
              -23.692212
            ],
            [
              -45.490828,
              -23.69323
            ],
            [
              -45.49108,
              -23.697656
            ],
            [
              -45.491803,
              -23.702038
            ],
            [
              -45.492989,
              -23.706333
            ],
            [
              -45.494626,
              -23.710501
            ],
            [
              -45.496699,
              -23.714501
            ],
            [
              -45.499188,
              -23.718294
            ],
            [
              -45.502069,
              -23.721845
            ],
            [
              -45.505315,
              -23.725118
            ],
            [
              -45.508893,
              -23.728083
            ],
            [
              -45.51277,
              -23.73071
            ],
            [
              -45.516908,
              -23.732975
            ],
            [
              -45.521267,
              -23.734855
            ],
            [
              -45.525806,
              -23.736333
            ],
            [
              -45.530481,
              -23.737394
            ],
            [
              -45.535245,
              -23.738028
            ],
            [
              -45.540055,
              -23.738228
            ],
            [
              -45.544862,
              -23.737994
            ],
            [
              -45.549622,
              -23.737327
            ],
            [
              -45.554287,
              -23.736233
            ],
            [
              -45.558814,
              -23.734724
            ],
            [
              -45.563158,
              -23.732813
            ],
            [
              -45.567277,
              -23.73052
            ],
            [
              -45.571132,
              -23.727865
            ],
            [
              -45.574686,
              -23.724876
            ],
            [
              -45.577904,
              -23.72158
            ],
            [
              -45.580756,
              -23.71801
            ],
            [
              -45.581524,
              -23.716819
            ],
            [
              -45.582722,
              -23.715355
            ],
            [
              -45.585268,
              -23.711497
            ],
            [
              -45.586069,
              -23.709954
            ],
            [
              -45.586398,
              -23.709455
            ],
            [
              -45.587199,
              -23.707912
            ],
            [
              -45.587528,
              -23.707413
            ],
            [
              -45.588329,
              -23.70587
            ],
            [
              -45.588658,
              -23.705371
            ],
            [
              -45.590772,
              -23.701298
            ],
            [
              -45.592434,
              -23.697051
            ],
            [
              -45.5926,
              -23.696443
            ],
            [
              -45.593559,
              -23.69399
            ],
            [
              -45.594752,
              -23.689612
            ],
            [
              -45.595465,
              -23.685145
            ],
            [
              -45.595689,
              -23.680636
            ],
            [
              -45.595661,
              -23.674523
            ],
            [
              -45.595396,
              -23.670015
            ],
            [
              -45.594644,
              -23.665555
            ],
            [
              -45.593411,
              -23.661185
            ],
            [
              -45.593237,
              -23.660751
            ]
          ]
        ]
      },
      "properties": {
        "id": 2,
        "nome": "Caraguatatuba-Ubatuba",
        "rodovia": "SP-055",
        "km_inicial": 53.6,
        "km_final": 112.55,
        "extensao_km_oficial": 58.95,
        "municipios": [
          "Ubatuba",
          "Caraguatatuba"
        ],
        "k_geo": 400,
        "cpc_breaks": [
          1,
          6,
          12,
          24
        ],
        "hid24h_breaks": [
          70,
          80,
          120,
          143
        ],
        "buffer_m": 5000,
        "comprimento_eixo_km": 50.2,
        "area_km2": 544.088,
        "fonte": "Figura 3.2.1-1 do PRODUTO 7 (Plano de Contingência), pg 18, raster vetorizado por segmentação de cor; buffer lateral 5000m"
      }
    },
    {
      "type": "Feature",
      "geometry": {
        "type": "Polygon",
        "coordinates": [
          [
            [
              -45.875594,
              -23.686107
            ],
            [
              -45.8738,
              -23.685355
            ],
            [
              -45.869333,
              -23.683941
            ],
            [
              -45.86474,
              -23.682929
            ],
            [
              -45.860063,
              -23.682329
            ],
            [
              -45.855344,
              -23.682145
            ],
            [
              -45.850788,
              -23.68217
            ],
            [
              -45.846073,
              -23.682406
            ],
            [
              -45.841403,
              -23.683057
            ],
            [
              -45.838636,
              -23.683699
            ],
            [
              -45.835715,
              -23.684107
            ],
            [
              -45.834087,
              -23.684485
            ],
            [
              -45.833556,
              -23.684511
            ],
            [
              -45.83201,
              -23.684727
            ],
            [
              -45.831013,
              -23.684599
            ],
            [
              -45.830898,
              -23.684523
            ],
            [
              -45.826809,
              -23.682346
            ],
            [
              -45.822512,
              -23.680541
            ],
            [
              -45.818046,
              -23.679126
            ],
            [
              -45.813454,
              -23.678113
            ],
            [
              -45.808776,
              -23.677511
            ],
            [
              -45.804058,
              -23.677326
            ],
            [
              -45.799502,
              -23.677349
            ],
            [
              -45.794786,
              -23.677583
            ],
            [
              -45.790117,
              -23.678233
            ],
            [
              -45.785537,
              -23.679294
            ],
            [
              -45.781089,
              -23.680756
            ],
            [
              -45.776814,
              -23.682605
            ],
            [
              -45.772752,
              -23.684824
            ],
            [
              -45.76894,
              -23.687392
            ],
            [
              -45.765415,
              -23.690286
            ],
            [
              -45.76429,
              -23.691303
            ],
            [
              -45.761131,
              -23.690605
            ],
            [
              -45.756454,
              -23.690001
            ],
            [
              -45.751735,
              -23.689815
            ],
            [
              -45.743762,
              -23.689853
            ],
            [
              -45.739045,
              -23.690085
            ],
            [
              -45.734375,
              -23.690734
            ],
            [
              -45.729794,
              -23.691793
            ],
            [
              -45.727256,
              -23.692626
            ],
            [
              -45.726382,
              -23.692828
            ],
            [
              -45.723844,
              -23.693661
            ],
            [
              -45.722971,
              -23.693863
            ],
            [
              -45.720433,
              -23.694696
            ],
            [
              -45.719559,
              -23.694898
            ],
            [
              -45.715109,
              -23.696357
            ],
            [
              -45.710833,
              -23.698204
            ],
            [
              -45.706769,
              -23.700422
            ],
            [
              -45.705877,
              -23.701022
            ],
            [
              -45.702881,
              -23.702316
            ],
            [
              -45.702462,
              -23.702545
            ],
            [
              -45.700608,
              -23.703345
            ],
            [
              -45.696544,
              -23.705562
            ],
            [
              -45.69273,
              -23.708129
            ],
            [
              -45.691112,
              -23.709455
            ],
            [
              -45.684629,
              -23.709484
            ],
            [
              -45.679912,
              -23.709715
            ],
            [
              -45.675241,
              -23.710361
            ],
            [
              -45.670659,
              -23.711419
            ],
            [
              -45.666208,
              -23.712877
            ],
            [
              -45.661931,
              -23.714723
            ],
            [
              -45.661511,
              -23.714952
            ],
            [
              -45.659764,
              -23.715705
            ],
            [
              -45.653899,
              -23.71573
            ],
            [
              -45.649182,
              -23.71596
            ],
            [
              -45.64451,
              -23.716606
            ],
            [
              -45.640087,
              -23.717626
            ],
            [
              -45.639958,
              -23.717643
            ],
            [
              -45.635375,
              -23.7187
            ],
            [
              -45.632836,
              -23.719531
            ],
            [
              -45.631962,
              -23.719733
            ],
            [
              -45.62751,
              -23.72119
            ],
            [
              -45.623232,
              -23.723035
            ],
            [
              -45.622813,
              -23.723263
            ],
            [
              -45.620958,
              -23.724063
            ],
            [
              -45.616892,
              -23.726278
            ],
            [
              -45.615365,
              -23.727304
            ],
            [
              -45.613483,
              -23.728329
            ],
            [
              -45.609667,
              -23.730894
            ],
            [
              -45.606137,
              -23.733784
            ],
            [
              -45.605002,
              -23.734807
            ],
            [
              -45.603867,
              -23.735831
            ],
            [
              -45.602732,
              -23.736854
            ],
            [
              -45.599405,
              -23.74017
            ],
            [
              -45.596454,
              -23.743775
            ],
            [
              -45.596181,
              -23.744189
            ],
            [
              -45.595139,
              -23.743749
            ],
            [
              -45.594717,
              -23.743524
            ],
            [
              -45.590421,
              -23.741714
            ],
            [
              -45.585956,
              -23.740291
            ],
            [
              -45.58508,
              -23.740097
            ],
            [
              -45.582533,
              -23.739285
            ],
            [
              -45.57794,
              -23.738265
            ],
            [
              -45.573261,
              -23.737656
            ],
            [
              -45.570779,
              -23.737555
            ],
            [
              -45.570869,
              -23.735749
            ],
            [
              -45.570847,
              -23.730688
            ],
            [
              -45.572526,
              -23.728639
            ],
            [
              -45.575072,
              -23.724781
            ],
            [
              -45.575371,
              -23.724204
            ],
            [
              -45.575922,
              -23.723532
            ],
            [
              -45.578468,
              -23.719674
            ],
            [
              -45.579223,
              -23.718218
            ],
            [
              -45.57947,
              -23.717849
            ],
            [
              -45.581573,
              -23.713862
            ],
            [
              -45.583243,
              -23.709705
            ],
            [
              -45.584461,
              -23.705418
            ],
            [
              -45.585217,
              -23.701041
            ],
            [
              -45.585504,
              -23.696617
            ],
            [
              -45.585318,
              -23.692188
            ],
            [
              -45.584662,
              -23.687798
            ],
            [
              -45.583541,
              -23.683488
            ],
            [
              -45.581968,
              -23.679299
            ],
            [
              -45.579956,
              -23.675273
            ],
            [
              -45.577526,
              -23.671448
            ],
            [
              -45.574701,
              -23.667861
            ],
            [
              -45.571507,
              -23.664545
            ],
            [
              -45.567977,
              -23.661534
            ],
            [
              -45.564143,
              -23.658857
            ],
            [
              -45.560042,
              -23.656538
            ],
            [
              -45.555715,
              -23.6546
            ],
            [
              -45.551203,
              -23.653063
            ],
            [
              -45.546549,
              -23.65194
            ],
            [
              -45.541797,
              -23.651242
            ],
            [
              -45.536995,
              -23.650977
            ],
            [
              -45.532187,
              -23.651146
            ],
            [
              -45.527421,
              -23.651749
            ],
            [
              -45.522741,
              -23.652779
            ],
            [
              -45.518194,
              -23.654226
            ],
            [
              -45.513822,
              -23.656077
            ],
            [
              -45.509668,
              -23.658313
            ],
            [
              -45.505772,
              -23.660914
            ],
            [
              -45.502172,
              -23.663854
            ],
            [
              -45.501798,
              -23.66419
            ],
            [
              -45.497406,
              -23.665625
            ],
            [
              -45.493127,
              -23.667466
            ],
            [
              -45.492708,
              -23.667694
            ],
            [
              -45.490853,
              -23.668492
            ],
            [
              -45.486786,
              -23.670703
            ],
            [
              -45.48297,
              -23.673265
            ],
            [
              -45.479438,
              -23.676152
            ],
            [
              -45.478302,
              -23.677175
            ],
            [
              -45.474973,
              -23.680488
            ],
            [
              -45.47202,
              -23.684091
            ],
            [
              -45.469472,
              -23.687947
            ],
            [
              -45.467354,
              -23.692019
            ],
            [
              -45.465688,
              -23.696264
            ],
            [
              -45.465522,
              -23.696873
            ],
            [
              -45.46456,
              -23.699324
            ],
            [
              -45.463362,
              -23.703702
            ],
            [
              -45.462646,
              -23.708167
            ],
            [
              -45.462416,
              -23.712677
            ],
            [
              -45.462427,
              -23.715733
            ],
            [
              -45.462688,
              -23.720241
            ],
            [
              -45.463437,
              -23.724703
            ],
            [
              -45.464665,
              -23.729073
            ],
            [
              -45.465645,
              -23.731519
            ],
            [
              -45.465816,
              -23.732126
            ],
            [
              -45.465979,
              -23.732534
            ],
            [
              -45.465818,
              -23.732944
            ],
            [
              -45.46547,
              -23.734217
            ],
            [
              -45.464095,
              -23.736859
            ],
            [
              -45.462429,
              -23.741105
            ],
            [
              -45.461231,
              -23.745482
            ],
            [
              -45.460514,
              -23.749948
            ],
            [
              -45.460284,
              -23.754457
            ],
            [
              -45.460306,
              -23.760571
            ],
            [
              -45.460567,
              -23.765078
            ],
            [
              -45.461316,
              -23.76954
            ],
            [
              -45.462068,
              -23.772216
            ],
            [
              -45.462473,
              -23.774631
            ],
            [
              -45.463702,
              -23.779001
            ],
            [
              -45.46447,
              -23.780917
            ],
            [
              -45.464782,
              -23.782775
            ],
            [
              -45.466011,
              -23.787145
            ],
            [
              -45.467709,
              -23.79138
            ],
            [
              -45.469857,
              -23.795439
            ],
            [
              -45.471716,
              -23.798208
            ],
            [
              -45.471752,
              -23.798335
            ],
            [
              -45.473449,
              -23.80257
            ],
            [
              -45.475598,
              -23.806629
            ],
            [
              -45.478177,
              -23.810469
            ],
            [
              -45.481159,
              -23.814054
            ],
            [
              -45.484516,
              -23.817346
            ],
            [
              -45.48566,
              -23.818361
            ],
            [
              -45.486804,
              -23.819377
            ],
            [
              -45.487948,
              -23.820392
            ],
            [
              -45.489092,
              -23.821407
            ],
            [
              -45.492649,
              -23.824273
            ],
            [
              -45.49649,
              -23.82681
            ],
            [
              -45.500578,
              -23.828995
            ],
            [
              -45.504876,
              -23.830808
            ],
            [
              -45.509343,
              -23.832233
            ],
            [
              -45.513939,
              -23.833255
            ],
            [
              -45.514069,
              -23.833272
            ],
            [
              -45.518505,
              -23.834259
            ],
            [
              -45.518634,
              -23.834276
            ],
            [
              -45.523071,
              -23.835262
            ],
            [
              -45.527752,
              -23.835873
            ],
            [
              -45.532476,
              -23.836066
            ],
            [
              -45.534757,
              -23.836058
            ],
            [
              -45.539479,
              -23.835832
            ],
            [
              -45.544156,
              -23.835189
            ],
            [
              -45.545347,
              -23.834916
            ],
            [
              -45.547297,
              -23.834995
            ],
            [
              -45.55414,
              -23.834971
            ],
            [
              -45.558862,
              -23.834744
            ],
            [
              -45.563538,
              -23.834101
            ],
            [
              -45.566894,
              -23.833329
            ],
            [
              -45.567881,
              -23.833856
            ],
            [
              -45.57218,
              -23.835668
            ],
            [
              -45.575965,
              -23.836873
            ],
            [
              -45.577891,
              -23.837684
            ],
            [
              -45.582359,
              -23.839106
            ],
            [
              -45.586956,
              -23.840127
            ],
            [
              -45.591638,
              -23.840735
            ],
            [
              -45.596362,
              -23.840926
            ],
            [
              -45.602064,
              -23.840904
            ],
            [
              -45.605485,
              -23.840739
            ],
            [
              -45.608907,
              -23.840877
            ],
            [
              -45.611188,
              -23.840868
            ],
            [
              -45.61591,
              -23.84064
            ],
            [
              -45.620586,
              -23.839995
            ],
            [
              -45.625173,
              -23.838939
            ],
            [
              -45.629629,
              -23.837481
            ],
            [
              -45.633911,
              -23.835636
            ],
            [
              -45.63433,
              -23.835408
            ],
            [
              -45.636186,
              -23.834608
            ],
            [
              -45.637025,
              -23.834151
            ],
            [
              -45.640738,
              -23.832552
            ],
            [
              -45.641157,
              -23.832323
            ],
            [
              -45.643014,
              -23.831523
            ],
            [
              -45.647082,
              -23.829308
            ],
            [
              -45.650901,
              -23.826742
            ],
            [
              -45.654432,
              -23.823851
            ],
            [
              -45.656703,
              -23.821803
            ],
            [
              -45.660031,
              -23.818486
            ],
            [
              -45.662982,
              -23.81488
            ],
            [
              -45.664306,
              -23.812871
            ],
            [
              -45.664638,
              -23.8126
            ],
            [
              -45.665773,
              -23.811576
            ],
            [
              -45.666908,
              -23.810552
            ],
            [
              -45.670235,
              -23.807235
            ],
            [
              -45.670427,
              -23.807
            ],
            [
              -45.672598,
              -23.806991
            ],
            [
              -45.677319,
              -23.80676
            ],
            [
              -45.681993,
              -23.806113
            ],
            [
              -45.686579,
              -23.805055
            ],
            [
              -45.689119,
              -23.804223
            ],
            [
              -45.689994,
              -23.804021
            ],
            [
              -45.694447,
              -23.802562
            ],
            [
              -45.697179,
              -23.801383
            ],
            [
              -45.698631,
              -23.801571
            ],
            [
              -45.703354,
              -23.801759
            ],
            [
              -45.709054,
              -23.801733
            ],
            [
              -45.713775,
              -23.801502
            ],
            [
              -45.718449,
              -23.800854
            ],
            [
              -45.722874,
              -23.799831
            ],
            [
              -45.723004,
              -23.799814
            ],
            [
              -45.727429,
              -23.798791
            ],
            [
              -45.727558,
              -23.798773
            ],
            [
              -45.732143,
              -23.797714
            ],
            [
              -45.736595,
              -23.796254
            ],
            [
              -45.740874,
              -23.794406
            ],
            [
              -45.74494,
              -23.792188
            ],
            [
              -45.748755,
              -23.78962
            ],
            [
              -45.750803,
              -23.787941
            ],
            [
              -45.753163,
              -23.788462
            ],
            [
              -45.757844,
              -23.789066
            ],
            [
              -45.762566,
              -23.789252
            ],
            [
              -45.764515,
              -23.789156
            ],
            [
              -45.765708,
              -23.789419
            ],
            [
              -45.770389,
              -23.790022
            ],
            [
              -45.775111,
              -23.790208
            ],
            [
              -45.776251,
              -23.790202
            ],
            [
              -45.780971,
              -23.789969
            ],
            [
              -45.781379,
              -23.789912
            ],
            [
              -45.781789,
              -23.789965
            ],
            [
              -45.786511,
              -23.79015
            ],
            [
              -45.787651,
              -23.790145
            ],
            [
              -45.792371,
              -23.789911
            ],
            [
              -45.797044,
              -23.789261
            ],
            [
              -45.801628,
              -23.788199
            ],
            [
              -45.806079,
              -23.786737
            ],
            [
              -45.810357,
              -23.784887
            ],
            [
              -45.810776,
              -23.784658
            ],
            [
              -45.81263,
              -23.783856
            ],
            [
              -45.816695,
              -23.781636
            ],
            [
              -45.820508,
              -23.779067
            ],
            [
              -45.824035,
              -23.776171
            ],
            [
              -45.824705,
              -23.775565
            ],
            [
              -45.827459,
              -23.775673
            ],
            [
              -45.837717,
              -23.775618
            ],
            [
              -45.842436,
              -23.775382
            ],
            [
              -45.847109,
              -23.77473
            ],
            [
              -45.847467,
              -23.774647
            ],
            [
              -45.847661,
              -23.774709
            ],
            [
              -45.848537,
              -23.774902
            ],
            [
              -45.851087,
              -23.775709
            ],
            [
              -45.855683,
              -23.776721
            ],
            [
              -45.860364,
              -23.777321
            ],
            [
              -45.865086,
              -23.777504
            ],
            [
              -45.867365,
              -23.777491
            ],
            [
              -45.872085,
              -23.777255
            ],
            [
              -45.876757,
              -23.776603
            ],
            [
              -45.877565,
              -23.776415
            ],
            [
              -45.892434,
              -23.77633
            ],
            [
              -45.897242,
              -23.776084
            ],
            [
              -45.902001,
              -23.775406
            ],
            [
              -45.906665,
              -23.774302
            ],
            [
              -45.911188,
              -23.772783
            ],
            [
              -45.915528,
              -23.770862
            ],
            [
              -45.919642,
              -23.76856
            ],
            [
              -45.923491,
              -23.765897
            ],
            [
              -45.927037,
              -23.762899
            ],
            [
              -45.930247,
              -23.759596
            ],
            [
              -45.93309,
              -23.75602
            ],
            [
              -45.935538,
              -23.752204
            ],
            [
              -45.937568,
              -23.748185
            ],
            [
              -45.93916,
              -23.744003
            ],
            [
              -45.940298,
              -23.739697
            ],
            [
              -45.940973,
              -23.735309
            ],
            [
              -45.941178,
              -23.730882
            ],
            [
              -45.94091,
              -23.726457
            ],
            [
              -45.940172,
              -23.722078
            ],
            [
              -45.938972,
              -23.717786
            ],
            [
              -45.93732,
              -23.713623
            ],
            [
              -45.935234,
              -23.70963
            ],
            [
              -45.932733,
              -23.705844
            ],
            [
              -45.929841,
              -23.702302
            ],
            [
              -45.926585,
              -23.699037
            ],
            [
              -45.922999,
              -23.696083
            ],
            [
              -45.919115,
              -23.693466
            ],
            [
              -45.914971,
              -23.691212
            ],
            [
              -45.910608,
              -23.689343
            ],
            [
              -45.906067,
              -23.687877
            ],
            [
              -45.901392,
              -23.686827
            ],
            [
              -45.896627,
              -23.686204
            ],
            [
              -45.89182,
              -23.686015
            ],
            [
              -45.875594,
              -23.686107
            ]
          ]
        ]
      },
      "properties": {
        "id": 3,
        "nome": "São Sebastião",
        "rodovia": "SP-055",
        "km_inicial": 112.55,
        "km_final": 191.4,
        "extensao_km_oficial": 78.85,
        "municipios": [
          "São Sebastião",
          "São Vicente"
        ],
        "k_geo": 200,
        "cpc_breaks": [
          1,
          8,
          16,
          24
        ],
        "hid24h_breaks": [
          60,
          85,
          110,
          126
        ],
        "buffer_m": 5000,
        "comprimento_eixo_km": 59.999,
        "area_km2": 615.63,
        "fonte": "Figura 3.2.1-1 do PRODUTO 7 (Plano de Contingência), pg 18, raster vetorizado por segmentação de cor; buffer lateral 5000m"
      }
    },
    {
      "type": "Feature",
      "geometry": {
        "type": "Polygon",
        "coordinates": [
          [
            [
              -46.32012,
              -23.833985
            ],
            [
              -46.320041,
              -23.833792
            ],
            [
              -46.317866,
              -23.829747
            ],
            [
              -46.315263,
              -23.825921
            ],
            [
              -46.313989,
              -23.824409
            ],
            [
              -46.312952,
              -23.822885
            ],
            [
              -46.309947,
              -23.819317
            ],
            [
              -46.30657,
              -23.816043
            ],
            [
              -46.30542,
              -23.815034
            ],
            [
              -46.301846,
              -23.812188
            ],
            [
              -46.297991,
              -23.809672
            ],
            [
              -46.293891,
              -23.807508
            ],
            [
              -46.289584,
              -23.805717
            ],
            [
              -46.285109,
              -23.804315
            ],
            [
              -46.280509,
              -23.803316
            ],
            [
              -46.275826,
              -23.802728
            ],
            [
              -46.271103,
              -23.802558
            ],
            [
              -46.267684,
              -23.802586
            ],
            [
              -46.262965,
              -23.802834
            ],
            [
              -46.25861,
              -23.803454
            ],
            [
              -46.258004,
              -23.803322
            ],
            [
              -46.255452,
              -23.802522
            ],
            [
              -46.250852,
              -23.801522
            ],
            [
              -46.250723,
              -23.801505
            ],
            [
              -46.246283,
              -23.80054
            ],
            [
              -46.2416,
              -23.799951
            ],
            [
              -46.236877,
              -23.79978
            ],
            [
              -46.23011,
              -23.799834
            ],
            [
              -46.229007,
              -23.795998
            ],
            [
              -46.227285,
              -23.791772
            ],
            [
              -46.225114,
              -23.787725
            ],
            [
              -46.224778,
              -23.78723
            ],
            [
              -46.223955,
              -23.785697
            ],
            [
              -46.223619,
              -23.785202
            ],
            [
              -46.222796,
              -23.783668
            ],
            [
              -46.220197,
              -23.779841
            ],
            [
              -46.217195,
              -23.776271
            ],
            [
              -46.213822,
              -23.772995
            ],
            [
              -46.212673,
              -23.771986
            ],
            [
              -46.211524,
              -23.770976
            ],
            [
              -46.209226,
              -23.768956
            ],
            [
              -46.208077,
              -23.767947
            ],
            [
              -46.204506,
              -23.765098
            ],
            [
              -46.200654,
              -23.762579
            ],
            [
              -46.196557,
              -23.760412
            ],
            [
              -46.194691,
              -23.759635
            ],
            [
              -46.194269,
              -23.759411
            ],
            [
              -46.189964,
              -23.757617
            ],
            [
              -46.185493,
              -23.756213
            ],
            [
              -46.184616,
              -23.756022
            ],
            [
              -46.183912,
              -23.755801
            ],
            [
              -46.182885,
              -23.754898
            ],
            [
              -46.179316,
              -23.752049
            ],
            [
              -46.175465,
              -23.749529
            ],
            [
              -46.171368,
              -23.747362
            ],
            [
              -46.169503,
              -23.746584
            ],
            [
              -46.16908,
              -23.74636
            ],
            [
              -46.167215,
              -23.745582
            ],
            [
              -46.166792,
              -23.745359
            ],
            [
              -46.162489,
              -23.743564
            ],
            [
              -46.158018,
              -23.742158
            ],
            [
              -46.157141,
              -23.741967
            ],
            [
              -46.155275,
              -23.74138
            ],
            [
              -46.153347,
              -23.740576
            ],
            [
              -46.148876,
              -23.73917
            ],
            [
              -46.146797,
              -23.738717
            ],
            [
              -46.146492,
              -23.73859
            ],
            [
              -46.142022,
              -23.737184
            ],
            [
              -46.141145,
              -23.736992
            ],
            [
              -46.138595,
              -23.73619
            ],
            [
              -46.138578,
              -23.736187
            ],
            [
              -46.137079,
              -23.735392
            ],
            [
              -46.136152,
              -23.735006
            ],
            [
              -46.135451,
              -23.734547
            ],
            [
              -46.131355,
              -23.732378
            ],
            [
              -46.127053,
              -23.730582
            ],
            [
              -46.122583,
              -23.729176
            ],
            [
              -46.11831,
              -23.728242
            ],
            [
              -46.116773,
              -23.727601
            ],
            [
              -46.112303,
              -23.726194
            ],
            [
              -46.107707,
              -23.725189
            ],
            [
              -46.107211,
              -23.725126
            ],
            [
              -46.104311,
              -23.724214
            ],
            [
              -46.103434,
              -23.724022
            ],
            [
              -46.100884,
              -23.723219
            ],
            [
              -46.100008,
              -23.723027
            ],
            [
              -46.097458,
              -23.722225
            ],
            [
              -46.095379,
              -23.72177
            ],
            [
              -46.095075,
              -23.721643
            ],
            [
              -46.090605,
              -23.720236
            ],
            [
              -46.086333,
              -23.719301
            ],
            [
              -46.084796,
              -23.718659
            ],
            [
              -46.080327,
              -23.717251
            ],
            [
              -46.076055,
              -23.716317
            ],
            [
              -46.074518,
              -23.715675
            ],
            [
              -46.070049,
              -23.714266
            ],
            [
              -46.065454,
              -23.713261
            ],
            [
              -46.065324,
              -23.713244
            ],
            [
              -46.064607,
              -23.713087
            ],
            [
              -46.062742,
              -23.712499
            ],
            [
              -46.060815,
              -23.711694
            ],
            [
              -46.056346,
              -23.710285
            ],
            [
              -46.055469,
              -23.710094
            ],
            [
              -46.05292,
              -23.70929
            ],
            [
              -46.050842,
              -23.708835
            ],
            [
              -46.050538,
              -23.708708
            ],
            [
              -46.046069,
              -23.707299
            ],
            [
              -46.041474,
              -23.706292
            ],
            [
              -46.037079,
              -23.705733
            ],
            [
              -46.0358,
              -23.70533
            ],
            [
              -46.031205,
              -23.704324
            ],
            [
              -46.026527,
              -23.703728
            ],
            [
              -46.021807,
              -23.70355
            ],
            [
              -46.012694,
              -23.70361
            ],
            [
              -46.010409,
              -23.703726
            ],
            [
              -46.009585,
              -23.703466
            ],
            [
              -46.00499,
              -23.702458
            ],
            [
              -46.000311,
              -23.701862
            ],
            [
              -45.998878,
              -23.701808
            ],
            [
              -45.995436,
              -23.700721
            ],
            [
              -45.99351,
              -23.699915
            ],
            [
              -45.989042,
              -23.698505
            ],
            [
              -45.988165,
              -23.698312
            ],
            [
              -45.9863,
              -23.697723
            ],
            [
              -45.984374,
              -23.696917
            ],
            [
              -45.980855,
              -23.695806
            ],
            [
              -45.980677,
              -23.695711
            ],
            [
              -45.978813,
              -23.694931
            ],
            [
              -45.978391,
              -23.694707
            ],
            [
              -45.974092,
              -23.692907
            ],
            [
              -45.973533,
              -23.692731
            ],
            [
              -45.972193,
              -23.691851
            ],
            [
              -45.9703,
              -23.690845
            ],
            [
              -45.968761,
              -23.689834
            ],
            [
              -45.96467,
              -23.687661
            ],
            [
              -45.960371,
              -23.685861
            ],
            [
              -45.955904,
              -23.684449
            ],
            [
              -45.95131,
              -23.68344
            ],
            [
              -45.946633,
              -23.682842
            ],
            [
              -45.941914,
              -23.682662
            ],
            [
              -45.938497,
              -23.682682
            ],
            [
              -45.933782,
              -23.68292
            ],
            [
              -45.929113,
              -23.683575
            ],
            [
              -45.924534,
              -23.68464
            ],
            [
              -45.921997,
              -23.685476
            ],
            [
              -45.921124,
              -23.685679
            ],
            [
              -45.916677,
              -23.687145
            ],
            [
              -45.915491,
              -23.687659
            ],
            [
              -45.911352,
              -23.687129
            ],
            [
              -45.906634,
              -23.686948
            ],
            [
              -45.896383,
              -23.687007
            ],
            [
              -45.891667,
              -23.687244
            ],
            [
              -45.886997,
              -23.687897
            ],
            [
              -45.882418,
              -23.688961
            ],
            [
              -45.877971,
              -23.690425
            ],
            [
              -45.873697,
              -23.692277
            ],
            [
              -45.873248,
              -23.692522
            ],
            [
              -45.871032,
              -23.693503
            ],
            [
              -45.866919,
              -23.695805
            ],
            [
              -45.863071,
              -23.698466
            ],
            [
              -45.859525,
              -23.701462
            ],
            [
              -45.856314,
              -23.704764
            ],
            [
              -45.85347,
              -23.708339
            ],
            [
              -45.851021,
              -23.712154
            ],
            [
              -45.848989,
              -23.716171
            ],
            [
              -45.847394,
              -23.720353
            ],
            [
              -45.846252,
              -23.724658
            ],
            [
              -45.845574,
              -23.729045
            ],
            [
              -45.845367,
              -23.733473
            ],
            [
              -45.845631,
              -23.737898
            ],
            [
              -45.846366,
              -23.742278
            ],
            [
              -45.847564,
              -23.74657
            ],
            [
              -45.849213,
              -23.750734
            ],
            [
              -45.851297,
              -23.754728
            ],
            [
              -45.853797,
              -23.758516
            ],
            [
              -45.856689,
              -23.762059
            ],
            [
              -45.859944,
              -23.765325
            ],
            [
              -45.863531,
              -23.768281
            ],
            [
              -45.867416,
              -23.770899
            ],
            [
              -45.871561,
              -23.773154
            ],
            [
              -45.875927,
              -23.775024
            ],
            [
              -45.880471,
              -23.776492
            ],
            [
              -45.885149,
              -23.777542
            ],
            [
              -45.889917,
              -23.778164
            ],
            [
              -45.894728,
              -23.778354
            ],
            [
              -45.895868,
              -23.778348
            ],
            [
              -45.900587,
              -23.778111
            ],
            [
              -45.902134,
              -23.777894
            ],
            [
              -45.903684,
              -23.778093
            ],
            [
              -45.908406,
              -23.778274
            ],
            [
              -45.908458,
              -23.778274
            ],
            [
              -45.909268,
              -23.778452
            ],
            [
              -45.913949,
              -23.779051
            ],
            [
              -45.918671,
              -23.779232
            ],
            [
              -45.92665,
              -23.779185
            ],
            [
              -45.931369,
              -23.778947
            ],
            [
              -45.936041,
              -23.778292
            ],
            [
              -45.938407,
              -23.777742
            ],
            [
              -45.939063,
              -23.777949
            ],
            [
              -45.939241,
              -23.778044
            ],
            [
              -45.941106,
              -23.778825
            ],
            [
              -45.941528,
              -23.779049
            ],
            [
              -45.94583,
              -23.78085
            ],
            [
              -45.949617,
              -23.782046
            ],
            [
              -45.951544,
              -23.782852
            ],
            [
              -45.956014,
              -23.784264
            ],
            [
              -45.956891,
              -23.784456
            ],
            [
              -45.958758,
              -23.785046
            ],
            [
              -45.960685,
              -23.785852
            ],
            [
              -45.96136,
              -23.786065
            ],
            [
              -45.963244,
              -23.787065
            ],
            [
              -45.967547,
              -23.788866
            ],
            [
              -45.972018,
              -23.790277
            ],
            [
              -45.976615,
              -23.791285
            ],
            [
              -45.981297,
              -23.791882
            ],
            [
              -45.985375,
              -23.792037
            ],
            [
              -45.989139,
              -23.793224
            ],
            [
              -45.993737,
              -23.794232
            ],
            [
              -45.998419,
              -23.794828
            ],
            [
              -46.003142,
              -23.795007
            ],
            [
              -46.012261,
              -23.794948
            ],
            [
              -46.016115,
              -23.794751
            ],
            [
              -46.017683,
              -23.795095
            ],
            [
              -46.02013,
              -23.795406
            ],
            [
              -46.02222,
              -23.796065
            ],
            [
              -46.026495,
              -23.797001
            ],
            [
              -46.028032,
              -23.797644
            ],
            [
              -46.032504,
              -23.799053
            ],
            [
              -46.033381,
              -23.799245
            ],
            [
              -46.035932,
              -23.800049
            ],
            [
              -46.036809,
              -23.800241
            ],
            [
              -46.03936,
              -23.801045
            ],
            [
              -46.04144,
              -23.8015
            ],
            [
              -46.041744,
              -23.801627
            ],
            [
              -46.046216,
              -23.803036
            ],
            [
              -46.047093,
              -23.803228
            ],
            [
              -46.049644,
              -23.804031
            ],
            [
              -46.051724,
              -23.804486
            ],
            [
              -46.052028,
              -23.804613
            ],
            [
              -46.056501,
              -23.806022
            ],
            [
              -46.057378,
              -23.806214
            ],
            [
              -46.059929,
              -23.807017
            ],
            [
              -46.062009,
              -23.807472
            ],
            [
              -46.062313,
              -23.807599
            ],
            [
              -46.066785,
              -23.809008
            ],
            [
              -46.071384,
              -23.810013
            ],
            [
              -46.071514,
              -23.81003
            ],
            [
              -46.072231,
              -23.810186
            ],
            [
              -46.074098,
              -23.810774
            ],
            [
              -46.076027,
              -23.811579
            ],
            [
              -46.0805,
              -23.812987
            ],
            [
              -46.082579,
              -23.813442
            ],
            [
              -46.082884,
              -23.813569
            ],
            [
              -46.087357,
              -23.814977
            ],
            [
              -46.088234,
              -23.815168
            ],
            [
              -46.090786,
              -23.815971
            ],
            [
              -46.091475,
              -23.816122
            ],
            [
              -46.094591,
              -23.817772
            ],
            [
              -46.096457,
              -23.818551
            ],
            [
              -46.09688,
              -23.818774
            ],
            [
              -46.101185,
              -23.820571
            ],
            [
              -46.105658,
              -23.821978
            ],
            [
              -46.106536,
              -23.822169
            ],
            [
              -46.109087,
              -23.822972
            ],
            [
              -46.109965,
              -23.823163
            ],
            [
              -46.111832,
              -23.823751
            ],
            [
              -46.113761,
              -23.824555
            ],
            [
              -46.118235,
              -23.825962
            ],
            [
              -46.120315,
              -23.826416
            ],
            [
              -46.120619,
              -23.826543
            ],
            [
              -46.121456,
              -23.826806
            ],
            [
              -46.121983,
              -23.82727
            ],
            [
              -46.123132,
              -23.82828
            ],
            [
              -46.126703,
              -23.83113
            ],
            [
              -46.130555,
              -23.833651
            ],
            [
              -46.133803,
              -23.83537
            ],
            [
              -46.134464,
              -23.837674
            ],
            [
              -46.136183,
              -23.841901
            ],
            [
              -46.138353,
              -23.84595
            ],
            [
              -46.138689,
              -23.846445
            ],
            [
              -46.138749,
              -23.846558
            ],
            [
              -46.139114,
              -23.847827
            ],
            [
              -46.140833,
              -23.852055
            ],
            [
              -46.143003,
              -23.856103
            ],
            [
              -46.145602,
              -23.859931
            ],
            [
              -46.148604,
              -23.863502
            ],
            [
              -46.151978,
              -23.86678
            ],
            [
              -46.153128,
              -23.86779
            ],
            [
              -46.154277,
              -23.8688
            ],
            [
              -46.155427,
              -23.86981
            ],
            [
              -46.158999,
              -23.87266
            ],
            [
              -46.162854,
              -23.87518
            ],
            [
              -46.166954,
              -23.877347
            ],
            [
              -46.171262,
              -23.879142
            ],
            [
              -46.175738,
              -23.880546
            ],
            [
              -46.18034,
              -23.881549
            ],
            [
              -46.185026,
              -23.882139
            ],
            [
              -46.185557,
              -23.882159
            ],
            [
              -46.187193,
              -23.882515
            ],
            [
              -46.18769,
              -23.882577
            ],
            [
              -46.189643,
              -23.88319
            ],
            [
              -46.189821,
              -23.883285
            ],
            [
              -46.191751,
              -23.884088
            ],
            [
              -46.194892,
              -23.886141
            ],
            [
              -46.198993,
              -23.888307
            ],
            [
              -46.203302,
              -23.8901
            ],
            [
              -46.207779,
              -23.891504
            ],
            [
              -46.212382,
              -23.892506
            ],
            [
              -46.217068,
              -23.893095
            ],
            [
              -46.221794,
              -23.893267
            ],
            [
              -46.226357,
              -23.893231
            ],
            [
              -46.227545,
              -23.893169
            ],
            [
              -46.227558,
              -23.893175
            ],
            [
              -46.229426,
              -23.893953
            ],
            [
              -46.229849,
              -23.894176
            ],
            [
              -46.234158,
              -23.895968
            ],
            [
              -46.238635,
              -23.897371
            ],
            [
              -46.243239,
              -23.898372
            ],
            [
              -46.247385,
              -23.898892
            ],
            [
              -46.249375,
              -23.900477
            ],
            [
              -46.253232,
              -23.902995
            ],
            [
              -46.257334,
              -23.905159
            ],
            [
              -46.261644,
              -23.906951
            ],
            [
              -46.266122,
              -23.908353
            ],
            [
              -46.267,
              -23.908544
            ],
            [
              -46.269554,
              -23.909344
            ],
            [
              -46.270408,
              -23.909529
            ],
            [
              -46.273418,
              -23.910446
            ],
            [
              -46.27812,
              -23.911421
            ],
            [
              -46.282903,
              -23.911967
            ],
            [
              -46.287721,
              -23.91208
            ],
            [
              -46.292528,
              -23.911758
            ],
            [
              -46.297278,
              -23.911004
            ],
            [
              -46.301924,
              -23.909825
            ],
            [
              -46.306422,
              -23.908233
            ],
            [
              -46.310729,
              -23.906244
            ],
            [
              -46.314802,
              -23.903876
            ],
            [
              -46.318604,
              -23.901152
            ],
            [
              -46.322096,
              -23.898098
            ],
            [
              -46.325246,
              -23.894745
            ],
            [
              -46.328023,
              -23.891124
            ],
            [
              -46.330401,
              -23.88727
            ],
            [
              -46.332356,
              -23.88322
            ],
            [
              -46.33387,
              -23.879013
            ],
            [
              -46.334928,
              -23.87469
            ],
            [
              -46.335521,
              -23.870293
            ],
            [
              -46.335641,
              -23.865863
            ],
            [
              -46.33529,
              -23.861444
            ],
            [
              -46.334468,
              -23.857078
            ],
            [
              -46.333186,
              -23.852807
            ],
            [
              -46.331455,
              -23.848672
            ],
            [
              -46.329291,
              -23.844713
            ],
            [
              -46.326716,
              -23.840968
            ],
            [
              -46.323755,
              -23.837473
            ],
            [
              -46.320435,
              -23.834262
            ],
            [
              -46.32012,
              -23.833985
            ]
          ]
        ]
      },
      "properties": {
        "id": 4,
        "nome": "Santos-Bertioga",
        "rodovia": "SP-055",
        "km_inicial": 191.4,
        "km_final": 248.1,
        "extensao_km_oficial": 56.7,
        "municipios": [
          "Bertioga",
          "Santos"
        ],
        "k_geo": 1000,
        "cpc_breaks": [
          1,
          4,
          8,
          16
        ],
        "hid24h_breaks": [
          150,
          200,
          230,
          300
        ],
        "buffer_m": 5000,
        "comprimento_eixo_km": 50.037,
        "area_km2": 538.864,
        "fonte": "Figura 3.2.1-1 do PRODUTO 7 (Plano de Contingência), pg 18, raster vetorizado por segmentação de cor; buffer lateral 5000m"
      }
    }
  ]
}